seed,sensor,V,B,pipe,scene,T,px,py,pz,dist,Tw,wx,wy,wz,wdist
1,far,inf,1e+14,P1,empty,2.751173e+04,4.650,1.050,5.650,-1.0000,8.89281,4.650,1.050,5.650,-1.0000
1,far,inf,1e+14,P1,person,2.483947e+04,4.650,1.050,5.650,3.6411,8.02903,4.650,1.050,5.650,3.6411
1,far,inf,1e+14,P1,vehicle,2.631794e+04,4.450,0.850,5.450,4.5909,7.89752,4.650,1.050,5.650,4.4403
1,far,inf,1e+14,P2,empty,1.440309e+04,4.850,0.350,4.850,-1.0000,3.41189,4.850,0.350,4.850,-1.0000
1,far,inf,1e+14,P2,person,1.236617e+04,4.650,4.150,5.550,4.3426,4.04633,10.050,0.550,3.450,1.9456
1,far,inf,1e+14,P2,vehicle,1.120057e+04,4.350,4.150,5.050,5.1913,3.37780,8.250,1.850,4.150,0.7036
1,far,inf,1e+15,P1,empty,2.432203e+05,4.550,1.050,5.650,-1.0000,24.51142,4.550,1.050,5.650,-1.0000
1,far,inf,1e+15,P1,person,2.476835e+05,4.550,1.050,5.650,3.7240,24.96122,4.550,1.050,5.650,3.7240
1,far,inf,1e+15,P1,vehicle,2.425123e+05,4.550,1.050,5.650,4.5372,24.44007,4.550,1.050,5.650,4.5372
1,far,inf,1e+15,P2,empty,3.877301e+04,5.050,1.750,3.350,-1.0000,4.41184,5.050,1.750,3.350,-1.0000
1,far,inf,1e+15,P2,person,5.180954e+04,7.450,1.250,3.150,0.2495,5.76296,7.450,1.250,3.150,0.2495
1,far,inf,1e+15,P2,vehicle,4.293832e+04,4.350,4.450,5.050,5.3338,3.90539,12.250,0.950,3.450,0.7981
1,far,inf,1e+16,P1,empty,2.413031e+06,4.550,1.050,5.650,-1.0000,76.90093,4.550,1.050,5.650,-1.0000
1,far,inf,1e+16,P1,person,2.360624e+06,4.550,1.050,5.650,3.7240,75.23079,4.550,1.050,5.650,3.7240
1,far,inf,1e+16,P1,vehicle,2.372082e+06,4.550,1.050,5.650,4.5372,76.47305,4.650,1.050,5.650,4.4403
1,far,inf,1e+16,P2,empty,1.156901e+05,4.650,3.550,5.350,-1.0000,3.58800,10.750,0.750,2.450,-1.0000
1,far,inf,1e+16,P2,person,3.914866e+05,7.650,1.350,3.350,0.0044,13.91159,7.650,1.350,3.350,0.0044
1,far,inf,1e+16,P2,vehicle,1.276875e+05,5.050,3.450,5.650,4.3769,3.88760,12.450,3.450,2.250,2.0878
1,far,inf,1e+17,P1,empty,2.379885e+07,4.550,1.050,5.650,-1.0000,239.84157,4.550,1.050,5.650,-1.0000
1,far,inf,1e+17,P1,person,2.375296e+07,4.550,1.050,5.650,3.7240,239.85768,4.650,1.050,5.650,3.6411
1,far,inf,1e+17,P1,vehicle,2.389153e+07,4.550,1.050,5.650,4.5372,240.77560,4.550,1.050,5.650,4.5372
1,far,inf,1e+17,P2,empty,3.599558e+05,5.050,0.350,4.850,-1.0000,3.74680,6.850,1.050,4.350,-1.0000
1,far,inf,1e+17,P2,person,3.386507e+06,7.650,1.350,3.350,0.0044,38.05503,7.650,1.350,3.350,0.0044
1,far,inf,1e+17,P2,vehicle,7.022728e+05,9.050,1.250,4.750,0.2000,8.68523,9.050,1.250,4.750,0.2000
1,far,50,1e+14,P1,empty,4.712226e+03,4.450,0.850,5.450,-1.0000,3.50266,7.050,3.550,5.450,-1.0000
1,far,50,1e+14,P1,person,5.442365e+03,4.650,0.950,5.550,3.5855,4.03837,4.650,0.950,5.550,3.5855
1,far,50,1e+14,P1,vehicle,4.880693e+03,4.750,1.350,5.650,4.3435,3.78582,6.050,2.650,1.550,3.3754
1,far,50,1e+14,P2,empty,4.890843e+03,4.550,0.950,4.850,-1.0000,3.63035,8.050,1.950,3.450,-1.0000
1,far,50,1e+14,P2,person,4.516849e+03,4.450,3.550,5.650,4.2334,3.79712,4.850,4.150,2.450,3.8181
1,far,50,1e+14,P2,vehicle,5.461847e+03,4.750,0.950,5.550,4.3192,3.62455,10.650,3.550,5.050,1.8200
1,far,50,1e+15,P1,empty,3.230618e+04,4.650,0.950,5.550,-1.0000,7.58060,4.650,0.950,5.550,-1.0000
1,far,50,1e+15,P1,person,3.343254e+04,4.550,0.850,5.450,3.6174,7.85244,4.550,0.850,5.450,3.6174
1,far,50,1e+15,P1,vehicle,3.623754e+04,4.550,0.950,5.550,4.5140,8.39909,4.550,0.950,5.550,4.5140
1,far,50,1e+15,P2,empty,1.483441e+04,4.450,4.250,4.950,-1.0000,3.46309,9.750,3.850,4.350,-1.0000
1,far,50,1e+15,P2,person,1.782546e+04,4.350,4.450,5.150,4.5723,3.57645,11.250,4.550,3.950,4.2597
1,far,50,1e+15,P2,vehicle,1.653572e+04,4.350,4.550,5.050,5.3842,3.87138,6.550,3.750,4.050,3.0938
1,far,50,1e+16,P1,empty,2.859978e+05,4.650,1.050,5.650,-1.0000,20.98197,4.650,1.050,5.650,-1.0000
1,far,50,1e+16,P1,person,3.036897e+05,4.450,0.850,5.450,3.7036,21.88162,4.450,0.850,5.450,3.7036
1,far,50,1e+16,P1,vehicle,3.013452e+05,4.450,0.850,5.450,4.5909,22.46395,4.650,0.850,5.450,4.3950
1,far,50,1e+16,P2,empty,5.700404e+04,4.450,4.050,5.550,-1.0000,3.56362,10.250,1.950,2.950,-1.0000
1,far,50,1e+16,P2,person,5.136128e+04,4.650,0.950,5.550,3.5855,4.15940,8.450,1.450,4.850,1.3036
1,far,50,1e+16,P2,vehicle,5.087227e+04,4.850,1.350,5.650,4.2468,3.75674,10.050,0.650,4.450,0.0000
1,far,50,1e+17,P1,empty,2.989185e+06,4.450,0.850,5.450,-1.0000,68.10868,4.450,0.850,5.450,-1.0000
1,far,50,1e+17,P1,person,2.968046e+06,4.450,0.850,5.450,3.7036,67.62702,4.450,0.850,5.450,3.7036
1,far,50,1e+17,P1,vehicle,2.976316e+06,4.450,0.850,5.450,4.5909,67.81548,4.450,0.850,5.450,4.5909
1,far,50,1e+17,P2,empty,1.534633e+05,4.550,4.050,5.350,-1.0000,3.69477,12.050,1.750,4.450,-1.0000
1,far,50,1e+17,P2,person,2.651296e+05,7.650,1.350,3.350,0.0044,10.57449,7.650,1.350,3.350,0.0044
1,far,50,1e+17,P2,vehicle,1.402195e+05,4.450,0.450,5.150,4.5417,4.08180,8.950,1.050,4.450,0.0019
1,far,30,1e+14,P1,empty,1.965863e+03,4.750,1.650,5.050,-1.0000,3.73030,11.550,1.250,1.450,-1.0000
1,far,30,1e+14,P1,person,1.892722e+03,4.550,2.350,5.150,3.5332,3.80772,12.250,1.450,1.750,4.4235
1,far,30,1e+14,P1,vehicle,2.146481e+03,4.750,0.750,5.450,4.2972,3.78475,12.250,3.850,2.750,2.2203
1,far,30,1e+14,P2,empty,3.712708e+03,4.350,0.650,5.350,-1.0000,3.56009,8.150,1.150,4.550,-1.0000
1,far,30,1e+14,P2,person,2.963563e+03,4.450,0.850,5.450,3.7036,3.52503,12.150,2.150,2.750,4.1066
1,far,30,1e+14,P2,vehicle,3.136215e+03,4.650,1.450,5.350,4.3756,4.37136,10.350,0.450,2.250,0.8000
1,far,30,1e+15,P1,empty,1.050622e+04,4.450,0.850,5.450,-1.0000,4.34166,4.450,0.850,5.450,-1.0000
1,far,30,1e+15,P1,person,9.388986e+03,4.550,1.050,5.650,3.7240,3.73397,4.550,1.050,5.650,3.7240
1,far,30,1e+15,P1,vehicle,1.217493e+04,4.650,0.850,5.450,4.3950,5.31358,4.650,0.850,5.450,4.3950
1,far,30,1e+15,P2,empty,8.581826e+03,4.850,4.350,5.550,-1.0000,3.45651,13.050,1.050,4.250,-1.0000
1,far,30,1e+15,P2,person,9.994601e+03,4.650,3.250,5.650,3.9573,3.76342,6.050,3.050,3.050,2.1108
1,far,30,1e+15,P2,vehicle,1.100583e+04,4.650,1.150,5.650,4.4403,3.68265,8.650,1.250,5.450,0.9493
1,far,30,1e+16,P1,empty,8.468716e+04,4.650,0.950,5.550,-1.0000,11.26835,4.650,0.950,5.550,-1.0000
1,far,30,1e+16,P1,person,7.693788e+04,4.450,0.850,5.450,3.7036,10.41941,4.650,0.850,5.450,3.5319
1,far,30,1e+16,P1,vehicle,8.257470e+04,4.450,0.850,5.450,4.5909,10.79087,4.450,0.850,5.450,4.5909
1,far,30,1e+16,P2,empty,3.517531e+04,4.450,2.550,5.650,-1.0000,3.47701,10.850,1.450,4.750,-1.0000
1,far,30,1e+16,P2,person,3.116001e+04,4.350,0.750,5.650,3.8923,3.54833,11.150,3.050,2.250,3.4909
1,far,30,1e+16,P2,vehicle,2.560780e+04,4.550,4.550,5.250,5.2373,3.51806,10.650,0.350,2.750,0.3000
1,far,30,1e+17,P1,empty,7.696139e+05,4.450,0.850,5.450,-1.0000,31.80403,4.450,0.850,5.450,-1.0000
1,far,30,1e+17,P1,person,7.646821e+05,4.450,0.850,5.450,3.7036,31.60022,4.450,0.850,5.450,3.7036
1,far,30,1e+17,P1,vehicle,7.898290e+05,4.450,0.850,5.450,4.5909,32.63941,4.450,0.850,5.450,4.5909
1,far,30,1e+17,P2,empty,8.436819e+04,4.350,3.750,5.450,-1.0000,4.05637,9.950,3.050,2.150,-1.0000
1,far,30,1e+17,P2,person,9.638044e+04,4.450,4.150,5.350,4.3997,5.17642,7.750,1.250,3.650,0.0569
1,far,30,1e+17,P2,vehicle,8.789614e+04,4.650,1.450,5.650,4.4403,3.78442,7.250,4.050,1.650,3.1494
1,far,20,1e+14,P1,empty,7.849293e+02,4.950,1.350,5.250,-1.0000,3.59279,13.050,1.850,2.750,-1.0000
1,far,20,1e+14,P1,person,8.541722e+02,4.450,4.050,5.050,4.2324,3.76395,7.450,3.750,4.550,2.2716
1,far,20,1e+14,P1,vehicle,9.141171e+02,4.750,1.350,5.250,4.2598,3.60882,5.550,4.250,3.450,4.1923
1,far,20,1e+14,P2,empty,1.568816e+03,4.650,1.650,5.650,-1.0000,3.87660,12.350,1.050,5.350,-1.0000
1,far,20,1e+14,P2,person,1.190329e+03,4.350,1.250,5.650,3.8923,3.69879,13.550,1.450,4.850,5.5888
1,far,20,1e+14,P2,vehicle,1.199534e+03,4.650,0.450,5.250,4.3584,3.87522,10.850,1.150,5.550,1.0000
1,far,20,1e+15,P1,empty,3.172178e+03,4.350,0.950,5.350,-1.0000,3.60174,7.550,3.850,3.750,-1.0000
1,far,20,1e+15,P1,person,2.967260e+03,4.350,0.950,5.550,3.8404,4.08123,8.150,4.150,3.650,2.4511
1,far,20,1e+15,P1,vehicle,3.045466e+03,4.650,0.750,5.450,4.3950,3.60775,13.150,3.050,3.350,2.1086
1,far,20,1e+15,P2,empty,3.608175e+03,4.450,3.750,5.350,-1.0000,3.89539,11.050,2.550,3.650,-1.0000
1,far,20,1e+15,P2,person,3.719570e+03,4.650,1.550,5.650,3.6411,3.70969,7.950,1.650,3.150,0.1431
1,far,20,1e+15,P2,vehicle,3.641447e+03,4.350,3.650,5.450,5.0408,3.47113,10.350,1.650,5.150,0.6000
1,far,20,1e+16,P1,empty,1.879140e+04,4.450,0.850,5.450,-1.0000,5.15592,4.450,0.850,5.450,-1.0000
1,far,20,1e+16,P1,person,2.005538e+04,4.650,0.950,5.550,3.5855,5.53812,4.650,0.950,5.550,3.5855
1,far,20,1e+16,P1,vehicle,1.772460e+04,4.350,0.850,5.450,4.6890,4.84533,4.350,0.850,5.450,4.6890
1,far,20,1e+16,P2,empty,1.285730e+04,4.750,1.850,5.650,-1.0000,3.97024,9.050,2.050,4.850,-1.0000
1,far,20,1e+16,P2,person,1.238535e+04,4.750,0.450,5.050,3.2493,3.54435,12.350,4.650,4.150,5.1998
1,far,20,1e+16,P2,vehicle,1.542438e+04,4.850,1.050,5.550,4.2220,3.92640,5.950,3.550,5.450,3.5894
1,far,20,1e+17,P1,empty,1.382955e+05,4.350,0.350,5.450,-1.0000,12.46361,4.350,0.350,5.450,-1.0000
1,far,20,1e+17,P1,person,1.596353e+05,4.450,0.850,5.450,3.7036,13.85083,4.450,0.850,5.450,3.7036
1,far,20,1e+17,P1,vehicle,1.538368e+05,4.450,0.850,5.450,4.5909,13.34772,4.450,0.850,5.450,4.5909
1,far,20,1e+17,P2,empty,3.928248e+04,5.450,2.450,5.650,-1.0000,3.59406,5.450,2.450,5.650,-1.0000
1,far,20,1e+17,P2,person,4.083982e+04,4.550,1.150,4.950,3.3880,3.45146,7.850,1.250,3.650,0.0569
1,far,20,1e+17,P2,vehicle,4.339031e+04,4.850,2.150,5.650,4.2612,3.55489,7.650,4.650,1.850,3.3552
1,far,15,1e+14,P1,empty,4.807252e+02,4.450,0.750,5.450,-1.0000,3.74241,7.750,0.550,2.750,-1.0000
1,far,15,1e+14,P1,person,5.395040e+02,5.150,0.750,5.650,3.2408,3.60630,5.150,0.750,5.650,3.2408
1,far,15,1e+14,P1,vehicle,4.675093e+02,4.750,3.550,5.650,4.6828,3.69147,11.050,1.350,1.950,1.1000
1,far,15,1e+14,P2,empty,6.010953e+02,4.550,1.850,5.250,-1.0000,3.70887,7.150,0.950,4.950,-1.0000
1,far,15,1e+14,P2,person,6.598215e+02,4.850,0.750,5.450,3.3635,3.72954,9.150,2.650,5.250,2.1774
1,far,15,1e+14,P2,vehicle,6.163268e+02,5.250,4.150,5.650,4.5207,3.52586,11.950,1.750,4.950,0.6389
1,far,15,1e+15,P1,empty,1.312583e+03,4.450,4.050,5.550,-1.0000,3.83747,6.150,0.850,1.650,-1.0000
1,far,15,1e+15,P1,person,1.289281e+03,4.750,1.050,5.350,3.3945,3.59162,13.150,1.150,3.350,5.0456
1,far,15,1e+15,P1,vehicle,1.368478e+03,4.350,0.750,5.250,4.6548,3.83982,8.550,4.250,2.150,2.6408
1,far,15,1e+15,P2,empty,2.302664e+03,4.450,1.650,5.550,-1.0000,3.41276,10.250,4.450,3.650,-1.0000
1,far,15,1e+15,P2,person,2.002647e+03,5.250,0.850,5.650,3.1642,3.55672,8.650,4.450,5.650,3.4772
1,far,15,1e+15,P2,vehicle,1.938286e+03,4.550,0.950,5.450,4.4929,3.58766,8.350,4.250,5.650,2.7522
1,far,15,1e+16,P1,empty,5.654747e+03,4.650,0.450,5.250,-1.0000,3.76062,8.650,1.650,4.950,-1.0000
1,far,15,1e+16,P1,person,7.148191e+03,4.350,4.150,5.450,4.5133,4.18576,4.350,4.150,5.450,4.5133
1,far,15,1e+16,P1,vehicle,4.638867e+03,4.550,0.650,5.250,4.4572,4.05238,4.750,4.450,3.350,4.9677
1,far,15,1e+16,P2,empty,6.937338e+03,4.550,2.150,5.650,-1.0000,3.78557,10.050,3.550,5.250,-1.0000
1,far,15,1e+16,P2,person,6.180956e+03,4.750,3.050,5.150,3.5612,3.69538,11.350,2.250,4.250,3.3568
1,far,15,1e+16,P2,vehicle,6.084349e+03,4.450,1.250,5.450,4.5909,3.81085,4.750,0.750,2.450,4.2445
1,far,15,1e+17,P1,empty,2.895974e+04,4.650,0.850,5.450,-1.0000,5.38740,4.650,0.850,5.450,-1.0000
1,far,15,1e+17,P1,person,3.153706e+04,4.350,0.350,5.450,3.7904,5.87444,4.350,0.350,5.450,3.7904
1,far,15,1e+17,P1,vehicle,2.857006e+04,4.550,0.950,5.550,4.5140,5.18996,4.750,0.850,5.450,4.2972
1,far,15,1e+17,P2,empty,2.065612e+04,4.450,0.450,5.450,-1.0000,3.32952,11.050,4.650,5.150,-1.0000
1,far,15,1e+17,P2,person,1.980216e+04,4.550,0.950,5.550,3.6697,3.52124,10.750,1.950,4.650,2.8599
1,far,15,1e+17,P2,vehicle,1.685569e+04,4.350,1.650,5.350,4.6709,3.64888,11.550,3.950,4.950,2.1891
1,far,10,1e+14,P1,empty,2.273527e+02,10.950,3.850,5.650,-1.0000,3.53626,10.950,3.850,5.650,-1.0000
1,far,10,1e+14,P1,person,2.339364e+02,5.550,4.650,4.750,3.8039,3.60129,5.550,4.650,4.750,3.8039
1,far,10,1e+14,P1,vehicle,2.602861e+02,5.250,0.350,5.450,3.8097,3.82203,5.250,0.350,5.450,3.8097
1,far,10,1e+14,P2,empty,3.357931e+02,4.650,3.850,1.650,-1.0000,3.70752,4.650,3.850,1.650,-1.0000
1,far,10,1e+14,P2,person,3.497783e+02,8.050,0.450,5.150,1.5569,3.84929,8.050,0.450,5.150,1.5569
1,far,10,1e+14,P2,vehicle,3.920367e+02,4.650,2.650,5.650,4.5209,3.71605,4.650,2.650,5.650,4.5209
1,far,10,1e+15,P1,empty,8.120504e+02,7.250,3.950,3.550,-1.0000,3.99639,7.250,3.950,3.550,-1.0000
1,far,10,1e+15,P1,person,7.287039e+02,7.250,2.650,4.050,1.1291,3.58407,7.250,2.650,4.050,1.1291
1,far,10,1e+15,P1,vehicle,7.320787e+02,7.050,1.650,2.950,1.9045,3.59194,7.050,1.650,2.950,1.9045
1,far,10,1e+15,P2,empty,1.075865e+03,4.450,1.650,5.550,-1.0000,3.47829,12.650,3.950,4.950,-1.0000
1,far,10,1e+15,P2,person,1.091099e+03,5.050,0.850,2.750,2.6604,3.81537,5.050,0.850,2.750,2.6604
1,far,10,1e+15,P2,vehicle,1.104938e+03,5.650,3.150,5.050,3.6021,3.74948,5.650,3.150,5.050,3.6021
1,far,10,1e+16,P1,empty,2.235468e+03,4.450,0.450,4.550,-1.0000,3.45218,8.250,1.750,4.050,-1.0000
1,far,10,1e+16,P1,person,2.260868e+03,9.250,1.550,4.450,1.4307,3.52896,9.250,1.550,4.450,1.4307
1,far,10,1e+16,P1,vehicle,2.334203e+03,9.450,3.150,3.450,1.3500,3.63637,9.450,3.150,3.450,1.3500
1,far,10,1e+16,P2,empty,3.957403e+03,6.850,0.650,1.450,-1.0000,4.34236,6.850,0.650,1.450,-1.0000
1,far,10,1e+16,P2,person,3.095542e+03,9.950,1.750,5.350,2.5487,3.43756,9.950,1.750,5.350,2.5487
1,far,10,1e+16,P2,vehicle,3.308727e+03,12.550,2.850,4.050,1.5193,3.69426,12.550,2.850,4.050,1.5193
1,far,10,1e+17,P1,empty,6.938606e+03,7.650,0.750,3.150,-1.0000,3.43058,7.650,0.750,3.150,-1.0000
1,far,10,1e+17,P1,person,6.950156e+03,12.850,2.550,4.950,5.0085,3.44217,12.850,2.550,4.950,5.0085
1,far,10,1e+17,P1,vehicle,7.110002e+03,8.450,1.350,5.450,1.0305,3.50733,8.450,1.350,5.450,1.0305
1,far,10,1e+17,P2,empty,1.078232e+04,9.150,2.450,2.650,-1.0000,3.75030,9.150,2.450,2.650,-1.0000
1,far,10,1e+17,P2,person,1.087960e+04,5.050,1.350,2.650,2.6826,3.79750,5.050,1.350,2.650,2.6826
1,far,10,1e+17,P2,vehicle,1.008924e+04,6.450,3.050,4.150,2.7968,3.50786,6.450,3.050,4.150,2.7968
1,far,5,1e+14,P1,empty,2.278172e+02,6.750,1.150,4.750,-1.0000,3.56454,6.750,1.150,4.750,-1.0000
1,far,5,1e+14,P1,person,2.202675e+02,8.650,1.950,2.150,1.2910,3.44083,8.650,1.950,2.150,1.2910
1,far,5,1e+14,P1,vehicle,2.222248e+02,10.850,1.050,4.650,0.1000,3.47074,8.950,3.150,3.050,1.3500
1,far,5,1e+14,P2,empty,2.971442e+02,7.550,4.650,4.050,-1.0000,3.29203,7.550,4.650,4.050,-1.0000
1,far,5,1e+14,P2,person,3.277266e+02,4.950,4.250,4.850,3.9238,3.63965,4.950,4.250,4.850,3.9238
1,far,5,1e+14,P2,vehicle,3.367112e+02,6.650,2.650,5.450,2.6136,3.72828,6.650,2.650,5.450,2.6136
1,far,5,1e+15,P1,empty,7.923781e+02,5.650,3.750,4.150,-1.0000,3.92375,5.650,3.750,4.150,-1.0000
1,far,5,1e+15,P1,person,7.494734e+02,7.050,3.150,4.650,1.8934,3.70661,7.050,3.150,4.650,1.8934
1,far,5,1e+15,P1,vehicle,8.935908e+02,8.450,2.750,5.650,1.5377,4.42849,8.450,2.750,5.650,1.5377
1,far,5,1e+15,P2,empty,1.052603e+03,9.550,0.850,4.750,-1.0000,3.65559,9.550,0.850,4.750,-1.0000
1,far,5,1e+15,P2,person,1.053256e+03,11.850,2.950,1.850,4.2041,3.67301,11.850,2.950,1.850,4.2041
1,far,5,1e+15,P2,vehicle,9.711410e+02,11.650,4.350,1.750,2.8691,3.40036,11.650,4.350,1.750,2.8691
1,far,5,1e+16,P1,empty,2.324647e+03,9.650,3.450,2.850,-1.0000,3.63281,9.650,3.450,2.850,-1.0000
1,far,5,1e+16,P1,person,2.384902e+03,12.350,1.850,4.650,4.3778,3.71187,12.350,1.850,4.650,4.3778
1,far,5,1e+16,P1,vehicle,2.244624e+03,5.550,4.150,4.950,4.1539,3.53022,5.550,4.150,4.950,4.1539
1,far,5,1e+16,P2,empty,3.457753e+03,11.650,3.250,3.250,-1.0000,3.81522,11.650,3.250,3.250,-1.0000
1,far,5,1e+16,P2,person,3.503980e+03,7.950,1.850,5.250,1.6637,3.87652,7.950,1.850,5.250,1.6637
1,far,5,1e+16,P2,vehicle,3.333672e+03,11.550,2.150,3.150,0.3635,3.69145,11.550,2.150,3.150,0.3635
1,far,5,1e+17,P1,empty,7.338214e+03,12.550,2.150,5.450,-1.0000,3.62614,12.550,2.150,5.450,-1.0000
1,far,5,1e+17,P1,person,7.305019e+03,11.150,3.750,1.850,3.9447,3.62403,11.150,3.750,1.850,3.9447
1,far,5,1e+17,P1,vehicle,7.651120e+03,5.650,2.850,5.150,3.5164,3.79928,5.650,2.850,5.150,3.5164
1,far,5,1e+17,P2,empty,1.033905e+04,5.650,2.150,3.150,-1.0000,3.60230,5.650,2.150,3.150,-1.0000
1,far,5,1e+17,P2,person,1.107338e+04,4.850,3.050,5.250,3.5260,3.86448,4.850,3.050,5.250,3.5260
1,far,5,1e+17,P2,vehicle,1.047419e+04,10.650,4.350,5.050,2.5986,3.67541,10.650,4.350,5.050,2.5986
1,near,inf,1e+14,P1,empty,2.473227e+04,4.750,1.050,5.650,-1.0000,7.82057,4.750,1.050,5.650,-1.0000
1,near,inf,1e+14,P1,person,2.857886e+04,4.650,0.850,5.450,3.5319,8.91286,4.650,0.850,5.450,3.5319
1,near,inf,1e+14,P1,vehicle,2.586610e+04,4.550,1.050,5.650,4.5372,8.24328,4.550,1.050,5.650,4.5372
1,near,inf,1e+14,P2,empty,1.380037e+04,5.450,0.350,5.650,-1.0000,3.65204,4.850,2.850,5.050,-1.0000
1,near,inf,1e+14,P2,person,1.310795e+04,4.450,4.550,5.250,4.5974,3.70913,4.750,1.450,2.550,2.9979
1,near,inf,1e+14,P2,vehicle,1.472464e+04,5.250,0.650,5.250,3.7675,3.45481,8.650,1.350,3.050,0.3019
1,near,inf,1e+15,P1,empty,2.387966e+05,4.650,1.050,5.650,-1.0000,24.40891,4.650,1.050,5.650,-1.0000
1,near,inf,1e+15,P1,person,2.416303e+05,4.550,1.050,5.650,3.7240,24.35118,4.550,1.050,5.650,3.7240
1,near,inf,1e+15,P1,vehicle,2.311430e+05,4.550,1.050,5.650,4.5372,23.29429,4.550,1.050,5.650,4.5372
1,near,inf,1e+15,P2,empty,4.354000e+04,4.350,0.350,4.950,-1.0000,3.61884,13.350,1.850,4.950,-1.0000
1,near,inf,1e+15,P2,person,3.815759e+04,7.750,1.150,3.650,0.0569,4.28350,7.750,1.150,3.650,0.0569
1,near,inf,1e+15,P2,vehicle,3.992354e+04,4.750,2.250,4.950,4.2448,3.64302,7.850,3.050,5.150,1.7711
1,near,inf,1e+16,P1,empty,2.366842e+06,4.550,1.050,5.650,-1.0000,76.18192,4.650,1.050,5.650,-1.0000
1,near,inf,1e+16,P1,person,2.345882e+06,4.650,1.050,5.650,3.6411,75.82750,4.650,1.050,5.650,3.6411
1,near,inf,1e+16,P1,vehicle,2.403027e+06,4.550,1.050,5.650,4.5372,76.58211,4.550,1.050,5.650,4.5372
1,near,inf,1e+16,P2,empty,1.107669e+05,4.950,3.850,3.850,-1.0000,3.86074,11.850,2.450,5.250,-1.0000
1,near,inf,1e+16,P2,person,3.277672e+05,7.750,1.450,3.450,0.0000,11.51540,7.750,1.450,3.450,0.0000
1,near,inf,1e+16,P2,vehicle,1.548668e+05,4.950,4.650,5.250,4.9626,4.06257,8.950,1.550,3.150,0.0019
1,near,inf,1e+17,P1,empty,2.405434e+07,4.550,1.050,5.650,-1.0000,242.41641,4.550,1.050,5.650,-1.0000
1,near,inf,1e+17,P1,person,2.402568e+07,4.550,1.050,5.650,3.7240,242.12758,4.550,1.050,5.650,3.7240
1,near,inf,1e+17,P1,vehicle,2.404845e+07,4.550,1.050,5.650,4.5372,242.35709,4.550,1.050,5.650,4.5372
1,near,inf,1e+17,P2,empty,5.403268e+05,4.750,0.950,5.250,-1.0000,3.59304,4.750,0.950,5.250,-1.0000
1,near,inf,1e+17,P2,person,3.209088e+06,7.650,1.350,3.350,0.0044,36.06133,7.650,1.350,3.350,0.0044
1,near,inf,1e+17,P2,vehicle,7.387146e+05,8.950,1.450,3.150,0.0019,9.28080,8.950,1.450,3.150,0.0019
1,near,50,1e+14,P1,empty,9.224417e+03,4.550,1.050,5.650,-1.0000,4.14036,4.350,4.150,5.450,-1.0000
1,near,50,1e+14,P1,person,9.955145e+03,4.350,0.350,5.450,3.7904,4.37524,4.650,1.050,5.650,3.6411
1,near,50,1e+14,P1,vehicle,8.883680e+03,4.550,0.950,5.550,4.5140,4.08385,4.950,0.750,5.450,4.1018
1,near,50,1e+14,P2,empty,8.066848e+03,4.750,1.150,5.450,-1.0000,3.52996,9.150,3.450,3.150,-1.0000
1,near,50,1e+14,P2,person,7.059984e+03,5.050,0.350,5.350,3.1416,3.84618,10.950,1.350,3.050,2.8560
1,near,50,1e+14,P2,vehicle,7.383234e+03,4.650,1.150,5.350,4.3756,3.69765,9.350,0.950,4.550,0.0000
1,near,50,1e+15,P1,empty,8.141588e+04,4.550,0.950,5.550,-1.0000,11.42116,4.550,0.950,5.550,-1.0000
1,near,50,1e+15,P1,person,8.529659e+04,4.550,1.050,5.650,3.7240,11.72005,4.550,1.050,5.650,3.7240
1,near,50,1e+15,P1,vehicle,8.253380e+04,4.650,0.850,5.450,4.3950,11.98013,4.650,0.850,5.450,4.3950
1,near,50,1e+15,P2,empty,3.414330e+04,4.650,0.950,5.350,-1.0000,3.72610,9.850,3.750,5.550,-1.0000
1,near,50,1e+15,P2,person,2.587823e+04,4.350,3.250,4.550,3.7732,3.80427,12.450,2.150,2.250,4.4916
1,near,50,1e+15,P2,vehicle,2.454542e+04,5.150,1.750,5.450,3.9069,3.94787,4.750,0.350,1.950,4.3435
1,near,50,1e+16,P1,empty,7.911609e+05,4.450,0.850,5.450,-1.0000,34.47463,4.450,0.850,5.450,-1.0000
1,near,50,1e+16,P1,person,7.645819e+05,4.650,0.950,5.550,3.5855,34.35404,4.650,0.950,5.550,3.5855
1,near,50,1e+16,P1,vehicle,8.142759e+05,4.450,0.850,5.450,4.5909,35.48186,4.450,0.850,5.450,4.5909
1,near,50,1e+16,P2,empty,8.878502e+04,4.650,0.550,5.350,-1.0000,3.79657,8.550,3.250,2.850,-1.0000
1,near,50,1e+16,P2,person,8.915302e+04,4.450,1.350,5.650,3.8078,6.32004,7.850,1.150,3.750,0.1569
1,near,50,1e+16,P2,vehicle,7.763147e+04,4.450,0.750,4.950,4.5196,3.46254,10.150,0.850,5.650,1.1000
1,near,50,1e+17,P1,empty,7.910008e+06,4.450,0.850,5.450,-1.0000,108.99630,4.450,0.850,5.450,-1.0000
1,near,50,1e+17,P1,person,7.791586e+06,4.450,0.850,5.450,3.7036,107.36451,4.450,0.850,5.450,3.7036
1,near,50,1e+17,P1,vehicle,7.761326e+06,4.450,0.850,5.450,4.5909,106.94753,4.450,0.850,5.450,4.5909
1,near,50,1e+17,P2,empty,3.220552e+05,4.550,3.950,5.650,-1.0000,3.52440,10.150,4.350,4.350,-1.0000
1,near,50,1e+17,P2,person,7.016322e+05,7.650,1.250,3.350,0.0044,16.89786,7.650,1.250,3.350,0.0044
1,near,50,1e+17,P2,vehicle,2.322180e+05,4.950,0.750,5.150,4.0466,4.83665,8.850,1.450,2.950,0.1427
1,near,30,1e+14,P1,empty,5.648144e+03,4.350,0.850,5.350,-1.0000,3.93840,11.750,3.250,3.250,-1.0000
1,near,30,1e+14,P1,person,6.437909e+03,4.550,0.950,5.550,3.6697,3.66654,4.550,0.950,5.550,3.6697
1,near,30,1e+14,P1,vehicle,5.684430e+03,4.850,1.050,5.350,4.1792,3.59866,4.850,1.050,5.350,4.1792
1,near,30,1e+14,P2,empty,6.053608e+03,4.850,0.850,5.150,-1.0000,3.40459,8.750,1.750,1.950,-1.0000
1,near,30,1e+14,P2,person,6.195398e+03,4.350,0.950,5.550,3.8404,3.87533,11.850,2.450,1.650,4.1583
1,near,30,1e+14,P2,vehicle,6.480663e+03,4.650,2.350,5.550,4.4507,3.59119,6.650,2.250,3.650,2.3454
1,near,30,1e+15,P1,empty,4.601194e+04,4.650,0.850,5.450,-1.0000,8.72908,4.650,0.850,5.450,-1.0000
1,near,30,1e+15,P1,person,3.701109e+04,4.550,0.950,5.550,3.6697,7.00923,4.750,0.850,5.450,3.4473
1,near,30,1e+15,P1,vehicle,4.485286e+04,4.450,0.850,5.450,4.5909,8.04015,4.450,0.850,5.450,4.5909
1,near,30,1e+15,P2,empty,1.845157e+04,4.650,0.950,5.350,-1.0000,3.77220,7.450,0.350,4.450,-1.0000
1,near,30,1e+15,P2,person,2.008838e+04,5.050,4.450,5.150,4.0950,3.54253,11.350,3.450,4.350,3.7642
1,near,30,1e+15,P2,vehicle,1.937571e+04,4.650,4.550,5.050,5.1302,3.76412,8.850,3.150,5.050,1.4432
1,near,30,1e+16,P1,empty,4.172866e+05,4.450,0.850,5.450,-1.0000,23.65421,4.450,0.850,5.450,-1.0000
1,near,30,1e+16,P1,person,3.974830e+05,4.450,0.850,5.450,3.7036,22.53163,4.450,0.850,5.450,3.7036
1,near,30,1e+16,P1,vehicle,3.958012e+05,4.450,0.850,5.450,4.5909,22.43630,4.450,0.850,5.450,4.5909
1,near,30,1e+16,P2,empty,6.204932e+04,4.650,1.050,5.650,-1.0000,3.96566,9.850,4.250,1.550,-1.0000
1,near,30,1e+16,P2,person,6.825538e+04,5.050,1.150,5.550,3.2577,3.96231,7.750,1.450,3.450,0.0000
1,near,30,1e+16,P2,vehicle,6.149938e+04,4.350,4.450,5.150,5.3441,3.70414,8.950,0.350,2.650,0.4000
1,near,30,1e+17,P1,empty,3.946638e+06,4.450,0.850,5.450,-1.0000,70.74590,4.450,0.850,5.450,-1.0000
1,near,30,1e+17,P1,person,3.895426e+06,4.450,0.850,5.450,3.7036,69.82788,4.450,0.850,5.450,3.7036
1,near,30,1e+17,P1,vehicle,3.925213e+06,4.450,0.850,5.450,4.5909,70.36183,4.450,0.850,5.450,4.5909
1,near,30,1e+17,P2,empty,1.867777e+05,4.450,0.950,5.350,-1.0000,3.88225,9.950,4.550,3.550,-1.0000
1,near,30,1e+17,P2,person,2.636912e+05,7.650,1.250,3.350,0.0044,10.53424,7.650,1.250,3.350,0.0044
1,near,30,1e+17,P2,vehicle,1.981757e+05,5.050,0.550,5.550,4.0280,3.65434,5.750,3.150,2.650,3.4978
1,near,20,1e+14,P1,empty,3.302747e+03,4.350,4.150,5.450,-1.0000,3.48733,13.050,3.550,2.650,-1.0000
1,near,20,1e+14,P1,person,3.299242e+03,4.750,0.750,5.250,3.3438,3.83344,6.950,4.550,2.550,3.0283
1,near,20,1e+14,P1,vehicle,3.633658e+03,4.350,0.950,5.550,4.7093,3.60864,10.250,2.250,4.150,0.4500
1,near,20,1e+14,P2,empty,4.045056e+03,4.450,0.350,5.650,-1.0000,3.46249,6.950,3.850,5.050,-1.0000
1,near,20,1e+14,P2,person,4.020406e+03,4.350,1.550,5.250,3.6965,3.77659,6.350,0.550,4.250,1.4605
1,near,20,1e+14,P2,vehicle,4.627281e+03,4.750,1.850,5.550,4.3195,3.63074,9.250,1.750,2.750,0.3000
1,near,20,1e+15,P1,empty,1.873686e+04,4.450,0.850,5.450,-1.0000,4.70047,4.450,0.850,5.450,-1.0000
1,near,20,1e+15,P1,person,1.826951e+04,4.450,0.850,5.450,3.7036,4.58322,4.450,0.850,5.450,3.7036
1,near,20,1e+15,P1,vehicle,1.779808e+04,4.350,0.550,5.350,4.6709,5.07944,4.450,4.650,5.450,5.4036
1,near,20,1e+15,P2,empty,1.297960e+04,4.850,1.850,5.650,-1.0000,3.73381,9.450,0.750,2.350,-1.0000
1,near,20,1e+15,P2,person,1.641013e+04,4.650,1.850,5.550,3.5887,3.49613,10.550,3.850,2.150,3.4511
1,near,20,1e+15,P2,vehicle,1.324447e+04,4.350,0.550,5.250,4.6548,3.49338,11.650,3.950,2.650,2.1958
1,near,20,1e+16,P1,empty,1.639232e+05,4.450,0.850,5.450,-1.0000,13.05138,4.650,0.350,5.350,-1.0000
1,near,20,1e+16,P1,person,1.576615e+05,4.350,0.350,5.450,3.7904,12.99196,4.350,0.350,5.450,3.7904
1,near,20,1e+16,P1,vehicle,1.584362e+05,4.450,0.850,5.450,4.5909,12.85810,4.350,0.350,5.450,4.6890
1,near,20,1e+16,P2,empty,4.329875e+04,4.950,1.050,5.650,-1.0000,3.49925,9.250,1.850,3.850,-1.0000
1,near,20,1e+16,P2,person,4.939107e+04,4.650,2.950,5.650,3.8497,4.41489,9.550,2.950,1.850,2.3947
1,near,20,1e+16,P2,vehicle,4.161514e+04,4.850,3.750,5.450,4.6301,3.54052,6.150,3.250,2.050,3.3095
1,near,20,1e+17,P1,empty,1.652812e+06,4.450,0.850,5.450,-1.0000,41.46363,4.450,0.850,5.450,-1.0000
1,near,20,1e+17,P1,person,1.700159e+06,4.450,0.850,5.450,3.7036,42.65142,4.450,0.850,5.450,3.7036
1,near,20,1e+17,P1,vehicle,1.611107e+06,4.450,0.850,5.450,4.5909,40.41739,4.450,0.850,5.450,4.5909
1,near,20,1e+17,P2,empty,1.462956e+05,4.350,0.850,5.250,-1.0000,3.82734,7.550,2.050,2.650,-1.0000
1,near,20,1e+17,P2,person,1.254704e+05,4.350,4.150,5.250,4.4347,6.37252,7.750,0.450,3.550,0.0000
1,near,20,1e+17,P2,vehicle,1.463272e+05,4.350,2.050,5.550,4.7159,4.10572,10.850,2.350,4.750,0.5852
1,near,15,1e+14,P1,empty,1.996589e+03,4.350,0.950,5.550,-1.0000,3.77361,12.150,3.250,1.550,-1.0000
1,near,15,1e+14,P1,person,1.918956e+03,4.650,4.050,5.050,4.0831,3.51945,10.250,3.150,1.650,3.0669
1,near,15,1e+14,P1,vehicle,2.300251e+03,4.450,2.150,5.450,4.6043,3.62630,10.450,4.350,3.550,2.5500
1,near,15,1e+14,P2,empty,3.432698e+03,4.450,3.250,5.650,-1.0000,3.48015,6.450,1.450,4.450,-1.0000
1,near,15,1e+14,P2,person,3.324939e+03,5.050,2.550,5.650,3.4258,3.57216,8.950,3.150,4.050,1.7396
1,near,15,1e+14,P2,vehicle,3.503862e+03,4.350,0.950,5.450,4.6890,3.63720,9.950,3.450,1.350,2.3691
1,near,15,1e+15,P1,empty,1.028054e+04,4.650,0.350,5.350,-1.0000,4.13541,4.650,0.350,5.350,-1.0000
1,near,15,1e+15,P1,person,8.743823e+03,4.750,0.850,5.450,3.4473,3.63565,6.250,0.350,1.350,2.3975
1,near,15,1e+15,P1,vehicle,1.264760e+04,4.350,0.350,5.450,4.6890,4.75418,4.350,0.350,5.450,4.6890
1,near,15,1e+15,P2,empty,9.631963e+03,4.350,3.750,5.650,-1.0000,3.76335,4.350,3.650,3.750,-1.0000
1,near,15,1e+15,P2,person,9.725593e+03,4.450,4.450,5.250,4.5361,3.58026,6.050,4.550,2.750,3.3153
1,near,15,1e+15,P2,vehicle,1.143613e+04,4.850,2.850,5.450,4.3287,3.59547,4.850,2.850,5.450,4.3287
1,near,15,1e+16,P1,empty,8.674401e+04,4.450,0.850,5.450,-1.0000,9.68513,4.450,0.850,5.450,-1.0000
1,near,15,1e+16,P1,person,7.741541e+04,4.450,0.850,5.450,3.7036,8.64358,4.450,0.850,5.450,3.7036
1,near,15,1e+16,P1,vehicle,6.825180e+04,4.350,0.350,5.450,4.6890,8.11300,4.350,0.350,5.450,4.6890
1,near,15,1e+16,P2,empty,3.694850e+04,4.850,1.250,5.650,-1.0000,3.50387,12.050,2.650,2.850,-1.0000
1,near,15,1e+16,P2,person,3.910294e+04,4.350,0.450,5.350,3.7424,3.74337,13.550,2.750,1.950,5.7062
1,near,15,1e+16,P2,vehicle,3.147536e+04,4.650,1.450,5.550,4.4166,3.53430,6.850,1.050,2.750,2.1232
1,near,15,1e+17,P1,empty,6.716837e+05,4.450,0.850,5.450,-1.0000,23.88726,4.350,0.350,5.450,-1.0000
1,near,15,1e+17,P1,person,6.833696e+05,4.450,0.850,5.450,3.7036,25.73233,4.650,0.350,5.350,3.4804
1,near,15,1e+17,P1,vehicle,7.125466e+05,4.450,0.850,5.450,4.5909,25.15816,4.450,0.850,5.450,4.5909
1,near,15,1e+17,P2,empty,1.121287e+05,4.550,1.050,5.450,-1.0000,3.71865,8.750,1.650,4.250,-1.0000
1,near,15,1e+17,P2,person,1.143619e+05,4.750,3.250,5.650,3.8819,3.84557,9.650,3.950,4.850,3.0052
1,near,15,1e+17,P2,vehicle,9.813731e+04,4.750,4.250,5.350,4.9293,4.06975,9.450,2.050,3.350,0.2500
1,near,10,1e+14,P1,empty,1.079629e+03,4.450,1.850,5.450,-1.0000,3.48917,9.150,4.450,5.350,-1.0000
1,near,10,1e+14,P1,person,1.051347e+03,4.450,0.850,5.450,3.7036,3.85660,11.350,2.150,4.350,3.3630
1,near,10,1e+14,P1,vehicle,1.115905e+03,4.350,1.350,5.450,4.6890,3.64009,10.250,3.350,5.150,1.6621
1,near,10,1e+14,P2,empty,2.400317e+03,4.550,1.850,5.650,-1.0000,3.98156,8.950,1.950,4.550,-1.0000
1,near,10,1e+14,P2,person,1.502467e+03,4.750,1.250,5.350,3.3945,3.42228,11.450,0.450,2.650,3.4069
1,near,10,1e+14,P2,vehicle,1.636739e+03,4.450,2.350,5.450,4.6238,3.38301,8.450,3.650,5.650,2.2101
1,near,10,1e+15,P1,empty,2.623861e+03,4.450,4.450,5.350,-1.0000,3.86776,6.450,1.150,2.550,-1.0000
1,near,10,1e+15,P1,person,2.843446e+03,4.550,0.450,5.150,3.4729,3.69959,11.250,3.650,3.150,3.7038
1,near,10,1e+15,P1,vehicle,3.331389e+03,4.450,0.950,4.950,4.5196,3.62139,10.450,3.750,5.450,2.1477
1,near,10,1e+15,P2,empty,6.275741e+03,4.350,1.550,5.550,-1.0000,3.79081,12.750,4.550,4.950,-1.0000
1,near,10,1e+15,P2,person,5.178356e+03,4.350,3.250,5.450,4.0951,3.50899,10.650,3.450,3.850,3.0998
1,near,10,1e+15,P2,vehicle,5.979913e+03,4.450,3.550,5.450,4.9132,3.54337,7.250,3.550,1.750,2.7656
1,near,10,1e+16,P1,empty,1.053189e+04,4.550,0.350,5.450,-1.0000,3.52627,9.150,4.250,1.350,-1.0000
1,near,10,1e+16,P1,person,1.578287e+04,4.550,0.350,5.350,3.5671,4.09014,4.550,0.350,5.350,3.5671
1,near,10,1e+16,P1,vehicle,1.237057e+04,4.650,0.350,5.350,4.3756,3.42507,6.750,2.350,2.950,2.2717
1,near,10,1e+16,P2,empty,1.589852e+04,4.750,3.250,5.650,-1.0000,3.98546,10.150,2.050,2.350,-1.0000
1,near,10,1e+16,P2,person,1.928900e+04,4.450,1.250,5.550,3.7547,3.69923,4.450,2.950,2.650,3.4992
1,near,10,1e+16,P2,vehicle,1.824125e+04,4.350,2.550,5.550,4.7686,3.51146,8.050,1.250,4.350,0.9019
1,near,10,1e+17,P1,empty,1.232978e+05,4.350,0.350,5.450,-1.0000,9.62060,4.350,0.350,5.450,-1.0000
1,near,10,1e+17,P1,person,1.292671e+05,4.450,0.850,5.450,3.7036,9.60513,4.450,0.350,5.450,3.7036
1,near,10,1e+17,P1,vehicle,1.216867e+05,4.450,0.850,5.450,4.5909,8.57859,4.450,0.850,5.450,4.5909
1,near,10,1e+17,P2,empty,5.250524e+04,4.450,1.050,5.650,-1.0000,3.51282,8.850,1.150,2.050,-1.0000
1,near,10,1e+17,P2,person,4.668627e+04,4.450,1.850,5.550,3.7577,3.78805,13.650,2.150,5.350,5.8347
1,near,10,1e+17,P2,vehicle,5.936951e+04,4.550,0.950,5.550,4.5140,3.45699,6.750,2.150,4.850,2.2496
1,near,5,1e+14,P1,empty,2.252711e+02,13.250,1.550,5.650,-1.0000,3.50199,13.250,1.550,5.650,-1.0000
1,near,5,1e+14,P1,person,2.337922e+02,4.550,2.950,5.550,3.8768,3.64364,13.350,0.750,2.450,5.3129
1,near,5,1e+14,P1,vehicle,2.602512e+02,8.850,1.250,4.350,0.1019,4.05988,8.850,1.250,4.350,0.1019
1,near,5,1e+14,P2,empty,3.264776e+02,6.550,2.050,1.650,-1.0000,3.60509,6.550,2.050,1.650,-1.0000
1,near,5,1e+14,P2,person,3.110009e+02,6.550,0.750,3.350,1.1044,3.42850,6.550,0.750,3.350,1.1044
1,near,5,1e+14,P2,vehicle,3.471464e+02,6.650,3.250,3.950,2.7205,3.83162,6.650,3.250,3.950,2.7205
1,near,5,1e+15,P1,empty,7.521022e+02,5.450,2.450,5.550,-1.0000,3.52745,5.450,2.450,5.550,-1.0000
1,near,5,1e+15,P1,person,7.562504e+02,11.750,1.650,2.650,3.7019,3.70782,7.250,1.850,2.750,0.6935
1,near,5,1e+15,P1,vehicle,7.667137e+02,7.550,3.550,4.150,2.2423,3.77530,7.550,3.550,4.150,2.2423
1,near,5,1e+15,P2,empty,1.228477e+03,11.050,2.750,5.050,-1.0000,4.26469,11.050,2.750,5.050,-1.0000
1,near,5,1e+15,P2,person,1.275857e+03,4.450,2.550,5.650,3.9015,3.80789,13.550,3.550,3.650,5.7516
1,near,5,1e+15,P2,vehicle,1.077730e+03,12.750,1.050,3.250,1.2981,3.74352,12.750,1.050,3.250,1.2981
1,near,5,1e+16,P1,empty,2.740653e+03,10.850,3.050,1.550,-1.0000,4.26047,10.850,3.050,1.550,-1.0000
1,near,5,1e+16,P1,person,2.484648e+03,12.950,0.550,2.550,4.9023,3.86889,12.950,0.550,2.550,4.9023
1,near,5,1e+16,P1,vehicle,2.491606e+03,10.750,3.750,3.650,1.9500,3.88762,10.750,3.750,3.650,1.9500
1,near,5,1e+16,P2,empty,3.537584e+03,12.550,2.750,4.150,-1.0000,3.90162,12.550,2.750,4.150,-1.0000
1,near,5,1e+16,P2,person,3.215711e+03,11.350,1.850,2.850,3.2791,3.56958,11.350,1.850,2.850,3.2791
1,near,5,1e+16,P2,vehicle,3.101026e+03,6.950,3.550,1.350,3.1559,3.42173,6.950,3.550,1.350,3.1559
1,near,5,1e+17,P1,empty,7.749268e+03,9.350,2.550,3.250,-1.0000,3.82929,9.350,2.550,3.250,-1.0000
1,near,5,1e+17,P1,person,7.241124e+03,11.550,1.150,3.450,3.4456,3.56837,11.550,1.150,3.450,3.4456
1,near,5,1e+17,P1,vehicle,8.731126e+03,4.850,4.050,4.650,4.6795,4.20510,4.850,4.050,4.650,4.6795
1,near,5,1e+17,P2,empty,1.078110e+04,10.450,0.650,3.550,-1.0000,3.77500,10.450,0.650,3.550,-1.0000
1,near,5,1e+17,P2,person,9.952602e+03,5.050,1.850,5.050,2.9880,3.31898,10.350,0.650,3.550,2.2456
1,near,5,1e+17,P2,vehicle,1.114333e+04,4.550,3.050,3.950,4.5759,3.88228,11.350,3.050,3.650,1.2500
2,far,inf,1e+14,P1,empty,3.156273e+04,4.350,3.950,5.650,-1.0000,9.16991,4.350,3.950,5.650,-1.0000
2,far,inf,1e+14,P1,person,3.072503e+04,4.350,3.950,5.650,4.9800,8.92653,4.350,3.950,5.650,4.9800
2,far,inf,1e+14,P1,vehicle,2.790023e+04,4.750,1.050,5.650,3.7499,8.44541,4.750,1.050,5.650,3.7499
2,far,inf,1e+14,P2,empty,1.320159e+04,4.550,0.350,5.050,-1.0000,3.41411,6.150,1.350,2.950,-1.0000
2,far,inf,1e+14,P2,person,1.388078e+04,5.250,0.350,5.050,3.3636,3.36291,5.250,0.350,5.050,3.3636
2,far,inf,1e+14,P2,vehicle,1.131519e+04,5.150,1.750,5.650,3.3642,3.85591,8.750,0.550,2.650,0.5570
2,far,inf,1e+15,P1,empty,2.793329e+05,4.350,3.950,5.650,-1.0000,25.66331,4.350,3.950,5.650,-1.0000
2,far,inf,1e+15,P1,person,2.901297e+05,4.350,3.950,5.650,4.9800,26.65525,4.350,3.950,5.650,4.9800
2,far,inf,1e+15,P1,vehicle,2.844346e+05,4.350,3.950,5.650,4.6634,26.13201,4.350,3.950,5.650,4.6634
2,far,inf,1e+15,P2,empty,3.872316e+04,5.150,0.750,4.750,-1.0000,3.55534,11.050,1.250,2.550,-1.0000
2,far,inf,1e+15,P2,person,4.252433e+04,4.650,0.350,5.350,4.0338,3.97840,7.150,0.950,3.650,1.0641
2,far,inf,1e+15,P2,vehicle,3.896075e+04,4.450,4.050,5.350,4.5734,3.59351,7.650,1.850,4.050,0.7311
2,far,inf,1e+16,P1,empty,2.755510e+06,4.350,3.950,5.650,-1.0000,80.05574,4.350,3.950,5.650,-1.0000
2,far,inf,1e+16,P1,person,2.757381e+06,4.350,3.950,5.650,4.9800,80.11012,4.350,3.950,5.650,4.9800
2,far,inf,1e+16,P1,vehicle,2.804247e+06,4.350,3.950,5.650,4.6634,81.47172,4.350,3.950,5.650,4.6634
2,far,inf,1e+16,P2,empty,1.592566e+05,5.150,0.850,5.450,-1.0000,3.81616,6.050,4.250,2.450,-1.0000
2,far,inf,1e+16,P2,person,2.315243e+05,8.150,1.250,3.150,0.0367,8.36454,8.150,1.250,3.150,0.0367
2,far,inf,1e+16,P2,vehicle,1.282867e+05,4.750,3.250,4.850,3.9109,4.65867,8.350,1.550,4.550,0.0294
2,far,inf,1e+17,P1,empty,2.785378e+07,4.350,3.950,5.650,-1.0000,255.90257,4.350,3.950,5.650,-1.0000
2,far,inf,1e+17,P1,person,2.763318e+07,4.350,3.950,5.650,4.9800,253.87589,4.350,3.950,5.650,4.9800
2,far,inf,1e+17,P1,vehicle,2.784942e+07,4.350,3.950,5.650,4.6634,255.86253,4.350,3.950,5.650,4.6634
2,far,inf,1e+17,P2,empty,3.887294e+05,5.050,3.550,5.450,-1.0000,3.42638,9.450,0.350,3.350,-1.0000
2,far,inf,1e+17,P2,person,2.124865e+06,8.250,1.350,3.250,0.0000,24.29745,8.250,1.350,3.250,0.0000
2,far,inf,1e+17,P2,vehicle,9.156484e+05,8.350,1.150,3.250,0.0294,10.73185,8.350,1.150,3.250,0.0294
2,far,50,1e+14,P1,empty,5.526602e+03,4.350,4.650,5.450,-1.0000,3.83190,4.350,4.650,5.450,-1.0000
2,far,50,1e+14,P1,person,5.144811e+03,4.450,4.150,5.450,4.9119,3.70441,4.650,0.850,5.450,4.0829
2,far,50,1e+14,P1,vehicle,6.106821e+03,4.450,0.850,5.450,3.9990,4.22549,4.450,0.850,5.450,3.9990
2,far,50,1e+14,P2,empty,4.699703e+03,4.350,4.050,5.550,-1.0000,3.49278,7.950,2.750,3.450,-1.0000
2,far,50,1e+14,P2,person,5.279658e+03,4.650,3.750,5.650,4.6614,3.50586,10.950,4.050,2.950,3.3015
2,far,50,1e+14,P2,vehicle,5.125981e+03,4.350,0.850,5.550,4.1166,3.68495,9.450,1.150,1.750,1.4570
2,far,50,1e+15,P1,empty,4.060072e+04,4.650,0.850,5.450,-1.0000,9.48914,4.650,0.850,5.450,-1.0000
2,far,50,1e+15,P1,person,3.947811e+04,4.650,0.850,5.450,4.0829,9.22677,4.650,0.850,5.450,4.0829
2,far,50,1e+15,P1,vehicle,3.899069e+04,4.350,4.550,5.350,4.9206,8.58584,4.650,0.850,5.450,3.8027
2,far,50,1e+15,P2,empty,1.448844e+04,4.650,3.950,5.650,-1.0000,3.66740,6.050,2.250,3.550,-1.0000
2,far,50,1e+15,P2,person,1.653663e+04,4.550,1.250,5.550,4.2196,3.65473,9.850,2.650,2.350,1.7182
2,far,50,1e+15,P2,vehicle,1.694776e+04,4.850,0.350,4.650,3.5294,3.82229,4.850,0.350,4.650,3.5294
2,far,50,1e+16,P1,empty,3.459088e+05,4.650,0.850,5.450,-1.0000,25.56551,4.650,0.850,5.450,-1.0000
2,far,50,1e+16,P1,person,3.561030e+05,4.750,0.850,5.450,3.9966,26.70372,4.750,0.850,5.450,3.9966
2,far,50,1e+16,P1,vehicle,3.427441e+05,4.650,0.850,5.450,3.8027,25.33161,4.650,0.850,5.450,3.8027
2,far,50,1e+16,P2,empty,4.722993e+04,4.350,0.350,5.250,-1.0000,3.83494,11.350,3.850,5.650,-1.0000
2,far,50,1e+16,P2,person,5.349495e+04,4.350,1.650,5.650,4.4427,3.77210,8.550,4.350,2.850,2.6627
2,far,50,1e+16,P2,vehicle,6.130111e+04,5.050,0.850,5.650,3.4604,3.73997,5.050,0.850,5.650,3.4604
2,far,50,1e+17,P1,empty,3.411481e+06,4.650,0.850,5.450,-1.0000,79.73261,4.650,0.850,5.450,-1.0000
2,far,50,1e+17,P1,person,3.418546e+06,4.650,0.850,5.450,4.0829,79.89773,4.650,0.850,5.450,4.0829
2,far,50,1e+17,P1,vehicle,3.393954e+06,4.650,0.850,5.450,3.8027,79.32299,4.650,0.850,5.450,3.8027
2,far,50,1e+17,P2,empty,1.599138e+05,4.450,3.750,4.950,-1.0000,4.60689,7.550,1.950,2.150,-1.0000
2,far,50,1e+17,P2,person,1.743812e+05,8.250,1.350,3.250,0.0000,7.32792,8.250,1.350,3.250,0.0000
2,far,50,1e+17,P2,vehicle,1.994567e+05,4.350,3.650,5.650,4.5330,4.57867,8.350,1.650,3.250,0.0294
2,far,30,1e+14,P1,empty,2.198529e+03,4.450,4.450,5.350,-1.0000,3.79814,12.650,2.250,1.450,-1.0000
2,far,30,1e+14,P1,person,2.463421e+03,4.450,4.150,5.450,4.9119,4.11001,10.450,2.350,4.450,2.1892
2,far,30,1e+14,P1,vehicle,2.492125e+03,4.350,0.950,5.550,4.1166,3.96994,10.150,1.150,1.450,1.7570
2,far,30,1e+14,P2,empty,2.718258e+03,4.550,4.250,5.150,-1.0000,3.45086,5.050,4.350,3.150,-1.0000
2,far,30,1e+14,P2,person,3.166495e+03,4.650,2.350,5.550,4.1845,3.72030,11.650,2.450,1.750,3.3900
2,far,30,1e+14,P2,vehicle,3.170259e+03,4.350,1.550,5.650,4.1383,3.94508,5.350,4.450,5.050,4.0395
2,far,30,1e+15,P1,empty,1.232026e+04,4.850,0.850,5.450,-1.0000,5.50241,4.850,0.850,5.450,-1.0000
2,far,30,1e+15,P1,person,1.139635e+04,4.550,4.150,5.450,4.8363,4.78279,4.550,4.150,5.450,4.8363
2,far,30,1e+15,P1,vehicle,1.147129e+04,4.550,0.950,5.550,3.9211,4.64213,4.550,0.950,5.550,3.9211
2,far,30,1e+15,P2,empty,9.030618e+03,4.450,1.350,5.550,-1.0000,3.69963,11.250,3.750,2.750,-1.0000
2,far,30,1e+15,P2,person,8.323349e+03,5.450,3.450,5.550,3.8899,3.68094,12.750,2.950,5.550,4.8023
2,far,30,1e+15,P2,vehicle,8.428249e+03,5.250,0.650,5.250,3.1761,3.51114,13.450,0.650,3.650,2.5706
2,far,30,1e+16,P1,empty,9.828670e+04,4.650,0.850,5.450,-1.0000,13.28274,4.650,0.850,5.450,-1.0000
2,far,30,1e+16,P1,person,9.716744e+04,4.750,0.850,5.450,3.9966,13.37709,4.750,0.850,5.450,3.9966
2,far,30,1e+16,P1,vehicle,9.163281e+04,4.650,0.850,5.450,3.8027,12.38352,4.650,0.850,5.450,3.8027
2,far,30,1e+16,P2,empty,2.629638e+04,4.650,3.950,4.650,-1.0000,3.48386,4.650,3.950,4.650,-1.0000
2,far,30,1e+16,P2,person,2.658453e+04,4.350,1.850,5.450,4.3479,3.40208,6.650,0.950,2.850,1.5585
2,far,30,1e+16,P2,vehicle,2.656856e+04,4.350,2.250,4.950,4.0617,3.51957,11.250,1.050,4.850,0.3972
2,far,30,1e+17,P1,empty,8.952862e+05,4.650,0.850,5.450,-1.0000,38.26089,4.650,0.850,5.450,-1.0000
2,far,30,1e+17,P1,person,8.876405e+05,4.650,0.850,5.450,4.0829,37.93415,4.650,0.850,5.450,4.0829
2,far,30,1e+17,P1,vehicle,9.122781e+05,4.650,0.850,5.450,3.8027,38.98706,4.650,0.850,5.450,3.8027
2,far,30,1e+17,P2,empty,9.582991e+04,4.550,0.550,5.250,-1.0000,3.99754,9.750,2.950,5.250,-1.0000
2,far,30,1e+17,P2,person,8.792374e+04,4.350,4.550,5.150,5.0863,3.80594,8.950,0.650,5.650,2.2619
2,far,30,1e+17,P2,vehicle,8.317545e+04,4.650,0.950,5.350,3.7844,3.71762,13.550,0.950,1.550,3.1429
2,far,20,1e+14,P1,empty,8.648768e+02,4.850,0.850,5.450,-1.0000,3.86474,5.450,3.250,2.950,-1.0000
2,far,20,1e+14,P1,person,9.449525e+02,4.350,3.750,5.550,4.8479,3.89889,10.350,3.550,2.850,2.5349
2,far,20,1e+14,P1,vehicle,9.828933e+02,4.850,0.950,5.150,3.5571,3.62256,9.150,3.050,5.250,1.3628
2,far,20,1e+14,P2,empty,1.209973e+03,4.350,2.850,5.450,-1.0000,3.45567,12.650,3.150,4.450,-1.0000
2,far,20,1e+14,P2,person,1.462222e+03,4.550,1.450,5.150,4.0315,3.77467,7.150,0.450,5.150,2.0255
2,far,20,1e+14,P2,vehicle,1.453888e+03,4.550,1.950,5.650,3.9466,3.80964,6.050,0.950,1.950,2.6469
2,far,20,1e+15,P1,empty,2.930018e+03,4.550,4.150,5.450,-1.0000,4.10585,6.450,4.350,1.750,-1.0000
2,far,20,1e+15,P1,person,3.123341e+03,4.550,4.050,5.550,4.8299,3.51792,9.550,1.150,5.150,1.9652
2,far,20,1e+15,P1,vehicle,4.209856e+03,4.750,0.850,5.450,3.7047,3.89518,4.750,0.850,5.450,3.7047
2,far,20,1e+15,P2,empty,4.863203e+03,4.550,3.750,5.650,-1.0000,3.63878,10.250,3.150,5.050,-1.0000
2,far,20,1e+15,P2,person,4.013410e+03,4.450,2.150,5.450,4.2810,3.37881,7.150,2.350,1.650,1.9049
2,far,20,1e+15,P2,vehicle,3.535682e+03,4.550,1.150,5.450,3.9008,3.61579,7.250,4.250,5.450,2.7982
2,far,20,1e+16,P1,empty,2.094804e+04,4.650,0.850,5.450,-1.0000,5.99304,4.650,0.850,5.450,-1.0000
2,far,20,1e+16,P1,person,1.943448e+04,4.350,4.150,5.450,4.9884,5.23231,4.350,4.150,5.450,4.9884
2,far,20,1e+16,P1,vehicle,2.128071e+04,4.350,4.650,5.450,4.9910,6.08141,4.350,4.650,5.450,4.9910
2,far,20,1e+16,P2,empty,1.640764e+04,4.350,2.850,5.650,-1.0000,3.69904,6.250,0.950,2.250,-1.0000
2,far,20,1e+16,P2,person,1.345413e+04,4.350,0.950,5.550,4.3932,3.59230,11.250,0.550,5.650,3.4420
2,far,20,1e+16,P2,vehicle,1.246837e+04,4.350,0.550,5.650,4.1383,4.28374,6.550,1.750,3.450,1.8294
2,far,20,1e+17,P1,empty,1.751951e+05,4.350,4.650,5.450,-1.0000,15.83409,4.350,4.650,5.450,-1.0000
2,far,20,1e+17,P1,person,1.711214e+05,4.350,4.150,5.450,4.9884,15.00904,4.650,0.850,5.450,4.0829
2,far,20,1e+17,P1,vehicle,1.703373e+05,4.650,0.850,5.450,3.8027,15.41039,4.650,0.850,5.450,3.8027
2,far,20,1e+17,P2,empty,4.004638e+04,4.550,3.950,5.650,-1.0000,3.47154,9.250,3.650,1.550,-1.0000
2,far,20,1e+17,P2,person,3.982511e+04,4.450,2.550,5.450,4.3413,3.54782,4.950,4.550,4.650,4.4873
2,far,20,1e+17,P2,vehicle,3.955261e+04,4.550,2.550,5.650,4.0145,3.45015,8.450,4.450,3.650,2.6500
2,far,15,1e+14,P1,empty,5.501854e+02,4.350,4.550,5.350,-1.0000,3.56743,9.450,2.050,2.650,-1.0000
2,far,15,1e+14,P1,person,4.108508e+02,5.250,0.650,5.650,3.6935,3.52008,11.850,3.450,1.350,4.0602
2,far,15,1e+14,P1,vehicle,4.168786e+02,4.350,3.450,5.150,4.3766,4.18633,9.250,2.650,2.950,0.8880
2,far,15,1e+14,P2,empty,6.914591e+02,4.950,1.050,5.550,-1.0000,3.57523,7.150,1.150,4.650,-1.0000
2,far,15,1e+14,P2,person,7.110809e+02,4.550,3.550,5.650,4.6546,3.90004,9.150,2.350,5.250,2.0179
2,far,15,1e+14,P2,vehicle,6.162921e+02,4.850,1.050,5.650,3.6532,3.63061,13.650,3.450,5.050,3.2429
2,far,15,1e+15,P1,empty,1.656153e+03,4.350,3.950,5.650,-1.0000,3.50242,5.450,3.750,1.750,-1.0000
2,far,15,1e+15,P1,person,1.311131e+03,5.150,0.850,5.350,3.6035,3.71291,10.150,0.450,5.050,2.2316
2,far,15,1e+15,P1,vehicle,1.635595e+03,4.550,3.950,5.350,4.4385,3.66285,12.150,3.250,3.150,1.9288
2,far,15,1e+15,P2,empty,2.295319e+03,4.450,1.350,4.950,-1.0000,3.75919,9.450,4.050,4.550,-1.0000
2,far,15,1e+15,P2,person,2.276367e+03,4.350,4.050,5.450,4.9401,3.75203,5.450,4.150,4.850,3.9453
2,far,15,1e+15,P2,vehicle,2.042238e+03,4.650,1.450,5.650,3.8468,3.58602,10.550,0.550,4.850,0.1430
2,far,15,1e+16,P1,empty,5.152608e+03,4.750,0.850,5.450,-1.0000,3.65404,6.350,1.350,4.450,-1.0000
2,far,15,1e+16,P1,person,4.459565e+03,4.850,0.850,5.450,3.9109,3.65120,8.250,4.450,2.750,2.7735
2,far,15,1e+16,P1,vehicle,6.957783e+03,4.350,4.150,5.450,4.7234,3.86012,4.350,4.150,5.450,4.7234
2,far,15,1e+16,P2,empty,6.297529e+03,4.750,1.550,5.350,-1.0000,4.06360,11.050,1.850,3.250,-1.0000
2,far,15,1e+16,P2,person,6.799526e+03,4.550,2.150,5.250,4.1004,3.57780,9.450,3.050,4.750,2.0688
2,far,15,1e+16,P2,vehicle,5.918939e+03,4.650,1.250,5.250,3.7687,3.39056,12.150,1.650,1.550,2.0881
2,far,15,1e+17,P1,empty,3.287270e+04,4.650,0.850,5.450,-1.0000,6.08838,4.350,4.650,5.450,-1.0000
2,far,15,1e+17,P1,person,3.137972e+04,4.350,4.650,5.450,5.2521,5.92870,4.350,4.650,5.450,5.2521
2,far,15,1e+17,P1,vehicle,2.951589e+04,4.650,0.850,5.450,3.8027,5.45395,4.350,4.650,5.450,4.9910
2,far,15,1e+17,P2,empty,1.982010e+04,4.550,2.450,5.050,-1.0000,3.56048,11.950,3.450,4.050,-1.0000
2,far,15,1e+17,P2,person,2.208776e+04,4.350,1.150,5.650,4.4427,3.36613,6.950,3.350,1.950,2.3659
2,far,15,1e+17,P2,vehicle,2.039256e+04,4.650,1.450,5.650,3.8468,3.57554,11.650,4.550,3.950,2.8559
2,far,10,1e+14,P1,empty,2.425630e+02,11.650,3.750,5.550,-1.0000,3.78889,11.650,3.750,5.550,-1.0000
2,far,10,1e+14,P1,person,2.544430e+02,10.150,2.150,3.150,1.5788,3.94137,10.150,2.150,3.150,1.5788
2,far,10,1e+14,P1,vehicle,2.347560e+02,11.350,4.450,5.250,2.7457,3.67115,11.350,4.450,5.250,2.7457
2,far,10,1e+14,P2,empty,3.529734e+02,4.450,2.050,5.550,-1.0000,3.43330,4.650,1.650,5.150,-1.0000
2,far,10,1e+14,P2,person,3.237621e+02,7.450,4.350,2.150,2.9132,3.58532,7.450,4.350,2.150,2.9132
2,far,10,1e+14,P2,vehicle,3.824274e+02,6.050,3.450,1.650,3.2516,4.21030,6.050,3.450,1.650,3.2516
2,far,10,1e+15,P1,empty,7.849569e+02,11.750,3.350,3.250,-1.0000,3.85287,11.750,3.350,3.250,-1.0000
2,far,10,1e+15,P1,person,7.143992e+02,5.650,4.150,4.650,3.7383,3.51656,10.650,1.750,2.650,2.0658
2,far,10,1e+15,P1,vehicle,7.160803e+02,4.950,0.650,5.250,3.4721,3.49385,8.150,3.450,2.950,1.6856
2,far,10,1e+15,P2,empty,1.103556e+03,8.150,2.950,1.550,-1.0000,3.86614,8.150,2.950,1.550,-1.0000
2,far,10,1e+15,P2,person,1.036106e+03,5.950,1.550,1.650,2.6710,3.58840,5.950,1.550,1.650,2.6710
2,far,10,1e+15,P2,vehicle,9.931006e+02,13.650,2.650,2.350,3.0221,3.46691,8.250,1.650,2.250,0.9657
2,far,10,1e+16,P1,empty,2.182115e+03,9.050,3.250,1.550,-1.0000,3.40768,9.050,3.250,1.550,-1.0000
2,far,10,1e+16,P1,person,2.626208e+03,7.850,1.350,1.750,1.4010,4.11006,7.850,1.350,1.750,1.4010
2,far,10,1e+16,P1,vehicle,2.326909e+03,11.850,4.550,1.650,3.3059,3.66083,11.850,4.550,1.650,3.3059
2,far,10,1e+16,P2,empty,3.139959e+03,9.050,0.950,4.050,-1.0000,3.47154,9.050,0.950,4.050,-1.0000
2,far,10,1e+16,P2,person,3.379781e+03,10.350,1.450,1.750,2.1875,3.69572,10.350,1.450,1.750,2.1875
2,far,10,1e+16,P2,vehicle,3.334104e+03,6.650,4.550,2.850,3.2681,3.66667,6.650,4.550,2.850,3.2681
2,far,10,1e+17,P1,empty,7.705803e+03,11.950,1.550,1.650,-1.0000,3.80274,11.950,1.550,1.650,-1.0000
2,far,10,1e+17,P1,person,7.291349e+03,6.950,4.350,4.650,3.1764,3.58062,6.950,4.350,4.650,3.1764
2,far,10,1e+17,P1,vehicle,7.804317e+03,13.150,3.950,1.750,3.4498,3.83690,13.150,3.950,1.750,3.4498
2,far,10,1e+17,P2,empty,9.858805e+03,4.950,3.150,3.950,-1.0000,3.37603,6.250,2.650,5.450,-1.0000
2,far,10,1e+17,P2,person,1.064564e+04,11.150,1.550,3.050,2.5141,3.71372,11.150,1.550,3.050,2.5141
2,far,10,1e+17,P2,vehicle,1.129617e+04,11.050,1.550,1.750,1.4670,3.93768,11.050,1.550,1.750,1.4670
2,far,5,1e+14,P1,empty,2.564706e+02,8.950,0.650,1.950,-1.0000,4.00967,8.950,0.650,1.950,-1.0000
2,far,5,1e+14,P1,person,2.318252e+02,6.550,3.450,4.650,2.6979,3.61065,6.550,3.450,4.650,2.6979
2,far,5,1e+14,P1,vehicle,2.484070e+02,10.250,0.650,4.150,0.0000,3.87243,10.250,0.650,4.150,0.0000
2,far,5,1e+14,P2,empty,3.126080e+02,13.050,1.450,2.550,-1.0000,3.46818,13.050,1.450,2.550,-1.0000
2,far,5,1e+14,P2,person,3.065626e+02,12.050,1.450,5.550,4.0287,3.36868,12.050,1.450,5.550,4.0287
2,far,5,1e+14,P2,vehicle,3.225044e+02,5.250,0.350,3.250,3.1294,3.54368,5.250,0.350,3.250,3.1294
2,far,5,1e+15,P1,empty,8.430690e+02,7.550,0.650,2.050,-1.0000,4.17378,7.550,0.650,2.050,-1.0000
2,far,5,1e+15,P1,person,7.078928e+02,13.450,1.950,4.150,4.8763,3.47191,13.450,1.950,4.150,4.8763
2,far,5,1e+15,P1,vehicle,7.668727e+02,6.450,3.950,4.550,2.8888,3.79904,6.450,3.950,4.550,2.8888
2,far,5,1e+15,P2,empty,1.059207e+03,10.650,1.850,5.450,-1.0000,3.69502,10.650,1.850,5.450,-1.0000
2,far,5,1e+15,P2,person,1.086835e+03,12.750,3.150,2.350,4.4271,3.81943,12.750,3.150,2.350,4.4271
2,far,5,1e+15,P2,vehicle,1.059609e+03,6.250,0.650,2.050,2.4234,3.69951,6.250,0.650,2.050,2.4234
2,far,5,1e+16,P1,empty,2.382672e+03,12.350,1.050,4.050,-1.0000,3.72461,12.350,1.050,4.050,-1.0000
2,far,5,1e+16,P1,person,2.369790e+03,13.650,1.150,3.550,5.0153,3.68583,13.650,1.150,3.550,5.0153
2,far,5,1e+16,P1,vehicle,2.194796e+03,11.450,0.850,5.550,1.0179,3.43317,11.450,0.850,5.550,1.0179
2,far,5,1e+16,P2,empty,3.186479e+03,10.150,3.750,1.650,-1.0000,3.52873,10.150,3.750,1.650,-1.0000
2,far,5,1e+16,P2,person,3.355413e+03,12.850,2.150,4.550,4.3880,3.70753,12.850,2.150,4.550,4.3880
2,far,5,1e+16,P2,vehicle,3.370680e+03,13.650,4.150,2.350,3.7327,3.71731,13.650,4.150,2.350,3.7327
2,far,5,1e+17,P1,empty,7.795404e+03,8.450,0.550,3.650,-1.0000,3.85428,8.450,0.550,3.650,-1.0000
2,far,5,1e+17,P1,person,6.992607e+03,13.250,2.150,1.850,4.8034,3.44451,5.450,2.150,1.950,3.0062
2,far,5,1e+17,P1,vehicle,8.236624e+03,6.650,4.250,4.550,2.9989,4.06477,6.650,4.250,4.550,2.9989
2,far,5,1e+17,P2,empty,1.012428e+04,5.050,1.650,4.250,-1.0000,3.55367,5.050,1.650,4.250,-1.0000
2,far,5,1e+17,P2,person,1.074441e+04,12.550,1.550,4.150,3.9827,3.74953,12.550,1.550,4.150,3.9827
2,far,5,1e+17,P2,vehicle,1.075185e+04,11.250,2.950,4.950,1.2324,3.73128,11.250,2.950,4.950,1.2324
2,near,inf,1e+14,P1,empty,3.014918e+04,4.350,4.050,5.550,-1.0000,8.76057,4.350,4.050,5.550,-1.0000
2,near,inf,1e+14,P1,person,2.987651e+04,4.350,3.950,5.650,4.9800,8.76004,4.750,0.850,5.450,3.9966
2,near,inf,1e+14,P1,vehicle,2.875097e+04,4.350,4.050,5.550,4.6914,8.35429,4.350,4.050,5.550,4.6914
2,near,inf,1e+14,P2,empty,1.272284e+04,4.750,4.050,5.550,-1.0000,3.99194,10.250,4.450,2.650,-1.0000
2,near,inf,1e+14,P2,person,1.299490e+04,5.350,3.050,5.050,3.5439,3.76302,5.350,3.050,5.050,3.5439
2,near,inf,1e+14,P2,vehicle,1.380724e+04,5.350,4.650,5.150,4.1828,3.41580,5.350,4.650,5.150,4.1828
2,near,inf,1e+15,P1,empty,2.756055e+05,4.350,3.950,5.650,-1.0000,25.32086,4.350,3.950,5.650,-1.0000
2,near,inf,1e+15,P1,person,2.719068e+05,4.350,3.950,5.650,4.9800,25.07522,4.650,0.850,5.450,4.0829
2,near,inf,1e+15,P1,vehicle,2.834376e+05,4.350,3.950,5.650,4.6634,26.04042,4.350,3.950,5.650,4.6634
2,near,inf,1e+15,P2,empty,3.814930e+04,4.750,2.150,5.150,-1.0000,3.52532,6.650,0.450,2.250,-1.0000
2,near,inf,1e+15,P2,person,3.880817e+04,4.450,4.550,5.350,5.0842,3.73275,12.750,3.150,4.450,4.4837
2,near,inf,1e+15,P2,vehicle,4.314559e+04,5.350,1.450,5.450,3.1192,3.58390,4.950,2.050,2.050,3.6279
2,near,inf,1e+16,P1,empty,2.748700e+06,4.350,3.950,5.650,-1.0000,79.85789,4.350,3.950,5.650,-1.0000
2,near,inf,1e+16,P1,person,2.781647e+06,4.350,3.950,5.650,4.9800,80.81511,4.350,3.950,5.650,4.9800
2,near,inf,1e+16,P1,vehicle,2.735914e+06,4.350,3.950,5.650,4.6634,79.48646,4.350,3.950,5.650,4.6634
2,near,inf,1e+16,P2,empty,1.064365e+05,6.050,2.650,1.450,-1.0000,3.70024,5.450,4.450,2.850,-1.0000
2,near,inf,1e+16,P2,person,2.446857e+05,8.250,1.450,3.250,0.0000,8.98348,8.250,1.450,3.250,0.0000
2,near,inf,1e+16,P2,vehicle,1.205841e+05,8.450,0.450,4.750,0.0430,4.46392,8.450,0.450,4.750,0.0430
2,near,inf,1e+17,P1,empty,2.774761e+07,4.350,3.950,5.650,-1.0000,254.92719,4.350,3.950,5.650,-1.0000
2,near,inf,1e+17,P1,person,2.793207e+07,4.350,3.950,5.650,4.9800,256.62189,4.350,3.950,5.650,4.9800
2,near,inf,1e+17,P1,vehicle,2.769672e+07,4.350,3.950,5.650,4.6634,254.45964,4.350,3.950,5.650,4.6634
2,near,inf,1e+17,P2,empty,4.246542e+05,4.350,1.250,5.450,-1.0000,3.82263,8.750,0.850,5.150,-1.0000
2,near,inf,1e+17,P2,person,2.070676e+06,8.150,1.350,3.150,0.0367,23.58022,8.250,1.450,3.250,0.0000
2,near,inf,1e+17,P2,vehicle,9.101704e+05,8.350,1.650,3.250,0.0294,10.47790,8.350,1.350,3.250,0.0294
2,near,50,1e+14,P1,empty,1.085475e+04,4.650,0.850,5.450,-1.0000,4.85738,4.650,0.850,5.450,-1.0000
2,near,50,1e+14,P1,person,1.310870e+04,4.350,3.950,5.650,4.9800,5.45901,4.350,3.950,5.650,4.9800
2,near,50,1e+14,P1,vehicle,1.062659e+04,4.350,4.550,5.350,4.9206,4.51120,4.350,4.550,5.350,4.9206
2,near,50,1e+14,P2,empty,8.164488e+03,4.450,0.350,5.650,-1.0000,3.53755,8.150,3.550,3.350,-1.0000
2,near,50,1e+14,P2,person,8.035366e+03,4.650,4.650,5.450,5.0371,3.58737,4.350,2.750,3.250,3.9777
2,near,50,1e+14,P2,vehicle,7.625464e+03,5.350,4.650,5.550,4.2439,3.66894,9.550,0.450,2.950,0.2570
2,near,50,1e+15,P1,empty,9.935170e+04,4.650,0.850,5.450,-1.0000,14.05910,4.650,0.850,5.450,-1.0000
2,near,50,1e+15,P1,person,9.006430e+04,4.450,0.850,5.450,4.2573,12.06602,4.750,0.850,5.450,3.9966
2,near,50,1e+15,P1,vehicle,8.539255e+04,4.850,0.850,5.450,3.6067,12.53105,4.850,0.850,5.450,3.6067
2,near,50,1e+15,P2,empty,2.663708e+04,4.350,3.850,5.350,-1.0000,3.43524,12.650,1.150,4.250,-1.0000
2,near,50,1e+15,P2,person,2.942317e+04,4.450,3.450,5.350,4.5595,3.99738,8.750,0.550,2.750,0.3774
2,near,50,1e+15,P2,vehicle,2.370678e+04,5.150,1.550,5.250,3.2747,3.44683,5.450,4.050,2.850,3.7110
2,near,50,1e+16,P1,empty,9.115198e+05,4.650,0.850,5.450,-1.0000,41.16353,4.750,0.850,5.450,-1.0000
2,near,50,1e+16,P1,person,8.839721e+05,4.650,0.850,5.450,4.0829,39.63553,4.750,0.850,5.450,3.9966
2,near,50,1e+16,P1,vehicle,9.039269e+05,4.650,0.850,5.450,3.8027,40.44970,4.650,0.850,5.450,3.8027
2,near,50,1e+16,P2,empty,7.575497e+04,4.450,0.850,4.250,-1.0000,3.76333,7.850,4.150,3.850,-1.0000
2,near,50,1e+16,P2,person,7.589027e+04,4.450,3.950,5.350,4.7738,4.55321,8.150,1.250,3.150,0.0367
2,near,50,1e+16,P2,vehicle,8.421718e+04,5.150,3.950,5.550,3.9701,3.60882,13.650,1.350,1.850,3.0851
2,near,50,1e+17,P1,empty,8.934488e+06,4.650,0.850,5.450,-1.0000,126.43049,4.650,0.850,5.450,-1.0000
2,near,50,1e+17,P1,person,8.919745e+06,4.650,0.850,5.450,4.0829,126.22186,4.650,0.850,5.450,4.0829
2,near,50,1e+17,P1,vehicle,9.009348e+06,4.650,0.850,5.450,3.8027,127.48982,4.650,0.850,5.450,3.8027
2,near,50,1e+17,P2,empty,3.617000e+05,4.350,1.050,5.550,-1.0000,4.18381,7.350,0.350,2.150,-1.0000
2,near,50,1e+17,P2,person,4.330883e+05,8.050,1.450,2.950,0.2104,10.94005,8.150,1.250,3.150,0.0367
2,near,50,1e+17,P2,vehicle,2.310792e+05,4.550,3.850,5.350,4.3909,5.78785,8.450,1.350,4.750,0.0430
2,near,30,1e+14,P1,empty,6.352321e+03,4.350,4.050,5.550,-1.0000,3.89298,5.150,0.350,2.650,-1.0000
2,near,30,1e+14,P1,person,6.256173e+03,4.850,0.850,5.450,3.9109,4.27348,5.150,0.450,5.450,3.6583
2,near,30,1e+14,P1,vehicle,7.136580e+03,4.350,0.850,5.450,4.0973,3.89284,4.350,0.850,5.450,4.0973
2,near,30,1e+14,P2,empty,6.387046e+03,4.550,0.750,5.550,-1.0000,3.70863,7.050,1.450,3.250,-1.0000
2,near,30,1e+14,P2,person,7.674975e+03,4.550,3.850,5.650,4.7818,3.53445,8.250,4.050,2.850,2.3643
2,near,30,1e+14,P2,vehicle,6.867550e+03,4.350,0.350,5.250,4.0658,3.52422,4.450,4.050,2.150,4.6497
2,near,30,1e+15,P1,empty,4.505649e+04,4.650,0.850,5.450,-1.0000,8.37191,4.650,0.850,5.450,-1.0000
2,near,30,1e+15,P1,person,5.453279e+04,4.750,0.850,5.450,3.9966,10.33548,4.750,0.850,5.450,3.9966
2,near,30,1e+15,P1,vehicle,4.679854e+04,4.750,0.850,5.450,3.7047,9.00508,4.850,0.850,5.450,3.6067
2,near,30,1e+15,P2,empty,1.880894e+04,4.450,1.250,5.150,-1.0000,3.66505,8.350,2.250,3.550,-1.0000
2,near,30,1e+15,P2,person,1.681539e+04,4.850,0.650,5.650,4.0189,3.87455,5.750,3.650,3.650,3.1301
2,near,30,1e+15,P2,vehicle,2.334362e+04,4.350,2.450,5.550,4.1676,3.97997,8.950,4.150,3.350,2.3500
2,near,30,1e+16,P1,empty,4.265822e+05,4.750,0.850,5.450,-1.0000,25.56677,4.750,0.850,5.450,-1.0000
2,near,30,1e+16,P1,person,4.556783e+05,4.650,0.850,5.450,4.0829,26.77476,4.650,0.850,5.450,4.0829
2,near,30,1e+16,P1,vehicle,4.332758e+05,4.650,0.850,5.450,3.8027,25.91654,4.750,0.850,5.450,3.7047
2,near,30,1e+16,P2,empty,7.648363e+04,4.450,1.150,5.450,-1.0000,3.86023,5.350,1.050,3.350,-1.0000
2,near,30,1e+16,P2,person,7.322742e+04,4.350,3.650,5.350,4.7208,3.54922,7.850,4.050,5.250,3.0036
2,near,30,1e+16,P2,vehicle,6.698543e+04,4.450,1.250,5.650,4.0410,3.32973,8.350,2.150,3.050,0.3847
2,near,30,1e+17,P1,empty,4.447734e+06,4.650,0.850,5.450,-1.0000,82.64298,4.650,0.850,5.450,-1.0000
2,near,30,1e+17,P1,person,4.434527e+06,4.650,0.850,5.450,4.0829,82.39758,4.650,0.850,5.450,4.0829
2,near,30,1e+17,P1,vehicle,4.446016e+06,4.650,0.850,5.450,3.8027,82.61105,4.650,0.850,5.450,3.8027
2,near,30,1e+17,P2,empty,2.208540e+05,5.050,1.050,5.650,-1.0000,3.57702,12.150,4.450,3.450,-1.0000
2,near,30,1e+17,P2,person,2.012387e+05,5.050,3.850,5.650,4.4135,6.25766,8.250,1.350,3.350,0.0000
2,near,30,1e+17,P2,vehicle,2.175378e+05,4.350,4.550,5.350,4.9206,3.93564,8.550,0.850,5.250,0.5430
2,near,20,1e+14,P1,empty,3.551966e+03,4.350,3.950,5.350,-1.0000,3.63595,13.650,0.750,3.950,-1.0000
2,near,20,1e+14,P1,person,3.522183e+03,4.350,0.850,5.450,4.3453,3.71324,13.450,4.350,3.350,5.4946
2,near,20,1e+14,P1,vehicle,3.302166e+03,4.850,1.050,5.550,3.6287,3.51160,11.150,3.350,5.050,1.6104
2,near,20,1e+14,P2,empty,4.003915e+03,4.450,1.550,5.450,-1.0000,4.07742,5.650,0.450,2.550,-1.0000
2,near,20,1e+14,P2,person,4.640025e+03,4.550,0.950,5.650,4.2712,3.41875,13.450,2.950,3.950,5.0022
2,near,20,1e+14,P2,vehicle,4.429129e+03,4.650,3.250,5.550,4.0892,3.65630,6.050,3.050,4.550,2.6436
2,near,20,1e+15,P1,empty,1.805068e+04,4.350,4.650,5.450,-1.0000,4.94506,4.350,4.650,5.450,-1.0000
2,near,20,1e+15,P1,person,2.279101e+04,4.350,0.850,5.450,4.3453,5.49484,4.350,0.850,5.450,4.3453
2,near,20,1e+15,P1,vehicle,2.234873e+04,4.450,0.850,5.450,3.9990,5.78092,4.750,0.850,5.450,3.7047
2,near,20,1e+15,P2,empty,1.499128e+04,4.450,0.850,5.650,-1.0000,3.88376,12.050,3.850,2.850,-1.0000
2,near,20,1e+15,P2,person,1.267909e+04,4.850,1.150,5.350,3.8597,3.70021,6.750,1.750,4.050,1.5736
2,near,20,1e+15,P2,vehicle,1.285963e+04,4.550,1.850,5.550,3.9214,3.53596,8.450,0.550,1.950,1.2570
2,near,20,1e+16,P1,empty,1.819172e+05,4.650,0.850,5.450,-1.0000,15.12085,4.650,0.850,5.450,-1.0000
2,near,20,1e+16,P1,person,1.935221e+05,4.650,0.850,5.450,4.0829,16.08544,4.650,0.850,5.450,4.0829
2,near,20,1e+16,P1,vehicle,1.915450e+05,4.650,0.850,5.450,3.8027,15.92110,4.650,0.850,5.450,3.8027
2,near,20,1e+16,P2,empty,4.171507e+04,4.550,2.450,5.250,-1.0000,3.53909,9.150,2.150,5.450,-1.0000
2,near,20,1e+16,P2,person,4.226170e+04,4.550,3.350,5.450,4.4844,3.60762,12.750,0.550,1.650,4.3647
2,near,20,1e+16,P2,vehicle,5.251509e+04,4.550,4.050,5.550,4.5208,3.54568,11.550,1.650,4.750,0.6720
2,near,20,1e+17,P1,empty,1.895489e+06,4.650,0.850,5.450,-1.0000,49.82222,4.650,0.850,5.450,-1.0000
2,near,20,1e+17,P1,person,1.889413e+06,4.650,0.850,5.450,4.0829,49.66251,4.650,0.850,5.450,4.0829
2,near,20,1e+17,P1,vehicle,1.853581e+06,4.650,0.850,5.450,3.8027,48.72068,4.650,0.850,5.450,3.8027
2,near,20,1e+17,P2,empty,1.265670e+05,4.450,0.950,5.650,-1.0000,3.54543,8.850,3.150,4.850,-1.0000
2,near,20,1e+17,P2,person,1.354085e+05,4.350,0.850,5.350,4.2993,4.77079,8.150,1.150,3.150,0.0367
2,near,20,1e+17,P2,vehicle,1.383175e+05,4.750,0.650,5.050,3.6456,3.35248,9.150,1.950,3.650,0.1500
2,near,15,1e+14,P1,empty,2.234100e+03,4.750,1.350,5.550,-1.0000,3.72204,12.750,0.350,3.250,-1.0000
2,near,15,1e+14,P1,person,2.347558e+03,4.350,4.550,5.350,5.1581,3.86180,6.850,2.950,2.850,1.8484
2,near,15,1e+14,P1,vehicle,1.936033e+03,4.450,1.050,5.150,3.9543,3.71274,8.450,3.650,5.350,1.9586
2,near,15,1e+14,P2,empty,3.671889e+03,4.350,0.350,5.250,-1.0000,3.98456,12.850,2.850,5.150,-1.0000
2,near,15,1e+14,P2,person,2.841550e+03,4.550,1.150,5.650,4.2712,4.22890,13.350,3.450,4.750,5.2032
2,near,15,1e+14,P2,vehicle,3.487194e+03,4.450,1.950,5.650,4.0437,3.58067,13.550,1.350,4.250,2.6706
2,near,15,1e+15,P1,empty,9.828095e+03,4.450,0.350,5.350,-1.0000,3.77877,4.950,0.850,5.450,-1.0000
2,near,15,1e+15,P1,person,7.553729e+03,4.750,0.750,5.450,3.9966,3.91579,8.550,4.350,4.650,2.9258
2,near,15,1e+15,P1,vehicle,1.193795e+04,4.350,4.250,5.450,4.7739,4.78379,4.350,4.250,5.450,4.7739
2,near,15,1e+15,P2,empty,1.254717e+04,4.450,0.950,5.550,-1.0000,3.61947,7.750,3.150,2.250,-1.0000
2,near,15,1e+15,P2,person,9.396401e+03,4.350,0.750,5.350,4.2993,3.49370,9.350,3.250,5.250,2.5094
2,near,15,1e+15,P2,vehicle,1.034657e+04,4.550,3.850,5.650,4.4448,3.54709,11.250,3.050,4.650,1.3038
2,near,15,1e+16,P1,empty,8.001976e+04,4.350,4.150,5.450,-1.0000,9.42604,4.850,0.850,5.450,-1.0000
2,near,15,1e+16,P1,person,7.877916e+04,4.750,0.850,5.450,3.9966,9.58982,4.750,0.850,5.450,3.9966
2,near,15,1e+16,P1,vehicle,8.033341e+04,4.650,0.850,5.450,3.8027,9.49231,4.650,0.850,5.450,3.8027
2,near,15,1e+16,P2,empty,3.366842e+04,4.650,0.750,5.550,-1.0000,3.49370,12.550,1.850,5.050,-1.0000
2,near,15,1e+16,P2,person,3.305134e+04,4.650,1.850,5.650,4.1891,3.55767,12.950,3.350,1.650,4.8434
2,near,15,1e+16,P2,vehicle,4.344180e+04,4.350,0.650,5.650,4.1383,3.48971,6.450,2.750,2.350,2.3151
2,near,15,1e+17,P1,empty,7.853016e+05,4.650,0.850,5.450,-1.0000,29.34350,4.650,0.850,5.450,-1.0000
2,near,15,1e+17,P1,person,7.775318e+05,4.650,0.850,5.450,4.0829,29.05317,4.650,0.850,5.450,4.0829
2,near,15,1e+17,P1,vehicle,8.068334e+05,4.650,0.850,5.450,3.8027,30.14805,4.650,0.850,5.450,3.8027
2,near,15,1e+17,P2,empty,9.475126e+04,4.750,2.250,5.450,-1.0000,3.67242,13.550,3.150,2.050,-1.0000
2,near,15,1e+17,P2,person,1.059575e+05,4.550,1.150,5.650,4.2712,3.53909,7.550,2.250,2.550,1.0106
2,near,15,1e+17,P2,vehicle,9.006845e+04,4.350,0.350,5.250,4.0658,4.26473,10.450,4.250,2.750,2.4923
2,near,10,1e+14,P1,empty,1.057249e+03,4.450,1.550,5.550,-1.0000,3.41764,12.850,4.150,3.950,-1.0000
2,near,10,1e+14,P1,person,9.739012e+02,4.450,1.750,5.450,4.2576,3.53238,13.050,2.650,3.950,4.5466
2,near,10,1e+14,P1,vehicle,1.040959e+03,4.350,1.950,5.450,4.1001,4.11459,12.550,1.350,1.850,2.1523
2,near,10,1e+14,P2,empty,1.762476e+03,4.850,3.050,5.550,-1.0000,3.80592,10.850,3.950,3.150,-1.0000
2,near,10,1e+14,P2,person,1.392726e+03,4.450,2.950,5.550,4.4839,3.91098,5.350,2.450,3.850,2.9670
2,near,10,1e+14,P2,vehicle,1.466853e+03,4.350,2.150,5.650,4.1530,3.49953,11.450,4.550,4.150,2.8086
2,near,10,1e+15,P1,empty,3.152722e+03,4.750,0.850,5.450,-1.0000,3.89990,9.850,4.450,4.850,-1.0000
2,near,10,1e+15,P1,person,3.089977e+03,4.350,0.650,5.350,4.2993,3.87863,5.750,1.250,1.850,2.7431
2,near,10,1e+15,P1,vehicle,2.980074e+03,4.550,0.850,5.450,3.9008,3.59130,8.350,1.550,2.450,0.7576
2,near,10,1e+15,P2,empty,5.479786e+03,4.350,2.250,5.550,-1.0000,3.87992,8.250,4.050,3.750,-1.0000
2,near,10,1e+15,P2,person,4.952592e+03,4.850,1.950,5.550,3.9719,3.69004,5.550,4.050,4.350,3.6549
2,near,10,1e+15,P2,vehicle,5.541309e+03,4.650,3.950,5.650,4.4068,3.53276,9.550,1.250,4.350,0.0000
2,near,10,1e+16,P1,empty,1.545725e+04,4.650,0.850,5.450,-1.0000,3.99934,4.350,4.450,5.350,-1.0000
2,near,10,1e+16,P1,person,1.247773e+04,4.650,0.350,5.450,4.0829,3.55070,11.650,1.750,4.250,3.1286
2,near,10,1e+16,P1,vehicle,1.525387e+04,4.650,0.850,5.450,3.8027,3.81561,4.350,4.650,5.450,4.9910
2,near,10,1e+16,P2,empty,1.524763e+04,4.650,1.150,5.650,-1.0000,3.72908,7.550,3.350,5.150,-1.0000
2,near,10,1e+16,P2,person,1.501439e+04,4.350,4.150,5.250,4.9100,3.76764,7.750,2.250,1.850,1.4424
2,near,10,1e+16,P2,vehicle,1.564528e+04,4.850,2.950,5.650,3.8299,3.72827,6.750,1.750,4.450,1.6294
2,near,10,1e+17,P1,empty,1.264851e+05,4.650,0.850,5.450,-1.0000,11.14604,4.350,4.650,5.450,-1.0000
2,near,10,1e+17,P1,person,1.159633e+05,4.650,0.850,5.450,4.0829,9.28695,4.350,4.650,5.450,5.2521
2,near,10,1e+17,P1,vehicle,1.341910e+05,4.650,0.850,5.450,3.8027,10.55750,4.350,4.650,5.450,4.9910
2,near,10,1e+17,P2,empty,5.851414e+04,4.550,0.650,5.650,-1.0000,3.62145,11.750,2.350,5.450,-1.0000
2,near,10,1e+17,P2,person,6.368162e+04,4.350,1.350,5.650,4.4427,3.80185,8.550,4.450,5.150,3.2543
2,near,10,1e+17,P2,vehicle,5.150047e+04,4.350,1.350,5.650,4.1383,3.65438,8.950,1.050,3.150,0.0570
2,near,5,1e+14,P1,empty,2.417806e+02,6.950,3.850,5.550,-1.0000,3.75622,6.950,3.850,5.550,-1.0000
2,near,5,1e+14,P1,person,2.612093e+02,13.150,2.550,2.550,4.6267,4.06801,13.150,2.550,2.550,4.6267
2,near,5,1e+14,P1,vehicle,2.666855e+02,4.350,1.550,5.250,4.0658,3.81798,7.250,3.750,1.950,2.5803
2,near,5,1e+14,P2,empty,3.399064e+02,4.950,4.250,4.650,-1.0000,3.67334,4.950,4.250,4.650,-1.0000
2,near,5,1e+14,P2,person,3.885316e+02,4.350,2.350,5.650,4.4900,3.50073,6.050,2.850,2.250,2.5744
2,near,5,1e+14,P2,vehicle,3.292237e+02,4.350,2.550,5.150,4.1225,3.53796,9.050,0.450,3.650,0.0000
2,near,5,1e+15,P1,empty,7.566232e+02,8.450,1.350,3.150,-1.0000,3.73275,8.450,1.350,3.150,-1.0000
2,near,5,1e+15,P1,person,7.291615e+02,6.550,3.650,5.150,3.0837,3.57082,6.550,3.650,5.150,3.0837
2,near,5,1e+15,P1,vehicle,7.101422e+02,9.150,3.750,4.250,1.9500,3.51093,9.150,3.750,4.250,1.9500
2,near,5,1e+15,P2,empty,1.156610e+03,11.450,4.250,3.650,-1.0000,4.03979,11.450,4.250,3.650,-1.0000
2,near,5,1e+15,P2,person,1.120821e+03,9.250,2.350,1.650,1.7118,3.92587,9.250,2.350,1.650,1.7118
2,near,5,1e+15,P2,vehicle,1.026075e+03,13.050,3.350,1.450,3.1939,3.56380,13.050,3.350,1.450,3.1939
2,near,5,1e+16,P1,empty,2.258157e+03,10.650,3.950,5.050,-1.0000,3.53968,10.650,3.950,5.050,-1.0000
2,near,5,1e+16,P1,person,2.447814e+03,5.150,3.950,3.550,3.7820,3.81798,5.150,3.950,3.550,3.7820
2,near,5,1e+16,P1,vehicle,2.288525e+03,9.750,2.550,2.450,1.0656,3.57809,9.750,2.550,2.450,1.0656
2,near,5,1e+16,P2,empty,3.148133e+03,12.850,1.850,1.350,-1.0000,3.48376,12.850,1.850,1.350,-1.0000
2,near,5,1e+16,P2,person,3.440797e+03,6.050,3.650,4.050,2.9627,3.76662,6.050,3.650,4.050,2.9627
2,near,5,1e+16,P2,vehicle,3.018015e+03,13.150,2.550,4.750,2.3917,3.32946,13.150,2.550,4.750,2.3917
2,near,5,1e+17,P1,empty,7.101257e+03,7.550,1.850,3.150,-1.0000,3.50853,7.550,1.850,3.150,-1.0000
2,near,5,1e+17,P1,person,6.819784e+03,11.650,2.250,1.950,3.2754,3.38547,11.650,2.250,1.950,3.2754
2,near,5,1e+17,P1,vehicle,7.558775e+03,6.450,2.050,5.150,1.9953,3.72015,6.450,2.050,5.150,1.9953
2,near,5,1e+17,P2,empty,1.137559e+04,10.350,2.050,4.450,-1.0000,3.96233,10.350,2.050,4.450,-1.0000
2,near,5,1e+17,P2,person,1.023670e+04,9.250,3.950,2.750,2.3597,3.56383,9.250,3.950,2.750,2.3597
2,near,5,1e+17,P2,vehicle,1.031634e+04,11.950,2.950,3.550,1.5712,3.59117,11.950,2.950,3.550,1.5712
3,far,inf,1e+14,P1,empty,2.573009e+04,4.650,4.050,5.550,-1.0000,8.21646,4.650,4.050,5.550,-1.0000
3,far,inf,1e+14,P1,person,2.669163e+04,4.650,4.050,5.550,4.5459,8.52351,4.650,4.050,5.550,4.5459
3,far,inf,1e+14,P1,vehicle,2.533445e+04,4.750,3.950,5.650,4.8531,8.08686,4.750,3.950,5.650,4.8531
3,far,inf,1e+14,P2,empty,1.136110e+04,5.350,4.050,5.650,-1.0000,3.74335,7.150,2.850,3.450,-1.0000
3,far,inf,1e+14,P2,person,1.354047e+04,4.950,1.450,5.250,3.4727,3.53804,8.350,3.850,2.050,2.3330
3,far,inf,1e+14,P2,vehicle,1.431535e+04,4.550,0.750,4.750,4.4171,3.76210,13.250,2.350,3.250,1.8696
3,far,inf,1e+15,P1,empty,2.446311e+05,4.650,3.950,5.650,-1.0000,23.39845,4.650,3.950,5.650,-1.0000
3,far,inf,1e+15,P1,person,2.393722e+05,4.650,4.150,5.450,4.5492,23.03215,4.650,4.150,5.450,4.5492
3,far,inf,1e+15,P1,vehicle,2.505455e+05,4.650,3.950,5.650,4.9402,23.96415,4.650,3.950,5.650,4.9402
3,far,inf,1e+15,P2,empty,5.077854e+04,4.850,4.150,4.750,-1.0000,3.99521,4.850,4.150,4.750,-1.0000
3,far,inf,1e+15,P2,person,3.724516e+04,4.650,2.450,5.050,3.6952,4.11082,8.450,2.150,5.550,2.3542
3,far,inf,1e+15,P2,vehicle,3.612980e+04,4.550,3.950,5.350,4.9715,3.44539,12.550,2.750,1.450,2.1654
3,far,inf,1e+16,P1,empty,2.417882e+06,4.650,3.950,5.650,-1.0000,73.13254,4.650,3.950,5.650,-1.0000
3,far,inf,1e+16,P1,person,2.357022e+06,4.650,4.150,5.450,4.5492,71.71736,4.650,4.150,5.450,4.5492
3,far,inf,1e+16,P1,vehicle,2.402372e+06,4.650,3.950,5.650,4.9402,72.66343,4.650,3.950,5.650,4.9402
3,far,inf,1e+16,P2,empty,1.428046e+05,4.650,3.850,5.150,-1.0000,3.71341,8.350,2.950,2.350,-1.0000
3,far,inf,1e+16,P2,person,2.801008e+05,7.950,1.550,3.150,0.0000,9.93287,7.950,1.550,3.150,0.0000
3,far,inf,1e+16,P2,vehicle,1.220970e+05,5.150,4.650,5.550,4.8616,4.04244,9.050,0.750,4.650,0.0859
3,far,inf,1e+17,P1,empty,2.372524e+07,4.650,3.950,5.650,-1.0000,227.42168,4.650,4.150,5.450,-1.0000
3,far,inf,1e+17,P1,person,2.385205e+07,4.650,3.950,5.650,4.5471,228.13992,4.650,3.950,5.650,4.5471
3,far,inf,1e+17,P1,vehicle,2.372786e+07,4.650,3.950,5.650,4.9402,227.35965,4.650,4.150,5.450,4.9911
3,far,inf,1e+17,P2,empty,3.735011e+05,4.750,1.650,4.150,-1.0000,3.74139,8.850,0.950,4.350,-1.0000
3,far,inf,1e+17,P2,person,2.651810e+06,7.750,1.450,2.950,0.0382,29.63887,7.750,1.450,2.950,0.0382
3,far,inf,1e+17,P2,vehicle,6.761511e+05,8.950,1.350,3.150,0.0132,8.59674,8.950,1.350,3.150,0.0132
3,far,50,1e+14,P1,empty,3.753666e+03,4.550,3.950,5.650,-1.0000,3.35581,5.350,1.450,5.350,-1.0000
3,far,50,1e+14,P1,person,4.595469e+03,4.850,0.350,5.350,3.6121,3.64521,12.250,1.450,4.250,4.1348
3,far,50,1e+14,P1,vehicle,3.969331e+03,4.550,1.150,5.650,4.5448,3.72007,5.750,0.750,1.750,3.4715
3,far,50,1e+14,P2,empty,5.236112e+03,4.850,3.650,5.150,-1.0000,3.53271,8.750,1.650,3.150,-1.0000
3,far,50,1e+14,P2,person,5.209677e+03,4.950,3.950,5.650,4.3454,3.51071,12.450,0.650,4.050,4.2873
3,far,50,1e+14,P2,vehicle,5.021957e+03,4.850,3.850,5.350,4.6624,3.61346,5.450,0.650,1.450,3.8662
3,far,50,1e+15,P1,empty,2.974423e+04,4.750,4.150,5.450,-1.0000,7.18494,4.650,4.050,5.550,-1.0000
3,far,50,1e+15,P1,person,2.986705e+04,4.650,4.150,5.450,4.5492,7.14801,4.650,4.150,5.450,4.5492
3,far,50,1e+15,P1,vehicle,3.107286e+04,4.750,4.150,5.450,4.9049,7.49245,4.750,4.150,5.450,4.9049
3,far,50,1e+15,P2,empty,2.063361e+04,4.350,2.050,5.550,-1.0000,3.79508,7.650,0.550,1.750,-1.0000
3,far,50,1e+15,P2,person,1.735590e+04,5.150,3.450,5.650,3.9734,4.23782,4.750,3.250,1.450,3.7256
3,far,50,1e+15,P2,vehicle,1.458860e+04,5.050,1.650,5.550,4.0355,3.90742,10.250,4.250,5.050,2.4977
3,far,50,1e+16,P1,empty,3.369606e+05,4.650,4.150,5.450,-1.0000,25.50187,4.650,4.150,5.450,-1.0000
3,far,50,1e+16,P1,person,3.034923e+05,4.650,4.150,5.450,4.5492,22.96893,4.650,4.150,5.450,4.5492
3,far,50,1e+16,P1,vehicle,3.081091e+05,4.650,4.150,5.450,4.9911,23.31833,4.650,4.150,5.450,4.9911
3,far,50,1e+16,P2,empty,4.689486e+04,4.450,0.850,4.950,-1.0000,3.64996,12.150,3.650,3.250,-1.0000
3,far,50,1e+16,P2,person,5.469134e+04,4.450,4.550,5.250,4.8239,4.19273,7.650,1.450,2.850,0.1699
3,far,50,1e+16,P2,vehicle,4.908923e+04,4.550,3.350,5.650,4.8019,3.59504,7.950,1.650,3.950,1.0132
3,far,50,1e+17,P1,empty,3.051777e+06,4.650,4.150,5.450,-1.0000,73.03748,4.650,4.150,5.450,-1.0000
3,far,50,1e+17,P1,person,3.110139e+06,4.650,4.150,5.450,4.5492,74.43423,4.650,4.150,5.450,4.5492
3,far,50,1e+17,P1,vehicle,3.089229e+06,4.650,4.150,5.450,4.9911,73.93380,4.650,4.150,5.450,4.9911
3,far,50,1e+17,P2,empty,1.785753e+05,4.450,4.250,5.350,-1.0000,3.77077,5.150,4.350,4.950,-1.0000
3,far,50,1e+17,P2,person,2.204352e+05,7.850,1.450,3.050,0.0000,8.87921,7.850,1.450,3.050,0.0000
3,far,50,1e+17,P2,vehicle,1.491259e+05,4.350,0.650,5.050,4.6387,3.86986,8.950,1.250,3.150,0.0132
3,far,30,1e+14,P1,empty,1.805921e+03,4.950,1.450,5.550,-1.0000,3.50404,7.650,2.350,3.950,-1.0000
3,far,30,1e+14,P1,person,1.745510e+03,4.650,4.050,5.550,4.5459,3.79856,13.350,0.650,5.150,5.4539
3,far,30,1e+14,P1,vehicle,2.061925e+03,4.450,3.450,5.350,4.8692,3.38538,10.150,4.550,2.550,2.7976
3,far,30,1e+14,P2,empty,2.482829e+03,4.350,0.950,5.250,-1.0000,3.92765,9.950,1.850,4.350,-1.0000
3,far,30,1e+14,P2,person,2.493699e+03,4.650,0.550,5.450,3.8331,3.88890,6.650,2.750,1.550,2.0868
3,far,30,1e+14,P2,vehicle,2.785424e+03,4.850,0.350,5.450,4.2075,4.45870,6.350,2.850,1.450,3.2460
3,far,30,1e+15,P1,empty,1.001602e+04,4.450,0.850,5.450,-1.0000,4.15196,4.450,0.850,5.450,-1.0000
3,far,30,1e+15,P1,person,8.655857e+03,4.650,4.050,5.550,4.5459,3.87812,4.550,4.650,5.450,4.9023
3,far,30,1e+15,P1,vehicle,1.010378e+04,4.750,4.050,5.550,4.8770,4.42652,4.750,4.050,5.550,4.8770
3,far,30,1e+15,P2,empty,7.435746e+03,4.450,1.350,5.250,-1.0000,3.67876,8.150,2.950,4.850,-1.0000
3,far,30,1e+15,P2,person,9.057012e+03,4.550,2.250,5.550,4.0104,3.71856,6.450,4.450,2.850,3.0599
3,far,30,1e+15,P2,vehicle,9.123459e+03,4.350,0.650,5.250,4.6639,3.56174,9.950,4.250,3.250,2.4500
3,far,30,1e+16,P1,empty,7.660567e+04,4.650,4.150,5.450,-1.0000,10.70191,4.650,4.150,5.450,-1.0000
3,far,30,1e+16,P1,person,8.468220e+04,4.650,4.150,5.450,4.5492,11.96895,4.750,4.150,5.450,4.4808
3,far,30,1e+16,P1,vehicle,7.367152e+04,4.650,4.050,5.550,4.9637,10.31794,4.650,4.050,5.550,4.9637
3,far,30,1e+16,P2,empty,2.613009e+04,4.550,2.150,4.750,-1.0000,3.74360,10.850,2.850,4.450,-1.0000
3,far,30,1e+16,P2,person,3.063772e+04,4.450,4.350,5.150,4.6669,3.87591,11.450,3.850,1.950,3.9920
3,far,30,1e+16,P2,vehicle,2.551464e+04,4.750,1.850,5.350,4.2861,3.52321,6.450,4.450,1.750,3.8814
3,far,30,1e+17,P1,empty,7.939711e+05,4.650,4.150,5.450,-1.0000,35.07560,4.650,4.150,5.450,-1.0000
3,far,30,1e+17,P1,person,7.891155e+05,4.650,4.150,5.450,4.5492,34.86109,4.650,4.150,5.450,4.5492
3,far,30,1e+17,P1,vehicle,7.691595e+05,4.650,4.150,5.450,4.9911,33.97948,4.650,4.150,5.450,4.9911
3,far,30,1e+17,P2,empty,9.461687e+04,4.550,0.950,5.350,-1.0000,3.48026,11.650,2.350,3.350,-1.0000
3,far,30,1e+17,P2,person,8.576061e+04,5.250,1.950,5.650,3.5029,4.73383,7.850,1.550,3.050,0.0000
3,far,30,1e+17,P2,vehicle,8.231282e+04,4.350,3.750,5.550,5.1045,3.39802,9.950,2.150,2.150,0.9788
3,far,20,1e+14,P1,empty,1.036911e+03,4.350,3.350,5.250,-1.0000,3.67598,9.250,2.650,3.850,-1.0000
3,far,20,1e+14,P1,person,8.303841e+02,4.350,4.250,5.450,4.8133,3.75448,5.550,4.650,3.850,3.7514
3,far,20,1e+14,P1,vehicle,8.993371e+02,4.450,3.750,5.350,4.9788,4.04661,9.550,1.450,4.850,0.2859
3,far,20,1e+14,P2,empty,1.278123e+03,4.850,2.750,5.650,-1.0000,3.76293,8.650,0.550,5.050,-1.0000
3,far,20,1e+14,P2,person,1.375883e+03,4.450,2.850,5.350,4.1086,3.58907,11.950,4.050,3.050,4.3932
3,far,20,1e+14,P2,vehicle,1.349991e+03,4.450,3.750,5.650,5.0349,3.60275,8.750,2.850,3.750,1.0714
3,far,20,1e+15,P1,empty,2.709242e+03,4.750,1.050,5.650,-1.0000,3.52001,5.950,4.150,2.850,-1.0000
3,far,20,1e+15,P1,person,2.877696e+03,4.650,1.050,5.650,3.9514,3.70402,9.550,2.750,2.550,1.7270
3,far,20,1e+15,P1,vehicle,3.064250e+03,4.650,1.250,5.450,4.4032,4.09644,7.450,4.650,4.850,3.2394
3,far,20,1e+15,P2,empty,3.951044e+03,4.450,3.750,5.650,-1.0000,3.64591,9.950,2.850,2.250,-1.0000
3,far,20,1e+15,P2,person,4.399353e+03,4.550,1.050,5.350,3.8601,4.03852,11.750,2.850,2.450,3.7289
3,far,20,1e+15,P2,vehicle,4.052045e+03,4.650,0.850,5.650,4.4478,3.96635,8.050,0.350,2.550,1.0480
3,far,20,1e+16,P1,empty,1.590555e+04,4.650,3.950,5.650,-1.0000,4.24409,4.650,3.950,5.650,-1.0000
3,far,20,1e+16,P1,person,1.908399e+04,4.650,4.150,5.450,4.5492,5.70811,4.650,4.150,5.450,4.5492
3,far,20,1e+16,P1,vehicle,1.467391e+04,4.650,4.150,5.450,4.9911,4.38904,4.650,4.150,5.450,4.9911
3,far,20,1e+16,P2,empty,1.398160e+04,5.050,4.050,5.650,-1.0000,3.56127,10.150,4.650,3.850,-1.0000
3,far,20,1e+16,P2,person,1.558886e+04,4.350,1.550,5.650,4.1936,3.77078,5.850,3.850,1.750,3.1331
3,far,20,1e+16,P2,vehicle,1.433557e+04,4.550,1.450,5.450,4.5012,3.64552,5.450,2.650,1.450,3.9586
3,far,20,1e+17,P1,empty,1.537463e+05,4.650,4.150,5.450,-1.0000,14.54213,4.650,4.150,5.450,-1.0000
3,far,20,1e+17,P1,person,1.485617e+05,4.650,4.150,5.450,4.5492,14.05175,4.650,4.150,5.450,4.5492
3,far,20,1e+17,P1,vehicle,1.537985e+05,4.650,4.150,5.450,4.9911,14.54707,4.650,4.150,5.450,4.9911
3,far,20,1e+17,P2,empty,4.334717e+04,4.850,4.050,5.250,-1.0000,4.21336,7.650,1.050,5.150,-1.0000
3,far,20,1e+17,P2,person,3.968048e+04,4.350,1.050,5.650,4.1936,3.83478,4.550,0.750,3.250,3.2382
3,far,20,1e+17,P2,vehicle,4.035647e+04,4.850,2.050,5.650,4.2614,4.18842,9.450,1.850,3.950,0.0500
3,far,15,1e+14,P1,empty,4.636791e+02,4.350,2.150,5.250,-1.0000,3.60037,12.250,2.150,3.250,-1.0000
3,far,15,1e+14,P1,person,4.137431e+02,4.950,2.150,5.550,3.6814,3.79543,9.450,2.150,4.950,2.1365
3,far,15,1e+14,P1,vehicle,4.426703e+02,4.550,1.250,5.550,4.5220,3.50100,7.750,4.450,5.250,2.9941
3,far,15,1e+14,P2,empty,6.982410e+02,4.350,3.350,5.650,-1.0000,3.42701,11.250,2.550,3.150,-1.0000
3,far,15,1e+14,P2,person,7.233850e+02,4.450,1.950,5.450,4.0063,3.59708,11.350,3.350,1.650,3.7541
3,far,15,1e+14,P2,vehicle,5.703755e+02,4.350,1.750,5.650,4.7393,3.51742,5.550,2.350,4.550,3.4572
3,far,15,1e+15,P1,empty,1.553743e+03,4.450,1.550,5.350,-1.0000,3.73113,6.450,2.950,4.350,-1.0000
3,far,15,1e+15,P1,person,1.319730e+03,4.450,1.450,5.450,3.9985,3.59468,9.450,1.750,3.050,1.2129
3,far,15,1e+15,P1,vehicle,1.231717e+03,4.450,2.850,5.550,4.7374,3.76875,8.250,2.450,2.250,1.2625
3,far,15,1e+15,P2,empty,1.835407e+03,4.550,3.650,5.650,-1.0000,3.51980,11.050,0.550,3.050,-1.0000
3,far,15,1e+15,P2,person,2.231515e+03,4.450,1.750,5.650,4.1123,3.53686,6.950,0.850,4.850,1.8072
3,far,15,1e+15,P2,vehicle,2.167302e+03,4.450,2.550,5.350,4.6421,3.50831,4.350,1.350,2.250,4.6845
3,far,15,1e+16,P1,empty,4.932934e+03,4.650,4.150,5.450,-1.0000,3.46127,10.650,3.350,4.050,-1.0000
3,far,15,1e+16,P1,person,4.405704e+03,4.650,4.150,5.450,4.5492,3.95978,6.850,1.650,2.550,1.0195
3,far,15,1e+16,P1,vehicle,5.630913e+03,4.650,3.950,5.650,4.9402,3.56088,12.550,3.250,5.050,1.8761
3,far,15,1e+16,P2,empty,5.902054e+03,4.450,3.750,5.250,-1.0000,3.81387,5.150,0.450,2.450,-1.0000
3,far,15,1e+16,P2,person,7.196165e+03,4.550,1.850,5.650,4.0340,3.45489,7.850,3.050,3.850,1.4778
3,far,15,1e+16,P2,vehicle,6.684261e+03,4.350,1.650,5.650,4.7393,4.16449,10.950,0.950,2.850,0.2141
3,far,15,1e+17,P1,empty,3.238558e+04,4.650,4.150,5.450,-1.0000,6.27144,4.650,4.150,5.450,-1.0000
3,far,15,1e+17,P1,person,2.710960e+04,4.650,4.150,5.450,4.5492,5.24975,4.650,4.150,5.450,4.5492
3,far,15,1e+17,P1,vehicle,3.093836e+04,4.350,0.850,5.450,4.6975,5.37636,4.350,0.850,5.450,4.6975
3,far,15,1e+17,P2,empty,2.434714e+04,4.350,1.250,5.650,-1.0000,3.53109,12.550,1.350,4.050,-1.0000
3,far,15,1e+17,P2,person,1.854139e+04,5.350,1.850,5.550,3.3559,3.56323,8.050,1.350,4.650,1.4011
3,far,15,1e+17,P2,vehicle,2.067053e+04,4.850,3.250,5.550,4.4713,3.58702,5.450,3.250,4.450,3.8007
3,far,10,1e+14,P1,empty,2.361960e+02,7.550,0.850,2.750,-1.0000,3.66924,7.550,0.850,2.750,-1.0000
3,far,10,1e+14,P1,person,2.344048e+02,11.550,0.650,4.650,3.5960,3.68481,11.550,0.650,4.650,3.5960
3,far,10,1e+14,P1,vehicle,2.403822e+02,6.850,2.550,2.250,2.3855,3.75150,6.850,2.550,2.250,2.3855
3,far,10,1e+14,P2,empty,3.419387e+02,6.050,1.950,3.350,-1.0000,3.75062,6.050,1.950,3.350,-1.0000
3,far,10,1e+14,P2,person,3.449384e+02,6.750,2.550,4.550,1.8690,3.78882,6.750,2.550,4.550,1.8690
3,far,10,1e+14,P2,vehicle,3.141771e+02,5.150,3.550,2.850,4.2010,3.47208,5.150,3.550,2.850,4.2010
3,far,10,1e+15,P1,empty,8.190013e+02,8.950,1.850,4.350,-1.0000,4.05432,8.950,1.850,4.350,-1.0000
3,far,10,1e+15,P1,person,7.206372e+02,13.650,2.650,4.750,5.6959,3.55987,13.650,2.650,4.750,5.6959
3,far,10,1e+15,P1,vehicle,7.349271e+02,11.050,0.950,4.150,0.0000,3.64833,11.050,0.950,4.150,0.0000
3,far,10,1e+15,P2,empty,9.851585e+02,13.450,1.150,4.350,-1.0000,3.43996,13.450,1.150,4.350,-1.0000
3,far,10,1e+15,P2,person,1.028566e+03,5.950,0.950,2.050,2.0462,3.56932,5.950,0.950,2.050,2.0462
3,far,10,1e+15,P2,vehicle,9.629572e+02,7.050,1.550,3.150,1.9132,3.35565,13.650,4.050,3.350,3.1376
3,far,10,1e+16,P1,empty,2.509523e+03,8.750,2.650,3.650,-1.0000,3.92344,8.750,2.650,3.650,-1.0000
3,far,10,1e+16,P1,person,2.569513e+03,4.850,3.350,5.450,4.0249,3.65300,4.850,3.350,5.450,4.0249
3,far,10,1e+16,P1,vehicle,2.379972e+03,5.450,1.850,2.850,3.5201,3.70545,5.450,1.850,2.850,3.5201
3,far,10,1e+16,P2,empty,3.469804e+03,11.850,3.450,4.750,-1.0000,3.84466,11.850,3.450,4.750,-1.0000
3,far,10,1e+16,P2,person,3.316069e+03,7.350,3.050,2.850,1.4228,3.66888,7.350,3.050,2.850,1.4228
3,far,10,1e+16,P2,vehicle,3.547231e+03,12.550,3.650,4.150,2.1456,3.92870,12.550,3.650,4.150,2.1456
3,far,10,1e+17,P1,empty,7.480921e+03,4.650,0.750,2.050,-1.0000,3.68366,4.650,0.750,2.050,-1.0000
3,far,10,1e+17,P1,person,7.476900e+03,13.650,1.150,3.350,5.4128,3.67483,13.650,1.150,3.350,5.4128
3,far,10,1e+17,P1,vehicle,8.031625e+03,9.950,4.550,2.750,2.7679,3.95956,9.950,4.550,2.750,2.7679
3,far,10,1e+17,P2,empty,1.026689e+04,11.150,1.250,2.050,-1.0000,3.57580,11.150,1.250,2.050,-1.0000
3,far,10,1e+17,P2,person,1.104881e+04,8.850,2.950,3.150,1.3917,3.85308,8.850,2.950,3.150,1.3917
3,far,10,1e+17,P2,vehicle,1.015145e+04,9.050,0.750,4.450,0.0000,3.54395,9.050,0.750,4.450,0.0000
3,far,5,1e+14,P1,empty,2.368221e+02,9.750,3.050,4.750,-1.0000,3.68197,9.750,3.050,4.750,-1.0000
3,far,5,1e+14,P1,person,2.260672e+02,8.150,3.750,3.750,2.1103,3.53272,8.150,3.750,3.750,2.1103
3,far,5,1e+14,P1,vehicle,2.276915e+02,7.250,0.450,2.250,1.8968,3.54904,7.250,0.450,2.250,1.8968
3,far,5,1e+14,P2,empty,3.303942e+02,9.550,0.750,1.450,-1.0000,3.63743,9.550,0.750,1.450,-1.0000
3,far,5,1e+14,P2,person,3.430354e+02,6.250,3.450,4.150,2.4981,3.78049,6.250,3.450,4.150,2.4981
3,far,5,1e+14,P2,vehicle,3.562463e+02,11.050,3.050,4.350,1.2500,3.96096,11.050,3.050,4.350,1.2500
3,far,5,1e+15,P1,empty,7.643759e+02,4.550,3.450,4.850,-1.0000,3.79265,4.550,3.450,4.850,-1.0000
3,far,5,1e+15,P1,person,8.416718e+02,6.750,2.250,2.750,1.1916,4.13877,6.750,2.250,2.750,1.1916
3,far,5,1e+15,P1,vehicle,7.709971e+02,11.050,1.050,2.550,0.5141,3.79431,11.050,1.050,2.550,0.5141
3,far,5,1e+15,P2,empty,1.012435e+03,11.050,4.350,5.350,-1.0000,3.54713,11.050,4.350,5.350,-1.0000
3,far,5,1e+15,P2,person,1.071310e+03,12.950,0.950,3.850,4.7500,3.75409,12.950,0.950,3.850,4.7500
3,far,5,1e+15,P2,vehicle,9.781535e+02,10.450,1.850,2.550,0.5165,3.41823,10.450,1.850,2.550,0.5165
3,far,5,1e+16,P1,empty,2.383118e+03,7.850,2.350,1.450,-1.0000,3.71524,7.850,2.350,1.450,-1.0000
3,far,5,1e+16,P1,person,2.606945e+03,7.350,4.550,2.450,2.9263,4.07119,7.350,4.550,2.450,2.9263
3,far,5,1e+16,P1,vehicle,2.566133e+03,12.150,4.550,4.650,2.8358,3.99787,12.150,4.550,4.650,2.8358
3,far,5,1e+16,P2,empty,3.283234e+03,8.850,3.350,3.050,-1.0000,3.64236,8.850,3.350,3.050,-1.0000
3,far,5,1e+16,P2,person,3.243730e+03,9.250,3.650,1.850,2.4564,3.58034,9.250,3.650,1.850,2.4564
3,far,5,1e+16,P2,vehicle,3.581320e+03,7.350,1.550,4.950,1.6587,3.96703,7.350,1.550,4.950,1.6587
3,far,5,1e+17,P1,empty,7.323502e+03,7.250,4.050,2.650,-1.0000,3.59088,7.250,4.050,2.650,-1.0000
3,far,5,1e+17,P1,person,7.399934e+03,5.550,3.950,2.950,3.1736,3.65297,5.550,3.950,2.950,3.1736
3,far,5,1e+17,P1,vehicle,7.094884e+03,9.150,4.650,4.350,2.8500,3.51107,4.650,3.250,4.450,4.5504
3,far,5,1e+17,P2,empty,1.013401e+04,7.950,4.550,3.050,-1.0000,3.53121,6.650,2.350,2.350,-1.0000
3,far,5,1e+17,P2,person,1.109623e+04,10.750,4.650,5.650,4.5582,3.84847,10.750,4.650,5.650,4.5582
3,far,5,1e+17,P2,vehicle,1.053275e+04,6.450,4.350,2.150,3.6952,3.67738,6.450,4.350,2.150,3.6952
3,near,inf,1e+14,P1,empty,2.939503e+04,4.550,3.950,5.650,-1.0000,8.83888,4.550,3.950,5.650,-1.0000
3,near,inf,1e+14,P1,person,2.708652e+04,4.550,4.050,5.550,4.6155,8.33994,4.550,4.050,5.550,4.6155
3,near,inf,1e+14,P1,vehicle,2.608180e+04,4.650,3.950,5.650,4.9402,7.88884,4.650,3.950,5.650,4.9402
3,near,inf,1e+14,P2,empty,1.154958e+04,4.650,4.450,5.150,-1.0000,3.88972,10.550,1.750,3.750,-1.0000
3,near,inf,1e+14,P2,person,1.120801e+04,4.650,0.950,5.450,3.8331,3.44729,10.950,3.150,5.150,3.6153
3,near,inf,1e+14,P2,vehicle,1.221052e+04,4.650,2.250,5.250,4.3905,3.49202,10.250,3.550,2.950,1.7537
3,near,inf,1e+15,P1,empty,2.431559e+05,4.650,4.150,5.450,-1.0000,23.39622,4.650,4.150,5.450,-1.0000
3,near,inf,1e+15,P1,person,2.424630e+05,4.650,3.950,5.650,4.5471,23.76374,4.650,4.050,5.550,4.5459
3,near,inf,1e+15,P1,vehicle,2.396716e+05,4.650,3.950,5.650,4.9402,22.92409,4.650,3.950,5.650,4.9402
3,near,inf,1e+15,P2,empty,4.402134e+04,4.450,0.650,5.250,-1.0000,3.25527,4.550,3.850,3.950,-1.0000
3,near,inf,1e+15,P2,person,3.876118e+04,5.550,0.850,4.850,2.7519,4.00147,7.750,1.350,2.950,0.0382
3,near,inf,1e+15,P2,vehicle,3.665689e+04,4.350,4.550,4.750,5.3739,3.89106,9.950,2.450,3.750,0.6500
3,near,inf,1e+16,P1,empty,2.400774e+06,4.650,4.150,5.450,-1.0000,73.04861,4.650,4.150,5.450,-1.0000
3,near,inf,1e+16,P1,person,2.366294e+06,4.650,3.950,5.650,4.5471,71.90704,4.650,4.050,5.550,4.5459
3,near,inf,1e+16,P1,vehicle,2.382895e+06,4.650,4.150,5.450,4.9911,72.50461,4.650,4.150,5.450,4.9911
3,near,inf,1e+16,P2,empty,1.420968e+05,4.850,0.550,5.250,-1.0000,3.62186,7.350,3.150,5.650,-1.0000
3,near,inf,1e+16,P2,person,2.981206e+05,7.750,1.250,2.950,0.0382,10.48519,7.750,1.250,2.950,0.0382
3,near,inf,1e+16,P2,vehicle,1.131956e+05,4.450,3.550,5.150,4.8759,4.12105,8.950,1.350,3.150,0.0132
3,near,inf,1e+17,P1,empty,2.387920e+07,4.650,3.950,5.650,-1.0000,228.39964,4.650,3.950,5.650,-1.0000
3,near,inf,1e+17,P1,person,2.375371e+07,4.650,3.950,5.650,4.5471,227.27850,4.650,4.150,5.450,4.5492
3,near,inf,1e+17,P1,vehicle,2.386530e+07,4.650,4.150,5.450,4.9911,229.62947,4.650,4.150,5.450,4.9911
3,near,inf,1e+17,P2,empty,4.179957e+05,4.350,0.350,5.650,-1.0000,3.46336,9.450,0.650,5.650,-1.0000
3,near,inf,1e+17,P2,person,2.833773e+06,7.750,1.350,2.950,0.0382,31.57653,7.750,1.350,2.950,0.0382
3,near,inf,1e+17,P2,vehicle,6.831710e+05,8.950,1.550,3.150,0.0132,8.87042,8.850,1.250,2.950,0.1607
3,near,50,1e+14,P1,empty,9.194914e+03,4.350,0.850,5.450,-1.0000,3.95334,4.950,4.250,5.450,-1.0000
3,near,50,1e+14,P1,person,9.601321e+03,4.750,4.150,5.450,4.4808,4.50373,4.750,4.150,5.450,4.4808
3,near,50,1e+14,P1,vehicle,1.064814e+04,4.350,0.850,5.450,4.6975,4.55442,4.350,0.850,5.450,4.6975
3,near,50,1e+14,P2,empty,8.183225e+03,4.350,2.450,5.650,-1.0000,3.67001,9.250,3.150,5.550,-1.0000
3,near,50,1e+14,P2,person,9.144177e+03,4.350,0.850,5.450,4.0824,3.99906,12.250,2.350,2.250,4.1238
3,near,50,1e+14,P2,vehicle,8.932256e+03,4.350,2.550,5.650,4.7982,3.67679,7.250,0.350,4.550,1.7132
3,near,50,1e+15,P1,empty,7.650986e+04,4.650,4.150,5.450,-1.0000,11.26654,4.650,4.150,5.450,-1.0000
3,near,50,1e+15,P1,person,8.259570e+04,4.650,4.150,5.450,4.5492,12.16272,4.650,4.150,5.450,4.5492
3,near,50,1e+15,P1,vehicle,7.694603e+04,4.750,4.150,5.450,4.9049,11.41373,4.750,4.150,5.450,4.9049
3,near,50,1e+15,P2,empty,2.366834e+04,4.350,4.450,5.050,-1.0000,3.48378,8.950,2.250,5.650,-1.0000
3,near,50,1e+15,P2,person,3.085432e+04,5.050,4.650,5.450,4.5875,3.50533,5.050,4.650,5.450,4.5875
3,near,50,1e+15,P2,vehicle,2.400894e+04,5.250,4.150,5.550,4.5036,4.03121,11.450,1.750,3.850,0.0000
3,near,50,1e+16,P1,empty,7.866109e+05,4.650,4.150,5.450,-1.0000,36.62969,4.650,4.150,5.450,-1.0000
3,near,50,1e+16,P1,person,7.720468e+05,4.650,4.150,5.450,4.5492,35.95149,4.650,4.150,5.450,4.5492
3,near,50,1e+16,P1,vehicle,7.694558e+05,4.650,4.150,5.450,4.9911,35.83084,4.650,4.150,5.450,4.9911
3,near,50,1e+16,P2,empty,8.728008e+04,4.450,3.950,5.650,-1.0000,3.55684,9.150,2.950,2.350,-1.0000
3,near,50,1e+16,P2,person,7.222621e+04,4.450,1.450,5.050,3.7931,4.90163,7.950,1.550,3.150,0.0000
3,near,50,1e+16,P2,vehicle,7.703394e+04,4.350,4.150,5.150,5.2103,3.47531,12.150,4.650,5.350,3.0351
3,near,50,1e+17,P1,empty,7.802104e+06,4.650,4.150,5.450,-1.0000,114.89072,4.650,4.150,5.450,-1.0000
3,near,50,1e+17,P1,person,7.753850e+06,4.650,4.150,5.450,4.5492,114.18016,4.650,4.150,5.450,4.5492
3,near,50,1e+17,P1,vehicle,7.794530e+06,4.650,4.150,5.450,4.9911,114.77920,4.650,4.150,5.450,4.9911
3,near,50,1e+17,P2,empty,2.427195e+05,4.350,3.950,5.550,-1.0000,3.86368,7.650,3.450,4.050,-1.0000
3,near,50,1e+17,P2,person,5.956936e+05,7.750,1.350,2.950,0.0382,14.64126,7.750,1.350,2.950,0.0382
3,near,50,1e+17,P2,vehicle,2.784105e+05,4.750,1.650,5.650,4.3509,4.51681,8.950,1.350,4.350,0.0132
3,near,30,1e+14,P1,empty,6.078573e+03,4.750,0.750,5.450,-1.0000,3.90816,7.550,1.850,3.550,-1.0000
3,near,30,1e+14,P1,person,5.752987e+03,4.350,0.850,5.450,4.0824,3.48266,10.450,0.750,5.550,3.1917
3,near,30,1e+14,P1,vehicle,5.664342e+03,4.750,4.150,5.450,4.9049,3.80501,4.450,0.850,1.950,4.6487
3,near,30,1e+14,P2,empty,5.892235e+03,4.350,3.150,5.550,-1.0000,3.70813,6.350,0.650,1.750,-1.0000
3,near,30,1e+14,P2,person,6.192749e+03,4.550,0.350,5.650,4.0312,4.17120,6.150,2.450,2.450,1.8695
3,near,30,1e+14,P2,vehicle,7.158842e+03,4.350,0.950,5.050,4.6387,3.68689,12.150,3.150,4.250,1.5147
3,near,30,1e+15,P1,empty,3.703572e+04,4.650,3.950,5.650,-1.0000,6.71160,4.650,3.950,5.650,-1.0000
3,near,30,1e+15,P1,person,4.094612e+04,4.650,0.950,5.550,3.8914,7.79614,4.650,4.050,5.550,4.5459
3,near,30,1e+15,P1,vehicle,3.906942e+04,4.750,4.150,5.450,4.9049,7.81544,4.750,4.150,5.450,4.9049
3,near,30,1e+15,P2,empty,1.817398e+04,4.550,1.150,5.150,-1.0000,3.58334,8.950,2.250,5.050,-1.0000
3,near,30,1e+15,P2,person,2.037504e+04,4.550,0.850,5.050,3.7054,3.73815,11.050,3.750,4.950,3.8733
3,near,30,1e+15,P2,vehicle,2.113374e+04,4.950,0.750,4.550,4.0132,4.16519,4.950,0.750,4.550,4.0132
3,near,30,1e+16,P1,empty,3.363627e+05,4.350,0.850,5.450,-1.0000,21.05064,4.750,4.150,5.450,-1.0000
3,near,30,1e+16,P1,person,3.640875e+05,4.650,4.150,5.450,4.5492,22.72667,4.650,4.150,5.450,4.5492
3,near,30,1e+16,P1,vehicle,3.670345e+05,4.650,4.150,5.450,4.9911,22.91062,4.650,4.150,5.450,4.9911
3,near,30,1e+16,P2,empty,5.837820e+04,4.350,3.550,5.550,-1.0000,3.74853,8.050,2.750,5.250,-1.0000
3,near,30,1e+16,P2,person,6.098752e+04,4.450,0.550,4.650,3.6203,4.03692,7.850,4.650,1.450,3.3090
3,near,30,1e+16,P2,vehicle,6.535119e+04,4.750,0.950,5.250,4.2686,3.46132,10.450,0.550,3.950,0.0000
3,near,30,1e+17,P1,empty,3.660900e+06,4.650,4.150,5.450,-1.0000,72.26330,4.650,4.150,5.450,-1.0000
3,near,30,1e+17,P1,person,3.620316e+06,4.650,4.150,5.450,4.5492,71.46221,4.650,4.150,5.450,4.5492
3,near,30,1e+17,P1,vehicle,3.648923e+06,4.650,4.150,5.450,4.9911,72.02688,4.650,4.150,5.450,4.9911
3,near,30,1e+17,P2,empty,2.216160e+05,4.450,3.850,5.250,-1.0000,4.49465,12.950,3.950,2.050,-1.0000
3,near,30,1e+17,P2,person,2.230666e+05,7.850,1.450,3.050,0.0000,9.21547,7.850,1.450,3.050,0.0000
3,near,30,1e+17,P2,vehicle,2.459297e+05,4.750,0.950,5.550,4.3270,4.36057,9.150,0.350,5.250,0.6859
3,near,20,1e+14,P1,empty,3.280945e+03,4.650,3.150,5.550,-1.0000,3.85800,5.350,4.650,3.050,-1.0000
3,near,20,1e+14,P1,person,2.894730e+03,4.650,4.150,5.450,4.5492,3.89274,10.250,2.750,3.450,2.2782
3,near,20,1e+14,P1,vehicle,2.866783e+03,4.650,4.150,5.450,4.9911,4.36326,11.950,1.150,1.750,1.4014
3,near,20,1e+14,P2,empty,4.114190e+03,4.550,1.850,5.650,-1.0000,3.48430,12.250,2.750,2.950,-1.0000
3,near,20,1e+14,P2,person,4.679044e+03,4.350,1.250,5.550,4.1371,3.54211,12.350,4.250,2.250,4.8886
3,near,20,1e+14,P2,vehicle,4.780271e+03,4.350,2.850,5.650,4.8542,3.49532,9.050,4.650,1.950,3.0600
3,near,20,1e+15,P1,empty,1.863846e+04,4.450,0.850,5.450,-1.0000,4.68468,4.450,0.850,5.450,-1.0000
3,near,20,1e+15,P1,person,1.368905e+04,4.550,0.850,5.450,3.9154,3.83926,5.150,0.350,5.450,3.4358
3,near,20,1e+15,P1,vehicle,1.779048e+04,4.350,0.850,5.450,4.6975,4.38481,4.450,4.550,5.350,5.3431
3,near,20,1e+15,P2,empty,1.289743e+04,4.450,4.250,5.450,-1.0000,3.33945,10.150,3.750,5.350,-1.0000
3,near,20,1e+15,P2,person,1.492862e+04,5.150,1.150,5.450,3.4358,3.77968,13.650,0.450,1.750,5.5430
3,near,20,1e+15,P2,vehicle,1.336295e+04,4.750,3.050,5.550,4.5039,3.48434,10.950,1.750,3.250,0.0000
3,near,20,1e+16,P1,empty,1.480002e+05,4.350,0.850,5.450,-1.0000,12.73806,4.650,4.150,5.450,-1.0000
3,near,20,1e+16,P1,person,1.358188e+05,4.650,4.150,5.450,4.5492,12.31681,4.650,4.150,5.450,4.5492
3,near,20,1e+16,P1,vehicle,1.325906e+05,4.450,0.850,5.450,4.5993,11.67549,4.650,4.150,5.450,4.9911
3,near,20,1e+16,P2,empty,5.061235e+04,4.450,1.250,5.550,-1.0000,3.70381,9.350,3.350,4.150,-1.0000
3,near,20,1e+16,P2,person,4.895178e+04,4.950,2.650,5.650,3.8370,3.45538,4.950,2.650,2.550,3.0194
3,near,20,1e+16,P2,vehicle,4.031043e+04,4.650,2.250,5.450,4.4262,3.64929,4.950,2.750,3.850,4.1241
3,near,20,1e+17,P1,empty,1.398073e+06,4.650,4.150,5.450,-1.0000,40.09299,4.650,4.150,5.450,-1.0000
3,near,20,1e+17,P1,person,1.415740e+06,4.650,4.150,5.450,4.5492,40.59962,4.650,4.150,5.450,4.5492
3,near,20,1e+17,P1,vehicle,1.365196e+06,4.350,0.850,5.450,4.6975,38.62213,4.650,4.150,5.450,4.9911
3,near,20,1e+17,P2,empty,1.661374e+05,4.650,1.250,5.550,-1.0000,3.56535,9.450,0.850,3.450,-1.0000
3,near,20,1e+17,P2,person,1.362281e+05,4.350,2.450,5.650,4.2601,5.27380,7.850,1.450,3.050,0.0000
3,near,20,1e+17,P2,vehicle,1.531822e+05,4.450,2.350,5.650,4.6744,3.71059,8.550,4.050,2.650,2.3248
3,near,15,1e+14,P1,empty,2.203007e+03,4.750,1.450,5.350,-1.0000,3.46841,6.350,4.050,1.850,-1.0000
3,near,15,1e+14,P1,person,2.216227e+03,4.350,3.750,5.250,4.4752,3.68901,9.050,4.050,5.250,3.1915
3,near,15,1e+14,P1,vehicle,1.923920e+03,4.650,4.650,5.350,5.2291,3.46429,6.550,2.650,2.850,2.5674
3,near,15,1e+14,P2,empty,2.975163e+03,4.850,1.150,5.550,-1.0000,4.02305,9.650,4.250,4.550,-1.0000
3,near,15,1e+14,P2,person,3.235406e+03,4.450,1.850,5.550,4.0572,3.82929,6.050,3.150,5.650,3.2998
3,near,15,1e+14,P2,vehicle,3.756793e+03,4.650,2.950,5.550,4.5714,3.76443,13.250,3.350,4.350,2.3654
3,near,15,1e+15,P1,empty,6.750005e+03,4.650,4.650,5.350,-1.0000,3.45901,5.250,3.350,1.450,-1.0000
3,near,15,1e+15,P1,person,8.670279e+03,4.350,0.850,5.450,4.0824,3.65458,7.750,1.750,3.850,0.6044
3,near,15,1e+15,P1,vehicle,1.072982e+04,4.550,4.150,5.450,5.0777,4.32497,4.550,4.150,5.450,5.0777
3,near,15,1e+15,P2,empty,1.014433e+04,4.450,0.650,5.350,-1.0000,3.73213,4.450,4.550,1.950,-1.0000
3,near,15,1e+15,P2,person,7.873935e+03,4.350,0.750,5.350,4.0293,3.48268,9.850,2.850,3.450,1.9902
3,near,15,1e+15,P2,vehicle,9.861394e+03,4.350,0.450,5.050,4.6387,3.73755,5.450,3.250,3.550,3.8007
3,near,15,1e+16,P1,empty,5.549521e+04,4.350,0.850,5.450,-1.0000,6.66953,4.650,4.150,5.450,-1.0000
3,near,15,1e+16,P1,person,6.288147e+04,4.350,0.850,5.450,4.0824,7.51545,4.750,4.150,5.450,4.4808
3,near,15,1e+16,P1,vehicle,5.755891e+04,4.650,4.150,5.450,4.9911,7.62503,4.650,4.150,5.450,4.9911
3,near,15,1e+16,P2,empty,3.677329e+04,4.550,2.150,5.650,-1.0000,3.66863,12.250,0.350,2.850,-1.0000
3,near,15,1e+16,P2,person,3.198401e+04,4.450,2.050,5.650,4.1269,3.94038,10.550,2.450,4.150,2.5921
3,near,15,1e+16,P2,vehicle,3.179860e+04,4.550,2.150,5.650,4.5583,3.78889,8.550,4.350,3.350,2.5833
3,near,15,1e+17,P1,empty,5.769052e+05,4.350,0.850,5.450,-1.0000,22.85191,4.650,4.150,5.450,-1.0000
3,near,15,1e+17,P1,person,5.701993e+05,4.350,0.850,5.450,4.0824,23.19360,4.650,4.150,5.450,4.5492
3,near,15,1e+17,P1,vehicle,5.637430e+05,4.350,0.850,5.450,4.6975,22.91925,4.650,4.150,5.450,4.9911
3,near,15,1e+17,P2,empty,1.175999e+05,4.350,1.750,5.650,-1.0000,4.41016,11.650,4.650,2.650,-1.0000
3,near,15,1e+17,P2,person,1.145220e+05,4.650,3.150,5.550,4.1528,3.43836,7.750,0.850,2.950,0.0382
3,near,15,1e+17,P2,vehicle,1.081979e+05,4.450,1.350,5.550,4.6196,3.48701,5.650,0.550,2.450,3.3696
3,near,10,1e+14,P1,empty,1.102871e+03,4.650,2.550,5.650,-1.0000,4.01803,9.250,2.450,5.450,-1.0000
3,near,10,1e+14,P1,person,8.469934e+02,4.750,0.750,5.450,3.7517,3.56804,4.850,0.650,1.550,3.2542
3,near,10,1e+14,P1,vehicle,1.046407e+03,4.650,1.750,5.450,4.4032,3.35452,9.650,2.650,5.450,1.2277
3,near,10,1e+14,P2,empty,1.508236e+03,4.350,2.150,5.550,-1.0000,3.40568,12.450,1.150,3.350,-1.0000
3,near,10,1e+14,P2,person,1.461014e+03,4.350,4.150,5.250,4.6720,3.33302,6.550,1.050,1.450,1.9442
3,near,10,1e+14,P2,vehicle,1.615396e+03,4.350,2.350,5.550,4.7493,3.57144,10.250,3.750,1.450,2.5314
3,near,10,1e+15,P1,empty,2.490765e+03,4.550,3.450,5.350,-1.0000,3.54378,10.850,2.950,4.250,-1.0000
3,near,10,1e+15,P1,person,3.234390e+03,4.750,2.750,5.350,3.8402,3.86067,12.550,3.850,3.150,4.8181
3,near,10,1e+15,P1,vehicle,3.280567e+03,4.350,1.550,5.150,4.6502,3.59088,8.050,2.650,1.950,1.6726
3,near,10,1e+15,P2,empty,5.061668e+03,4.450,2.150,5.450,-1.0000,3.31237,7.950,1.350,4.050,-1.0000
3,near,10,1e+15,P2,person,5.167681e+03,4.750,2.550,5.650,3.9646,4.18793,9.050,4.250,3.550,2.6930
3,near,10,1e+15,P2,vehicle,5.678328e+03,4.450,0.650,5.350,4.5811,3.81405,11.550,0.750,2.650,0.4231
3,near,10,1e+16,P1,empty,1.101364e+04,4.350,0.550,5.350,-1.0000,3.62024,9.050,2.350,5.650,-1.0000
3,near,10,1e+16,P1,person,1.321457e+04,4.650,4.150,5.450,4.5492,3.75320,4.650,4.150,5.450,4.5492
3,near,10,1e+16,P1,vehicle,1.056292e+04,4.550,4.150,5.450,5.0777,3.44161,7.050,4.050,4.150,2.9534
3,near,10,1e+16,P2,empty,1.393077e+04,4.350,2.950,5.550,-1.0000,3.53050,13.450,2.850,3.750,-1.0000
3,near,10,1e+16,P2,person,1.795502e+04,4.550,1.850,5.550,3.9753,3.60552,10.850,2.950,3.550,2.9111
3,near,10,1e+16,P2,vehicle,1.720903e+04,5.150,1.350,5.550,3.9386,3.67422,5.150,1.350,5.550,3.9386
3,near,10,1e+17,P1,empty,8.524079e+04,4.650,4.150,5.450,-1.0000,7.65590,4.650,4.150,5.450,-1.0000
3,near,10,1e+17,P1,person,8.077710e+04,4.650,4.150,5.450,4.5492,7.25499,4.650,4.150,5.450,4.5492
3,near,10,1e+17,P1,vehicle,7.060605e+04,4.450,4.650,5.350,5.3953,6.71861,4.450,4.650,5.350,5.3953
3,near,10,1e+17,P2,empty,5.663619e+04,4.350,2.250,5.650,-1.0000,3.72870,12.450,1.550,3.750,-1.0000
3,near,10,1e+17,P2,person,5.023240e+04,4.350,1.350,5.550,4.1371,3.63994,10.850,1.750,3.950,2.7047
3,near,10,1e+17,P2,vehicle,4.313234e+04,4.450,1.050,5.650,4.6420,3.58312,12.750,2.050,3.950,1.3109
3,near,5,1e+14,P1,empty,2.441928e+02,9.150,2.150,4.750,-1.0000,3.77807,9.150,2.150,4.750,-1.0000
3,near,5,1e+14,P1,person,2.460286e+02,7.950,2.950,2.350,1.3861,3.84015,7.950,2.950,2.350,1.3861
3,near,5,1e+14,P1,vehicle,2.993437e+02,4.450,1.150,5.150,4.5511,4.00848,4.450,1.150,5.150,4.5511
3,near,5,1e+14,P2,empty,3.315338e+02,6.350,1.850,3.550,-1.0000,3.65346,6.350,1.850,3.550,-1.0000
3,near,5,1e+14,P2,person,3.338860e+02,7.750,4.250,3.850,2.6202,3.66974,7.750,4.250,3.850,2.6202
3,near,5,1e+14,P2,vehicle,3.645261e+02,8.250,2.050,3.650,0.7557,4.01448,8.250,2.050,3.650,0.7557
3,near,5,1e+15,P1,empty,7.455492e+02,4.450,0.450,3.850,-1.0000,3.64914,4.450,0.450,3.850,-1.0000
3,near,5,1e+15,P1,person,8.565936e+02,4.350,3.350,5.450,4.4032,3.43108,4.350,3.350,5.450,4.4032
3,near,5,1e+15,P1,vehicle,8.715875e+02,4.350,2.650,5.450,4.7738,3.54250,12.650,0.650,4.750,1.2013
3,near,5,1e+15,P2,empty,1.058913e+03,13.150,3.050,5.150,-1.0000,3.69011,13.150,3.050,5.150,-1.0000
3,near,5,1e+15,P2,person,1.015090e+03,5.750,1.050,2.850,2.0406,3.53273,5.750,1.050,2.850,2.0406
3,near,5,1e+15,P2,vehicle,1.016330e+03,9.350,2.550,5.050,0.8936,3.54466,9.350,2.550,5.050,0.8936
3,near,5,1e+16,P1,empty,2.255001e+03,10.550,4.550,4.450,-1.0000,3.52361,10.550,4.550,4.450,-1.0000
3,near,5,1e+16,P1,person,2.390815e+03,4.450,1.550,4.950,3.7466,3.70605,8.250,0.550,2.250,0.6990
3,near,5,1e+16,P1,vehicle,2.640788e+03,5.950,2.350,3.050,3.0630,4.09690,5.950,2.350,3.050,3.0630
3,near,5,1e+16,P2,empty,3.392117e+03,4.350,2.850,1.750,-1.0000,3.77112,4.350,2.850,1.750,-1.0000
3,near,5,1e+16,P2,person,3.122687e+03,4.850,3.450,3.950,3.4910,3.39299,4.850,3.450,3.950,3.4910
3,near,5,1e+16,P2,vehicle,3.346541e+03,4.450,3.350,4.950,4.7875,3.63171,13.150,4.050,4.550,2.8121
3,near,5,1e+17,P1,empty,7.337648e+03,9.250,0.550,3.250,-1.0000,3.60219,9.250,0.550,3.250,-1.0000
3,near,5,1e+17,P1,person,7.332372e+03,10.750,4.350,2.550,3.6730,3.61195,10.750,4.350,2.550,3.6730
3,near,5,1e+17,P1,vehicle,7.336100e+03,10.950,1.950,2.450,0.6322,3.63632,10.950,1.950,2.450,0.6322
3,near,5,1e+17,P2,empty,9.771504e+03,10.750,3.050,2.650,-1.0000,3.38746,10.750,3.050,2.650,-1.0000
3,near,5,1e+17,P2,person,1.099918e+04,4.350,1.650,5.450,4.0824,3.65164,7.650,1.850,5.450,2.2105
3,near,5,1e+17,P2,vehicle,1.011107e+04,11.950,4.450,4.350,2.6943,3.52137,11.950,4.450,4.350,2.6943
4,far,inf,1e+14,P1,empty,2.271857e+04,4.850,4.150,5.450,-1.0000,7.23396,4.850,4.150,5.450,-1.0000
4,far,inf,1e+14,P1,person,1.937346e+04,4.750,3.950,5.650,4.1087,6.13305,4.750,3.950,5.650,4.1087
4,far,inf,1e+14,P1,vehicle,2.242588e+04,4.750,4.150,5.450,4.5274,6.75264,4.750,4.150,5.450,4.5274
4,far,inf,1e+14,P2,empty,1.316446e+04,5.050,0.450,4.950,-1.0000,3.98327,7.650,0.550,1.550,-1.0000
4,far,inf,1e+14,P2,person,1.364709e+04,4.450,4.250,5.450,4.3690,3.46163,9.750,2.650,5.450,3.0163
4,far,inf,1e+14,P2,vehicle,1.204511e+04,4.350,4.250,5.350,4.8968,3.78109,12.550,2.550,2.250,1.8878
4,far,inf,1e+15,P1,empty,1.974518e+05,4.450,4.050,5.550,-1.0000,18.80997,4.750,3.950,5.650,-1.0000
4,far,inf,1e+15,P1,person,1.932406e+05,4.450,4.050,5.550,4.3050,18.27040,4.450,4.050,5.550,4.3050
4,far,inf,1e+15,P1,vehicle,1.957475e+05,4.450,4.050,5.550,4.7514,18.50751,4.450,4.050,5.550,4.7514
4,far,inf,1e+15,P2,empty,3.655854e+04,4.350,4.250,5.150,-1.0000,4.08699,7.750,4.150,3.350,-1.0000
4,far,inf,1e+15,P2,person,4.149098e+04,7.350,1.450,3.150,0.0000,4.54943,7.350,1.450,3.150,0.0000
4,far,inf,1e+15,P2,vehicle,4.639543e+04,4.650,4.650,4.850,4.8106,3.59940,5.150,1.550,3.950,3.3639
4,far,inf,1e+16,P1,empty,1.933312e+06,4.450,4.050,5.550,-1.0000,57.80345,4.450,4.050,5.550,-1.0000
4,far,inf,1e+16,P1,person,1.905793e+06,4.450,4.050,5.550,4.3050,56.98038,4.450,4.050,5.550,4.3050
4,far,inf,1e+16,P1,vehicle,1.912703e+06,4.450,4.050,5.550,4.7514,57.18728,4.450,4.050,5.550,4.7514
4,far,inf,1e+16,P2,empty,1.299208e+05,4.350,4.550,5.350,-1.0000,3.77382,7.750,3.050,5.050,-1.0000
4,far,inf,1e+16,P2,person,3.753151e+05,7.350,1.350,3.150,0.0000,13.16042,7.350,1.350,3.150,0.0000
4,far,inf,1e+16,P2,vehicle,1.377970e+05,4.650,3.950,5.450,4.5122,4.39607,8.650,1.150,4.850,0.2990
4,far,inf,1e+17,P1,empty,1.898883e+07,4.450,4.050,5.550,-1.0000,179.53537,4.450,4.050,5.550,-1.0000
4,far,inf,1e+17,P1,person,1.917529e+07,4.450,4.050,5.550,4.3050,181.29738,4.450,4.050,5.550,4.3050
4,far,inf,1e+17,P1,vehicle,1.917307e+07,4.450,4.050,5.550,4.7514,181.27731,4.450,4.050,5.550,4.7514
4,far,inf,1e+17,P2,empty,3.948933e+05,4.950,3.150,5.550,-1.0000,3.62899,9.550,3.550,3.050,-1.0000
4,far,inf,1e+17,P2,person,3.733700e+06,7.350,1.450,3.150,0.0000,40.93957,7.350,1.450,3.150,0.0000
4,far,inf,1e+17,P2,vehicle,8.396321e+05,8.450,1.450,3.050,0.0639,9.98141,8.450,1.450,3.050,0.0639
4,far,50,1e+14,P1,empty,5.440201e+03,4.450,4.050,5.550,-1.0000,3.91767,4.450,4.050,5.550,-1.0000
4,far,50,1e+14,P1,person,4.148472e+03,4.450,0.350,5.450,3.5476,3.65472,5.350,3.350,4.850,2.9679
4,far,50,1e+14,P1,vehicle,4.046193e+03,4.450,4.150,5.450,4.7797,3.85957,11.250,4.450,2.150,2.8089
4,far,50,1e+14,P2,empty,5.609929e+03,4.750,0.850,5.150,-1.0000,4.41707,7.950,2.150,4.950,-1.0000
4,far,50,1e+14,P2,person,5.438875e+03,4.650,2.850,5.650,3.6969,3.82225,8.450,2.450,2.350,1.2411
4,far,50,1e+14,P2,vehicle,4.978364e+03,4.450,1.350,5.650,4.2099,3.63774,4.650,1.650,3.950,3.8639
4,far,50,1e+15,P1,empty,3.255977e+04,4.450,4.050,5.550,-1.0000,7.41471,4.450,4.050,5.550,-1.0000
4,far,50,1e+15,P1,person,2.543279e+04,4.850,4.150,5.450,4.0554,6.48996,4.850,4.150,5.450,4.0554
4,far,50,1e+15,P1,vehicle,2.212676e+04,4.450,4.150,5.450,4.7797,5.37888,4.850,4.150,5.450,4.4446
4,far,50,1e+15,P2,empty,1.604207e+04,4.550,3.850,4.750,-1.0000,3.67417,9.350,4.550,5.450,-1.0000
4,far,50,1e+15,P2,person,1.560921e+04,5.050,1.650,5.650,3.2191,3.92763,11.150,1.250,2.050,3.5248
4,far,50,1e+15,P2,vehicle,1.655213e+04,4.650,1.850,5.250,3.9269,3.51606,8.650,0.850,3.350,0.0000
4,far,50,1e+16,P1,empty,2.333185e+05,4.450,4.050,5.550,-1.0000,16.80205,4.450,4.050,5.550,-1.0000
4,far,50,1e+16,P1,person,2.381681e+05,4.450,4.050,5.550,4.3050,17.15124,4.450,4.050,5.550,4.3050
4,far,50,1e+16,P1,vehicle,2.128492e+05,4.450,4.150,5.450,4.7797,16.20136,4.850,4.150,5.450,4.4446
4,far,50,1e+16,P2,empty,5.654177e+04,4.650,3.150,5.650,-1.0000,3.49740,9.650,1.850,2.450,-1.0000
4,far,50,1e+16,P2,person,4.552889e+04,5.150,3.950,5.350,3.7020,4.81771,7.450,1.550,3.250,0.0000
4,far,50,1e+16,P2,vehicle,5.313228e+04,4.650,1.950,5.650,4.0199,4.14447,12.950,4.650,1.750,3.6829
4,far,50,1e+17,P1,empty,2.400251e+06,4.450,4.050,5.550,-1.0000,54.66000,4.450,4.050,5.550,-1.0000
4,far,50,1e+17,P1,person,2.354960e+06,4.450,4.050,5.550,4.3050,53.62848,4.450,4.050,5.550,4.3050
4,far,50,1e+17,P1,vehicle,2.376231e+06,4.450,4.050,5.550,4.7514,54.11301,4.450,4.050,5.550,4.7514
4,far,50,1e+17,P2,empty,1.330089e+05,4.850,1.750,5.050,-1.0000,3.98898,8.850,0.850,4.450,-1.0000
4,far,50,1e+17,P2,person,3.106437e+05,7.450,1.450,3.250,0.0000,11.94844,7.450,1.450,3.250,0.0000
4,far,50,1e+17,P2,vehicle,1.400720e+05,4.550,4.550,5.350,4.8901,4.12775,8.750,1.550,5.250,0.6990
4,far,30,1e+14,P1,empty,2.528845e+03,4.350,0.550,5.450,-1.0000,3.65099,9.250,1.450,3.350,-1.0000
4,far,30,1e+14,P1,person,1.757602e+03,4.450,4.050,5.550,4.3050,4.03023,4.650,3.250,3.950,3.1468
4,far,30,1e+14,P1,vehicle,2.264857e+03,4.750,4.050,5.550,4.4975,3.92109,5.450,4.150,2.150,3.9651
4,far,30,1e+14,P2,empty,2.799518e+03,4.350,4.050,4.950,-1.0000,3.49865,5.050,1.150,3.250,-1.0000
4,far,30,1e+14,P2,person,2.828017e+03,4.750,1.150,5.150,3.1296,3.40024,5.250,2.650,5.050,2.8327
4,far,30,1e+14,P2,vehicle,3.021600e+03,4.550,1.250,5.550,4.0878,3.85338,6.750,0.350,3.950,1.7639
4,far,30,1e+15,P1,empty,8.610602e+03,4.550,0.350,5.450,-1.0000,3.97181,9.550,1.350,4.350,-1.0000
4,far,30,1e+15,P1,person,1.114270e+04,4.450,4.250,5.450,4.3690,4.67066,4.450,4.250,5.450,4.3690
4,far,30,1e+15,P1,vehicle,7.850149e+03,4.750,4.050,5.550,4.4975,3.91095,5.150,4.550,5.450,4.4369
4,far,30,1e+15,P2,empty,9.742192e+03,4.450,2.450,5.650,-1.0000,3.51220,7.350,3.850,3.650,-1.0000
4,far,30,1e+15,P2,person,8.772830e+03,4.350,3.150,5.350,3.8560,3.54610,13.550,1.850,3.650,5.7809
4,far,30,1e+15,P2,vehicle,9.257308e+03,4.750,1.350,5.550,3.8942,3.73516,5.850,4.250,3.350,3.6192
4,far,30,1e+16,P1,empty,5.674732e+04,4.450,4.250,5.450,-1.0000,7.81082,4.650,4.650,5.450,-1.0000
4,far,30,1e+16,P1,person,6.611927e+04,4.450,4.050,5.550,4.3050,8.63625,4.450,4.050,5.550,4.3050
4,far,30,1e+16,P1,vehicle,6.487779e+04,4.450,4.050,5.550,4.7514,8.99686,4.650,4.250,5.450,4.6626
4,far,30,1e+16,P2,empty,2.633271e+04,4.350,1.350,5.550,-1.0000,3.44141,5.350,3.450,2.350,-1.0000
4,far,30,1e+16,P2,person,2.836327e+04,4.750,4.450,5.250,4.2097,3.36815,7.850,3.450,1.850,2.1375
4,far,30,1e+16,P2,vehicle,3.046073e+04,4.650,4.650,5.450,4.8847,3.74404,11.950,2.850,4.350,1.4067
4,far,30,1e+17,P1,empty,5.674151e+05,4.450,4.050,5.550,-1.0000,25.53547,4.850,4.150,5.450,-1.0000
4,far,30,1e+17,P1,person,5.881002e+05,4.450,4.050,5.550,4.3050,24.29119,4.450,4.050,5.550,4.3050
4,far,30,1e+17,P1,vehicle,5.704812e+05,4.450,4.250,5.450,4.8297,24.66046,4.550,4.550,5.450,4.9074
4,far,30,1e+17,P2,empty,8.531736e+04,4.450,4.150,5.650,-1.0000,3.67276,4.850,2.050,3.750,-1.0000
4,far,30,1e+17,P2,person,7.754926e+04,4.750,2.750,5.450,3.4715,6.09598,7.350,1.550,3.150,0.0000
4,far,30,1e+17,P2,vehicle,8.373641e+04,4.650,1.050,5.550,3.9909,3.66337,4.850,4.350,3.350,4.4639
4,far,20,1e+14,P1,empty,9.985205e+02,4.450,4.150,5.550,-1.0000,4.09361,13.050,1.350,1.450,-1.0000
4,far,20,1e+14,P1,person,9.548020e+02,4.650,0.750,5.450,3.3874,3.92478,8.750,1.250,5.150,2.0238
4,far,20,1e+14,P1,vehicle,8.002586e+02,4.950,1.450,5.650,3.7295,3.60754,10.250,3.750,3.850,1.9500
4,far,20,1e+14,P2,empty,1.263027e+03,4.350,0.950,5.350,-1.0000,3.70762,13.550,2.650,3.750,-1.0000
4,far,20,1e+14,P2,person,1.376960e+03,4.650,2.950,5.450,3.6107,3.58704,9.150,0.650,4.850,2.0146
4,far,20,1e+14,P2,vehicle,1.366812e+03,5.050,3.350,5.650,3.9508,3.93123,12.050,0.650,2.950,1.0410
4,far,20,1e+15,P1,empty,3.499475e+03,4.450,4.150,5.450,-1.0000,4.23013,9.450,3.950,2.850,-1.0000
4,far,20,1e+15,P1,person,2.908439e+03,4.550,2.750,5.350,3.5662,3.47862,9.750,1.450,2.650,2.0177
4,far,20,1e+15,P1,vehicle,3.402054e+03,4.450,4.450,5.250,4.9017,3.64836,6.650,3.250,2.350,2.4633
4,far,20,1e+15,P2,empty,3.758091e+03,4.650,1.750,5.550,-1.0000,3.89309,5.550,2.550,2.950,-1.0000
4,far,20,1e+15,P2,person,4.090134e+03,4.750,1.650,5.350,3.2472,3.69698,7.650,1.850,2.850,0.2705
4,far,20,1e+15,P2,vehicle,4.644635e+03,4.450,3.150,5.450,4.3756,3.68286,13.250,3.250,5.250,2.7552
4,far,20,1e+16,P1,empty,1.260469e+04,4.350,4.650,5.350,-1.0000,3.99143,5.150,4.250,5.450,-1.0000
4,far,20,1e+16,P1,person,1.504208e+04,4.450,4.150,5.450,4.3114,4.19935,4.450,4.150,5.450,4.3114
4,far,20,1e+16,P1,vehicle,1.358460e+04,4.450,4.250,5.450,4.8297,3.88010,4.450,4.250,5.450,4.8297
4,far,20,1e+16,P2,empty,1.286556e+04,4.450,1.050,5.650,-1.0000,3.49142,11.250,3.750,5.350,-1.0000
4,far,20,1e+16,P2,person,1.188256e+04,4.350,2.050,5.350,3.5901,3.36850,5.650,3.750,3.450,2.6500
4,far,20,1e+16,P2,vehicle,1.246366e+04,4.450,2.150,5.350,4.1564,3.56723,8.750,1.550,3.550,0.0000
4,far,20,1e+17,P1,empty,9.297634e+04,4.550,4.550,5.450,-1.0000,9.23629,4.850,4.150,5.450,-1.0000
4,far,20,1e+17,P1,person,1.107910e+05,4.550,4.550,5.450,4.4881,10.58361,4.550,4.550,5.450,4.4881
4,far,20,1e+17,P1,vehicle,1.010660e+05,4.450,4.050,5.550,4.7514,9.83964,4.850,4.150,5.450,4.4446
4,far,20,1e+17,P2,empty,3.716522e+04,4.550,1.850,5.450,-1.0000,3.48621,6.950,2.450,3.750,-1.0000
4,far,20,1e+17,P2,person,3.741464e+04,4.650,3.150,5.650,3.8009,3.68132,11.750,1.050,2.650,3.9951
4,far,20,1e+17,P2,vehicle,4.350245e+04,4.550,3.450,5.650,4.4320,3.71645,8.150,0.550,3.150,0.3639
4,far,15,1e+14,P1,empty,4.512603e+02,4.550,1.750,5.650,-1.0000,3.57591,4.450,4.050,1.850,-1.0000
4,far,15,1e+14,P1,person,4.035391e+02,4.750,2.950,5.250,3.4237,3.44710,11.550,1.450,5.350,4.2580
4,far,15,1e+14,P1,vehicle,3.723851e+02,5.050,0.850,5.350,3.5548,3.70853,12.350,1.650,1.650,1.9360
4,far,15,1e+14,P2,empty,7.266482e+02,4.450,3.750,5.450,-1.0000,3.93524,12.650,0.550,3.550,-1.0000
4,far,15,1e+14,P2,person,5.918477e+02,4.550,3.350,5.550,3.8946,3.88814,9.350,2.450,4.750,2.2193
4,far,15,1e+14,P2,vehicle,5.943743e+02,4.350,2.450,5.350,4.2894,3.86725,6.550,2.250,2.550,2.0761
4,far,15,1e+15,P1,empty,1.465771e+03,4.450,3.450,5.550,-1.0000,3.56743,10.550,1.150,4.950,-1.0000
4,far,15,1e+15,P1,person,1.330148e+03,4.750,3.350,5.350,3.6423,3.46037,12.050,4.050,2.150,4.9630
4,far,15,1e+15,P1,vehicle,1.595931e+03,4.550,4.650,5.350,4.9470,3.56730,13.250,2.850,4.450,2.4704
4,far,15,1e+15,P2,empty,1.890622e+03,4.350,3.650,5.650,-1.0000,3.59656,13.250,1.050,5.350,-1.0000
4,far,15,1e+15,P2,person,1.791036e+03,4.550,1.750,5.450,3.4674,3.95218,6.450,0.750,4.450,1.3876
4,far,15,1e+15,P2,vehicle,1.931386e+03,4.350,3.750,5.150,4.6367,4.07933,10.150,3.150,1.550,2.0188
4,far,15,1e+16,P1,empty,4.760875e+03,4.350,4.150,4.950,-1.0000,3.60509,11.550,1.550,1.550,-1.0000
4,far,15,1e+16,P1,person,4.607737e+03,4.750,0.650,5.150,3.1296,3.53980,6.350,0.450,2.650,1.0661
4,far,15,1e+16,P1,vehicle,5.414164e+03,4.550,3.950,5.650,4.6414,3.61737,6.450,0.850,4.950,2.1021
4,far,15,1e+16,P2,empty,6.623763e+03,4.350,4.550,5.350,-1.0000,3.73038,7.250,1.750,2.050,-1.0000
4,far,15,1e+16,P2,person,6.922488e+03,4.350,0.350,5.350,3.5730,3.45213,11.450,1.350,2.450,3.7252
4,far,15,1e+16,P2,vehicle,6.149331e+03,4.650,3.350,5.650,4.3058,3.59782,9.750,1.850,4.550,0.0500
4,far,15,1e+17,P1,empty,2.341231e+04,4.550,4.550,5.450,-1.0000,4.64551,4.550,4.550,5.450,-1.0000
4,far,15,1e+17,P1,person,2.104238e+04,4.550,4.550,5.450,4.4881,4.19089,4.550,0.450,5.350,3.4081
4,far,15,1e+17,P1,vehicle,1.855541e+04,4.550,0.450,5.350,4.0436,3.70356,4.550,0.450,5.350,4.0436
4,far,15,1e+17,P2,empty,2.586033e+04,4.650,1.850,5.650,-1.0000,3.47797,4.450,1.550,4.450,-1.0000
4,far,15,1e+17,P2,person,1.931488e+04,4.350,4.250,5.350,4.3896,3.83520,5.250,3.350,4.050,2.7376
4,far,15,1e+17,P2,vehicle,2.190388e+04,4.450,2.650,5.450,4.2480,3.45024,4.350,0.350,2.550,4.1939
4,far,10,1e+14,P1,empty,2.530233e+02,7.850,0.550,4.650,-1.0000,3.94642,7.850,0.550,4.650,-1.0000
4,far,10,1e+14,P1,person,2.279426e+02,4.650,1.050,4.450,2.8853,3.47905,6.750,3.150,2.950,1.5658
4,far,10,1e+14,P1,vehicle,2.440967e+02,4.750,3.250,5.050,4.0643,3.57672,4.750,3.250,5.050,4.0643
4,far,10,1e+14,P2,empty,3.728855e+02,7.250,3.150,4.050,-1.0000,4.11580,7.250,3.150,4.050,-1.0000
4,far,10,1e+14,P2,person,3.136036e+02,5.350,0.450,2.250,2.1429,3.47692,5.350,0.450,2.250,2.1429
4,far,10,1e+14,P2,vehicle,3.307698e+02,10.950,2.450,2.350,0.9560,3.63741,10.950,2.450,2.350,0.9560
4,far,10,1e+15,P1,empty,7.795912e+02,7.250,3.050,3.550,-1.0000,3.84252,7.250,3.050,3.550,-1.0000
4,far,10,1e+15,P1,person,8.626898e+02,11.250,2.050,1.750,3.7331,4.26260,11.250,2.050,1.750,3.7331
4,far,10,1e+15,P1,vehicle,7.293491e+02,8.650,4.250,5.550,2.6458,3.57821,8.650,4.250,5.550,2.6458
4,far,10,1e+15,P2,empty,1.128707e+03,4.550,4.050,2.550,-1.0000,3.94529,4.550,4.050,2.550,-1.0000
4,far,10,1e+15,P2,person,1.010891e+03,4.750,3.950,5.650,4.1087,3.45914,13.450,3.350,3.550,5.9101
4,far,10,1e+15,P2,vehicle,9.740927e+02,9.850,2.650,2.350,1.1018,3.40672,9.850,2.650,2.350,1.1018
4,far,10,1e+16,P1,empty,2.340345e+03,10.350,1.850,2.850,-1.0000,3.65593,10.350,1.850,2.850,-1.0000
4,far,10,1e+16,P1,person,2.252457e+03,4.750,2.050,4.450,2.8146,3.49847,8.950,0.850,3.150,1.1724
4,far,10,1e+16,P1,vehicle,2.233138e+03,9.050,2.950,2.850,1.1674,3.45516,9.050,2.950,2.850,1.1674
4,far,10,1e+16,P2,empty,3.548225e+03,6.050,4.250,3.550,-1.0000,3.88531,6.050,4.250,3.550,-1.0000
4,far,10,1e+16,P2,person,3.105435e+03,12.550,3.250,3.550,5.0208,3.42030,12.550,3.250,3.550,5.0208
4,far,10,1e+16,P2,vehicle,3.555597e+03,5.550,3.350,3.250,3.3447,3.89971,5.550,3.350,3.250,3.3447
4,far,10,1e+17,P1,empty,7.757057e+03,11.950,2.450,1.450,-1.0000,3.82434,11.950,2.450,1.450,-1.0000
4,far,10,1e+17,P1,person,7.327620e+03,4.850,1.250,1.350,3.0191,3.60786,4.850,1.250,1.350,3.0191
4,far,10,1e+17,P1,vehicle,7.549310e+03,4.450,3.850,5.450,4.6396,3.52112,8.450,0.350,4.650,0.1178
4,far,10,1e+17,P2,empty,1.080052e+04,4.450,1.950,2.650,-1.0000,3.73945,4.450,1.950,2.650,-1.0000
4,far,10,1e+17,P2,person,1.020882e+04,7.150,1.550,2.750,0.3705,3.53112,7.150,1.550,2.750,0.3705
4,far,10,1e+17,P2,vehicle,1.004469e+04,12.550,0.850,4.250,1.5361,3.51358,12.550,0.850,4.250,1.5361
4,far,5,1e+14,P1,empty,2.363637e+02,4.750,2.150,3.650,-1.0000,3.67743,4.750,2.150,3.650,-1.0000
4,far,5,1e+14,P1,person,2.317880e+02,6.050,2.750,4.450,1.9723,3.59904,6.050,2.750,4.450,1.9723
4,far,5,1e+14,P1,vehicle,2.166890e+02,11.650,0.950,2.050,1.1860,3.39383,11.650,0.950,2.050,1.1860
4,far,5,1e+14,P2,empty,3.195103e+02,10.850,0.650,5.150,-1.0000,3.53503,10.850,0.650,5.150,-1.0000
4,far,5,1e+14,P2,person,3.345655e+02,8.950,2.750,3.750,1.6179,3.69726,8.950,2.750,3.750,1.6179
4,far,5,1e+14,P2,vehicle,3.490638e+02,6.850,0.650,4.550,1.6639,3.90309,6.850,0.650,4.550,1.6639
4,far,5,1e+15,P1,empty,6.773811e+02,4.550,2.250,3.250,-1.0000,3.34355,10.450,4.050,3.650,-1.0000
4,far,5,1e+15,P1,person,7.516094e+02,10.350,1.450,5.550,3.3686,3.70515,10.350,1.450,5.550,3.3686
4,far,5,1e+15,P1,vehicle,7.449156e+02,6.050,0.450,3.450,2.4639,3.68363,6.050,0.450,3.450,2.4639
4,far,5,1e+15,P2,empty,1.146984e+03,11.050,3.550,2.050,-1.0000,4.00791,11.050,3.550,2.050,-1.0000
4,far,5,1e+15,P2,person,1.035081e+03,9.150,0.750,3.550,1.3835,3.62515,9.150,0.750,3.550,1.3835
4,far,5,1e+15,P2,vehicle,9.846061e+02,9.350,4.550,5.150,2.8145,3.45875,9.350,4.550,5.150,2.8145
4,far,5,1e+16,P1,empty,2.491858e+03,12.750,4.450,5.150,-1.0000,3.87553,12.750,4.450,5.150,-1.0000
4,far,5,1e+16,P1,person,2.351235e+03,9.650,1.950,4.250,2.0818,3.68677,9.650,1.950,4.250,2.0818
4,far,5,1e+16,P1,vehicle,2.305702e+03,10.750,4.150,5.350,2.4821,3.59203,10.750,4.150,5.350,2.4821
4,far,5,1e+16,P2,empty,3.215030e+03,4.950,4.650,1.750,-1.0000,3.56531,4.950,4.650,1.750,-1.0000
4,far,5,1e+16,P2,person,3.178176e+03,12.850,3.650,4.050,5.4760,3.51319,12.850,3.650,4.050,5.4760
4,far,5,1e+16,P2,vehicle,3.286691e+03,12.750,3.850,4.550,2.6864,3.64669,12.750,3.850,4.550,2.6864
4,far,5,1e+17,P1,empty,7.228795e+03,9.750,1.950,4.150,-1.0000,3.58463,9.750,1.950,4.150,-1.0000
4,far,5,1e+17,P1,person,7.971743e+03,7.050,2.450,3.450,0.8032,3.92082,7.050,2.450,3.450,0.8032
4,far,5,1e+17,P1,vehicle,7.423114e+03,6.950,1.050,5.150,1.6747,3.66151,9.850,1.150,3.850,0.0000
4,far,5,1e+17,P2,empty,1.065883e+04,10.550,0.450,1.750,-1.0000,3.69682,10.550,0.450,1.750,-1.0000
4,far,5,1e+17,P2,person,1.246958e+04,9.750,0.750,4.550,2.2958,4.38217,9.750,0.750,4.550,2.2958
4,far,5,1e+17,P2,vehicle,1.324676e+04,4.350,2.450,4.850,4.2249,4.63439,4.350,2.450,4.850,4.2249
4,near,inf,1e+14,P1,empty,2.121094e+04,4.450,4.050,5.550,-1.0000,6.34179,4.450,4.050,5.550,-1.0000
4,near,inf,1e+14,P1,person,2.097023e+04,4.450,3.950,5.650,4.3033,5.94553,4.450,3.950,5.650,4.3033
4,near,inf,1e+14,P1,vehicle,2.417386e+04,4.550,4.550,5.450,4.9074,6.90688,4.550,4.550,5.450,4.9074
4,near,inf,1e+14,P2,empty,1.317372e+04,5.150,0.950,5.250,-1.0000,3.56429,8.450,1.650,5.450,-1.0000
4,near,inf,1e+14,P2,person,1.142993e+04,4.450,0.950,4.250,3.0077,3.65354,11.050,3.250,1.650,3.8913
4,near,inf,1e+14,P2,vehicle,1.502841e+04,4.450,0.650,4.750,4.0688,3.62971,9.250,0.350,3.850,0.0000
4,near,inf,1e+15,P1,empty,1.986533e+05,4.450,4.050,5.550,-1.0000,18.78225,4.450,4.050,5.550,-1.0000
4,near,inf,1e+15,P1,person,1.801602e+05,4.450,4.050,5.550,4.3050,17.03367,4.450,4.050,5.550,4.3050
4,near,inf,1e+15,P1,vehicle,1.970060e+05,4.450,4.050,5.550,4.7514,18.62650,4.450,4.050,5.550,4.7514
4,near,inf,1e+15,P2,empty,4.820673e+04,4.550,4.150,5.450,-1.0000,3.56037,8.650,1.150,5.250,-1.0000
4,near,inf,1e+15,P2,person,4.698362e+04,4.650,4.250,5.450,4.2399,4.45957,7.450,1.350,3.250,0.0000
4,near,inf,1e+15,P2,vehicle,4.112662e+04,5.050,0.350,5.350,3.5548,3.81446,9.250,3.350,2.250,1.7447
4,near,inf,1e+16,P1,empty,1.942887e+06,4.450,4.050,5.550,-1.0000,58.08973,4.450,4.050,5.550,-1.0000
4,near,inf,1e+16,P1,person,1.916198e+06,4.450,4.050,5.550,4.3050,57.29147,4.450,4.050,5.550,4.3050
4,near,inf,1e+16,P1,vehicle,1.919285e+06,4.450,4.050,5.550,4.7514,57.38408,4.450,4.050,5.550,4.7514
4,near,inf,1e+16,P2,empty,1.258212e+05,4.850,0.650,5.250,-1.0000,3.67776,13.150,1.350,4.550,-1.0000
4,near,inf,1e+16,P2,person,3.777872e+05,7.450,1.550,3.250,0.0000,13.14142,7.450,1.550,3.250,0.0000
4,near,inf,1e+16,P2,vehicle,1.119992e+05,4.650,4.250,5.450,4.6626,4.17230,8.550,1.350,3.250,0.0000
4,near,inf,1e+17,P1,empty,1.898604e+07,4.450,4.050,5.550,-1.0000,179.50900,4.450,4.050,5.550,-1.0000
4,near,inf,1e+17,P1,person,1.902114e+07,4.450,4.050,5.550,4.3050,179.83995,4.450,4.050,5.550,4.3050
4,near,inf,1e+17,P1,vehicle,1.916706e+07,4.450,4.050,5.550,4.7514,181.22047,4.450,4.050,5.550,4.7514
4,near,inf,1e+17,P2,empty,4.407168e+05,4.750,4.550,5.250,-1.0000,3.34419,9.650,4.350,4.250,-1.0000
4,near,inf,1e+17,P2,person,3.684072e+06,7.350,1.450,3.150,0.0000,40.39540,7.350,1.450,3.150,0.0000
4,near,inf,1e+17,P2,vehicle,7.711456e+05,8.450,1.450,3.050,0.0639,9.16726,8.450,1.450,3.050,0.0639
4,near,50,1e+14,P1,empty,8.187494e+03,4.450,0.850,5.450,-1.0000,3.65475,4.450,0.850,5.450,-1.0000
4,near,50,1e+14,P1,person,7.427436e+03,4.450,4.150,5.450,4.3114,3.71763,8.650,0.550,1.450,1.8445
4,near,50,1e+14,P1,vehicle,8.827898e+03,4.450,4.150,5.450,4.7797,3.83945,4.450,4.150,5.450,4.7797
4,near,50,1e+14,P2,empty,8.712834e+03,4.550,1.350,5.650,-1.0000,3.73598,9.450,0.550,4.750,-1.0000
4,near,50,1e+14,P2,person,8.812985e+03,4.550,2.850,5.550,3.7105,3.82757,7.750,3.250,3.550,1.5598
4,near,50,1e+14,P2,vehicle,9.050961e+03,4.450,3.650,5.250,4.5195,3.65753,12.650,4.150,5.350,2.9728
4,near,50,1e+15,P1,empty,6.963369e+04,4.450,4.050,5.550,-1.0000,9.74491,4.450,4.050,5.550,-1.0000
4,near,50,1e+15,P1,person,5.538195e+04,4.450,4.150,5.450,4.3114,8.05644,4.650,4.250,5.450,4.2399
4,near,50,1e+15,P1,vehicle,5.988870e+04,4.450,4.150,5.450,4.7797,8.86231,4.850,4.150,5.450,4.4446
4,near,50,1e+15,P2,empty,2.629596e+04,4.350,1.450,5.350,-1.0000,3.66056,5.750,4.350,5.550,-1.0000
4,near,50,1e+15,P2,person,2.546662e+04,4.750,4.550,5.050,4.1919,3.89985,7.450,1.650,3.250,0.0000
4,near,50,1e+15,P2,vehicle,2.566230e+04,4.650,2.250,5.050,3.9219,3.91396,6.350,3.550,1.950,2.9929
4,near,50,1e+16,P1,empty,5.832748e+05,4.450,4.050,5.550,-1.0000,25.81260,4.450,4.050,5.550,-1.0000
4,near,50,1e+16,P1,person,5.996712e+05,4.450,4.050,5.550,4.3050,26.53815,4.450,4.050,5.550,4.3050
4,near,50,1e+16,P1,vehicle,5.809719e+05,4.450,4.050,5.550,4.7514,25.71068,4.450,4.050,5.550,4.7514
4,near,50,1e+16,P2,empty,8.191850e+04,5.150,0.950,5.350,-1.0000,3.65901,5.850,0.550,4.550,-1.0000
4,near,50,1e+16,P2,person,1.023732e+05,7.250,1.350,3.050,0.0816,7.44246,7.250,1.350,3.050,0.0816
4,near,50,1e+16,P2,vehicle,6.801259e+04,4.350,0.550,5.050,4.1937,3.77522,13.150,3.050,3.650,2.4750
4,near,50,1e+17,P1,empty,5.950852e+06,4.450,4.050,5.550,-1.0000,83.27941,4.450,4.050,5.550,-1.0000
4,near,50,1e+17,P1,person,6.036028e+06,4.450,4.050,5.550,4.3050,84.47119,4.450,4.050,5.550,4.3050
4,near,50,1e+17,P1,vehicle,6.014184e+06,4.450,4.050,5.550,4.7514,84.16570,4.450,4.050,5.550,4.7514
4,near,50,1e+17,P2,empty,2.979874e+05,4.550,0.550,5.350,-1.0000,3.83938,9.850,2.450,4.950,-1.0000
4,near,50,1e+17,P2,person,8.252594e+05,7.350,1.350,3.150,0.0000,19.49005,7.350,1.350,3.150,0.0000
4,near,50,1e+17,P2,vehicle,2.565489e+05,4.450,1.650,4.650,4.0651,5.75010,8.650,1.250,4.850,0.2990
4,near,30,1e+14,P1,empty,4.360227e+03,4.750,4.050,5.550,-1.0000,3.80393,8.950,0.750,4.050,-1.0000
4,near,30,1e+14,P1,person,4.941539e+03,4.550,1.450,5.450,3.4670,3.97980,13.450,1.550,3.150,5.6724
4,near,30,1e+14,P1,vehicle,4.291448e+03,4.550,0.350,5.250,4.0250,3.60185,11.950,2.850,4.450,1.4067
4,near,30,1e+14,P2,empty,5.924710e+03,4.650,3.450,5.650,-1.0000,3.63071,11.550,2.750,1.950,-1.0000
4,near,30,1e+14,P2,person,6.289001e+03,4.350,4.650,5.250,4.5917,3.35632,13.550,3.850,2.550,6.1821
4,near,30,1e+14,P2,vehicle,5.854139e+03,4.850,2.650,5.650,3.9185,3.63554,5.750,2.450,2.650,2.8675
4,near,30,1e+15,P1,empty,3.239441e+04,4.450,4.050,5.550,-1.0000,5.96387,4.450,4.050,5.550,-1.0000
4,near,30,1e+15,P1,person,2.837749e+04,4.650,4.650,5.450,4.4919,5.81564,4.650,4.650,5.450,4.4919
4,near,30,1e+15,P1,vehicle,3.113365e+04,4.450,4.050,5.550,4.7514,5.73176,4.450,4.050,5.550,4.7514
4,near,30,1e+15,P2,empty,2.112362e+04,4.550,2.850,5.250,-1.0000,3.68526,10.850,1.550,3.750,-1.0000
4,near,30,1e+15,P2,person,1.806431e+04,4.950,1.150,5.050,2.9083,3.77686,8.350,3.450,5.450,2.7740
4,near,30,1e+15,P2,vehicle,2.025259e+04,4.550,1.750,5.550,4.0878,4.02727,4.550,0.550,3.450,3.9639
4,near,30,1e+16,P1,empty,2.790428e+05,4.450,4.050,5.550,-1.0000,16.24534,4.450,4.050,5.550,-1.0000
4,near,30,1e+16,P1,person,2.838694e+05,4.450,4.050,5.550,4.3050,16.52631,4.450,4.050,5.550,4.3050
4,near,30,1e+16,P1,vehicle,2.798789e+05,4.450,4.050,5.550,4.7514,16.43385,4.850,4.150,5.450,4.4446
4,near,30,1e+16,P2,empty,6.041685e+04,4.750,1.850,5.550,-1.0000,3.45861,11.750,4.350,5.550,-1.0000
4,near,30,1e+16,P2,person,6.212066e+04,4.450,1.050,5.650,3.6682,5.09925,7.350,1.450,3.150,0.0000
4,near,30,1e+16,P2,vehicle,5.960237e+04,4.550,3.850,5.550,4.5731,3.46623,10.150,3.450,4.850,1.6769
4,near,30,1e+17,P1,empty,2.697524e+06,4.450,4.050,5.550,-1.0000,49.66190,4.450,4.050,5.550,-1.0000
4,near,30,1e+17,P1,person,2.777703e+06,4.450,4.050,5.550,4.3050,51.13792,4.450,4.050,5.550,4.3050
4,near,30,1e+17,P1,vehicle,2.756446e+06,4.450,4.050,5.550,4.7514,50.74667,4.450,4.050,5.550,4.7514
4,near,30,1e+17,P2,empty,1.717964e+05,4.750,2.850,5.650,-1.0000,3.65748,12.250,3.750,3.750,-1.0000
4,near,30,1e+17,P2,person,2.864822e+05,7.450,1.550,3.250,0.0000,11.04073,7.450,1.550,3.250,0.0000
4,near,30,1e+17,P2,vehicle,2.079453e+05,4.650,0.750,5.150,3.9100,3.73126,8.650,0.850,4.850,0.2990
4,near,20,1e+14,P1,empty,2.908341e+03,4.650,1.050,5.650,-1.0000,3.80271,7.650,1.250,1.750,-1.0000
4,near,20,1e+14,P1,person,3.246666e+03,4.350,0.450,5.350,3.5730,3.69445,7.150,4.450,3.750,2.7811
4,near,20,1e+14,P1,vehicle,3.730516e+03,4.450,1.950,5.450,4.1648,3.62898,10.650,1.350,2.950,0.1010
4,near,20,1e+14,P2,empty,4.176699e+03,4.550,4.550,5.450,-1.0000,3.51818,10.650,0.550,1.650,-1.0000
4,near,20,1e+14,P2,person,4.599297e+03,4.850,1.250,5.350,3.1684,3.75100,7.150,0.650,3.450,0.1927
4,near,20,1e+14,P2,vehicle,4.247987e+03,4.450,0.850,5.450,4.1621,3.76743,11.950,2.950,5.550,1.7879
4,near,20,1e+15,P1,empty,1.225371e+04,4.450,4.250,5.450,-1.0000,3.60093,11.850,4.050,2.050,-1.0000
4,near,20,1e+15,P1,person,1.321753e+04,4.550,0.450,5.350,3.4081,3.71730,9.650,2.250,4.650,2.3310
4,near,20,1e+15,P1,vehicle,1.223488e+04,4.750,0.350,5.350,3.8478,3.63402,4.750,0.350,5.350,3.8478
4,near,20,1e+15,P2,empty,1.294265e+04,4.350,4.350,5.050,-1.0000,3.64573,9.150,1.850,4.150,-1.0000
4,near,20,1e+15,P2,person,1.466144e+04,4.450,1.250,5.450,3.5476,4.19774,13.550,3.450,4.050,6.0695
4,near,20,1e+15,P2,vehicle,1.961888e+04,4.350,0.950,5.150,4.2067,4.15863,10.550,2.550,3.550,0.7500
4,near,20,1e+16,P1,empty,9.548096e+04,4.550,4.550,5.450,-1.0000,9.32308,4.850,4.150,5.450,-1.0000
4,near,20,1e+16,P1,person,9.480113e+04,4.550,4.650,5.450,4.5522,9.01592,4.550,4.650,5.450,4.5522
4,near,20,1e+16,P1,vehicle,1.064879e+05,4.450,4.050,5.550,4.7514,8.99816,4.450,4.250,5.450,4.8297
4,near,20,1e+16,P2,empty,4.325916e+04,4.650,1.850,5.050,-1.0000,3.79573,6.550,2.250,5.350,-1.0000
4,near,20,1e+16,P2,person,4.757087e+04,4.450,1.550,5.550,3.6070,3.55090,10.150,1.850,4.050,2.4711
4,near,20,1e+16,P2,vehicle,4.093785e+04,4.450,1.650,5.550,4.1849,3.82896,11.250,3.750,3.550,1.9642
4,near,20,1e+17,P1,empty,9.796849e+05,4.450,4.050,5.550,-1.0000,27.92619,4.550,4.550,5.450,-1.0000
4,near,20,1e+17,P1,person,9.782189e+05,4.550,0.350,5.450,3.4670,28.12874,4.550,4.550,5.450,4.4881
4,near,20,1e+17,P1,vehicle,9.616784e+05,4.550,4.550,5.450,4.9074,27.91204,4.550,4.550,5.450,4.9074
4,near,20,1e+17,P2,empty,1.254144e+05,5.050,2.850,4.850,-1.0000,3.67553,9.050,3.650,4.350,-1.0000
4,near,20,1e+17,P2,person,1.300062e+05,4.650,1.150,5.450,3.3874,6.42890,7.250,1.450,3.050,0.0816
4,near,20,1e+17,P2,vehicle,1.254177e+05,4.850,2.950,5.450,3.9439,3.59897,8.150,4.150,4.150,2.3780
4,near,15,1e+14,P1,empty,1.919502e+03,4.550,3.950,5.650,-1.0000,3.36795,8.550,4.150,1.850,-1.0000
4,near,15,1e+14,P1,person,2.310847e+03,4.650,1.150,5.450,3.3874,3.62055,9.750,3.150,4.950,2.9108
4,near,15,1e+14,P1,vehicle,1.735899e+03,4.450,0.850,5.450,4.1621,3.82831,7.250,2.950,4.650,1.7116
4,near,15,1e+14,P2,empty,3.008407e+03,4.450,1.550,5.650,-1.0000,3.47782,8.150,4.550,4.050,-1.0000
4,near,15,1e+14,P2,person,3.265317e+03,4.650,3.050,5.450,3.6465,3.47714,9.050,1.150,5.250,2.2658
4,near,15,1e+14,P2,vehicle,3.198726e+03,4.550,0.450,5.450,4.0645,3.68156,8.950,3.250,2.950,1.4535
4,near,15,1e+15,P1,empty,8.736250e+03,4.550,0.350,5.450,-1.0000,3.55945,4.550,0.350,5.450,-1.0000
4,near,15,1e+15,P1,person,5.767420e+03,4.450,4.150,5.450,4.3114,3.71526,8.850,1.350,4.150,1.3230
4,near,15,1e+15,P1,vehicle,6.444977e+03,4.450,0.350,5.450,4.1621,3.48642,13.350,3.350,4.350,2.8036
4,near,15,1e+15,P2,empty,9.670863e+03,4.450,2.750,5.650,-1.0000,3.57954,12.150,1.150,4.050,-1.0000
4,near,15,1e+15,P2,person,9.822410e+03,4.450,1.250,5.550,3.6070,3.49782,6.950,1.550,3.750,0.5321
4,near,15,1e+15,P2,vehicle,9.450697e+03,4.650,1.950,5.550,3.9938,3.85071,13.250,2.450,1.850,2.6201
4,near,15,1e+16,P1,empty,4.928718e+04,4.350,0.850,5.450,-1.0000,5.51330,4.350,0.850,5.450,-1.0000
4,near,15,1e+16,P1,person,4.467724e+04,4.650,4.250,5.450,4.2399,6.17197,4.650,4.250,5.450,4.2399
4,near,15,1e+16,P1,vehicle,4.720895e+04,4.450,4.050,5.550,4.7514,6.19816,4.650,4.650,5.450,4.8847
4,near,15,1e+16,P2,empty,2.683057e+04,4.450,2.350,5.650,-1.0000,4.55278,5.950,4.550,3.550,-1.0000
4,near,15,1e+16,P2,person,2.875875e+04,4.550,1.650,5.550,3.5278,4.20083,5.350,2.150,4.450,2.2954
4,near,15,1e+16,P2,vehicle,3.060845e+04,4.550,2.050,5.650,4.1210,3.75090,5.350,3.050,3.250,3.4019
4,near,15,1e+17,P1,empty,4.098943e+05,4.450,4.250,5.450,-1.0000,16.49879,4.550,0.350,5.450,-1.0000
4,near,15,1e+17,P1,person,3.731145e+05,4.550,4.550,5.450,4.4881,16.09802,4.550,4.550,5.450,4.4881
4,near,15,1e+17,P1,vehicle,4.072744e+05,4.550,0.350,5.450,4.0645,16.59378,4.550,0.350,5.450,4.0645
4,near,15,1e+17,P2,empty,9.472470e+04,4.450,0.750,5.650,-1.0000,3.56760,8.850,1.750,1.350,-1.0000
4,near,15,1e+17,P2,person,1.316315e+05,4.650,3.750,5.550,4.0127,4.47459,7.450,1.450,3.250,0.0000
4,near,15,1e+17,P2,vehicle,1.003771e+05,4.350,4.050,5.650,4.8588,3.72192,8.150,2.050,1.950,1.1862
4,near,10,1e+14,P1,empty,1.346910e+03,4.450,4.150,5.650,-1.0000,3.27002,13.650,3.450,2.450,-1.0000
4,near,10,1e+14,P1,person,9.630916e+02,4.750,0.950,5.250,3.1873,3.57233,9.050,4.150,3.250,2.7607
4,near,10,1e+14,P1,vehicle,1.144724e+03,4.450,2.050,5.650,4.2173,3.62838,12.950,3.250,5.450,2.5805
4,near,10,1e+14,P2,empty,1.575617e+03,4.550,1.350,5.650,-1.0000,3.72119,4.350,4.650,3.350,-1.0000
4,near,10,1e+14,P2,person,2.040703e+03,4.350,1.550,5.650,3.7471,3.78402,7.050,0.750,1.550,1.5502
4,near,10,1e+14,P2,vehicle,1.522685e+03,4.350,2.950,5.450,4.4123,3.97348,13.050,4.650,4.250,3.5026
4,near,10,1e+15,P1,empty,3.187192e+03,4.350,2.150,5.150,-1.0000,3.43625,7.250,3.250,2.350,-1.0000
4,near,10,1e+15,P1,person,3.471383e+03,4.650,0.850,5.450,3.3874,3.62293,9.150,4.150,3.050,2.8083
4,near,10,1e+15,P1,vehicle,2.824691e+03,4.350,0.450,5.350,4.2398,3.70221,10.050,2.850,3.450,1.0500
4,near,10,1e+15,P2,empty,4.575571e+03,4.550,1.550,5.350,-1.0000,4.02077,10.850,1.050,3.750,-1.0000
4,near,10,1e+15,P2,person,5.206218e+03,4.450,1.250,5.550,3.6070,3.77543,9.750,1.650,2.150,2.1786
4,near,10,1e+15,P2,vehicle,6.772433e+03,4.450,2.450,5.450,4.2126,3.60720,5.650,1.950,3.550,2.8678
4,near,10,1e+16,P1,empty,1.146929e+04,4.350,0.750,5.450,-1.0000,3.44291,10.650,1.350,4.050,-1.0000
4,near,10,1e+16,P1,person,8.646936e+03,4.550,0.350,5.450,3.4670,3.97124,11.450,2.350,3.250,3.7295
4,near,10,1e+16,P1,vehicle,1.374284e+04,4.550,0.350,5.450,4.0645,4.49311,6.450,3.550,1.350,3.1962
4,near,10,1e+16,P2,empty,1.946344e+04,4.450,2.450,5.650,-1.0000,3.48111,12.650,4.650,3.350,-1.0000
4,near,10,1e+16,P2,person,1.450301e+04,4.450,2.050,5.550,3.6240,3.76514,11.750,4.250,2.850,4.7258
4,near,10,1e+16,P2,vehicle,1.364763e+04,4.650,2.350,5.650,4.0546,4.04696,9.650,4.650,1.950,3.0553
4,near,10,1e+17,P1,empty,6.663950e+04,4.550,0.450,5.350,-1.0000,5.71256,4.550,0.450,5.350,-1.0000
4,near,10,1e+17,P1,person,7.840879e+04,4.550,0.350,5.450,3.4670,6.67446,4.550,0.350,5.450,3.4670
4,near,10,1e+17,P1,vehicle,6.658103e+04,4.550,0.450,5.350,4.0436,6.31118,4.650,4.650,5.450,4.8847
4,near,10,1e+17,P2,empty,5.192762e+04,4.650,2.550,5.450,-1.0000,3.97606,9.150,2.450,5.450,-1.0000
4,near,10,1e+17,P2,person,4.712348e+04,4.750,1.850,5.550,3.3759,3.57489,4.450,1.050,2.550,2.9251
4,near,10,1e+17,P2,vehicle,5.159172e+04,4.850,1.150,5.650,3.8252,3.45564,5.250,1.450,2.650,3.2884
4,near,5,1e+14,P1,empty,2.365461e+02,5.350,3.950,1.550,-1.0000,3.68293,5.350,3.950,1.550,-1.0000
4,near,5,1e+14,P1,person,2.286218e+02,7.150,4.050,4.450,2.5902,3.60118,7.150,4.050,4.450,2.5902
4,near,5,1e+14,P1,vehicle,2.341744e+02,4.750,0.950,5.650,3.9210,3.54240,10.850,2.250,5.050,0.6719
4,near,5,1e+14,P2,empty,3.198441e+02,5.050,0.950,3.950,-1.0000,3.49967,5.050,0.950,3.950,-1.0000
4,near,5,1e+14,P2,person,3.463745e+02,6.750,2.750,5.250,2.2251,3.81346,6.750,2.750,5.250,2.2251
4,near,5,1e+14,P2,vehicle,3.573103e+02,6.050,2.950,2.650,2.7485,3.94564,6.050,2.950,2.650,2.7485
4,near,5,1e+15,P1,empty,7.029547e+02,4.550,4.050,5.650,-1.0000,3.41550,6.650,0.950,4.850,-1.0000
4,near,5,1e+15,P1,person,7.354657e+02,9.550,0.650,1.750,2.2130,3.63627,9.550,0.650,1.750,2.2130
4,near,5,1e+15,P1,vehicle,7.868587e+02,11.350,2.850,5.250,1.3054,3.87252,11.350,2.850,5.250,1.3054
4,near,5,1e+15,P2,empty,1.073299e+03,4.850,1.150,5.450,-1.0000,3.30056,7.850,4.050,2.350,-1.0000
4,near,5,1e+15,P2,person,1.043796e+03,12.550,3.150,5.550,5.4413,3.63270,12.550,3.150,5.550,5.4413
4,near,5,1e+15,P2,vehicle,1.016274e+03,12.650,0.550,5.150,1.7423,3.55413,12.650,0.550,5.150,1.7423
4,near,5,1e+16,P1,empty,2.334515e+03,4.350,1.350,1.850,-1.0000,3.62672,4.350,1.350,1.850,-1.0000
4,near,5,1e+16,P1,person,2.350633e+03,6.850,0.650,5.150,1.8380,3.66381,6.850,0.650,5.150,1.8380
4,near,5,1e+16,P1,vehicle,2.271304e+03,11.650,2.950,2.250,1.5391,3.54671,11.650,2.950,2.250,1.5391
4,near,5,1e+16,P2,empty,3.130642e+03,4.850,0.950,5.050,-1.0000,3.41504,12.450,1.350,2.350,-1.0000
4,near,5,1e+16,P2,person,3.153605e+03,7.050,1.850,4.750,1.4106,3.45895,7.050,1.850,4.750,1.4106
4,near,5,1e+16,P2,vehicle,3.291709e+03,10.250,2.150,2.150,0.9666,3.62400,10.250,2.150,2.150,0.9666
4,near,5,1e+17,P1,empty,6.754112e+03,7.150,2.050,1.450,-1.0000,3.33778,7.150,2.050,1.450,-1.0000
4,near,5,1e+17,P1,person,6.872831e+03,10.850,0.650,2.250,3.1813,3.38609,10.850,0.650,2.250,3.1813
4,near,5,1e+17,P1,vehicle,7.115784e+03,5.450,0.850,2.850,3.0705,3.52839,5.450,0.850,2.850,3.0705
4,near,5,1e+17,P2,empty,1.010107e+04,7.350,4.650,3.750,-1.0000,3.51920,7.350,4.650,3.750,-1.0000
4,near,5,1e+17,P2,person,1.113262e+04,10.850,0.950,4.450,3.2550,3.93106,10.850,0.950,4.450,3.2550
4,near,5,1e+17,P2,vehicle,1.075290e+04,4.650,4.650,4.450,4.8013,3.76008,8.350,1.750,4.450,0.1639
5,far,inf,1e+14,P1,empty,1.939825e+04,4.350,4.250,5.450,-1.0000,6.01416,4.350,4.250,5.450,-1.0000
5,far,inf,1e+14,P1,person,1.768061e+04,4.350,4.250,5.450,4.5910,5.48102,4.350,4.250,5.450,4.5910
5,far,inf,1e+14,P1,vehicle,1.896018e+04,4.650,4.550,5.350,5.3139,5.60825,4.650,4.550,5.350,5.3139
5,far,inf,1e+14,P2,empty,1.171112e+04,4.350,1.450,5.250,-1.0000,3.66666,7.450,4.050,3.850,-1.0000
5,far,inf,1e+14,P2,person,1.159848e+04,4.650,0.450,5.350,3.5098,3.64372,8.650,2.050,3.250,0.6763
5,far,inf,1e+14,P2,vehicle,1.147570e+04,4.950,0.650,5.050,4.1706,3.51763,13.350,1.850,5.250,2.3350
5,far,inf,1e+15,P1,empty,1.603760e+05,4.350,4.150,5.450,-1.0000,15.10077,4.350,4.250,5.450,-1.0000
5,far,inf,1e+15,P1,person,1.715716e+05,4.450,4.050,5.550,4.4561,16.93237,4.450,4.050,5.550,4.4561
5,far,inf,1e+15,P1,vehicle,1.758176e+05,4.450,4.150,5.450,5.3162,16.66532,4.450,4.150,5.450,5.3162
5,far,inf,1e+15,P2,empty,4.319693e+04,4.550,0.850,4.750,-1.0000,3.43576,5.650,1.750,3.750,-1.0000
5,far,inf,1e+15,P2,person,4.255656e+04,7.550,1.350,3.150,0.0781,4.74842,7.550,1.350,3.150,0.0781
5,far,inf,1e+15,P2,vehicle,3.535501e+04,4.650,0.950,4.750,4.3907,3.47643,9.450,4.150,3.750,2.3500
5,far,inf,1e+16,P1,empty,1.658221e+06,4.450,4.050,5.550,-1.0000,51.75054,4.450,4.050,5.550,-1.0000
5,far,inf,1e+16,P1,person,1.715140e+06,4.450,4.050,5.550,4.4561,53.52689,4.450,4.050,5.550,4.4561
5,far,inf,1e+16,P1,vehicle,1.642995e+06,4.450,4.050,5.550,5.3033,51.27535,4.450,4.050,5.550,5.3033
5,far,inf,1e+16,P2,empty,1.070114e+05,5.150,4.350,5.550,-1.0000,3.37348,8.050,1.250,1.550,-1.0000
5,far,inf,1e+16,P2,person,3.126737e+05,7.550,1.350,3.150,0.0781,11.03249,7.550,1.350,3.150,0.0781
5,far,inf,1e+16,P2,vehicle,1.187137e+05,4.550,4.150,5.450,5.2317,3.94452,8.850,1.050,2.450,0.1050
5,far,inf,1e+17,P1,empty,1.671589e+07,4.450,4.050,5.550,-1.0000,164.96883,4.450,4.050,5.550,-1.0000
5,far,inf,1e+17,P1,person,1.660428e+07,4.450,4.050,5.550,4.4561,163.86734,4.450,4.050,5.550,4.4561
5,far,inf,1e+17,P1,vehicle,1.660022e+07,4.450,4.050,5.550,5.3033,163.82736,4.450,4.050,5.550,5.3033
5,far,inf,1e+17,P2,empty,3.734638e+05,4.550,1.950,4.950,-1.0000,3.80571,8.850,0.450,3.850,-1.0000
5,far,inf,1e+17,P2,person,3.235753e+06,7.550,1.350,3.150,0.0781,36.10419,7.550,1.350,3.150,0.0781
5,far,inf,1e+17,P2,vehicle,7.642812e+05,8.950,1.250,3.750,0.0050,10.14922,8.950,1.250,2.450,0.0050
5,far,50,1e+14,P1,empty,4.084204e+03,4.750,0.350,5.150,-1.0000,3.55008,12.650,3.550,2.750,-1.0000
5,far,50,1e+14,P1,person,3.917349e+03,4.450,0.450,5.350,3.6806,3.42418,9.350,4.450,3.350,3.0328
5,far,50,1e+14,P1,vehicle,3.957476e+03,4.350,4.350,5.450,5.4912,3.78192,8.050,2.750,5.550,2.1186
5,far,50,1e+14,P2,empty,4.649371e+03,4.850,0.650,5.150,-1.0000,3.99138,9.950,4.650,5.550,-1.0000
5,far,50,1e+14,P2,person,5.660519e+03,4.650,0.950,5.450,3.5640,4.05645,8.550,1.950,3.350,0.5401
5,far,50,1e+14,P2,vehicle,4.513958e+03,5.550,3.850,5.250,4.2018,3.48694,9.450,3.850,3.750,2.0500
5,far,50,1e+15,P1,empty,2.825767e+04,4.450,4.150,5.450,-1.0000,6.62154,4.450,4.150,5.450,-1.0000
5,far,50,1e+15,P1,person,2.476747e+04,4.450,4.050,5.550,4.4561,5.84597,4.450,4.050,5.550,4.4561
5,far,50,1e+15,P1,vehicle,2.283493e+04,4.350,4.050,5.550,5.3885,5.33757,4.550,4.150,5.450,5.2317
5,far,50,1e+15,P2,empty,1.618886e+04,4.650,1.650,5.650,-1.0000,3.74237,7.450,4.150,5.650,-1.0000
5,far,50,1e+15,P2,person,1.513641e+04,4.650,1.550,5.650,3.6782,4.27569,9.750,2.950,2.150,2.3335
5,far,50,1e+15,P2,vehicle,1.826379e+04,4.350,3.350,5.650,5.1690,4.00720,7.250,1.550,1.450,1.9454
5,far,50,1e+16,P1,empty,2.051888e+05,4.350,4.150,5.450,-1.0000,15.55253,4.350,4.250,5.450,-1.0000
5,far,50,1e+16,P1,person,2.053764e+05,4.450,4.150,5.450,4.4647,15.21853,4.450,4.150,5.450,4.4647
5,far,50,1e+16,P1,vehicle,2.043258e+05,4.350,4.250,5.450,5.4454,15.60427,4.350,4.250,5.450,5.4454
5,far,50,1e+16,P2,empty,4.643421e+04,4.350,1.050,5.250,-1.0000,3.75958,9.750,2.650,1.950,-1.0000
5,far,50,1e+16,P2,person,4.971851e+04,4.350,3.850,5.650,4.4749,4.91504,7.850,1.350,3.650,0.1681
5,far,50,1e+16,P2,vehicle,4.747371e+04,4.550,3.950,5.450,5.1450,3.63462,11.350,4.550,4.150,2.7626
5,far,50,1e+17,P1,empty,2.059085e+06,4.450,4.050,5.550,-1.0000,48.60149,4.450,4.050,5.550,-1.0000
5,far,50,1e+17,P1,person,2.029694e+06,4.450,4.150,5.450,4.4647,48.43670,4.350,4.250,5.450,4.5910
5,far,50,1e+17,P1,vehicle,2.048602e+06,4.450,4.050,5.550,5.3033,48.35405,4.450,4.050,5.550,5.3033
5,far,50,1e+17,P2,empty,1.510416e+05,4.450,0.450,5.250,-1.0000,3.67887,13.050,3.550,5.650,-1.0000
5,far,50,1e+17,P2,person,2.805943e+05,7.550,1.350,3.150,0.0781,11.12740,7.550,1.350,3.150,0.0781
5,far,50,1e+17,P2,vehicle,1.516702e+05,4.550,0.950,5.350,4.6417,3.87440,4.850,1.550,3.950,4.1055
5,far,30,1e+14,P1,empty,1.762883e+03,4.350,3.750,5.450,-1.0000,3.90054,9.450,3.850,2.150,-1.0000
5,far,30,1e+14,P1,person,1.860359e+03,4.750,1.850,5.450,3.4843,3.64833,4.450,2.850,1.950,3.5913
5,far,30,1e+14,P1,vehicle,1.979784e+03,4.450,0.450,5.250,4.7068,3.47478,4.350,3.450,4.450,4.9240
5,far,30,1e+14,P2,empty,2.457248e+03,4.550,0.450,5.450,-1.0000,4.01768,13.450,1.650,3.350,-1.0000
5,far,30,1e+14,P2,person,2.593876e+03,4.350,0.750,5.650,3.9246,3.59164,10.650,3.150,3.850,2.9812
5,far,30,1e+14,P2,vehicle,2.953608e+03,4.750,1.950,5.550,4.5245,4.44473,10.650,1.750,5.650,1.7633
5,far,30,1e+15,P1,empty,7.254213e+03,4.450,4.150,5.450,-1.0000,3.62750,4.850,3.050,2.450,-1.0000
5,far,30,1e+15,P1,person,7.310230e+03,4.350,4.250,5.450,4.5910,3.53542,6.650,1.850,1.350,2.0789
5,far,30,1e+15,P1,vehicle,7.007953e+03,4.450,4.150,5.450,5.3162,3.83287,13.050,3.350,2.750,2.2241
5,far,30,1e+15,P2,empty,9.005194e+03,4.750,4.150,5.450,-1.0000,3.49165,11.150,4.350,5.150,-1.0000
5,far,30,1e+15,P2,person,1.336921e+04,4.350,1.050,5.650,3.9246,3.73698,4.350,1.050,5.650,3.9246
5,far,30,1e+15,P2,vehicle,8.989436e+03,4.350,2.450,5.650,4.9738,4.13720,11.450,2.150,3.250,0.3500
5,far,30,1e+16,P1,empty,5.692260e+04,4.450,4.150,5.450,-1.0000,7.75831,4.450,4.150,5.450,-1.0000
5,far,30,1e+16,P1,person,5.076550e+04,4.350,4.250,5.450,4.5910,7.62325,4.750,4.550,5.350,4.4561
5,far,30,1e+16,P1,vehicle,5.777058e+04,4.350,0.350,5.350,4.8319,7.64602,4.350,0.350,5.350,4.8319
5,far,30,1e+16,P2,empty,2.897808e+04,4.350,0.650,5.250,-1.0000,3.49623,9.150,2.650,1.850,-1.0000
5,far,30,1e+16,P2,person,2.977571e+04,4.550,3.450,5.650,4.1468,3.89982,6.850,4.250,3.650,2.6694
5,far,30,1e+16,P2,vehicle,2.747624e+04,4.350,2.550,5.250,4.8608,3.63108,5.050,3.950,3.050,4.4578
5,far,30,1e+17,P1,empty,5.276756e+05,4.350,4.250,5.450,-1.0000,23.39224,4.350,4.250,5.450,-1.0000
5,far,30,1e+17,P1,person,4.966782e+05,4.450,4.150,5.450,4.4647,21.88439,4.350,4.250,5.450,4.5910
5,far,30,1e+17,P1,vehicle,5.299354e+05,4.350,4.150,5.450,5.4012,22.72455,4.350,4.250,5.450,5.4454
5,far,30,1e+17,P2,empty,8.645098e+04,4.450,4.550,5.250,-1.0000,3.50822,9.950,1.450,2.150,-1.0000
5,far,30,1e+17,P2,person,8.569213e+04,4.350,1.550,5.450,3.8177,5.70828,7.550,1.350,3.150,0.0781
5,far,30,1e+17,P2,vehicle,1.057107e+05,4.550,1.250,5.650,4.7449,3.53743,11.050,0.950,3.050,0.0000
5,far,20,1e+14,P1,empty,8.554579e+02,4.350,1.450,5.650,-1.0000,3.62343,7.750,4.350,5.350,-1.0000
5,far,20,1e+14,P1,person,8.794477e+02,4.450,3.750,5.250,4.1696,3.63767,7.950,0.750,3.650,0.1681
5,far,20,1e+14,P1,vehicle,8.699183e+02,4.550,1.650,5.550,4.7086,3.50325,8.450,1.750,2.650,0.5050
5,far,20,1e+14,P2,empty,1.392729e+03,4.350,2.150,5.550,-1.0000,3.74905,11.250,0.850,5.550,-1.0000
5,far,20,1e+14,P2,person,1.403201e+03,4.550,1.950,5.550,3.7111,3.64081,6.450,1.950,4.150,1.3714
5,far,20,1e+14,P2,vehicle,1.227741e+03,4.650,4.150,5.150,5.0648,3.67385,9.850,3.050,3.950,1.2516
5,far,20,1e+15,P1,empty,2.640628e+03,4.550,2.150,5.450,-1.0000,3.90060,5.850,1.650,5.150,-1.0000
5,far,20,1e+15,P1,person,2.932585e+03,4.750,4.150,5.450,4.2568,3.50755,12.050,2.450,5.250,4.4180
5,far,20,1e+15,P1,vehicle,2.623736e+03,4.950,4.150,5.450,4.8997,3.95734,11.050,3.150,1.350,1.7021
5,far,20,1e+15,P2,empty,4.036822e+03,4.550,1.950,5.450,-1.0000,3.43382,7.250,1.150,3.850,-1.0000
5,far,20,1e+15,P2,person,4.429222e+03,4.350,4.450,5.250,4.6250,3.72730,8.150,0.350,4.250,0.7722
5,far,20,1e+15,P2,vehicle,4.358302e+03,4.650,3.650,5.650,5.0065,3.68930,6.650,2.750,4.150,2.5070
5,far,20,1e+16,P1,empty,1.224141e+04,4.450,0.350,5.250,-1.0000,3.71266,11.850,1.850,2.750,-1.0000
5,far,20,1e+16,P1,person,1.343910e+04,4.350,4.050,5.550,4.5278,3.73356,4.350,4.050,5.550,4.5278
5,far,20,1e+16,P1,vehicle,1.129409e+04,4.450,4.250,5.450,5.3611,3.62966,4.750,4.550,5.350,5.2332
5,far,20,1e+16,P2,empty,1.564053e+04,4.450,3.450,5.450,-1.0000,3.57398,4.750,3.950,2.550,-1.0000
5,far,20,1e+16,P2,person,1.442179e+04,4.350,2.350,5.550,3.9244,3.70258,10.050,0.550,4.250,2.1226
5,far,20,1e+16,P2,vehicle,1.310892e+04,4.750,2.950,5.550,4.6660,3.66477,7.650,2.850,5.650,2.4321
5,far,20,1e+17,P1,empty,1.051426e+05,4.350,4.250,5.450,-1.0000,9.91789,4.350,4.250,5.450,-1.0000
5,far,20,1e+17,P1,person,9.494180e+04,4.350,4.250,5.450,4.5910,9.70084,4.750,4.550,5.350,4.4561
5,far,20,1e+17,P1,vehicle,1.013859e+05,4.450,4.150,5.450,5.3162,9.32190,4.450,4.150,5.450,5.3162
5,far,20,1e+17,P2,empty,4.121629e+04,4.450,1.550,5.150,-1.0000,3.47225,8.850,3.050,1.550,-1.0000
5,far,20,1e+17,P2,person,3.895392e+04,4.650,4.650,5.250,4.5450,3.80780,5.650,2.650,3.950,2.2378
5,far,20,1e+17,P2,vehicle,4.225149e+04,4.350,0.650,5.450,4.8632,4.11023,5.050,2.250,1.650,3.9993
5,far,15,1e+14,P1,empty,4.886883e+02,4.650,1.750,5.350,-1.0000,3.48432,7.850,2.050,1.950,-1.0000
5,far,15,1e+14,P1,person,3.740679e+02,4.650,3.550,5.550,4.0655,3.70771,8.550,3.850,1.550,2.7413
5,far,15,1e+14,P1,vehicle,4.450111e+02,4.550,1.450,4.850,4.5091,3.80643,7.450,3.950,2.650,2.6244
5,far,15,1e+14,P2,empty,6.542467e+02,4.550,3.750,5.350,-1.0000,3.70998,8.550,4.650,2.150,-1.0000
5,far,15,1e+14,P2,person,6.127368e+02,4.750,1.050,5.450,3.4811,3.49422,8.350,2.650,5.250,2.0264
5,far,15,1e+14,P2,vehicle,6.877750e+02,4.850,1.250,5.650,4.4677,3.55966,8.850,3.350,2.350,1.5540
5,far,15,1e+15,P1,empty,1.373075e+03,4.550,1.250,5.450,-1.0000,3.64114,8.750,0.550,5.250,-1.0000
5,far,15,1e+15,P1,person,1.330533e+03,4.450,3.050,5.650,4.0719,3.52438,8.650,0.650,3.650,0.6026
5,far,15,1e+15,P1,vehicle,1.372772e+03,4.450,2.050,5.550,4.8088,3.48675,6.150,0.750,5.550,3.2611
5,far,15,1e+15,P2,empty,2.010986e+03,4.550,2.050,5.550,-1.0000,3.51490,8.050,2.350,3.650,-1.0000
5,far,15,1e+15,P2,person,2.355516e+03,4.450,1.550,5.550,3.7861,3.72734,6.350,3.950,4.050,2.6460
5,far,15,1e+15,P2,vehicle,2.021628e+03,4.850,3.350,5.450,4.6581,3.70380,11.850,2.650,4.250,1.0052
5,far,15,1e+16,P1,empty,3.658864e+03,5.350,3.050,4.650,-1.0000,3.59839,5.350,3.050,4.650,-1.0000
5,far,15,1e+16,P1,person,3.957770e+03,4.450,0.750,5.150,3.5833,3.87859,6.550,3.850,5.350,3.0430
5,far,15,1e+16,P1,vehicle,4.354763e+03,4.450,0.850,5.450,4.7686,3.47479,12.650,4.650,4.850,3.2370
5,far,15,1e+16,P2,empty,5.695021e+03,4.650,0.950,5.650,-1.0000,3.83025,11.650,0.350,3.250,-1.0000
5,far,15,1e+16,P2,person,6.383145e+03,4.850,1.250,5.650,3.5187,3.51862,13.650,3.350,5.550,6.1743
5,far,15,1e+16,P2,vehicle,7.359006e+03,4.350,0.450,5.250,4.8026,3.73704,12.750,3.850,4.950,2.6477
5,far,15,1e+17,P1,empty,1.989986e+04,4.350,4.250,5.450,-1.0000,3.82642,4.350,4.250,5.450,-1.0000
5,far,15,1e+17,P1,person,2.255122e+04,4.350,4.150,5.450,4.5362,4.15371,4.350,4.150,5.450,4.5362
5,far,15,1e+17,P1,vehicle,1.887935e+04,5.150,0.550,5.450,4.1137,4.34933,5.150,0.550,5.450,4.1137
5,far,15,1e+17,P2,empty,2.137513e+04,4.450,2.050,5.650,-1.0000,3.41537,6.150,2.950,3.550,-1.0000
5,far,15,1e+17,P2,person,2.229988e+04,4.850,3.950,5.250,3.9836,3.65641,4.850,3.950,5.250,3.9836
5,far,15,1e+17,P2,vehicle,1.920532e+04,4.650,2.850,5.450,4.6989,3.36595,10.550,3.650,2.850,1.8500
5,far,10,1e+14,P1,empty,2.381292e+02,11.950,2.150,1.350,-1.0000,3.72340,11.950,2.150,1.350,-1.0000
5,far,10,1e+14,P1,person,2.358424e+02,4.950,1.550,3.350,2.6713,3.64889,4.950,1.550,3.350,2.6713
5,far,10,1e+14,P1,vehicle,2.380654e+02,5.950,1.650,4.650,3.1005,3.65969,5.950,1.650,4.650,3.1005
5,far,10,1e+14,P2,empty,3.401262e+02,11.950,2.250,4.350,-1.0000,3.74061,11.950,2.250,4.350,-1.0000
5,far,10,1e+14,P2,person,3.208333e+02,9.050,0.350,2.350,1.2845,3.54617,9.050,0.350,2.350,1.2845
5,far,10,1e+14,P2,vehicle,3.321298e+02,10.650,1.250,2.850,0.0000,3.65010,10.650,1.250,2.850,0.0000
5,far,10,1e+15,P1,empty,7.432264e+02,11.350,4.150,1.750,-1.0000,3.68627,11.350,4.150,1.750,-1.0000
5,far,10,1e+15,P1,person,7.194600e+02,5.250,2.550,4.550,2.7361,3.45399,5.250,2.550,4.550,2.7361
5,far,10,1e+15,P1,vehicle,8.001763e+02,9.350,1.150,2.250,0.1367,3.93855,9.350,1.150,2.250,0.1367
5,far,10,1e+15,P2,empty,1.059860e+03,12.950,2.250,5.250,-1.0000,3.72200,12.950,2.250,5.250,-1.0000
5,far,10,1e+15,P2,person,1.172764e+03,11.750,0.450,3.850,3.6971,4.09754,11.750,0.450,3.850,3.6971
5,far,10,1e+15,P2,vehicle,1.044249e+03,5.550,1.050,3.350,3.4050,3.64071,5.550,1.050,3.350,3.4050
5,far,10,1e+16,P1,empty,2.378217e+03,8.550,4.550,2.550,-1.0000,3.72007,8.550,4.550,2.550,-1.0000
5,far,10,1e+16,P1,person,2.406641e+03,5.350,3.550,5.650,3.6445,3.62432,12.550,4.550,4.350,5.3791
5,far,10,1e+16,P1,vehicle,2.319346e+03,9.150,3.050,3.650,1.2500,3.61081,9.150,3.050,3.650,1.2500
5,far,10,1e+16,P2,empty,3.544711e+03,12.750,1.750,1.750,-1.0000,3.91497,12.750,1.750,1.750,-1.0000
5,far,10,1e+16,P2,person,3.279509e+03,12.750,2.650,5.050,5.0251,3.63931,12.750,2.650,5.050,5.0251
5,far,10,1e+16,P2,vehicle,3.445655e+03,8.750,1.150,4.050,0.2621,3.79897,8.750,1.150,4.050,0.2621
5,far,10,1e+17,P1,empty,7.345481e+03,5.750,4.550,2.650,-1.0000,3.60804,5.750,4.550,2.650,-1.0000
5,far,10,1e+17,P1,person,7.149254e+03,4.950,4.450,2.250,3.9455,3.50006,4.950,4.450,2.250,3.9455
5,far,10,1e+17,P1,vehicle,6.823041e+03,11.350,1.050,5.350,1.4633,3.36274,11.350,1.050,5.350,1.4633
5,far,10,1e+17,P2,empty,1.071946e+04,9.850,3.750,4.550,-1.0000,3.73607,9.850,3.750,4.550,-1.0000
5,far,10,1e+17,P2,person,1.178262e+04,9.750,2.950,1.850,2.4808,4.10036,9.750,2.950,1.850,2.4808
5,far,10,1e+17,P2,vehicle,9.655456e+03,7.050,2.150,1.450,2.1515,3.35454,7.050,2.150,1.450,2.1515
5,far,5,1e+14,P1,empty,2.585212e+02,5.250,3.950,5.350,-1.0000,4.02275,5.250,3.950,5.350,-1.0000
5,far,5,1e+14,P1,person,2.261458e+02,9.650,0.950,5.450,2.5231,3.54527,9.650,0.950,5.450,2.5231
5,far,5,1e+14,P1,vehicle,2.311087e+02,10.350,0.950,3.450,0.0000,3.61709,10.350,0.950,3.450,0.0000
5,far,5,1e+14,P2,empty,3.115649e+02,8.450,2.850,4.350,-1.0000,3.44949,8.450,2.850,4.350,-1.0000
5,far,5,1e+14,P2,person,3.645770e+02,12.950,0.550,1.550,5.1444,4.04223,12.950,0.550,1.550,5.1444
5,far,5,1e+14,P2,vehicle,3.336511e+02,10.950,1.150,2.950,0.0000,3.71163,10.950,1.150,2.950,0.0000
5,far,5,1e+15,P1,empty,7.226601e+02,9.650,0.850,3.750,-1.0000,3.56448,9.650,0.850,3.750,-1.0000
5,far,5,1e+15,P1,person,7.135377e+02,10.950,1.650,4.450,3.0371,3.52197,10.950,1.650,4.450,3.0371
5,far,5,1e+15,P1,vehicle,7.893414e+02,8.050,1.350,3.850,0.9050,3.88833,8.050,1.350,3.850,0.9050
5,far,5,1e+15,P2,empty,9.836483e+02,7.350,2.450,2.250,-1.0000,3.42548,7.350,2.450,2.250,-1.0000
5,far,5,1e+15,P2,person,1.009247e+03,4.750,2.750,4.150,3.1294,3.53407,4.750,2.750,4.150,3.1294
5,far,5,1e+15,P2,vehicle,1.016056e+03,9.050,3.050,3.150,1.2500,3.56552,9.050,3.050,3.150,1.2500
5,far,5,1e+16,P1,empty,2.275205e+03,12.450,0.650,3.550,-1.0000,3.52747,12.450,0.650,3.550,-1.0000
5,far,5,1e+16,P1,person,2.353931e+03,12.550,1.650,5.050,4.7453,3.68962,12.550,1.650,5.050,4.7453
5,far,5,1e+16,P1,vehicle,2.541025e+03,6.050,3.950,3.050,3.6141,3.96512,6.050,3.950,3.050,3.6141
5,far,5,1e+16,P2,empty,3.401771e+03,13.550,3.550,5.050,-1.0000,3.75509,13.550,3.550,5.050,-1.0000
5,far,5,1e+16,P2,person,3.528995e+03,13.650,2.650,1.550,5.8896,3.88527,13.650,2.650,1.550,5.8896
5,far,5,1e+16,P2,vehicle,3.418520e+03,11.250,4.550,3.850,2.7500,3.76662,11.250,4.550,3.850,2.7500
5,far,5,1e+17,P1,empty,7.189647e+03,13.650,3.050,2.250,-1.0000,3.54403,13.650,3.050,2.250,-1.0000
5,far,5,1e+17,P1,person,7.659979e+03,6.350,1.250,4.850,1.8676,3.75424,6.350,1.250,4.850,1.8676
5,far,5,1e+17,P1,vehicle,7.164515e+03,7.050,2.450,3.250,2.0129,3.53026,7.050,2.450,3.250,2.0129
5,far,5,1e+17,P2,empty,1.024555e+04,7.550,0.450,5.550,-1.0000,3.58109,7.550,0.450,5.550,-1.0000
5,far,5,1e+17,P2,person,1.085880e+04,7.450,2.450,4.150,1.0189,3.79359,7.450,2.450,4.150,1.0189
5,far,5,1e+17,P2,vehicle,1.071456e+04,13.050,4.450,4.350,3.1275,3.73439,13.050,4.450,4.350,3.1275
5,near,inf,1e+14,P1,empty,1.904153e+04,4.450,4.050,5.550,-1.0000,5.94257,4.450,4.050,5.550,-1.0000
5,near,inf,1e+14,P1,person,2.049794e+04,4.450,4.050,5.550,4.4561,6.39709,4.450,4.050,5.550,4.4561
5,near,inf,1e+14,P1,vehicle,1.880420e+04,4.350,4.250,5.450,5.4454,5.82998,4.350,4.250,5.450,5.4454
5,near,inf,1e+14,P2,empty,1.336574e+04,4.350,3.650,5.050,-1.0000,3.51378,6.650,2.150,3.950,-1.0000
5,near,inf,1e+14,P2,person,1.172854e+04,7.350,4.250,3.550,2.5653,4.19123,7.350,4.250,3.550,2.5653
5,near,inf,1e+14,P2,vehicle,1.164561e+04,4.850,0.350,5.250,4.3255,3.44053,4.350,3.350,2.650,4.8589
5,near,inf,1e+15,P1,empty,1.782451e+05,4.450,4.050,5.550,-1.0000,17.59098,4.450,4.050,5.550,-1.0000
5,near,inf,1e+15,P1,person,1.587035e+05,4.350,4.250,5.450,4.5910,15.55790,4.350,4.250,5.450,4.5910
5,near,inf,1e+15,P1,vehicle,1.667472e+05,4.450,3.950,5.650,5.2941,16.26950,4.450,4.050,5.550,5.3033
5,near,inf,1e+15,P2,empty,3.773624e+04,5.250,4.650,5.350,-1.0000,3.59041,11.250,3.150,3.550,-1.0000
5,near,inf,1e+15,P2,person,4.572307e+04,7.550,1.350,3.150,0.0781,5.10173,7.550,1.350,3.150,0.0781
5,near,inf,1e+15,P2,vehicle,3.771226e+04,4.750,3.950,5.450,4.9748,3.56199,11.650,2.950,2.650,1.1664
5,near,inf,1e+16,P1,empty,1.679638e+06,4.450,4.050,5.550,-1.0000,52.41894,4.450,4.050,5.550,-1.0000
5,near,inf,1e+16,P1,person,1.695490e+06,4.450,4.050,5.550,4.4561,52.91365,4.450,4.050,5.550,4.4561
5,near,inf,1e+16,P1,vehicle,1.628951e+06,4.450,4.050,5.550,5.3033,50.83707,4.450,4.050,5.550,5.3033
5,near,inf,1e+16,P2,empty,1.128443e+05,4.550,4.150,5.650,-1.0000,3.58054,8.850,0.650,3.850,-1.0000
5,near,inf,1e+16,P2,person,3.423660e+05,7.650,1.450,3.250,0.0000,12.09048,7.650,1.450,3.250,0.0000
5,near,inf,1e+16,P2,vehicle,1.317869e+05,4.950,0.450,4.850,4.1193,4.86328,8.950,1.350,3.750,0.0050
5,near,inf,1e+17,P1,empty,1.673486e+07,4.450,4.050,5.550,-1.0000,165.15608,4.450,4.050,5.550,-1.0000
5,near,inf,1e+17,P1,person,1.675219e+07,4.450,4.050,5.550,4.4561,165.32712,4.450,4.050,5.550,4.4561
5,near,inf,1e+17,P1,vehicle,1.667197e+07,4.450,4.050,5.550,5.3033,164.53542,4.450,4.050,5.550,5.3033
5,near,inf,1e+17,P2,empty,3.731703e+05,4.950,3.950,5.650,-1.0000,3.93729,10.950,4.250,1.750,-1.0000
5,near,inf,1e+17,P2,person,3.267260e+06,7.650,1.450,3.250,0.0000,36.48684,7.650,1.450,3.250,0.0000
5,near,inf,1e+17,P2,vehicle,7.203159e+05,8.950,1.150,3.750,0.0050,10.14272,8.950,1.450,2.450,0.0050
5,near,50,1e+14,P1,empty,7.384525e+03,4.450,4.250,5.450,-1.0000,4.27907,12.250,2.450,1.750,-1.0000
5,near,50,1e+14,P1,person,6.928041e+03,4.450,4.150,5.450,4.4647,3.68616,5.250,4.150,1.950,3.6253
5,near,50,1e+14,P1,vehicle,7.680513e+03,4.450,0.850,5.450,4.7686,3.96510,13.650,1.150,3.650,2.1950
5,near,50,1e+14,P2,empty,6.911893e+03,4.350,2.350,5.650,-1.0000,3.49833,7.550,1.550,2.550,-1.0000
5,near,50,1e+14,P2,person,8.395672e+03,4.450,3.750,5.150,4.1282,3.46879,8.850,2.250,3.850,1.0220
5,near,50,1e+14,P2,vehicle,8.336361e+03,4.650,2.150,5.550,4.6284,3.90393,12.450,3.150,1.450,1.9209
5,near,50,1e+15,P1,empty,5.558044e+04,4.450,4.150,5.450,-1.0000,8.00091,4.450,4.150,5.450,-1.0000
5,near,50,1e+15,P1,person,5.654714e+04,4.350,4.150,5.450,4.5362,8.05859,4.450,4.050,5.550,4.4561
5,near,50,1e+15,P1,vehicle,5.740048e+04,4.450,4.050,5.550,5.3033,8.45144,4.350,4.250,5.450,5.4454
5,near,50,1e+15,P2,empty,2.987440e+04,4.550,2.450,5.450,-1.0000,3.84618,5.850,2.450,3.950,-1.0000
5,near,50,1e+15,P2,person,2.738961e+04,4.450,0.450,5.350,3.6806,3.69267,7.550,1.050,4.550,1.0705
5,near,50,1e+15,P2,vehicle,2.652635e+04,4.650,0.850,5.550,4.6152,3.43351,10.350,3.350,1.950,1.6103
5,near,50,1e+16,P1,empty,5.206456e+05,4.350,4.250,5.450,-1.0000,24.38427,4.350,4.250,5.450,-1.0000
5,near,50,1e+16,P1,person,5.114113e+05,4.450,4.150,5.450,4.4647,23.34290,4.450,4.050,5.550,4.4561
5,near,50,1e+16,P1,vehicle,5.313638e+05,4.350,4.250,5.450,5.4454,24.88626,4.350,4.250,5.450,5.4454
5,near,50,1e+16,P2,empty,8.557752e+04,4.550,0.450,5.050,-1.0000,4.20803,9.850,2.550,3.850,-1.0000
5,near,50,1e+16,P2,person,7.707321e+04,7.850,1.350,3.650,0.1681,5.94035,7.850,1.350,3.650,0.1681
5,near,50,1e+16,P2,vehicle,8.917669e+04,4.550,0.350,5.150,4.5826,3.61830,9.250,2.350,4.250,0.6592
5,near,50,1e+17,P1,empty,5.068906e+06,4.450,4.050,5.550,-1.0000,74.93084,4.350,4.250,5.450,-1.0000
5,near,50,1e+17,P1,person,5.171660e+06,4.450,4.050,5.550,4.4561,74.91710,4.450,4.050,5.550,4.4561
5,near,50,1e+17,P1,vehicle,5.189452e+06,4.450,4.150,5.450,5.3162,74.70310,4.450,4.150,5.450,5.3162
5,near,50,1e+17,P2,empty,2.778297e+05,4.350,0.650,5.150,-1.0000,3.69555,4.550,1.950,2.850,-1.0000
5,near,50,1e+17,P2,person,7.034695e+05,7.650,1.450,3.250,0.0000,16.91352,7.650,1.450,3.250,0.0000
5,near,50,1e+17,P2,vehicle,2.763633e+05,4.450,1.850,5.650,4.8381,6.66333,8.950,1.350,2.450,0.0050
5,near,30,1e+14,P1,empty,4.629221e+03,4.450,4.050,5.550,-1.0000,3.48892,8.250,2.550,2.450,-1.0000
5,near,30,1e+14,P1,person,5.261070e+03,4.750,1.250,5.450,3.4811,3.92424,5.950,0.450,5.050,2.2918
5,near,30,1e+14,P1,vehicle,4.426063e+03,4.650,4.650,5.450,5.3944,3.62389,7.950,0.650,4.850,1.3922
5,near,30,1e+14,P2,empty,6.545331e+03,4.550,1.650,5.650,-1.0000,3.58712,5.450,4.150,2.950,-1.0000
5,near,30,1e+14,P2,person,6.000604e+03,4.750,1.350,5.650,3.5979,3.48515,8.450,0.750,4.550,1.1333
5,near,30,1e+14,P2,vehicle,5.665284e+03,4.650,3.250,5.650,4.8729,3.70955,4.750,2.850,1.950,4.3561
5,near,30,1e+15,P1,empty,2.490299e+04,4.450,0.850,5.450,-1.0000,5.35464,4.750,4.550,5.350,-1.0000
5,near,30,1e+15,P1,person,2.927666e+04,4.450,4.150,5.450,4.4647,5.62045,4.450,4.150,5.450,4.4647
5,near,30,1e+15,P1,vehicle,2.740899e+04,4.450,4.150,5.450,5.3162,5.26190,4.450,4.150,5.450,5.3162
5,near,30,1e+15,P2,empty,2.203193e+04,4.450,2.550,5.550,-1.0000,3.53579,9.050,0.650,4.750,-1.0000
5,near,30,1e+15,P2,person,2.426937e+04,4.450,2.450,5.650,3.9141,3.68198,8.850,3.350,5.550,2.7579
5,near,30,1e+15,P2,vehicle,1.971776e+04,4.350,3.650,5.350,5.1740,3.51692,5.550,3.450,2.050,3.7987
5,near,30,1e+16,P1,empty,2.694996e+05,4.350,4.250,5.450,-1.0000,16.78499,4.350,4.250,5.450,-1.0000
5,near,30,1e+16,P1,person,2.420014e+05,4.450,4.150,5.450,4.4647,14.69153,4.450,4.150,5.450,4.4647
5,near,30,1e+16,P1,vehicle,2.401874e+05,4.350,4.250,5.450,5.4454,14.95937,4.350,4.250,5.450,5.4454
5,near,30,1e+16,P2,empty,7.491717e+04,4.450,2.650,5.550,-1.0000,4.57155,5.150,4.450,3.350,-1.0000
5,near,30,1e+16,P2,person,6.537921e+04,4.450,2.050,5.650,3.8575,4.03806,7.850,1.450,3.550,0.0681
5,near,30,1e+16,P2,vehicle,5.310008e+04,4.350,1.750,5.550,4.8962,4.12635,8.850,1.350,3.150,0.1050
5,near,30,1e+17,P1,empty,2.448571e+06,4.350,4.250,5.450,-1.0000,48.22539,4.350,4.250,5.450,-1.0000
5,near,30,1e+17,P1,person,2.366248e+06,4.350,4.250,5.450,4.5910,46.60233,4.350,4.250,5.450,4.5910
5,near,30,1e+17,P1,vehicle,2.408468e+06,4.350,4.250,5.450,5.4454,47.43553,4.350,4.250,5.450,5.4454
5,near,30,1e+17,P2,empty,1.774159e+05,4.850,0.750,5.150,-1.0000,4.05685,6.450,4.450,3.750,-1.0000
5,near,30,1e+17,P2,person,2.471549e+05,7.750,1.250,3.450,0.0000,9.94270,7.750,1.250,3.450,0.0000
5,near,30,1e+17,P2,vehicle,2.003747e+05,4.450,2.050,5.450,4.7751,3.60180,9.750,4.450,4.650,2.7578
5,near,20,1e+14,P1,empty,3.018269e+03,4.850,0.350,5.350,-1.0000,3.79457,7.750,1.350,3.650,-1.0000
5,near,20,1e+14,P1,person,2.941937e+03,4.950,2.750,5.450,3.4802,3.32708,6.550,1.650,3.050,1.0794
5,near,20,1e+14,P1,vehicle,2.680351e+03,4.450,0.350,5.250,4.7068,3.68347,11.550,2.950,3.150,1.1539
5,near,20,1e+14,P2,empty,3.955564e+03,4.650,1.950,5.250,-1.0000,3.47140,12.750,3.250,3.550,-1.0000
5,near,20,1e+14,P2,person,5.094470e+03,4.650,2.250,5.650,3.7191,4.02650,8.250,1.050,5.450,1.9762
5,near,20,1e+14,P2,vehicle,4.242908e+03,4.650,0.950,5.450,4.5801,3.63272,9.850,0.950,5.150,1.2633
5,near,20,1e+15,P1,empty,1.212078e+04,4.350,0.350,5.350,-1.0000,3.52169,9.650,1.150,2.650,-1.0000
5,near,20,1e+15,P1,person,1.114679e+04,4.350,0.350,5.350,3.7671,3.50171,7.650,2.650,3.750,0.9871
5,near,20,1e+15,P1,vehicle,1.221832e+04,4.650,1.050,5.350,4.5469,4.01754,8.650,2.650,2.950,0.9031
5,near,20,1e+15,P2,empty,1.382856e+04,4.450,3.750,5.650,-1.0000,3.53037,5.350,3.650,3.850,-1.0000
5,near,20,1e+15,P2,person,1.521112e+04,4.450,2.850,5.550,3.9569,3.47806,11.850,1.250,1.450,4.1567
5,near,20,1e+15,P2,vehicle,1.448483e+04,4.350,1.250,5.450,4.8632,3.37867,9.150,0.850,4.150,0.2633
5,near,20,1e+16,P1,empty,1.005175e+05,4.350,4.250,5.450,-1.0000,9.00894,4.350,4.250,5.450,-1.0000
5,near,20,1e+16,P1,person,9.932402e+04,4.350,4.250,5.450,4.5910,8.90178,4.350,4.250,5.450,4.5910
5,near,20,1e+16,P1,vehicle,1.076422e+05,4.350,4.150,5.450,5.4012,9.21264,4.350,4.150,5.450,5.4012
5,near,20,1e+16,P2,empty,4.806907e+04,4.350,1.650,4.850,-1.0000,3.89125,9.950,0.650,5.150,-1.0000
5,near,20,1e+16,P2,person,4.826496e+04,4.350,1.350,5.550,3.8702,3.34800,7.250,0.750,4.950,1.5144
5,near,20,1e+16,P2,vehicle,3.869776e+04,5.350,1.450,5.650,4.0132,3.85291,13.650,1.250,1.550,2.3490
5,near,20,1e+17,P1,empty,9.703931e+05,4.350,4.250,5.450,-1.0000,27.50297,4.350,4.250,5.450,-1.0000
5,near,20,1e+17,P1,person,9.320259e+05,4.350,4.250,5.450,4.5910,26.41500,4.350,4.250,5.450,4.5910
5,near,20,1e+17,P1,vehicle,9.040367e+05,4.350,4.250,5.450,5.4454,25.62229,4.350,4.250,5.450,5.4454
5,near,20,1e+17,P2,empty,1.202181e+05,4.350,0.850,5.650,-1.0000,4.17695,11.150,2.750,2.450,-1.0000
5,near,20,1e+17,P2,person,1.297886e+05,4.350,2.850,5.650,4.0896,5.56888,7.450,1.350,3.050,0.2162
5,near,20,1e+17,P2,vehicle,1.368278e+05,4.450,1.750,5.250,4.7068,3.52092,8.850,1.250,3.550,0.1050
5,near,15,1e+14,P1,empty,1.969182e+03,4.450,2.450,5.350,-1.0000,3.67181,4.550,1.150,2.350,-1.0000
5,near,15,1e+14,P1,person,1.943840e+03,4.550,3.350,5.550,4.0537,3.74325,11.650,2.850,5.550,4.2903
5,near,15,1e+14,P1,vehicle,1.915559e+03,4.450,2.150,5.250,4.7198,3.58011,7.950,0.350,3.850,1.0050
5,near,15,1e+14,P2,empty,3.133022e+03,4.750,1.250,5.650,-1.0000,3.88107,10.350,4.050,3.850,-1.0000
5,near,15,1e+14,P2,person,3.026628e+03,4.750,2.950,5.650,3.8089,3.67868,10.550,4.250,1.950,3.7635
5,near,15,1e+14,P2,vehicle,3.755972e+03,4.450,1.250,5.650,4.8378,3.55762,11.550,1.450,4.150,0.2799
5,near,15,1e+15,P1,empty,6.543770e+03,4.350,0.950,5.350,-1.0000,3.65198,10.550,2.550,4.750,-1.0000
5,near,15,1e+15,P1,person,5.508285e+03,4.750,0.350,5.250,3.3720,3.72323,12.950,2.150,4.150,4.9448
5,near,15,1e+15,P1,vehicle,7.356375e+03,4.450,4.150,5.450,5.3162,3.26728,12.750,4.350,5.150,3.1266
5,near,15,1e+15,P2,empty,1.160264e+04,4.550,1.350,5.650,-1.0000,3.46112,10.450,2.950,5.250,-1.0000
5,near,15,1e+15,P2,person,1.001844e+04,4.650,3.750,5.550,4.1603,3.73814,12.650,3.450,5.350,5.2457
5,near,15,1e+15,P2,vehicle,8.592297e+03,4.750,1.750,5.150,4.3907,4.11968,8.050,4.150,2.750,2.5183
5,near,15,1e+16,P1,empty,4.089423e+04,4.650,0.850,5.450,-1.0000,5.05247,4.650,0.850,5.450,-1.0000
5,near,15,1e+16,P1,person,4.445147e+04,4.350,4.150,5.450,4.5362,5.50200,4.350,4.150,5.450,4.5362
5,near,15,1e+16,P1,vehicle,3.931823e+04,4.350,0.450,5.250,4.8026,5.37402,4.650,4.550,5.350,5.3139
5,near,15,1e+16,P2,empty,3.163575e+04,4.350,2.050,5.450,-1.0000,3.50376,11.650,3.950,5.150,-1.0000
5,near,15,1e+16,P2,person,3.550245e+04,4.550,3.050,5.550,3.9411,4.06432,12.650,4.350,2.250,5.3717
5,near,15,1e+16,P2,vehicle,3.061921e+04,4.450,0.750,5.550,4.8023,3.32567,5.650,0.550,5.450,3.6561
5,near,15,1e+17,P1,empty,3.561122e+05,4.350,4.250,5.450,-1.0000,14.83423,4.850,0.350,5.350,-1.0000
5,near,15,1e+17,P1,person,3.723445e+05,4.350,0.350,5.350,3.7671,14.60547,4.350,4.250,5.450,4.5910
5,near,15,1e+17,P1,vehicle,3.638338e+05,4.350,0.350,5.350,4.8319,14.43859,4.350,4.250,5.450,5.4454
5,near,15,1e+17,P2,empty,9.359829e+04,4.350,0.550,5.650,-1.0000,3.45128,13.650,1.050,5.450,-1.0000
5,near,15,1e+17,P2,person,9.275924e+04,4.350,4.050,5.350,4.4400,3.84424,7.550,0.950,3.150,0.0781
5,near,15,1e+17,P2,vehicle,1.214658e+05,4.750,0.950,5.550,4.5221,3.76877,8.850,1.350,2.350,0.1112
5,near,10,1e+14,P1,empty,1.165026e+03,4.350,1.350,5.550,-1.0000,3.43703,10.450,2.350,4.550,-1.0000
5,near,10,1e+14,P1,person,9.384459e+02,4.550,1.350,5.550,3.7027,3.94128,9.450,2.650,2.950,1.6903
5,near,10,1e+14,P1,vehicle,9.900220e+02,4.650,3.250,5.650,4.8729,3.71892,7.250,0.950,5.450,2.3133
5,near,10,1e+14,P2,empty,1.490336e+03,4.350,2.450,5.450,-1.0000,4.10554,6.950,0.850,4.850,-1.0000
5,near,10,1e+14,P2,person,1.473658e+03,4.450,1.150,5.650,3.8416,3.59806,4.750,2.250,4.450,3.0796
5,near,10,1e+14,P2,vehicle,1.846801e+03,4.350,1.850,5.650,4.9313,3.45735,10.250,2.950,3.050,1.1500
5,near,10,1e+15,P1,empty,2.783777e+03,4.650,0.350,5.350,-1.0000,3.80668,10.650,2.650,1.650,-1.0000
5,near,10,1e+15,P1,person,2.782400e+03,5.050,1.350,5.450,3.2381,3.79919,11.250,2.550,1.450,3.7183
5,near,10,1e+15,P1,vehicle,2.841252e+03,4.550,1.050,5.350,4.6417,3.39817,8.350,1.650,2.150,0.6497
5,near,10,1e+15,P2,empty,4.801949e+03,4.550,0.650,5.350,-1.0000,3.71221,9.450,3.050,4.150,-1.0000
5,near,10,1e+15,P2,person,5.503861e+03,4.550,1.950,5.650,3.7678,3.72816,5.150,3.450,2.150,3.1991
5,near,10,1e+15,P2,vehicle,5.498020e+03,4.350,1.150,5.550,4.8962,3.84460,10.250,3.750,1.950,1.9983
5,near,10,1e+16,P1,empty,8.987462e+03,4.650,0.550,5.350,-1.0000,3.71510,12.750,4.350,3.550,-1.0000
5,near,10,1e+16,P1,person,1.101491e+04,4.450,0.350,5.250,3.6309,3.44765,11.750,2.450,3.550,3.7550
5,near,10,1e+16,P1,vehicle,9.725762e+03,4.750,0.350,5.350,4.4524,3.32838,13.150,2.550,5.450,2.4248
5,near,10,1e+16,P2,empty,1.685282e+04,4.450,1.950,5.650,-1.0000,3.56134,7.550,3.050,2.050,-1.0000
5,near,10,1e+16,P2,person,1.446257e+04,4.650,1.750,5.550,3.6205,4.27230,6.150,3.350,5.050,2.7104
5,near,10,1e+16,P2,vehicle,1.762558e+04,4.350,0.650,5.650,4.9311,3.79865,10.250,3.550,1.550,1.9397
5,near,10,1e+17,P1,empty,7.498611e+04,4.350,0.350,5.350,-1.0000,5.94481,4.350,0.350,5.350,-1.0000
5,near,10,1e+17,P1,person,7.595153e+04,4.350,0.350,5.350,3.7671,6.02135,4.350,0.350,5.350,3.7671
5,near,10,1e+17,P1,vehicle,6.903520e+04,4.350,0.350,5.350,4.8319,5.47303,4.350,0.350,5.350,4.8319
5,near,10,1e+17,P2,empty,4.970518e+04,4.550,3.450,5.450,-1.0000,3.65788,7.450,0.650,3.250,-1.0000
5,near,10,1e+17,P2,person,4.876362e+04,4.350,0.450,5.550,3.8702,3.57441,10.350,0.950,5.550,3.0773
5,near,10,1e+17,P2,vehicle,7.231076e+04,4.350,0.650,5.550,4.8962,3.68114,4.350,0.650,5.550,4.8962
5,near,5,1e+14,P1,empty,2.527144e+02,12.850,2.750,1.550,-1.0000,3.92463,12.850,2.750,1.550,-1.0000
5,near,5,1e+14,P1,person,2.247264e+02,4.650,2.350,4.950,3.3774,3.43830,13.250,3.650,5.450,5.8732
5,near,5,1e+14,P1,vehicle,2.585663e+02,10.650,2.350,2.050,0.6449,4.04162,10.650,2.350,2.050,0.6449
5,near,5,1e+14,P2,empty,3.462549e+02,7.750,4.550,4.950,-1.0000,3.80822,7.750,4.550,4.950,-1.0000
5,near,5,1e+14,P2,person,3.092532e+02,13.450,0.450,5.550,5.7626,3.40836,13.450,0.450,5.550,5.7626
5,near,5,1e+14,P2,vehicle,4.189532e+02,6.550,3.050,2.450,2.7105,4.61802,6.550,3.050,2.450,2.7105
5,near,5,1e+15,P1,empty,6.871231e+02,11.050,2.150,2.350,-1.0000,3.39124,11.050,2.150,2.350,-1.0000
5,near,5,1e+15,P1,person,7.470339e+02,4.650,1.250,5.650,3.6782,3.67760,6.650,3.150,2.850,1.7765
5,near,5,1e+15,P1,vehicle,8.171576e+02,4.350,2.350,5.650,4.9617,3.72441,7.450,3.950,1.650,2.7259
5,near,5,1e+15,P2,empty,1.008314e+03,9.950,3.150,1.950,-1.0000,3.50814,9.950,3.150,1.950,-1.0000
5,near,5,1e+15,P2,person,1.062362e+03,5.450,3.050,3.950,2.5993,3.68753,5.450,3.050,3.950,2.5993
5,near,5,1e+15,P2,vehicle,1.115740e+03,4.350,2.350,5.550,4.9270,3.78882,11.750,1.450,1.650,0.7935
5,near,5,1e+16,P1,empty,2.457878e+03,4.550,2.950,5.050,-1.0000,3.63712,6.950,0.950,1.750,-1.0000
5,near,5,1e+16,P1,person,2.312740e+03,7.650,2.150,5.350,1.9216,3.61335,7.650,2.150,5.350,1.9216
5,near,5,1e+16,P1,vehicle,2.375021e+03,9.350,4.550,3.550,2.7500,3.72483,9.350,4.550,3.550,2.7500
5,near,5,1e+16,P2,empty,3.592554e+03,9.850,2.450,3.550,-1.0000,3.96515,9.850,2.450,3.550,-1.0000
5,near,5,1e+16,P2,person,3.169104e+03,4.350,4.450,3.550,4.2742,3.47705,4.350,4.450,3.550,4.2742
5,near,5,1e+16,P2,vehicle,3.661731e+03,4.350,1.350,5.650,4.9311,3.82215,10.550,1.850,3.350,0.0500
5,near,5,1e+17,P1,empty,7.347548e+03,8.950,1.150,2.850,-1.0000,3.63010,8.950,1.150,2.850,-1.0000
5,near,5,1e+17,P1,person,7.171347e+03,6.050,1.850,5.550,2.6017,3.48318,6.050,1.850,5.550,2.6017
5,near,5,1e+17,P1,vehicle,8.255701e+03,10.450,0.550,4.450,0.5633,4.08550,10.450,0.550,4.450,0.5633
5,near,5,1e+17,P2,empty,1.117495e+04,8.250,0.750,4.050,-1.0000,3.90782,8.250,0.750,4.050,-1.0000
5,near,5,1e+17,P2,person,1.140938e+04,6.050,2.150,5.350,2.4822,3.94954,6.050,2.150,5.350,2.4822
5,near,5,1e+17,P2,vehicle,1.111583e+04,6.050,3.950,2.250,3.6167,3.90587,6.050,3.950,2.250,3.6167
6,far,inf,1e+14,P1,empty,2.561666e+04,4.450,0.850,5.450,-1.0000,7.30518,4.450,0.850,5.450,-1.0000
6,far,inf,1e+14,P1,person,2.308582e+04,4.450,0.950,5.550,3.4954,6.97540,4.450,0.950,5.550,3.4954
6,far,inf,1e+14,P1,vehicle,2.146810e+04,4.550,0.750,5.450,4.3956,6.77571,4.650,1.050,5.650,4.3731
6,far,inf,1e+14,P2,empty,1.396600e+04,4.350,1.250,5.150,-1.0000,3.57652,9.550,3.450,3.550,-1.0000
6,far,inf,1e+14,P2,person,1.262362e+04,4.450,3.350,4.650,3.4841,3.61400,12.750,2.550,2.650,5.0944
6,far,inf,1e+14,P2,vehicle,1.241142e+04,4.350,4.150,4.250,4.9483,3.77350,5.550,0.950,1.850,3.2120
6,far,inf,1e+15,P1,empty,2.165136e+05,4.450,1.050,5.650,-1.0000,21.38196,4.650,1.050,5.650,-1.0000
6,far,inf,1e+15,P1,person,2.206758e+05,4.450,1.050,5.650,3.5538,20.75336,4.450,1.050,5.650,3.5538
6,far,inf,1e+15,P1,vehicle,2.261390e+05,4.450,1.050,5.650,4.5589,21.26714,4.450,1.050,5.650,4.5589
6,far,inf,1e+15,P2,empty,3.802280e+04,4.450,3.650,5.350,-1.0000,4.01097,10.950,1.050,1.350,-1.0000
6,far,inf,1e+15,P2,person,4.526421e+04,7.450,1.450,3.450,0.0000,4.92968,7.450,1.450,3.450,0.0000
6,far,inf,1e+15,P2,vehicle,3.583150e+04,4.650,2.150,5.150,4.2237,3.71409,13.450,2.050,5.050,2.5011
6,far,inf,1e+16,P1,empty,2.166200e+06,4.450,1.050,5.650,-1.0000,64.42172,4.450,1.050,5.650,-1.0000
6,far,inf,1e+16,P1,person,2.132706e+06,4.450,1.050,5.650,3.5538,64.04510,4.550,1.050,5.650,3.4737
6,far,inf,1e+16,P1,vehicle,2.153602e+06,4.450,1.050,5.650,4.5589,64.24896,4.650,1.050,5.650,4.3731
6,far,inf,1e+16,P2,empty,1.181083e+05,4.650,2.550,5.650,-1.0000,3.72543,5.150,2.550,2.050,-1.0000
6,far,inf,1e+16,P2,person,4.036209e+05,7.250,1.350,3.250,0.0622,13.68339,7.250,1.350,3.250,0.0622
6,far,inf,1e+16,P2,vehicle,1.402400e+05,5.850,4.050,4.350,3.6463,4.57246,5.850,4.050,4.350,3.6463
6,far,inf,1e+17,P1,empty,2.149644e+07,4.450,1.050,5.650,-1.0000,202.16225,4.450,1.050,5.650,-1.0000
6,far,inf,1e+17,P1,person,2.162300e+07,4.450,1.050,5.650,3.5538,203.35248,4.450,1.050,5.650,3.5538
6,far,inf,1e+17,P1,vehicle,2.147023e+07,4.450,1.050,5.650,4.5589,201.91579,4.450,1.050,5.650,4.5589
6,far,inf,1e+17,P2,empty,3.579383e+05,5.050,1.850,4.650,-1.0000,3.62876,10.250,0.450,3.150,-1.0000
6,far,inf,1e+17,P2,person,3.828588e+06,7.450,1.550,3.450,0.0000,41.67946,7.450,1.550,3.450,0.0000
6,far,inf,1e+17,P2,vehicle,7.362353e+05,8.850,1.350,4.250,0.2570,8.92508,8.850,1.350,4.250,0.2570
6,far,50,1e+14,P1,empty,4.557935e+03,4.450,0.850,5.450,-1.0000,3.68528,9.850,1.750,2.150,-1.0000
6,far,50,1e+14,P1,person,4.247100e+03,4.350,1.050,5.650,3.6348,4.32226,9.350,3.050,3.650,2.0869
6,far,50,1e+14,P1,vehicle,5.364962e+03,4.650,0.950,5.550,4.3362,3.97612,4.650,0.950,5.550,4.3362
6,far,50,1e+14,P2,empty,4.972267e+03,5.250,4.250,5.550,-1.0000,3.77357,10.950,0.350,2.950,-1.0000
6,far,50,1e+14,P2,person,5.046610e+03,4.350,3.950,5.050,4.0133,3.72118,8.950,4.550,2.550,3.1646
6,far,50,1e+14,P2,vehicle,4.584700e+03,4.950,3.250,5.350,4.2408,3.38506,12.450,4.350,3.650,2.8412
6,far,50,1e+15,P1,empty,3.160163e+04,4.450,0.850,5.450,-1.0000,6.97728,4.450,0.850,5.450,-1.0000
6,far,50,1e+15,P1,person,3.138488e+04,4.450,0.950,5.550,3.4954,7.11619,4.450,0.950,5.550,3.4954
6,far,50,1e+15,P1,vehicle,3.192417e+04,4.350,0.850,5.450,4.5847,7.05136,4.350,0.850,5.450,4.5847
6,far,50,1e+15,P2,empty,1.659267e+04,4.450,1.150,5.650,-1.0000,3.79906,12.850,3.350,5.650,-1.0000
6,far,50,1e+15,P2,person,1.611809e+04,4.550,1.050,5.650,3.4737,3.90280,6.450,1.050,2.650,1.0468
6,far,50,1e+15,P2,vehicle,1.774986e+04,4.350,0.650,5.450,4.5847,3.79202,10.650,3.550,3.950,1.7500
6,far,50,1e+16,P1,empty,2.823231e+05,4.450,0.850,5.450,-1.0000,19.71168,4.450,0.850,5.450,-1.0000
6,far,50,1e+16,P1,person,3.036152e+05,4.450,0.850,5.450,3.4390,21.19828,4.450,0.850,5.450,3.4390
6,far,50,1e+16,P1,vehicle,2.750326e+05,4.450,0.850,5.450,4.4900,19.20266,4.450,0.850,5.450,4.4900
6,far,50,1e+16,P2,empty,4.495964e+04,4.450,2.150,5.650,-1.0000,3.58859,7.050,2.350,2.350,-1.0000
6,far,50,1e+16,P2,person,5.116685e+04,7.350,1.350,3.350,0.0000,6.12859,7.350,1.350,3.350,0.0000
6,far,50,1e+16,P2,vehicle,4.394756e+04,4.450,1.250,5.350,4.4586,3.51766,8.050,2.350,5.650,1.8620
6,far,50,1e+17,P1,empty,2.755704e+06,4.450,0.850,5.450,-1.0000,62.41024,4.450,0.950,5.550,-1.0000
6,far,50,1e+17,P1,person,2.835438e+06,4.450,0.850,5.450,3.4390,62.60329,4.450,0.850,5.450,3.4390
6,far,50,1e+17,P1,vehicle,2.764598e+06,4.450,0.850,5.450,4.4900,61.03921,4.450,0.850,5.450,4.4900
6,far,50,1e+17,P2,empty,1.420046e+05,5.250,1.250,5.050,-1.0000,3.71782,5.350,4.650,2.350,-1.0000
6,far,50,1e+17,P2,person,3.164216e+05,7.350,1.350,3.350,0.0000,11.98499,7.350,1.350,3.350,0.0000
6,far,50,1e+17,P2,vehicle,2.357545e+05,4.650,3.750,5.550,4.7545,3.99807,8.550,1.550,3.550,0.1470
6,far,30,1e+14,P1,empty,1.946257e+03,4.450,1.150,5.350,-1.0000,3.78659,7.050,2.750,3.750,-1.0000
6,far,30,1e+14,P1,person,2.058490e+03,4.650,0.950,5.550,3.3336,3.40908,10.550,4.450,3.450,3.9159
6,far,30,1e+14,P1,vehicle,2.344973e+03,4.750,3.850,5.350,4.6501,3.56606,4.750,3.850,5.350,4.6501
6,far,30,1e+14,P2,empty,2.685975e+03,4.950,3.950,4.950,-1.0000,3.76515,9.350,1.550,2.250,-1.0000
6,far,30,1e+14,P2,person,2.591761e+03,4.450,4.150,5.650,4.3164,3.46695,10.450,4.050,5.550,4.0954
6,far,30,1e+14,P2,vehicle,3.256364e+03,5.050,3.550,5.650,4.3714,3.50934,5.050,3.550,5.650,4.3714
6,far,30,1e+15,P1,empty,9.540847e+03,4.350,1.050,5.650,-1.0000,3.66376,4.350,1.050,5.650,-1.0000
6,far,30,1e+15,P1,person,1.052690e+04,4.550,0.950,5.550,3.4140,4.42745,4.550,0.950,5.550,3.4140
6,far,30,1e+15,P1,vehicle,9.122058e+03,4.550,0.950,5.550,4.4297,3.83660,4.550,0.950,5.550,4.4297
6,far,30,1e+15,P2,empty,8.749430e+03,4.650,4.650,5.350,-1.0000,3.76783,7.750,2.450,4.450,-1.0000
6,far,30,1e+15,P2,person,1.000757e+04,4.650,0.650,5.350,3.2172,3.50368,9.750,2.850,2.750,2.3489
6,far,30,1e+15,P2,vehicle,8.564552e+03,4.450,1.350,5.550,4.5235,3.53325,9.650,0.850,3.450,0.0000
6,far,30,1e+16,P1,empty,8.248166e+04,4.450,0.950,5.550,-1.0000,10.61766,4.450,0.950,5.550,-1.0000
6,far,30,1e+16,P1,person,7.955526e+04,4.450,0.850,5.450,3.4390,10.13948,4.450,0.850,5.450,3.4390
6,far,30,1e+16,P1,vehicle,7.430670e+04,4.450,0.850,5.450,4.4900,9.47054,4.450,0.850,5.450,4.4900
6,far,30,1e+16,P2,empty,2.848948e+04,4.350,1.050,5.450,-1.0000,3.72359,12.350,3.850,4.550,-1.0000
6,far,30,1e+16,P2,person,2.600599e+04,4.750,3.750,4.850,3.5319,3.69266,7.150,0.450,5.650,2.1127
6,far,30,1e+16,P2,vehicle,2.795452e+04,4.450,0.650,5.250,4.4292,4.05676,11.550,2.550,5.450,1.6763
6,far,30,1e+17,P1,empty,7.419368e+05,4.450,0.850,5.450,-1.0000,29.90293,4.450,0.850,5.450,-1.0000
6,far,30,1e+17,P1,person,7.480406e+05,4.450,0.850,5.450,3.4390,30.14893,4.450,0.850,5.450,3.4390
6,far,30,1e+17,P1,vehicle,7.333811e+05,4.450,0.850,5.450,4.4900,29.55810,4.450,0.850,5.450,4.4900
6,far,30,1e+17,P2,empty,1.120045e+05,5.050,3.450,5.550,-1.0000,3.90763,5.050,3.450,5.550,-1.0000
6,far,30,1e+17,P2,person,7.947911e+04,4.450,1.950,5.350,3.3938,5.87046,7.550,1.550,3.550,0.0064
6,far,30,1e+17,P2,vehicle,8.655305e+04,4.550,2.750,5.350,4.4656,3.85239,9.750,1.950,4.250,0.2976
6,far,20,1e+14,P1,empty,8.455317e+02,4.850,1.750,5.150,-1.0000,3.71316,10.250,2.250,2.750,-1.0000
6,far,20,1e+14,P1,person,9.015421e+02,4.450,2.750,5.450,3.5957,3.92052,7.550,0.750,1.550,1.6936
6,far,20,1e+14,P1,vehicle,8.557589e+02,4.450,1.350,5.250,4.4292,4.19287,4.550,3.550,4.050,4.5015
6,far,20,1e+14,P2,empty,1.289600e+03,4.850,3.850,5.450,-1.0000,3.44079,5.050,2.950,1.750,-1.0000
6,far,20,1e+14,P2,person,1.350492e+03,4.550,2.750,5.650,3.6289,3.41450,10.250,3.050,4.050,2.8754
6,far,20,1e+14,P2,vehicle,1.261278e+03,4.350,0.750,5.150,4.4984,3.35005,8.750,1.950,5.050,1.0676
6,far,20,1e+15,P1,empty,2.753683e+03,4.450,1.050,5.650,-1.0000,3.40776,13.450,1.850,4.450,-1.0000
6,far,20,1e+15,P1,person,2.896818e+03,4.950,2.550,5.050,2.9278,3.65093,4.950,2.550,5.050,2.9278
6,far,20,1e+15,P1,vehicle,2.547791e+03,4.550,4.050,5.150,4.8579,3.54896,12.450,1.650,1.750,1.4567
6,far,20,1e+15,P2,empty,3.942479e+03,4.350,0.950,5.650,-1.0000,3.71779,9.950,2.850,3.550,-1.0000
6,far,20,1e+15,P2,person,3.926995e+03,4.450,2.450,5.650,3.6320,3.71730,6.550,1.950,1.850,1.6079
6,far,20,1e+15,P2,vehicle,4.102152e+03,4.750,3.350,5.650,4.5527,3.39965,10.350,3.050,3.650,1.2500
6,far,20,1e+16,P1,empty,1.980307e+04,4.450,0.850,5.450,-1.0000,5.33617,4.450,0.850,5.450,-1.0000
6,far,20,1e+16,P1,person,1.892519e+04,4.450,0.950,5.550,3.4954,5.06141,4.450,0.950,5.550,3.4954
6,far,20,1e+16,P1,vehicle,1.421218e+04,4.550,0.750,5.450,4.3956,4.20804,4.550,0.750,5.450,4.3956
6,far,20,1e+16,P2,empty,1.709983e+04,4.350,1.650,5.650,-1.0000,3.56268,8.450,0.750,3.950,-1.0000
6,far,20,1e+16,P2,person,1.231132e+04,4.650,4.250,5.650,4.2458,3.72168,6.950,4.050,2.150,2.6172
6,far,20,1e+16,P2,vehicle,1.188260e+04,4.650,2.250,5.650,4.3962,3.54321,10.950,0.450,2.950,0.0000
6,far,20,1e+17,P1,empty,1.453804e+05,4.450,0.850,5.450,-1.0000,12.38806,4.450,0.850,5.450,-1.0000
6,far,20,1e+17,P1,person,1.492534e+05,4.450,0.850,5.450,3.4390,12.71808,4.450,0.850,5.450,3.4390
6,far,20,1e+17,P1,vehicle,1.517464e+05,4.450,0.850,5.450,4.4900,12.93051,4.450,0.850,5.450,4.4900
6,far,20,1e+17,P2,empty,4.931468e+04,4.350,3.750,5.550,-1.0000,3.84297,12.250,3.650,4.350,-1.0000
6,far,20,1e+17,P2,person,3.706039e+04,4.750,4.150,5.250,3.9344,3.58656,9.850,2.550,4.750,2.5567
6,far,20,1e+17,P2,vehicle,3.881905e+04,4.650,4.150,5.650,4.9646,4.09773,8.050,0.750,1.850,0.9122
6,far,15,1e+14,P1,empty,4.232316e+02,4.650,3.750,5.450,-1.0000,3.85541,10.150,0.950,1.350,-1.0000
6,far,15,1e+14,P1,person,4.246548e+02,4.350,1.950,5.550,3.5865,3.87164,4.750,1.650,1.650,3.0173
6,far,15,1e+14,P1,vehicle,4.387944e+02,4.350,1.350,5.650,4.6522,3.50350,8.050,1.750,5.150,1.3257
6,far,15,1e+14,P2,empty,6.034074e+02,4.550,1.650,5.650,-1.0000,3.63966,6.650,1.050,3.250,-1.0000
6,far,15,1e+14,P2,person,6.368237e+02,4.650,2.850,5.650,3.5842,3.92014,10.650,1.450,3.550,2.8878
6,far,15,1e+14,P2,vehicle,6.376288e+02,4.450,0.950,5.650,4.5589,3.72253,6.950,4.250,3.850,3.0091
6,far,15,1e+15,P1,empty,1.496901e+03,4.750,0.650,5.550,-1.0000,3.75328,4.750,1.450,3.050,-1.0000
6,far,15,1e+15,P1,person,1.263547e+03,4.550,3.850,5.450,3.9858,3.78418,13.150,0.650,2.850,5.4022
6,far,15,1e+15,P1,vehicle,2.206139e+03,4.450,3.950,5.650,5.0404,3.93190,11.650,4.150,3.050,2.3933
6,far,15,1e+15,P2,empty,2.106277e+03,4.650,1.550,5.650,-1.0000,3.58208,12.150,0.350,2.750,-1.0000
6,far,15,1e+15,P2,person,1.924971e+03,5.050,1.350,5.550,3.0238,4.01376,5.950,3.250,4.350,2.2155
6,far,15,1e+15,P2,vehicle,2.357802e+03,4.450,3.850,5.150,4.8558,3.80077,9.050,1.850,3.850,0.0500
6,far,15,1e+16,P1,empty,4.859618e+03,4.350,0.450,5.450,-1.0000,3.56331,6.550,0.850,3.150,-1.0000
6,far,15,1e+16,P1,person,5.594054e+03,4.450,0.950,5.550,3.4954,3.62771,6.750,1.850,3.850,0.6576
6,far,15,1e+16,P1,vehicle,5.146203e+03,4.550,0.950,5.550,4.4297,3.57194,8.850,1.850,5.450,1.4579
6,far,15,1e+16,P2,empty,5.827077e+03,4.550,2.350,5.150,-1.0000,3.90605,9.350,3.050,5.650,-1.0000
6,far,15,1e+16,P2,person,6.446600e+03,4.550,2.750,5.650,3.6289,3.62431,7.750,4.650,3.750,2.9572
6,far,15,1e+16,P2,vehicle,7.220231e+03,4.950,3.950,5.650,4.6269,3.66219,4.350,4.350,2.650,5.0398
6,far,15,1e+17,P1,empty,2.802129e+04,4.450,0.850,5.450,-1.0000,4.87396,4.450,0.850,5.450,-1.0000
6,far,15,1e+17,P1,person,2.528300e+04,4.450,0.850,5.450,3.4390,4.46722,4.350,0.450,5.350,3.4695
6,far,15,1e+17,P1,vehicle,2.283773e+04,4.450,0.950,5.550,4.5235,4.34241,4.650,0.850,5.450,4.3013
6,far,15,1e+17,P2,empty,1.960144e+04,5.150,4.350,5.550,-1.0000,3.33352,10.850,0.950,2.650,-1.0000
6,far,15,1e+17,P2,person,2.310676e+04,4.350,3.050,5.550,3.8240,3.64610,8.950,1.150,3.150,1.1915
6,far,15,1e+17,P2,vehicle,1.942287e+04,4.750,2.250,5.650,4.3043,3.81701,6.350,3.650,3.850,2.9885
6,far,10,1e+14,P1,empty,2.501708e+02,10.150,1.650,4.650,-1.0000,3.90940,10.150,1.650,4.650,-1.0000
6,far,10,1e+14,P1,person,2.258070e+02,6.750,1.150,1.550,1.7844,3.52479,6.750,1.150,1.550,1.7844
6,far,10,1e+14,P1,vehicle,2.306199e+02,11.650,4.150,2.950,2.3933,3.57214,11.650,4.150,2.950,2.3933
6,far,10,1e+14,P2,empty,3.079907e+02,5.150,0.550,5.450,-1.0000,3.34562,12.950,0.850,1.650,-1.0000
6,far,10,1e+14,P2,person,3.375454e+02,6.950,2.850,2.650,1.3439,3.70385,5.150,1.250,2.350,2.3396
6,far,10,1e+14,P2,vehicle,3.160853e+02,10.750,0.650,3.950,0.0000,3.49783,10.750,0.650,3.950,0.0000
6,far,10,1e+15,P1,empty,7.561668e+02,6.650,2.450,3.150,-1.0000,3.69793,6.650,2.450,3.150,-1.0000
6,far,10,1e+15,P1,person,7.711750e+02,8.650,2.750,4.250,1.5459,3.79623,8.650,2.750,4.250,1.5459
6,far,10,1e+15,P1,vehicle,7.548392e+02,8.650,2.250,5.650,1.7177,3.71849,8.650,2.250,5.650,1.7177
6,far,10,1e+15,P2,empty,9.896531e+02,9.950,2.250,5.550,-1.0000,3.45789,11.350,4.550,4.950,-1.0000
6,far,10,1e+15,P2,person,1.050017e+03,6.350,3.150,3.650,1.7435,3.65741,6.350,3.150,3.650,1.7435
6,far,10,1e+15,P2,vehicle,9.981040e+02,4.650,3.550,5.050,4.5341,3.27887,7.550,2.950,4.950,1.8852
6,far,10,1e+16,P1,empty,2.494821e+03,9.450,0.950,2.850,-1.0000,3.88334,9.450,0.950,2.850,-1.0000
6,far,10,1e+16,P1,person,2.405578e+03,10.950,2.150,2.050,3.4335,3.80312,10.950,2.150,2.050,3.4335
6,far,10,1e+16,P1,vehicle,2.214715e+03,5.450,0.650,5.250,3.4819,3.43496,5.250,1.750,1.550,3.5737
6,far,10,1e+16,P2,empty,3.555440e+03,4.850,4.350,5.650,-1.0000,3.62328,11.750,1.750,2.850,-1.0000
6,far,10,1e+16,P2,person,3.316445e+03,7.350,3.850,4.550,2.3739,3.67038,7.350,3.850,4.550,2.3739
6,far,10,1e+16,P2,vehicle,3.558640e+03,9.250,3.850,4.850,2.2219,3.93715,9.250,3.850,4.850,2.2219
6,far,10,1e+17,P1,empty,7.920608e+03,5.850,2.750,4.750,-1.0000,3.85483,5.850,2.750,4.750,-1.0000
6,far,10,1e+17,P1,person,6.795690e+03,5.150,4.050,3.550,3.1934,3.34604,13.250,3.750,2.950,5.8656
6,far,10,1e+17,P1,vehicle,7.567282e+03,5.550,0.950,5.150,3.3530,3.62894,5.550,0.950,5.150,3.3530
6,far,10,1e+17,P2,empty,9.832132e+03,10.450,3.750,4.250,-1.0000,3.42108,10.450,3.750,4.250,-1.0000
6,far,10,1e+17,P2,person,9.650633e+03,10.450,1.550,1.850,3.0276,3.39317,10.450,1.550,1.850,3.0276
6,far,10,1e+17,P2,vehicle,1.081194e+04,6.850,1.250,2.750,1.8470,3.77627,6.850,1.250,2.750,1.8470
6,far,5,1e+14,P1,empty,2.456501e+02,11.550,2.750,3.950,-1.0000,3.81838,11.550,2.750,3.950,-1.0000
6,far,5,1e+14,P1,person,2.431389e+02,6.050,3.250,2.150,2.2785,3.79695,6.050,3.250,2.150,2.2785
6,far,5,1e+14,P1,vehicle,2.314115e+02,11.450,4.650,5.250,3.1252,3.59483,11.450,4.650,5.250,3.1252
6,far,5,1e+14,P2,empty,3.160942e+02,12.850,3.550,4.850,-1.0000,3.50098,12.850,3.550,4.850,-1.0000
6,far,5,1e+14,P2,person,3.101454e+02,8.550,4.150,4.050,2.6229,3.43088,8.550,4.150,4.050,2.6229
6,far,5,1e+14,P2,vehicle,3.418460e+02,9.650,0.450,2.850,0.0000,3.76990,9.650,0.450,2.850,0.0000
6,far,5,1e+15,P1,empty,6.694709e+02,4.750,0.350,5.150,-1.0000,3.30097,4.750,0.350,5.150,-1.0000
6,far,5,1e+15,P1,person,7.419709e+02,6.650,1.950,2.150,1.3027,3.67802,6.650,1.950,2.150,1.3027
6,far,5,1e+15,P1,vehicle,7.900991e+02,6.450,2.450,3.150,2.3392,3.89579,6.450,2.450,3.150,2.3392
6,far,5,1e+15,P2,empty,9.835590e+02,10.450,0.350,4.650,-1.0000,3.44004,10.450,0.350,4.650,-1.0000
6,far,5,1e+15,P2,person,9.591901e+02,12.850,3.050,2.550,5.3094,3.33390,12.850,3.050,2.550,5.3094
6,far,5,1e+15,P2,vehicle,1.224625e+03,5.050,3.150,4.550,3.9286,4.27210,5.050,3.150,4.550,3.9286
6,far,5,1e+16,P1,empty,2.485153e+03,4.850,3.650,3.550,-1.0000,3.87378,4.850,3.650,3.550,-1.0000
6,far,5,1e+16,P1,person,2.267920e+03,5.650,4.650,2.650,3.4377,3.55231,5.650,4.650,2.650,3.4377
6,far,5,1e+16,P1,vehicle,2.522956e+03,5.650,2.950,1.950,3.3018,3.95972,5.650,2.950,1.950,3.3018
6,far,5,1e+16,P2,empty,3.396681e+03,5.250,3.050,2.150,-1.0000,3.74924,5.250,3.050,2.150,-1.0000
6,far,5,1e+16,P2,person,3.303727e+03,12.250,0.950,5.650,4.9576,3.65611,12.250,0.950,5.650,4.9576
6,far,5,1e+16,P2,vehicle,3.363937e+03,5.450,1.850,2.650,3.2474,3.70820,5.450,1.850,2.650,3.2474
6,far,5,1e+17,P1,empty,7.380702e+03,9.850,4.550,4.850,-1.0000,3.65000,9.850,4.550,4.850,-1.0000
6,far,5,1e+17,P1,person,7.541637e+03,6.750,1.850,3.850,0.6576,3.70759,6.750,1.850,3.850,0.6576
6,far,5,1e+17,P1,vehicle,7.547925e+03,9.050,4.650,2.950,2.8500,3.73394,9.050,4.650,2.950,2.8500
6,far,5,1e+17,P2,empty,1.078804e+04,4.350,1.150,4.450,-1.0000,3.76640,4.350,1.150,4.450,-1.0000
6,far,5,1e+17,P2,person,1.126501e+04,10.750,2.750,5.650,3.8035,3.93062,10.750,2.750,5.650,3.8035
6,far,5,1e+17,P2,vehicle,1.006773e+04,10.250,3.250,5.350,1.9860,3.54436,10.250,3.250,5.350,1.9860
6,near,inf,1e+14,P1,empty,2.365104e+04,4.550,1.050,5.650,-1.0000,7.34466,4.550,1.050,5.650,-1.0000
6,near,inf,1e+14,P1,person,2.201503e+04,4.450,1.050,5.650,3.5538,6.54715,4.450,1.050,5.650,3.5538
6,near,inf,1e+14,P1,vehicle,2.444289e+04,4.450,1.050,5.650,4.5589,7.26919,4.450,1.050,5.650,4.5589
6,near,inf,1e+14,P2,empty,1.200131e+04,4.950,1.850,5.550,-1.0000,3.51464,9.150,3.250,3.550,-1.0000
6,near,inf,1e+14,P2,person,1.223295e+04,4.350,0.550,5.150,3.3697,4.25130,10.650,4.650,3.250,4.1282
6,near,inf,1e+14,P2,vehicle,1.235827e+04,5.050,4.550,4.550,4.6015,3.53181,5.450,4.050,4.250,3.9588
6,near,inf,1e+15,P1,empty,2.205334e+05,4.550,0.950,5.550,-1.0000,21.61893,4.550,0.950,5.550,-1.0000
6,near,inf,1e+15,P1,person,2.175987e+05,4.450,1.050,5.650,3.5538,20.46397,4.450,1.050,5.650,3.5538
6,near,inf,1e+15,P1,vehicle,2.089019e+05,4.450,1.050,5.650,4.5589,20.40038,4.650,1.050,5.650,4.3731
6,near,inf,1e+15,P2,empty,4.042662e+04,4.850,3.750,5.450,-1.0000,3.61423,7.250,4.050,5.150,-1.0000
6,near,inf,1e+15,P2,person,4.865293e+04,7.250,1.350,3.250,0.0622,5.21590,7.250,1.350,3.250,0.0622
6,near,inf,1e+15,P2,vehicle,4.023346e+04,4.350,4.650,5.450,5.3984,3.62715,9.850,3.750,5.150,2.2674
6,near,inf,1e+16,P1,empty,2.151515e+06,4.450,1.050,5.650,-1.0000,64.48598,4.650,1.050,5.650,-1.0000
6,near,inf,1e+16,P1,person,2.217109e+06,4.450,1.050,5.650,3.5538,65.93570,4.450,1.050,5.650,3.5538
6,near,inf,1e+16,P1,vehicle,2.170008e+06,4.450,1.050,5.650,4.5589,64.53496,4.450,1.050,5.650,4.5589
6,near,inf,1e+16,P2,empty,1.161566e+05,5.150,0.550,5.050,-1.0000,3.74916,11.250,3.450,5.350,-1.0000
6,near,inf,1e+16,P2,person,4.134270e+05,7.350,1.450,3.350,0.0000,14.14949,7.350,1.450,3.350,0.0000
6,near,inf,1e+16,P2,vehicle,1.287646e+05,4.650,4.650,5.150,5.0833,4.57155,8.850,0.550,4.250,0.2570
6,near,inf,1e+17,P1,empty,2.140945e+07,4.450,1.050,5.650,-1.0000,201.34418,4.450,1.050,5.650,-1.0000
6,near,inf,1e+17,P1,person,2.140400e+07,4.450,1.050,5.650,3.5538,201.29288,4.450,1.050,5.650,3.5538
6,near,inf,1e+17,P1,vehicle,2.154791e+07,4.450,1.050,5.650,4.5589,202.64630,4.450,1.050,5.650,4.5589
6,near,inf,1e+17,P2,empty,3.884774e+05,4.450,0.550,5.150,-1.0000,3.34252,9.150,3.750,4.250,-1.0000
6,near,inf,1e+17,P2,person,3.814852e+06,7.450,1.550,3.450,0.0000,41.52993,7.450,1.550,3.450,0.0000
6,near,inf,1e+17,P2,vehicle,7.515799e+05,8.850,1.350,4.250,0.2570,9.11110,8.850,1.350,4.250,0.2570
6,near,50,1e+14,P1,empty,1.050513e+04,4.650,0.950,5.550,-1.0000,4.70872,4.650,0.950,5.550,-1.0000
6,near,50,1e+14,P1,person,9.188232e+03,4.450,0.850,5.450,3.4390,3.87345,4.450,0.850,5.450,3.4390
6,near,50,1e+14,P1,vehicle,1.194381e+04,4.450,0.950,5.550,4.5235,5.16629,4.450,0.950,5.550,4.5235
6,near,50,1e+14,P2,empty,7.842058e+03,4.450,0.350,5.150,-1.0000,3.81487,13.150,0.950,3.550,-1.0000
6,near,50,1e+14,P2,person,7.987603e+03,4.450,3.550,5.350,3.8572,3.44880,10.550,1.550,1.850,3.1167
6,near,50,1e+14,P2,vehicle,9.468360e+03,4.350,1.050,5.350,4.5539,3.56478,12.450,2.750,4.250,1.5933
6,near,50,1e+15,P1,empty,7.733379e+04,4.650,0.850,5.450,-1.0000,11.35694,4.650,0.850,5.450,-1.0000
6,near,50,1e+15,P1,person,7.576112e+04,4.450,1.050,5.650,3.5538,10.43127,4.650,0.850,5.450,3.2744
6,near,50,1e+15,P1,vehicle,7.688338e+04,4.450,0.950,5.550,4.5235,10.51643,4.450,0.950,5.550,4.5235
6,near,50,1e+15,P2,empty,2.596933e+04,4.850,4.250,5.450,-1.0000,3.78627,8.150,2.450,1.750,-1.0000
6,near,50,1e+15,P2,person,2.327966e+04,4.650,0.850,5.650,3.3947,3.59761,7.150,1.350,3.150,0.1873
6,near,50,1e+15,P2,vehicle,3.321342e+04,4.450,3.750,5.450,4.8952,3.75568,11.550,2.250,3.150,0.5719
6,near,50,1e+16,P1,empty,7.302208e+05,4.450,0.950,5.550,-1.0000,31.58566,4.450,0.950,5.550,-1.0000
6,near,50,1e+16,P1,person,7.602321e+05,4.450,0.850,5.450,3.4390,32.04881,4.450,0.850,5.450,3.4390
6,near,50,1e+16,P1,vehicle,7.495129e+05,4.450,0.950,5.550,4.5235,32.42014,4.450,0.950,5.550,4.5235
6,near,50,1e+16,P2,empty,7.852278e+04,4.350,1.550,5.550,-1.0000,3.74536,7.150,2.550,1.450,-1.0000
6,near,50,1e+16,P2,person,9.189876e+04,4.550,1.450,5.550,3.4140,6.61272,7.350,1.450,3.350,0.0000
6,near,50,1e+16,P2,vehicle,9.098666e+04,4.650,4.350,4.950,4.8782,3.50908,8.750,0.950,3.950,0.0000
6,near,50,1e+17,P1,empty,7.304278e+06,4.450,0.850,5.450,-1.0000,99.23450,4.450,0.950,5.550,-1.0000
6,near,50,1e+17,P1,person,7.384350e+06,4.450,0.850,5.450,3.4390,98.44146,4.450,0.850,5.450,3.4390
6,near,50,1e+17,P1,vehicle,7.375979e+06,4.450,0.850,5.450,4.4900,98.32986,4.450,0.850,5.450,4.4900
6,near,50,1e+17,P2,empty,2.969043e+05,4.750,2.550,5.350,-1.0000,3.56815,4.750,2.550,5.350,-1.0000
6,near,50,1e+17,P2,person,8.915489e+05,7.350,1.450,3.350,0.0000,20.31409,7.350,1.450,3.350,0.0000
6,near,50,1e+17,P2,vehicle,2.457345e+05,4.750,4.150,5.650,4.8834,4.60467,8.850,1.350,4.250,0.2570
6,near,30,1e+14,P1,empty,5.225753e+03,4.350,0.450,5.350,-1.0000,3.74783,5.850,2.950,2.350,-1.0000
6,near,30,1e+14,P1,person,5.746217e+03,4.650,0.950,5.550,3.3336,3.49010,6.150,0.750,3.750,1.1804
6,near,30,1e+14,P1,vehicle,7.928260e+03,4.450,0.850,5.450,4.4900,4.37074,4.450,0.850,5.450,4.4900
6,near,30,1e+14,P2,empty,6.502633e+03,4.550,4.450,5.550,-1.0000,4.15923,10.550,4.550,4.150,-1.0000
6,near,30,1e+14,P2,person,5.389130e+03,4.350,4.050,5.450,4.2346,3.75554,6.850,4.250,5.250,3.1029
6,near,30,1e+14,P2,vehicle,6.133418e+03,4.650,3.450,5.550,4.6395,3.59903,11.850,3.050,4.950,1.7043
6,near,30,1e+15,P1,empty,4.172138e+04,4.450,0.850,5.450,-1.0000,7.27338,4.450,0.850,5.450,-1.0000
6,near,30,1e+15,P1,person,3.934674e+04,4.450,0.850,5.450,3.4390,6.85940,4.450,0.850,5.450,3.4390
6,near,30,1e+15,P1,vehicle,3.879642e+04,4.450,0.950,5.550,4.5235,6.93677,4.750,0.850,5.450,4.2074
6,near,30,1e+15,P2,empty,2.003115e+04,5.250,3.450,5.450,-1.0000,3.57688,8.850,0.850,4.450,-1.0000
6,near,30,1e+15,P2,person,1.977107e+04,4.350,0.350,5.650,3.6348,3.95460,5.250,0.950,4.550,2.2947
6,near,30,1e+15,P2,vehicle,2.090139e+04,4.550,4.250,5.250,4.9780,3.43414,4.750,0.550,3.350,3.9470
6,near,30,1e+16,P1,empty,3.557393e+05,4.450,0.950,5.550,-1.0000,19.79125,4.450,0.950,5.550,-1.0000
6,near,30,1e+16,P1,person,3.980268e+05,4.450,0.850,5.450,3.4390,21.94266,4.450,0.850,5.450,3.4390
6,near,30,1e+16,P1,vehicle,3.649404e+05,4.450,0.850,5.450,4.4900,20.11865,4.450,0.850,5.450,4.4900
6,near,30,1e+16,P2,empty,5.856112e+04,4.450,2.750,5.650,-1.0000,4.06957,10.850,1.350,5.250,-1.0000
6,near,30,1e+16,P2,person,6.792747e+04,4.650,1.450,5.650,3.3947,4.40941,7.350,1.450,3.350,0.0000
6,near,30,1e+16,P2,vehicle,6.749153e+04,4.750,4.050,5.250,4.7140,3.75642,7.150,3.750,3.650,2.4891
6,near,30,1e+17,P1,empty,3.616426e+06,4.450,0.850,5.450,-1.0000,63.04592,4.450,0.850,5.450,-1.0000
6,near,30,1e+17,P1,person,3.747379e+06,4.450,0.850,5.450,3.4390,65.32885,4.450,0.850,5.450,3.4390
6,near,30,1e+17,P1,vehicle,3.822880e+06,4.450,0.850,5.450,4.4900,66.64507,4.450,0.850,5.450,4.4900
6,near,30,1e+17,P2,empty,2.051783e+05,4.350,3.450,5.450,-1.0000,3.55285,5.550,4.450,4.250,-1.0000
6,near,30,1e+17,P2,person,3.044065e+05,7.350,1.550,3.350,0.0000,11.38439,7.450,1.450,3.450,0.0000
6,near,30,1e+17,P2,vehicle,2.399285e+05,4.550,2.850,5.050,4.4066,3.94258,4.550,2.850,5.050,4.4066
6,near,20,1e+14,P1,empty,3.705278e+03,4.550,0.850,5.450,-1.0000,3.56407,9.750,2.450,3.550,-1.0000
6,near,20,1e+14,P1,person,2.780960e+03,4.450,1.450,5.250,3.3323,3.33931,10.850,1.250,4.050,3.1291
6,near,20,1e+14,P1,vehicle,3.262233e+03,4.350,0.950,5.550,4.6175,3.71956,8.350,2.150,4.250,0.5559
6,near,20,1e+14,P2,empty,4.853496e+03,4.650,0.950,5.450,-1.0000,4.23725,10.150,2.550,4.450,-1.0000
6,near,20,1e+14,P2,person,4.291003e+03,4.450,3.250,5.650,3.8771,3.55039,12.250,4.650,2.350,5.4444
6,near,20,1e+14,P2,vehicle,4.768355e+03,4.350,3.250,5.550,4.8398,3.61514,10.450,0.950,2.150,0.3430
6,near,20,1e+15,P1,empty,2.225619e+04,4.350,0.850,5.450,-1.0000,5.40668,4.350,0.850,5.450,-1.0000
6,near,20,1e+15,P1,person,1.801979e+04,4.350,0.850,5.450,3.5226,4.37754,4.350,0.850,5.450,3.5226
6,near,20,1e+15,P1,vehicle,1.730052e+04,4.450,0.850,5.450,4.4900,4.24247,4.450,0.850,5.450,4.4900
6,near,20,1e+15,P2,empty,1.458888e+04,4.450,2.450,5.450,-1.0000,3.31414,10.750,0.850,3.150,-1.0000
6,near,20,1e+15,P2,person,1.195178e+04,4.550,0.950,5.250,3.2468,3.64681,11.250,0.850,1.650,3.8346
6,near,20,1e+15,P2,vehicle,1.415315e+04,4.450,3.150,5.050,4.5801,3.52399,9.850,2.450,3.850,0.6500
6,near,20,1e+16,P1,empty,1.564704e+05,4.450,0.850,5.450,-1.0000,12.13365,4.450,0.850,5.450,-1.0000
6,near,20,1e+16,P1,person,1.528712e+05,4.450,0.850,5.450,3.4390,11.85455,4.450,0.850,5.450,3.4390
6,near,20,1e+16,P1,vehicle,1.532652e+05,4.450,0.850,5.450,4.4900,11.88510,4.450,0.850,5.450,4.4900
6,near,20,1e+16,P2,empty,4.469246e+04,4.650,4.350,5.550,-1.0000,3.80905,7.650,3.950,4.750,-1.0000
6,near,20,1e+16,P2,person,3.729780e+04,4.950,1.050,5.450,3.0355,3.57677,7.150,1.550,3.150,0.1873
6,near,20,1e+16,P2,vehicle,4.648734e+04,4.350,1.650,5.650,4.6522,3.66788,5.950,2.250,4.750,2.8848
6,near,20,1e+17,P1,empty,1.557375e+06,4.450,0.850,5.450,-1.0000,38.19025,4.450,0.850,5.450,-1.0000
6,near,20,1e+17,P1,person,1.615225e+06,4.450,0.850,5.450,3.4390,39.60886,4.450,0.850,5.450,3.4390
6,near,20,1e+17,P1,vehicle,1.594980e+06,4.450,0.850,5.450,4.4900,39.11241,4.450,0.850,5.450,4.4900
6,near,20,1e+17,P2,empty,1.592568e+05,4.350,3.150,5.650,-1.0000,3.39439,7.250,1.150,5.150,-1.0000
6,near,20,1e+17,P2,person,1.400485e+05,4.650,3.550,5.550,3.8125,7.10843,7.450,1.550,3.450,0.0000
6,near,20,1e+17,P2,vehicle,1.250891e+05,4.550,2.950,5.450,4.5435,4.13182,13.150,3.750,1.950,2.8127
6,near,15,1e+14,P1,empty,1.955795e+03,4.750,1.050,5.550,-1.0000,3.56437,10.650,3.250,3.250,-1.0000
6,near,15,1e+14,P1,person,2.050186e+03,4.450,1.250,5.450,3.4390,3.54919,6.850,3.450,4.550,2.0710
6,near,15,1e+14,P1,vehicle,2.401093e+03,4.350,0.950,5.050,4.4737,3.59306,10.450,2.850,4.450,1.1452
6,near,15,1e+14,P2,empty,3.163317e+03,4.350,1.750,5.550,-1.0000,3.56307,5.950,3.450,3.150,-1.0000
6,near,15,1e+14,P2,person,3.796331e+03,4.650,1.450,5.650,3.3947,3.71179,9.350,1.250,4.550,1.8799
6,near,15,1e+14,P2,vehicle,3.050582e+03,4.750,2.950,5.550,4.3961,3.60885,6.150,2.950,4.650,2.8708
6,near,15,1e+15,P1,empty,8.643021e+03,4.550,0.850,5.450,-1.0000,3.68371,12.250,4.050,1.750,-1.0000
6,near,15,1e+15,P1,person,8.560168e+03,4.350,0.950,5.550,3.5778,3.76829,7.450,4.250,1.750,2.9552
6,near,15,1e+15,P1,vehicle,1.052268e+04,4.650,0.850,5.450,4.3013,4.07506,4.650,0.850,5.450,4.3013
6,near,15,1e+15,P2,empty,1.104579e+04,4.550,2.350,5.650,-1.0000,3.74094,10.950,3.650,5.650,-1.0000
6,near,15,1e+15,P2,person,1.037890e+04,4.750,3.450,5.550,3.6950,3.59755,6.650,0.550,2.850,0.7703
6,near,15,1e+15,P2,vehicle,1.356306e+04,4.450,1.750,5.650,4.5589,3.47018,7.450,0.950,3.850,1.2470
6,near,15,1e+16,P1,empty,7.316893e+04,4.450,0.850,5.450,-1.0000,8.01722,4.450,0.850,5.450,-1.0000
6,near,15,1e+16,P1,person,6.210768e+04,4.450,0.850,5.450,3.4390,7.13302,4.650,0.850,5.450,3.2744
6,near,15,1e+16,P1,vehicle,7.060917e+04,4.450,0.850,5.450,4.4900,7.73674,4.450,0.850,5.450,4.4900
6,near,15,1e+16,P2,empty,3.182480e+04,4.350,1.950,5.550,-1.0000,3.62274,12.450,3.850,1.850,-1.0000
6,near,15,1e+16,P2,person,2.957158e+04,4.450,1.550,5.450,3.4390,3.67648,6.450,1.350,4.150,1.0541
6,near,15,1e+16,P2,vehicle,3.188588e+04,4.450,4.150,5.450,5.0678,3.63862,12.550,0.650,4.850,1.6016
6,near,15,1e+17,P1,empty,6.616895e+05,4.450,0.850,5.450,-1.0000,22.92721,4.450,0.850,5.450,-1.0000
6,near,15,1e+17,P1,person,6.456776e+05,4.450,0.850,5.450,3.4390,22.37241,4.450,0.850,5.450,3.4390
6,near,15,1e+17,P1,vehicle,6.647514e+05,4.450,0.850,5.450,4.4900,23.03330,4.450,0.850,5.450,4.4900
6,near,15,1e+17,P2,empty,1.169030e+05,4.650,0.750,5.250,-1.0000,3.59751,13.450,2.350,2.650,-1.0000
6,near,15,1e+17,P2,person,1.007166e+05,4.450,3.050,5.650,3.8015,4.02805,7.450,1.550,3.450,0.0000
6,near,15,1e+17,P2,vehicle,9.764510e+04,4.550,3.150,5.350,4.5675,3.98478,10.950,1.250,2.650,0.0000
6,near,10,1e+14,P1,empty,9.879689e+02,4.850,3.150,5.450,-1.0000,3.79431,8.950,3.450,1.550,-1.0000
6,near,10,1e+14,P1,person,1.001646e+03,4.350,3.050,5.650,3.8774,3.74188,5.850,0.550,4.550,1.7751
6,near,10,1e+14,P1,vehicle,9.818242e+02,4.450,2.450,5.550,4.5699,3.91672,10.050,0.650,4.050,0.0570
6,near,10,1e+14,P2,empty,1.369922e+03,4.450,2.150,5.550,-1.0000,4.22046,6.850,1.050,4.450,-1.0000
6,near,10,1e+14,P2,person,1.512521e+03,4.350,1.850,5.650,3.6379,3.59010,4.950,4.650,2.950,3.7906
6,near,10,1e+14,P2,vehicle,1.690897e+03,4.350,0.950,5.250,4.5251,4.04054,6.850,1.850,2.150,1.8793
6,near,10,1e+15,P1,empty,2.837878e+03,4.350,2.750,4.950,-1.0000,3.54871,11.050,0.550,4.650,-1.0000
6,near,10,1e+15,P1,person,3.977683e+03,4.450,4.350,5.450,4.3416,3.54947,4.450,4.350,5.450,4.3416
6,near,10,1e+15,P1,vehicle,3.038701e+03,4.350,1.250,4.950,4.4511,3.68895,5.650,4.450,4.050,4.0386
6,near,10,1e+15,P2,empty,4.398674e+03,4.650,2.250,5.650,-1.0000,3.46061,12.350,4.450,4.450,-1.0000
6,near,10,1e+15,P2,person,7.524378e+03,4.350,1.250,5.650,3.6348,3.65252,7.250,1.450,3.550,0.0625
6,near,10,1e+15,P2,vehicle,4.193373e+03,4.950,1.250,5.550,4.0577,3.35128,12.050,4.350,5.350,3.0119
6,near,10,1e+16,P1,empty,1.117735e+04,4.650,0.850,5.450,-1.0000,3.54017,7.950,2.350,4.950,-1.0000
6,near,10,1e+16,P1,person,1.311440e+04,4.350,0.850,5.450,3.5226,3.70223,8.350,4.550,3.250,2.9100
6,near,10,1e+16,P1,vehicle,1.255591e+04,4.350,0.350,5.450,4.5847,3.44621,7.450,3.550,2.650,2.1489
6,near,10,1e+16,P2,empty,1.605975e+04,4.350,3.650,5.650,-1.0000,4.18522,11.850,2.050,5.350,-1.0000
6,near,10,1e+16,P2,person,1.661916e+04,4.450,1.650,5.550,3.4954,3.60760,5.050,0.350,1.650,2.7671
6,near,10,1e+16,P2,vehicle,1.662778e+04,4.450,1.650,4.850,4.3327,3.91116,12.850,3.750,4.750,2.6661
6,near,10,1e+17,P1,empty,1.089214e+05,4.450,0.850,5.450,-1.0000,7.57850,4.450,0.850,5.450,-1.0000
6,near,10,1e+17,P1,person,1.302574e+05,4.450,0.850,5.450,3.4390,9.06301,4.450,0.850,5.450,3.4390
6,near,10,1e+17,P1,vehicle,1.018744e+05,4.550,0.850,5.450,4.3956,7.68751,4.950,0.350,5.450,4.0204
6,near,10,1e+17,P2,empty,5.322989e+04,4.650,1.950,5.650,-1.0000,3.41728,11.650,1.750,2.950,-1.0000
6,near,10,1e+17,P2,person,5.728114e+04,4.550,2.050,5.450,3.3744,3.37026,9.650,1.450,1.450,2.6040
6,near,10,1e+17,P2,vehicle,5.507168e+04,4.350,2.150,5.550,4.6307,3.65314,7.250,1.450,5.550,2.1256
6,near,5,1e+14,P1,empty,2.419537e+02,12.650,0.750,5.550,-1.0000,3.78133,12.650,0.750,5.550,-1.0000
6,near,5,1e+14,P1,person,2.288937e+02,8.150,3.150,1.550,2.2630,3.57511,8.150,3.150,1.550,2.2630
6,near,5,1e+14,P1,vehicle,2.255680e+02,4.450,0.650,5.650,4.5589,3.51452,10.550,3.550,2.450,1.7505
6,near,5,1e+14,P2,empty,3.350640e+02,13.450,3.850,4.250,-1.0000,3.72587,13.450,3.850,4.250,-1.0000
6,near,5,1e+14,P2,person,3.508741e+02,4.550,3.150,5.450,3.6560,3.45432,6.950,4.350,1.950,2.9710
6,near,5,1e+14,P2,vehicle,3.189620e+02,6.250,0.750,5.250,2.7510,3.50216,6.250,0.750,5.250,2.7510
6,near,5,1e+15,P1,empty,7.224210e+02,10.950,0.350,4.450,-1.0000,3.55481,10.950,0.350,4.450,-1.0000
6,near,5,1e+15,P1,person,7.309200e+02,11.350,1.650,1.550,3.9674,3.58245,8.550,1.450,3.650,0.7950
6,near,5,1e+15,P1,vehicle,7.263210e+02,5.550,0.950,5.150,3.3530,3.50142,5.550,0.950,5.150,3.3530
6,near,5,1e+15,P2,empty,1.098408e+03,9.950,2.850,4.850,-1.0000,3.85042,9.950,2.850,4.850,-1.0000
6,near,5,1e+15,P2,person,1.112080e+03,4.650,4.250,4.150,3.7360,3.81691,4.650,4.250,4.150,3.7360
6,near,5,1e+15,P2,vehicle,1.050740e+03,10.850,2.550,3.150,0.7500,3.64341,10.850,2.550,3.150,0.7500
6,near,5,1e+16,P1,empty,2.680650e+03,13.350,1.250,4.650,-1.0000,4.21048,13.350,1.250,4.650,-1.0000
6,near,5,1e+16,P1,person,2.328369e+03,5.550,0.550,1.350,2.5867,3.65110,7.150,3.750,1.650,2.6016
6,near,5,1e+16,P1,vehicle,2.272501e+03,4.950,3.150,5.450,4.2410,3.37889,11.250,2.850,2.750,1.0513
6,near,5,1e+16,P2,empty,3.067662e+03,6.450,3.250,4.850,-1.0000,3.37466,6.450,3.250,4.850,-1.0000
6,near,5,1e+16,P2,person,3.397834e+03,8.650,0.850,2.650,1.0680,3.77218,8.650,0.850,2.650,1.0680
6,near,5,1e+16,P2,vehicle,3.415086e+03,4.550,1.250,2.450,4.1473,3.77330,4.550,1.250,2.450,4.1473
6,near,5,1e+17,P1,empty,7.093966e+03,7.050,1.850,1.850,-1.0000,3.49420,5.750,0.950,2.050,-1.0000
6,near,5,1e+17,P1,person,7.902495e+03,6.150,1.650,4.350,1.4146,3.90935,6.150,1.650,4.350,1.4146
6,near,5,1e+17,P1,vehicle,6.999292e+03,7.750,1.450,3.650,0.9470,3.44980,8.950,0.750,1.450,1.0430
6,near,5,1e+17,P2,empty,1.056887e+04,4.350,0.450,3.950,-1.0000,3.63640,4.350,0.450,3.950,-1.0000
6,near,5,1e+17,P2,person,1.030699e+04,9.050,3.550,3.250,2.2541,3.59580,9.050,3.550,3.250,2.2541
6,near,5,1e+17,P2,vehicle,1.182808e+04,4.450,0.450,5.550,4.5235,3.41919,6.150,4.650,1.650,3.9141
7,far,inf,1e+14,P1,empty,2.161468e+04,4.350,0.850,5.450,-1.0000,6.60041,4.350,0.850,5.450,-1.0000
7,far,inf,1e+14,P1,person,2.268945e+04,4.350,0.850,5.450,3.5491,6.92861,4.350,0.850,5.450,3.5491
7,far,inf,1e+14,P1,vehicle,1.750386e+04,4.650,0.850,5.450,4.2790,5.76139,4.750,3.950,5.650,4.7698
7,far,inf,1e+14,P2,empty,1.137488e+04,4.550,2.250,4.850,-1.0000,3.45479,8.150,2.950,2.050,-1.0000
7,far,inf,1e+14,P2,person,1.331991e+04,4.750,2.750,5.650,3.4632,3.43409,4.750,2.750,5.650,3.4632
7,far,inf,1e+14,P2,vehicle,1.224747e+04,4.550,3.550,5.250,4.6533,3.49852,12.950,3.150,4.850,2.3783
7,far,inf,1e+15,P1,empty,1.795307e+05,4.350,0.850,5.450,-1.0000,17.33648,4.350,0.850,5.450,-1.0000
7,far,inf,1e+15,P1,person,1.837593e+05,4.350,0.850,5.450,3.5491,17.74482,4.350,0.850,5.450,3.5491
7,far,inf,1e+15,P1,vehicle,1.776624e+05,4.350,0.850,5.450,4.5627,17.15607,4.350,0.850,5.450,4.5627
7,far,inf,1e+15,P2,empty,3.545804e+04,4.650,4.550,4.450,-1.0000,3.55191,10.350,0.850,5.250,-1.0000
7,far,inf,1e+15,P2,person,5.144337e+04,7.750,1.450,3.950,0.0867,5.82208,7.750,1.450,3.950,0.0867
7,far,inf,1e+15,P2,vehicle,4.005609e+04,5.150,4.150,5.350,4.4469,3.76785,7.650,1.650,3.650,1.0302
7,far,inf,1e+16,P1,empty,1.844888e+06,4.350,0.850,5.450,-1.0000,56.33679,4.350,0.850,5.450,-1.0000
7,far,inf,1e+16,P1,person,1.851696e+06,4.350,0.850,5.450,3.5491,56.54470,4.350,0.850,5.450,3.5491
7,far,inf,1e+16,P1,vehicle,1.785291e+06,4.350,0.850,5.450,4.5627,54.51689,4.350,0.850,5.450,4.5627
7,far,inf,1e+16,P2,empty,1.512882e+05,4.550,4.050,5.150,-1.0000,3.68984,8.950,2.850,3.550,-1.0000
7,far,inf,1e+16,P2,person,3.771164e+05,7.450,1.250,3.550,0.0758,13.35222,7.450,1.250,3.550,0.0758
7,far,inf,1e+16,P2,vehicle,1.376642e+05,4.850,0.450,5.050,3.9683,4.86507,8.650,1.650,2.550,0.0302
7,far,inf,1e+17,P1,empty,1.813805e+07,4.350,0.850,5.450,-1.0000,175.15120,4.350,0.850,5.450,-1.0000
7,far,inf,1e+17,P1,person,1.815028e+07,4.350,0.850,5.450,3.5491,175.26932,4.350,0.850,5.450,3.5491
7,far,inf,1e+17,P1,vehicle,1.806995e+07,4.350,0.850,5.450,4.5627,174.49353,4.350,0.850,5.450,4.5627
7,far,inf,1e+17,P2,empty,3.879134e+05,4.850,0.550,5.450,-1.0000,3.73075,10.950,0.350,1.850,-1.0000
7,far,inf,1e+17,P2,person,3.336867e+06,7.550,1.350,3.650,0.0000,37.92339,7.550,1.350,3.650,0.0000
7,far,inf,1e+17,P2,vehicle,7.484124e+05,8.750,1.150,4.050,0.0377,9.13023,8.750,1.150,4.050,0.0377
7,far,50,1e+14,P1,empty,4.676673e+03,4.450,0.850,5.450,-1.0000,3.50564,4.450,0.850,5.450,-1.0000
7,far,50,1e+14,P1,person,4.057249e+03,4.350,4.050,5.550,4.2949,3.76523,10.650,2.250,5.650,3.2638
7,far,50,1e+14,P1,vehicle,3.591595e+03,4.350,4.650,5.450,5.3796,3.78834,12.750,2.050,4.250,1.6072
7,far,50,1e+14,P2,empty,4.588091e+03,4.350,4.250,5.250,-1.0000,3.53547,5.350,2.850,3.650,-1.0000
7,far,50,1e+14,P2,person,4.860192e+03,4.750,1.350,4.750,2.9129,3.67211,7.750,1.650,4.850,0.9867
7,far,50,1e+14,P2,vehicle,5.753685e+03,4.350,0.650,5.450,4.5627,3.82356,7.950,4.250,3.650,2.5565
7,far,50,1e+15,P1,empty,2.381851e+04,4.550,0.850,5.450,-1.0000,5.92249,4.550,0.850,5.450,-1.0000
7,far,50,1e+15,P1,person,2.505397e+04,4.650,0.850,5.450,3.2835,6.36732,4.650,0.850,5.450,3.2835
7,far,50,1e+15,P1,vehicle,2.345092e+04,4.350,0.850,5.450,4.5627,6.40400,5.450,4.350,5.650,4.4293
7,far,50,1e+15,P2,empty,1.657442e+04,4.450,3.550,5.550,-1.0000,3.56900,13.050,3.350,3.550,-1.0000
7,far,50,1e+15,P2,person,1.506674e+04,4.450,4.450,5.550,4.4566,3.83018,5.750,2.850,4.450,2.1945
7,far,50,1e+15,P2,vehicle,1.499344e+04,4.550,3.350,5.650,4.7057,3.86959,11.350,4.250,3.950,2.4559
7,far,50,1e+16,P1,empty,2.473305e+05,4.350,0.850,5.450,-1.0000,18.27315,4.350,0.850,5.450,-1.0000
7,far,50,1e+16,P1,person,2.442494e+05,4.350,0.850,5.450,3.5491,18.04552,4.350,0.850,5.450,3.5491
7,far,50,1e+16,P1,vehicle,2.443102e+05,4.350,0.850,5.450,4.5627,18.05001,4.350,0.850,5.450,4.5627
7,far,50,1e+16,P2,empty,4.815212e+04,4.550,4.250,4.750,-1.0000,3.90939,12.550,4.350,4.850,-1.0000
7,far,50,1e+16,P2,person,4.387272e+04,4.350,1.350,5.650,3.6429,4.72246,7.350,1.250,3.450,0.2081
7,far,50,1e+16,P2,vehicle,5.038627e+04,4.350,3.950,5.550,5.0733,3.72014,12.550,2.850,4.650,1.8400
7,far,50,1e+17,P1,empty,2.467561e+06,4.350,0.850,5.450,-1.0000,57.65067,4.350,0.850,5.450,-1.0000
7,far,50,1e+17,P1,person,2.497366e+06,4.350,0.850,5.450,3.5491,58.34700,4.350,0.850,5.450,3.5491
7,far,50,1e+17,P1,vehicle,2.390833e+06,4.350,0.850,5.450,4.5627,55.85804,4.350,0.850,5.450,4.5627
7,far,50,1e+17,P2,empty,1.707918e+05,4.550,4.050,5.650,-1.0000,3.97354,12.250,2.550,5.650,-1.0000
7,far,50,1e+17,P2,person,2.987596e+05,7.550,1.350,3.650,0.0000,11.83420,7.550,1.350,3.650,0.0000
7,far,50,1e+17,P2,vehicle,1.591537e+05,4.350,0.750,5.250,4.5036,4.46403,8.750,1.250,3.950,0.0000
7,far,30,1e+14,P1,empty,1.865876e+03,4.350,0.750,5.350,-1.0000,3.67428,10.950,0.450,1.950,-1.0000
7,far,30,1e+14,P1,person,2.077280e+03,4.450,0.550,5.350,3.4152,3.54409,6.750,2.550,1.650,2.2323
7,far,30,1e+14,P1,vehicle,1.917558e+03,5.050,1.550,5.550,3.9425,3.93715,6.550,0.950,2.950,2.1302
7,far,30,1e+14,P2,empty,3.189710e+03,4.550,3.350,5.550,-1.0000,3.60055,12.550,3.050,1.650,-1.0000
7,far,30,1e+14,P2,person,3.019496e+03,4.550,1.950,5.550,3.4287,3.93409,12.150,2.250,4.650,4.2843
7,far,30,1e+14,P2,vehicle,2.607018e+03,4.450,2.450,5.650,4.5825,3.46141,12.350,2.950,2.150,1.6799
7,far,30,1e+15,P1,empty,9.413055e+03,4.450,1.050,5.650,-1.0000,3.80363,4.450,1.050,5.650,-1.0000
7,far,30,1e+15,P1,person,7.380000e+03,4.550,0.450,5.350,3.3255,3.49064,8.350,1.350,4.150,0.4724
7,far,30,1e+15,P1,vehicle,8.715234e+03,4.550,0.450,5.350,4.3415,3.96973,4.550,0.450,5.350,4.3415
7,far,30,1e+15,P2,empty,9.692974e+03,4.650,1.550,5.350,-1.0000,3.54130,6.650,2.650,3.550,-1.0000
7,far,30,1e+15,P2,person,8.974737e+03,4.450,2.750,5.350,3.5730,3.52618,10.950,2.850,4.750,3.3108
7,far,30,1e+15,P2,vehicle,7.971065e+03,4.950,4.450,5.650,4.8600,3.62983,6.850,0.550,1.850,1.9464
7,far,30,1e+16,P1,empty,6.330617e+04,4.350,0.850,5.450,-1.0000,8.48289,4.350,0.850,5.450,-1.0000
7,far,30,1e+16,P1,person,6.153831e+04,4.350,0.850,5.450,3.5491,8.85818,4.650,0.850,5.450,3.2835
7,far,30,1e+16,P1,vehicle,7.428692e+04,4.350,0.850,5.450,4.5627,9.95428,4.350,0.850,5.450,4.5627
7,far,30,1e+16,P2,empty,2.661923e+04,4.350,1.550,5.650,-1.0000,3.54449,8.950,2.750,3.950,-1.0000
7,far,30,1e+16,P2,person,2.924962e+04,4.450,2.650,5.450,3.5880,3.60016,9.350,1.250,3.150,1.4361
7,far,30,1e+16,P2,vehicle,2.297952e+04,4.450,2.750,4.350,4.3487,3.64750,9.250,2.150,3.950,0.3500
7,far,30,1e+17,P1,empty,6.235609e+05,4.350,0.850,5.450,-1.0000,26.42264,4.350,0.850,5.450,-1.0000
7,far,30,1e+17,P1,person,6.174838e+05,4.350,0.850,5.450,3.5491,26.16514,4.350,0.850,5.450,3.5491
7,far,30,1e+17,P1,vehicle,6.346364e+05,4.350,0.850,5.450,4.5627,26.89195,4.350,0.850,5.450,4.5627
7,far,30,1e+17,P2,empty,8.780325e+04,4.350,2.250,5.650,-1.0000,3.62143,9.850,1.850,4.350,-1.0000
7,far,30,1e+17,P2,person,8.224403e+04,4.650,3.450,5.650,3.8103,5.66378,7.650,1.250,3.950,0.0867
7,far,30,1e+17,P2,vehicle,8.108478e+04,4.950,1.250,5.550,4.0347,3.52359,11.950,3.450,2.750,1.8207
7,far,20,1e+14,P1,empty,9.222447e+02,4.350,2.950,5.350,-1.0000,3.92366,8.650,2.750,4.650,-1.0000
7,far,20,1e+14,P1,person,8.877302e+02,4.850,4.350,5.050,3.9477,3.75444,9.850,2.650,4.950,2.3666
7,far,20,1e+14,P1,vehicle,8.950982e+02,4.750,2.650,5.050,4.1528,3.80824,10.950,1.150,5.150,1.1377
7,far,20,1e+14,P2,empty,1.362646e+03,4.450,0.750,5.250,-1.0000,3.94257,5.150,2.650,1.350,-1.0000
7,far,20,1e+14,P2,person,1.294190e+03,4.550,3.050,4.950,3.4427,3.64736,8.150,1.050,5.350,1.4971
7,far,20,1e+14,P2,vehicle,1.232604e+03,4.350,0.950,5.450,4.5627,3.71603,5.150,3.650,1.750,4.0578
7,far,20,1e+15,P1,empty,2.514733e+03,4.750,0.750,5.450,-1.0000,4.08777,6.650,4.150,4.950,-1.0000
7,far,20,1e+15,P1,person,2.718581e+03,4.550,0.550,5.350,3.3255,3.59968,7.250,4.450,4.350,2.8062
7,far,20,1e+15,P1,vehicle,2.323120e+03,4.350,1.150,4.850,4.4105,3.54532,12.250,4.150,5.350,2.9080
7,far,20,1e+15,P2,empty,4.037228e+03,4.450,0.750,5.650,-1.0000,3.40536,7.550,0.650,3.950,-1.0000
7,far,20,1e+15,P2,person,4.869356e+03,4.550,4.250,5.450,4.2271,3.66824,10.450,1.750,4.750,2.6299
7,far,20,1e+15,P2,vehicle,3.628513e+03,4.350,3.550,5.350,4.8583,3.52563,7.350,1.750,3.250,1.3302
7,far,20,1e+16,P1,empty,1.305568e+04,4.450,0.550,5.350,-1.0000,3.97627,5.150,4.250,5.450,-1.0000
7,far,20,1e+16,P1,person,1.280264e+04,4.450,0.550,5.350,3.4152,3.89291,8.950,4.050,4.750,2.6945
7,far,20,1e+16,P1,vehicle,1.499210e+04,4.350,0.850,5.450,4.5627,4.21510,4.350,0.850,5.450,4.5627
7,far,20,1e+16,P2,empty,1.543476e+04,4.450,0.450,5.350,-1.0000,3.65796,4.450,4.650,2.150,-1.0000
7,far,20,1e+16,P2,person,1.231664e+04,4.550,3.350,5.650,3.8423,3.33238,11.350,4.050,3.350,4.1184
7,far,20,1e+16,P2,vehicle,1.274610e+04,4.550,4.550,5.550,5.1948,3.71497,10.350,1.150,2.350,0.1623
7,far,20,1e+17,P1,empty,1.087255e+05,4.650,0.850,5.450,-1.0000,10.83575,4.750,0.750,5.450,-1.0000
7,far,20,1e+17,P1,person,1.060579e+05,4.750,0.750,5.450,3.1963,10.79605,4.750,0.750,5.450,3.1963
7,far,20,1e+17,P1,vehicle,1.180888e+05,4.350,0.850,5.450,4.5627,10.49915,4.350,0.850,5.450,4.5627
7,far,20,1e+17,P2,empty,4.179233e+04,4.350,1.950,5.650,-1.0000,3.63481,9.950,2.750,5.350,-1.0000
7,far,20,1e+17,P2,person,3.675677e+04,4.550,0.650,5.650,3.4700,3.32504,7.650,0.850,3.750,0.0000
7,far,20,1e+17,P2,vehicle,4.601427e+04,4.450,2.050,5.650,4.5431,3.58305,7.450,1.150,4.550,1.3426
7,far,15,1e+14,P1,empty,4.694865e+02,4.350,0.650,5.650,-1.0000,3.80340,5.150,3.850,2.250,-1.0000
7,far,15,1e+14,P1,person,4.169799e+02,4.550,0.550,5.550,3.4196,3.49751,7.950,2.950,2.350,1.7420
7,far,15,1e+14,P1,vehicle,4.239633e+02,4.450,0.450,5.350,4.4367,3.97852,5.650,2.250,4.250,3.0727
7,far,15,1e+14,P2,empty,6.861618e+02,4.350,2.550,5.650,-1.0000,3.43540,13.250,2.850,5.650,-1.0000
7,far,15,1e+14,P2,person,5.904856e+02,4.350,0.850,5.550,3.5949,3.70394,11.850,2.850,3.450,4.0440
7,far,15,1e+14,P2,vehicle,6.045877e+02,4.650,1.150,5.550,4.3136,3.55908,9.150,1.150,3.450,0.0000
7,far,15,1e+15,P1,empty,1.583715e+03,4.350,2.050,5.450,-1.0000,3.79243,13.150,3.450,1.950,-1.0000
7,far,15,1e+15,P1,person,1.224154e+03,4.450,2.350,5.050,3.3592,3.53060,9.650,2.150,4.850,1.9958
7,far,15,1e+15,P1,vehicle,1.230548e+03,4.950,4.650,5.150,4.8303,4.03415,5.350,4.650,3.550,4.3833
7,far,15,1e+15,P2,empty,1.884251e+03,5.150,2.350,5.550,-1.0000,3.59247,12.750,2.550,5.550,-1.0000
7,far,15,1e+15,P2,person,1.833719e+03,4.350,3.650,5.650,4.1320,3.81173,8.750,1.350,5.650,1.9477
7,far,15,1e+15,P2,vehicle,1.830182e+03,4.650,1.250,5.350,4.2464,4.06208,13.550,4.550,1.750,3.7094
7,far,15,1e+16,P1,empty,3.966976e+03,4.650,0.850,5.450,-1.0000,3.49678,10.650,0.550,5.250,-1.0000
7,far,15,1e+16,P1,person,3.879664e+03,4.450,0.550,5.350,3.4152,3.52606,12.250,1.750,3.250,4.2871
7,far,15,1e+16,P1,vehicle,4.388307e+03,4.550,0.850,5.450,4.3733,3.94275,10.850,2.850,4.850,1.3432
7,far,15,1e+16,P2,empty,5.724357e+03,4.350,2.350,5.650,-1.0000,4.37908,4.950,2.350,1.850,-1.0000
7,far,15,1e+16,P2,person,6.222295e+03,4.350,2.250,5.350,3.5484,4.10640,12.150,4.650,3.050,5.1381
7,far,15,1e+16,P2,vehicle,8.199816e+03,4.350,1.850,5.650,4.6298,3.65543,5.150,1.150,2.950,3.5302
7,far,15,1e+17,P1,empty,2.119911e+04,4.550,0.850,5.450,-1.0000,4.19943,4.750,0.750,5.450,-1.0000
7,far,15,1e+17,P1,person,2.913925e+04,4.350,0.850,5.450,3.5491,5.24095,4.350,0.850,5.450,3.5491
7,far,15,1e+17,P1,vehicle,2.590020e+04,4.650,0.850,5.450,4.2790,5.09976,4.650,0.850,5.450,4.2790
7,far,15,1e+17,P2,empty,1.758404e+04,4.450,1.850,5.150,-1.0000,3.82197,4.850,2.150,1.750,-1.0000
7,far,15,1e+17,P2,person,1.991442e+04,4.550,1.750,5.650,3.4703,3.72041,9.750,1.450,2.750,1.9528
7,far,15,1e+17,P2,vehicle,2.085977e+04,4.550,3.950,5.650,4.9359,3.54363,6.650,3.050,3.150,2.3842
7,far,10,1e+14,P1,empty,2.107400e+02,7.850,1.450,4.450,-1.0000,3.30249,13.550,1.450,4.050,-1.0000
7,far,10,1e+14,P1,person,2.167540e+02,7.250,2.850,1.750,2.1647,3.37505,7.250,2.850,1.750,2.1647
7,far,10,1e+14,P1,vehicle,2.428419e+02,6.150,2.750,5.550,3.1095,3.71919,6.150,2.750,5.550,3.1095
7,far,10,1e+14,P2,empty,3.894001e+02,13.550,2.050,3.150,-1.0000,4.29862,13.550,2.050,3.150,-1.0000
7,far,10,1e+14,P2,person,3.373964e+02,4.550,0.350,5.650,3.4700,3.69050,9.350,1.850,2.750,1.6049
7,far,10,1e+14,P2,vehicle,3.562940e+02,13.350,4.550,2.450,3.5035,3.95326,13.350,4.550,2.450,3.5035
7,far,10,1e+15,P1,empty,7.163035e+02,4.650,0.450,4.650,-1.0000,3.42207,4.650,0.450,4.650,-1.0000
7,far,10,1e+15,P1,person,7.608682e+02,5.150,0.750,3.850,2.3746,3.70963,5.150,0.750,3.850,2.3746
7,far,10,1e+15,P1,vehicle,7.379183e+02,5.350,1.150,5.450,3.6273,3.47687,12.850,4.050,1.650,2.9316
7,far,10,1e+15,P2,empty,1.118329e+03,9.450,1.650,4.550,-1.0000,3.94481,9.450,1.650,4.550,-1.0000
7,far,10,1e+15,P2,person,1.022202e+03,6.250,0.450,1.750,2.2164,3.55146,6.250,0.450,1.750,2.2164
7,far,10,1e+15,P2,vehicle,9.474865e+02,7.250,2.950,1.650,2.0277,3.31852,7.250,2.950,1.650,2.0277
7,far,10,1e+16,P1,empty,2.238428e+03,7.950,2.950,3.350,-1.0000,3.48769,7.950,2.950,3.350,-1.0000
7,far,10,1e+16,P1,person,2.375304e+03,11.750,1.550,2.450,3.9361,3.72339,11.750,1.550,2.450,3.9361
7,far,10,1e+16,P1,vehicle,2.373627e+03,5.750,3.350,1.850,3.3804,3.70576,5.750,3.350,1.850,3.3804
7,far,10,1e+16,P2,empty,3.254300e+03,4.850,0.850,5.650,-1.0000,3.42247,9.650,3.550,4.450,-1.0000
7,far,10,1e+16,P2,person,3.219618e+03,9.850,1.150,1.550,2.7514,3.57123,9.850,1.150,1.550,2.7514
7,far,10,1e+16,P2,vehicle,3.542725e+03,9.750,1.950,4.150,0.2036,3.92697,9.750,1.950,4.150,0.2036
7,far,10,1e+17,P1,empty,7.163688e+03,10.350,1.950,2.250,-1.0000,3.52705,10.350,1.950,2.250,-1.0000
7,far,10,1e+17,P1,person,7.499757e+03,10.150,1.950,3.950,2.1914,3.69345,10.150,1.950,3.950,2.1914
7,far,10,1e+17,P1,vehicle,7.057107e+03,11.550,2.950,2.650,1.2080,3.47606,11.550,2.950,2.650,1.2080
7,far,10,1e+17,P2,empty,9.987475e+03,7.450,0.650,5.550,-1.0000,3.48464,7.450,0.650,5.550,-1.0000
7,far,10,1e+17,P2,person,1.027106e+04,10.250,2.250,3.450,2.3436,3.59520,10.250,2.250,3.450,2.3436
7,far,10,1e+17,P2,vehicle,1.031460e+04,8.650,3.750,1.650,2.1324,3.60244,8.650,3.750,1.650,2.1324
7,far,5,1e+14,P1,empty,2.333856e+02,13.250,2.150,3.050,-1.0000,3.64912,13.250,2.150,3.050,-1.0000
7,far,5,1e+14,P1,person,2.285412e+02,12.450,1.950,1.850,4.7986,3.58635,12.450,1.950,1.850,4.7986
7,far,5,1e+14,P1,vehicle,2.328915e+02,12.550,1.950,5.250,1.8522,3.65527,12.550,1.950,5.250,1.8522
7,far,5,1e+14,P2,empty,3.433634e+02,10.850,4.550,5.250,-1.0000,3.78829,10.850,4.550,5.250,-1.0000
7,far,5,1e+14,P2,person,3.476456e+02,9.750,2.050,3.450,1.8131,3.83936,9.750,2.050,3.450,1.8131
7,far,5,1e+14,P2,vehicle,3.248069e+02,6.950,3.950,3.750,2.7597,3.58578,6.950,3.950,3.750,2.7597
7,far,5,1e+15,P1,empty,8.517236e+02,10.650,0.850,4.050,-1.0000,4.18810,10.650,0.850,4.050,-1.0000
7,far,5,1e+15,P1,person,8.876266e+02,4.950,0.750,3.750,2.5746,4.39206,4.950,0.750,3.750,2.5746
7,far,5,1e+15,P1,vehicle,7.712084e+02,5.850,2.050,4.150,2.8446,3.82265,5.850,2.050,4.150,2.8446
7,far,5,1e+15,P2,empty,1.135240e+03,13.250,1.650,4.650,-1.0000,3.97164,13.250,1.650,4.650,-1.0000
7,far,5,1e+15,P2,person,9.923133e+02,12.850,3.350,5.250,5.3306,3.47937,12.850,3.350,5.250,5.3306
7,far,5,1e+15,P2,vehicle,1.045181e+03,8.050,2.850,3.050,1.2246,3.65184,8.050,2.850,3.050,1.2246
7,far,5,1e+16,P1,empty,2.202465e+03,8.350,2.550,1.350,-1.0000,3.44710,8.350,2.550,1.350,-1.0000
7,far,5,1e+16,P1,person,2.344469e+03,4.550,4.650,4.150,4.1992,3.66417,4.550,4.650,4.150,4.1992
7,far,5,1e+16,P1,vehicle,2.366477e+03,11.950,4.550,1.850,2.9315,3.70365,11.950,4.550,1.850,2.9315
7,far,5,1e+16,P2,empty,3.374638e+03,9.950,2.950,1.950,-1.0000,3.73268,9.950,2.950,1.950,-1.0000
7,far,5,1e+16,P2,person,3.348933e+03,10.350,3.850,1.950,3.5871,3.68732,10.350,3.850,1.950,3.5871
7,far,5,1e+16,P2,vehicle,3.202025e+03,7.050,2.350,4.550,1.8026,3.53234,7.050,2.350,4.550,1.8026
7,far,5,1e+17,P1,empty,7.647337e+03,13.550,4.050,1.450,-1.0000,3.78097,13.550,4.050,1.450,-1.0000
7,far,5,1e+17,P1,person,7.083655e+03,5.550,0.650,2.250,2.3714,3.47746,12.950,4.650,4.750,5.8518
7,far,5,1e+17,P1,vehicle,7.736654e+03,11.750,1.550,4.950,1.0973,3.82830,11.750,1.550,4.950,1.0973
7,far,5,1e+17,P2,empty,1.009809e+04,11.050,2.550,2.350,-1.0000,3.52660,11.050,2.550,2.350,-1.0000
7,far,5,1e+17,P2,person,1.237306e+04,6.950,2.750,3.850,1.1969,4.33612,6.950,2.750,3.850,1.1969
7,far,5,1e+17,P2,vehicle,1.062538e+04,6.350,0.850,5.550,2.7919,3.72075,6.350,0.850,5.550,2.7919
7,near,inf,1e+14,P1,empty,2.094109e+04,4.350,0.850,5.450,-1.0000,6.39472,4.350,0.850,5.450,-1.0000
7,near,inf,1e+14,P1,person,2.014411e+04,4.350,0.850,5.450,3.5491,6.28697,4.750,4.150,5.450,4.0273
7,near,inf,1e+14,P1,vehicle,2.018011e+04,4.350,0.850,5.450,4.5627,6.16234,4.350,0.850,5.450,4.5627
7,near,inf,1e+14,P2,empty,1.163365e+04,4.450,4.350,5.450,-1.0000,3.79264,6.450,1.550,2.750,-1.0000
7,near,inf,1e+14,P2,person,1.142146e+04,4.550,4.350,5.250,4.2183,3.71432,5.250,1.050,3.350,2.2846
7,near,inf,1e+14,P2,vehicle,1.278402e+04,4.450,0.550,4.650,4.2780,3.72047,6.950,4.550,4.450,3.2784
7,near,inf,1e+15,P1,empty,1.710197e+05,4.350,0.850,5.450,-1.0000,17.30064,4.650,0.850,5.450,-1.0000
7,near,inf,1e+15,P1,person,1.869084e+05,4.350,0.850,5.450,3.5491,18.04892,4.350,0.850,5.450,3.5491
7,near,inf,1e+15,P1,vehicle,1.782922e+05,4.350,0.850,5.450,4.5627,17.21688,4.350,0.850,5.450,4.5627
7,near,inf,1e+15,P2,empty,3.860055e+04,4.550,1.050,5.350,-1.0000,4.03031,8.550,2.350,2.550,-1.0000
7,near,inf,1e+15,P2,person,5.028645e+04,7.450,1.150,3.550,0.0758,5.62309,7.450,1.150,3.550,0.0758
7,near,inf,1e+15,P2,vehicle,3.421559e+04,6.150,4.050,4.850,3.4880,3.55373,10.450,2.050,4.050,0.2528
7,near,inf,1e+16,P1,empty,1.789591e+06,4.350,0.850,5.450,-1.0000,54.64821,4.350,0.850,5.450,-1.0000
7,near,inf,1e+16,P1,person,1.802486e+06,4.350,0.850,5.450,3.5491,55.04197,4.350,0.850,5.450,3.5491
7,near,inf,1e+16,P1,vehicle,1.841368e+06,4.350,0.850,5.450,4.5627,56.22932,4.350,0.850,5.450,4.5627
7,near,inf,1e+16,P2,empty,1.363471e+05,4.350,4.550,5.150,-1.0000,3.56354,11.350,0.950,1.750,-1.0000
7,near,inf,1e+16,P2,person,3.329246e+05,7.650,1.550,3.750,0.0000,11.91998,7.650,1.550,3.750,0.0000
7,near,inf,1e+16,P2,vehicle,1.185490e+05,5.250,3.950,4.850,4.1341,4.03832,8.650,1.250,3.850,0.0302
7,near,inf,1e+17,P1,empty,1.809829e+07,4.350,0.850,5.450,-1.0000,174.76723,4.350,0.850,5.450,-1.0000
7,near,inf,1e+17,P1,person,1.817505e+07,4.350,0.850,5.450,3.5491,175.50850,4.350,0.850,5.450,3.5491
7,near,inf,1e+17,P1,vehicle,1.800621e+07,4.350,0.850,5.450,4.5627,173.87805,4.350,0.850,5.450,4.5627
7,near,inf,1e+17,P2,empty,3.824212e+05,4.350,0.850,5.450,-1.0000,3.76880,6.850,4.650,2.050,-1.0000
7,near,inf,1e+17,P2,person,3.274342e+06,7.550,1.350,3.650,0.0000,37.21280,7.550,1.350,3.650,0.0000
7,near,inf,1e+17,P2,vehicle,7.689930e+05,8.750,1.150,4.050,0.0377,9.38130,8.750,1.150,4.050,0.0377
7,near,50,1e+14,P1,empty,9.600996e+03,4.350,0.850,5.450,-1.0000,4.32356,4.750,1.050,5.650,-1.0000
7,near,50,1e+14,P1,person,8.072472e+03,4.750,0.850,5.450,3.1963,3.96269,4.750,0.850,5.450,3.1963
7,near,50,1e+14,P1,vehicle,7.529996e+03,4.350,0.850,5.450,4.5627,3.64801,9.650,4.150,5.250,2.6560
7,near,50,1e+14,P2,empty,8.186199e+03,4.450,4.350,5.650,-1.0000,3.55935,11.050,4.250,1.750,-1.0000
7,near,50,1e+14,P2,person,1.116865e+04,4.350,1.150,5.350,3.5055,3.69275,11.850,3.250,4.250,4.1917
7,near,50,1e+14,P2,vehicle,8.019262e+03,4.750,3.450,5.450,4.4985,3.65557,9.050,3.450,3.850,1.6500
7,near,50,1e+15,P1,empty,5.986451e+04,4.450,0.850,5.450,-1.0000,8.56130,4.450,0.850,5.450,-1.0000
7,near,50,1e+15,P1,person,5.477524e+04,4.750,0.950,5.550,3.2471,8.53680,4.750,0.950,5.550,3.2471
7,near,50,1e+15,P1,vehicle,5.611625e+04,4.350,0.850,5.450,4.5627,8.49101,4.650,0.850,5.450,4.2790
7,near,50,1e+15,P2,empty,2.667775e+04,4.350,2.950,5.050,-1.0000,3.84154,9.750,2.150,2.650,-1.0000
7,near,50,1e+15,P2,person,2.158275e+04,4.550,4.650,5.550,4.5162,3.71733,12.950,0.850,2.350,5.1212
7,near,50,1e+15,P2,vehicle,2.813484e+04,4.350,3.350,5.650,4.8822,3.43579,9.150,4.250,1.550,2.6322
7,near,50,1e+16,P1,empty,6.328172e+05,4.350,0.850,5.450,-1.0000,28.18807,4.350,0.850,5.450,-1.0000
7,near,50,1e+16,P1,person,6.402849e+05,4.350,0.850,5.450,3.5491,28.52071,4.350,0.850,5.450,3.5491
7,near,50,1e+16,P1,vehicle,6.519197e+05,4.350,0.850,5.450,4.5627,29.03897,4.350,0.850,5.450,4.5627
7,near,50,1e+16,P2,empty,9.094493e+04,4.350,3.450,5.650,-1.0000,3.49333,9.450,2.950,3.050,-1.0000
7,near,50,1e+16,P2,person,8.429961e+04,4.350,2.450,5.550,3.6723,5.60919,7.650,1.150,3.950,0.0867
7,near,50,1e+16,P2,vehicle,7.427068e+04,4.450,3.450,5.650,4.8270,3.55225,10.150,0.750,1.550,0.9623
7,near,50,1e+17,P1,empty,6.697993e+06,4.350,0.850,5.450,-1.0000,94.34777,4.350,0.850,5.450,-1.0000
7,near,50,1e+17,P1,person,6.473077e+06,4.350,0.850,5.450,3.5491,91.17961,4.350,0.850,5.450,3.5491
7,near,50,1e+17,P1,vehicle,6.423746e+06,4.350,0.850,5.450,4.5627,90.48474,4.350,0.850,5.450,4.5627
7,near,50,1e+17,P2,empty,2.173878e+05,4.350,1.050,5.250,-1.0000,3.63726,7.350,2.150,5.150,-1.0000
7,near,50,1e+17,P2,person,7.949381e+05,7.550,1.350,3.650,0.0000,19.00952,7.550,1.350,3.650,0.0000
7,near,50,1e+17,P2,vehicle,2.587693e+05,4.450,0.750,5.450,4.4679,5.05023,8.950,1.450,4.550,0.5377
7,near,30,1e+14,P1,empty,4.250215e+03,5.450,4.250,5.350,-1.0000,3.72468,11.150,1.250,4.650,-1.0000
7,near,30,1e+14,P1,person,4.028076e+03,5.050,0.450,5.550,2.9948,3.64596,11.850,0.750,4.850,3.9990
7,near,30,1e+14,P1,vehicle,4.898556e+03,5.050,0.450,5.650,3.9825,3.97775,8.550,1.550,2.450,0.1444
7,near,30,1e+14,P2,empty,7.004504e+03,4.650,1.950,5.450,-1.0000,4.17497,9.050,4.050,3.250,-1.0000
7,near,30,1e+14,P2,person,6.925736e+03,4.850,0.550,4.950,2.8870,3.75025,4.850,0.550,4.950,2.8870
7,near,30,1e+14,P2,vehicle,5.976334e+03,4.650,1.550,5.650,4.3503,3.46869,7.650,3.450,1.450,2.2164
7,near,30,1e+15,P1,empty,3.252867e+04,4.350,0.850,5.450,-1.0000,5.94742,4.350,0.850,5.450,-1.0000
7,near,30,1e+15,P1,person,3.877434e+04,4.350,0.850,5.450,3.5491,7.08936,4.350,0.850,5.450,3.5491
7,near,30,1e+15,P1,vehicle,3.458738e+04,4.550,0.850,5.450,4.3733,6.75095,4.550,0.850,5.450,4.3733
7,near,30,1e+15,P2,empty,1.828166e+04,4.450,0.650,4.850,-1.0000,3.51424,8.650,0.450,5.650,-1.0000
7,near,30,1e+15,P2,person,1.886389e+04,4.650,2.850,5.050,3.3158,3.72714,13.150,2.850,4.850,5.3927
7,near,30,1e+15,P2,vehicle,2.036870e+04,5.150,1.750,5.550,3.8506,3.50499,5.450,4.450,1.350,4.3368
7,near,30,1e+16,P1,empty,3.254789e+05,4.350,0.850,5.450,-1.0000,18.81853,4.350,0.850,5.450,-1.0000
7,near,30,1e+16,P1,person,3.281889e+05,4.350,0.850,5.450,3.5491,18.97522,4.350,0.850,5.450,3.5491
7,near,30,1e+16,P1,vehicle,3.254482e+05,4.350,0.850,5.450,4.5627,18.81676,4.350,0.850,5.450,4.5627
7,near,30,1e+16,P2,empty,6.617195e+04,4.350,1.650,5.450,-1.0000,3.94442,11.350,1.150,5.450,-1.0000
7,near,30,1e+16,P2,person,5.820481e+04,4.450,4.650,5.150,4.4510,4.66787,7.750,1.250,4.050,0.1867
7,near,30,1e+16,P2,vehicle,5.243715e+04,4.550,3.950,5.550,4.9037,4.11428,9.850,2.450,1.950,0.8595
7,near,30,1e+17,P1,empty,3.258401e+06,4.350,0.850,5.450,-1.0000,59.57545,4.350,0.850,5.450,-1.0000
7,near,30,1e+17,P1,person,3.281866e+06,4.350,0.850,5.450,3.5491,60.00447,4.350,0.850,5.450,3.5491
7,near,30,1e+17,P1,vehicle,3.227656e+06,4.350,0.850,5.450,4.5627,59.01332,4.350,0.850,5.450,4.5627
7,near,30,1e+17,P2,empty,2.003904e+05,4.450,4.550,5.450,-1.0000,4.01764,10.250,3.550,3.450,-1.0000
7,near,30,1e+17,P2,person,2.912262e+05,7.650,1.550,3.750,0.0000,11.34068,7.650,1.550,3.750,0.0000
7,near,30,1e+17,P2,vehicle,1.933189e+05,4.350,3.550,5.650,4.9493,4.13145,8.750,1.150,4.050,0.0377
7,near,20,1e+14,P1,empty,2.899909e+03,4.550,1.550,5.250,-1.0000,3.60657,9.250,2.250,4.150,-1.0000
7,near,20,1e+14,P1,person,2.989634e+03,4.750,0.350,5.350,3.1478,4.08470,8.950,3.250,1.850,2.5078
7,near,20,1e+14,P1,vehicle,2.618950e+03,5.150,4.050,5.550,4.4598,3.55212,7.250,1.250,5.150,1.8276
7,near,20,1e+14,P2,empty,4.545651e+03,4.950,1.050,5.650,-1.0000,3.52411,11.250,0.450,1.950,-1.0000
7,near,20,1e+14,P2,person,4.130750e+03,4.350,1.650,5.350,3.5055,3.48949,7.050,4.150,4.350,2.5426
7,near,20,1e+14,P2,vehicle,4.137657e+03,4.350,2.950,5.650,4.7703,3.68815,10.550,4.250,5.050,2.6607
7,near,20,1e+15,P1,empty,1.255308e+04,4.450,0.450,5.350,-1.0000,3.46951,4.450,0.450,5.350,-1.0000
7,near,20,1e+15,P1,person,1.404138e+04,4.350,0.550,5.350,3.5055,3.88555,6.950,2.650,2.050,1.8769
7,near,20,1e+15,P1,vehicle,1.645212e+04,4.750,0.750,5.450,4.1849,4.85991,4.750,0.750,5.450,4.1849
7,near,20,1e+15,P2,empty,1.407453e+04,4.550,2.650,5.550,-1.0000,3.66393,10.750,2.650,1.650,-1.0000
7,near,20,1e+15,P2,person,1.295455e+04,4.750,1.650,5.650,3.3001,3.22075,5.250,3.850,2.550,3.2898
7,near,20,1e+15,P2,vehicle,1.297828e+04,4.750,0.950,5.650,4.2578,3.67915,7.250,0.950,4.250,1.4498
7,near,20,1e+16,P1,empty,1.274781e+05,4.350,0.850,5.450,-1.0000,10.28168,4.350,0.850,5.450,-1.0000
7,near,20,1e+16,P1,person,1.389381e+05,4.350,0.850,5.450,3.5491,11.20598,4.350,0.850,5.450,3.5491
7,near,20,1e+16,P1,vehicle,1.401261e+05,4.350,0.850,5.450,4.5627,11.30180,4.350,0.850,5.450,4.5627
7,near,20,1e+16,P2,empty,4.197164e+04,4.550,3.750,5.350,-1.0000,3.63402,6.850,2.550,2.850,-1.0000
7,near,20,1e+16,P2,person,4.641167e+04,4.750,2.050,5.450,3.2154,3.71840,9.750,3.050,4.350,2.2829
7,near,20,1e+16,P2,vehicle,4.786181e+04,4.350,2.050,5.350,4.5390,4.18646,8.250,1.250,2.950,0.4302
7,near,20,1e+17,P1,empty,1.326939e+06,4.350,0.850,5.450,-1.0000,33.84382,4.350,0.850,5.450,-1.0000
7,near,20,1e+17,P1,person,1.343016e+06,4.350,0.850,5.450,3.5491,34.25385,4.350,0.850,5.450,3.5491
7,near,20,1e+17,P1,vehicle,1.352245e+06,4.350,0.850,5.450,4.5627,34.48926,4.350,0.850,5.450,4.5627
7,near,20,1e+17,P2,empty,1.348202e+05,4.550,4.150,5.450,-1.0000,3.79982,8.350,1.950,3.750,-1.0000
7,near,20,1e+17,P2,person,1.555287e+05,4.350,0.950,5.450,3.5491,6.89166,7.650,1.350,3.950,0.0867
7,near,20,1e+17,P2,vehicle,1.401596e+05,4.350,1.150,5.050,4.4528,3.60752,5.550,3.850,5.050,3.8830
7,near,15,1e+14,P1,empty,1.958076e+03,4.450,1.450,4.750,-1.0000,4.07577,12.850,3.950,2.450,-1.0000
7,near,15,1e+14,P1,person,2.351345e+03,4.650,3.950,5.550,4.0213,4.01997,6.650,1.350,3.650,0.8746
7,near,15,1e+14,P1,vehicle,1.999232e+03,4.450,3.550,5.450,4.7984,3.68003,11.950,0.550,5.250,1.4576
7,near,15,1e+14,P2,empty,2.840053e+03,4.450,1.850,5.450,-1.0000,4.01335,12.950,1.750,3.450,-1.0000
7,near,15,1e+14,P2,person,3.158009e+03,5.050,2.250,5.650,3.1014,3.74916,13.350,0.450,3.550,5.3754
7,near,15,1e+14,P2,vehicle,3.141495e+03,4.450,1.850,5.650,4.5365,3.52260,12.850,2.050,3.750,1.6884
7,near,15,1e+15,P1,empty,6.537464e+03,4.450,0.650,5.350,-1.0000,3.37941,12.250,2.950,2.150,-1.0000
7,near,15,1e+15,P1,person,7.008616e+03,4.550,0.650,5.350,3.3255,3.91855,10.950,3.450,2.850,3.5248
7,near,15,1e+15,P1,vehicle,8.480378e+03,4.450,0.350,5.350,4.4367,3.56017,13.050,3.650,4.750,2.7318
7,near,15,1e+15,P2,empty,9.855481e+03,4.450,1.850,5.550,-1.0000,3.42311,5.150,2.850,3.950,-1.0000
7,near,15,1e+15,P2,person,8.865604e+03,4.350,0.950,5.550,3.5949,3.52684,12.550,3.250,3.850,4.8308
7,near,15,1e+15,P2,vehicle,8.967792e+03,4.450,3.050,5.550,4.6714,3.61506,6.950,1.150,2.650,1.7302
7,near,15,1e+16,P1,empty,5.453011e+04,4.350,0.850,5.450,-1.0000,6.16743,4.350,0.850,5.450,-1.0000
7,near,15,1e+16,P1,person,4.854611e+04,4.750,0.850,5.450,3.1963,6.34008,4.750,0.850,5.450,3.1963
7,near,15,1e+16,P1,vehicle,4.878378e+04,4.450,0.550,5.350,4.4367,6.06192,4.450,0.550,5.350,4.4367
7,near,15,1e+16,P2,empty,3.228450e+04,4.350,2.950,5.550,-1.0000,3.60704,5.950,2.750,4.150,-1.0000
7,near,15,1e+16,P2,person,2.772049e+04,4.450,0.350,5.350,3.4152,4.47209,8.450,1.650,3.150,0.6299
7,near,15,1e+16,P2,vehicle,3.346642e+04,4.550,3.650,5.450,4.7485,3.82497,9.250,2.250,3.050,0.4500
7,near,15,1e+17,P1,empty,5.288238e+05,4.350,0.850,5.450,-1.0000,18.91380,4.350,0.850,5.450,-1.0000
7,near,15,1e+17,P1,person,5.580066e+05,4.350,0.850,5.450,3.5491,19.95754,4.350,0.850,5.450,3.5491
7,near,15,1e+17,P1,vehicle,5.015799e+05,4.350,0.850,5.450,4.5627,19.03044,4.650,0.850,5.450,4.2790
7,near,15,1e+17,P2,empty,9.299273e+04,4.750,0.950,5.550,-1.0000,3.44719,12.750,2.550,2.450,-1.0000
7,near,15,1e+17,P2,person,1.005220e+05,4.550,1.650,5.250,3.2820,3.84321,7.850,1.550,4.150,0.2867
7,near,15,1e+17,P2,vehicle,9.557727e+04,4.550,1.050,5.550,4.4072,3.68856,11.750,4.550,2.450,2.8091
7,near,10,1e+14,P1,empty,1.010534e+03,4.450,0.750,5.650,-1.0000,3.68287,7.350,0.550,2.150,-1.0000
7,near,10,1e+14,P1,person,1.020014e+03,4.450,2.950,5.350,3.6368,3.58710,11.750,4.050,3.450,4.4485
7,near,10,1e+14,P1,vehicle,1.061571e+03,4.750,4.250,5.450,4.8494,3.47890,9.050,2.750,2.250,0.9855
7,near,10,1e+14,P2,empty,1.461693e+03,4.550,2.950,5.650,-1.0000,3.52798,12.450,2.950,3.150,-1.0000
7,near,10,1e+14,P2,person,1.632415e+03,4.650,2.550,5.450,3.3917,3.50330,9.750,4.150,3.950,3.0269
7,near,10,1e+14,P2,vehicle,1.991010e+03,4.350,2.350,5.650,4.6621,3.61988,8.750,4.450,2.050,2.6900
7,near,10,1e+15,P1,empty,2.859004e+03,4.350,0.550,5.350,-1.0000,3.72520,12.250,0.450,2.850,-1.0000
7,near,10,1e+15,P1,person,2.351928e+03,4.350,3.250,5.350,3.8329,4.28554,13.650,1.350,4.250,5.6885
7,near,10,1e+15,P1,vehicle,2.986180e+03,4.350,0.850,5.450,4.5627,3.47369,12.750,4.650,4.150,3.2566
7,near,10,1e+15,P2,empty,5.000056e+03,4.650,1.750,5.350,-1.0000,3.32941,9.850,0.350,2.350,-1.0000
7,near,10,1e+15,P2,person,6.340731e+03,4.550,1.750,5.650,3.4703,3.88218,10.050,4.150,5.650,3.6745
7,near,10,1e+15,P2,vehicle,5.094145e+03,4.550,0.650,5.450,4.3733,3.52114,10.650,2.750,3.950,0.9500
7,near,10,1e+16,P1,empty,1.216230e+04,4.350,0.850,5.450,-1.0000,3.67856,9.550,2.950,3.050,-1.0000
7,near,10,1e+16,P1,person,1.012393e+04,4.350,0.850,5.450,3.5491,3.23989,7.450,2.450,2.550,1.2628
7,near,10,1e+16,P1,vehicle,1.185545e+04,4.550,0.550,5.350,4.3415,3.32283,11.450,3.750,2.850,1.9686
7,near,10,1e+16,P2,empty,1.552317e+04,4.450,3.550,5.650,-1.0000,3.80425,7.250,4.250,4.050,-1.0000
7,near,10,1e+16,P2,person,1.679680e+04,4.650,1.550,5.650,3.3847,3.70982,7.650,1.250,2.850,0.7133
7,near,10,1e+16,P2,vehicle,1.847700e+04,4.450,2.650,5.650,4.6151,3.53592,8.150,4.050,2.950,2.3116
7,near,10,1e+17,P1,empty,9.837797e+04,4.350,0.850,5.450,-1.0000,6.96849,4.350,0.850,5.450,-1.0000
7,near,10,1e+17,P1,person,9.723766e+04,4.550,0.450,5.350,3.3255,8.43576,4.550,0.450,5.350,3.3255
7,near,10,1e+17,P1,vehicle,8.422614e+04,4.350,0.850,5.450,4.5627,6.81421,4.550,0.450,5.350,4.3415
7,near,10,1e+17,P2,empty,4.792793e+04,4.550,3.750,5.650,-1.0000,3.54577,6.750,3.550,3.650,-1.0000
7,near,10,1e+17,P2,person,4.990282e+04,4.350,2.350,5.450,3.6081,3.90319,8.650,4.550,2.950,2.9924
7,near,10,1e+17,P2,vehicle,5.808534e+04,4.450,0.650,5.450,4.4679,3.81488,7.550,3.250,2.050,1.8957
7,near,5,1e+14,P1,empty,2.338737e+02,8.950,1.150,3.950,-1.0000,3.64416,8.950,1.150,3.950,-1.0000
7,near,5,1e+14,P1,person,2.430504e+02,8.150,3.750,1.750,2.7425,3.80893,8.150,3.750,1.750,2.7425
7,near,5,1e+14,P1,vehicle,2.554358e+02,5.150,0.950,4.350,3.5463,3.92892,5.150,0.950,4.350,3.5463
7,near,5,1e+14,P2,empty,3.532820e+02,4.350,3.150,5.650,-1.0000,3.72824,9.850,1.050,5.150,-1.0000
7,near,5,1e+14,P2,person,3.547508e+02,5.550,4.350,2.150,3.5943,3.91748,5.550,4.350,2.150,3.5943
7,near,5,1e+14,P2,vehicle,3.204601e+02,4.350,0.550,5.450,4.5627,3.45828,6.750,2.550,2.350,2.0772
7,near,5,1e+15,P1,empty,7.387391e+02,6.350,3.150,1.450,-1.0000,3.63705,6.350,3.150,1.450,-1.0000
7,near,5,1e+15,P1,person,7.300729e+02,8.650,2.850,5.550,2.1503,3.61083,8.650,2.850,5.550,2.1503
7,near,5,1e+15,P1,vehicle,7.888046e+02,4.450,1.450,5.250,4.4076,3.85300,11.250,2.850,1.650,1.3605
7,near,5,1e+15,P2,empty,1.079697e+03,4.450,3.350,5.250,-1.0000,3.48302,5.350,2.850,1.550,-1.0000
7,near,5,1e+15,P2,person,1.076148e+03,6.650,0.750,5.450,1.8118,3.73400,6.650,0.750,5.450,1.8118
7,near,5,1e+15,P2,vehicle,1.066635e+03,10.950,1.150,5.250,1.2377,3.73192,10.950,1.150,5.250,1.2377
7,near,5,1e+16,P1,empty,2.363482e+03,7.350,0.350,1.650,-1.0000,3.66884,7.350,0.350,1.650,-1.0000
7,near,5,1e+16,P1,person,2.166586e+03,8.750,1.350,2.250,1.5251,3.38892,8.750,1.350,2.250,1.5251
7,near,5,1e+16,P1,vehicle,2.341901e+03,10.450,1.850,5.550,1.5385,3.66197,10.450,1.850,5.550,1.5385
7,near,5,1e+16,P2,empty,3.494141e+03,6.650,0.750,5.250,-1.0000,3.85224,6.650,0.750,5.250,-1.0000
7,near,5,1e+16,P2,person,3.283857e+03,4.650,1.750,5.550,3.3333,3.60768,13.650,3.750,3.050,6.0561
7,near,5,1e+16,P2,vehicle,3.389584e+03,7.050,0.350,4.850,1.8329,3.74509,7.050,0.350,4.850,1.8329
7,near,5,1e+17,P1,empty,6.919055e+03,9.350,3.850,2.550,-1.0000,3.41891,9.350,3.850,2.550,-1.0000
7,near,5,1e+17,P1,person,7.055323e+03,10.750,2.150,5.350,3.1805,3.46923,10.750,2.150,5.350,3.1805
7,near,5,1e+17,P1,vehicle,8.238634e+03,11.050,0.750,3.750,0.0000,4.05935,11.050,0.750,3.750,0.0000
7,near,5,1e+17,P2,empty,1.070949e+04,4.550,2.650,5.550,-1.0000,3.57710,12.150,1.750,3.450,-1.0000
7,near,5,1e+17,P2,person,1.237494e+04,4.750,3.350,5.450,3.5970,3.80299,4.750,3.350,5.450,3.5970
7,near,5,1e+17,P2,vehicle,9.962291e+03,4.450,0.750,5.350,4.4367,3.46827,12.450,1.750,3.650,1.2698
8,far,inf,1e+14,P1,empty,2.412289e+04,4.450,1.050,5.650,-1.0000,7.03790,4.450,1.050,5.650,-1.0000
8,far,inf,1e+14,P1,person,2.306677e+04,4.350,1.050,5.650,4.2517,6.86551,4.550,1.050,5.650,4.0915
8,far,inf,1e+14,P1,vehicle,2.430214e+04,4.350,1.050,5.650,4.4998,7.11865,4.350,1.050,5.650,4.4998
8,far,inf,1e+14,P2,empty,1.184793e+04,5.150,0.650,5.550,-1.0000,4.02167,10.550,0.950,1.850,-1.0000
8,far,inf,1e+14,P2,person,1.211604e+04,4.350,0.350,5.350,4.0827,3.60071,9.150,2.950,1.550,2.0212
8,far,inf,1e+14,P2,vehicle,1.250465e+04,5.650,0.450,4.150,3.0889,4.11738,5.650,0.450,4.150,3.0889
8,far,inf,1e+15,P1,empty,2.425336e+05,4.450,1.050,5.650,-1.0000,22.37615,4.450,1.050,5.650,-1.0000
8,far,inf,1e+15,P1,person,2.286253e+05,4.350,1.050,5.650,4.2517,21.17760,4.350,1.050,5.650,4.2517
8,far,inf,1e+15,P1,vehicle,2.353503e+05,4.450,0.950,5.550,4.3808,22.29299,4.450,0.950,5.550,4.3808
8,far,inf,1e+15,P2,empty,3.816861e+04,4.950,4.550,5.150,-1.0000,3.69969,6.750,4.350,5.350,-1.0000
8,far,inf,1e+15,P2,person,4.845822e+04,4.650,0.650,5.350,3.8333,4.11846,7.850,1.450,3.050,0.0000
8,far,inf,1e+15,P2,vehicle,3.945807e+04,4.850,2.950,4.950,4.0659,3.58929,5.650,2.650,4.550,3.2037
8,far,inf,1e+16,P1,empty,2.310126e+06,4.450,1.050,5.650,-1.0000,67.39834,4.450,1.050,5.650,-1.0000
8,far,inf,1e+16,P1,person,2.299246e+06,4.450,1.050,5.650,4.1712,67.08091,4.450,1.050,5.650,4.1712
8,far,inf,1e+16,P1,vehicle,2.335046e+06,4.450,1.050,5.650,4.4023,68.12538,4.450,1.050,5.650,4.4023
8,far,inf,1e+16,P2,empty,1.493824e+05,4.650,3.450,4.850,-1.0000,3.97880,6.150,0.950,3.050,-1.0000
8,far,inf,1e+16,P2,person,2.569090e+05,7.850,1.550,2.950,0.0000,8.79574,7.750,1.450,2.850,0.0407
8,far,inf,1e+16,P2,vehicle,1.126442e+05,4.450,1.150,5.250,4.3297,3.98534,9.250,1.750,4.850,0.1931
8,far,inf,1e+17,P1,empty,2.315241e+07,4.450,1.050,5.650,-1.0000,213.60419,4.450,1.050,5.650,-1.0000
8,far,inf,1e+17,P1,person,2.303148e+07,4.450,1.050,5.650,4.1712,212.48849,4.450,1.050,5.650,4.1712
8,far,inf,1e+17,P1,vehicle,2.300634e+07,4.450,1.050,5.650,4.4023,212.25650,4.450,1.050,5.650,4.4023
8,far,inf,1e+17,P2,empty,5.982084e+05,4.350,4.650,5.450,-1.0000,4.10917,13.050,4.650,3.250,-1.0000
8,far,inf,1e+17,P2,person,2.426140e+06,7.850,1.450,2.950,0.0000,26.25240,7.850,1.450,2.950,0.0000
8,far,inf,1e+17,P2,vehicle,7.668044e+05,8.750,1.450,3.250,0.0000,9.52221,8.750,1.250,3.250,0.0000
8,far,50,1e+14,P1,empty,4.103689e+03,4.350,4.550,5.250,-1.0000,3.92426,13.250,3.350,1.950,-1.0000
8,far,50,1e+14,P1,person,5.125712e+03,4.650,0.750,5.450,3.8914,3.85660,4.650,0.750,5.450,3.8914
8,far,50,1e+14,P1,vehicle,4.436906e+03,4.550,0.750,5.450,4.2633,4.37079,11.050,3.250,2.050,1.8242
8,far,50,1e+14,P2,empty,6.008358e+03,4.350,4.050,5.150,-1.0000,3.61624,12.450,2.850,3.350,-1.0000
8,far,50,1e+14,P2,person,7.032530e+03,4.450,4.250,4.850,4.5326,4.08128,4.450,4.250,4.850,4.5326
8,far,50,1e+14,P2,vehicle,5.343217e+03,4.550,4.150,4.750,4.8039,3.62952,9.650,4.350,4.550,2.5500
8,far,50,1e+15,P1,empty,3.550104e+04,4.350,0.850,5.450,-1.0000,7.88245,4.350,0.850,5.450,-1.0000
8,far,50,1e+15,P1,person,3.461280e+04,4.550,0.950,5.550,4.0313,7.83790,4.550,0.950,5.550,4.0313
8,far,50,1e+15,P1,vehicle,3.157948e+04,4.450,1.050,5.650,4.4023,6.89488,4.350,0.850,5.450,4.4599
8,far,50,1e+15,P2,empty,2.079961e+04,4.450,1.350,5.650,-1.0000,3.48752,9.950,2.250,5.650,-1.0000
8,far,50,1e+15,P2,person,1.583074e+04,4.450,1.950,4.750,3.7115,3.65154,10.350,1.250,2.550,2.1309
8,far,50,1e+15,P2,vehicle,1.754777e+04,4.750,1.550,5.550,4.0876,3.54771,12.650,3.150,3.950,1.9529
8,far,50,1e+16,P1,empty,3.016201e+05,4.450,0.950,5.550,-1.0000,21.56197,4.550,0.950,5.550,-1.0000
8,far,50,1e+16,P1,person,3.074713e+05,4.350,0.850,5.450,4.1374,21.58862,4.350,0.850,5.450,4.1374
8,far,50,1e+16,P1,vehicle,2.957078e+05,4.350,0.850,5.450,4.4599,20.76266,4.350,0.850,5.450,4.4599
8,far,50,1e+16,P2,empty,4.827478e+04,4.850,4.650,5.350,-1.0000,3.68047,11.450,0.650,3.350,-1.0000
8,far,50,1e+16,P2,person,5.302604e+04,4.350,1.050,5.550,4.1937,4.39182,7.950,1.550,3.050,0.0000
8,far,50,1e+16,P2,vehicle,5.295268e+04,4.650,1.250,5.550,4.1852,3.75413,7.350,2.650,1.850,2.0879
8,far,50,1e+17,P1,empty,2.944154e+06,4.350,0.850,5.450,-1.0000,65.38406,4.550,0.950,5.550,-1.0000
8,far,50,1e+17,P1,person,3.007318e+06,4.350,0.850,5.450,4.1374,66.77284,4.350,0.850,5.450,4.1374
8,far,50,1e+17,P1,vehicle,2.981940e+06,4.350,0.850,5.450,4.4599,66.20936,4.350,0.850,5.450,4.4599
8,far,50,1e+17,P2,empty,1.611635e+05,4.950,0.550,5.350,-1.0000,3.66619,10.750,1.450,2.050,-1.0000
8,far,50,1e+17,P2,person,2.212244e+05,7.850,1.450,2.950,0.0000,8.72722,7.850,1.450,2.950,0.0000
8,far,50,1e+17,P2,vehicle,1.555328e+05,4.850,0.850,5.550,3.9901,3.75081,8.850,1.450,4.850,0.1931
8,far,30,1e+14,P1,empty,2.157332e+03,4.550,0.950,5.550,-1.0000,3.49298,11.950,2.750,2.350,-1.0000
8,far,30,1e+14,P1,person,2.275160e+03,4.450,0.450,5.350,3.9988,3.69222,11.850,3.750,2.850,4.1509
8,far,30,1e+14,P1,vehicle,2.695320e+03,4.550,0.950,5.550,4.2830,3.64084,8.750,3.050,4.150,1.2500
8,far,30,1e+14,P2,empty,2.609153e+03,4.950,2.550,5.250,-1.0000,4.16328,5.750,2.950,4.650,-1.0000
8,far,30,1e+14,P2,person,2.700379e+03,4.450,1.150,5.450,4.0546,3.79318,10.750,1.950,1.450,2.8854
8,far,30,1e+14,P2,vehicle,2.307513e+03,4.350,4.250,5.150,5.0505,3.60485,9.350,2.750,4.750,0.9545
8,far,30,1e+15,P1,empty,8.899240e+03,4.450,1.050,5.650,-1.0000,3.63145,4.850,0.850,5.450,-1.0000
8,far,30,1e+15,P1,person,9.367599e+03,4.350,0.950,5.550,4.1937,3.74666,4.650,0.850,5.450,3.8914
8,far,30,1e+15,P1,vehicle,1.146465e+04,4.350,0.850,5.450,4.4599,4.63600,4.350,0.850,5.450,4.4599
8,far,30,1e+15,P2,empty,8.792460e+03,4.550,4.150,5.450,-1.0000,3.64311,7.050,4.550,2.150,-1.0000
8,far,30,1e+15,P2,person,8.018969e+03,4.750,1.550,5.050,3.5843,3.59212,11.050,0.550,1.850,2.9828
8,far,30,1e+15,P2,vehicle,8.166001e+03,4.550,3.250,5.550,4.5218,4.46589,6.050,1.550,4.150,2.6889
8,far,30,1e+16,P1,empty,8.342798e+04,4.350,0.850,5.450,-1.0000,10.66828,4.350,0.850,5.450,-1.0000
8,far,30,1e+16,P1,person,8.296741e+04,4.350,0.850,5.450,4.1374,10.60938,4.350,0.850,5.450,4.1374
8,far,30,1e+16,P1,vehicle,7.449577e+04,4.350,0.850,5.450,4.4599,9.65677,4.650,0.850,5.450,4.1651
8,far,30,1e+16,P2,empty,2.832353e+04,4.550,1.450,5.450,-1.0000,3.53853,12.750,3.250,2.250,-1.0000
8,far,30,1e+16,P2,person,2.792258e+04,4.350,0.950,5.450,4.1374,4.03028,11.750,4.150,5.050,4.6818
8,far,30,1e+16,P2,vehicle,2.923231e+04,4.650,3.250,5.250,4.3787,3.81470,13.450,2.650,4.250,2.3689
8,far,30,1e+17,P1,empty,7.641154e+05,4.350,0.850,5.450,-1.0000,30.89880,4.350,0.850,5.450,-1.0000
8,far,30,1e+17,P1,person,7.887108e+05,4.350,0.850,5.450,4.1374,31.89337,4.350,0.850,5.450,4.1374
8,far,30,1e+17,P1,vehicle,8.178799e+05,4.350,0.850,5.450,4.4599,33.07289,4.350,0.850,5.450,4.4599
8,far,30,1e+17,P2,empty,8.882272e+04,5.250,0.350,5.550,-1.0000,3.77159,9.950,4.150,2.150,-1.0000
8,far,30,1e+17,P2,person,9.037778e+04,4.650,1.350,5.650,4.0128,4.37670,7.850,0.550,3.050,0.0000
8,far,30,1e+17,P2,vehicle,8.784221e+04,4.450,3.450,5.550,4.6813,3.44349,4.350,1.850,4.650,4.3891
8,far,20,1e+14,P1,empty,9.493095e+02,4.750,0.950,5.150,-1.0000,4.09634,8.650,2.050,5.450,-1.0000
8,far,20,1e+14,P1,person,9.600884e+02,4.550,0.550,5.250,3.8604,3.48202,9.250,1.750,4.850,1.9757
8,far,20,1e+14,P1,vehicle,1.047706e+03,4.450,4.350,5.150,5.0140,3.67924,6.250,1.050,2.450,2.5873
8,far,20,1e+14,P2,empty,1.232596e+03,4.350,1.750,5.350,-1.0000,3.55824,6.450,2.050,2.050,-1.0000
8,far,20,1e+14,P2,person,1.274952e+03,4.750,1.950,5.650,3.9429,3.41941,6.850,0.750,5.550,2.5756
8,far,20,1e+14,P2,vehicle,1.117231e+03,4.350,3.450,5.450,4.7554,3.51649,5.350,3.350,2.650,3.7608
8,far,20,1e+15,P1,empty,3.224904e+03,5.450,4.050,5.450,-1.0000,3.98280,5.450,4.050,5.450,-1.0000
8,far,20,1e+15,P1,person,2.944271e+03,4.550,0.950,5.550,4.0313,4.11266,4.750,1.850,1.650,3.2732
8,far,20,1e+15,P1,vehicle,2.955586e+03,4.450,1.050,5.350,4.3445,3.62554,13.450,4.250,5.050,3.3236
8,far,20,1e+15,P2,empty,4.734441e+03,4.450,1.250,5.450,-1.0000,3.70609,12.350,1.550,5.550,-1.0000
8,far,20,1e+15,P2,person,5.690286e+03,4.450,4.350,5.550,4.8920,3.78160,4.450,4.350,5.550,4.8920
8,far,20,1e+15,P2,vehicle,4.344610e+03,4.450,1.250,5.650,4.4023,3.85996,4.950,2.350,3.250,3.8286
8,far,20,1e+16,P1,empty,1.649254e+04,4.550,0.950,5.550,-1.0000,4.45365,4.450,0.350,5.450,-1.0000
8,far,20,1e+16,P1,person,1.972359e+04,4.550,1.050,5.650,4.0915,5.09445,4.550,1.050,5.650,4.0915
8,far,20,1e+16,P1,vehicle,2.078679e+04,4.450,0.850,5.450,4.3616,5.63531,4.450,0.850,5.450,4.3616
8,far,20,1e+16,P2,empty,1.251609e+04,4.350,3.250,5.450,-1.0000,3.42003,4.550,2.850,3.950,-1.0000
8,far,20,1e+16,P2,person,1.368710e+04,4.650,3.050,5.550,4.1756,4.17028,7.650,2.550,3.450,0.9116
8,far,20,1e+16,P2,vehicle,1.474940e+04,4.350,4.150,5.550,5.0579,3.56334,11.950,4.550,4.550,2.8405
8,far,20,1e+17,P1,empty,1.562224e+05,4.350,0.850,5.450,-1.0000,13.32392,4.350,0.850,5.450,-1.0000
8,far,20,1e+17,P1,person,1.483982e+05,4.450,0.950,5.550,4.1121,12.46409,4.450,0.950,5.550,4.1121
8,far,20,1e+17,P1,vehicle,1.607113e+05,4.350,0.850,5.450,4.4599,13.70677,4.350,0.850,5.450,4.4599
8,far,20,1e+17,P2,empty,4.073899e+04,4.350,4.350,5.150,-1.0000,3.66390,8.850,0.350,1.550,-1.0000
8,far,20,1e+17,P2,person,4.322086e+04,4.350,4.450,5.250,4.8786,3.87781,4.650,0.950,1.350,3.4815
8,far,20,1e+17,P2,vehicle,5.107724e+04,5.050,2.150,5.650,3.8362,3.60721,5.050,2.150,5.650,3.8362
8,far,15,1e+14,P1,empty,3.947996e+02,4.450,1.650,5.550,-1.0000,3.80753,11.550,3.050,5.250,-1.0000
8,far,15,1e+14,P1,person,3.852754e+02,4.750,4.350,5.450,4.6420,3.67692,8.250,1.150,2.550,0.3024
8,far,15,1e+14,P1,vehicle,5.762827e+02,4.650,1.750,5.450,4.1651,3.71183,7.850,0.850,3.250,0.8889
8,far,15,1e+14,P2,empty,5.976181e+02,4.350,3.050,5.550,-1.0000,3.60151,11.050,2.750,2.550,-1.0000
8,far,15,1e+14,P2,person,6.243532e+02,4.750,1.350,5.450,3.8112,4.05868,9.650,0.750,3.850,1.5726
8,far,15,1e+14,P2,vehicle,6.604349e+02,4.450,1.050,5.450,4.3616,3.58256,5.550,0.950,4.350,3.1889
8,far,15,1e+15,P1,empty,1.334000e+03,4.750,1.950,5.050,-1.0000,4.07040,10.150,1.550,4.150,-1.0000
8,far,15,1e+15,P1,person,1.792973e+03,4.450,0.650,5.350,3.9988,3.73225,8.350,1.250,4.150,1.0037
8,far,15,1e+15,P1,vehicle,1.491972e+03,4.450,0.850,5.450,4.3616,3.43977,6.850,2.950,2.750,2.2485
8,far,15,1e+15,P2,empty,1.924871e+03,4.450,2.850,5.650,-1.0000,3.37412,5.850,3.750,3.250,-1.0000
8,far,15,1e+15,P2,person,2.051241e+03,4.450,2.650,5.650,4.2780,3.71667,11.950,4.050,2.650,4.3957
8,far,15,1e+15,P2,vehicle,2.078091e+03,4.350,3.850,5.550,4.9257,3.42542,10.150,1.750,3.550,0.0000
8,far,15,1e+16,P1,empty,5.088646e+03,4.350,0.850,5.450,-1.0000,3.87707,13.050,2.550,5.650,-1.0000
8,far,15,1e+16,P1,person,4.495191e+03,4.550,0.750,5.450,3.9726,3.81231,7.150,3.450,1.350,2.3937
8,far,15,1e+16,P1,vehicle,4.433651e+03,5.050,0.750,5.450,3.7731,3.60281,7.050,4.450,2.350,3.2444
8,far,15,1e+16,P2,empty,6.350117e+03,4.350,1.350,5.450,-1.0000,3.48355,12.950,3.550,3.050,-1.0000
8,far,15,1e+16,P2,person,6.805143e+03,4.350,1.950,5.650,4.2590,3.53472,13.050,0.950,1.750,4.9340
8,far,15,1e+16,P2,vehicle,6.322246e+03,4.650,1.350,4.850,4.0934,3.94376,8.050,2.450,1.850,1.6140
8,far,15,1e+17,P1,empty,2.620972e+04,4.350,0.350,5.450,-1.0000,5.13167,4.650,0.350,5.450,-1.0000
8,far,15,1e+17,P1,person,3.455499e+04,4.450,0.950,5.550,4.1121,5.85510,4.450,0.950,5.550,4.1121
8,far,15,1e+17,P1,vehicle,3.084013e+04,4.350,0.850,5.450,4.4599,5.88477,4.550,0.350,5.450,4.2633
8,far,15,1e+17,P2,empty,2.025683e+04,4.450,1.350,5.550,-1.0000,3.25531,12.350,3.550,1.350,-1.0000
8,far,15,1e+17,P2,person,1.948132e+04,4.650,3.450,5.050,4.0654,3.66112,5.850,0.350,3.850,2.0623
8,far,15,1e+17,P2,vehicle,2.243680e+04,4.650,3.050,5.650,4.3895,3.44881,13.350,1.650,4.250,2.1111
8,far,10,1e+14,P1,empty,2.313039e+02,7.150,4.350,2.950,-1.0000,3.60195,7.150,4.350,2.950,-1.0000
8,far,10,1e+14,P1,person,2.193634e+02,9.450,0.950,1.850,1.5707,3.42973,9.450,0.950,1.850,1.5707
8,far,10,1e+14,P1,vehicle,2.271196e+02,10.450,4.650,4.650,2.8500,3.55382,10.450,4.650,4.650,2.8500
8,far,10,1e+14,P2,empty,3.288870e+02,4.750,4.050,5.550,-1.0000,3.48926,9.950,1.350,4.750,-1.0000
8,far,10,1e+14,P2,person,3.143056e+02,5.650,2.850,1.950,2.5921,3.47993,5.650,2.850,1.950,2.5921
8,far,10,1e+14,P2,vehicle,3.678943e+02,4.450,1.150,3.050,4.2902,4.03642,4.450,1.150,3.050,4.2902
8,far,10,1e+15,P1,empty,7.167933e+02,9.550,4.650,3.450,-1.0000,3.54647,9.550,4.650,3.450,-1.0000
8,far,10,1e+15,P1,person,7.351954e+02,7.450,1.950,5.350,2.2380,3.60999,7.450,1.950,5.350,2.2380
8,far,10,1e+15,P1,vehicle,7.480849e+02,10.850,3.550,5.650,2.0121,3.69164,10.850,3.550,5.650,2.0121
8,far,10,1e+15,P2,empty,1.098374e+03,8.850,2.150,3.150,-1.0000,3.83103,8.850,2.150,3.150,-1.0000
8,far,10,1e+15,P2,person,1.124618e+03,11.150,1.850,1.450,3.2331,3.93176,11.150,1.850,1.450,3.2331
8,far,10,1e+15,P2,vehicle,1.038357e+03,13.450,1.650,3.350,2.2111,3.63935,13.450,1.650,3.350,2.2111
8,far,10,1e+16,P1,empty,2.395537e+03,12.750,2.850,2.050,-1.0000,3.74446,12.750,2.850,2.050,-1.0000
8,far,10,1e+16,P1,person,2.476222e+03,10.350,3.750,5.250,3.6128,3.86695,10.350,3.750,5.250,3.6128
8,far,10,1e+16,P1,vehicle,2.631063e+03,5.750,2.950,4.150,3.2025,4.04620,5.750,2.950,4.150,3.2025
8,far,10,1e+16,P2,empty,3.460345e+03,4.550,2.750,4.750,-1.0000,3.70331,13.150,4.150,2.650,-1.0000
8,far,10,1e+16,P2,person,3.412259e+03,5.550,0.350,2.550,2.2610,3.77026,5.550,0.350,2.550,2.2610
8,far,10,1e+16,P2,vehicle,3.658527e+03,13.350,3.650,3.850,2.8070,4.05488,13.350,3.650,3.850,2.8070
8,far,10,1e+17,P1,empty,6.764054e+03,13.050,1.250,1.350,-1.0000,3.35231,13.050,1.250,1.350,-1.0000
8,far,10,1e+17,P1,person,6.974660e+03,7.050,3.150,1.650,2.0240,3.43576,7.050,3.150,1.650,2.0240
8,far,10,1e+17,P1,vehicle,6.759102e+03,8.050,2.350,4.550,0.8815,3.34291,8.050,2.350,4.550,0.8815
8,far,10,1e+17,P2,empty,1.047362e+04,7.050,4.450,4.250,-1.0000,3.64903,7.050,4.450,4.250,-1.0000
8,far,10,1e+17,P2,person,1.008598e+04,11.250,3.950,3.850,3.8217,3.54473,11.250,3.950,3.850,3.8217
8,far,10,1e+17,P2,vehicle,1.152286e+04,11.150,4.450,4.750,2.6516,4.02051,11.150,4.450,4.750,2.6516
8,far,5,1e+14,P1,empty,2.324977e+02,7.750,1.250,4.850,-1.0000,3.62656,7.750,1.250,4.850,-1.0000
8,far,5,1e+14,P1,person,2.503170e+02,12.250,1.050,3.050,4.0093,3.91359,12.250,1.050,3.050,4.0093
8,far,5,1e+14,P1,vehicle,2.188441e+02,4.950,3.450,5.050,4.1512,3.41698,4.950,3.450,5.050,4.1512
8,far,5,1e+14,P2,empty,3.646793e+02,9.550,3.450,3.450,-1.0000,4.02525,9.550,3.450,3.450,-1.0000
8,far,5,1e+14,P2,person,3.722414e+02,4.450,4.450,2.950,4.3270,4.09751,4.450,4.450,2.950,4.3270
8,far,5,1e+14,P2,vehicle,3.738928e+02,5.850,2.750,1.650,3.3939,4.12916,5.850,2.750,1.650,3.3939
8,far,5,1e+15,P1,empty,7.499803e+02,5.750,2.650,1.650,-1.0000,3.70074,5.750,2.650,1.650,-1.0000
8,far,5,1e+15,P1,person,7.350441e+02,9.550,2.050,4.950,2.2514,3.62414,9.550,2.050,4.950,2.2514
8,far,5,1e+15,P1,vehicle,8.364672e+02,13.050,3.150,2.850,2.2797,4.12395,13.050,3.150,2.850,2.2797
8,far,5,1e+15,P2,empty,1.122453e+03,12.750,4.350,2.850,-1.0000,3.92789,12.750,4.350,2.850,-1.0000
8,far,5,1e+15,P2,person,1.064082e+03,10.350,4.650,4.150,3.7613,3.71468,10.350,4.650,4.150,3.7613
8,far,5,1e+15,P2,vehicle,1.118975e+03,6.750,3.850,3.450,2.8562,3.91097,6.750,3.850,3.450,2.8562
8,far,5,1e+16,P1,empty,2.314994e+03,7.350,0.950,1.550,-1.0000,3.62349,5.050,0.950,3.050,-1.0000
8,far,5,1e+16,P1,person,2.411219e+03,5.150,2.450,1.550,3.0383,3.75002,5.150,2.450,1.550,3.0383
8,far,5,1e+16,P1,vehicle,2.548052e+03,11.950,2.050,1.650,1.6850,4.00643,11.950,2.050,1.650,1.6850
8,far,5,1e+16,P2,empty,3.413240e+03,4.550,1.350,4.850,-1.0000,3.76516,4.550,1.350,4.850,-1.0000
8,far,5,1e+16,P2,person,3.189948e+03,10.750,0.750,4.950,3.0868,3.52049,10.750,0.750,4.950,3.0868
8,far,5,1e+16,P2,vehicle,3.300540e+03,5.950,2.650,3.050,2.9175,3.66111,5.950,2.650,3.050,2.9175
8,far,5,1e+17,P1,empty,7.536056e+03,10.750,1.550,2.350,-1.0000,3.72412,10.750,1.550,2.350,-1.0000
8,far,5,1e+17,P1,person,6.923557e+03,8.150,4.250,3.450,2.5673,3.39836,8.150,4.250,3.450,2.5673
8,far,5,1e+17,P1,vehicle,7.652143e+03,6.850,2.350,4.650,1.9673,3.78699,6.850,2.350,4.650,1.9673
8,far,5,1e+17,P2,empty,1.068081e+04,10.450,2.050,1.950,-1.0000,3.73745,10.450,2.050,1.950,-1.0000
8,far,5,1e+17,P2,person,1.035200e+04,7.350,0.650,3.450,0.5318,3.61238,7.350,0.650,3.450,0.5318
8,far,5,1e+17,P2,vehicle,1.030092e+04,9.850,4.350,4.350,2.5500,3.60230,9.850,4.350,4.350,2.5500
8,near,inf,1e+14,P1,empty,2.491604e+04,4.350,1.050,5.650,-1.0000,7.29847,4.350,1.050,5.650,-1.0000
8,near,inf,1e+14,P1,person,2.740051e+04,4.450,1.050,5.650,4.1712,7.99415,4.450,1.050,5.650,4.1712
8,near,inf,1e+14,P1,vehicle,2.729754e+04,4.450,1.050,5.650,4.4023,7.96411,4.450,1.050,5.650,4.4023
8,near,inf,1e+14,P2,empty,1.395150e+04,4.350,4.450,4.950,-1.0000,3.70475,13.650,4.150,3.050,-1.0000
8,near,inf,1e+14,P2,person,1.626212e+04,4.650,4.650,5.350,4.8370,3.58401,9.250,2.550,3.150,1.3196
8,near,inf,1e+14,P2,vehicle,1.437848e+04,4.950,1.150,5.150,3.8208,3.59937,7.750,3.150,3.750,1.6734
8,near,inf,1e+15,P1,empty,2.350759e+05,4.450,1.050,5.650,-1.0000,21.68810,4.450,1.050,5.650,-1.0000
8,near,inf,1e+15,P1,person,2.356447e+05,4.450,1.050,5.650,4.1712,21.74059,4.450,1.050,5.650,4.1712
8,near,inf,1e+15,P1,vehicle,2.341052e+05,4.450,1.050,5.650,4.4023,22.37457,4.550,1.050,5.650,4.3050
8,near,inf,1e+15,P2,empty,3.899137e+04,4.350,4.050,5.150,-1.0000,3.89751,10.850,2.850,4.850,-1.0000
8,near,inf,1e+15,P2,person,4.048106e+04,5.150,4.350,5.250,4.2891,3.89031,7.750,1.150,2.850,0.0407
8,near,inf,1e+15,P2,vehicle,3.834581e+04,4.350,4.150,5.350,5.0264,3.73143,9.650,3.550,4.850,1.7606
8,near,inf,1e+16,P1,empty,2.313267e+06,4.450,1.050,5.650,-1.0000,67.48997,4.450,1.050,5.650,-1.0000
8,near,inf,1e+16,P1,person,2.340718e+06,4.450,1.050,5.650,4.1712,68.29084,4.450,1.050,5.650,4.1712
8,near,inf,1e+16,P1,vehicle,2.301355e+06,4.450,1.050,5.650,4.4023,67.14242,4.450,1.050,5.650,4.4023
8,near,inf,1e+16,P2,empty,1.182847e+05,4.350,3.950,5.250,-1.0000,3.52992,6.750,0.450,2.450,-1.0000
8,near,inf,1e+16,P2,person,2.910377e+05,7.850,1.450,2.950,0.0000,9.95870,7.850,1.450,2.950,0.0000
8,near,inf,1e+16,P2,vehicle,1.385480e+05,4.350,3.250,4.850,4.6262,4.30975,8.850,1.450,3.450,0.0000
8,near,inf,1e+17,P1,empty,2.311597e+07,4.450,1.050,5.650,-1.0000,213.26794,4.450,1.050,5.650,-1.0000
8,near,inf,1e+17,P1,person,2.318232e+07,4.450,1.050,5.650,4.1712,213.88010,4.450,1.050,5.650,4.1712
8,near,inf,1e+17,P1,vehicle,2.310637e+07,4.450,1.050,5.650,4.4023,213.17938,4.450,1.050,5.650,4.4023
8,near,inf,1e+17,P2,empty,4.686142e+05,4.350,3.950,5.450,-1.0000,3.68993,10.150,3.450,3.250,-1.0000
8,near,inf,1e+17,P2,person,2.522962e+06,7.750,1.350,2.850,0.0407,27.13943,7.750,1.350,2.850,0.0407
8,near,inf,1e+17,P2,vehicle,6.761889e+05,8.750,1.250,4.550,0.0000,8.31562,8.750,1.450,3.250,0.0000
8,near,50,1e+14,P1,empty,1.112978e+04,4.450,1.050,5.650,-1.0000,4.56081,4.450,1.050,5.650,-1.0000
8,near,50,1e+14,P1,person,9.587496e+03,4.450,0.750,5.450,4.0546,4.19577,4.450,0.750,5.450,4.0546
8,near,50,1e+14,P1,vehicle,1.167584e+04,4.350,4.650,5.350,5.2787,4.84631,4.350,4.650,5.350,5.2787
8,near,50,1e+14,P2,empty,8.374551e+03,4.350,0.550,5.350,-1.0000,3.40726,10.550,4.550,4.150,-1.0000
8,near,50,1e+14,P2,person,8.057446e+03,4.550,4.650,5.250,4.8585,3.85443,13.150,3.750,3.150,5.3202
8,near,50,1e+14,P2,vehicle,8.717820e+03,4.350,1.550,5.450,4.4599,3.58288,11.350,2.850,1.550,1.9228
8,near,50,1e+15,P1,empty,8.494253e+04,4.350,0.850,5.450,-1.0000,11.37499,4.350,0.850,5.450,-1.0000
8,near,50,1e+15,P1,person,7.797966e+04,4.350,0.850,5.450,4.1374,10.44257,4.350,0.850,5.450,4.1374
8,near,50,1e+15,P1,vehicle,8.053995e+04,4.350,0.950,5.550,4.4788,10.49435,4.350,0.950,5.550,4.4788
8,near,50,1e+15,P2,empty,3.011847e+04,4.350,0.950,5.250,-1.0000,3.70519,7.850,1.150,1.950,-1.0000
8,near,50,1e+15,P2,person,2.774448e+04,4.450,3.650,5.450,4.4991,3.60041,12.350,1.850,3.850,4.1708
8,near,50,1e+15,P2,vehicle,2.658106e+04,4.750,4.050,5.350,4.6318,4.12650,6.950,4.150,5.550,3.0855
8,near,50,1e+16,P1,empty,7.831143e+05,4.350,0.850,5.450,-1.0000,33.16279,4.350,0.850,5.450,-1.0000
8,near,50,1e+16,P1,person,7.796375e+05,4.350,0.850,5.450,4.1374,33.33147,4.550,0.950,5.550,4.0313
8,near,50,1e+16,P1,vehicle,8.265033e+05,4.350,0.850,5.450,4.4599,35.00020,4.350,0.850,5.450,4.4599
8,near,50,1e+16,P2,empty,8.878380e+04,4.450,3.250,5.050,-1.0000,3.37958,13.050,1.750,4.950,-1.0000
8,near,50,1e+16,P2,person,8.148148e+04,4.450,4.150,5.550,4.7866,5.26788,7.650,1.350,2.750,0.1739
8,near,50,1e+16,P2,vehicle,7.629466e+04,5.150,4.650,5.250,4.6210,4.11451,10.850,3.450,2.150,1.9330
8,near,50,1e+17,P1,empty,7.868076e+06,4.350,0.850,5.450,-1.0000,105.36453,4.350,0.850,5.450,-1.0000
8,near,50,1e+17,P1,person,7.999891e+06,4.350,0.850,5.450,4.1374,107.12972,4.350,0.850,5.450,4.1374
8,near,50,1e+17,P1,vehicle,7.970940e+06,4.350,0.850,5.450,4.4599,106.74203,4.350,0.850,5.450,4.4599
8,near,50,1e+17,P2,empty,2.674925e+05,4.450,3.950,5.250,-1.0000,3.78033,8.950,1.350,2.450,-1.0000
8,near,50,1e+17,P2,person,5.470048e+05,7.750,1.450,2.850,0.0407,13.24481,7.750,1.450,2.850,0.0407
8,near,50,1e+17,P2,vehicle,2.288955e+05,4.850,3.950,5.650,4.5532,4.33222,8.750,1.350,3.250,0.0000
8,near,30,1e+14,P1,empty,8.307636e+03,4.350,1.050,5.650,-1.0000,4.31948,4.350,1.050,5.650,-1.0000
8,near,30,1e+14,P1,person,6.935971e+03,4.450,3.950,5.650,4.7393,3.80764,4.450,3.950,5.650,4.7393
8,near,30,1e+14,P1,vehicle,6.143091e+03,4.350,0.850,5.450,4.4599,3.85901,9.750,4.450,2.850,2.6677
8,near,30,1e+14,P2,empty,5.685320e+03,4.450,2.950,5.250,-1.0000,3.83575,13.250,1.850,3.550,-1.0000
8,near,30,1e+14,P2,person,6.101106e+03,4.550,3.350,5.250,4.1982,3.54836,5.250,1.750,5.150,3.2324
8,near,30,1e+14,P2,vehicle,5.243850e+03,4.550,2.650,5.250,4.3152,3.61460,6.050,1.750,3.250,2.6889
8,near,30,1e+15,P1,empty,4.133186e+04,4.550,0.950,5.550,-1.0000,7.57575,4.650,0.850,5.450,-1.0000
8,near,30,1e+15,P1,person,3.608225e+04,4.450,0.950,5.550,4.1121,6.31016,4.450,0.950,5.550,4.1121
8,near,30,1e+15,P1,vehicle,4.099741e+04,4.350,0.850,5.450,4.4599,7.15624,4.350,0.850,5.450,4.4599
8,near,30,1e+15,P2,empty,2.109643e+04,4.650,4.650,5.350,-1.0000,3.44834,13.150,1.850,1.950,-1.0000
8,near,30,1e+15,P2,person,2.768461e+04,4.350,0.650,5.150,3.9786,3.69834,4.350,0.650,5.150,3.9786
8,near,30,1e+15,P2,vehicle,2.061180e+04,4.550,2.550,5.650,4.3698,3.76550,9.950,1.650,3.250,0.0000
8,near,30,1e+16,P1,empty,4.141321e+05,4.350,0.850,5.450,-1.0000,22.85950,4.350,0.850,5.450,-1.0000
8,near,30,1e+16,P1,person,4.206177e+05,4.350,0.850,5.450,4.1374,23.21750,4.350,0.850,5.450,4.1374
8,near,30,1e+16,P1,vehicle,3.999560e+05,4.450,0.950,5.550,4.3808,22.11866,4.450,0.950,5.550,4.3808
8,near,30,1e+16,P2,empty,6.464309e+04,4.450,0.850,5.150,-1.0000,4.04538,7.650,4.650,3.350,-1.0000
8,near,30,1e+16,P2,person,6.193143e+04,4.350,4.150,5.350,4.7614,4.00821,8.150,1.650,3.350,0.1977
8,near,30,1e+16,P2,vehicle,6.240858e+04,4.850,4.250,5.450,4.6642,3.73767,10.950,2.550,2.950,0.7780
8,near,30,1e+17,P1,empty,4.075680e+06,4.350,0.850,5.450,-1.0000,71.14235,4.350,0.850,5.450,-1.0000
8,near,30,1e+17,P1,person,4.103936e+06,4.350,0.850,5.450,4.1374,71.63556,4.350,0.850,5.450,4.1374
8,near,30,1e+17,P1,vehicle,4.057936e+06,4.350,0.850,5.450,4.4599,70.83261,4.350,0.850,5.450,4.4599
8,near,30,1e+17,P2,empty,2.134928e+05,4.350,3.250,5.150,-1.0000,3.27348,6.750,3.450,3.550,-1.0000
8,near,30,1e+17,P2,person,2.097960e+05,4.650,2.850,5.050,3.8455,8.42237,7.950,1.350,3.150,0.0000
8,near,30,1e+17,P2,vehicle,1.723319e+05,4.350,1.250,4.850,4.3931,4.02872,8.350,0.450,3.650,0.3889
8,near,20,1e+14,P1,empty,3.508491e+03,4.350,4.050,5.550,-1.0000,4.15072,4.550,2.450,2.350,-1.0000
8,near,20,1e+14,P1,person,3.965525e+03,4.350,0.950,5.550,4.1937,3.49590,7.950,4.650,3.450,2.9650
8,near,20,1e+14,P1,vehicle,3.902829e+03,4.350,4.650,5.250,5.2665,3.44164,4.350,4.650,5.250,5.2665
8,near,20,1e+14,P2,empty,5.161424e+03,4.350,0.950,5.550,-1.0000,3.67911,6.850,1.650,2.750,-1.0000
8,near,20,1e+14,P2,person,4.739472e+03,4.550,1.650,5.650,4.0915,3.55625,10.350,0.350,2.850,2.1093
8,near,20,1e+14,P2,vehicle,4.912485e+03,4.350,3.450,5.550,4.7731,3.87556,12.850,3.550,3.150,2.3787
8,near,20,1e+15,P1,empty,1.917116e+04,4.550,1.050,5.650,-1.0000,4.53285,4.550,1.050,5.650,-1.0000
8,near,20,1e+15,P1,person,2.009085e+04,4.350,0.850,5.450,4.1374,4.91433,4.350,0.850,5.450,4.1374
8,near,20,1e+15,P1,vehicle,2.190637e+04,4.350,0.850,5.450,4.4599,5.35842,4.350,0.850,5.450,4.4599
8,near,20,1e+15,P2,empty,1.616378e+04,4.350,2.650,5.650,-1.0000,3.87985,8.850,3.250,2.650,-1.0000
8,near,20,1e+15,P2,person,1.246941e+04,4.450,3.550,5.650,4.5630,3.83427,7.150,0.350,4.050,1.1029
8,near,20,1e+15,P2,vehicle,1.740142e+04,4.350,1.450,5.650,4.4998,3.72254,10.250,3.850,2.950,2.0604
8,near,20,1e+16,P1,empty,1.814259e+05,4.350,0.850,5.450,-1.0000,14.03350,4.350,0.850,5.450,-1.0000
8,near,20,1e+16,P1,person,1.834867e+05,4.350,0.850,5.450,4.1374,14.19291,4.350,0.850,5.450,4.1374
8,near,20,1e+16,P1,vehicle,1.859223e+05,4.350,0.850,5.450,4.4599,14.38130,4.350,0.850,5.450,4.4599
8,near,20,1e+16,P2,empty,4.823707e+04,4.350,2.250,4.950,-1.0000,3.98177,13.050,1.050,3.950,-1.0000
8,near,20,1e+16,P2,person,4.792198e+04,4.650,4.350,5.650,4.8088,4.14661,5.350,0.550,4.950,3.0313
8,near,20,1e+16,P2,vehicle,4.554023e+04,4.850,3.850,5.550,4.4859,3.49224,7.550,2.150,4.450,1.2393
8,near,20,1e+17,P1,empty,1.717956e+06,4.350,0.850,5.450,-1.0000,42.02215,4.350,0.850,5.450,-1.0000
8,near,20,1e+17,P1,person,1.748334e+06,4.350,0.850,5.450,4.1374,42.76523,4.350,0.850,5.450,4.1374
8,near,20,1e+17,P1,vehicle,1.769220e+06,4.350,0.850,5.450,4.4599,43.27611,4.350,0.850,5.450,4.4599
8,near,20,1e+17,P2,empty,1.418106e+05,4.850,0.950,5.650,-1.0000,3.40075,7.350,2.950,3.150,-1.0000
8,near,20,1e+17,P2,person,1.379490e+05,4.650,0.450,5.050,3.6695,4.86059,7.950,0.550,3.150,0.0000
8,near,20,1e+17,P2,vehicle,1.472248e+05,4.650,3.350,5.650,4.4841,3.52012,5.950,1.450,1.850,3.0799
8,near,15,1e+14,P1,empty,2.177124e+03,4.450,4.650,5.250,-1.0000,3.75982,10.550,0.550,4.850,-1.0000
8,near,15,1e+14,P1,person,1.783177e+03,4.950,2.150,5.550,3.7445,3.84034,10.450,3.050,2.450,2.6202
8,near,15,1e+14,P1,vehicle,2.349950e+03,4.350,1.150,5.650,4.4998,3.65497,10.450,4.250,2.050,2.6885
8,near,15,1e+14,P2,empty,3.431556e+03,4.450,1.550,5.650,-1.0000,3.90438,13.250,2.650,2.350,-1.0000
8,near,15,1e+14,P2,person,3.498095e+03,4.550,2.350,5.650,4.1428,3.71133,12.650,1.150,4.050,4.4998
8,near,15,1e+14,P2,vehicle,4.118701e+03,4.550,2.650,5.650,4.3881,3.67251,7.250,1.350,5.650,1.7896
8,near,15,1e+15,P1,empty,1.005508e+04,4.550,0.950,5.550,-1.0000,3.56771,4.550,0.350,5.450,-1.0000
8,near,15,1e+15,P1,person,8.575050e+03,4.650,0.850,5.450,3.8914,3.51453,8.950,3.150,4.950,2.4161
8,near,15,1e+15,P1,vehicle,9.499969e+03,4.450,4.650,5.350,5.1959,3.97139,4.450,4.650,5.350,5.1959
8,near,15,1e+15,P2,empty,1.183099e+04,4.450,2.450,5.650,-1.0000,3.51511,11.950,0.450,2.750,-1.0000
8,near,15,1e+15,P2,person,1.061887e+04,4.350,0.450,5.150,3.9786,4.11096,9.650,2.750,3.550,1.8019
8,near,15,1e+15,P2,vehicle,9.146446e+03,4.350,3.350,5.650,4.7593,3.70751,7.150,3.850,4.250,2.5936
8,near,15,1e+16,P1,empty,6.914525e+04,4.550,0.350,5.450,-1.0000,8.62776,4.550,0.350,5.450,-1.0000
8,near,15,1e+16,P1,person,7.014412e+04,4.350,0.850,5.450,4.1374,8.18680,4.650,0.850,5.450,3.8914
8,near,15,1e+16,P1,vehicle,7.925553e+04,4.350,0.850,5.450,4.4599,8.63103,4.350,0.850,5.450,4.4599
8,near,15,1e+16,P2,empty,2.997131e+04,4.450,2.950,5.650,-1.0000,4.03068,7.950,0.450,4.550,-1.0000
8,near,15,1e+16,P2,person,3.013125e+04,4.350,1.250,5.650,4.2517,3.94484,8.850,0.650,2.250,0.8567
8,near,15,1e+16,P2,vehicle,3.369407e+04,4.550,0.950,5.550,4.2830,3.83757,9.750,3.750,3.550,1.9500
8,near,15,1e+17,P1,empty,7.113934e+05,4.350,0.850,5.450,-1.0000,24.49870,4.350,0.850,5.450,-1.0000
8,near,15,1e+17,P1,person,7.146717e+05,4.350,0.850,5.450,4.1374,24.61160,4.350,0.850,5.450,4.1374
8,near,15,1e+17,P1,vehicle,7.318568e+05,4.350,0.850,5.450,4.4599,25.20341,4.350,0.850,5.450,4.4599
8,near,15,1e+17,P2,empty,1.181143e+05,4.350,4.050,5.650,-1.0000,3.71200,5.350,3.650,3.450,-1.0000
8,near,15,1e+17,P2,person,1.362402e+05,4.450,3.750,5.650,4.6477,3.49431,4.550,2.750,4.250,3.5790
8,near,15,1e+17,P2,vehicle,9.348144e+04,4.550,2.250,5.650,4.3284,3.83099,9.350,3.550,4.650,1.7500
8,near,10,1e+14,P1,empty,8.808682e+02,4.450,3.950,5.650,-1.0000,3.75985,12.150,1.250,4.450,-1.0000
8,near,10,1e+14,P1,person,9.905509e+02,4.550,1.450,5.450,3.9726,3.87634,11.550,2.550,2.750,3.4183
8,near,10,1e+14,P1,vehicle,1.050863e+03,4.450,1.150,5.650,4.4023,3.95143,11.450,3.950,4.550,2.1603
8,near,10,1e+14,P2,empty,1.867526e+03,4.450,2.050,5.650,-1.0000,3.49561,12.850,2.850,2.650,-1.0000
8,near,10,1e+14,P2,person,1.487431e+03,4.750,1.550,5.550,3.8723,3.92137,8.850,4.150,4.250,2.7530
8,near,10,1e+14,P2,vehicle,1.481496e+03,4.650,2.650,5.450,4.2509,3.63938,5.950,3.450,4.550,3.2404
8,near,10,1e+15,P1,empty,3.031566e+03,4.550,0.550,5.350,-1.0000,3.59028,10.650,1.850,4.650,-1.0000
8,near,10,1e+15,P1,person,3.213314e+03,4.550,0.750,5.450,3.9726,3.48182,10.650,3.650,5.450,3.8584
8,near,10,1e+15,P1,vehicle,3.048124e+03,4.450,1.050,5.550,4.3808,3.71052,9.950,3.150,4.250,1.3500
8,near,10,1e+15,P2,empty,5.447495e+03,4.350,3.450,5.650,-1.0000,3.66855,7.350,3.650,2.750,-1.0000
8,near,10,1e+15,P2,person,5.281324e+03,4.450,2.550,5.650,4.2569,3.58606,7.150,1.450,4.650,1.6290
8,near,10,1e+15,P2,vehicle,4.969526e+03,4.550,2.150,5.650,4.3192,3.33994,12.250,0.650,5.150,1.1250
8,near,10,1e+16,P1,empty,1.271485e+04,4.550,0.350,5.350,-1.0000,3.42144,11.750,2.150,5.150,-1.0000
8,near,10,1e+16,P1,person,1.353299e+04,4.650,0.550,5.350,3.8333,3.69706,4.650,0.550,5.350,3.8333
8,near,10,1e+16,P1,vehicle,1.480234e+04,4.850,0.850,5.450,3.9689,3.96077,4.850,0.850,5.450,3.9689
8,near,10,1e+16,P2,empty,1.679740e+04,4.650,1.050,5.450,-1.0000,3.50505,11.150,2.150,2.650,-1.0000
8,near,10,1e+16,P2,person,1.673507e+04,4.350,4.450,5.550,5.0150,3.50752,12.150,0.350,1.650,4.0900
8,near,10,1e+16,P2,vehicle,1.762124e+04,4.550,2.950,5.650,4.4559,3.40990,12.450,1.450,5.050,1.2733
8,near,10,1e+17,P1,empty,1.340737e+05,4.350,0.850,5.450,-1.0000,9.21639,4.550,0.350,5.450,-1.0000
8,near,10,1e+17,P1,person,1.424601e+05,4.350,0.850,5.450,4.1374,9.78373,4.350,0.850,5.450,4.1374
8,near,10,1e+17,P1,vehicle,1.235164e+05,4.350,0.850,5.450,4.4599,9.74774,4.550,0.350,5.450,4.2633
8,near,10,1e+17,P2,empty,5.381119e+04,4.450,2.550,5.550,-1.0000,3.39841,8.150,4.250,1.650,-1.0000
8,near,10,1e+17,P2,person,5.123406e+04,4.350,1.550,5.650,4.2517,3.77557,10.750,4.350,5.150,4.1605
8,near,10,1e+17,P2,vehicle,5.001381e+04,4.550,1.250,5.550,4.2830,3.59743,4.550,1.350,4.050,4.1889
8,near,5,1e+14,P1,empty,2.415474e+02,4.350,2.350,5.350,-1.0000,3.57115,13.450,3.050,1.350,-1.0000
8,near,5,1e+14,P1,person,2.492189e+02,4.450,1.150,5.650,4.1712,3.71823,4.350,3.250,4.350,3.9592
8,near,5,1e+14,P1,vehicle,2.301479e+02,9.150,4.250,3.650,2.4500,3.57811,9.150,4.250,3.650,2.4500
8,near,5,1e+14,P2,empty,3.289764e+02,12.950,3.050,5.450,-1.0000,3.63154,12.950,3.050,5.450,-1.0000
8,near,5,1e+14,P2,person,3.401277e+02,4.550,1.250,5.450,3.9726,3.64930,6.150,2.150,3.150,1.7013
8,near,5,1e+14,P2,vehicle,3.645739e+02,9.350,0.750,1.750,1.4069,4.02470,9.350,0.750,1.750,1.4069
8,near,5,1e+15,P1,empty,7.945854e+02,4.350,1.250,5.550,-1.0000,3.57491,13.350,1.450,4.050,-1.0000
8,near,5,1e+15,P1,person,6.818242e+02,9.250,4.150,1.450,2.9979,3.36170,9.250,4.150,1.450,2.9979
8,near,5,1e+15,P1,vehicle,7.312475e+02,6.050,2.050,2.850,2.7178,3.61776,6.050,2.050,2.850,2.7178
8,near,5,1e+15,P2,empty,1.040461e+03,8.850,0.950,2.950,-1.0000,3.62556,7.850,3.450,1.350,-1.0000
8,near,5,1e+15,P2,person,1.066557e+03,4.350,3.050,5.250,4.2498,3.38297,13.450,0.650,4.650,5.4204
8,near,5,1e+15,P2,vehicle,9.826171e+02,10.250,3.750,1.450,2.5916,3.42219,10.250,3.750,1.450,2.5916
8,near,5,1e+16,P1,empty,2.273213e+03,9.250,3.350,3.150,-1.0000,3.55925,9.250,3.350,3.150,-1.0000
8,near,5,1e+16,P1,person,2.276231e+03,7.050,1.750,5.350,2.3197,3.55963,7.050,1.750,5.350,2.3197
8,near,5,1e+16,P1,vehicle,2.421811e+03,4.350,4.350,5.650,5.1721,3.49749,8.050,1.150,3.450,0.6889
8,near,5,1e+16,P2,empty,3.183328e+03,12.050,0.450,3.750,-1.0000,3.51546,12.050,0.450,3.750,-1.0000
8,near,5,1e+16,P2,person,3.214344e+03,5.650,4.250,1.350,3.6526,3.55658,5.650,4.250,1.350,3.6526
8,near,5,1e+16,P2,vehicle,3.383786e+03,11.450,4.050,4.750,2.2618,3.73188,11.450,4.050,4.750,2.2618
8,near,5,1e+17,P1,empty,7.422792e+03,12.850,1.950,4.150,-1.0000,3.67250,12.850,1.950,4.150,-1.0000
8,near,5,1e+17,P1,person,7.252222e+03,10.650,1.650,2.450,2.4427,3.57358,10.650,1.650,2.450,2.4427
8,near,5,1e+17,P1,vehicle,7.714442e+03,7.750,1.150,4.450,0.9889,3.79751,7.750,1.150,4.450,0.9889
8,near,5,1e+17,P2,empty,1.042059e+04,7.250,0.650,2.950,-1.0000,3.62881,13.250,3.450,3.850,-1.0000
8,near,5,1e+17,P2,person,1.082554e+04,4.350,1.950,5.250,4.0375,3.61530,8.350,4.450,1.450,3.0888
8,near,5,1e+17,P2,vehicle,1.092455e+04,4.450,2.650,2.950,4.3772,3.78944,4.450,2.650,2.950,4.3772
