seed,sensor,V,B,pipe,scene,T,px,py,pz,dist,Tw,wx,wy,wz,wdist
1,far,inf,1e+12,P1,empty,1.122847e+03,4.850,0.450,5.050,-1.0000,3.71476,8.650,4.450,2.950,-1.0000
1,far,inf,1e+12,P1,person,9.691197e+02,5.550,0.650,5.550,2.8737,3.57748,10.950,2.750,3.550,3.0332
1,far,inf,1e+12,P1,vehicle,9.504252e+02,4.850,4.050,5.450,4.7642,3.80617,9.750,2.250,1.650,1.4705
1,far,inf,1e+12,P2,empty,1.196716e+03,4.750,1.350,5.550,-1.0000,3.93506,7.750,3.350,4.950,-1.0000
1,far,inf,1e+12,P2,person,1.303413e+03,4.350,0.350,5.250,3.6965,3.66286,12.350,3.550,4.850,4.7987
1,far,inf,1e+12,P2,vehicle,1.234534e+03,6.450,4.050,1.750,3.6072,3.94101,6.450,4.050,1.750,3.6072
1,far,inf,1e+13,P1,empty,4.326198e+03,4.550,3.950,5.650,-1.0000,4.25208,4.550,3.950,5.650,-1.0000
1,far,inf,1e+13,P1,person,4.249589e+03,4.550,1.050,5.650,3.7240,4.28268,4.550,1.050,5.650,3.7240
1,far,inf,1e+13,P1,vehicle,3.675927e+03,5.050,1.150,5.450,4.0043,3.76127,5.050,1.150,5.450,4.0043
1,far,inf,1e+13,P2,empty,3.766854e+03,4.350,4.350,5.150,-1.0000,3.74999,11.050,1.250,3.550,-1.0000
1,far,inf,1e+13,P2,person,5.187129e+03,4.650,3.950,5.250,4.1030,3.70133,4.650,3.950,5.250,4.1030
1,far,inf,1e+13,P2,vehicle,3.958904e+03,4.450,4.150,5.350,5.1409,3.55222,11.550,4.150,2.850,2.3605
1,far,inf,1e+14,P1,empty,2.432008e+04,4.750,0.950,5.550,-1.0000,7.95373,4.750,0.950,5.550,-1.0000
1,far,inf,1e+14,P1,person,2.597849e+04,4.550,0.850,5.450,3.6174,7.97691,4.550,0.850,5.450,3.6174
1,far,inf,1e+14,P1,vehicle,2.600077e+04,4.650,1.050,5.650,4.4403,8.40441,4.650,1.050,5.650,4.4403
1,far,inf,1e+14,P2,empty,1.183597e+04,4.550,3.050,5.350,-1.0000,3.44617,8.350,1.050,3.650,-1.0000
1,far,inf,1e+14,P2,person,1.336763e+04,4.550,0.350,5.350,3.5671,3.81072,13.350,1.350,5.250,5.5011
1,far,inf,1e+14,P2,vehicle,1.627481e+04,4.650,0.350,4.950,4.3204,3.50180,4.650,0.350,4.950,4.3204
1,far,inf,1e+15,P1,empty,2.339974e+05,4.650,1.050,5.650,-1.0000,23.91835,4.650,1.050,5.650,-1.0000
1,far,inf,1e+15,P1,person,2.370519e+05,4.650,1.050,5.650,3.6411,24.23057,4.650,1.050,5.650,3.6411
1,far,inf,1e+15,P1,vehicle,2.403104e+05,4.650,1.050,5.650,4.4403,24.56364,4.650,1.050,5.650,4.4403
1,far,inf,1e+15,P2,empty,3.799700e+04,5.050,0.350,4.850,-1.0000,3.86730,6.850,1.050,4.350,-1.0000
1,far,inf,1e+15,P2,person,4.216646e+04,4.350,0.650,5.450,3.7904,4.72144,7.650,1.350,3.350,0.0044
1,far,inf,1e+15,P2,vehicle,4.203682e+04,4.550,0.850,5.450,4.4929,3.62045,12.250,0.850,3.150,0.7981
1,far,50,1e+12,P1,empty,3.832174e+02,4.550,0.750,5.650,-1.0000,3.97410,13.450,1.850,1.550,-1.0000
1,far,50,1e+12,P1,person,3.649371e+02,5.150,1.050,5.350,3.0592,3.63271,6.850,2.250,3.350,0.9744
1,far,50,1e+12,P1,vehicle,3.454416e+02,4.450,0.350,5.350,4.5724,3.67014,12.150,2.050,2.350,1.0197
1,far,50,1e+12,P2,empty,4.445332e+02,4.850,0.650,5.650,-1.0000,3.61663,8.450,4.050,2.950,-1.0000
1,far,50,1e+12,P2,person,5.198029e+02,4.450,1.150,5.550,3.7547,4.19970,13.550,2.050,3.850,5.4629
1,far,50,1e+12,P2,vehicle,5.220825e+02,4.550,0.750,4.850,4.4121,3.31041,10.350,0.850,1.650,1.4000
1,far,50,1e+13,P1,empty,1.125268e+03,5.250,1.250,5.650,-1.0000,3.73024,9.050,4.650,3.150,-1.0000
1,far,50,1e+13,P1,person,1.232502e+03,4.550,1.250,5.250,3.5189,3.48003,9.450,2.050,2.450,1.6260
1,far,50,1e+13,P1,vehicle,1.121040e+03,4.450,1.050,5.350,4.5724,3.72028,10.350,0.350,5.550,1.0000
1,far,50,1e+13,P2,empty,1.666576e+03,4.450,4.050,5.350,-1.0000,3.71222,12.850,3.050,4.950,-1.0000
1,far,50,1e+13,P2,person,1.599120e+03,4.550,0.550,5.550,3.6697,3.77832,10.350,1.850,4.450,2.4082
1,far,50,1e+13,P2,vehicle,1.519653e+03,4.850,2.450,5.150,4.1962,3.53499,10.850,3.350,2.750,1.5788
1,far,50,1e+14,P1,empty,5.584189e+03,4.650,0.950,5.550,-1.0000,4.14361,4.650,0.950,5.550,-1.0000
1,far,50,1e+14,P1,person,4.583081e+03,4.450,0.850,5.450,3.7036,3.66652,11.750,3.550,4.250,4.1406
1,far,50,1e+14,P1,vehicle,5.122866e+03,4.550,0.950,5.550,4.5140,4.24607,10.250,3.750,3.050,1.9500
1,far,50,1e+14,P2,empty,6.584121e+03,4.350,3.950,5.150,-1.0000,3.63759,4.350,3.950,5.150,-1.0000
1,far,50,1e+14,P2,person,5.077943e+03,4.850,1.150,5.550,3.4197,3.54735,9.250,0.650,1.650,2.0030
1,far,50,1e+14,P2,vehicle,5.109549e+03,4.350,3.850,5.450,5.1176,3.57859,9.850,3.650,4.950,1.8928
1,far,50,1e+15,P1,empty,3.261763e+04,4.650,0.850,5.450,-1.0000,7.82275,4.650,0.850,5.450,-1.0000
1,far,50,1e+15,P1,person,3.351651e+04,4.550,1.050,5.650,3.7240,7.60914,4.550,1.050,5.650,3.7240
1,far,50,1e+15,P1,vehicle,3.393120e+04,4.450,0.850,5.450,4.5909,7.73124,4.450,0.850,5.450,4.5909
1,far,50,1e+15,P2,empty,1.553005e+04,5.150,1.050,5.650,-1.0000,3.91535,11.850,2.350,1.550,-1.0000
1,far,50,1e+15,P2,person,1.535891e+04,4.350,3.650,5.550,4.3071,3.66630,11.350,3.650,2.050,3.9852
1,far,50,1e+15,P2,vehicle,1.868028e+04,4.450,0.450,5.150,4.5417,3.64638,5.650,0.950,5.650,3.4803
1,far,30,1e+12,P1,empty,2.499225e+02,4.950,1.050,5.650,-1.0000,4.45060,11.550,2.150,4.450,-1.0000
1,far,30,1e+12,P1,person,2.019532e+02,4.550,2.450,5.650,3.7988,3.87679,13.450,1.450,1.550,5.6226
1,far,30,1e+12,P1,vehicle,1.927517e+02,4.550,3.550,5.650,4.8630,4.27574,10.050,0.650,4.850,0.3000
1,far,30,1e+12,P2,empty,2.709214e+02,4.750,4.050,5.250,-1.0000,4.03237,10.250,2.150,2.450,-1.0000
1,far,30,1e+12,P2,person,2.878633e+02,4.350,4.150,5.350,4.4731,3.63243,7.650,4.150,3.450,2.4500
1,far,30,1e+12,P2,vehicle,3.304168e+02,4.450,2.950,5.350,4.7148,3.52389,4.450,2.950,5.350,4.7148
1,far,30,1e+13,P1,empty,5.838091e+02,4.750,0.750,5.050,-1.0000,3.93056,12.950,1.250,2.850,-1.0000
1,far,30,1e+13,P1,person,6.466559e+02,4.950,2.050,5.550,3.3565,3.51789,6.850,4.450,5.550,3.4697
1,far,30,1e+13,P1,vehicle,5.548969e+02,4.650,4.650,5.050,5.1845,3.58309,13.450,4.550,5.650,3.5728
1,far,30,1e+13,P2,empty,7.826046e+02,4.450,3.650,5.550,-1.0000,3.91020,12.950,0.350,2.750,-1.0000
1,far,30,1e+13,P2,person,9.032898e+02,4.350,1.350,5.650,3.8923,3.49290,10.650,4.250,1.350,4.0937
1,far,30,1e+13,P2,vehicle,8.373449e+02,4.350,1.150,5.450,4.6890,3.43638,7.350,1.050,2.950,1.6050
1,far,30,1e+14,P1,empty,1.919818e+03,4.350,1.050,5.550,-1.0000,3.64685,10.450,2.050,1.350,-1.0000
1,far,30,1e+14,P1,person,2.149854e+03,4.750,0.550,5.250,3.3438,3.41498,7.750,3.650,1.450,2.6832
1,far,30,1e+14,P1,vehicle,2.149424e+03,4.650,3.650,5.650,4.8103,3.78735,13.150,3.650,4.550,2.5112
1,far,30,1e+14,P2,empty,2.534099e+03,4.550,3.750,5.350,-1.0000,3.42335,8.250,1.350,3.650,-1.0000
1,far,30,1e+14,P2,person,2.745901e+03,4.350,2.350,5.550,3.8950,4.07859,13.650,1.550,1.350,5.8762
1,far,30,1e+14,P2,vehicle,2.749725e+03,4.750,0.650,5.550,4.3192,3.43497,5.350,4.250,4.150,4.3561
1,far,30,1e+15,P1,empty,1.085557e+04,4.550,0.950,5.550,-1.0000,4.49789,4.550,0.950,5.550,-1.0000
1,far,30,1e+15,P1,person,1.037228e+04,4.650,0.850,5.450,3.5319,4.52684,4.650,0.850,5.450,3.5319
1,far,30,1e+15,P1,vehicle,9.975137e+03,4.650,0.850,5.450,4.3950,4.43185,4.650,3.850,5.450,4.8496
1,far,30,1e+15,P2,empty,8.033625e+03,4.350,2.050,5.650,-1.0000,3.96201,8.350,3.750,2.850,-1.0000
1,far,30,1e+15,P2,person,7.513734e+03,4.550,3.250,5.250,3.8451,4.01174,6.050,4.050,2.350,2.9977
1,far,30,1e+15,P2,vehicle,8.355000e+03,4.450,4.650,5.150,5.3618,3.65620,4.850,1.550,4.150,4.1019
1,far,20,1e+12,P1,empty,9.796609e+01,4.650,0.350,5.350,-1.0000,3.91757,8.950,2.850,3.650,-1.0000
1,far,20,1e+12,P1,person,8.789688e+01,5.250,0.450,5.350,2.9779,4.22051,13.150,1.050,2.350,5.1330
1,far,20,1e+12,P1,vehicle,1.030832e+02,4.650,1.450,5.050,4.3308,5.01305,8.350,3.050,2.450,1.5115
1,far,20,1e+12,P2,empty,1.239661e+02,4.750,1.250,5.650,-1.0000,3.32960,6.650,1.850,2.050,-1.0000
1,far,20,1e+12,P2,person,1.290632e+02,4.350,3.750,5.550,4.3533,3.81319,5.450,1.050,4.750,2.4895
1,far,20,1e+12,P2,vehicle,1.252920e+02,4.350,3.950,5.050,5.1039,4.06767,11.350,2.750,1.650,1.6919
1,far,20,1e+13,P1,empty,2.829824e+02,4.350,3.850,5.450,-1.0000,3.59425,6.450,0.750,2.350,-1.0000
1,far,20,1e+13,P1,person,3.108435e+02,4.350,2.250,5.550,3.8796,3.89697,5.650,1.450,3.550,2.0044
1,far,20,1e+13,P1,vehicle,3.064184e+02,4.650,1.250,5.650,4.4403,3.47880,4.950,0.350,5.050,4.0330
1,far,20,1e+13,P2,empty,4.647027e+02,4.550,3.550,5.650,-1.0000,3.69837,12.350,1.750,4.850,-1.0000
1,far,20,1e+13,P2,person,3.989941e+02,4.350,2.450,5.650,3.9639,3.45082,13.650,2.850,2.450,5.7260
1,far,20,1e+13,P2,vehicle,4.193978e+02,4.550,0.450,5.250,4.4572,3.61045,8.050,2.850,4.550,1.3841
1,far,20,1e+14,P1,empty,9.026208e+02,4.550,1.750,5.550,-1.0000,4.02454,11.950,2.150,3.150,-1.0000
1,far,20,1e+14,P1,person,8.653463e+02,5.250,3.450,5.650,3.6159,3.32021,11.150,2.250,3.450,3.0949
1,far,20,1e+14,P1,vehicle,9.977899e+02,4.350,4.350,5.350,5.3216,3.88267,10.750,1.250,4.850,0.3000
1,far,20,1e+14,P2,empty,1.276233e+03,4.450,0.550,5.650,-1.0000,3.32956,4.650,4.350,2.550,-1.0000
1,far,20,1e+14,P2,person,1.453374e+03,4.650,1.650,5.250,3.4310,3.70104,12.750,4.150,2.650,5.2913
1,far,20,1e+14,P2,vehicle,1.188054e+03,4.750,2.650,5.550,4.4021,3.85238,8.350,2.950,3.450,1.2980
1,far,20,1e+15,P1,empty,2.805617e+03,4.450,1.950,5.050,-1.0000,3.86772,7.450,4.350,5.350,-1.0000
1,far,20,1e+15,P1,person,3.530728e+03,4.450,0.750,5.450,3.7036,3.61965,7.550,0.650,4.150,0.5666
1,far,20,1e+15,P1,vehicle,3.125566e+03,4.350,4.150,5.450,5.2450,4.26496,7.050,2.450,5.150,2.0975
1,far,20,1e+15,P2,empty,4.722502e+03,4.750,1.150,5.650,-1.0000,3.58726,11.150,2.050,4.350,-1.0000
1,far,20,1e+15,P2,person,3.316510e+03,4.450,2.950,5.350,3.8623,3.80074,12.350,1.750,2.850,4.2690
1,far,20,1e+15,P2,vehicle,4.559309e+03,4.450,1.550,5.550,4.6116,3.33172,8.350,1.250,5.250,0.9232
1,far,15,1e+12,P1,empty,4.594025e+01,4.350,1.450,5.650,-1.0000,4.20985,8.050,2.150,1.450,-1.0000
1,far,15,1e+12,P1,person,4.585220e+01,4.750,3.350,5.150,3.6854,4.15046,9.850,4.650,2.350,3.5551
1,far,15,1e+12,P1,vehicle,5.288991e+01,4.850,1.050,5.450,4.1994,3.92605,4.550,1.650,1.850,4.5625
1,far,15,1e+12,P2,empty,6.698977e+01,4.350,1.150,5.450,-1.0000,3.69651,8.650,4.250,4.650,-1.0000
1,far,15,1e+12,P2,person,6.480484e+01,4.350,4.450,5.650,4.7658,3.67530,10.650,2.550,4.150,2.7410
1,far,15,1e+12,P2,vehicle,5.933385e+01,4.750,1.150,5.650,4.3435,3.43617,7.350,1.250,1.950,1.9432
1,far,15,1e+13,P1,empty,1.395683e+02,4.550,4.050,5.650,-1.0000,3.66453,10.350,3.150,3.950,-1.0000
1,far,15,1e+13,P1,person,1.589962e+02,4.350,2.350,5.450,3.8457,3.98019,4.450,4.550,3.850,4.2961
1,far,15,1e+13,P1,vehicle,1.374373e+02,4.550,3.750,5.550,4.9172,3.76134,12.550,0.650,2.350,1.3023
1,far,15,1e+13,P2,empty,2.243430e+02,4.650,0.650,5.350,-1.0000,3.31772,9.250,3.650,4.750,-1.0000
1,far,15,1e+13,P2,person,2.311392e+02,4.650,4.450,5.150,4.3604,3.73842,10.350,2.850,4.750,2.7756
1,far,15,1e+13,P2,vehicle,2.122201e+02,4.550,1.050,5.450,4.4929,3.89108,11.950,0.650,4.850,0.5815
1,far,15,1e+14,P1,empty,3.950963e+02,5.450,0.750,5.350,-1.0000,3.65198,11.150,3.650,3.550,-1.0000
1,far,15,1e+14,P1,person,5.359202e+02,4.750,0.350,5.050,3.2493,3.80182,4.750,0.350,5.050,3.2493
1,far,15,1e+14,P1,vehicle,4.425750e+02,4.350,2.550,5.650,4.7906,3.93344,5.550,4.550,2.550,4.4029
1,far,15,1e+14,P2,empty,6.006350e+02,4.350,0.950,5.550,-1.0000,3.46270,12.050,1.250,4.450,-1.0000
1,far,15,1e+14,P2,person,6.218345e+02,4.950,1.250,5.550,3.3382,3.71114,6.250,2.750,4.250,1.8725
1,far,15,1e+14,P2,vehicle,8.664111e+02,4.350,3.750,5.650,5.1176,3.85887,12.750,2.050,3.750,1.3220
1,far,15,1e+15,P1,empty,1.296972e+03,4.450,1.250,4.850,-1.0000,3.97672,8.150,3.450,4.050,-1.0000
1,far,15,1e+15,P1,person,1.866999e+03,4.350,1.150,5.650,3.8923,3.55275,6.250,2.050,3.250,1.4480
1,far,15,1e+15,P1,vehicle,1.387563e+03,4.550,1.250,5.050,4.4302,3.41028,10.250,2.650,3.650,0.8500
1,far,15,1e+15,P2,empty,1.950353e+03,4.950,0.850,5.350,-1.0000,3.70604,5.350,3.950,3.350,-1.0000
1,far,15,1e+15,P2,person,2.870481e+03,4.350,3.950,5.650,4.4958,3.53893,12.650,4.550,1.650,5.6111
1,far,15,1e+15,P2,vehicle,1.990668e+03,4.650,1.050,5.350,4.3756,3.51761,7.950,2.150,5.550,1.4582
1,far,10,1e+12,P1,empty,2.688196e+01,5.550,3.250,2.950,-1.0000,4.16923,5.550,3.250,2.950,-1.0000
1,far,10,1e+12,P1,person,2.440784e+01,5.750,2.650,2.650,2.2232,3.79264,4.950,3.150,2.150,3.2746
1,far,10,1e+12,P1,vehicle,2.951349e+01,12.750,2.250,1.750,1.8915,4.58968,12.750,2.250,1.750,1.8915
1,far,10,1e+12,P2,empty,3.623785e+01,13.050,2.150,2.550,-1.0000,4.01101,13.050,2.150,2.550,-1.0000
1,far,10,1e+12,P2,person,3.094116e+01,11.950,1.950,1.850,4.1151,3.43528,11.950,1.950,1.850,4.1151
1,far,10,1e+12,P2,vehicle,3.394598e+01,12.750,1.350,4.850,1.3324,3.72446,12.750,1.350,4.850,1.3324
1,far,10,1e+13,P1,empty,7.789290e+01,4.950,1.950,3.750,-1.0000,3.79620,4.950,1.950,3.750,-1.0000
1,far,10,1e+13,P1,person,7.631538e+01,4.550,3.350,5.450,3.9759,3.70848,13.050,4.250,3.350,5.5643
1,far,10,1e+13,P1,vehicle,7.581616e+01,11.950,2.750,2.350,1.2809,3.72480,11.950,2.750,2.350,1.2809
1,far,10,1e+13,P2,empty,1.213075e+02,4.850,2.850,3.150,-1.0000,4.18940,4.850,2.850,3.150,-1.0000
1,far,10,1e+13,P2,person,1.044292e+02,10.350,3.050,2.150,2.8586,3.65600,10.350,3.050,2.150,2.8586
1,far,10,1e+13,P2,vehicle,9.739771e+01,8.150,4.150,2.950,2.4851,3.41122,8.150,4.150,2.950,2.4851
1,far,10,1e+14,P1,empty,2.314330e+02,12.950,4.150,5.050,-1.0000,3.61257,13.150,3.350,2.250,-1.0000
1,far,10,1e+14,P1,person,2.527645e+02,5.350,3.550,3.850,2.9663,3.92300,5.350,3.550,3.850,2.9663
1,far,10,1e+14,P1,vehicle,2.617948e+02,13.150,2.650,2.050,2.1462,4.06741,13.150,2.650,2.050,2.1462
1,far,10,1e+14,P2,empty,3.615359e+02,5.450,2.850,4.850,-1.0000,3.89760,5.450,2.850,4.850,-1.0000
1,far,10,1e+14,P2,person,3.089362e+02,8.050,1.350,2.450,0.8431,3.40198,8.050,1.350,2.450,0.8431
1,far,10,1e+14,P2,vehicle,3.624133e+02,11.450,0.550,4.950,0.4000,3.99786,11.450,0.550,4.950,0.4000
1,far,10,1e+15,P1,empty,7.784084e+02,8.350,3.950,2.250,-1.0000,3.83682,8.350,3.950,2.250,-1.0000
1,far,10,1e+15,P1,person,7.773135e+02,5.150,4.350,2.650,3.7024,3.84276,5.150,4.350,2.650,3.7024
1,far,10,1e+15,P1,vehicle,7.984930e+02,9.350,2.850,4.650,1.0548,3.94849,9.350,2.850,4.650,1.0548
1,far,10,1e+15,P2,empty,1.061903e+03,8.250,1.850,4.650,-1.0000,3.69953,8.250,1.850,4.650,-1.0000
1,far,10,1e+15,P2,person,1.023740e+03,5.350,3.950,2.450,3.3292,3.58207,5.350,3.950,2.450,3.3292
1,far,10,1e+15,P2,vehicle,1.076245e+03,8.150,3.350,2.850,1.7566,3.72720,8.150,3.350,2.850,1.7566
1,far,5,1e+12,P1,empty,2.482001e+01,5.750,0.350,3.650,-1.0000,3.87151,5.750,0.350,3.650,-1.0000
1,far,5,1e+12,P1,person,2.574460e+01,7.250,3.550,4.050,1.9480,4.04757,7.250,3.550,4.050,1.9480
1,far,5,1e+12,P1,vehicle,2.641541e+01,13.550,3.050,1.750,2.7667,4.13951,13.550,3.050,1.750,2.7667
1,far,5,1e+12,P2,empty,3.487335e+01,7.850,2.450,1.450,-1.0000,3.85878,7.850,2.450,1.450,-1.0000
1,far,5,1e+12,P2,person,3.276935e+01,7.050,2.550,3.750,1.0547,3.61921,7.050,2.550,3.750,1.0547
1,far,5,1e+12,P2,vehicle,3.938672e+01,12.350,2.150,3.050,0.9639,4.37497,12.350,2.150,3.050,0.9639
1,far,5,1e+13,P1,empty,7.501422e+01,9.850,0.750,4.350,-1.0000,3.71706,9.850,0.750,4.350,-1.0000
1,far,5,1e+13,P1,person,8.559598e+01,7.050,3.850,4.250,2.3280,4.22821,7.050,3.850,4.250,2.3280
1,far,5,1e+13,P1,vehicle,7.810651e+01,11.950,2.650,3.050,0.9852,3.84895,11.950,2.650,3.050,0.9852
1,far,5,1e+13,P2,empty,1.027631e+02,5.350,3.950,5.450,-1.0000,3.56843,5.350,3.950,5.450,-1.0000
1,far,5,1e+13,P2,person,1.072874e+02,10.850,3.050,4.850,3.3077,3.75491,10.850,3.050,4.850,3.3077
1,far,5,1e+13,P2,vehicle,1.029052e+02,5.150,3.250,4.650,4.0702,3.59278,5.150,3.250,4.650,4.0702
1,far,5,1e+14,P1,empty,2.561974e+02,6.450,0.550,4.150,-1.0000,3.98582,6.450,0.550,4.150,-1.0000
1,far,5,1e+14,P1,person,2.198721e+02,9.250,1.550,2.050,1.6905,3.44299,9.250,1.550,2.050,1.6905
1,far,5,1e+14,P1,vehicle,2.311425e+02,11.350,3.950,2.750,2.1708,3.60931,11.350,3.950,2.750,2.1708
1,far,5,1e+14,P2,empty,3.178649e+02,5.250,2.050,4.450,-1.0000,3.49479,5.250,2.050,4.450,-1.0000
1,far,5,1e+14,P2,person,3.326597e+02,4.650,3.750,4.050,3.6657,3.68070,4.650,3.750,4.050,3.6657
1,far,5,1e+14,P2,vehicle,3.498472e+02,7.250,2.850,4.950,2.0393,3.84130,7.250,2.850,4.950,2.0393
1,far,5,1e+15,P1,empty,7.827755e+02,9.450,4.650,5.450,-1.0000,3.86355,9.450,4.650,5.450,-1.0000
1,far,5,1e+15,P1,person,7.701909e+02,8.550,4.250,3.450,2.5886,3.81336,8.550,4.250,3.450,2.5886
1,far,5,1e+15,P1,vehicle,7.340225e+02,13.550,0.350,5.050,2.1569,3.61603,13.550,0.350,5.050,2.1569
1,far,5,1e+15,P2,empty,1.132157e+03,9.850,0.850,3.350,-1.0000,3.96378,9.850,0.850,3.350,-1.0000
1,far,5,1e+15,P2,person,1.082255e+03,13.450,2.050,2.450,5.4230,3.77802,13.450,2.050,2.450,5.4230
1,far,5,1e+15,P2,vehicle,1.055751e+03,11.450,3.250,3.950,1.4500,3.68648,11.450,3.250,3.950,1.4500
1,near,inf,1e+12,P1,empty,1.004675e+03,4.450,0.750,5.250,-1.0000,4.08191,11.750,3.950,4.450,-1.0000
1,near,inf,1e+12,P1,person,1.150831e+03,4.550,3.650,5.650,4.2037,3.93695,10.750,2.450,4.050,2.7876
1,near,inf,1e+12,P1,vehicle,8.996555e+02,4.650,0.950,4.750,4.3065,3.69220,7.950,3.650,3.050,2.1039
1,near,inf,1e+12,P2,empty,1.287634e+03,4.550,4.350,5.550,-1.0000,3.63171,10.850,0.750,4.650,-1.0000
1,near,inf,1e+12,P2,person,1.451811e+03,4.350,0.550,5.350,3.7424,3.85221,9.550,2.750,1.850,2.2967
1,near,inf,1e+12,P2,vehicle,1.334616e+03,4.750,1.250,5.350,4.2773,3.48079,6.250,2.550,2.450,2.8675
1,near,inf,1e+13,P1,empty,4.039215e+03,4.650,0.950,5.550,-1.0000,4.00842,4.650,0.950,5.550,-1.0000
1,near,inf,1e+13,P1,person,4.508741e+03,4.550,3.950,5.650,4.3509,4.43149,4.550,3.950,5.650,4.3509
1,near,inf,1e+13,P1,vehicle,3.709673e+03,4.550,0.550,5.350,4.4740,3.84772,6.650,2.250,1.850,2.6346
1,near,inf,1e+13,P2,empty,3.884994e+03,4.750,3.750,5.450,-1.0000,3.72050,12.150,2.850,5.650,-1.0000
1,near,inf,1e+13,P2,person,4.190531e+03,4.950,0.750,5.350,3.2250,3.93123,9.050,4.050,4.250,2.6169
1,near,inf,1e+13,P2,vehicle,4.452256e+03,4.650,0.650,5.350,4.3756,3.62000,6.550,1.450,4.150,2.4019
1,near,inf,1e+14,P1,empty,2.645676e+04,4.650,1.050,5.650,-1.0000,8.55180,4.650,1.050,5.650,-1.0000
1,near,inf,1e+14,P1,person,2.904726e+04,4.550,0.850,5.450,3.6174,8.91920,4.550,0.850,5.450,3.6174
1,near,inf,1e+14,P1,vehicle,2.675306e+04,4.550,1.050,5.650,4.5372,8.52594,4.550,1.050,5.650,4.5372
1,near,inf,1e+14,P2,empty,1.292221e+04,4.550,2.150,5.250,-1.0000,3.60729,7.850,3.250,1.650,-1.0000
1,near,inf,1e+14,P2,person,1.136520e+04,4.850,0.850,5.250,3.2573,3.42679,8.450,4.050,2.650,2.4608
1,near,inf,1e+14,P2,vehicle,1.512874e+04,4.950,4.650,5.250,4.9626,3.42274,7.250,4.550,2.550,3.2724
1,near,inf,1e+15,P1,empty,2.532870e+05,4.550,1.050,5.650,-1.0000,25.52593,4.550,1.050,5.650,-1.0000
1,near,inf,1e+15,P1,person,2.503174e+05,4.550,1.050,5.650,3.7240,25.22665,4.550,1.050,5.650,3.7240
1,near,inf,1e+15,P1,vehicle,2.506021e+05,4.550,1.050,5.650,4.5372,25.25534,4.550,1.050,5.650,4.5372
1,near,inf,1e+15,P2,empty,5.200230e+04,4.750,0.950,5.250,-1.0000,3.45803,4.750,0.950,5.250,-1.0000
1,near,inf,1e+15,P2,person,4.376325e+04,7.550,1.150,3.250,0.1129,4.85404,7.550,1.150,3.250,0.1129
1,near,inf,1e+15,P2,vehicle,4.912117e+04,5.150,0.350,5.450,3.9069,4.55005,11.450,0.450,3.250,0.0000
1,near,50,1e+12,P1,empty,5.440852e+02,4.450,0.350,5.050,-1.0000,3.68481,9.850,4.150,1.950,-1.0000
1,near,50,1e+12,P1,person,5.887722e+02,4.350,1.150,4.650,3.4693,3.53463,9.950,3.150,1.450,2.9842
1,near,50,1e+12,P1,vehicle,5.989731e+02,4.850,0.950,5.350,4.1792,3.82632,11.750,1.250,4.750,0.3590
1,near,50,1e+12,P2,empty,9.141136e+02,4.350,3.550,5.650,-1.0000,3.52865,12.950,3.550,2.450,-1.0000
1,near,50,1e+12,P2,person,7.930419e+02,4.550,4.450,4.750,4.3056,3.35473,10.850,2.350,2.250,3.0081
1,near,50,1e+12,P2,vehicle,8.376012e+02,4.750,0.850,5.350,4.2773,3.75192,10.750,0.650,5.150,0.6000
1,near,50,1e+13,P1,empty,2.080485e+03,4.350,1.050,5.650,-1.0000,3.45016,8.250,4.450,1.450,-1.0000
1,near,50,1e+13,P1,person,2.015932e+03,4.650,0.850,5.450,3.5319,3.77267,6.650,4.250,2.650,2.8151
1,near,50,1e+13,P1,vehicle,2.014917e+03,4.350,0.750,5.150,4.6408,3.80958,10.250,2.550,4.150,0.7500
1,near,50,1e+13,P2,empty,2.777854e+03,5.150,0.750,5.250,-1.0000,3.39030,10.650,4.350,1.950,-1.0000
1,near,50,1e+13,P2,person,2.418441e+03,4.750,4.650,5.250,4.4591,3.73112,11.950,3.050,5.650,4.5653
1,near,50,1e+13,P2,vehicle,2.457568e+03,4.450,4.050,5.450,5.1127,3.72725,11.650,2.850,1.550,1.8417
1,near,50,1e+14,P1,empty,9.848674e+03,4.650,0.950,5.550,-1.0000,4.42519,4.650,0.950,5.550,-1.0000
1,near,50,1e+14,P1,person,9.507233e+03,4.650,0.350,5.350,3.4804,4.32472,4.650,0.850,5.450,3.5319
1,near,50,1e+14,P1,vehicle,1.054790e+04,4.450,4.050,5.550,5.1312,4.84024,4.450,4.050,5.550,5.1312
1,near,50,1e+14,P2,empty,7.429175e+03,4.550,1.550,5.550,-1.0000,4.01636,8.050,3.150,5.550,-1.0000
1,near,50,1e+14,P2,person,1.002142e+04,4.350,4.650,5.350,4.7653,3.85612,8.950,4.550,2.350,3.1188
1,near,50,1e+14,P2,vehicle,8.780041e+03,4.750,3.350,5.550,4.5889,3.43538,11.350,3.650,2.850,1.8608
1,near,50,1e+15,P1,empty,8.575746e+04,4.450,0.850,5.450,-1.0000,12.10162,4.650,0.850,5.450,-1.0000
1,near,50,1e+15,P1,person,7.630337e+04,4.650,1.050,5.650,3.6411,10.95060,4.750,0.850,5.450,3.4473
1,near,50,1e+15,P1,vehicle,8.171579e+04,4.550,0.950,5.550,4.5140,11.46323,4.550,0.950,5.550,4.5140
1,near,50,1e+15,P2,empty,2.820868e+04,4.550,3.950,5.650,-1.0000,4.21208,5.750,2.750,4.950,-1.0000
1,near,50,1e+15,P2,person,2.503102e+04,4.350,0.350,5.150,3.6528,4.37393,10.950,4.250,2.750,3.8594
1,near,50,1e+15,P2,vehicle,2.500619e+04,4.550,0.750,5.350,4.4740,3.46643,7.750,2.750,2.650,1.5833
1,near,30,1e+12,P1,empty,5.091794e+02,4.750,2.650,5.550,-1.0000,3.97859,5.650,0.750,4.350,-1.0000
1,near,30,1e+12,P1,person,4.929969e+02,4.550,3.950,5.650,4.3509,3.92068,11.750,3.850,3.450,4.2324
1,near,30,1e+12,P1,vehicle,4.257364e+02,4.450,0.350,4.650,4.5030,3.94986,13.550,1.850,2.550,2.1575
1,near,30,1e+12,P2,empty,5.869915e+02,4.450,3.950,5.250,-1.0000,3.91140,11.150,2.650,3.650,-1.0000
1,near,30,1e+12,P2,person,6.313376e+02,4.350,0.650,5.350,3.7424,4.03864,9.650,2.650,3.850,1.8323
1,near,30,1e+12,P2,vehicle,7.009074e+02,4.450,2.450,5.650,4.6797,4.20770,12.150,0.450,1.750,1.4756
1,near,30,1e+13,P1,empty,1.407578e+03,4.350,0.450,5.250,-1.0000,4.07708,12.150,3.750,2.450,-1.0000
1,near,30,1e+13,P1,person,1.364752e+03,4.650,0.550,5.250,3.4310,3.44357,12.050,1.150,1.550,4.3135
1,near,30,1e+13,P1,vehicle,1.399822e+03,4.650,3.250,5.150,4.5791,3.88334,8.250,4.150,4.650,2.4546
1,near,30,1e+13,P2,empty,1.760898e+03,4.350,2.150,5.250,-1.0000,3.57731,5.250,0.950,3.650,-1.0000
1,near,30,1e+13,P2,person,2.718672e+03,4.350,0.650,5.250,3.6965,3.82564,5.450,2.250,2.350,2.4599
1,near,30,1e+13,P2,vehicle,2.246939e+03,4.650,1.450,5.550,4.4166,3.33611,7.150,4.050,3.950,2.8826
1,near,30,1e+14,P1,empty,6.747673e+03,4.450,0.350,5.350,-1.0000,3.92384,11.650,3.250,4.750,-1.0000
1,near,30,1e+14,P1,person,5.538341e+03,4.750,3.950,5.650,4.2106,3.70770,13.450,4.650,2.050,6.2308
1,near,30,1e+14,P1,vehicle,5.237749e+03,4.750,0.850,5.450,4.2972,3.86595,6.750,3.750,1.350,3.3971
1,near,30,1e+14,P2,empty,5.633474e+03,4.750,0.350,5.150,-1.0000,3.56064,12.150,2.350,4.650,-1.0000
1,near,30,1e+14,P2,person,6.847498e+03,4.350,0.750,4.650,3.4693,3.56837,4.350,0.750,4.650,3.4693
1,near,30,1e+14,P2,vehicle,6.763814e+03,4.750,1.250,5.350,4.2773,3.71335,5.750,3.750,4.650,3.7503
1,near,30,1e+15,P1,empty,4.110353e+04,4.450,0.850,5.450,-1.0000,7.36806,4.450,0.850,5.450,-1.0000
1,near,30,1e+15,P1,person,3.996321e+04,4.650,0.850,5.450,3.5319,7.58156,4.650,0.850,5.450,3.5319
1,near,30,1e+15,P1,vehicle,4.071109e+04,4.650,0.950,5.550,4.4166,7.45383,4.650,0.950,5.550,4.4166
1,near,30,1e+15,P2,empty,2.188477e+04,4.450,0.950,5.350,-1.0000,3.70895,7.850,4.650,4.250,-1.0000
1,near,30,1e+15,P2,person,1.842857e+04,4.750,0.850,5.550,3.5022,3.36786,9.650,0.750,4.850,1.9922
1,near,30,1e+15,P2,vehicle,2.202776e+04,4.850,3.650,5.450,4.5889,3.69467,13.550,4.650,3.650,3.5390
1,near,20,1e+12,P1,empty,3.372311e+02,4.550,2.850,5.550,-1.0000,4.16993,13.050,0.750,5.250,-1.0000
1,near,20,1e+12,P1,person,3.214019e+02,4.350,1.050,5.350,3.7424,3.82418,12.350,3.050,3.350,4.4551
1,near,20,1e+12,P1,vehicle,3.500995e+02,4.550,1.350,5.650,4.5372,4.29374,13.350,3.750,1.350,3.2086
1,near,20,1e+12,P2,empty,4.475190e+02,4.350,1.450,5.650,-1.0000,4.02397,10.550,2.450,1.450,-1.0000
1,near,20,1e+12,P2,person,4.953225e+02,4.350,2.050,5.650,3.9080,3.76100,8.550,0.550,5.450,1.9097
1,near,20,1e+12,P2,vehicle,4.302962e+02,4.550,1.350,5.650,4.5372,4.10841,9.150,2.250,3.750,0.4500
1,near,20,1e+13,P1,empty,8.289630e+02,4.550,0.850,5.450,-1.0000,3.56333,8.350,3.550,5.450,-1.0000
1,near,20,1e+13,P1,person,8.147987e+02,4.650,1.050,5.650,3.6411,3.91019,10.050,4.050,4.550,3.1974
1,near,20,1e+13,P1,vehicle,9.145360e+02,4.350,1.750,5.550,4.7093,3.60877,6.050,1.250,3.650,2.9019
1,near,20,1e+13,P2,empty,1.523211e+03,4.450,2.650,5.550,-1.0000,4.20779,6.150,2.350,4.250,-1.0000
1,near,20,1e+13,P2,person,1.415172e+03,4.650,0.450,5.250,3.4310,3.54155,7.950,2.350,4.350,0.9977
1,near,20,1e+13,P2,vehicle,1.372532e+03,4.450,2.450,5.350,4.6184,3.78461,7.050,2.450,5.250,2.1283
1,near,20,1e+14,P1,empty,3.026398e+03,4.550,0.850,5.150,-1.0000,3.92244,6.650,3.550,3.550,-1.0000
1,near,20,1e+14,P1,person,4.252562e+03,4.550,0.850,5.450,3.6174,3.70032,10.650,1.650,2.950,2.5686
1,near,20,1e+14,P1,vehicle,3.142210e+03,4.450,0.950,5.550,4.6116,3.33377,5.950,2.150,3.950,3.0222
1,near,20,1e+14,P2,empty,5.214373e+03,4.350,2.550,5.550,-1.0000,3.90450,5.450,3.450,3.150,-1.0000
1,near,20,1e+14,P2,person,4.419241e+03,4.550,2.650,5.650,3.8433,3.50794,10.450,1.050,2.450,2.4925
1,near,20,1e+14,P2,vehicle,4.411621e+03,4.350,1.950,5.550,4.7117,3.63951,12.250,4.450,2.750,2.7838
1,near,20,1e+15,P1,empty,1.782147e+04,4.550,0.350,5.350,-1.0000,4.66177,4.550,0.350,5.350,-1.0000
1,near,20,1e+15,P1,person,2.277271e+04,4.450,0.850,5.450,3.7036,5.71293,4.450,0.850,5.450,3.7036
1,near,20,1e+15,P1,vehicle,1.858690e+04,4.350,0.850,5.450,4.6890,5.06243,4.750,0.850,5.450,4.2972
1,near,20,1e+15,P2,empty,1.581815e+04,4.350,0.850,5.250,-1.0000,3.41199,10.750,1.050,3.750,-1.0000
1,near,20,1e+15,P2,person,1.276712e+04,4.850,1.450,5.450,3.3635,3.78722,12.250,4.450,5.150,5.2127
1,near,20,1e+15,P2,vehicle,1.351711e+04,4.450,3.350,5.450,4.8455,3.80542,10.450,3.450,1.650,2.1639
1,near,15,1e+12,P1,empty,1.942653e+02,4.350,3.050,5.350,-1.0000,4.32869,11.950,1.250,4.250,-1.0000
1,near,15,1e+12,P1,person,2.266799e+02,4.750,0.850,5.450,3.4473,3.84175,10.750,0.750,2.550,2.7480
1,near,15,1e+12,P1,vehicle,2.544010e+02,4.550,3.250,5.650,4.7633,3.97229,5.750,3.850,4.950,3.8229
1,near,15,1e+12,P2,empty,2.638574e+02,4.550,2.750,5.650,-1.0000,3.51725,5.750,3.150,4.450,-1.0000
1,near,15,1e+12,P2,person,3.366228e+02,4.550,0.750,5.050,3.4293,3.64729,9.450,2.650,4.050,1.7094
1,near,15,1e+12,P2,vehicle,2.802544e+02,4.350,0.950,5.450,4.6890,3.85009,6.750,0.950,1.750,2.5570
1,near,15,1e+13,P1,empty,7.991870e+02,4.350,0.850,5.250,-1.0000,4.60777,10.450,3.650,2.050,-1.0000
1,near,15,1e+13,P1,person,6.754050e+02,4.650,0.750,5.450,3.5319,3.75088,12.250,0.750,4.450,4.2333
1,near,15,1e+13,P1,vehicle,7.029205e+02,4.550,0.850,5.350,4.4740,3.83037,6.550,3.550,5.550,3.1355
1,near,15,1e+13,P2,empty,1.082098e+03,4.350,1.050,5.650,-1.0000,3.77083,10.250,1.750,1.450,-1.0000
1,near,15,1e+13,P2,person,1.004928e+03,4.550,1.550,5.650,3.7240,3.93187,13.550,2.450,5.650,5.8693
1,near,15,1e+13,P2,vehicle,1.414652e+03,4.750,0.650,5.250,4.2598,4.14407,4.750,0.650,5.250,4.2598
1,near,15,1e+14,P1,empty,2.303288e+03,4.550,1.150,5.450,-1.0000,4.24179,9.350,1.250,5.050,-1.0000
1,near,15,1e+14,P1,person,1.802116e+03,4.550,0.750,5.250,3.5189,3.42670,7.150,2.650,5.350,2.0600
1,near,15,1e+14,P1,vehicle,2.047559e+03,4.450,0.350,5.450,4.5909,3.75277,6.150,4.450,2.550,3.8888
1,near,15,1e+14,P2,empty,2.951251e+03,4.350,1.450,5.650,-1.0000,3.45929,4.750,0.750,1.550,-1.0000
1,near,15,1e+14,P2,person,2.747513e+03,4.950,2.450,5.550,3.4214,3.65350,7.250,1.550,4.150,0.6883
1,near,15,1e+14,P2,vehicle,3.421928e+03,4.550,1.450,5.650,4.5372,3.44832,8.950,1.050,2.550,0.5000
1,near,15,1e+15,P1,empty,9.652983e+03,4.350,0.350,5.450,-1.0000,3.62851,4.350,0.350,5.450,-1.0000
1,near,15,1e+15,P1,person,9.773868e+03,4.650,0.350,5.350,3.4804,3.93160,4.650,0.350,5.350,3.4804
1,near,15,1e+15,P1,vehicle,1.306672e+04,4.350,0.350,5.450,4.6890,4.91172,4.350,0.350,5.450,4.6890
1,near,15,1e+15,P2,empty,1.098909e+04,4.350,1.450,5.650,-1.0000,3.49596,8.050,3.650,2.350,-1.0000
1,near,15,1e+15,P2,person,8.735332e+03,4.350,0.350,5.250,3.6965,3.44304,5.850,4.050,2.050,3.2130
1,near,15,1e+15,P2,vehicle,1.067680e+04,4.750,4.250,5.350,4.9293,3.82026,5.250,2.450,1.950,3.9162
1,near,10,1e+12,P1,empty,1.426626e+02,4.350,0.850,5.450,-1.0000,4.19184,11.450,4.450,4.350,-1.0000
1,near,10,1e+12,P1,person,1.149275e+02,4.650,2.650,5.650,3.7630,4.72229,13.650,2.450,2.050,5.7325
1,near,10,1e+12,P1,vehicle,9.901265e+01,4.450,1.850,5.450,4.5912,4.02671,9.650,3.050,1.950,1.6651
1,near,10,1e+12,P2,empty,1.746441e+02,4.450,1.350,5.650,-1.0000,3.81131,12.850,4.550,5.250,-1.0000
1,near,10,1e+12,P2,person,1.715273e+02,4.450,1.650,5.550,3.7547,3.77986,11.150,1.150,4.950,3.3342
1,near,10,1e+12,P2,vehicle,1.604214e+02,4.450,0.450,5.450,4.5909,3.86900,7.950,3.850,2.350,2.3867
1,near,10,1e+13,P1,empty,3.499002e+02,4.350,1.450,5.650,-1.0000,4.19605,9.550,4.650,5.250,-1.0000
1,near,10,1e+13,P1,person,2.998325e+02,4.350,1.850,5.550,3.8433,3.62252,5.250,2.650,3.150,2.5892
1,near,10,1e+13,P1,vehicle,4.844589e+02,4.350,1.150,5.550,4.7093,3.99629,7.450,4.250,1.950,3.0770
1,near,10,1e+13,P2,empty,5.182185e+02,4.350,1.550,5.550,-1.0000,3.65662,5.550,2.650,4.750,-1.0000
1,near,10,1e+13,P2,person,4.942317e+02,4.350,3.450,5.450,4.1749,4.03154,5.450,2.450,2.250,2.5514
1,near,10,1e+13,P2,vehicle,4.538232e+02,4.350,2.250,5.650,4.7529,3.58626,12.950,4.150,5.450,2.9286
1,near,10,1e+14,P1,empty,9.909771e+02,4.650,0.650,5.250,-1.0000,3.79398,6.650,1.550,1.850,-1.0000
1,near,10,1e+14,P1,person,8.935450e+02,4.350,2.250,4.750,3.5440,4.29224,13.250,3.950,3.950,5.6274
1,near,10,1e+14,P1,vehicle,9.736946e+02,4.350,2.550,5.650,4.7906,3.52641,9.150,1.350,1.350,1.7000
1,near,10,1e+14,P2,empty,1.696336e+03,4.550,1.150,5.650,-1.0000,3.28230,6.150,1.050,4.250,-1.0000
1,near,10,1e+14,P2,person,1.630709e+03,4.450,3.550,5.650,4.2334,3.52028,5.850,2.050,2.350,2.0658
1,near,10,1e+14,P2,vehicle,1.953870e+03,4.350,1.950,5.650,4.7339,3.60547,11.150,3.550,2.350,1.8848
1,near,10,1e+15,P1,empty,3.146412e+03,4.550,0.450,5.250,-1.0000,3.80677,9.250,1.650,1.650,-1.0000
1,near,10,1e+15,P1,person,3.791569e+03,4.450,0.350,5.350,3.6544,3.61983,11.050,0.750,2.950,2.9655
1,near,10,1e+15,P1,vehicle,2.665239e+03,4.850,0.950,5.550,4.2220,3.74232,11.450,3.850,3.150,2.0500
1,near,10,1e+15,P2,empty,6.510383e+03,4.350,3.350,5.650,-1.0000,4.07428,5.650,2.250,2.350,-1.0000
1,near,10,1e+15,P2,person,4.292281e+03,4.450,3.150,5.450,3.9773,3.49467,8.850,3.550,4.550,2.2123
1,near,10,1e+15,P2,vehicle,4.891424e+03,4.350,0.750,5.650,4.7315,3.55346,5.750,4.150,3.950,3.9717
1,near,5,1e+12,P1,empty,2.546611e+01,5.950,3.150,4.950,-1.0000,3.93957,5.950,3.150,4.950,-1.0000
1,near,5,1e+12,P1,person,2.962628e+01,4.450,2.950,5.250,3.8179,3.97734,4.450,2.950,5.250,3.8179
1,near,5,1e+12,P1,vehicle,2.792020e+01,6.250,0.750,1.350,3.1922,4.32759,6.250,0.750,1.350,3.1922
1,near,5,1e+12,P2,empty,3.123987e+01,8.850,3.650,5.150,-1.0000,3.44413,8.850,3.650,5.150,-1.0000
1,near,5,1e+12,P2,person,3.440875e+01,6.950,2.550,2.550,1.3307,3.80511,6.950,2.550,2.550,1.3307
1,near,5,1e+12,P2,vehicle,3.497388e+01,10.650,1.450,3.150,0.0000,3.84821,10.650,1.450,3.150,0.0000
1,near,5,1e+13,P1,empty,8.155666e+01,5.550,0.550,5.250,-1.0000,3.90584,5.550,0.550,5.250,-1.0000
1,near,5,1e+13,P1,person,7.936487e+01,11.850,0.750,1.850,4.0140,3.92547,11.850,0.750,1.850,4.0140
1,near,5,1e+13,P1,vehicle,8.214868e+01,4.650,4.250,1.550,5.1729,4.03097,4.650,4.250,1.550,5.1729
1,near,5,1e+13,P2,empty,1.111520e+02,7.350,4.550,5.150,-1.0000,3.89145,7.350,4.550,5.150,-1.0000
1,near,5,1e+13,P2,person,1.169295e+02,10.550,1.050,4.750,2.7055,4.08527,10.550,1.050,4.750,2.7055
1,near,5,1e+13,P2,vehicle,1.086574e+02,5.350,4.450,3.950,4.4717,3.79378,5.350,4.450,3.950,4.4717
1,near,5,1e+14,P1,empty,2.206906e+02,10.750,2.250,1.350,-1.0000,3.45617,10.750,2.250,1.350,-1.0000
1,near,5,1e+14,P1,person,2.333110e+02,12.950,2.450,1.550,5.2039,3.63273,12.950,2.450,1.550,5.2039
1,near,5,1e+14,P1,vehicle,2.860894e+02,4.350,4.050,5.450,5.2009,3.82713,4.350,4.050,5.450,5.2009
1,near,5,1e+14,P2,empty,3.327961e+02,5.650,1.550,2.750,-1.0000,3.68761,5.650,1.550,2.750,-1.0000
1,near,5,1e+14,P2,person,3.259219e+02,7.850,2.950,5.650,2.4070,3.60203,7.850,2.950,5.650,2.4070
1,near,5,1e+14,P2,vehicle,3.193510e+02,5.050,1.950,5.050,3.9366,3.50796,10.850,0.750,2.350,0.7000
1,near,5,1e+15,P1,empty,7.746272e+02,5.450,1.750,5.450,-1.0000,3.61609,5.450,1.750,5.450,-1.0000
1,near,5,1e+15,P1,person,7.674210e+02,5.050,3.750,2.950,3.3321,3.79528,5.050,3.750,2.950,3.3321
1,near,5,1e+15,P1,vehicle,6.646528e+02,10.250,1.350,4.550,0.0000,3.28425,10.250,1.350,4.550,0.0000
1,near,5,1e+15,P2,empty,1.088391e+03,11.750,0.750,2.650,-1.0000,3.80110,11.750,0.750,2.650,-1.0000
1,near,5,1e+15,P2,person,1.139467e+03,5.450,2.850,5.250,2.9879,3.83667,5.450,2.850,5.250,2.9879
1,near,5,1e+15,P2,vehicle,1.194193e+03,4.650,1.850,5.650,4.4406,4.01640,5.450,2.050,2.050,3.6504
2,far,inf,1e+12,P1,empty,8.913437e+02,4.450,4.450,5.050,-1.0000,3.69884,12.750,3.350,2.550,-1.0000
2,far,inf,1e+12,P1,person,1.160520e+03,4.850,0.950,5.550,3.9640,3.67749,5.250,4.250,2.850,3.8980
2,far,inf,1e+12,P1,vehicle,1.070266e+03,4.850,0.950,5.550,3.6287,3.61718,12.550,2.350,1.750,2.2839
2,far,inf,1e+12,P2,empty,1.406445e+03,4.350,3.750,5.450,-1.0000,3.66233,6.450,4.350,3.550,-1.0000
2,far,inf,1e+12,P2,person,1.206587e+03,5.250,1.950,1.350,3.4328,3.50932,5.250,1.950,1.350,3.4328
2,far,inf,1e+12,P2,vehicle,1.309138e+03,5.550,4.150,5.350,3.7338,3.60718,10.450,3.550,1.750,2.2771
2,far,inf,1e+13,P1,empty,3.388257e+03,4.850,0.950,5.550,-1.0000,3.94591,5.850,4.050,5.550,-1.0000
2,far,inf,1e+13,P1,person,3.789116e+03,4.850,1.050,5.650,4.0189,3.76124,4.850,1.050,5.650,4.0189
2,far,inf,1e+13,P1,vehicle,4.360212e+03,4.650,0.850,5.450,3.8027,4.15246,4.650,0.850,5.450,3.8027
2,far,inf,1e+13,P2,empty,4.357031e+03,4.850,1.550,5.350,-1.0000,3.74677,11.650,2.950,1.650,-1.0000
2,far,inf,1e+13,P2,person,4.434367e+03,5.050,0.350,5.250,3.6365,3.61916,9.550,4.550,3.350,2.9928
2,far,inf,1e+13,P2,vehicle,3.796398e+03,4.350,1.350,5.550,4.1166,3.60225,9.550,2.450,4.550,0.6500
2,far,inf,1e+14,P1,empty,2.692702e+04,4.750,0.850,5.450,-1.0000,8.16753,4.750,0.850,5.450,-1.0000
2,far,inf,1e+14,P1,person,2.635017e+04,4.650,0.850,5.450,4.0829,7.93563,4.650,0.850,5.450,4.0829
2,far,inf,1e+14,P1,vehicle,2.997952e+04,4.350,3.950,5.650,4.6634,8.70994,4.350,3.950,5.650,4.6634
2,far,inf,1e+14,P2,empty,1.541836e+04,4.450,4.150,5.250,-1.0000,3.72272,5.350,3.650,1.350,-1.0000
2,far,inf,1e+14,P2,person,1.203878e+04,4.350,1.150,4.850,4.0980,3.71550,5.550,3.650,4.050,3.3413
2,far,inf,1e+14,P2,vehicle,1.219070e+04,4.450,1.750,5.450,3.9990,3.44528,5.750,2.850,4.250,2.8313
2,far,inf,1e+15,P1,empty,2.822291e+05,4.350,3.950,5.650,-1.0000,25.92939,4.350,3.950,5.650,-1.0000
2,far,inf,1e+15,P1,person,2.625831e+05,4.350,4.150,5.450,4.9884,24.61647,4.650,0.850,5.450,4.0829
2,far,inf,1e+15,P1,vehicle,2.837750e+05,4.350,3.950,5.650,4.6634,26.07141,4.350,3.950,5.650,4.6634
2,far,inf,1e+15,P2,empty,3.947157e+04,4.350,3.450,5.450,-1.0000,3.70663,10.250,1.150,1.550,-1.0000
2,far,inf,1e+15,P2,person,3.664907e+04,4.750,4.650,4.750,4.7232,3.97619,8.150,1.050,3.250,0.0367
2,far,inf,1e+15,P2,vehicle,5.196081e+04,4.550,1.150,5.450,3.9008,3.88135,9.850,4.250,2.950,2.4634
2,far,50,1e+12,P1,empty,3.539972e+02,5.050,1.350,5.450,-1.0000,3.76290,12.950,3.750,1.850,-1.0000
2,far,50,1e+12,P1,person,3.484579e+02,4.850,0.350,5.250,3.8104,4.04516,11.450,1.450,3.750,2.8338
2,far,50,1e+12,P1,vehicle,3.670675e+02,4.450,0.650,5.050,3.9443,3.52358,11.750,3.550,4.450,1.9546
2,far,50,1e+12,P2,empty,6.223467e+02,4.750,1.150,5.650,-1.0000,3.86341,9.150,2.150,4.250,-1.0000
2,far,50,1e+12,P2,person,4.456052e+02,4.650,1.350,5.450,4.0829,3.70430,7.550,0.950,4.750,1.4836
2,far,50,1e+12,P2,vehicle,4.880551e+02,4.450,1.150,5.450,3.9990,3.91657,11.550,3.550,3.850,1.8741
2,far,50,1e+13,P1,empty,1.462165e+03,4.750,0.450,5.350,-1.0000,3.47078,7.350,1.050,4.850,-1.0000
2,far,50,1e+13,P1,person,1.087615e+03,4.450,0.950,5.550,4.3061,3.58525,9.550,1.550,2.550,1.0713
2,far,50,1e+13,P1,vehicle,1.301841e+03,4.550,0.850,5.450,3.9008,3.70868,13.550,2.250,5.050,2.7299
2,far,50,1e+13,P2,empty,1.708941e+03,4.450,4.050,5.350,-1.0000,4.03102,13.250,2.050,1.450,-1.0000
2,far,50,1e+13,P2,person,1.743826e+03,4.950,3.150,5.650,4.1948,3.78992,12.750,4.350,4.950,5.1297
2,far,50,1e+13,P2,vehicle,1.580838e+03,4.650,1.150,5.250,3.7687,3.36903,5.650,1.850,3.250,2.7298
2,far,50,1e+14,P1,empty,4.722904e+03,4.350,4.050,5.550,-1.0000,4.19205,12.950,4.150,3.550,-1.0000
2,far,50,1e+14,P1,person,4.550982e+03,4.350,4.050,5.550,4.9822,3.75397,10.150,3.050,1.650,2.4988
2,far,50,1e+14,P1,vehicle,5.238301e+03,4.650,0.850,5.450,3.8027,3.87154,4.650,0.850,5.450,3.8027
2,far,50,1e+14,P2,empty,6.058250e+03,4.450,1.050,5.650,-1.0000,3.91730,13.550,2.450,3.950,-1.0000
2,far,50,1e+14,P2,person,6.684348e+03,4.450,4.350,4.950,4.8329,3.88885,5.850,2.950,2.650,2.6896
2,far,50,1e+14,P2,vehicle,5.539999e+03,4.350,3.450,5.550,4.4350,3.62446,4.350,0.650,3.950,4.0294
2,far,50,1e+15,P1,empty,3.817432e+04,4.350,4.150,5.450,-1.0000,8.27821,4.350,4.150,5.450,-1.0000
2,far,50,1e+15,P1,person,3.754494e+04,4.550,1.050,5.650,4.2712,8.26921,4.550,1.050,5.650,4.2712
2,far,50,1e+15,P1,vehicle,3.872744e+04,4.350,4.050,5.550,4.6914,8.54921,4.350,4.050,5.550,4.6914
2,far,50,1e+15,P2,empty,1.655391e+04,5.450,3.650,5.650,-1.0000,3.92539,9.150,0.450,1.850,-1.0000
2,far,50,1e+15,P2,person,1.659764e+04,4.950,2.650,5.450,3.9421,3.81373,7.150,1.850,5.150,2.0310
2,far,50,1e+15,P2,vehicle,1.714575e+04,4.350,4.350,5.250,4.7993,3.65197,11.250,3.250,4.850,1.5034
2,far,30,1e+12,P1,empty,1.940405e+02,4.450,4.550,5.350,-1.0000,3.84973,12.650,0.950,4.250,-1.0000
2,far,30,1e+12,P1,person,1.684894e+02,4.750,1.150,5.150,3.8521,4.20437,11.950,0.950,4.850,3.6128
2,far,30,1e+12,P1,vehicle,1.894914e+02,4.350,3.650,5.650,4.5330,3.85591,11.050,0.950,5.350,0.6652
2,far,30,1e+12,P2,empty,2.986579e+02,4.550,2.150,5.650,-1.0000,4.02966,10.550,3.550,3.950,-1.0000
2,far,30,1e+12,P2,person,2.455553e+02,4.450,3.850,5.150,4.6490,3.66391,8.750,0.850,4.750,1.3448
2,far,30,1e+12,P2,vehicle,2.792272e+02,4.550,4.650,5.250,4.8043,3.55391,12.750,2.550,3.950,2.0154
2,far,30,1e+13,P1,empty,6.415131e+02,4.450,4.050,5.550,-1.0000,3.31376,5.550,2.750,2.650,-1.0000
2,far,30,1e+13,P1,person,6.899834e+02,4.850,1.250,5.650,4.0189,3.57649,9.350,3.050,5.250,2.3911
2,far,30,1e+13,P1,vehicle,6.499448e+02,4.350,1.350,5.450,4.0973,3.79462,5.450,1.450,4.550,2.9294
2,far,30,1e+13,P2,empty,9.009933e+02,4.450,2.450,4.950,-1.0000,3.82120,11.050,2.150,4.950,-1.0000
2,far,30,1e+13,P2,person,8.485707e+02,4.950,3.050,5.450,4.0571,3.77120,4.750,4.550,4.450,4.5842
2,far,30,1e+13,P2,vehicle,9.723777e+02,4.650,3.450,5.550,4.1643,3.72372,4.350,1.150,1.450,4.3958
2,far,30,1e+14,P1,empty,2.226315e+03,4.350,4.250,5.350,-1.0000,3.99393,13.150,1.950,5.150,-1.0000
2,far,30,1e+14,P1,person,1.987927e+03,4.450,3.750,5.450,4.7251,3.60398,11.150,2.250,5.350,3.2223
2,far,30,1e+14,P1,vehicle,1.923310e+03,4.450,1.050,5.650,4.0410,3.50690,8.750,2.750,5.050,1.0100
2,far,30,1e+14,P2,empty,2.669488e+03,4.550,3.750,5.250,-1.0000,3.58488,9.350,4.650,4.150,-1.0000
2,far,30,1e+14,P2,person,3.125079e+03,4.850,2.050,5.350,3.8755,3.65375,5.950,3.050,1.350,3.1500
2,far,30,1e+14,P2,vehicle,2.876568e+03,4.650,1.350,5.550,3.8235,3.49391,7.050,0.450,3.750,1.3294
2,far,30,1e+15,P1,empty,1.145066e+04,4.750,0.850,5.450,-1.0000,4.98507,4.750,0.850,5.450,-1.0000
2,far,30,1e+15,P1,person,1.103281e+04,4.550,0.950,5.550,4.2196,4.61246,4.750,0.850,5.450,3.9966
2,far,30,1e+15,P1,vehicle,1.131872e+04,4.850,0.850,5.450,3.6067,5.05511,4.850,0.850,5.450,3.6067
2,far,30,1e+15,P2,empty,7.856915e+03,4.550,1.350,5.150,-1.0000,3.32027,6.150,3.750,4.850,-1.0000
2,far,30,1e+15,P2,person,8.209209e+03,4.550,0.750,5.550,4.2196,3.52839,8.650,2.950,2.750,1.3009
2,far,30,1e+15,P2,vehicle,8.399611e+03,4.850,3.650,5.450,4.0535,3.82962,10.250,2.950,3.150,1.1514
2,far,20,1e+12,P1,empty,9.726254e+01,4.950,2.750,5.550,-1.0000,4.07796,8.150,0.950,3.550,-1.0000
2,far,20,1e+12,P1,person,9.305214e+01,5.250,4.250,5.450,4.3918,4.27507,12.150,3.950,4.350,4.2767
2,far,20,1e+12,P1,vehicle,1.000421e+02,4.450,1.750,5.250,3.9667,4.05614,11.950,3.550,5.050,2.0800
2,far,20,1e+12,P2,empty,1.437882e+02,4.450,1.250,5.650,-1.0000,3.56220,11.950,2.850,3.250,-1.0000
2,far,20,1e+12,P2,person,1.208824e+02,4.350,1.350,5.550,4.3932,4.14791,7.350,0.650,1.850,1.5124
2,far,20,1e+12,P2,vehicle,1.312608e+02,4.750,3.650,5.550,4.1600,3.63610,9.850,4.250,4.150,2.4500
2,far,20,1e+13,P1,empty,3.125376e+02,4.350,1.450,5.550,-1.0000,3.59057,8.750,4.250,5.350,-1.0000
2,far,20,1e+13,P1,person,3.399580e+02,4.450,4.650,5.350,5.1409,3.48769,6.350,0.950,3.650,1.8523
2,far,20,1e+13,P1,vehicle,2.558595e+02,4.450,3.950,5.550,4.5578,3.86095,12.850,3.250,3.050,2.4516
2,far,20,1e+13,P2,empty,4.578463e+02,4.650,3.650,5.550,-1.0000,3.62123,9.350,1.050,2.950,-1.0000
2,far,20,1e+13,P2,person,4.410164e+02,4.350,2.250,5.650,4.4766,3.57152,5.950,3.650,5.450,3.6010
2,far,20,1e+13,P2,vehicle,3.627081e+02,4.450,3.650,5.150,4.3656,3.53746,4.350,3.950,2.850,4.5810
2,far,20,1e+14,P1,empty,8.669437e+02,4.450,4.050,5.550,-1.0000,3.56256,12.650,1.950,4.550,-1.0000
2,far,20,1e+14,P1,person,9.382037e+02,4.350,0.350,5.450,4.3453,3.52268,6.550,2.050,2.650,1.7357
2,far,20,1e+14,P1,vehicle,8.406069e+02,4.350,0.650,5.550,4.1166,3.59142,5.650,4.450,2.050,3.9763
2,far,20,1e+14,P2,empty,1.244408e+03,4.750,2.550,5.250,-1.0000,3.70541,4.450,3.450,3.350,-1.0000
2,far,20,1e+14,P2,person,1.378178e+03,4.350,3.450,4.850,4.4560,3.86308,13.650,0.550,3.950,5.0423
2,far,20,1e+14,P2,vehicle,1.199724e+03,4.450,4.050,5.350,4.5734,3.50027,9.250,1.650,4.850,0.1430
2,far,20,1e+15,P1,empty,2.963784e+03,4.450,4.050,5.350,-1.0000,3.67251,11.450,3.050,4.450,-1.0000
2,far,20,1e+15,P1,person,2.965893e+03,4.350,0.950,5.450,4.3453,3.37303,6.550,3.550,2.250,2.6155
2,far,20,1e+15,P1,vehicle,2.941751e+03,4.350,0.350,5.450,4.0973,3.39219,8.250,1.350,5.050,0.3666
2,far,20,1e+15,P2,empty,3.731056e+03,4.750,4.550,5.350,-1.0000,3.52976,9.050,0.850,1.450,-1.0000
2,far,20,1e+15,P2,person,5.848731e+03,4.550,2.850,5.650,4.4233,4.07787,6.250,2.650,1.550,2.6621
2,far,20,1e+15,P2,vehicle,4.012150e+03,4.550,2.350,5.050,3.8839,3.72164,9.050,2.350,5.050,0.6482
2,far,15,1e+12,P1,empty,4.761911e+01,4.350,3.850,5.650,-1.0000,4.05451,7.550,1.350,4.150,-1.0000
2,far,15,1e+12,P1,person,4.487894e+01,4.350,1.650,5.350,4.2993,4.53011,6.550,2.850,4.450,2.2545
2,far,15,1e+12,P1,vehicle,4.739263e+01,4.350,1.850,5.650,4.1386,4.20650,10.150,4.150,3.650,2.3500
2,far,15,1e+12,P2,empty,6.176349e+01,4.350,2.250,5.550,-1.0000,4.14988,10.250,3.550,1.850,-1.0000
2,far,15,1e+12,P2,person,6.292487e+01,4.350,4.050,5.550,4.9822,3.51029,12.050,2.850,1.750,3.8500
2,far,15,1e+12,P2,vehicle,6.636100e+01,4.350,1.350,5.550,4.1166,3.88928,13.550,3.950,1.450,3.8525
2,far,15,1e+13,P1,empty,1.593251e+02,4.350,0.650,5.250,-1.0000,3.77525,7.350,3.450,4.550,-1.0000
2,far,15,1e+13,P1,person,1.765590e+02,4.550,1.950,5.550,4.2270,3.72942,9.150,4.350,1.450,3.1688
2,far,15,1e+13,P1,vehicle,1.477632e+02,4.750,1.550,5.550,3.7260,3.78892,12.150,0.850,4.550,1.2706
2,far,15,1e+13,P2,empty,2.129913e+02,4.350,2.350,5.650,-1.0000,3.63776,8.550,1.850,2.650,-1.0000
2,far,15,1e+13,P2,person,1.985156e+02,4.550,2.350,5.550,4.2694,3.72227,8.450,1.350,5.450,2.0401
2,far,15,1e+13,P2,vehicle,1.846824e+02,5.250,4.650,5.450,4.2974,3.77180,11.650,2.550,5.350,1.2529
2,far,15,1e+14,P1,empty,5.516798e+02,4.450,3.750,4.750,-1.0000,4.30489,4.450,3.750,4.750,-1.0000
2,far,15,1e+14,P1,person,4.090768e+02,4.850,2.550,5.650,4.1078,3.79160,9.650,2.650,2.750,1.4349
2,far,15,1e+14,P1,vehicle,4.334474e+02,4.550,2.450,5.650,3.9970,3.87076,9.450,4.250,1.450,3.0149
2,far,15,1e+14,P2,empty,7.414236e+02,4.750,0.950,5.650,-1.0000,3.64096,8.350,2.750,2.050,-1.0000
2,far,15,1e+14,P2,person,6.832203e+02,4.350,4.050,5.650,5.0260,3.47401,5.650,0.650,2.050,2.7492
2,far,15,1e+14,P2,vehicle,6.689562e+02,4.350,4.450,5.650,4.9140,3.44556,9.650,4.650,2.450,2.9488
2,far,15,1e+15,P1,empty,1.438692e+03,4.550,1.250,5.450,-1.0000,3.58710,9.250,2.950,4.550,-1.0000
2,far,15,1e+15,P1,person,1.460244e+03,4.450,0.850,5.450,4.2573,3.67915,8.150,0.750,2.250,0.8607
2,far,15,1e+15,P1,vehicle,1.502053e+03,4.850,1.050,5.550,3.6287,3.59946,10.950,3.950,3.150,2.1519
2,far,15,1e+15,P2,empty,2.033032e+03,5.050,0.750,5.450,-1.0000,3.73217,4.350,0.650,2.950,-1.0000
2,far,15,1e+15,P2,person,2.037732e+03,4.550,2.550,5.550,4.3044,4.07047,9.550,2.850,4.650,1.9221
2,far,15,1e+15,P2,vehicle,1.969466e+03,4.450,0.650,5.650,4.0410,4.04685,4.750,1.350,3.550,3.6294
2,far,10,1e+12,P1,empty,2.685828e+01,7.350,3.450,2.850,-1.0000,4.18333,7.350,3.450,2.850,-1.0000
2,far,10,1e+12,P1,person,2.599901e+01,4.650,1.550,5.650,4.1864,4.01996,10.550,2.650,4.050,2.2300
2,far,10,1e+12,P1,vehicle,2.498996e+01,8.550,1.450,4.350,0.0000,3.89840,8.550,1.450,4.350,0.0000
2,far,10,1e+12,P2,empty,3.758453e+01,5.750,3.450,1.450,-1.0000,4.13328,5.750,3.450,1.450,-1.0000
2,far,10,1e+12,P2,person,3.703217e+01,10.450,4.050,3.350,2.9683,4.09688,10.450,4.050,3.350,2.9683
2,far,10,1e+12,P2,vehicle,3.539249e+01,4.650,2.050,1.750,4.0117,3.88129,4.650,2.050,1.750,4.0117
2,far,10,1e+13,P1,empty,7.297832e+01,4.350,2.450,5.350,-1.0000,3.49466,7.750,3.550,5.450,-1.0000
2,far,10,1e+13,P1,person,8.648926e+01,12.050,1.750,4.250,3.5155,4.26078,12.050,1.750,4.250,3.5155
2,far,10,1e+13,P1,vehicle,8.543909e+01,11.950,3.550,5.350,2.1499,4.23776,11.950,3.550,5.350,2.1499
2,far,10,1e+13,P2,empty,1.114002e+02,6.850,3.850,5.550,-1.0000,3.88040,6.850,3.850,5.550,-1.0000
2,far,10,1e+13,P2,person,1.081377e+02,6.550,1.950,3.250,1.6556,3.78108,6.550,1.950,3.250,1.6556
2,far,10,1e+13,P2,vehicle,9.803687e+01,9.750,1.450,2.150,1.0570,3.42587,13.350,3.150,5.050,2.8362
2,far,10,1e+14,P1,empty,2.315314e+02,5.950,3.950,3.450,-1.0000,3.62797,5.950,3.950,3.450,-1.0000
2,far,10,1e+14,P1,person,2.189534e+02,5.850,2.450,5.050,2.9517,3.38202,12.550,4.450,2.150,4.8783
2,far,10,1e+14,P1,vehicle,2.461059e+02,11.950,2.150,5.050,1.1774,3.82481,11.950,2.150,5.050,1.1774
2,far,10,1e+14,P2,empty,3.375709e+02,4.450,1.650,4.850,-1.0000,3.68406,6.950,0.350,2.550,-1.0000
2,far,10,1e+14,P2,person,3.243372e+02,7.950,3.350,1.750,2.1513,3.57116,7.950,3.350,1.750,2.1513
2,far,10,1e+14,P2,vehicle,3.255518e+02,9.950,4.550,4.250,2.7500,3.59660,9.950,4.550,4.250,2.7500
2,far,10,1e+15,P1,empty,7.735255e+02,9.350,1.650,2.850,-1.0000,3.79845,9.350,1.650,2.850,-1.0000
2,far,10,1e+15,P1,person,7.925910e+02,9.050,4.550,3.950,2.9300,3.92423,9.050,4.550,3.950,2.9300
2,far,10,1e+15,P1,vehicle,7.416726e+02,7.650,4.650,4.550,2.9419,3.67459,7.650,4.650,4.550,2.9419
2,far,10,1e+15,P2,empty,1.041949e+03,12.050,2.050,5.150,-1.0000,3.66828,12.050,2.050,5.150,-1.0000
2,far,10,1e+15,P2,person,1.051224e+03,10.850,3.750,4.850,3.3429,3.66091,12.450,2.150,2.850,3.8486
2,far,10,1e+15,P2,vehicle,1.099051e+03,12.850,1.550,1.550,2.5747,3.82529,12.850,1.550,1.550,2.5747
2,far,5,1e+12,P1,empty,2.482861e+01,12.650,2.550,2.550,-1.0000,3.88193,12.650,2.550,2.550,-1.0000
2,far,5,1e+12,P1,person,2.631528e+01,9.650,4.450,5.350,3.5147,4.10592,9.650,4.450,5.350,3.5147
2,far,5,1e+12,P1,vehicle,2.721481e+01,8.350,2.650,3.050,0.8649,4.26078,8.350,2.650,3.050,0.8649
2,far,5,1e+12,P2,empty,3.351666e+01,7.350,3.850,2.850,-1.0000,3.70768,7.350,3.850,2.850,-1.0000
2,far,5,1e+12,P2,person,3.215692e+01,8.650,1.250,5.650,2.2401,3.57581,8.650,1.250,5.650,2.2401
2,far,5,1e+12,P2,vehicle,3.440446e+01,5.250,3.650,5.650,3.7556,3.81076,5.250,3.650,5.650,3.7556
2,far,5,1e+13,P1,empty,7.117523e+01,5.550,1.450,3.150,-1.0000,3.51418,5.550,1.450,3.150,-1.0000
2,far,5,1e+13,P1,person,8.137329e+01,4.350,3.450,1.950,4.3735,4.00221,4.350,3.450,1.950,4.3735
2,far,5,1e+13,P1,vehicle,8.322882e+01,12.650,1.350,3.550,1.7706,4.09991,12.650,1.350,3.550,1.7706
2,far,5,1e+13,P2,empty,1.045136e+02,6.850,4.550,3.750,-1.0000,3.66616,6.850,4.550,3.750,-1.0000
2,far,5,1e+13,P2,person,1.054704e+02,8.350,4.550,4.350,3.0010,3.68342,8.350,4.550,4.350,3.0010
2,far,5,1e+13,P2,vehicle,1.017281e+02,11.750,3.550,2.750,2.0073,3.54941,11.750,3.550,2.750,2.0073
2,far,5,1e+14,P1,empty,2.294835e+02,5.550,2.850,1.850,-1.0000,3.58160,5.550,2.850,1.850,-1.0000
2,far,5,1e+14,P1,person,2.665936e+02,4.750,3.650,2.150,4.0663,4.14766,4.750,3.650,2.150,4.0663
2,far,5,1e+14,P1,vehicle,2.219058e+02,7.850,4.250,5.650,2.6781,3.47746,7.850,4.250,5.650,2.6781
2,far,5,1e+14,P2,empty,3.222474e+02,10.150,2.050,2.850,-1.0000,3.55258,10.150,2.050,2.850,-1.0000
2,far,5,1e+14,P2,person,3.043918e+02,6.050,2.050,5.150,2.7777,3.36752,6.050,2.050,5.150,2.7777
2,far,5,1e+14,P2,vehicle,3.701796e+02,13.650,4.150,2.350,3.7327,4.08248,13.650,4.150,2.350,3.7327
2,far,5,1e+15,P1,empty,7.365366e+02,4.950,2.250,2.950,-1.0000,3.63645,4.950,2.250,2.950,-1.0000
2,far,5,1e+15,P1,person,6.966711e+02,13.550,3.850,5.450,5.7381,3.45221,13.550,3.850,5.450,5.7381
2,far,5,1e+15,P1,vehicle,7.366190e+02,4.750,2.850,3.150,3.7787,3.63343,4.750,2.850,3.150,3.7787
2,far,5,1e+15,P2,empty,1.005069e+03,11.450,3.550,3.950,-1.0000,3.51784,11.450,3.550,3.950,-1.0000
2,far,5,1e+15,P2,person,1.036360e+03,13.450,3.850,2.650,5.2917,3.61543,13.450,3.850,2.650,5.2917
2,far,5,1e+15,P2,vehicle,1.008539e+03,5.750,3.050,3.350,2.9114,3.51115,5.750,3.050,3.350,2.9114
2,near,inf,1e+12,P1,empty,9.512817e+02,5.450,0.450,5.650,-1.0000,3.66707,11.050,2.150,4.550,-1.0000
2,near,inf,1e+12,P1,person,1.055974e+03,5.150,0.750,5.250,3.5507,3.92323,8.150,4.350,2.750,2.6746
2,near,inf,1e+12,P1,vehicle,8.719706e+02,4.850,1.150,5.550,3.6287,3.52270,11.050,3.650,3.650,1.8579
2,near,inf,1e+12,P2,empty,1.312735e+03,4.450,3.750,5.650,-1.0000,3.43839,9.150,0.950,1.550,-1.0000
2,near,inf,1e+12,P2,person,1.339063e+03,4.450,0.350,4.850,4.0046,3.76434,6.550,1.450,4.350,1.8874
2,near,inf,1e+12,P2,vehicle,1.206402e+03,4.450,4.250,5.150,4.6518,3.48720,11.750,3.050,3.450,1.5233
2,near,inf,1e+13,P1,empty,4.106112e+03,4.350,0.950,5.550,-1.0000,3.89375,4.550,0.950,5.550,-1.0000
2,near,inf,1e+13,P1,person,4.940675e+03,4.550,4.650,5.350,5.0687,4.19776,4.550,4.650,5.350,5.0687
2,near,inf,1e+13,P1,vehicle,4.615176e+03,4.750,1.050,5.650,3.7499,4.41775,4.750,1.050,5.650,3.7499
2,near,inf,1e+13,P2,empty,3.592567e+03,4.750,3.750,4.650,-1.0000,3.76520,7.650,4.650,2.050,-1.0000
2,near,inf,1e+13,P2,person,4.434081e+03,4.550,0.750,4.950,3.9493,3.56605,9.150,4.050,4.750,2.7535
2,near,inf,1e+13,P2,vehicle,4.129765e+03,4.350,3.250,5.350,4.3303,3.56259,7.150,2.750,1.850,2.0629
2,near,inf,1e+14,P1,empty,2.651671e+04,4.650,1.050,5.650,-1.0000,8.24133,4.650,1.050,5.650,-1.0000
2,near,inf,1e+14,P1,person,2.916558e+04,4.350,3.950,5.650,4.9800,8.47347,4.350,3.950,5.650,4.9800
2,near,inf,1e+14,P1,vehicle,2.795450e+04,4.650,0.850,5.450,3.8027,8.43850,4.750,1.050,5.650,3.7499
2,near,inf,1e+14,P2,empty,1.160844e+04,5.050,0.550,4.950,-1.0000,3.68998,5.350,0.750,2.050,-1.0000
2,near,inf,1e+14,P2,person,1.239282e+04,4.550,3.850,5.150,4.5690,3.68449,8.050,3.950,2.150,2.4500
2,near,inf,1e+14,P2,vehicle,1.152094e+04,4.350,0.450,4.550,4.0294,3.82030,7.350,3.750,1.550,2.7582
2,near,inf,1e+15,P1,empty,2.752666e+05,4.750,1.050,5.650,-1.0000,26.34913,4.750,1.050,5.650,-1.0000
2,near,inf,1e+15,P1,person,2.901888e+05,4.350,3.950,5.650,4.9800,26.66067,4.350,3.950,5.650,4.9800
2,near,inf,1e+15,P1,vehicle,2.657146e+05,4.350,3.950,5.650,4.6634,24.96968,4.750,1.050,5.650,3.7499
2,near,inf,1e+15,P2,empty,4.153944e+04,4.350,1.250,5.450,-1.0000,3.39246,5.650,0.550,5.050,-1.0000
2,near,inf,1e+15,P2,person,4.038632e+04,4.850,4.650,5.250,4.8189,3.75491,6.950,1.950,3.650,1.2843
2,near,inf,1e+15,P2,vehicle,3.906621e+04,4.550,1.050,5.050,3.8447,3.44100,13.550,0.450,3.750,2.6706
2,near,50,1e+12,P1,empty,5.417191e+02,4.650,0.650,5.250,-1.0000,3.82987,12.350,1.350,3.150,-1.0000
2,near,50,1e+12,P1,person,6.747334e+02,4.850,1.050,5.650,4.0189,3.65997,13.650,1.150,3.950,5.0423
2,near,50,1e+12,P1,vehicle,6.340017e+02,4.850,3.650,5.450,4.0535,3.54833,10.450,1.650,2.750,0.4570
2,near,50,1e+12,P2,empty,8.182344e+02,4.450,4.150,5.250,-1.0000,3.76531,6.450,1.150,1.450,-1.0000
2,near,50,1e+12,P2,person,8.329417e+02,4.650,3.150,5.550,4.3807,3.73737,13.650,2.950,4.750,5.3378
2,near,50,1e+12,P2,vehicle,8.427944e+02,4.550,3.850,5.650,4.4448,3.40947,12.250,1.450,3.650,1.3706
2,near,50,1e+13,P1,empty,1.865192e+03,4.550,4.550,5.450,-1.0000,3.96273,10.650,0.750,1.850,-1.0000
2,near,50,1e+13,P1,person,2.331851e+03,4.350,4.250,5.450,5.0383,3.41427,12.450,3.350,1.750,4.3719
2,near,50,1e+13,P1,vehicle,2.004024e+03,4.350,3.950,5.650,4.6634,3.44329,7.350,1.150,3.150,1.0310
2,near,50,1e+13,P2,empty,3.097772e+03,5.050,0.550,5.450,-1.0000,3.66032,5.350,3.850,2.950,-1.0000
2,near,50,1e+13,P2,person,2.904813e+03,4.550,3.050,5.550,4.4303,3.44529,5.350,1.150,4.850,3.1813
2,near,50,1e+13,P2,vehicle,2.868095e+03,4.650,3.550,5.650,4.2261,4.02432,8.250,2.750,3.950,0.9588
2,near,50,1e+14,P1,empty,1.023653e+04,4.450,1.050,5.650,-1.0000,4.43354,4.750,0.850,5.450,-1.0000
2,near,50,1e+14,P1,person,9.265198e+03,4.750,1.050,5.650,4.1023,3.99091,4.750,1.050,5.650,4.1023
2,near,50,1e+14,P1,vehicle,1.241521e+04,4.650,0.850,5.450,3.8027,5.55567,4.650,0.850,5.450,3.8027
2,near,50,1e+14,P2,empty,1.093974e+04,4.650,3.950,5.350,-1.0000,4.06019,9.950,1.650,2.250,-1.0000
2,near,50,1e+14,P2,person,8.969167e+03,4.550,0.850,5.350,4.1218,3.62372,8.250,2.650,5.450,2.2504
2,near,50,1e+14,P2,vehicle,8.168696e+03,4.350,2.350,5.450,4.1341,3.80901,12.750,1.750,5.350,1.9780
2,near,50,1e+15,P1,empty,9.420381e+04,4.750,0.850,5.450,-1.0000,13.53491,4.750,0.850,5.450,-1.0000
2,near,50,1e+15,P1,person,9.091068e+04,4.350,4.150,5.450,4.9884,12.89415,4.850,0.850,5.450,3.9109
2,near,50,1e+15,P1,vehicle,9.358831e+04,4.750,0.850,5.450,3.7047,13.44648,4.750,0.850,5.450,3.7047
2,near,50,1e+15,P2,empty,4.041731e+04,4.350,1.050,5.550,-1.0000,3.69468,4.350,1.050,5.550,-1.0000
2,near,50,1e+15,P2,person,2.607550e+04,4.550,0.450,5.150,4.0315,3.55509,11.950,0.350,3.850,3.3424
2,near,50,1e+15,P2,vehicle,2.410193e+04,4.850,1.150,5.050,3.5460,3.51007,11.650,0.850,3.650,0.7706
2,near,30,1e+12,P1,empty,4.713600e+02,4.450,1.350,5.550,-1.0000,3.67625,4.550,4.550,2.350,-1.0000
2,near,30,1e+12,P1,person,4.258503e+02,4.350,1.450,5.650,4.4427,3.82125,11.050,0.350,4.350,2.5900
2,near,30,1e+12,P1,vehicle,4.507177e+02,4.350,3.350,5.650,4.4190,4.22439,13.250,3.350,4.150,2.8324
2,near,30,1e+12,P2,empty,5.761147e+02,4.350,3.150,4.850,-1.0000,3.79509,9.150,3.450,4.050,-1.0000
2,near,30,1e+12,P2,person,7.040718e+02,4.450,3.750,5.550,4.7692,3.81471,5.550,3.650,3.850,3.3088
2,near,30,1e+12,P2,vehicle,6.588123e+02,4.350,1.550,5.650,4.1383,3.92999,9.650,0.550,3.050,0.1570
2,near,30,1e+13,P1,empty,1.203111e+03,5.150,1.550,5.150,-1.0000,3.47266,10.450,3.350,1.850,-1.0000
2,near,30,1e+13,P1,person,1.625983e+03,4.350,0.550,5.350,4.2993,3.97724,6.950,4.350,2.350,3.0215
2,near,30,1e+13,P1,vehicle,1.337164e+03,4.450,0.450,5.250,3.9667,3.71641,5.550,3.450,5.250,3.3201
2,near,30,1e+13,P2,empty,1.850109e+03,4.350,2.450,5.650,-1.0000,3.90134,13.150,2.250,3.650,-1.0000
2,near,30,1e+13,P2,person,2.042583e+03,4.350,4.150,5.250,4.9100,3.78107,9.450,1.950,4.750,1.5874
2,near,30,1e+13,P2,vehicle,2.081894e+03,4.350,1.550,5.350,4.0804,3.60628,6.450,4.650,3.950,3.4417
2,near,30,1e+14,P1,empty,6.688914e+03,4.750,0.850,5.450,-1.0000,4.00893,4.750,0.850,5.450,-1.0000
2,near,30,1e+14,P1,person,6.626137e+03,4.750,0.950,5.550,4.0485,4.08580,8.650,2.950,2.950,1.2603
2,near,30,1e+14,P1,vehicle,5.388252e+03,4.650,0.950,5.550,3.8235,3.79693,9.250,4.150,4.650,2.3500
2,near,30,1e+14,P2,empty,6.991523e+03,4.650,0.450,4.850,-1.0000,3.70937,8.150,4.650,1.550,-1.0000
2,near,30,1e+14,P2,person,7.165075e+03,4.450,1.850,5.350,4.2130,3.85940,5.950,1.850,5.350,2.9646
2,near,30,1e+14,P2,vehicle,5.567343e+03,4.550,0.850,5.350,3.8830,4.14240,8.350,1.650,4.250,0.0294
2,near,30,1e+15,P1,empty,4.624454e+04,4.350,4.150,5.450,-1.0000,8.23005,4.350,4.150,5.450,-1.0000
2,near,30,1e+15,P1,person,4.750745e+04,4.350,4.050,5.550,4.9822,8.46568,4.350,4.050,5.550,4.9822
2,near,30,1e+15,P1,vehicle,4.249636e+04,4.750,0.850,5.450,3.7047,8.05424,4.750,0.850,5.450,3.7047
2,near,30,1e+15,P2,empty,2.096290e+04,5.050,1.050,5.650,-1.0000,3.37456,4.850,0.450,3.950,-1.0000
2,near,30,1e+15,P2,person,1.946880e+04,4.850,0.850,5.150,3.7631,3.88920,4.550,2.150,1.450,4.0228
2,near,30,1e+15,P2,vehicle,2.262912e+04,4.450,1.850,5.450,3.9993,3.44773,13.650,0.950,5.350,2.8442
2,near,20,1e+12,P1,empty,3.273504e+02,4.550,1.550,5.550,-1.0000,3.82122,7.450,0.650,3.250,-1.0000
2,near,20,1e+12,P1,person,3.440139e+02,4.850,2.350,5.350,3.9140,3.95972,10.050,1.950,1.750,1.9772
2,near,20,1e+12,P1,vehicle,3.093513e+02,5.050,2.050,5.550,3.4435,3.57874,9.750,2.750,2.850,1.0149
2,near,20,1e+12,P2,empty,4.447957e+02,4.450,0.850,5.650,-1.0000,3.38614,8.950,1.450,4.950,-1.0000
2,near,20,1e+12,P2,person,5.022725e+02,4.350,4.650,4.950,5.0788,4.11393,4.550,0.350,2.750,3.6544
2,near,20,1e+12,P2,vehicle,3.998461e+02,4.350,3.450,5.650,4.4551,3.45071,4.350,1.150,1.650,4.3198
2,near,20,1e+13,P1,empty,1.051826e+03,4.550,3.050,5.250,-1.0000,3.77355,9.450,2.350,4.250,-1.0000
2,near,20,1e+13,P1,person,9.856304e+02,4.450,2.450,5.150,4.1896,3.69083,7.850,1.550,3.950,0.6364
2,near,20,1e+13,P1,vehicle,8.526958e+02,4.450,3.150,5.350,4.2043,3.78884,9.350,4.050,4.750,2.2504
2,near,20,1e+13,P2,empty,1.261490e+03,4.650,0.450,5.250,-1.0000,3.38141,9.950,1.650,1.350,-1.0000
2,near,20,1e+13,P2,person,1.534044e+03,4.750,2.150,5.650,4.1269,3.35375,6.050,1.550,1.850,2.4805
2,near,20,1e+13,P2,vehicle,1.516557e+03,4.750,3.950,5.550,4.3018,3.67361,9.150,3.550,2.550,1.8693
2,near,20,1e+14,P1,empty,3.788709e+03,4.750,1.050,5.650,-1.0000,3.83865,11.450,1.850,4.850,-1.0000
2,near,20,1e+14,P1,person,3.389044e+03,4.350,3.950,5.650,4.9800,3.78481,9.250,4.150,4.050,2.6054
2,near,20,1e+14,P1,vehicle,3.395432e+03,4.650,4.050,5.550,4.4364,3.49350,4.950,1.350,1.550,3.8087
2,near,20,1e+14,P2,empty,4.197471e+03,5.250,0.550,5.550,-1.0000,3.74792,6.050,0.550,3.250,-1.0000
2,near,20,1e+14,P2,person,5.529854e+03,4.450,2.050,5.550,4.3203,3.70184,12.950,3.350,3.150,4.6182
2,near,20,1e+14,P2,vehicle,4.787185e+03,4.650,3.050,5.650,4.0448,3.44964,7.950,3.050,3.150,1.3229
2,near,20,1e+15,P1,empty,2.302991e+04,4.750,0.850,5.450,-1.0000,6.20668,4.750,0.850,5.450,-1.0000
2,near,20,1e+15,P1,person,2.250737e+04,4.450,0.850,5.450,4.2573,5.45487,4.450,0.850,5.450,4.2573
2,near,20,1e+15,P1,vehicle,1.874980e+04,4.650,0.850,5.450,3.8027,4.93037,5.450,0.550,5.650,3.0774
2,near,20,1e+15,P2,empty,1.248974e+04,4.850,3.950,5.550,-1.0000,3.67422,11.650,0.350,1.650,-1.0000
2,near,20,1e+15,P2,person,1.183599e+04,4.350,3.550,5.650,4.8125,3.57523,9.950,0.850,4.150,1.5075
2,near,20,1e+15,P2,vehicle,1.408388e+04,4.450,2.650,5.650,4.1294,3.64462,12.150,2.250,2.450,1.5460
2,near,15,1e+12,P1,empty,2.095445e+02,4.550,2.550,5.350,-1.0000,3.61892,10.350,2.750,4.950,-1.0000
2,near,15,1e+12,P1,person,2.414241e+02,4.450,1.850,5.650,4.3592,3.76998,10.450,1.250,1.350,2.5270
2,near,15,1e+12,P1,vehicle,2.288562e+02,4.650,1.550,5.650,3.8468,3.65703,11.950,3.250,5.650,2.0342
2,near,15,1e+12,P2,empty,3.168557e+02,4.450,1.150,5.450,-1.0000,3.61509,9.750,2.150,1.450,-1.0000
2,near,15,1e+12,P2,person,3.189785e+02,4.550,4.150,5.650,4.9240,3.76277,11.850,2.150,2.250,3.3567
2,near,15,1e+12,P2,vehicle,3.853528e+02,4.350,1.250,5.550,4.1166,3.60014,7.550,1.350,5.250,0.9913
2,near,15,1e+13,P1,empty,7.760536e+02,4.450,2.750,5.650,-1.0000,3.68559,5.550,1.750,2.150,-1.0000
2,near,15,1e+13,P1,person,5.776238e+02,4.450,3.450,5.350,4.5595,3.44125,10.750,4.550,1.550,3.8758
2,near,15,1e+13,P1,vehicle,6.766655e+02,4.650,4.350,4.750,4.5180,4.02019,4.650,4.350,4.750,4.5180
2,near,15,1e+13,P2,empty,9.043691e+02,4.550,3.350,5.650,-1.0000,3.47006,12.650,3.950,3.350,-1.0000
2,near,15,1e+13,P2,person,8.979340e+02,4.850,3.150,5.650,4.2724,3.79340,11.050,2.950,3.650,2.7284
2,near,15,1e+13,P2,vehicle,1.014045e+03,4.350,1.450,5.450,4.0973,3.66911,7.050,3.350,5.450,2.1730
2,near,15,1e+14,P1,empty,1.847244e+03,4.350,4.150,5.450,-1.0000,3.89791,7.850,1.250,2.650,-1.0000
2,near,15,1e+14,P1,person,2.075475e+03,4.350,0.750,5.350,4.2993,3.61656,12.650,3.650,4.850,4.6886
2,near,15,1e+14,P1,vehicle,2.044348e+03,4.450,1.450,5.450,3.9990,3.56448,6.350,2.150,4.850,2.0643
2,near,15,1e+14,P2,empty,3.499519e+03,4.650,1.350,5.650,-1.0000,3.80232,13.450,3.750,2.650,-1.0000
2,near,15,1e+14,P2,person,3.302092e+03,4.450,1.850,5.450,4.2599,3.54294,7.550,3.250,4.150,1.8318
2,near,15,1e+14,P2,vehicle,3.078074e+03,4.750,1.250,5.650,3.7499,3.61979,12.650,1.550,4.950,1.7872
2,near,15,1e+15,P1,empty,9.433829e+03,4.350,0.350,5.450,-1.0000,3.73131,12.250,3.550,4.050,-1.0000
2,near,15,1e+15,P1,person,9.745571e+03,4.350,4.450,5.350,5.1036,3.89308,4.350,4.450,5.350,5.1036
2,near,15,1e+15,P1,vehicle,1.084403e+04,4.550,0.950,5.550,3.9211,3.90052,4.650,0.850,5.450,3.8027
2,near,15,1e+15,P2,empty,1.058858e+04,4.350,0.450,5.650,-1.0000,4.14434,4.450,2.150,3.050,-1.0000
2,near,15,1e+15,P2,person,1.174362e+04,4.350,1.250,5.650,4.4427,3.45847,11.550,4.150,1.750,4.0422
2,near,15,1e+15,P2,vehicle,1.322840e+04,4.450,1.350,5.550,4.0188,3.67306,9.750,3.950,2.250,2.3534
2,near,10,1e+12,P1,empty,1.045009e+02,4.450,3.050,5.650,-1.0000,4.05487,8.850,1.150,1.350,-1.0000
2,near,10,1e+12,P1,person,1.316957e+02,4.450,0.950,5.650,4.3567,4.00726,12.850,0.450,2.450,4.2647
2,near,10,1e+12,P1,vehicle,1.528545e+02,4.450,2.250,5.550,4.0439,4.60532,4.950,4.450,2.450,4.3996
2,near,10,1e+12,P2,empty,1.991423e+02,4.350,0.950,5.650,-1.0000,3.34382,8.350,4.450,3.250,-1.0000
2,near,10,1e+12,P2,person,1.792640e+02,4.950,0.750,5.350,3.7736,3.78792,9.950,4.250,3.050,2.8690
2,near,10,1e+12,P2,vehicle,1.798014e+02,4.350,1.050,5.650,4.1383,3.94847,9.550,3.150,3.650,1.3500
2,near,10,1e+13,P1,empty,3.730847e+02,4.350,3.250,5.550,-1.0000,3.75645,9.150,0.950,4.050,-1.0000
2,near,10,1e+13,P1,person,3.266239e+02,4.550,1.050,5.150,4.0315,3.49639,12.450,2.550,1.350,4.2850
2,near,10,1e+13,P1,vehicle,3.685640e+02,4.450,1.750,5.650,4.0410,4.11563,8.450,1.750,2.450,0.7570
2,near,10,1e+13,P2,empty,6.197365e+02,4.550,1.250,5.450,-1.0000,3.81326,12.450,0.750,3.250,-1.0000
2,near,10,1e+13,P2,person,5.462761e+02,4.550,0.950,5.650,4.2712,3.58308,11.650,2.750,5.450,3.7874
2,near,10,1e+13,P2,vehicle,4.987594e+02,4.350,0.850,5.450,4.0973,3.69642,7.850,2.750,3.550,1.0875
2,near,10,1e+14,P1,empty,1.240035e+03,4.650,1.250,5.150,-1.0000,3.69860,12.750,1.350,2.250,-1.0000
2,near,10,1e+14,P1,person,1.223016e+03,4.350,0.950,5.250,4.2551,3.44352,13.650,1.950,1.850,5.1753
2,near,10,1e+14,P1,vehicle,9.458803e+02,4.550,0.850,5.450,3.9008,3.59295,8.150,3.650,3.950,1.8642
2,near,10,1e+14,P2,empty,1.875768e+03,4.650,1.650,5.550,-1.0000,3.44778,11.550,2.050,3.350,-1.0000
2,near,10,1e+14,P2,person,1.668559e+03,4.350,1.950,5.450,4.3525,3.65760,9.150,3.350,4.650,2.1269
2,near,10,1e+14,P2,vehicle,1.397919e+03,4.350,2.150,5.350,4.0953,3.95644,11.850,4.150,4.150,2.5426
2,near,10,1e+15,P1,empty,3.386622e+03,4.350,0.350,5.450,-1.0000,3.37619,9.750,3.350,3.750,-1.0000
2,near,10,1e+15,P1,person,3.031975e+03,4.750,0.850,5.450,3.9966,3.54171,8.250,4.450,3.250,2.7500
2,near,10,1e+15,P1,vehicle,3.448969e+03,4.750,0.850,5.450,3.7047,3.95521,5.750,0.950,3.750,2.6294
2,near,10,1e+15,P2,empty,6.124848e+03,4.350,0.850,5.550,-1.0000,3.59118,6.050,0.750,1.450,-1.0000
2,near,10,1e+15,P2,person,4.562577e+03,4.550,4.350,5.350,4.9002,3.55243,13.050,2.950,1.350,4.9130
2,near,10,1e+15,P2,vehicle,5.956385e+03,4.350,1.350,5.650,4.1383,3.62801,8.050,4.150,3.650,2.3730
2,near,5,1e+12,P1,empty,2.666241e+01,13.150,2.250,5.150,-1.0000,4.17432,13.150,2.250,5.150,-1.0000
2,near,5,1e+12,P1,person,2.338699e+01,5.950,3.750,2.150,3.1822,3.64862,5.950,3.750,2.150,3.1822
2,near,5,1e+12,P1,vehicle,2.823956e+01,10.050,2.750,2.450,1.2147,4.40799,10.050,2.750,2.450,1.2147
2,near,5,1e+12,P2,empty,3.226093e+01,5.450,1.350,3.650,-1.0000,3.55401,5.450,1.350,3.650,-1.0000
2,near,5,1e+12,P2,person,3.969104e+01,9.650,3.450,1.750,2.4370,4.38575,9.650,3.450,1.750,2.4370
2,near,5,1e+12,P2,vehicle,3.303918e+01,8.950,3.750,1.750,2.4342,3.65936,8.950,3.750,1.750,2.4342
2,near,5,1e+13,P1,empty,8.981516e+01,5.250,1.550,2.250,-1.0000,4.41046,5.250,1.550,2.250,-1.0000
2,near,5,1e+13,P1,person,7.895023e+01,4.750,2.050,5.550,4.0636,3.50161,9.150,1.850,4.150,0.9131
2,near,5,1e+13,P1,vehicle,7.531390e+01,10.350,0.350,3.550,0.0000,3.72838,10.350,0.350,3.550,0.0000
2,near,5,1e+13,P2,empty,1.001985e+02,12.250,3.750,1.650,-1.0000,3.48955,12.250,3.750,1.650,-1.0000
2,near,5,1e+13,P2,person,1.115161e+02,10.350,0.850,4.250,1.9082,3.90407,10.350,0.850,4.250,1.9082
2,near,5,1e+13,P2,vehicle,1.071849e+02,9.550,2.450,1.750,1.5954,3.74815,9.550,2.450,1.750,1.5954
2,near,5,1e+14,P1,empty,2.252969e+02,4.350,0.550,1.750,-1.0000,3.51730,5.350,1.450,1.550,-1.0000
2,near,5,1e+14,P1,person,2.237918e+02,13.050,1.850,3.550,4.4181,3.48787,13.050,1.850,3.550,4.4181
2,near,5,1e+14,P1,vehicle,2.248828e+02,7.850,2.450,4.350,0.8383,3.52016,7.850,2.450,4.350,0.8383
2,near,5,1e+14,P2,empty,3.391213e+02,12.250,0.950,4.950,-1.0000,3.73385,12.250,0.950,4.950,-1.0000
2,near,5,1e+14,P2,person,3.052465e+02,13.450,2.550,4.350,4.9774,3.38888,13.450,2.550,4.350,4.9774
2,near,5,1e+14,P2,vehicle,3.228001e+02,7.850,4.550,3.150,2.8011,3.56114,7.850,4.550,3.150,2.8011
2,near,5,1e+15,P1,empty,7.305497e+02,11.650,3.650,1.550,-1.0000,3.60482,11.650,3.650,1.550,-1.0000
2,near,5,1e+15,P1,person,7.426630e+02,8.150,2.150,2.050,1.1521,3.67794,8.150,2.150,2.050,1.1521
2,near,5,1e+15,P1,vehicle,8.467325e+02,11.150,2.550,1.750,1.6609,4.19514,11.150,2.550,1.750,1.6609
2,near,5,1e+15,P2,empty,1.155840e+03,10.950,2.250,3.650,-1.0000,4.05889,10.950,2.250,3.650,-1.0000
2,near,5,1e+15,P2,person,1.082698e+03,12.650,2.850,4.750,4.3846,3.81080,12.650,2.850,4.750,4.3846
2,near,5,1e+15,P2,vehicle,1.178957e+03,12.150,3.350,5.250,2.0765,4.11035,12.150,3.350,5.250,2.0765
3,far,inf,1e+12,P1,empty,1.128114e+03,5.250,4.650,5.650,-1.0000,3.69397,7.850,2.650,1.350,-1.0000
3,far,inf,1e+12,P1,person,9.133221e+02,4.950,3.150,5.550,3.9310,3.77499,13.150,1.050,5.450,5.3824
3,far,inf,1e+12,P1,vehicle,8.672255e+02,4.650,2.250,5.350,4.4072,3.91989,5.250,1.950,3.550,3.7162
3,far,inf,1e+12,P2,empty,1.077792e+03,5.650,4.450,5.450,-1.0000,3.44035,8.450,2.850,5.050,-1.0000
3,far,inf,1e+12,P2,person,1.131343e+03,5.550,1.050,4.850,2.7519,3.51029,8.950,1.250,3.050,0.7118
3,far,inf,1e+12,P2,vehicle,1.233819e+03,4.750,4.050,5.450,4.8578,3.39788,7.250,3.850,4.850,2.6869
3,far,inf,1e+13,P1,empty,3.539805e+03,4.650,4.150,5.450,-1.0000,3.67983,11.850,3.450,4.650,-1.0000
3,far,inf,1e+13,P1,person,3.637951e+03,4.750,0.750,5.450,3.7517,3.71738,4.750,0.750,5.450,3.7517
3,far,inf,1e+13,P1,vehicle,3.351408e+03,4.650,0.750,5.450,4.4032,3.82721,10.150,1.450,1.950,1.1141
3,far,inf,1e+13,P2,empty,4.166196e+03,5.050,1.650,4.950,-1.0000,3.59181,5.050,1.650,4.950,-1.0000
3,far,inf,1e+13,P2,person,4.696040e+03,4.550,3.850,5.450,4.4669,3.36539,11.650,3.350,2.850,3.7912
3,far,inf,1e+13,P2,vehicle,4.564431e+03,4.350,4.550,5.250,5.4143,3.31161,4.750,0.350,3.050,4.2132
3,far,inf,1e+14,P1,empty,2.531538e+04,4.650,3.950,5.650,-1.0000,7.65702,4.650,3.950,5.650,-1.0000
3,far,inf,1e+14,P1,person,2.327692e+04,4.750,4.150,5.450,4.4808,7.66068,4.650,1.050,5.650,3.9514
3,far,inf,1e+14,P1,vehicle,2.583005e+04,4.650,4.050,5.550,4.9637,8.24838,4.650,4.050,5.550,4.9637
3,far,inf,1e+14,P2,empty,1.369258e+04,4.550,4.550,5.150,-1.0000,3.87589,9.150,2.550,3.350,-1.0000
3,far,inf,1e+14,P2,person,1.334752e+04,4.350,4.550,5.250,4.8937,3.48185,5.250,2.250,1.450,2.9986
3,far,inf,1e+14,P2,vehicle,1.169954e+04,4.750,3.850,5.550,4.7880,3.38836,6.550,0.350,3.050,2.4132
3,far,inf,1e+15,P1,empty,2.372948e+05,4.650,4.150,5.450,-1.0000,22.83227,4.650,4.150,5.450,-1.0000
3,far,inf,1e+15,P1,person,2.414538e+05,4.650,4.150,5.450,4.5492,23.23244,4.650,4.150,5.450,4.5492
3,far,inf,1e+15,P1,vehicle,2.378979e+05,4.650,4.150,5.450,4.9911,22.89030,4.650,4.150,5.450,4.9911
3,far,inf,1e+15,P2,empty,3.546190e+04,4.750,1.650,4.150,-1.0000,3.96229,9.050,3.750,2.450,-1.0000
3,far,inf,1e+15,P2,person,3.722408e+04,7.750,1.550,2.950,0.0382,4.60398,12.450,4.650,3.550,5.1510
3,far,inf,1e+15,P2,vehicle,3.716238e+04,4.450,0.450,5.450,4.5993,3.40095,9.150,1.650,4.150,0.0000
3,far,50,1e+12,P1,empty,3.429244e+02,4.350,1.250,4.950,-1.0000,3.63667,11.250,2.350,4.350,-1.0000
3,far,50,1e+12,P1,person,3.635634e+02,4.750,3.950,4.950,4.1457,3.72754,7.350,2.950,4.650,1.9281
3,far,50,1e+12,P1,vehicle,3.320727e+02,4.550,4.050,4.750,4.9571,3.60143,10.950,2.150,3.750,0.3500
3,far,50,1e+12,P2,empty,4.820817e+02,5.050,3.150,5.150,-1.0000,3.48759,8.150,1.550,4.450,-1.0000
3,far,50,1e+12,P2,person,4.925190e+02,4.350,1.150,5.350,4.0293,3.81306,7.350,0.450,2.850,0.4492
3,far,50,1e+12,P2,vehicle,6.600101e+02,4.450,3.850,5.650,5.0745,3.56678,12.250,2.450,5.550,1.4190
3,far,50,1e+13,P1,empty,1.277171e+03,4.550,3.950,5.650,-1.0000,3.67572,4.550,0.750,4.750,-1.0000
3,far,50,1e+13,P1,person,1.120826e+03,4.450,1.350,5.550,4.0544,3.56391,8.350,3.650,4.350,2.2422
3,far,50,1e+13,P1,vehicle,1.167980e+03,4.350,3.650,5.650,5.0875,3.84585,12.950,3.250,4.950,2.1124
3,far,50,1e+13,P2,empty,1.928076e+03,4.350,1.950,5.350,-1.0000,3.62765,10.350,1.350,2.950,-1.0000
3,far,50,1e+13,P2,person,1.583940e+03,4.350,4.650,5.050,4.8752,3.80036,7.450,3.350,1.450,2.2547
3,far,50,1e+13,P2,vehicle,1.449389e+03,4.450,0.450,5.550,4.6196,3.76013,7.550,0.350,1.750,1.9298
3,far,50,1e+14,P1,empty,5.014378e+03,4.750,4.050,5.550,-1.0000,4.04944,7.750,3.250,1.950,-1.0000
3,far,50,1e+14,P1,person,4.106769e+03,4.650,4.050,5.550,4.5459,3.71723,8.750,3.350,3.750,1.7988
3,far,50,1e+14,P1,vehicle,4.270476e+03,4.350,1.050,5.650,4.7393,3.67535,11.450,2.150,1.350,1.7495
3,far,50,1e+14,P2,empty,5.446181e+03,4.450,2.350,5.650,-1.0000,3.52968,7.150,3.850,4.650,-1.0000
3,far,50,1e+14,P2,person,4.940322e+03,5.250,1.150,5.450,3.3596,3.56759,4.550,3.650,3.450,3.7853
3,far,50,1e+14,P2,vehicle,5.317551e+03,4.750,3.950,5.450,4.8123,3.53940,6.050,2.750,2.950,3.0663
3,far,50,1e+15,P1,empty,3.172748e+04,4.650,3.950,5.650,-1.0000,7.65258,4.650,4.050,5.550,-1.0000
3,far,50,1e+15,P1,person,3.634948e+04,4.350,0.850,5.450,4.0824,8.61720,4.650,4.150,5.450,4.5492
3,far,50,1e+15,P1,vehicle,3.161243e+04,4.750,4.150,5.450,4.9049,7.62256,4.750,4.150,5.450,4.9049
3,far,50,1e+15,P2,empty,1.480908e+04,5.150,4.350,4.950,-1.0000,3.62717,11.350,0.650,4.150,-1.0000
3,far,50,1e+15,P2,person,1.460453e+04,4.850,3.650,5.050,3.9597,3.79489,6.250,2.350,5.250,2.6063
3,far,50,1e+15,P2,vehicle,1.671730e+04,4.950,4.250,5.150,4.7383,3.80512,6.250,1.150,5.650,2.9224
3,far,30,1e+12,P1,empty,1.886026e+02,4.750,0.850,5.550,-1.0000,3.65806,8.950,0.950,1.750,-1.0000
3,far,30,1e+12,P1,person,2.092629e+02,5.050,3.350,5.650,3.9982,3.80983,10.450,4.350,5.350,4.0409
3,far,30,1e+12,P1,vehicle,2.070179e+02,4.450,4.550,5.150,5.3174,3.59757,11.550,1.750,3.650,0.0868
3,far,30,1e+12,P2,empty,2.669337e+02,4.450,3.750,5.150,-1.0000,3.53453,9.350,0.350,1.950,-1.0000
3,far,30,1e+12,P2,person,2.705400e+02,4.450,0.750,5.250,3.8920,4.01830,8.950,2.050,3.550,0.8484
3,far,30,1e+12,P2,vehicle,2.754842e+02,4.450,0.950,5.150,4.5511,3.59164,5.550,1.750,5.450,3.5263
3,far,30,1e+13,P1,empty,5.877714e+02,4.750,3.150,5.050,-1.0000,3.89664,13.250,4.550,5.150,-1.0000
3,far,30,1e+13,P1,person,5.709129e+02,4.950,4.550,5.150,4.4488,3.94470,13.150,2.150,3.850,4.9689
3,far,30,1e+13,P1,vehicle,5.165266e+02,4.650,0.550,5.150,4.3528,3.43822,7.850,0.750,4.450,1.1132
3,far,30,1e+13,P2,empty,9.607810e+02,5.150,4.650,5.350,-1.0000,3.48325,8.150,0.450,2.450,-1.0000
3,far,30,1e+13,P2,person,1.116089e+03,4.750,2.450,5.650,3.9444,3.59063,13.250,4.350,1.350,5.8905
3,far,30,1e+13,P2,vehicle,8.325397e+02,4.550,4.150,5.050,5.0234,3.56758,9.750,3.350,3.150,1.5500
3,far,30,1e+14,P1,empty,2.164962e+03,4.550,0.650,5.250,-1.0000,3.48013,10.450,2.750,4.150,-1.0000
3,far,30,1e+14,P1,person,2.169690e+03,4.550,4.050,5.550,4.6155,3.73204,9.550,2.550,2.750,1.5757
3,far,30,1e+14,P1,vehicle,1.752157e+03,4.450,1.950,5.550,4.6220,3.58108,13.150,2.450,3.050,1.8078
3,far,30,1e+14,P2,empty,2.618478e+03,4.350,2.550,5.650,-1.0000,3.50227,7.050,0.950,2.650,-1.0000
3,far,30,1e+14,P2,person,2.756527e+03,4.750,2.050,5.350,3.7105,3.53869,4.850,3.650,4.450,3.7253
3,far,30,1e+14,P2,vehicle,3.068859e+03,4.550,3.750,5.350,4.8884,3.51280,7.050,3.850,5.550,2.9723
3,far,30,1e+15,P1,empty,8.846821e+03,4.650,0.950,5.550,-1.0000,3.79487,4.650,0.950,5.550,-1.0000
3,far,30,1e+15,P1,person,9.549092e+03,4.650,4.050,5.550,4.5459,4.22917,4.650,4.050,5.550,4.5459
3,far,30,1e+15,P1,vehicle,8.884673e+03,4.450,4.050,5.350,5.1038,3.75066,4.450,4.050,5.350,5.1038
3,far,30,1e+15,P2,empty,8.649688e+03,4.450,2.550,5.450,-1.0000,3.91644,7.250,0.750,3.550,-1.0000
3,far,30,1e+15,P2,person,8.563138e+03,4.850,2.950,5.650,3.9951,3.51493,11.950,0.950,5.450,4.3154
3,far,30,1e+15,P2,vehicle,9.502619e+03,4.750,3.250,5.350,4.5245,3.45584,13.150,3.550,2.750,2.4508
3,far,20,1e+12,P1,empty,9.645361e+01,4.950,2.250,5.650,-1.0000,3.67174,8.250,0.450,1.850,-1.0000
3,far,20,1e+12,P1,person,7.587865e+01,5.050,1.050,5.550,3.5767,4.50588,13.350,0.950,4.350,5.2291
3,far,20,1e+12,P1,vehicle,8.364790e+01,4.550,1.550,5.550,4.5220,3.80060,7.650,4.550,1.550,3.4029
3,far,20,1e+12,P2,empty,1.255928e+02,4.750,2.850,5.450,-1.0000,3.64596,8.450,3.550,5.250,-1.0000
3,far,20,1e+12,P2,person,1.397098e+02,4.450,1.850,5.550,4.0572,3.80963,12.850,0.950,3.250,4.6118
3,far,20,1e+12,P2,vehicle,1.428995e+02,4.550,2.250,5.650,4.5670,3.83388,12.350,1.650,3.850,0.8868
3,far,20,1e+13,P1,empty,3.374789e+02,4.550,1.550,5.650,-1.0000,3.69131,8.450,3.550,4.750,-1.0000
3,far,20,1e+13,P1,person,3.008835e+02,4.350,3.850,5.250,4.5219,3.44651,10.450,4.650,3.150,3.6871
3,far,20,1e+13,P1,vehicle,2.694557e+02,4.550,1.350,5.650,4.5448,3.62388,9.850,3.050,5.250,1.4258
3,far,20,1e+13,P2,empty,5.197949e+02,4.650,3.950,5.650,-1.0000,3.72145,7.050,2.350,2.150,-1.0000
3,far,20,1e+13,P2,person,3.706974e+02,4.650,1.650,5.650,3.9514,3.79147,6.550,3.250,5.450,2.9632
3,far,20,1e+13,P2,vehicle,4.143455e+02,4.450,2.950,5.550,4.7606,3.55500,5.050,1.250,4.050,3.9132
3,far,20,1e+14,P1,empty,8.764377e+02,5.050,1.450,5.650,-1.0000,3.63422,9.650,2.050,4.550,-1.0000
3,far,20,1e+14,P1,person,1.004373e+03,4.450,1.750,5.450,3.9988,3.66194,8.550,4.150,4.050,2.5964
3,far,20,1e+14,P1,vehicle,9.432264e+02,5.350,1.450,5.450,3.7202,3.74068,12.650,1.650,3.050,1.1869
3,far,20,1e+14,P2,empty,1.399830e+03,4.750,0.650,5.350,-1.0000,3.27373,11.150,1.350,2.050,-1.0000
3,far,20,1e+14,P2,person,1.459274e+03,4.350,1.050,5.150,3.9288,3.63783,10.050,1.050,4.650,2.2904
3,far,20,1e+14,P2,vehicle,1.440987e+03,4.550,0.850,5.050,4.4398,3.60042,9.050,3.350,4.450,1.5500
3,far,20,1e+15,P1,empty,3.223311e+03,4.650,4.150,5.450,-1.0000,3.68665,6.050,1.150,3.550,-1.0000
3,far,20,1e+15,P1,person,2.693270e+03,5.150,3.650,5.350,3.8958,3.54898,8.450,4.350,3.650,2.6885
3,far,20,1e+15,P1,vehicle,2.328280e+03,4.750,3.150,5.250,4.4770,3.62906,13.550,1.350,3.850,2.0868
3,far,20,1e+15,P2,empty,4.065123e+03,4.450,1.750,5.350,-1.0000,3.73522,6.950,3.750,1.950,-1.0000
3,far,20,1e+15,P2,person,3.775856e+03,5.050,1.450,5.650,3.6418,3.71186,10.350,2.150,2.350,2.2408
3,far,20,1e+15,P2,vehicle,4.089046e+03,4.350,1.250,5.350,4.6796,3.63250,11.550,2.850,3.450,1.0536
3,far,15,1e+12,P1,empty,4.048615e+01,4.750,3.450,5.450,-1.0000,4.34783,12.950,3.150,4.350,-1.0000
3,far,15,1e+12,P1,person,6.477365e+01,5.050,3.850,5.550,4.1731,4.28856,5.050,3.850,5.550,4.1731
3,far,15,1e+12,P1,vehicle,4.539356e+01,4.350,2.950,5.650,4.8768,4.08500,10.950,1.950,3.750,0.1500
3,far,15,1e+12,P2,empty,5.584045e+01,4.350,3.150,5.650,-1.0000,3.75205,6.950,3.750,1.550,-1.0000
3,far,15,1e+12,P2,person,7.588715e+01,4.750,1.250,5.650,3.8724,3.35117,12.950,4.250,2.150,5.4168
3,far,15,1e+12,P2,vehicle,6.611174e+01,4.450,2.950,5.650,4.7823,3.87043,12.950,3.150,2.350,2.1315
3,far,15,1e+13,P1,empty,1.516521e+02,4.950,1.750,5.650,-1.0000,4.15529,7.250,2.250,5.550,-1.0000
3,far,15,1e+13,P1,person,1.452229e+02,4.550,2.050,5.650,4.0464,3.90649,9.750,2.850,3.850,1.9923
3,far,15,1e+13,P1,vehicle,1.349872e+02,4.550,1.850,5.150,4.4522,4.46927,13.350,3.650,3.050,2.6425
3,far,15,1e+13,P2,empty,1.856718e+02,5.150,3.850,5.450,-1.0000,3.47507,7.450,2.250,2.250,-1.0000
3,far,15,1e+13,P2,person,2.345790e+02,4.550,1.350,5.650,4.0312,3.67512,5.150,4.650,3.050,3.9576
3,far,15,1e+13,P2,vehicle,2.415175e+02,4.350,1.150,5.650,4.7393,3.48431,12.550,4.350,1.950,2.9875
3,far,15,1e+14,P1,empty,3.879413e+02,5.150,4.650,5.450,-1.0000,3.52609,11.050,3.450,3.150,-1.0000
3,far,15,1e+14,P1,person,3.922195e+02,4.750,2.950,4.150,3.4066,3.89925,4.750,2.950,4.150,3.4066
3,far,15,1e+14,P1,vehicle,3.989077e+02,5.250,1.550,5.550,3.8418,3.49066,9.350,0.450,1.950,1.1141
3,far,15,1e+14,P2,empty,6.403860e+02,4.550,3.650,5.450,-1.0000,3.85120,5.350,3.950,3.150,-1.0000
3,far,15,1e+14,P2,person,6.094508e+02,5.250,2.950,5.450,3.5846,3.42154,6.250,4.050,1.750,3.0538
3,far,15,1e+14,P2,vehicle,6.406449e+02,4.650,3.850,5.250,4.8246,3.40402,4.850,0.950,3.250,4.1132
3,far,15,1e+15,P1,empty,1.272991e+03,4.750,3.150,5.650,-1.0000,3.74088,11.850,1.250,4.650,-1.0000
3,far,15,1e+15,P1,person,1.777337e+03,4.350,3.750,5.550,4.6172,3.69606,7.450,3.750,2.950,2.0777
3,far,15,1e+15,P1,vehicle,1.262212e+03,4.350,0.350,4.550,4.6132,3.56941,10.550,0.850,3.550,0.0000
3,far,15,1e+15,P2,empty,2.655374e+03,4.350,0.950,5.650,-1.0000,3.53063,8.650,3.850,3.550,-1.0000
3,far,15,1e+15,P2,person,1.765502e+03,4.550,3.450,5.550,4.3409,3.87710,6.950,1.550,2.350,1.0302
3,far,15,1e+15,P2,vehicle,2.292303e+03,4.850,2.450,5.450,4.2574,3.58176,13.050,0.350,4.950,1.6331
3,far,10,1e+12,P1,empty,2.988617e+01,9.750,1.250,5.050,-1.0000,4.65524,9.750,1.250,5.050,-1.0000
3,far,10,1e+12,P1,person,2.580823e+01,10.550,2.650,3.950,2.5959,4.02173,10.550,2.650,3.950,2.5959
3,far,10,1e+12,P1,vehicle,2.533455e+01,4.950,2.150,5.650,4.1722,3.64336,12.750,2.450,4.850,1.4697
3,far,10,1e+12,P2,empty,3.815793e+01,8.150,1.150,1.650,-1.0000,4.20691,8.150,1.150,1.650,-1.0000
3,far,10,1e+12,P2,person,3.488977e+01,9.150,3.550,3.350,2.0650,3.83318,9.150,3.550,3.350,2.0650
3,far,10,1e+12,P2,vehicle,3.229761e+01,6.750,4.150,5.550,3.3753,3.54519,6.750,4.150,5.550,3.3753
3,far,10,1e+13,P1,empty,8.545593e+01,10.350,2.050,1.650,-1.0000,4.23903,10.350,2.050,1.650,-1.0000
3,far,10,1e+13,P1,person,7.484921e+01,9.350,1.050,5.550,2.5556,3.69684,9.350,1.050,5.550,2.5556
3,far,10,1e+13,P1,vehicle,8.083667e+01,7.250,0.850,5.350,1.8848,3.98078,7.250,0.850,5.350,1.8848
3,far,10,1e+13,P2,empty,9.754913e+01,9.750,2.550,4.250,-1.0000,3.40044,9.750,2.550,4.250,-1.0000
3,far,10,1e+13,P2,person,1.041395e+02,11.350,3.750,2.150,3.8111,3.63978,11.350,3.750,2.150,3.8111
3,far,10,1e+13,P2,vehicle,1.037618e+02,8.350,1.650,2.450,0.8678,3.60059,8.350,1.650,2.450,0.8678
3,far,10,1e+14,P1,empty,2.196297e+02,11.450,2.750,2.750,-1.0000,3.43830,11.450,2.750,2.750,-1.0000
3,far,10,1e+14,P1,person,2.474185e+02,10.950,2.850,5.050,3.4526,3.88082,10.950,2.850,5.050,3.4526
3,far,10,1e+14,P1,vehicle,2.475034e+02,12.050,0.550,2.950,0.5978,3.87962,12.050,0.550,2.950,0.5978
3,far,10,1e+14,P2,empty,3.376956e+02,11.450,4.050,4.750,-1.0000,3.72430,11.450,4.050,4.750,-1.0000
3,far,10,1e+14,P2,person,3.611932e+02,8.550,1.550,4.850,1.6312,3.97421,8.550,1.550,4.850,1.6312
3,far,10,1e+14,P2,vehicle,3.215221e+02,4.950,1.550,3.550,4.0132,3.51450,4.950,1.550,3.550,4.0132
3,far,10,1e+15,P1,empty,8.548905e+02,10.950,3.450,2.450,-1.0000,4.21427,10.950,3.450,2.450,-1.0000
3,far,10,1e+15,P1,person,7.244805e+02,11.850,1.050,3.250,3.6118,3.57333,11.850,1.050,3.250,3.6118
3,far,10,1e+15,P1,vehicle,7.874494e+02,5.650,2.750,4.850,3.4585,3.78555,5.650,2.750,4.850,3.4585
3,far,10,1e+15,P2,empty,1.005556e+03,11.350,1.950,3.150,-1.0000,3.49502,11.350,1.950,3.150,-1.0000
3,far,10,1e+15,P2,person,1.040475e+03,8.850,3.750,1.550,2.5561,3.64308,8.850,3.750,1.550,2.5561
3,far,10,1e+15,P2,vehicle,1.004017e+03,11.150,4.150,2.150,2.5215,3.50349,11.150,4.150,2.150,2.5215
3,far,5,1e+12,P1,empty,2.669519e+01,9.450,4.350,3.450,-1.0000,4.13967,9.450,4.350,3.450,-1.0000
3,far,5,1e+12,P1,person,2.554172e+01,8.350,1.750,1.550,1.4043,4.00661,8.350,1.750,1.550,1.4043
3,far,5,1e+12,P1,vehicle,2.680237e+01,5.550,4.550,2.350,4.4410,4.20499,5.550,4.550,2.350,4.4410
3,far,5,1e+12,P2,empty,3.622995e+01,8.850,3.450,3.150,-1.0000,4.01740,8.850,3.450,3.150,-1.0000
3,far,5,1e+12,P2,person,3.209015e+01,12.750,3.550,4.150,4.9589,3.53370,12.750,3.550,4.150,4.9589
3,far,5,1e+12,P2,vehicle,3.056857e+01,8.150,1.150,3.850,0.8132,3.39604,8.150,1.150,3.850,0.8132
3,far,5,1e+13,P1,empty,8.466528e+01,10.850,3.150,3.050,-1.0000,4.20545,10.850,3.150,3.050,-1.0000
3,far,5,1e+13,P1,person,8.441196e+01,9.850,3.150,4.450,2.4785,4.16936,9.850,3.150,4.450,2.4785
3,far,5,1e+13,P1,vehicle,7.811569e+01,6.150,1.150,2.350,2.9024,3.85606,6.150,1.150,2.350,2.9024
3,far,5,1e+13,P2,empty,1.107369e+02,10.450,4.550,3.550,-1.0000,3.87134,10.450,4.550,3.550,-1.0000
3,far,5,1e+13,P2,person,9.941644e+01,13.650,2.550,2.350,5.5108,3.46641,13.650,2.550,2.350,5.5108
3,far,5,1e+13,P2,vehicle,1.128938e+02,5.050,1.250,4.550,3.9132,3.92413,5.050,1.250,4.550,3.9132
3,far,5,1e+14,P1,empty,2.503809e+02,7.150,4.650,2.950,-1.0000,3.93667,7.150,4.650,2.950,-1.0000
3,far,5,1e+14,P1,person,2.419993e+02,7.850,2.650,5.250,2.2151,3.78459,7.850,2.650,5.250,2.2151
3,far,5,1e+14,P1,vehicle,2.313611e+02,6.150,3.150,4.650,3.1215,3.60651,6.150,3.150,4.650,3.1215
3,far,5,1e+14,P2,empty,3.787277e+02,13.450,2.650,2.250,-1.0000,4.18201,13.450,2.650,2.250,-1.0000
3,far,5,1e+14,P2,person,3.181125e+02,12.850,0.950,5.250,5.0272,3.50359,12.850,0.950,5.250,5.0272
3,far,5,1e+14,P2,vehicle,3.122641e+02,8.150,4.250,3.150,2.5814,3.44325,8.150,4.250,3.150,2.5814
3,far,5,1e+15,P1,empty,7.791353e+02,5.450,3.750,4.550,-1.0000,3.87015,5.450,3.750,4.550,-1.0000
3,far,5,1e+15,P1,person,7.015810e+02,12.250,1.450,5.250,4.4832,3.45510,12.250,1.450,5.250,4.4832
3,far,5,1e+15,P1,vehicle,7.160095e+02,12.950,3.250,4.550,2.0768,3.55053,12.950,3.250,4.550,2.0768
3,far,5,1e+15,P2,empty,1.027999e+03,6.350,2.150,5.150,-1.0000,3.58118,6.350,2.150,5.150,-1.0000
3,far,5,1e+15,P2,person,1.192774e+03,6.350,3.350,2.850,2.1910,4.18149,6.350,3.350,2.850,2.1910
3,far,5,1e+15,P2,vehicle,9.595325e+02,6.850,3.650,2.250,2.9242,3.34149,6.850,3.650,2.250,2.9242
3,near,inf,1e+12,P1,empty,8.384372e+02,4.350,4.650,5.350,-1.0000,3.98466,12.050,0.550,5.050,-1.0000
3,near,inf,1e+12,P1,person,9.556205e+02,4.550,3.650,5.550,4.4253,3.93356,10.550,1.950,3.650,2.3596
3,near,inf,1e+12,P1,vehicle,9.967366e+02,4.350,0.350,5.150,4.6502,3.92821,11.850,3.650,4.150,1.8900
3,near,inf,1e+12,P2,empty,1.197477e+03,4.350,4.350,4.850,-1.0000,4.25404,12.250,2.450,4.550,-1.0000
3,near,inf,1e+12,P2,person,1.269844e+03,5.550,4.450,5.150,4.0232,3.70716,9.250,2.850,4.550,2.0097
3,near,inf,1e+12,P2,vehicle,1.151103e+03,4.850,3.450,5.450,4.5195,3.47803,11.050,2.150,4.550,0.3500
3,near,inf,1e+13,P1,empty,3.330274e+03,5.350,0.450,5.450,-1.0000,4.13771,9.350,3.050,3.550,-1.0000
3,near,inf,1e+13,P1,person,3.354065e+03,4.650,3.850,5.650,4.4984,3.45630,8.850,1.750,2.850,0.6218
3,near,inf,1e+13,P1,vehicle,3.636051e+03,4.750,1.350,5.650,4.3509,3.73447,10.350,4.550,3.350,2.7500
3,near,inf,1e+13,P2,empty,3.807392e+03,4.350,4.050,5.350,-1.0000,3.39357,10.350,3.550,5.150,-1.0000
3,near,inf,1e+13,P2,person,3.781448e+03,5.750,4.150,5.450,3.8732,3.39728,12.150,0.550,4.150,4.0143
3,near,inf,1e+13,P2,vehicle,4.835297e+03,4.650,0.850,5.250,4.3674,3.94798,11.650,3.650,3.450,1.8594
3,near,inf,1e+14,P1,empty,2.552719e+04,4.650,4.150,5.450,-1.0000,7.76719,4.650,4.150,5.450,-1.0000
3,near,inf,1e+14,P1,person,2.303168e+04,4.650,4.050,5.550,4.5459,7.35477,4.650,4.050,5.550,4.5459
3,near,inf,1e+14,P1,vehicle,2.658531e+04,4.650,4.150,5.450,4.9911,8.08914,4.650,4.150,5.450,4.9911
3,near,inf,1e+14,P2,empty,1.154783e+04,4.650,3.850,5.450,-1.0000,3.70601,6.350,4.150,4.350,-1.0000
3,near,inf,1e+14,P2,person,1.193700e+04,4.850,4.050,5.150,4.2154,3.47081,6.550,3.850,1.450,2.8987
3,near,inf,1e+14,P2,vehicle,1.288180e+04,4.550,4.350,5.250,5.1429,3.70544,7.750,0.550,4.350,1.2132
3,near,inf,1e+15,P1,empty,2.436357e+05,4.650,4.150,5.450,-1.0000,23.44238,4.650,4.150,5.450,-1.0000
3,near,inf,1e+15,P1,person,2.367726e+05,4.650,4.150,5.450,4.5492,23.45070,4.650,4.050,5.550,4.5459
3,near,inf,1e+15,P1,vehicle,2.638191e+05,4.650,4.150,5.450,4.9911,25.38441,4.650,4.150,5.450,4.9911
3,near,inf,1e+15,P2,empty,4.097118e+04,4.350,0.350,5.650,-1.0000,3.52464,9.850,3.050,4.350,-1.0000
3,near,inf,1e+15,P2,person,4.353460e+04,5.150,0.650,5.450,3.4358,4.72630,7.750,1.350,2.950,0.0382
3,near,inf,1e+15,P2,vehicle,3.876115e+04,5.050,3.650,5.350,4.3992,3.75707,12.250,1.650,2.850,0.8154
3,near,50,1e+12,P1,empty,5.780685e+02,4.750,4.650,5.350,-1.0000,3.76488,8.650,3.250,3.650,-1.0000
3,near,50,1e+12,P1,person,5.518503e+02,4.350,0.950,5.450,4.0824,4.10936,8.150,0.650,3.350,0.1011
3,near,50,1e+12,P1,vehicle,6.299598e+02,4.550,3.950,5.650,5.0277,3.81689,11.350,2.150,2.750,0.4703
3,near,50,1e+12,P2,empty,1.050842e+03,4.550,3.850,5.650,-1.0000,4.04738,12.150,3.850,2.050,-1.0000
3,near,50,1e+12,P2,person,8.385090e+02,4.650,1.250,5.250,3.7219,3.61527,6.050,0.750,4.350,2.0576
3,near,50,1e+12,P2,vehicle,8.573466e+02,4.750,4.250,5.250,4.9218,3.57545,5.550,3.350,4.550,3.7486
3,near,50,1e+13,P1,empty,1.751614e+03,4.750,4.550,5.250,-1.0000,4.34587,6.850,3.250,4.450,-1.0000
3,near,50,1e+13,P1,person,1.937693e+03,4.750,3.850,5.650,4.4292,3.57060,7.850,1.550,3.050,0.0000
3,near,50,1e+13,P1,vehicle,1.817468e+03,4.450,1.050,5.650,4.6420,3.66083,13.350,2.050,4.250,1.9033
3,near,50,1e+13,P2,empty,2.371440e+03,4.850,3.850,5.650,-1.0000,4.02847,13.450,3.850,1.650,-1.0000
3,near,50,1e+13,P2,person,2.391215e+03,4.450,0.850,5.350,3.9444,4.17779,12.550,2.050,3.350,4.3272
3,near,50,1e+13,P2,vehicle,3.075954e+03,5.250,4.450,5.650,4.6893,3.71333,4.750,1.350,1.450,4.5118
3,near,50,1e+14,P1,empty,9.166612e+03,4.550,4.150,5.450,-1.0000,4.13568,4.550,4.150,5.450,-1.0000
3,near,50,1e+14,P1,person,9.267146e+03,4.650,4.050,5.550,4.5459,4.38794,4.650,4.050,5.550,4.5459
3,near,50,1e+14,P1,vehicle,1.118855e+04,4.550,4.050,5.550,5.0508,5.08136,4.550,4.050,5.550,5.0508
3,near,50,1e+14,P2,empty,7.844472e+03,4.950,0.750,5.150,-1.0000,3.80827,6.550,3.250,2.550,-1.0000
3,near,50,1e+14,P2,person,9.841271e+03,4.450,4.250,5.150,4.6109,3.90878,6.950,1.750,5.350,2.2626
3,near,50,1e+14,P2,vehicle,7.890540e+03,4.350,3.950,5.250,5.1356,3.53685,12.650,3.950,2.450,2.5314
3,near,50,1e+15,P1,empty,8.328659e+04,4.650,4.150,5.450,-1.0000,12.26446,4.650,4.150,5.450,-1.0000
3,near,50,1e+15,P1,person,8.347761e+04,4.650,4.150,5.450,4.5492,12.29259,4.650,4.150,5.450,4.5492
3,near,50,1e+15,P1,vehicle,8.528802e+04,4.650,4.150,5.450,4.9911,12.55918,4.650,4.150,5.450,4.9911
3,near,50,1e+15,P2,empty,3.026530e+04,4.350,1.450,5.550,-1.0000,3.82683,12.650,2.250,5.650,-1.0000
3,near,50,1e+15,P2,person,2.516954e+04,4.750,3.250,4.950,3.8114,3.37407,12.550,2.150,1.550,4.5554
3,near,50,1e+15,P2,vehicle,2.787914e+04,4.850,1.150,5.250,4.1700,3.54737,6.450,0.350,2.850,2.5223
3,near,30,1e+12,P1,empty,4.079449e+02,4.450,0.850,5.450,-1.0000,3.68409,12.450,4.350,2.550,-1.0000
3,near,30,1e+12,P1,person,4.381657e+02,4.550,1.550,5.250,3.8066,3.96527,12.750,1.650,3.250,4.5118
3,near,30,1e+12,P1,vehicle,4.536644e+02,4.650,4.550,5.150,5.1487,3.65701,9.750,0.350,1.850,1.2141
3,near,30,1e+12,P2,empty,5.941544e+02,4.450,1.050,5.450,-1.0000,3.93027,9.750,3.750,5.650,-1.0000
3,near,30,1e+12,P2,person,5.892545e+02,4.650,0.750,5.050,3.6183,3.65204,13.550,0.750,3.350,5.3128
3,near,30,1e+12,P2,vehicle,5.874486e+02,4.450,1.150,5.250,4.5650,3.89471,9.050,0.750,1.650,1.4141
3,near,30,1e+13,P1,empty,1.686147e+03,4.450,4.150,5.450,-1.0000,3.70394,11.150,0.650,5.550,-1.0000
3,near,30,1e+13,P1,person,1.462301e+03,4.350,4.650,5.050,4.8752,3.95691,6.750,2.050,3.650,1.1667
3,near,30,1e+13,P1,vehicle,1.488419e+03,4.650,0.350,5.250,4.3674,3.77662,9.350,3.550,2.950,1.7537
3,near,30,1e+13,P2,empty,1.631774e+03,4.350,3.750,5.450,-1.0000,3.24861,10.350,1.850,1.450,-1.0000
3,near,30,1e+13,P2,person,1.952674e+03,4.750,0.850,5.450,3.7517,3.90946,6.750,2.450,1.650,1.8241
3,near,30,1e+13,P2,vehicle,2.009132e+03,4.550,1.350,5.350,4.4826,4.03630,7.750,4.350,4.150,2.8239
3,near,30,1e+14,P1,empty,6.132240e+03,4.650,3.950,5.650,-1.0000,3.85438,8.350,3.350,2.350,-1.0000
3,near,30,1e+14,P1,person,5.638850e+03,4.350,0.850,5.450,4.0824,3.52116,7.950,3.550,2.150,2.0151
3,near,30,1e+14,P1,vehicle,5.843248e+03,4.650,0.950,5.550,4.4244,3.81311,6.750,2.650,4.750,2.3781
3,near,30,1e+14,P2,empty,5.596719e+03,4.450,3.150,5.650,-1.0000,3.49233,5.150,3.650,1.750,-1.0000
3,near,30,1e+14,P2,person,5.916773e+03,4.450,4.050,5.450,4.6380,3.78134,8.750,1.050,4.150,1.0363
3,near,30,1e+14,P2,vehicle,7.083738e+03,4.450,1.450,5.250,4.5650,3.73312,10.150,1.350,2.550,0.5141
3,near,30,1e+15,P1,empty,3.522459e+04,4.550,4.050,5.550,-1.0000,6.80462,4.650,4.050,5.550,-1.0000
3,near,30,1e+15,P1,person,3.416494e+04,4.750,4.150,5.450,4.4808,6.83435,4.750,4.150,5.450,4.4808
3,near,30,1e+15,P1,vehicle,3.934717e+04,4.350,0.850,5.450,4.6975,7.02796,4.550,4.050,5.550,5.0508
3,near,30,1e+15,P2,empty,2.108095e+04,4.450,1.150,5.150,-1.0000,3.80697,5.450,1.450,4.850,-1.0000
3,near,30,1e+15,P2,person,1.966396e+04,4.750,3.750,5.550,4.3276,3.78393,11.250,3.750,3.250,3.6433
3,near,30,1e+15,P2,vehicle,2.192375e+04,4.750,0.950,5.550,4.3270,4.09242,8.550,2.050,1.450,1.6848
3,near,20,1e+12,P1,empty,3.581001e+02,4.350,3.650,5.350,-1.0000,3.87109,8.350,0.550,1.550,-1.0000
3,near,20,1e+12,P1,person,3.418165e+02,4.350,0.550,5.150,3.9288,4.01510,12.750,0.450,2.450,4.5393
3,near,20,1e+12,P1,vehicle,3.489230e+02,4.650,2.650,5.650,4.5283,4.63683,12.650,2.150,3.650,1.2374
3,near,20,1e+12,P2,empty,4.968052e+02,4.550,1.550,5.650,-1.0000,3.83154,12.750,1.850,4.250,-1.0000
3,near,20,1e+12,P2,person,4.168705e+02,4.350,3.050,5.650,4.4055,3.66889,7.250,2.650,5.150,2.1923
3,near,20,1e+12,P2,vehicle,4.362816e+02,4.450,2.250,5.650,4.6637,4.06400,9.950,1.050,4.650,0.0859
3,near,20,1e+13,P1,empty,9.341668e+02,4.450,0.350,5.050,-1.0000,3.62194,7.450,3.650,3.350,-1.0000
3,near,20,1e+13,P1,person,9.309230e+02,4.450,3.750,5.550,4.5432,4.18701,8.550,1.350,4.350,1.1444
3,near,20,1e+13,P1,vehicle,9.432338e+02,4.850,4.250,5.450,4.8688,3.45281,12.550,0.950,4.550,1.0868
3,near,20,1e+13,P2,empty,1.678065e+03,4.750,3.250,5.450,-1.0000,3.56841,7.450,3.350,4.450,-1.0000
3,near,20,1e+13,P2,person,1.477680e+03,4.550,2.450,5.650,4.1004,3.39178,11.550,0.950,4.250,3.4598
3,near,20,1e+13,P2,vehicle,1.273937e+03,4.550,2.950,5.050,4.5864,3.73958,8.050,4.650,3.550,2.9927
3,near,20,1e+14,P1,empty,4.256805e+03,4.450,0.550,5.350,-1.0000,3.61742,4.450,0.550,5.350,-1.0000
3,near,20,1e+14,P1,person,2.930115e+03,4.650,0.950,5.350,3.7766,3.82977,7.550,2.250,4.850,1.7096
3,near,20,1e+14,P1,vehicle,2.953898e+03,4.950,0.550,5.250,4.0714,3.77933,6.150,0.350,1.350,3.2943
3,near,20,1e+14,P2,empty,4.525073e+03,4.550,2.050,5.650,-1.0000,3.72228,13.150,3.950,3.150,-1.0000
3,near,20,1e+14,P2,person,4.780234e+03,4.550,4.150,5.650,4.7174,3.53436,9.550,2.450,5.550,2.7529
3,near,20,1e+14,P2,vehicle,4.022894e+03,4.650,1.450,5.250,4.3674,3.71271,8.650,2.550,3.450,0.8128
3,near,20,1e+15,P1,empty,1.637950e+04,4.750,4.150,5.450,-1.0000,4.79192,4.750,4.150,5.450,-1.0000
3,near,20,1e+15,P1,person,1.554339e+04,4.650,4.250,5.450,4.6038,4.68759,4.650,4.250,5.450,4.6038
3,near,20,1e+15,P1,vehicle,1.856873e+04,4.450,0.850,5.450,4.5993,4.66715,4.450,0.850,5.450,4.5993
3,near,20,1e+15,P2,empty,1.392475e+04,4.950,0.850,5.350,-1.0000,4.24887,11.250,3.450,4.950,-1.0000
3,near,20,1e+15,P2,person,1.655873e+04,4.750,1.950,5.650,3.8805,3.52833,9.150,4.150,1.850,2.8358
3,near,20,1e+15,P2,vehicle,1.729619e+04,4.450,2.350,5.650,4.6744,4.07761,11.450,2.250,4.250,0.4500
3,near,15,1e+12,P1,empty,2.532378e+02,4.650,1.350,5.650,-1.0000,3.85138,11.350,2.350,5.550,-1.0000
3,near,15,1e+12,P1,person,1.873093e+02,4.750,3.850,5.650,4.4292,4.21937,8.050,0.550,1.850,1.0989
3,near,15,1e+12,P1,vehicle,1.949630e+02,4.650,2.050,5.450,4.4103,3.93895,4.850,1.950,1.850,4.2912
3,near,15,1e+12,P2,empty,3.238620e+02,4.350,2.450,5.550,-1.0000,3.96695,4.750,2.050,4.750,-1.0000
3,near,15,1e+12,P2,person,3.624679e+02,4.650,2.550,5.650,4.0418,3.58835,9.250,2.350,4.150,1.5027
3,near,15,1e+12,P2,vehicle,3.470376e+02,4.350,1.050,5.550,4.7174,3.83991,10.150,2.750,3.950,0.9500
3,near,15,1e+13,P1,empty,7.029906e+02,4.450,2.850,5.450,-1.0000,3.71540,10.050,3.650,4.950,-1.0000
3,near,15,1e+13,P1,person,7.063436e+02,4.450,1.250,5.550,4.0544,4.14645,9.250,1.450,4.250,1.4234
3,near,15,1e+13,P1,vehicle,8.635424e+02,4.450,0.850,5.450,4.5993,3.72139,13.550,0.750,2.150,2.2782
3,near,15,1e+13,P2,empty,1.073916e+03,4.350,0.650,5.450,-1.0000,3.33446,11.950,1.050,1.950,-1.0000
3,near,15,1e+13,P2,person,9.644834e+02,4.350,0.950,5.550,4.1371,3.38247,13.050,2.050,2.150,4.8902
3,near,15,1e+13,P2,vehicle,1.142722e+03,4.450,1.550,5.550,4.6196,3.71561,8.950,3.650,2.950,1.8536
3,near,15,1e+14,P1,empty,2.204008e+03,4.750,4.250,5.250,-1.0000,3.71442,7.850,3.850,3.250,-1.0000
3,near,15,1e+14,P1,person,2.391400e+03,5.050,0.450,5.350,3.4514,3.64766,5.050,0.450,5.350,3.4514
3,near,15,1e+14,P1,vehicle,2.400238e+03,4.650,2.650,5.250,4.4493,3.45756,11.050,3.450,3.750,1.6500
3,near,15,1e+14,P2,empty,3.238277e+03,4.650,2.450,5.650,-1.0000,3.63800,6.150,1.850,2.250,-1.0000
3,near,15,1e+14,P2,person,3.185601e+03,4.650,1.650,5.550,3.8914,3.82572,13.650,1.150,1.650,5.5655
3,near,15,1e+14,P2,vehicle,3.255708e+03,4.750,0.750,5.050,4.2411,3.87996,9.450,3.350,3.250,1.5500
3,near,15,1e+15,P1,empty,8.710109e+03,4.350,0.850,5.450,-1.0000,3.59331,9.450,4.550,3.850,-1.0000
3,near,15,1e+15,P1,person,8.097930e+03,4.350,0.850,5.450,4.0824,3.58741,10.050,1.050,5.350,2.7744
3,near,15,1e+15,P1,vehicle,8.789195e+03,4.350,0.850,5.450,4.6975,4.14416,12.450,3.650,5.150,2.1771
3,near,15,1e+15,P2,empty,9.857748e+03,4.450,0.550,5.150,-1.0000,4.41083,11.750,2.050,5.350,-1.0000
3,near,15,1e+15,P2,person,1.018453e+04,4.350,3.050,5.650,4.4055,3.75696,11.050,1.550,2.450,2.8557
3,near,15,1e+15,P2,vehicle,1.134326e+04,4.450,3.350,5.650,4.8939,3.60532,11.850,3.750,1.650,2.4396
3,near,10,1e+12,P1,empty,1.379659e+02,4.450,3.750,5.650,-1.0000,3.77411,11.650,0.950,5.350,-1.0000
3,near,10,1e+12,P1,person,1.157480e+02,4.450,1.150,5.550,4.0544,4.26142,7.550,2.650,2.150,1.2639
3,near,10,1e+12,P1,vehicle,1.073176e+02,4.350,2.050,4.950,4.6360,3.82049,12.050,2.450,5.250,1.1123
3,near,10,1e+12,P2,empty,2.119753e+02,4.450,1.450,5.650,-1.0000,3.49404,6.050,1.950,2.350,-1.0000
3,near,10,1e+12,P2,person,1.515552e+02,4.450,2.650,5.450,4.1098,3.64851,5.450,1.750,2.950,2.3387
3,near,10,1e+12,P2,vehicle,1.563297e+02,4.550,1.750,5.550,4.5220,3.63752,7.450,2.750,2.050,2.0544
3,near,10,1e+13,P1,empty,3.299876e+02,4.350,1.950,5.350,-1.0000,3.79332,4.450,1.250,3.550,-1.0000
3,near,10,1e+13,P1,person,3.941901e+02,4.350,0.850,5.450,4.0824,4.10029,5.650,4.650,4.050,3.7304
3,near,10,1e+13,P1,vehicle,3.594102e+02,4.550,0.750,5.650,4.5448,4.10678,10.750,0.850,3.050,0.0141
3,near,10,1e+13,P2,empty,4.592820e+02,4.650,1.250,5.650,-1.0000,3.87521,5.150,2.850,3.150,-1.0000
3,near,10,1e+13,P2,person,6.569464e+02,4.350,2.750,5.650,4.3230,3.54999,5.250,1.050,5.450,3.3596
3,near,10,1e+13,P2,vehicle,5.606072e+02,4.350,1.750,5.650,4.7393,3.37961,8.350,0.650,1.450,1.7267
3,near,10,1e+14,P1,empty,9.243092e+02,4.350,4.250,5.350,-1.0000,3.46236,6.050,4.250,3.150,-1.0000
3,near,10,1e+14,P1,person,9.923572e+02,4.550,2.950,5.550,4.1645,3.75155,8.550,3.350,4.850,2.3202
3,near,10,1e+14,P1,vehicle,1.225154e+03,4.350,1.150,5.650,4.7393,3.48351,5.150,3.750,2.550,4.3136
3,near,10,1e+14,P2,empty,1.764885e+03,4.350,0.850,5.350,-1.0000,4.06306,11.350,2.250,5.450,-1.0000
3,near,10,1e+14,P2,person,1.792978e+03,4.650,1.150,5.550,3.8914,3.59071,9.150,0.350,2.050,1.2804
3,near,10,1e+14,P2,vehicle,1.562801e+03,4.350,3.050,5.550,4.8802,3.69751,6.150,0.350,4.550,2.8132
3,near,10,1e+15,P1,empty,2.765879e+03,4.550,2.250,5.150,-1.0000,3.44432,4.450,4.650,3.350,-1.0000
3,near,10,1e+15,P1,person,2.700453e+03,4.450,4.150,5.450,4.6894,3.81664,7.250,0.650,4.350,1.2256
3,near,10,1e+15,P1,vehicle,2.671131e+03,4.450,2.850,4.950,4.6498,3.58847,9.750,1.550,4.150,0.0000
3,near,10,1e+15,P2,empty,4.413106e+03,4.350,2.750,5.550,-1.0000,3.37440,11.850,4.150,2.150,-1.0000
3,near,10,1e+15,P2,person,5.746062e+03,4.550,2.050,5.650,4.0464,4.00366,6.950,0.450,4.750,1.7192
3,near,10,1e+15,P2,vehicle,4.475830e+03,4.450,1.750,5.650,4.6420,3.77165,11.550,4.650,1.350,3.3269
3,near,5,1e+12,P1,empty,2.606976e+01,10.650,1.850,5.550,-1.0000,4.05793,10.650,1.850,5.550,-1.0000
3,near,5,1e+12,P1,person,2.968599e+01,4.950,2.350,5.650,3.7740,4.20442,5.150,2.550,4.750,3.1521
3,near,5,1e+12,P1,vehicle,3.085986e+01,7.750,2.850,2.250,1.7992,4.83890,7.750,2.850,2.250,1.7992
3,near,5,1e+12,P2,empty,3.468060e+01,9.450,2.350,4.450,-1.0000,3.82602,9.450,2.350,4.450,-1.0000
3,near,5,1e+12,P2,person,3.426807e+01,10.950,4.350,4.250,3.9216,3.77925,10.950,4.350,4.250,3.9216
3,near,5,1e+12,P2,vehicle,3.711618e+01,10.050,0.550,3.650,0.0000,4.11606,10.050,0.550,3.650,0.0000
3,near,5,1e+13,P1,empty,7.435116e+01,4.450,1.150,5.650,-1.0000,3.60084,7.350,1.550,1.550,-1.0000
3,near,5,1e+13,P1,person,7.534007e+01,4.750,0.850,4.850,3.4342,3.61458,9.650,3.050,4.250,2.1950
3,near,5,1e+13,P1,vehicle,8.682648e+01,9.650,2.350,3.150,0.5500,4.29108,9.650,2.350,3.150,0.5500
3,near,5,1e+13,P2,empty,1.257585e+02,12.250,3.650,2.950,-1.0000,4.35517,12.250,3.650,2.950,-1.0000
3,near,5,1e+13,P2,person,1.121119e+02,4.950,1.350,5.650,3.7176,3.59920,9.550,1.450,3.850,1.4430
3,near,5,1e+13,P2,vehicle,1.095556e+02,7.650,2.050,3.350,1.3368,3.81878,7.650,2.050,3.350,1.3368
3,near,5,1e+14,P1,empty,2.376866e+02,5.850,2.950,2.750,-1.0000,3.73354,5.850,2.950,2.750,-1.0000
3,near,5,1e+14,P1,person,2.404676e+02,4.750,1.350,5.350,3.6939,3.60348,9.650,1.250,5.550,2.6997
3,near,5,1e+14,P1,vehicle,2.460115e+02,8.650,4.150,4.250,2.3708,3.81094,8.650,4.150,4.250,2.3708
3,near,5,1e+14,P2,empty,3.360557e+02,5.350,1.150,1.650,-1.0000,3.72871,5.350,1.150,1.650,-1.0000
3,near,5,1e+14,P2,person,3.588182e+02,4.850,3.450,3.950,3.4910,3.89878,4.850,3.450,3.950,3.4910
3,near,5,1e+14,P2,vehicle,3.569421e+02,4.450,2.350,5.650,4.6744,3.81819,9.250,1.050,2.350,0.7141
3,near,5,1e+15,P1,empty,7.349527e+02,6.950,4.350,2.550,-1.0000,3.61645,6.950,4.350,2.550,-1.0000
3,near,5,1e+15,P1,person,6.952047e+02,11.450,3.350,4.150,3.7216,3.44408,11.450,3.350,4.150,3.7216
3,near,5,1e+15,P1,vehicle,8.764583e+02,5.050,3.950,5.050,4.4913,4.19859,5.050,3.950,5.050,4.4913
3,near,5,1e+15,P2,empty,1.050774e+03,11.350,0.950,4.450,-1.0000,3.64802,11.350,0.950,4.450,-1.0000
3,near,5,1e+15,P2,person,9.901330e+02,4.950,1.050,5.650,3.7176,3.41544,9.150,1.850,4.450,1.5154
3,near,5,1e+15,P2,vehicle,1.088859e+03,7.150,0.850,1.750,2.2393,3.80817,7.150,0.850,1.750,2.2393
4,far,inf,1e+12,P1,empty,8.993396e+02,4.950,3.850,4.850,-1.0000,3.40982,12.250,1.050,1.750,-1.0000
4,far,inf,1e+12,P1,person,9.273481e+02,4.450,1.850,5.650,3.6713,3.87678,11.650,1.550,4.150,3.9492
4,far,inf,1e+12,P1,vehicle,8.012971e+02,4.650,0.850,5.350,3.9456,3.62544,12.550,4.150,5.150,2.8707
4,far,inf,1e+12,P2,empty,1.269858e+03,4.450,4.550,5.350,-1.0000,3.81604,10.350,2.650,4.750,-1.0000
4,far,inf,1e+12,P2,person,1.102895e+03,5.850,4.550,5.450,3.8224,3.62782,7.450,2.950,5.550,2.5085
4,far,inf,1e+12,P2,vehicle,1.262251e+03,4.450,0.550,5.050,4.0944,3.82712,10.750,0.550,1.750,1.3010
4,far,inf,1e+13,P1,empty,3.559786e+03,4.550,3.950,5.650,-1.0000,3.53007,8.450,4.650,5.550,-1.0000
4,far,inf,1e+13,P1,person,3.378210e+03,4.650,3.950,5.650,4.1722,3.75145,5.950,3.050,5.250,2.6899
4,far,inf,1e+13,P1,vehicle,3.233862e+03,5.250,4.350,5.450,4.2383,3.51909,6.850,1.550,2.850,1.6760
4,far,inf,1e+13,P2,empty,4.225781e+03,4.450,4.450,5.350,-1.0000,3.75247,9.750,4.250,2.650,-1.0000
4,far,inf,1e+13,P2,person,3.687856e+03,5.650,1.050,5.550,2.7467,3.52564,9.450,2.550,4.250,2.0700
4,far,inf,1e+13,P2,vehicle,4.008273e+03,4.750,0.550,5.450,3.8698,3.37363,12.750,1.050,2.950,1.7391
4,far,inf,1e+14,P1,empty,2.015673e+04,4.650,4.150,5.450,-1.0000,6.06364,4.650,4.150,5.450,-1.0000
4,far,inf,1e+14,P1,person,2.073194e+04,4.450,4.250,5.450,4.3690,5.89031,4.450,4.250,5.450,4.3690
4,far,inf,1e+14,P1,vehicle,1.985856e+04,4.450,4.050,5.550,4.7514,5.93744,4.450,4.050,5.550,4.7514
4,far,inf,1e+14,P2,empty,1.504750e+04,4.350,4.550,5.350,-1.0000,3.61157,9.350,1.150,1.950,-1.0000
4,far,inf,1e+14,P2,person,1.380682e+04,4.450,4.150,5.150,4.1753,4.03581,7.050,3.050,2.850,1.3965
4,far,inf,1e+14,P2,vehicle,1.180358e+04,4.650,0.350,5.450,3.9671,3.54283,11.050,0.450,4.350,0.0361
4,far,inf,1e+15,P1,empty,1.839931e+05,4.750,3.950,5.650,-1.0000,18.41919,4.750,3.950,5.650,-1.0000
4,far,inf,1e+15,P1,person,1.990187e+05,4.450,4.050,5.550,4.3050,18.81670,4.450,4.050,5.550,4.3050
4,far,inf,1e+15,P1,vehicle,1.957462e+05,4.450,4.050,5.550,4.7514,18.50739,4.450,4.050,5.550,4.7514
4,far,inf,1e+15,P2,empty,3.698096e+04,4.950,3.150,5.550,-1.0000,3.31566,13.450,0.350,2.450,-1.0000
4,far,inf,1e+15,P2,person,4.571759e+04,7.250,1.250,3.050,0.0816,5.00847,7.250,1.250,3.050,0.0816
4,far,inf,1e+15,P2,vehicle,4.764706e+04,4.350,4.550,5.250,5.0388,3.52433,10.450,1.350,3.450,0.0000
4,far,50,1e+12,P1,empty,3.466677e+02,4.950,0.950,5.250,-1.0000,4.22540,12.150,3.050,4.350,-1.0000
4,far,50,1e+12,P1,person,3.432631e+02,4.450,2.850,5.450,3.7294,3.81592,7.450,3.750,4.550,2.3628
4,far,50,1e+12,P1,vehicle,3.573594e+02,4.350,3.750,5.250,4.6507,3.72624,10.650,0.750,3.250,0.0000
4,far,50,1e+12,P2,empty,4.861888e+02,4.650,0.450,4.750,-1.0000,3.45195,7.450,2.050,3.150,-1.0000
4,far,50,1e+12,P2,person,6.068507e+02,4.550,0.350,5.050,3.2435,3.40179,4.550,0.350,5.050,3.2435
4,far,50,1e+12,P2,vehicle,5.291702e+02,4.450,4.550,5.150,4.9433,3.61067,11.350,3.850,3.250,2.0774
4,far,50,1e+13,P1,empty,1.108327e+03,4.350,3.250,5.350,-1.0000,3.62794,6.350,3.550,1.650,-1.0000
4,far,50,1e+13,P1,person,9.957939e+02,4.650,4.050,5.650,4.2269,3.64170,11.850,4.450,3.250,4.9139
4,far,50,1e+13,P1,vehicle,1.081093e+03,4.350,4.050,5.350,4.7999,3.70934,7.450,3.550,3.850,2.0480
4,far,50,1e+13,P2,empty,1.523903e+03,4.750,1.650,5.350,-1.0000,3.51367,11.850,4.250,2.950,-1.0000
4,far,50,1e+13,P2,person,1.654142e+03,4.850,4.150,5.650,4.1613,3.67718,6.250,2.550,3.850,1.4523
4,far,50,1e+13,P2,vehicle,1.331831e+03,5.350,3.050,5.650,3.5750,3.65107,7.250,0.450,2.250,1.4963
4,far,50,1e+14,P1,empty,3.750642e+03,4.350,0.950,5.550,-1.0000,3.60071,6.950,0.850,4.150,-1.0000
4,far,50,1e+14,P1,person,5.021751e+03,4.550,0.350,5.450,3.4670,3.82076,4.550,0.350,5.450,3.4670
4,far,50,1e+14,P1,vehicle,4.892257e+03,4.450,4.150,5.450,4.7797,3.70066,8.150,3.950,3.550,2.1806
4,far,50,1e+14,P2,empty,4.932357e+03,4.550,0.650,5.250,-1.0000,3.37662,8.350,3.450,5.650,-1.0000
4,far,50,1e+14,P2,person,5.076911e+03,4.350,2.450,5.450,3.7059,3.89963,9.050,3.550,3.450,2.2466
4,far,50,1e+14,P2,vehicle,5.159596e+03,4.350,0.750,5.150,4.2067,3.61676,10.150,2.450,5.050,0.8194
4,far,50,1e+15,P1,empty,2.636203e+04,4.450,4.050,5.550,-1.0000,6.00332,4.450,4.050,5.550,-1.0000
4,far,50,1e+15,P1,person,2.502012e+04,4.650,4.050,5.550,4.1740,5.97943,4.650,4.050,5.550,4.1740
4,far,50,1e+15,P1,vehicle,2.701131e+04,4.450,4.050,5.550,4.7514,6.15118,4.450,4.050,5.550,4.7514
4,far,50,1e+15,P2,empty,1.410019e+04,4.650,4.650,5.150,-1.0000,3.67702,7.350,1.050,3.050,-1.0000
4,far,50,1e+15,P2,person,1.362700e+04,5.250,1.350,4.950,2.6070,3.45094,12.350,4.050,3.350,5.1409
4,far,50,1e+15,P2,vehicle,1.456689e+04,4.750,4.150,4.750,4.4417,3.77140,7.650,0.650,1.650,1.6460
4,far,30,1e+12,P1,empty,1.761505e+02,4.450,1.550,5.250,-1.0000,4.13763,9.150,0.650,2.850,-1.0000
4,far,30,1e+12,P1,person,1.814817e+02,4.650,2.750,5.650,3.6670,3.69056,13.450,3.850,4.550,6.1789
4,far,30,1e+12,P1,vehicle,1.754400e+02,4.850,0.850,5.650,3.8252,4.16551,12.350,0.750,2.350,1.5089
4,far,30,1e+12,P2,empty,2.799551e+02,5.250,3.850,5.450,-1.0000,3.67919,12.250,3.550,2.750,-1.0000
4,far,30,1e+12,P2,person,2.501902e+02,5.150,4.350,5.150,3.8619,3.75526,13.650,4.650,3.050,6.5718
4,far,30,1e+12,P2,vehicle,2.900051e+02,4.850,3.950,5.650,4.3880,3.94277,10.750,0.850,4.550,0.0000
4,far,30,1e+13,P1,empty,6.480148e+02,4.650,3.350,5.650,-1.0000,3.54889,11.950,2.650,5.250,-1.0000
4,far,30,1e+13,P1,person,5.784429e+02,4.650,0.850,4.850,3.0569,3.82646,11.050,4.050,1.750,4.2411
4,far,30,1e+13,P1,vehicle,5.737413e+02,4.450,3.850,4.750,4.5560,3.51936,11.950,4.550,2.150,3.0415
4,far,30,1e+13,P2,empty,1.020663e+03,4.450,1.450,5.650,-1.0000,4.02178,8.550,0.550,4.250,-1.0000
4,far,30,1e+13,P2,person,8.802691e+02,4.350,2.550,5.650,3.8423,3.67088,11.550,2.950,2.950,3.9761
4,far,30,1e+13,P2,vehicle,9.735026e+02,4.550,3.150,5.650,4.3293,3.82394,6.750,0.450,5.250,1.8973
4,far,30,1e+14,P1,empty,1.872817e+03,4.550,4.050,5.550,-1.0000,3.69608,6.850,2.150,3.850,-1.0000
4,far,30,1e+14,P1,person,1.798973e+03,4.450,1.850,5.250,3.4378,4.29077,4.450,3.850,2.750,3.6068
4,far,30,1e+14,P1,vehicle,1.686229e+03,4.350,0.750,5.150,4.2067,3.40339,9.050,4.350,4.750,2.5578
4,far,30,1e+14,P2,empty,2.838563e+03,5.250,4.550,5.350,-1.0000,3.79040,5.650,3.350,2.250,-1.0000
4,far,30,1e+14,P2,person,2.694566e+03,4.750,0.350,5.650,3.4379,3.44547,13.150,2.850,1.750,5.6516
4,far,30,1e+14,P2,vehicle,2.629385e+03,4.550,0.950,5.250,4.0250,3.86237,13.250,1.350,4.350,2.2361
4,far,30,1e+15,P1,empty,9.625935e+03,4.450,3.950,5.350,-1.0000,4.15734,4.450,3.950,5.350,-1.0000
4,far,30,1e+15,P1,person,8.027309e+03,4.550,4.550,5.450,4.4881,3.84348,8.050,2.350,3.350,0.7048
4,far,30,1e+15,P1,vehicle,8.480755e+03,4.450,4.250,5.450,4.8297,3.80487,9.850,0.350,5.050,0.4990
4,far,30,1e+15,P2,empty,7.907086e+03,4.350,3.450,5.550,-1.0000,3.43295,12.050,2.850,1.650,-1.0000
4,far,30,1e+15,P2,person,8.917118e+03,4.350,4.650,5.450,4.6769,3.67457,4.850,3.850,3.150,3.2804
4,far,30,1e+15,P2,vehicle,8.921322e+03,4.550,2.850,5.650,4.2453,3.64433,9.150,4.350,1.850,2.8187
4,far,20,1e+12,P1,empty,9.030675e+01,4.550,2.950,5.350,-1.0000,3.79506,9.650,2.150,1.550,-1.0000
4,far,20,1e+12,P1,person,1.008656e+02,4.550,1.050,5.250,3.3511,3.69808,13.350,0.850,4.550,5.6949
4,far,20,1e+12,P1,vehicle,8.847125e+01,4.550,1.050,5.450,4.0645,3.81531,5.850,0.550,2.250,2.7817
4,far,20,1e+12,P2,empty,1.432301e+02,4.350,1.350,5.650,-1.0000,3.84964,12.750,3.850,1.350,-1.0000
4,far,20,1e+12,P2,person,1.296535e+02,4.550,4.550,5.250,4.3992,3.86970,13.150,4.250,5.050,6.1782
4,far,20,1e+12,P2,vehicle,1.181185e+02,4.750,3.950,5.450,4.4269,3.78863,13.250,2.650,4.050,2.3922
4,far,20,1e+13,P1,empty,3.134263e+02,4.950,0.850,5.150,-1.0000,3.82518,12.050,1.450,3.750,-1.0000
4,far,20,1e+13,P1,person,3.114342e+02,4.350,1.650,5.650,3.7471,3.69414,10.550,1.250,4.350,2.9388
4,far,20,1e+13,P1,vehicle,3.152634e+02,4.350,0.550,5.650,4.3065,3.62833,10.850,4.350,2.650,2.5813
4,far,20,1e+13,P2,empty,3.936787e+02,4.350,0.950,5.650,-1.0000,3.64975,11.950,4.150,2.750,-1.0000
4,far,20,1e+13,P2,person,4.056198e+02,4.350,3.650,5.250,4.0229,3.64296,6.150,3.950,4.750,2.8878
4,far,20,1e+13,P2,vehicle,4.005564e+02,4.450,3.150,5.450,4.3756,3.47973,6.350,3.450,2.350,2.8100
4,far,20,1e+14,P1,empty,7.753179e+02,4.750,1.150,5.450,-1.0000,3.52624,5.950,3.050,3.850,-1.0000
4,far,20,1e+14,P1,person,9.323599e+02,4.350,0.950,5.650,3.7471,3.48693,4.750,3.350,2.150,3.1973
4,far,20,1e+14,P1,vehicle,8.242018e+02,4.350,2.150,5.650,4.3207,3.60238,7.550,0.350,1.750,1.6192
4,far,20,1e+14,P2,empty,1.650272e+03,5.150,3.350,5.650,-1.0000,3.93438,5.150,3.350,5.650,-1.0000
4,far,20,1e+14,P2,person,1.219156e+03,4.350,3.350,5.650,4.0943,3.69728,6.150,2.650,3.350,1.5130
4,far,20,1e+14,P2,vehicle,1.163603e+03,4.450,2.350,5.250,4.1601,3.64300,6.550,1.350,4.550,1.9639
4,far,20,1e+15,P1,empty,2.492775e+03,4.450,2.050,5.450,-1.0000,3.74529,8.450,0.950,5.350,-1.0000
4,far,20,1e+15,P1,person,3.581207e+03,5.150,1.250,5.550,3.0777,3.78701,5.150,1.250,5.550,3.0777
4,far,20,1e+15,P1,vehicle,2.659058e+03,4.350,0.850,5.450,4.2598,4.20391,6.550,2.150,1.650,2.4377
4,far,20,1e+15,P2,empty,4.254982e+03,4.850,1.650,5.650,-1.0000,3.74254,9.250,4.550,4.550,-1.0000
4,far,20,1e+15,P2,person,4.347453e+03,4.550,3.750,5.450,4.0277,3.90237,7.050,1.650,5.150,1.7964
4,far,20,1e+15,P2,vehicle,4.253892e+03,4.550,1.750,5.550,4.0878,3.41178,9.950,3.450,2.150,1.8800
4,far,15,1e+12,P1,empty,5.550129e+01,4.550,1.350,5.650,-1.0000,4.33499,12.450,1.250,3.550,-1.0000
4,far,15,1e+12,P1,person,4.621190e+01,5.050,1.550,5.350,3.0146,4.06925,12.750,1.950,1.650,5.1786
4,far,15,1e+12,P1,vehicle,4.530518e+01,4.950,0.650,5.250,3.6318,3.77945,6.950,3.350,5.150,2.2819
4,far,15,1e+12,P2,empty,6.871701e+01,4.550,2.650,5.650,-1.0000,3.73390,8.850,2.950,5.350,-1.0000
4,far,15,1e+12,P2,person,5.916118e+01,4.350,1.150,5.250,3.5187,3.81599,7.050,1.550,3.850,0.5500
4,far,15,1e+12,P2,vehicle,6.497728e+01,4.650,1.150,5.450,3.9671,3.82228,6.950,2.450,2.250,1.8735
4,far,15,1e+13,P1,empty,1.418069e+02,4.650,1.750,5.650,-1.0000,3.49248,8.350,2.050,2.250,-1.0000
4,far,15,1e+13,P1,person,2.000364e+02,4.450,2.050,5.350,3.5076,3.89764,4.450,2.050,5.350,3.5076
4,far,15,1e+13,P1,vehicle,1.394680e+02,5.250,3.250,5.650,3.7367,4.00262,13.050,2.550,3.150,2.1699
4,far,15,1e+13,P2,empty,2.250026e+02,4.350,2.450,5.650,-1.0000,3.46861,12.250,4.050,1.550,-1.0000
4,far,15,1e+13,P2,person,1.864192e+02,4.850,3.450,5.650,3.7916,4.63987,4.850,3.650,1.850,3.3826
4,far,15,1e+13,P2,vehicle,2.349852e+02,4.450,3.850,5.150,4.5909,3.88767,13.050,4.050,3.650,3.0345
4,far,15,1e+14,P1,empty,3.870467e+02,4.450,3.150,5.550,-1.0000,3.66981,10.550,2.850,2.550,-1.0000
4,far,15,1e+14,P1,person,4.324038e+02,4.750,1.050,5.650,3.4379,3.51341,13.650,1.150,4.750,6.0312
4,far,15,1e+14,P1,vehicle,4.577748e+02,4.350,2.950,5.550,4.4338,3.73296,10.250,1.250,1.650,1.4010
4,far,15,1e+14,P2,empty,7.356063e+02,4.750,1.050,5.250,-1.0000,3.53167,6.250,4.450,4.150,-1.0000
4,far,15,1e+14,P2,person,6.623813e+02,4.650,2.350,5.650,3.5731,4.26832,13.550,0.750,3.650,5.7789
4,far,15,1e+14,P2,vehicle,6.011320e+02,4.550,1.050,5.650,4.1134,3.53692,7.450,2.550,2.450,1.4337
4,far,15,1e+15,P1,empty,1.522235e+03,4.350,3.150,5.650,-1.0000,3.60463,12.450,0.750,2.350,-1.0000
4,far,15,1e+15,P1,person,1.338277e+03,4.450,4.350,5.150,4.2957,3.64015,5.350,3.750,2.350,2.9393
4,far,15,1e+15,P1,vehicle,1.554855e+03,4.750,0.750,5.450,3.8698,3.50731,12.850,3.750,2.250,2.7956
4,far,15,1e+15,P2,empty,1.931880e+03,4.350,1.350,5.650,-1.0000,3.43222,5.350,1.650,2.950,-1.0000
4,far,15,1e+15,P2,person,1.954375e+03,4.350,4.150,5.450,4.3788,3.62174,6.550,2.350,2.850,1.0382
4,far,15,1e+15,P2,vehicle,1.954104e+03,4.450,1.150,5.650,4.2099,3.33578,9.050,3.750,4.650,1.9525
4,far,10,1e+12,P1,empty,2.760182e+01,4.750,0.450,4.750,-1.0000,4.16473,10.250,2.750,1.650,-1.0000
4,far,10,1e+12,P1,person,2.965228e+01,12.550,3.450,2.150,5.1666,4.61771,12.550,3.450,2.150,5.1666
4,far,10,1e+12,P1,vehicle,2.402631e+01,11.250,1.050,5.050,0.5520,3.75786,11.250,1.050,5.050,0.5520
4,far,10,1e+12,P2,empty,3.870660e+01,11.450,4.150,5.550,-1.0000,4.26141,11.450,4.150,5.550,-1.0000
4,far,10,1e+12,P2,person,3.489127e+01,6.250,2.350,3.450,1.2607,3.82173,6.250,2.350,3.450,1.2607
4,far,10,1e+12,P2,vehicle,3.443280e+01,4.750,1.450,5.350,3.8478,3.51470,9.250,4.250,5.450,2.6097
4,far,10,1e+13,P1,empty,7.091980e+01,11.150,0.350,2.450,-1.0000,3.50306,11.150,0.350,2.450,-1.0000
4,far,10,1e+13,P1,person,7.871863e+01,10.350,2.950,1.750,3.1521,3.89527,10.350,2.950,1.750,3.1521
4,far,10,1e+13,P1,vehicle,7.211731e+01,11.550,2.450,3.750,0.8426,3.57314,11.550,2.450,3.750,0.8426
4,far,10,1e+13,P2,empty,1.085854e+02,11.050,3.350,4.050,-1.0000,3.80420,11.050,3.350,4.050,-1.0000
4,far,10,1e+13,P2,person,9.771854e+01,4.450,1.150,5.550,3.6070,3.32412,6.150,4.350,3.850,2.9385
4,far,10,1e+13,P2,vehicle,1.045788e+02,4.450,4.450,5.350,4.9169,3.53304,8.750,1.050,5.350,0.7990
4,far,10,1e+14,P1,empty,2.295450e+02,12.350,1.650,3.850,-1.0000,3.57850,12.350,1.650,3.850,-1.0000
4,far,10,1e+14,P1,person,2.606273e+02,5.750,1.050,2.450,1.6970,4.06568,5.750,1.050,2.450,1.6970
4,far,10,1e+14,P1,vehicle,2.234585e+02,5.450,0.850,2.150,3.1936,3.47476,5.450,0.850,2.150,3.1936
4,far,10,1e+14,P2,empty,3.330668e+02,8.350,4.050,1.850,-1.0000,3.67458,8.350,4.050,1.850,-1.0000
4,far,10,1e+14,P2,person,3.323457e+02,5.650,1.150,3.650,1.7000,3.63522,5.650,1.150,3.650,1.7000
4,far,10,1e+14,P2,vehicle,3.361968e+02,7.950,3.950,4.650,2.2249,3.71461,7.950,3.950,4.650,2.2249
4,far,10,1e+15,P1,empty,7.678035e+02,5.850,1.950,2.950,-1.0000,3.78549,5.850,1.950,2.950,-1.0000
4,far,10,1e+15,P1,person,8.033905e+02,8.450,3.450,3.950,1.9609,3.96481,8.450,3.450,3.950,1.9609
4,far,10,1e+15,P1,vehicle,7.119074e+02,13.550,1.050,2.550,2.5851,3.53915,13.550,1.050,2.550,2.5851
4,far,10,1e+15,P2,empty,1.035296e+03,4.350,2.350,3.250,-1.0000,3.55911,4.350,2.350,3.250,-1.0000
4,far,10,1e+15,P2,person,1.076757e+03,11.650,1.650,3.550,3.8763,3.76462,11.650,1.650,3.550,3.8763
4,far,10,1e+15,P2,vehicle,1.112033e+03,4.450,0.450,5.450,4.1621,3.48995,4.450,0.450,5.450,4.1621
4,far,5,1e+12,P1,empty,2.734917e+01,6.050,4.450,4.650,-1.0000,4.26911,11.150,2.350,4.350,-1.0000
4,far,5,1e+12,P1,person,2.669952e+01,11.350,3.750,4.550,4.2831,4.15742,11.350,3.750,4.550,4.2831
4,far,5,1e+12,P1,vehicle,2.458829e+01,8.350,2.550,4.750,0.7931,3.84250,8.350,2.550,4.750,0.7931
4,far,5,1e+12,P2,empty,3.505420e+01,12.650,3.650,4.150,-1.0000,3.87029,12.650,3.650,4.150,-1.0000
4,far,5,1e+12,P2,person,3.351544e+01,12.150,3.950,1.450,5.1789,3.73083,12.150,3.950,1.450,5.1789
4,far,5,1e+12,P2,vehicle,3.445151e+01,7.150,3.750,3.950,2.3796,3.79899,7.150,3.750,3.950,2.3796
4,far,5,1e+13,P1,empty,7.768726e+01,10.350,0.550,1.650,-1.0000,3.83088,10.350,0.550,1.650,-1.0000
4,far,5,1e+13,P1,person,8.287079e+01,5.950,4.650,3.550,3.2605,4.09433,5.950,4.650,3.550,3.2605
4,far,5,1e+13,P1,vehicle,7.451660e+01,13.250,3.050,5.550,2.7497,3.67887,11.550,1.450,5.150,0.8039
4,far,5,1e+13,P2,empty,1.051031e+02,4.750,3.550,5.550,-1.0000,3.68441,4.750,3.550,5.550,-1.0000
4,far,5,1e+13,P2,person,1.032851e+02,9.050,3.150,5.450,2.8331,3.56706,12.950,1.950,4.150,5.2361
4,far,5,1e+13,P2,vehicle,1.044231e+02,9.350,3.350,3.350,1.5500,3.62855,9.350,3.350,3.350,1.5500
4,far,5,1e+14,P1,empty,2.343985e+02,7.150,4.650,1.950,-1.0000,3.66555,7.150,4.650,1.950,-1.0000
4,far,5,1e+14,P1,person,2.338120e+02,9.750,1.850,2.050,2.2279,3.65883,9.750,1.850,2.050,2.2279
4,far,5,1e+14,P1,vehicle,2.226759e+02,4.350,3.050,5.050,4.3760,3.47336,4.350,3.050,5.050,4.3760
4,far,5,1e+14,P2,empty,3.116261e+02,6.850,0.550,3.350,-1.0000,3.44645,6.850,0.550,3.350,-1.0000
4,far,5,1e+14,P2,person,3.639064e+02,12.850,4.050,4.950,5.8079,4.03318,12.850,4.050,4.950,5.8079
4,far,5,1e+14,P2,vehicle,3.124288e+02,5.050,2.450,4.650,3.5257,3.45327,5.050,2.450,4.650,3.5257
4,far,5,1e+15,P1,empty,9.280195e+02,7.250,2.850,1.650,-1.0000,4.57511,7.250,2.850,1.650,-1.0000
4,far,5,1e+15,P1,person,7.133956e+02,7.950,2.450,3.450,0.7732,3.52366,7.950,2.450,3.450,0.7732
4,far,5,1e+15,P1,vehicle,7.562785e+02,9.150,3.350,3.850,1.5500,3.72559,9.150,3.350,3.850,1.5500
4,far,5,1e+15,P2,empty,1.089872e+03,12.450,1.250,4.850,-1.0000,3.81507,12.450,1.250,4.850,-1.0000
4,far,5,1e+15,P2,person,1.016831e+03,6.650,4.350,5.050,3.2073,3.54570,6.650,4.350,5.050,3.2073
4,far,5,1e+15,P2,vehicle,9.764445e+02,12.650,2.050,4.850,1.6819,3.40160,12.650,2.050,4.850,1.6819
4,near,inf,1e+12,P1,empty,8.484899e+02,4.950,3.650,5.550,-1.0000,3.72403,5.650,2.650,4.850,-1.0000
4,near,inf,1e+12,P1,person,8.978933e+02,4.550,3.850,5.250,3.9815,3.70153,13.150,1.850,2.750,5.3843
4,near,inf,1e+12,P1,vehicle,7.511389e+02,4.550,3.950,5.650,4.6414,3.63556,12.550,4.650,3.750,3.2376
4,near,inf,1e+12,P2,empty,1.289529e+03,4.350,4.650,5.150,-1.0000,3.87663,8.950,3.850,4.250,-1.0000
4,near,inf,1e+12,P2,person,1.367746e+03,4.450,4.550,5.150,4.4219,3.36741,4.850,2.150,3.550,2.5242
4,near,inf,1e+12,P2,vehicle,1.322362e+03,5.050,3.950,4.950,4.0964,3.43721,13.250,3.750,3.250,2.9669
4,near,inf,1e+13,P1,empty,3.586437e+03,4.350,3.950,5.650,-1.0000,3.70292,8.750,2.850,3.150,-1.0000
4,near,inf,1e+13,P1,person,3.005778e+03,4.350,0.850,5.450,3.6292,3.92134,7.850,4.550,2.850,2.8598
4,near,inf,1e+13,P1,vehicle,3.244814e+03,4.650,4.650,5.450,4.8847,3.72432,9.550,4.350,4.050,2.5500
4,near,inf,1e+13,P2,empty,4.193979e+03,4.650,1.650,5.650,-1.0000,3.48507,8.550,2.950,3.950,-1.0000
4,near,inf,1e+13,P2,person,4.527131e+03,5.350,4.250,4.950,3.5908,3.73274,5.350,4.250,4.950,3.5908
4,near,inf,1e+13,P2,vehicle,3.880969e+03,4.550,4.250,5.250,4.7121,3.65378,11.050,2.150,3.650,0.3519
4,near,inf,1e+14,P1,empty,2.260628e+04,4.450,4.050,5.550,-1.0000,6.75898,4.450,4.050,5.550,-1.0000
4,near,inf,1e+14,P1,person,2.076859e+04,4.350,3.950,5.650,4.3708,6.15734,4.750,4.050,5.550,4.1105
4,near,inf,1e+14,P1,vehicle,2.113712e+04,4.450,4.050,5.550,4.7514,6.31972,4.450,4.050,5.550,4.7514
4,near,inf,1e+14,P2,empty,1.286884e+04,4.450,4.150,5.350,-1.0000,3.81035,11.450,0.450,4.950,-1.0000
4,near,inf,1e+14,P2,person,1.208955e+04,5.550,4.550,5.350,3.8965,3.65155,9.750,0.550,2.750,1.9990
4,near,inf,1e+14,P2,vehicle,1.166860e+04,5.750,3.350,5.650,3.3540,3.64009,7.250,3.350,3.150,2.0000
4,near,inf,1e+15,P1,empty,1.783116e+05,4.450,4.050,5.550,-1.0000,16.85899,4.450,4.050,5.550,-1.0000
4,near,inf,1e+15,P1,person,1.841222e+05,4.450,4.050,5.550,4.3050,17.50740,4.750,3.950,5.650,4.1087
4,near,inf,1e+15,P1,vehicle,1.985179e+05,4.450,4.050,5.550,4.7514,18.76945,4.450,4.050,5.550,4.7514
4,near,inf,1e+15,P2,empty,4.209424e+04,4.750,4.550,5.250,-1.0000,3.62187,6.450,2.550,4.850,-1.0000
4,near,inf,1e+15,P2,person,4.264041e+04,7.250,1.450,3.050,0.0816,4.74464,7.350,0.350,3.250,0.0000
4,near,inf,1e+15,P2,vehicle,4.144064e+04,4.750,4.550,5.250,4.7136,3.79772,11.050,1.450,1.350,1.7014
4,near,50,1e+12,P1,empty,5.612448e+02,4.350,4.650,5.350,-1.0000,3.53005,13.150,4.150,5.650,-1.0000
4,near,50,1e+12,P1,person,5.695421e+02,4.450,2.550,5.150,3.4862,4.11088,11.150,4.050,4.250,4.2025
4,near,50,1e+12,P1,vehicle,4.874266e+02,4.650,3.050,5.450,4.1594,3.63665,9.650,0.350,4.250,0.0000
4,near,50,1e+12,P2,empty,9.594209e+02,4.350,0.950,5.550,-1.0000,4.01715,11.550,0.350,5.450,-1.0000
4,near,50,1e+12,P2,person,8.807184e+02,4.450,4.050,5.050,4.0753,4.07088,5.450,3.950,4.250,3.0583
4,near,50,1e+12,P2,vehicle,8.108254e+02,4.350,2.750,5.250,4.3277,3.47574,7.950,2.750,3.650,1.1047
4,near,50,1e+13,P1,empty,2.029244e+03,4.650,4.050,5.550,-1.0000,4.01243,10.750,4.150,3.850,-1.0000
4,near,50,1e+13,P1,person,1.891781e+03,4.450,3.950,5.550,4.2513,3.76931,12.650,4.350,5.550,5.9576
4,near,50,1e+13,P1,vehicle,1.732369e+03,4.750,1.050,5.650,3.9210,3.62387,11.650,3.850,4.650,2.1487
4,near,50,1e+13,P2,empty,2.513376e+03,4.450,1.750,5.450,-1.0000,3.69860,12.750,4.350,3.850,-1.0000
4,near,50,1e+13,P2,person,2.808575e+03,4.450,2.750,5.650,3.8155,3.62405,8.450,2.250,4.450,1.3820
4,near,50,1e+13,P2,vehicle,2.403622e+03,4.350,0.450,5.050,4.1937,3.45187,5.350,0.650,4.350,3.1639
4,near,50,1e+14,P1,empty,7.761938e+03,4.450,0.850,5.450,-1.0000,3.68317,10.150,0.550,1.450,-1.0000
4,near,50,1e+14,P1,person,7.609967e+03,4.850,0.350,5.350,3.1684,3.80032,5.350,3.650,4.250,2.9118
4,near,50,1e+14,P1,vehicle,7.736761e+03,4.350,0.950,5.550,4.2820,3.64596,5.750,1.650,2.450,2.8285
4,near,50,1e+14,P2,empty,8.167804e+03,4.350,3.550,4.650,-1.0000,3.46269,6.750,2.050,4.850,-1.0000
4,near,50,1e+14,P2,person,8.428455e+03,4.550,1.550,5.450,3.4670,3.81913,5.850,3.950,3.650,2.7058
4,near,50,1e+14,P2,vehicle,7.979802e+03,4.350,4.650,5.650,5.1641,3.56904,6.950,2.550,3.950,1.7344
4,near,50,1e+15,P1,empty,5.987132e+04,4.450,4.150,5.450,-1.0000,8.58424,4.850,4.150,5.450,-1.0000
4,near,50,1e+15,P1,person,6.815727e+04,4.450,4.050,5.550,4.3050,9.53827,4.450,4.050,5.550,4.3050
4,near,50,1e+15,P1,vehicle,6.333392e+04,4.450,4.050,5.550,4.7514,8.86329,4.450,4.050,5.550,4.7514
4,near,50,1e+15,P2,empty,2.969746e+04,4.550,0.550,5.350,-1.0000,3.63314,9.750,0.750,2.750,-1.0000
4,near,50,1e+15,P2,person,2.559893e+04,4.750,1.150,5.150,3.1296,3.79307,7.450,1.450,3.250,0.0000
4,near,50,1e+15,P2,vehicle,2.408201e+04,4.550,2.050,5.650,4.1210,3.52725,7.150,4.450,3.150,2.9804
4,near,30,1e+12,P1,empty,4.147015e+02,4.450,2.950,5.350,-1.0000,3.53325,9.150,0.650,4.150,-1.0000
4,near,30,1e+12,P1,person,4.489744e+02,4.350,4.250,5.450,4.4355,3.92473,11.850,0.750,2.850,4.0786
4,near,30,1e+12,P1,vehicle,4.667386e+02,4.450,1.250,5.550,4.1849,3.83419,11.350,4.650,4.950,2.8974
4,near,30,1e+12,P2,empty,6.350995e+02,4.550,3.950,5.650,-1.0000,3.37016,9.650,3.650,4.550,-1.0000
4,near,30,1e+12,P2,person,5.650519e+02,4.850,1.650,5.150,3.0477,3.80981,5.350,2.850,3.950,2.3588
4,near,30,1e+12,P2,vehicle,6.682429e+02,4.450,3.950,5.150,4.6364,3.62999,7.050,3.750,3.950,2.4383
4,near,30,1e+13,P1,empty,1.495742e+03,4.450,3.950,5.650,-1.0000,3.79215,7.350,1.450,2.550,-1.0000
4,near,30,1e+13,P1,person,1.324932e+03,4.750,1.250,5.550,3.3725,3.38113,6.450,3.850,4.250,2.4815
4,near,30,1e+13,P1,vehicle,1.219712e+03,4.750,1.450,5.350,3.8478,3.54389,12.250,1.650,5.550,1.5893
4,near,30,1e+13,P2,empty,2.161613e+03,4.450,2.950,5.650,-1.0000,3.80201,11.150,0.850,2.850,-1.0000
4,near,30,1e+13,P2,person,2.122479e+03,4.450,4.550,5.150,4.4219,3.97247,5.850,4.250,3.550,2.9524
4,near,30,1e+13,P2,vehicle,2.004499e+03,4.450,1.050,5.650,4.2099,3.68641,6.250,2.950,4.250,2.5392
4,near,30,1e+14,P1,empty,4.521107e+03,4.350,3.950,5.650,-1.0000,3.50771,12.550,1.250,1.650,-1.0000
4,near,30,1e+14,P1,person,4.893377e+03,4.950,0.350,5.350,3.0908,3.66516,9.850,1.450,5.150,2.7285
4,near,30,1e+14,P1,vehicle,4.906997e+03,4.450,4.250,5.450,4.8297,3.48787,6.950,3.050,5.250,2.1206
4,near,30,1e+14,P2,empty,6.678531e+03,4.350,4.150,5.250,-1.0000,4.07616,10.950,0.450,2.950,-1.0000
4,near,30,1e+14,P2,person,6.712446e+03,4.350,2.250,5.550,3.7281,3.52703,6.750,4.550,2.650,2.9389
4,near,30,1e+14,P2,vehicle,6.024815e+03,4.650,0.750,5.150,3.9100,3.24945,9.250,0.450,3.450,0.0000
4,near,30,1e+15,P1,empty,2.883797e+04,4.450,4.250,5.450,-1.0000,5.39884,4.450,4.250,5.450,-1.0000
4,near,30,1e+15,P1,person,3.577950e+04,4.350,0.850,5.450,3.6292,6.45531,4.350,0.850,5.450,3.6292
4,near,30,1e+15,P1,vehicle,3.086165e+04,4.450,4.050,5.550,4.7514,5.68168,4.450,4.050,5.550,4.7514
4,near,30,1e+15,P2,empty,1.764977e+04,4.550,0.950,5.350,-1.0000,3.85434,8.550,4.250,4.150,-1.0000
4,near,30,1e+15,P2,person,2.260662e+04,4.550,2.350,5.550,3.5871,3.87518,7.150,2.950,1.350,2.1378
4,near,30,1e+15,P2,vehicle,2.180603e+04,4.650,0.750,5.150,3.9100,3.66564,13.250,2.850,5.050,2.5203
4,near,20,1e+12,P1,empty,2.925045e+02,4.750,2.550,5.550,-1.0000,3.71151,4.350,2.950,3.050,-1.0000
4,near,20,1e+12,P1,person,3.043737e+02,4.550,4.450,5.350,4.3792,3.97779,13.550,2.450,3.550,5.8235
4,near,20,1e+12,P1,vehicle,3.281671e+02,4.350,2.850,5.550,4.4089,3.87189,11.250,2.750,3.350,0.9789
4,near,20,1e+12,P2,empty,4.272498e+02,4.550,0.850,5.450,-1.0000,3.61244,8.050,4.650,2.050,-1.0000
4,near,20,1e+12,P2,person,4.920544e+02,4.650,3.350,5.650,3.8816,3.47519,12.650,2.050,2.150,4.9718
4,near,20,1e+12,P2,vehicle,4.296929e+02,4.450,1.850,5.650,4.2102,3.52614,5.250,2.750,2.250,3.4924
4,near,20,1e+13,P1,empty,1.067220e+03,4.650,1.250,5.550,-1.0000,3.96003,9.950,0.950,4.050,-1.0000
4,near,20,1e+13,P1,person,1.005810e+03,4.850,4.250,5.450,4.1166,3.36590,8.550,4.250,3.950,2.7257
4,near,20,1e+13,P1,vehicle,9.728767e+02,4.550,0.950,5.450,4.0645,3.70860,4.350,3.250,4.250,4.4091
4,near,20,1e+13,P2,empty,1.351993e+03,4.550,0.450,5.350,-1.0000,3.57409,4.950,3.950,4.850,-1.0000
4,near,20,1e+13,P2,person,1.286972e+03,4.550,0.950,5.650,3.5903,3.65573,12.950,2.650,1.550,5.4756
4,near,20,1e+13,P2,vehicle,1.430944e+03,4.850,3.450,5.450,4.1176,3.27638,7.250,2.050,3.350,1.2884
4,near,20,1e+14,P1,empty,3.080512e+03,4.350,0.650,5.250,-1.0000,3.45085,6.150,1.850,2.850,-1.0000
4,near,20,1e+14,P1,person,3.358370e+03,5.050,0.350,5.350,3.0146,3.45946,5.050,0.350,5.350,3.0146
4,near,20,1e+14,P1,vehicle,3.464335e+03,4.450,0.950,5.350,4.1417,3.74872,8.750,0.550,1.350,1.7010
4,near,20,1e+14,P2,empty,4.258567e+03,4.350,2.150,5.650,-1.0000,3.95463,8.250,1.250,3.850,-1.0000
4,near,20,1e+14,P2,person,4.328581e+03,4.350,2.750,5.650,3.8915,3.81874,7.750,4.250,2.950,2.5531
4,near,20,1e+14,P2,vehicle,4.286772e+03,4.350,2.750,5.650,4.4100,3.95775,10.750,0.950,4.850,0.2990
4,near,20,1e+15,P1,empty,1.334889e+04,4.450,4.250,5.450,-1.0000,4.07854,9.550,2.450,5.450,-1.0000
4,near,20,1e+15,P1,person,1.565159e+04,4.550,0.350,5.450,3.4670,4.40575,4.550,0.350,5.450,3.4670
4,near,20,1e+15,P1,vehicle,1.212624e+04,4.450,4.050,5.550,4.7514,4.02152,12.950,1.350,1.350,2.5772
4,near,20,1e+15,P2,empty,1.485519e+04,5.150,2.150,5.650,-1.0000,3.71644,13.450,1.050,3.350,-1.0000
4,near,20,1e+15,P2,person,1.908435e+04,4.350,3.250,5.450,3.9464,3.62985,4.350,3.250,5.450,3.9464
4,near,20,1e+15,P2,vehicle,1.341672e+04,4.350,2.050,5.450,4.2672,3.89923,12.350,4.650,2.150,3.2741
4,near,15,1e+12,P1,empty,2.081629e+02,4.550,1.150,5.150,-1.0000,4.15610,13.450,3.750,3.350,-1.0000
4,near,15,1e+12,P1,person,1.988695e+02,4.450,4.050,5.650,4.3564,4.15483,10.450,0.750,2.450,2.7445
4,near,15,1e+12,P1,vehicle,2.228601e+02,4.650,1.050,5.450,3.9671,4.04729,12.350,0.350,5.550,1.6683
4,near,15,1e+12,P2,empty,3.114038e+02,4.350,0.950,5.450,-1.0000,3.59586,6.250,3.350,1.650,-1.0000
4,near,15,1e+12,P2,person,2.885626e+02,4.350,0.850,5.650,3.7471,3.42250,12.050,0.650,4.350,4.3822
4,near,15,1e+12,P2,vehicle,3.104686e+02,4.450,0.650,5.150,4.1078,3.33384,12.750,3.250,4.850,2.2817
4,near,15,1e+13,P1,empty,7.406030e+02,4.550,3.850,5.450,-1.0000,3.45254,12.550,3.350,4.650,-1.0000
4,near,15,1e+13,P1,person,6.701251e+02,4.650,0.750,5.050,3.1583,3.93995,13.150,3.550,1.850,5.8126
4,near,15,1e+13,P1,vehicle,6.454807e+02,4.550,1.950,5.450,4.0673,3.76151,11.850,3.850,4.050,2.2140
4,near,15,1e+13,P2,empty,8.778092e+02,4.550,2.850,5.450,-1.0000,3.81155,11.850,3.850,1.350,-1.0000
4,near,15,1e+13,P2,person,9.701260e+02,4.350,4.450,5.650,4.6480,4.16853,10.550,4.550,5.450,4.4848
4,near,15,1e+13,P2,vehicle,1.136535e+03,4.350,1.250,5.150,4.2067,4.04425,7.150,1.850,3.750,1.3648
4,near,15,1e+14,P1,empty,2.066558e+03,4.350,0.650,4.750,-1.0000,3.60739,10.550,4.150,3.150,-1.0000
4,near,15,1e+14,P1,person,1.995405e+03,4.550,1.250,5.250,3.3511,3.64926,10.850,1.450,4.850,3.4080
4,near,15,1e+14,P1,vehicle,2.195359e+03,4.350,1.050,5.550,4.2820,3.69740,11.650,1.450,4.750,0.6665
4,near,15,1e+14,P2,empty,3.234048e+03,4.650,3.950,5.650,-1.0000,3.57295,13.650,2.650,5.650,-1.0000
4,near,15,1e+14,P2,person,3.459227e+03,4.650,2.350,5.650,3.5731,3.57991,5.250,2.950,4.150,2.5455
4,near,15,1e+14,P2,vehicle,3.453493e+03,4.350,0.950,5.550,4.2820,3.80356,13.350,1.850,3.250,2.3366
4,near,15,1e+15,P1,empty,9.244225e+03,4.450,4.250,5.450,-1.0000,3.69374,4.450,4.250,5.450,-1.0000
4,near,15,1e+15,P1,person,7.431985e+03,4.350,0.550,5.450,3.6292,4.11076,13.650,3.850,3.850,6.2716
4,near,15,1e+15,P1,vehicle,8.239309e+03,4.450,4.150,5.450,4.7797,3.91559,11.650,3.650,5.550,2.1966
4,near,15,1e+15,P2,empty,9.295424e+03,4.750,1.550,5.650,-1.0000,3.51759,12.350,1.450,4.550,-1.0000
4,near,15,1e+15,P2,person,9.229336e+03,4.350,2.850,5.550,3.8625,4.03168,7.750,2.650,3.450,0.9529
4,near,15,1e+15,P2,vehicle,8.052400e+03,4.450,2.950,5.650,4.3641,3.58517,8.850,3.650,4.850,1.8740
4,near,10,1e+12,P1,empty,1.207435e+02,4.450,3.050,5.650,-1.0000,4.36233,13.450,0.650,2.650,-1.0000
4,near,10,1e+12,P1,person,1.110512e+02,4.650,1.650,5.650,3.5135,3.78296,13.150,1.950,4.950,5.6040
4,near,10,1e+12,P1,vehicle,1.218939e+02,4.450,0.650,5.650,4.2099,3.64849,5.650,0.650,2.050,3.0338
4,near,10,1e+12,P2,empty,1.526155e+02,4.450,1.550,5.650,-1.0000,3.82927,11.350,1.450,5.350,-1.0000
4,near,10,1e+12,P2,person,1.488793e+02,4.450,1.150,5.650,3.6682,3.65435,4.550,2.850,4.550,3.2277
4,near,10,1e+12,P2,vehicle,1.703819e+02,4.450,0.550,5.550,4.1849,3.81157,9.450,0.650,2.450,0.6010
4,near,10,1e+13,P1,empty,3.245094e+02,4.550,0.750,5.650,-1.0000,3.58420,12.950,1.250,2.950,-1.0000
4,near,10,1e+13,P1,person,3.323626e+02,4.350,3.650,5.650,4.2242,3.90589,12.850,3.450,2.050,5.4628
4,near,10,1e+13,P1,vehicle,3.115023e+02,4.650,1.350,5.650,4.0171,3.94859,8.650,3.950,3.250,2.1500
4,near,10,1e+13,P2,empty,4.565800e+02,4.550,2.050,5.450,-1.0000,3.91200,9.950,0.650,3.150,-1.0000
4,near,10,1e+13,P2,person,4.582668e+02,4.450,2.050,5.650,3.6848,3.74768,10.750,0.750,3.050,2.9725
4,near,10,1e+13,P2,vehicle,5.199435e+02,4.350,3.250,5.550,4.5209,3.57860,10.050,0.850,3.650,0.0000
4,near,10,1e+14,P1,empty,9.340541e+02,4.950,1.450,5.650,-1.0000,3.90075,8.250,2.250,3.250,-1.0000
4,near,10,1e+14,P1,person,1.030596e+03,4.650,0.850,5.250,3.2687,3.78241,11.550,2.350,3.650,3.8378
4,near,10,1e+14,P1,vehicle,9.565209e+02,4.850,1.650,5.450,3.7726,3.43014,5.850,1.950,4.450,2.6681
4,near,10,1e+14,P2,empty,1.483469e+03,4.650,0.550,5.650,-1.0000,3.46562,11.050,4.350,4.350,-1.0000
4,near,10,1e+14,P2,person,2.187594e+03,4.350,1.950,5.650,3.7555,3.96589,12.550,0.950,5.150,5.0917
4,near,10,1e+14,P2,vehicle,2.025637e+03,4.450,2.650,5.650,4.2948,3.73633,9.950,1.650,2.850,0.2010
4,near,10,1e+15,P1,empty,3.064134e+03,4.550,4.650,5.350,-1.0000,3.63704,9.350,1.650,1.650,-1.0000
4,near,10,1e+15,P1,person,2.651341e+03,4.350,2.250,5.150,3.5098,3.78840,5.450,0.950,2.050,2.1392
4,near,10,1e+15,P1,vehicle,2.572138e+03,4.450,0.350,5.150,4.1078,3.89666,10.150,2.650,2.750,0.9017
4,near,10,1e+15,P2,empty,4.385856e+03,4.450,2.450,5.650,-1.0000,3.69552,5.150,1.450,2.650,-1.0000
4,near,10,1e+15,P2,person,4.343532e+03,4.350,3.150,5.450,3.9082,3.45211,8.750,1.650,2.150,1.3422
4,near,10,1e+15,P2,vehicle,5.492397e+03,4.650,1.050,5.650,4.0171,3.81429,9.450,1.050,4.850,0.2990
4,near,5,1e+12,P1,empty,2.878070e+01,9.150,2.750,2.550,-1.0000,4.50197,9.150,2.750,2.550,-1.0000
4,near,5,1e+12,P1,person,2.394595e+01,8.050,2.950,2.950,1.2854,3.75121,8.050,2.950,2.950,1.2854
4,near,5,1e+12,P1,vehicle,2.752739e+01,4.850,1.550,5.450,3.7726,4.04724,6.750,2.850,3.950,2.0528
4,near,5,1e+12,P2,empty,3.450726e+01,8.350,4.150,3.150,-1.0000,3.81200,8.350,4.150,3.150,-1.0000
4,near,5,1e+12,P2,person,3.158990e+01,11.950,4.350,2.850,4.9479,3.46831,11.950,4.350,2.850,4.9479
4,near,5,1e+12,P2,vehicle,3.422974e+01,8.650,2.450,4.850,0.7155,3.77062,8.650,2.450,4.850,0.7155
4,near,5,1e+13,P1,empty,8.886636e+01,6.950,1.550,4.950,-1.0000,4.34929,6.950,1.550,4.950,-1.0000
4,near,5,1e+13,P1,person,8.267819e+01,9.550,1.350,2.750,1.8020,4.09202,9.550,1.350,2.750,1.8020
4,near,5,1e+13,P1,vehicle,8.620370e+01,9.150,1.850,2.850,0.2072,4.28298,9.150,1.850,2.850,0.2072
4,near,5,1e+13,P2,empty,1.048409e+02,9.850,1.750,2.650,-1.0000,3.67537,9.850,1.750,2.650,-1.0000
4,near,5,1e+13,P2,person,1.018337e+02,13.150,3.550,5.050,5.9237,3.53074,13.150,3.550,5.050,5.9237
4,near,5,1e+13,P2,vehicle,1.110415e+02,4.550,2.650,5.650,4.2003,3.53984,12.850,3.550,3.250,2.5365
4,near,5,1e+14,P1,empty,2.249619e+02,10.450,1.750,5.250,-1.0000,3.52678,10.450,1.750,5.250,-1.0000
4,near,5,1e+14,P1,person,2.617180e+02,4.550,0.850,5.550,3.5278,3.42560,9.850,3.450,1.650,3.0640
4,near,5,1e+14,P1,vehicle,2.524047e+02,6.150,2.150,5.650,2.6302,3.91356,6.150,2.150,5.650,2.6302
4,near,5,1e+14,P2,empty,3.817752e+02,10.150,1.550,4.750,-1.0000,4.18650,10.150,1.550,4.750,-1.0000
4,near,5,1e+14,P2,person,3.092310e+02,10.250,3.550,3.250,3.0879,3.41390,10.250,3.550,3.250,3.0879
4,near,5,1e+14,P2,vehicle,3.318783e+02,6.450,1.250,4.050,2.0639,3.64706,6.450,1.250,4.050,2.0639
4,near,5,1e+15,P1,empty,7.748814e+02,4.750,2.750,5.250,-1.0000,3.43602,4.750,2.750,5.250,-1.0000
4,near,5,1e+15,P1,person,7.274966e+02,13.050,4.350,2.750,5.9098,3.57449,12.950,1.950,2.650,5.1959
4,near,5,1e+15,P1,vehicle,7.465429e+02,4.650,3.950,5.650,4.5563,3.61754,7.450,3.350,3.150,1.8800
4,near,5,1e+15,P2,empty,1.017401e+03,12.750,0.650,3.650,-1.0000,3.55746,7.750,1.850,1.450,-1.0000
4,near,5,1e+15,P2,person,1.152886e+03,12.750,4.550,3.850,5.7509,4.05277,12.750,4.550,3.850,5.7509
4,near,5,1e+15,P2,vehicle,1.050959e+03,13.550,3.150,2.450,2.9352,3.68596,13.550,3.150,2.450,2.9352
5,far,inf,1e+12,P1,empty,8.322681e+02,5.050,4.250,5.050,-1.0000,3.88953,11.950,2.150,2.450,-1.0000
5,far,inf,1e+12,P1,person,8.066035e+02,4.350,3.950,5.550,4.4767,3.89391,8.350,4.550,3.950,2.9016
5,far,inf,1e+12,P1,vehicle,9.697951e+02,5.050,3.250,5.150,4.3529,3.73575,5.050,3.250,5.150,4.3529
5,far,inf,1e+12,P2,empty,1.107400e+03,4.450,0.550,5.550,-1.0000,4.11287,13.250,3.150,4.950,-1.0000
5,far,inf,1e+12,P2,person,1.287344e+03,6.250,3.050,1.350,2.6568,3.81381,6.250,3.050,1.350,2.6568
5,far,inf,1e+12,P2,vehicle,1.145532e+03,4.850,0.750,5.350,4.3581,3.76821,7.350,4.050,5.550,3.2257
5,far,inf,1e+13,P1,empty,2.821952e+03,4.650,4.650,5.050,-1.0000,3.43088,12.750,1.150,3.250,-1.0000
5,far,inf,1e+13,P1,person,3.463860e+03,4.450,3.950,5.550,4.4042,4.35128,7.250,2.650,3.150,1.0205
5,far,inf,1e+13,P1,vehicle,3.550107e+03,4.450,4.150,5.450,5.3162,3.57812,9.350,2.950,2.750,1.1500
5,far,inf,1e+13,P2,empty,3.835739e+03,5.050,0.650,5.150,-1.0000,4.15418,6.950,4.150,3.050,-1.0000
5,far,inf,1e+13,P2,person,4.439080e+03,4.350,4.250,5.450,4.5910,3.72176,10.550,1.950,1.450,3.0341
5,far,inf,1e+13,P2,vehicle,4.374552e+03,4.450,1.550,5.250,4.7068,3.77171,12.250,3.050,3.050,1.4814
5,far,inf,1e+14,P1,empty,1.749650e+04,4.450,4.150,5.450,-1.0000,5.36697,4.450,4.050,5.550,-1.0000
5,far,inf,1e+14,P1,person,1.930205e+04,4.350,3.950,5.650,4.5238,5.82962,4.350,3.950,5.650,4.5238
5,far,inf,1e+14,P1,vehicle,1.722005e+04,4.350,4.250,5.450,5.4454,5.33884,4.350,4.250,5.450,5.4454
5,far,inf,1e+14,P2,empty,1.108951e+04,5.050,0.950,5.050,-1.0000,3.48567,8.750,3.950,5.250,-1.0000
5,far,inf,1e+14,P2,person,1.232947e+04,4.550,3.450,5.550,4.0954,3.38697,6.350,4.550,2.450,3.2054
5,far,inf,1e+14,P2,vehicle,1.323479e+04,4.550,4.150,5.450,5.2317,3.55303,8.750,4.050,5.550,2.8056
5,far,inf,1e+15,P1,empty,1.707641e+05,4.450,4.050,5.550,-1.0000,16.85268,4.450,4.050,5.550,-1.0000
5,far,inf,1e+15,P1,person,1.629217e+05,4.450,4.150,5.450,4.4647,15.87571,4.450,4.050,5.550,4.4561
5,far,inf,1e+15,P1,vehicle,1.687422e+05,4.450,4.150,5.450,5.3162,15.99466,4.450,4.150,5.450,5.3162
5,far,inf,1e+15,P2,empty,3.572461e+04,4.550,4.650,5.350,-1.0000,3.51615,11.950,0.850,2.550,-1.0000
5,far,inf,1e+15,P2,person,4.914941e+04,7.550,1.250,3.150,0.0781,5.44839,7.550,1.250,3.150,0.0781
5,far,inf,1e+15,P2,vehicle,4.108388e+04,4.550,1.150,4.850,4.5091,3.42479,5.950,1.650,2.050,3.0238
5,far,50,1e+12,P1,empty,4.214993e+02,4.550,4.150,5.450,-1.0000,3.57145,7.150,4.150,4.450,-1.0000
5,far,50,1e+12,P1,person,3.261724e+02,4.350,0.350,5.350,3.7671,3.77810,7.350,1.550,5.150,1.6901
5,far,50,1e+12,P1,vehicle,4.137667e+02,4.450,0.750,5.250,4.7068,5.17726,13.650,4.650,1.650,3.6719
5,far,50,1e+12,P2,empty,4.717112e+02,4.550,4.450,5.450,-1.0000,3.68840,7.650,2.050,2.250,-1.0000
5,far,50,1e+12,P2,person,5.595895e+02,4.650,1.650,5.650,3.6782,3.61551,9.650,1.650,5.150,2.2967
5,far,50,1e+12,P2,vehicle,4.249565e+02,5.250,0.950,5.550,4.0613,3.99697,9.350,4.450,2.550,2.6500
5,far,50,1e+13,P1,empty,1.071274e+03,4.350,1.550,5.650,-1.0000,3.69660,12.050,0.650,1.450,-1.0000
5,far,50,1e+13,P1,person,1.093927e+03,4.450,1.550,5.250,3.6309,3.63323,10.450,0.650,1.350,3.0023
5,far,50,1e+13,P1,vehicle,1.161383e+03,4.550,1.550,5.650,4.7449,3.63466,5.950,0.550,3.350,3.0050
5,far,50,1e+13,P2,empty,1.531996e+03,4.350,3.950,5.150,-1.0000,3.53419,12.050,2.650,2.250,-1.0000
5,far,50,1e+13,P2,person,1.367829e+03,4.350,2.950,5.650,4.1188,3.61060,13.450,0.950,5.550,5.7626
5,far,50,1e+13,P2,vehicle,1.388593e+03,5.050,2.350,5.650,4.3199,3.92244,10.350,3.450,4.650,1.8180
5,far,50,1e+14,P1,empty,4.699292e+03,4.550,3.950,5.650,-1.0000,4.43297,11.150,3.550,4.650,-1.0000
5,far,50,1e+14,P1,person,4.169975e+03,4.350,4.550,5.450,4.7642,3.59284,8.950,1.550,3.250,0.8787
5,far,50,1e+14,P1,vehicle,4.291079e+03,4.450,4.250,5.450,5.3611,3.79474,5.250,0.450,4.350,3.7339
5,far,50,1e+14,P2,empty,4.913563e+03,4.450,0.950,5.250,-1.0000,4.02357,5.550,0.450,3.250,-1.0000
5,far,50,1e+14,P2,person,4.967291e+03,4.950,4.450,5.250,4.2219,4.05579,6.350,1.650,5.250,2.1777
5,far,50,1e+14,P2,vehicle,4.849003e+03,4.950,2.250,5.250,4.2546,3.61230,11.950,4.450,2.850,2.6958
5,far,50,1e+15,P1,empty,2.391100e+04,4.550,4.150,5.450,-1.0000,5.71122,4.550,4.150,5.450,-1.0000
5,far,50,1e+15,P1,person,2.114604e+04,4.350,3.950,5.650,4.5238,5.22923,4.850,4.150,5.450,4.1900
5,far,50,1e+15,P1,vehicle,2.464302e+04,4.450,4.050,5.550,5.3033,5.81660,4.450,4.050,5.550,5.3033
5,far,50,1e+15,P2,empty,1.699379e+04,4.750,1.050,5.650,-1.0000,3.63550,6.750,2.050,1.650,-1.0000
5,far,50,1e+15,P2,person,1.692831e+04,4.350,2.050,4.950,3.6027,3.51534,10.950,2.750,2.450,3.1504
5,far,50,1e+15,P2,vehicle,1.566946e+04,4.550,0.550,5.250,4.6112,3.66079,11.850,1.950,1.650,0.8492
5,far,30,1e+12,P1,empty,2.109884e+02,4.850,0.750,5.450,-1.0000,3.83674,13.650,2.150,3.350,-1.0000
5,far,30,1e+12,P1,person,2.039921e+02,4.450,0.850,4.950,3.4946,3.78041,13.050,3.950,2.650,5.4893
5,far,30,1e+12,P1,vehicle,1.882178e+02,4.750,0.450,5.150,4.3907,4.07247,10.950,1.050,1.950,0.4367
5,far,30,1e+12,P2,empty,3.129137e+02,4.350,2.350,5.650,-1.0000,3.39905,10.050,1.250,2.250,-1.0000
5,far,30,1e+12,P2,person,3.039315e+02,4.350,3.750,5.250,4.2462,3.62258,10.550,0.350,4.650,2.7402
5,far,30,1e+12,P2,vehicle,2.822248e+02,4.850,1.650,5.650,4.4677,3.41169,6.350,3.850,3.150,3.3149
5,far,30,1e+13,P1,empty,6.205397e+02,4.550,2.150,5.450,-1.0000,3.79579,11.150,1.650,5.650,-1.0000
5,far,30,1e+13,P1,person,5.273945e+02,4.450,0.650,5.450,3.7324,3.98356,13.650,3.250,1.850,5.9412
5,far,30,1e+13,P1,vehicle,5.954459e+02,4.450,3.650,4.850,4.9645,3.61023,13.550,0.450,1.650,2.2207
5,far,30,1e+13,P2,empty,9.038438e+02,4.350,1.650,5.550,-1.0000,3.58205,4.550,4.550,4.250,-1.0000
5,far,30,1e+13,P2,person,8.016309e+02,4.850,0.950,5.250,3.2873,3.67845,5.250,2.750,4.050,2.6549
5,far,30,1e+13,P2,vehicle,8.573776e+02,4.750,3.050,5.650,4.7280,3.64847,10.850,2.450,3.850,0.6500
5,far,30,1e+14,P1,empty,2.027699e+03,4.650,3.650,5.550,-1.0000,3.43732,9.150,4.050,3.750,-1.0000
5,far,30,1e+14,P1,person,1.950348e+03,5.450,0.750,5.650,3.0684,3.86588,11.150,1.250,4.650,3.2929
5,far,30,1e+14,P1,vehicle,1.782076e+03,4.850,1.450,5.450,4.3926,3.65228,9.250,0.450,1.750,0.6367
5,far,30,1e+14,P2,empty,3.045767e+03,4.350,4.050,5.650,-1.0000,3.72662,11.950,2.750,1.450,-1.0000
5,far,30,1e+14,P2,person,2.749955e+03,4.450,2.950,5.350,3.8871,3.78748,8.050,3.350,2.150,1.9461
5,far,30,1e+14,P2,vehicle,2.506012e+03,4.550,1.250,5.150,4.5826,3.55391,7.950,4.650,4.750,3.1429
5,far,30,1e+15,P1,empty,7.822381e+03,4.450,4.250,5.450,-1.0000,4.30719,12.250,1.050,1.750,-1.0000
5,far,30,1e+15,P1,person,6.495069e+03,4.950,4.150,5.450,4.1245,3.49002,12.450,4.550,4.250,5.2807
5,far,30,1e+15,P1,vehicle,7.939335e+03,4.450,1.150,5.450,4.7686,3.55017,7.850,0.950,3.250,1.1050
5,far,30,1e+15,P2,empty,7.806187e+03,4.850,0.950,4.450,-1.0000,3.97955,10.550,0.750,3.150,-1.0000
5,far,30,1e+15,P2,person,1.033259e+04,4.350,1.650,5.650,3.9246,3.99392,12.550,1.350,3.050,4.4806
5,far,30,1e+15,P2,vehicle,8.994068e+03,4.650,1.650,5.650,4.6522,3.79883,8.850,2.750,4.250,1.0225
5,far,20,1e+12,P1,empty,9.265860e+01,4.450,0.450,5.350,-1.0000,3.81933,11.050,2.350,4.950,-1.0000
5,far,20,1e+12,P1,person,9.783652e+01,4.350,1.450,5.650,3.9246,3.86662,10.650,3.250,1.650,3.3762
5,far,20,1e+12,P1,vehicle,8.861264e+01,4.850,3.950,5.550,4.9235,3.95560,8.750,2.250,3.850,0.4945
5,far,20,1e+12,P2,empty,1.189480e+02,4.850,2.150,5.450,-1.0000,3.40444,12.150,2.450,2.350,-1.0000
5,far,20,1e+12,P2,person,1.075045e+02,4.650,1.250,5.150,3.4075,3.88841,11.050,0.850,4.650,3.1996
5,far,20,1e+12,P2,vehicle,1.147314e+02,4.750,2.950,5.150,4.5388,3.66747,10.750,3.450,5.650,2.4149
5,far,20,1e+13,P1,empty,2.618832e+02,4.950,3.750,5.350,-1.0000,3.85455,11.650,2.150,4.050,-1.0000
5,far,20,1e+13,P1,person,3.079000e+02,4.350,1.950,5.650,3.9325,4.28650,7.250,2.150,4.650,1.3057
5,far,20,1e+13,P1,vehicle,2.595759e+02,4.850,1.950,5.650,4.4703,3.96809,6.850,2.050,4.750,2.2889
5,far,20,1e+13,P2,empty,4.691034e+02,4.350,3.850,5.450,-1.0000,3.83218,10.750,4.050,5.650,-1.0000
5,far,20,1e+13,P2,person,4.588557e+02,4.450,1.950,5.550,3.7943,3.63070,5.150,2.950,1.650,3.1649
5,far,20,1e+13,P2,vehicle,4.599651e+02,4.650,1.650,5.550,4.6152,3.69508,10.850,3.750,2.650,1.9500
5,far,20,1e+14,P1,empty,8.327207e+02,4.450,3.450,5.450,-1.0000,3.48344,7.750,0.950,3.850,-1.0000
5,far,20,1e+14,P1,person,8.263030e+02,4.350,2.750,5.450,3.9595,3.52409,6.350,1.350,1.850,1.8412
5,far,20,1e+14,P1,vehicle,9.717647e+02,4.350,1.650,5.150,4.7752,3.52766,7.450,0.950,5.050,1.9022
5,far,20,1e+14,P2,empty,1.582163e+03,4.450,1.450,5.650,-1.0000,3.58189,11.150,3.650,3.250,-1.0000
5,far,20,1e+14,P2,person,1.264779e+03,4.450,0.550,5.250,3.6309,3.96119,11.050,4.550,2.350,4.2056
5,far,20,1e+14,P2,vehicle,1.330321e+03,4.450,1.550,5.550,4.8023,3.76996,11.950,0.550,1.450,1.0594
5,far,20,1e+15,P1,empty,2.850508e+03,4.950,1.250,5.350,-1.0000,3.40523,7.650,3.150,3.950,-1.0000
5,far,20,1e+15,P1,person,2.372476e+03,4.650,0.350,5.450,3.5640,4.44521,11.950,4.150,4.750,4.7597
5,far,20,1e+15,P1,vehicle,2.646453e+03,4.850,3.750,5.550,4.8395,3.35422,5.050,4.050,2.150,4.5131
5,far,20,1e+15,P2,empty,4.160589e+03,4.350,0.750,5.550,-1.0000,3.88787,13.450,4.150,4.150,-1.0000
5,far,20,1e+15,P2,person,4.653431e+03,4.550,1.750,5.650,3.7598,3.84111,13.050,1.750,5.450,5.3538
5,far,20,1e+15,P2,vehicle,3.559910e+03,4.450,1.750,4.750,4.5870,3.75259,9.750,1.450,5.450,1.5633
5,far,15,1e+12,P1,empty,5.069781e+01,4.450,1.550,5.250,-1.0000,4.76503,12.450,3.050,2.350,-1.0000
5,far,15,1e+12,P1,person,5.964293e+01,4.350,3.450,5.650,4.2971,4.29127,12.450,3.150,2.650,4.6431
5,far,15,1e+12,P1,vehicle,4.641563e+01,4.750,3.150,4.850,4.5203,4.77088,6.950,2.050,1.850,2.0906
5,far,15,1e+12,P2,empty,5.835091e+01,5.150,1.950,5.350,-1.0000,4.10077,12.250,1.050,2.050,-1.0000
5,far,15,1e+12,P2,person,6.236275e+01,4.350,3.750,5.650,4.4277,4.01403,10.850,3.450,4.050,3.3326
5,far,15,1e+12,P2,vehicle,6.960429e+01,4.650,2.450,5.550,4.6607,3.55196,6.250,1.950,3.150,2.7092
5,far,15,1e+13,P1,empty,1.560857e+02,4.450,3.550,5.650,-1.0000,3.79629,9.750,2.150,3.750,-1.0000
5,far,15,1e+13,P1,person,1.551792e+02,4.850,1.550,5.350,3.3422,3.90365,11.450,1.950,2.850,3.4042
5,far,15,1e+13,P1,vehicle,1.848570e+02,4.550,3.650,5.650,5.0928,3.58565,12.450,2.050,2.350,1.0265
5,far,15,1e+13,P2,empty,1.910006e+02,4.650,2.750,5.450,-1.0000,3.88552,11.350,1.650,5.650,-1.0000
5,far,15,1e+13,P2,person,1.870691e+02,4.450,3.750,5.450,4.2583,3.86319,8.550,4.450,3.850,2.8155
5,far,15,1e+13,P2,vehicle,1.998228e+02,4.350,1.250,5.350,4.8319,3.52479,11.750,2.250,4.450,0.7790
5,far,15,1e+14,P1,empty,4.666967e+02,4.550,0.750,5.450,-1.0000,3.34259,5.450,3.750,5.450,-1.0000
5,far,15,1e+14,P1,person,3.977549e+02,4.550,1.050,5.150,3.4951,4.08089,10.850,0.850,1.750,3.1259
5,far,15,1e+14,P1,vehicle,4.298981e+02,4.350,2.450,5.450,4.9064,3.86408,11.050,0.450,1.350,1.0367
5,far,15,1e+14,P2,empty,8.279409e+02,4.650,1.350,5.550,-1.0000,3.43224,12.050,0.450,4.650,-1.0000
5,far,15,1e+14,P2,person,7.114186e+02,4.450,3.050,5.550,4.0196,3.46050,10.150,3.450,5.550,3.4148
5,far,15,1e+14,P2,vehicle,6.375043e+02,4.550,3.550,5.550,5.0233,3.81452,5.450,0.350,3.250,3.5050
5,far,15,1e+15,P1,empty,1.277593e+03,4.850,3.750,5.050,-1.0000,3.69556,10.850,1.850,3.950,-1.0000
5,far,15,1e+15,P1,person,1.157139e+03,4.450,2.550,5.450,3.8279,4.03531,12.050,3.050,3.350,4.2015
5,far,15,1e+15,P1,vehicle,1.359404e+03,4.450,3.950,5.650,5.2941,3.69645,7.350,1.450,5.350,2.1720
5,far,15,1e+15,P2,empty,1.970529e+03,4.950,1.350,5.050,-1.0000,3.72752,10.050,1.950,4.050,-1.0000
5,far,15,1e+15,P2,person,2.225630e+03,4.450,0.550,5.550,3.7861,3.53268,8.650,0.350,1.950,1.3610
5,far,15,1e+15,P2,vehicle,2.018797e+03,4.650,2.950,5.550,4.7563,3.59527,5.150,0.850,1.550,3.8959
5,far,10,1e+12,P1,empty,2.859250e+01,6.250,2.250,3.650,-1.0000,4.42789,6.250,2.250,3.650,-1.0000
5,far,10,1e+12,P1,person,2.598608e+01,12.350,3.650,3.250,4.7021,4.04916,12.350,3.650,3.250,4.7021
5,far,10,1e+12,P1,vehicle,2.786203e+01,4.850,4.050,4.150,4.6886,4.28272,4.850,4.050,4.150,4.6886
5,far,10,1e+12,P2,empty,3.626111e+01,8.350,1.650,4.050,-1.0000,4.02357,8.350,1.650,4.050,-1.0000
5,far,10,1e+12,P2,person,3.397278e+01,9.450,2.450,1.750,2.1245,3.75756,9.450,2.450,1.750,2.1245
5,far,10,1e+12,P2,vehicle,3.241351e+01,6.250,0.750,4.350,2.7444,3.55483,6.250,0.750,4.350,2.7444
5,far,10,1e+13,P1,empty,7.342462e+01,5.450,3.050,4.150,-1.0000,3.59706,5.450,3.050,4.150,-1.0000
5,far,10,1e+13,P1,person,7.122214e+01,6.650,4.550,4.350,3.1336,3.49973,6.650,4.550,4.350,3.1336
5,far,10,1e+13,P1,vehicle,7.929718e+01,6.250,2.650,2.550,2.8354,3.89848,6.250,2.650,2.550,2.8354
5,far,10,1e+13,P2,empty,1.170455e+02,9.650,1.750,3.950,-1.0000,4.10926,9.650,1.750,3.950,-1.0000
5,far,10,1e+13,P2,person,1.135436e+02,4.350,3.150,4.550,3.7343,3.80036,4.350,3.150,4.550,3.7343
5,far,10,1e+13,P2,vehicle,1.136463e+02,5.050,2.150,4.250,3.9375,3.88211,5.050,2.150,4.250,3.9375
5,far,10,1e+14,P1,empty,2.327003e+02,5.050,3.850,3.050,-1.0000,3.62828,5.050,3.850,3.050,-1.0000
5,far,10,1e+14,P1,person,2.306974e+02,8.250,4.250,1.850,2.8824,3.59327,8.250,4.250,1.850,2.8824
5,far,10,1e+14,P1,vehicle,2.681620e+02,11.450,3.050,2.550,1.2500,4.19360,11.450,3.050,2.550,1.2500
5,far,10,1e+14,P2,empty,3.188015e+02,5.750,2.650,2.950,-1.0000,3.50137,5.750,2.650,2.950,-1.0000
5,far,10,1e+14,P2,person,3.204582e+02,6.650,1.350,3.350,0.9713,3.55305,6.650,1.350,3.350,0.9713
5,far,10,1e+14,P2,vehicle,3.393677e+02,9.350,2.250,5.150,1.3411,3.74624,9.350,2.250,5.150,1.3411
5,far,10,1e+15,P1,empty,7.660767e+02,13.250,3.950,4.950,-1.0000,3.78137,13.250,3.950,4.950,-1.0000
5,far,10,1e+15,P1,person,7.422366e+02,11.650,2.750,4.550,3.8795,3.65948,11.650,2.750,4.550,3.8795
5,far,10,1e+15,P1,vehicle,7.530052e+02,11.050,0.350,3.150,0.0000,3.71663,11.050,0.350,3.150,0.0000
5,far,10,1e+15,P2,empty,9.939999e+02,8.750,3.850,3.050,-1.0000,3.45027,8.750,3.850,3.050,-1.0000
5,far,10,1e+15,P2,person,1.094359e+03,6.650,2.350,5.150,2.0368,3.79640,6.650,2.350,5.150,2.0368
5,far,10,1e+15,P2,vehicle,9.912118e+02,5.950,2.550,2.950,3.0972,3.45859,5.950,2.550,2.950,3.0972
5,far,5,1e+12,P1,empty,2.504889e+01,13.450,2.550,3.850,-1.0000,3.92060,13.450,2.550,3.850,-1.0000
5,far,5,1e+12,P1,person,2.573163e+01,4.950,4.250,5.050,4.0122,4.00661,6.350,1.550,2.350,1.5193
5,far,5,1e+12,P1,vehicle,2.746434e+01,5.150,2.050,5.050,3.9867,4.28646,5.150,2.050,5.050,3.9867
5,far,5,1e+12,P2,empty,3.294589e+01,5.350,1.150,3.450,-1.0000,3.63325,5.350,1.150,3.450,-1.0000
5,far,5,1e+12,P2,person,3.294128e+01,7.350,1.050,4.750,1.2968,3.64067,7.350,1.050,4.750,1.2968
5,far,5,1e+12,P2,vehicle,3.210089e+01,7.050,3.450,3.050,2.5202,3.54846,13.650,0.650,1.750,2.2854
5,far,5,1e+13,P1,empty,7.355493e+01,5.050,3.850,2.950,-1.0000,3.65273,5.050,3.850,2.950,-1.0000
5,far,5,1e+13,P1,person,8.030762e+01,12.150,1.950,1.350,4.4782,3.96624,12.150,1.950,1.350,4.4782
5,far,5,1e+13,P1,vehicle,7.920718e+01,7.150,3.450,1.950,2.4842,3.90214,7.150,3.450,1.950,2.4842
5,far,5,1e+13,P2,empty,1.051873e+02,9.550,3.550,2.350,-1.0000,3.67052,9.550,3.550,2.350,-1.0000
5,far,5,1e+13,P2,person,1.130637e+02,9.650,0.350,1.750,2.1313,3.96236,9.650,0.350,1.750,2.1313
5,far,5,1e+13,P2,vehicle,1.051515e+02,9.850,1.350,2.650,0.0000,3.69696,9.850,1.350,2.650,0.0000
5,far,5,1e+14,P1,empty,2.212101e+02,11.350,3.750,5.450,-1.0000,3.45292,11.350,3.750,5.450,-1.0000
5,far,5,1e+14,P1,person,2.498497e+02,11.350,0.850,2.550,3.3390,3.89483,11.350,0.850,2.550,3.3390
5,far,5,1e+14,P1,vehicle,2.313170e+02,12.750,4.350,2.850,2.8600,3.62004,12.750,4.350,2.850,2.8600
5,far,5,1e+14,P2,empty,3.238038e+02,9.350,0.950,4.850,-1.0000,3.57031,9.350,0.950,4.850,-1.0000
5,far,5,1e+14,P2,person,3.467493e+02,9.150,0.550,4.050,1.2192,3.83840,9.150,0.550,4.050,1.2192
5,far,5,1e+14,P2,vehicle,3.441058e+02,5.950,3.550,5.550,3.8548,3.79797,7.350,4.650,1.350,3.4312
5,far,5,1e+15,P1,empty,8.327371e+02,5.750,4.350,3.350,-1.0000,4.10976,5.750,4.350,3.350,-1.0000
5,far,5,1e+15,P1,person,7.814382e+02,11.250,4.150,4.350,4.1061,3.85815,11.250,4.150,4.350,4.1061
5,far,5,1e+15,P1,vehicle,7.254560e+02,5.750,3.450,2.650,3.6048,3.60380,5.750,3.450,2.650,3.6048
5,far,5,1e+15,P2,empty,1.113999e+03,13.650,1.750,1.650,-1.0000,3.89300,13.650,1.750,1.650,-1.0000
5,far,5,1e+15,P2,person,1.013018e+03,9.250,0.750,1.650,1.9329,3.53663,9.250,0.750,1.650,1.9329
5,far,5,1e+15,P2,vehicle,1.079593e+03,9.950,0.950,3.050,0.0000,3.74270,9.950,0.950,3.050,0.0000
5,near,inf,1e+12,P1,empty,7.504861e+02,4.350,1.050,5.150,-1.0000,3.86998,10.050,2.250,5.250,-1.0000
5,near,inf,1e+12,P1,person,9.629248e+02,5.650,4.150,5.350,3.6577,3.73425,5.650,4.150,5.350,3.6577
5,near,inf,1e+12,P1,vehicle,9.099052e+02,4.450,0.350,5.250,4.7068,3.53827,6.150,3.150,3.850,3.1130
5,near,inf,1e+12,P2,empty,1.344758e+03,4.450,4.550,4.950,-1.0000,3.96049,13.450,0.450,3.750,-1.0000
5,near,inf,1e+12,P2,person,1.257870e+03,4.350,4.150,5.150,4.4144,3.65599,9.250,0.550,2.050,1.6342
5,near,inf,1e+12,P2,vehicle,1.083625e+03,4.450,4.450,5.150,5.3772,3.59588,13.050,4.650,5.250,3.5391
5,near,inf,1e+13,P1,empty,3.108324e+03,4.450,0.950,5.550,-1.0000,3.79125,9.950,4.650,1.650,-1.0000
5,near,inf,1e+13,P1,person,3.560724e+03,4.350,4.150,5.450,4.5362,3.88535,11.250,1.750,2.650,3.2233
5,near,inf,1e+13,P1,vehicle,3.161345e+03,4.750,4.050,5.550,5.0509,3.40159,6.450,1.650,3.650,2.5050
5,near,inf,1e+13,P2,empty,3.780025e+03,4.950,1.150,5.250,-1.0000,3.59630,8.050,3.050,5.350,-1.0000
5,near,inf,1e+13,P2,person,4.069719e+03,4.650,3.450,5.550,4.0210,3.35099,10.850,1.550,2.950,2.7884
5,near,inf,1e+13,P2,vehicle,4.368910e+03,5.250,1.350,5.550,4.0613,3.76903,12.450,1.550,1.350,1.4369
5,near,inf,1e+14,P1,empty,1.629733e+04,4.350,3.950,5.650,-1.0000,5.05686,4.750,4.050,5.550,-1.0000
5,near,inf,1e+14,P1,person,1.977347e+04,4.450,4.050,5.550,4.4561,6.17100,4.450,4.050,5.550,4.4561
5,near,inf,1e+14,P1,vehicle,1.952528e+04,4.350,3.950,5.650,5.3794,5.89704,4.350,3.950,5.650,5.3794
5,near,inf,1e+14,P2,empty,1.439587e+04,4.350,3.450,5.650,-1.0000,3.64451,8.850,3.150,2.750,-1.0000
5,near,inf,1e+14,P2,person,1.112507e+04,4.450,3.150,5.250,3.9097,3.94105,5.350,0.750,3.450,2.2713
5,near,inf,1e+14,P2,vehicle,1.357517e+04,4.450,4.250,4.950,5.2372,4.48303,7.350,3.550,2.650,2.3746
5,near,inf,1e+15,P1,empty,1.735312e+05,4.450,4.050,5.550,-1.0000,17.12577,4.450,4.050,5.550,-1.0000
5,near,inf,1e+15,P1,person,1.765745e+05,4.450,4.050,5.550,4.4561,17.42611,4.450,4.050,5.550,4.4561
5,near,inf,1e+15,P1,vehicle,1.677672e+05,4.450,4.050,5.550,5.3033,16.55692,4.450,4.050,5.550,5.3033
5,near,inf,1e+15,P2,empty,3.577460e+04,4.350,2.850,4.950,-1.0000,3.45758,7.550,3.250,4.450,-1.0000
5,near,inf,1e+15,P2,person,4.960334e+04,7.650,1.450,3.250,0.0000,5.53941,7.650,1.450,3.250,0.0000
5,near,inf,1e+15,P2,vehicle,3.609916e+04,5.250,2.450,4.950,3.9090,3.85690,9.250,0.350,1.550,0.8367
5,near,50,1e+12,P1,empty,6.056583e+02,4.550,3.450,5.650,-1.0000,3.80852,6.950,2.550,5.350,-1.0000
5,near,50,1e+12,P1,person,6.074779e+02,4.750,1.150,5.650,3.5979,4.24008,13.650,0.350,5.550,5.9497
5,near,50,1e+12,P1,vehicle,5.484319e+02,5.150,2.550,5.350,4.1451,3.98735,13.250,0.750,1.750,1.9045
5,near,50,1e+12,P2,empty,8.950483e+02,4.650,3.950,5.550,-1.0000,3.47730,13.350,0.350,4.450,-1.0000
5,near,50,1e+12,P2,person,8.564791e+02,4.550,3.650,5.550,4.1848,3.82242,8.850,2.050,3.650,0.8701
5,near,50,1e+12,P2,vehicle,8.956137e+02,4.450,0.650,5.150,4.6788,3.56772,9.450,0.950,4.850,0.9633
5,near,50,1e+13,P1,empty,1.909026e+03,4.550,4.050,5.550,-1.0000,3.69297,9.950,3.850,4.150,-1.0000
5,near,50,1e+13,P1,person,1.959677e+03,4.750,4.550,5.350,4.4561,3.58448,9.050,2.950,3.150,1.5879
5,near,50,1e+13,P1,vehicle,2.221488e+03,4.350,4.050,5.550,5.3885,3.42886,13.050,3.950,1.450,2.8362
5,near,50,1e+13,P2,empty,2.760915e+03,4.650,2.550,5.450,-1.0000,3.72746,13.650,0.550,1.950,-1.0000
5,near,50,1e+13,P2,person,2.408591e+03,4.350,1.250,5.550,3.8702,3.81099,5.350,2.150,3.150,2.3157
5,near,50,1e+13,P2,vehicle,2.609218e+03,4.350,1.150,5.650,4.9311,3.91708,4.550,3.250,4.150,4.6450
5,near,50,1e+14,P1,empty,6.701898e+03,4.550,4.150,5.450,-1.0000,4.30214,6.650,2.250,1.450,-1.0000
5,near,50,1e+14,P1,person,6.869142e+03,4.450,1.050,5.350,3.6806,3.80048,8.050,1.050,5.450,1.9681
5,near,50,1e+14,P1,vehicle,7.653733e+03,4.550,4.550,5.350,5.3952,3.66189,4.550,4.550,5.350,5.3952
5,near,50,1e+14,P2,empty,1.217051e+04,4.550,1.250,5.650,-1.0000,3.79162,4.550,1.250,5.650,-1.0000
5,near,50,1e+14,P2,person,7.911016e+03,4.450,1.150,4.450,3.3158,3.33907,4.450,1.150,4.450,3.3158
5,near,50,1e+14,P2,vehicle,8.520751e+03,4.750,4.350,5.150,5.0775,3.79147,12.550,0.950,2.250,1.1035
5,near,50,1e+15,P1,empty,5.333190e+04,4.350,4.150,5.450,-1.0000,7.54791,4.350,4.150,5.450,-1.0000
5,near,50,1e+15,P1,person,5.472987e+04,4.450,4.050,5.550,4.4561,7.92822,4.450,4.050,5.550,4.4561
5,near,50,1e+15,P1,vehicle,5.538552e+04,4.450,4.150,5.450,5.3162,7.97285,4.450,4.150,5.450,5.3162
5,near,50,1e+15,P2,empty,2.439484e+04,4.550,0.950,4.850,-1.0000,3.58292,8.250,4.250,4.250,-1.0000
5,near,50,1e+15,P2,person,2.595319e+04,5.150,0.550,5.450,3.1593,3.85455,11.350,4.350,1.350,4.5965
5,near,50,1e+15,P2,vehicle,2.584991e+04,4.450,1.850,5.650,4.8381,3.71559,8.450,0.950,4.350,0.6854
5,near,30,1e+12,P1,empty,4.101139e+02,4.450,2.550,5.350,-1.0000,4.03116,6.950,0.350,2.050,-1.0000
5,near,30,1e+12,P1,person,4.069457e+02,4.350,0.550,5.550,3.8702,3.51164,12.450,1.250,3.350,4.3787
5,near,30,1e+12,P1,vehicle,4.086834e+02,5.050,0.950,5.150,4.1043,4.08712,8.150,1.150,4.550,1.0431
5,near,30,1e+12,P2,empty,5.602717e+02,4.350,1.150,5.650,-1.0000,3.36673,10.350,2.650,2.550,-1.0000
5,near,30,1e+12,P2,person,7.290757e+02,4.350,0.450,5.550,3.8702,3.61765,4.450,1.250,4.750,3.4154
5,near,30,1e+12,P2,vehicle,6.784221e+02,4.450,2.650,5.650,4.9119,3.70248,10.050,1.150,3.550,0.0000
5,near,30,1e+13,P1,empty,1.303266e+03,4.550,1.350,5.450,-1.0000,3.83665,11.150,4.450,4.350,-1.0000
5,near,30,1e+13,P1,person,1.374938e+03,4.550,2.050,5.450,3.6645,3.48212,12.950,3.150,2.850,5.1004
5,near,30,1e+13,P1,vehicle,1.482857e+03,4.350,0.450,5.150,4.7752,3.79323,10.450,3.750,5.450,2.4993
5,near,30,1e+13,P2,empty,1.983873e+03,4.850,3.950,5.650,-1.0000,3.96847,11.350,2.950,3.950,-1.0000
5,near,30,1e+13,P2,person,1.911888e+03,4.350,2.950,4.850,3.7597,3.55286,12.450,0.550,5.450,4.8007
5,near,30,1e+13,P2,vehicle,2.320179e+03,4.550,1.150,5.650,4.7449,3.40090,12.750,4.050,2.750,2.5960
5,near,30,1e+14,P1,empty,4.717264e+03,4.350,0.850,5.450,-1.0000,3.62904,12.250,0.350,3.650,-1.0000
5,near,30,1e+14,P1,person,5.104333e+03,4.350,4.050,5.550,4.5278,3.69694,9.350,3.850,3.150,2.5017
5,near,30,1e+14,P1,vehicle,4.910914e+03,4.450,4.050,5.550,5.3033,3.74888,13.350,4.050,1.350,3.1190
5,near,30,1e+14,P2,empty,6.335359e+03,4.650,3.850,5.550,-1.0000,3.78386,7.550,0.750,3.350,-1.0000
5,near,30,1e+14,P2,person,5.387439e+03,4.950,2.150,5.650,3.4697,3.54308,10.150,2.950,3.750,2.4404
5,near,30,1e+14,P2,vehicle,6.195310e+03,4.750,1.450,5.350,4.4524,3.82289,5.150,2.950,1.850,4.0111
5,near,30,1e+15,P1,empty,2.852198e+04,4.350,0.350,5.350,-1.0000,5.48509,4.350,4.250,5.450,-1.0000
5,near,30,1e+15,P1,person,2.559434e+04,4.450,0.850,5.450,3.7324,4.67135,4.450,0.850,5.450,3.7324
5,near,30,1e+15,P1,vehicle,2.744141e+04,4.450,4.050,5.550,5.3033,5.33489,4.350,4.250,5.450,5.4454
5,near,30,1e+15,P2,empty,1.774786e+04,5.150,3.850,5.450,-1.0000,3.98388,5.750,2.150,2.250,-1.0000
5,near,30,1e+15,P2,person,2.041136e+04,4.350,3.550,4.450,3.8809,3.96908,11.750,3.250,4.450,4.1076
5,near,30,1e+15,P2,vehicle,1.997573e+04,4.450,2.050,5.650,4.8443,3.37357,8.550,1.150,1.650,0.8407
5,near,20,1e+12,P1,empty,3.109774e+02,5.050,4.150,4.850,-1.0000,4.16483,4.950,0.550,1.450,-1.0000
5,near,20,1e+12,P1,person,2.914746e+02,4.550,3.150,5.450,3.9254,4.49072,10.450,3.350,3.650,2.8998
5,near,20,1e+12,P1,vehicle,3.674290e+02,4.750,0.650,5.350,4.4524,3.98878,9.350,0.550,1.450,0.9367
5,near,20,1e+12,P2,empty,5.145294e+02,4.550,1.950,5.550,-1.0000,3.49289,8.850,4.050,5.350,-1.0000
5,near,20,1e+12,P2,person,5.800699e+02,4.350,1.450,5.450,3.8177,3.91293,12.450,2.850,4.650,4.6755
5,near,20,1e+12,P2,vehicle,4.957842e+02,4.450,0.350,5.350,4.7367,4.07009,11.450,2.650,2.850,0.8500
5,near,20,1e+13,P1,empty,9.743869e+02,4.550,4.350,5.450,-1.0000,3.65593,9.750,2.150,1.750,-1.0000
5,near,20,1e+13,P1,person,1.248963e+03,4.550,3.050,5.550,3.9411,3.69571,13.150,2.050,3.650,5.0935
5,near,20,1e+13,P1,vehicle,9.282537e+02,4.750,3.150,5.650,4.7554,3.64416,9.550,0.550,2.550,0.0000
5,near,20,1e+13,P2,empty,1.772792e+03,4.450,1.850,5.550,-1.0000,3.78257,13.050,2.450,5.050,-1.0000
5,near,20,1e+13,P2,person,1.503668e+03,4.750,1.550,5.650,3.5979,3.64413,6.650,1.750,5.350,2.1061
5,near,20,1e+13,P2,vehicle,1.383622e+03,4.750,2.250,5.650,4.5819,3.54922,8.350,4.350,1.450,2.7831
5,near,20,1e+14,P1,empty,2.598471e+03,4.950,3.650,5.350,-1.0000,3.82111,5.750,3.650,2.850,-1.0000
5,near,20,1e+14,P1,person,3.037202e+03,4.950,0.750,5.250,3.2035,3.57394,12.250,1.850,3.950,4.2075
5,near,20,1e+14,P1,vehicle,3.051139e+03,4.650,0.850,5.450,4.5801,4.17892,9.250,2.950,2.050,1.1983
5,near,20,1e+14,P2,empty,4.536588e+03,4.350,3.550,5.150,-1.0000,4.09182,11.350,3.850,2.450,-1.0000
5,near,20,1e+14,P2,person,5.417123e+03,4.350,3.450,5.650,4.2971,3.68554,8.850,0.650,4.250,1.0938
5,near,20,1e+14,P2,vehicle,4.459028e+03,4.850,0.550,5.550,4.4292,3.93026,6.650,2.950,1.550,2.7084
5,near,20,1e+15,P1,empty,1.363876e+04,4.350,4.250,5.450,-1.0000,3.93829,8.650,2.750,5.550,-1.0000
5,near,20,1e+15,P1,person,1.117412e+04,4.450,4.150,5.450,4.4647,3.92729,8.350,1.550,4.450,1.0075
5,near,20,1e+15,P1,vehicle,1.442254e+04,4.350,0.350,5.350,4.8319,3.99499,9.950,1.250,2.350,0.0367
5,near,20,1e+15,P2,empty,2.024600e+04,4.350,0.850,5.650,-1.0000,3.62554,6.650,0.750,2.050,-1.0000
5,near,20,1e+15,P2,person,1.370929e+04,4.650,1.050,5.650,3.6782,3.86042,8.550,3.550,2.150,2.1717
5,near,20,1e+15,P2,vehicle,1.238990e+04,4.850,4.550,5.550,5.2135,3.76169,10.150,2.350,3.850,0.5500
5,near,15,1e+12,P1,empty,2.022295e+02,4.350,2.050,5.150,-1.0000,4.72613,9.450,0.350,1.850,-1.0000
5,near,15,1e+12,P1,person,2.272642e+02,4.350,1.850,5.650,3.9274,4.12095,11.950,2.250,4.550,4.0605
5,near,15,1e+12,P1,vehicle,2.863757e+02,4.350,3.350,5.650,5.1690,4.22479,7.750,2.750,3.950,1.5358
5,near,15,1e+12,P2,empty,3.297866e+02,4.550,1.050,5.650,-1.0000,3.89701,12.450,4.150,4.850,-1.0000
5,near,15,1e+12,P2,person,4.362927e+02,4.350,3.350,5.650,4.2573,3.87139,8.650,2.250,3.850,0.8792
5,near,15,1e+12,P2,vehicle,2.549637e+02,4.950,0.750,5.550,4.3367,3.74090,12.150,1.950,5.150,1.4497
5,near,15,1e+13,P1,empty,6.817495e+02,4.750,2.950,5.550,-1.0000,4.07276,5.450,0.650,5.150,-1.0000
5,near,15,1e+13,P1,person,6.153868e+02,4.550,4.150,5.350,4.3503,3.78640,11.050,1.150,5.050,3.3663
5,near,15,1e+13,P1,vehicle,7.216206e+02,4.350,1.550,5.650,4.9311,3.91432,13.350,2.950,2.450,2.2166
5,near,15,1e+13,P2,empty,1.061926e+03,4.450,2.550,5.550,-1.0000,3.90427,11.450,1.650,3.450,-1.0000
5,near,15,1e+13,P2,person,9.516653e+02,4.450,2.150,5.050,3.5663,4.05232,12.950,0.750,3.950,4.9011
5,near,15,1e+13,P2,vehicle,1.050694e+03,4.550,0.950,5.650,4.7449,3.45989,12.650,1.650,2.250,1.2028
5,near,15,1e+14,P1,empty,2.138912e+03,4.450,0.750,5.450,-1.0000,3.74606,12.350,4.550,4.450,-1.0000
5,near,15,1e+14,P1,person,2.067792e+03,4.950,0.650,5.250,3.2035,3.91972,12.350,2.150,3.250,4.3023
5,near,15,1e+14,P1,vehicle,1.819757e+03,4.550,4.050,5.550,5.2186,4.68093,4.650,4.650,2.550,5.1629
5,near,15,1e+14,P2,empty,3.020637e+03,4.850,3.950,5.650,-1.0000,3.51516,12.750,3.250,4.850,-1.0000
5,near,15,1e+14,P2,person,2.907334e+03,4.550,1.450,5.450,3.6478,3.36284,10.650,2.450,3.150,2.6857
5,near,15,1e+14,P2,vehicle,2.967735e+03,4.350,1.350,5.650,4.9311,3.53731,12.850,2.750,3.450,1.6877
5,near,15,1e+15,P1,empty,8.470644e+03,4.450,4.050,5.550,-1.0000,3.66673,5.750,1.750,1.950,-1.0000
5,near,15,1e+15,P1,person,7.322834e+03,4.850,4.550,5.350,4.3923,4.05347,7.050,0.750,4.050,0.8057
5,near,15,1e+15,P1,vehicle,6.216162e+03,4.450,0.750,5.450,4.7686,3.62713,8.750,1.850,3.450,0.2110
5,near,15,1e+15,P2,empty,9.849552e+03,4.550,0.950,5.450,-1.0000,3.64905,8.450,0.450,1.650,-1.0000
5,near,15,1e+15,P2,person,1.037686e+04,4.450,0.950,5.550,3.7861,3.55937,12.150,1.850,4.950,4.3375
5,near,15,1e+15,P2,vehicle,1.043118e+04,4.750,0.950,5.550,4.5221,3.61568,9.550,0.950,4.850,0.9633
5,near,10,1e+12,P1,empty,1.126666e+02,4.550,1.850,5.650,-1.0000,3.81471,11.950,3.450,3.450,-1.0000
5,near,10,1e+12,P1,person,1.008291e+02,4.350,1.350,5.550,3.8702,3.93526,6.650,3.450,2.150,2.2518
5,near,10,1e+12,P1,vehicle,1.120448e+02,4.450,1.350,5.650,4.8378,3.93989,13.350,0.650,4.150,1.9132
5,near,10,1e+12,P2,empty,1.701214e+02,4.550,1.450,5.650,-1.0000,3.75668,13.450,3.550,2.850,-1.0000
5,near,10,1e+12,P2,person,1.505228e+02,4.450,3.850,5.650,4.4023,3.90793,8.750,0.450,2.150,1.2351
5,near,10,1e+12,P2,vehicle,1.608073e+02,4.450,1.350,5.550,4.8023,3.71159,5.550,2.150,3.550,3.4230
5,near,10,1e+13,P1,empty,3.406768e+02,4.550,2.550,5.650,-1.0000,3.65155,7.950,1.550,1.350,-1.0000
5,near,10,1e+13,P1,person,3.334179e+02,4.350,4.150,5.250,4.4531,3.49927,8.350,0.450,3.950,0.5448
5,near,10,1e+13,P1,vehicle,3.266818e+02,4.450,2.150,5.650,4.8505,4.10240,12.250,1.550,4.650,1.1021
5,near,10,1e+13,P2,empty,5.665931e+02,4.450,1.650,5.550,-1.0000,4.09920,4.550,2.150,2.450,-1.0000
5,near,10,1e+13,P2,person,4.552064e+02,4.350,2.550,5.650,4.0156,3.79818,5.350,0.950,2.150,2.4947
5,near,10,1e+13,P2,vehicle,4.707363e+02,4.350,1.250,5.650,4.9311,4.19101,7.550,0.450,3.850,1.4050
5,near,10,1e+14,P1,empty,1.101033e+03,4.850,4.150,5.550,-1.0000,3.57822,7.450,2.050,5.150,-1.0000
5,near,10,1e+14,P1,person,1.279220e+03,4.650,0.950,5.550,3.6202,3.72478,12.450,4.150,4.550,5.1300
5,near,10,1e+14,P1,vehicle,1.106171e+03,4.550,4.150,5.550,5.2625,3.76132,6.450,2.550,4.050,2.6200
5,near,10,1e+14,P2,empty,2.093841e+03,4.350,1.050,5.650,-1.0000,3.61075,5.150,1.850,4.750,-1.0000
5,near,10,1e+14,P2,person,1.691857e+03,4.350,3.250,5.650,4.2196,3.67624,4.550,4.050,2.850,3.8814
5,near,10,1e+14,P2,vehicle,1.722859e+03,4.750,1.850,5.650,4.5601,3.55620,13.550,3.950,3.150,3.0019
5,near,10,1e+15,P1,empty,2.847526e+03,4.450,1.950,4.950,-1.0000,3.94650,6.150,0.750,1.650,-1.0000
5,near,10,1e+15,P1,person,2.642045e+03,4.650,2.950,5.450,3.7769,3.44540,8.950,2.750,4.950,2.0075
5,near,10,1e+15,P1,vehicle,2.911654e+03,4.450,4.250,5.450,5.3611,3.78533,11.550,1.650,2.550,0.0950
5,near,10,1e+15,P2,empty,5.948881e+03,4.350,3.450,5.650,-1.0000,3.71173,10.250,3.450,2.950,-1.0000
5,near,10,1e+15,P2,person,5.397062e+03,4.350,1.650,5.650,3.9246,3.68940,6.450,1.550,4.450,1.5196
5,near,10,1e+15,P2,vehicle,6.133009e+03,4.450,2.450,5.650,4.8813,3.63117,9.650,0.750,3.150,0.0000
5,near,5,1e+12,P1,empty,2.605792e+01,12.250,2.850,4.450,-1.0000,4.07406,12.250,2.850,4.450,-1.0000
5,near,5,1e+12,P1,person,2.989844e+01,6.150,3.050,1.950,2.3462,4.71761,6.150,3.050,1.950,2.3462
5,near,5,1e+12,P1,vehicle,2.776486e+01,9.250,2.650,3.450,0.8500,4.32586,9.250,2.650,3.450,0.8500
5,near,5,1e+12,P2,empty,3.281860e+01,4.650,0.950,1.750,-1.0000,3.63379,4.650,0.950,1.750,-1.0000
5,near,5,1e+12,P2,person,3.500488e+01,10.550,1.950,2.750,2.5284,3.84084,10.550,1.950,2.750,2.5284
5,near,5,1e+12,P2,vehicle,3.293542e+01,6.950,2.450,2.950,2.1078,3.63705,6.950,2.450,2.950,2.1078
5,near,5,1e+13,P1,empty,7.662091e+01,5.850,4.150,2.050,-1.0000,3.78937,5.850,4.150,2.050,-1.0000
5,near,5,1e+13,P1,person,9.079813e+01,6.150,4.450,2.050,3.3179,4.46730,6.150,4.450,2.050,3.3179
5,near,5,1e+13,P1,vehicle,8.095190e+01,13.450,1.250,1.850,2.0659,3.99150,13.450,1.250,1.850,2.0659
5,near,5,1e+13,P2,empty,1.064813e+02,10.750,2.150,2.950,-1.0000,3.71242,10.750,2.150,2.950,-1.0000
5,near,5,1e+13,P2,person,1.168456e+02,12.650,3.650,2.350,5.0457,4.10017,12.650,3.650,2.350,5.0457
5,near,5,1e+13,P2,vehicle,1.204069e+02,9.650,0.450,3.450,0.0000,4.21873,9.650,0.450,3.450,0.0000
5,near,5,1e+14,P1,empty,2.176406e+02,10.550,0.650,3.550,-1.0000,3.40838,10.550,0.650,3.550,-1.0000
5,near,5,1e+14,P1,person,2.287836e+02,9.550,0.950,3.050,1.4846,3.58060,9.550,0.950,3.050,1.4846
5,near,5,1e+14,P1,vehicle,2.269703e+02,11.650,2.050,3.450,0.3170,3.54380,11.650,2.050,3.450,0.3170
5,near,5,1e+14,P2,empty,3.673669e+02,4.450,0.750,5.650,-1.0000,3.65295,5.950,3.150,2.750,-1.0000
5,near,5,1e+14,P2,person,3.110227e+02,4.850,2.850,4.050,3.0537,3.39559,4.850,2.850,4.050,3.0537
5,near,5,1e+14,P2,vehicle,3.211697e+02,10.550,1.850,3.350,0.0500,3.55682,10.550,1.850,3.350,0.0500
5,near,5,1e+15,P1,empty,7.163137e+02,4.450,1.850,5.250,-1.0000,3.52846,10.650,4.050,5.050,-1.0000
5,near,5,1e+15,P1,person,7.167545e+02,8.350,2.650,4.950,1.7708,3.53878,8.350,2.650,4.950,1.7708
5,near,5,1e+15,P1,vehicle,7.912493e+02,5.050,3.950,4.750,4.5406,3.83795,7.250,3.950,4.450,2.8012
5,near,5,1e+15,P2,empty,1.111106e+03,4.350,4.350,5.550,-1.0000,3.70058,8.850,2.350,2.650,-1.0000
5,near,5,1e+15,P2,person,1.160164e+03,10.850,4.550,3.550,3.9810,4.01895,10.850,4.550,3.550,3.9810
5,near,5,1e+15,P2,vehicle,9.858546e+02,10.350,1.650,3.450,0.0000,3.45625,10.350,1.650,3.450,0.0000
6,far,inf,1e+12,P1,empty,9.335290e+02,4.350,4.050,5.550,-1.0000,3.84383,13.450,4.450,5.650,-1.0000
6,far,inf,1e+12,P1,person,9.389277e+02,4.350,4.150,5.450,4.2909,3.46873,11.450,4.350,1.950,4.7218
6,far,inf,1e+12,P1,vehicle,9.666527e+02,4.550,0.350,5.250,4.3334,3.69155,7.250,0.950,3.850,1.4470
6,far,inf,1e+12,P2,empty,1.269949e+03,4.750,3.550,5.350,-1.0000,3.60577,12.350,4.250,3.750,-1.0000
6,far,inf,1e+12,P2,person,1.234569e+03,4.950,3.650,5.450,3.6079,3.44369,6.850,4.350,4.650,2.9087
6,far,inf,1e+12,P2,vehicle,1.376965e+03,4.350,4.150,5.450,5.1519,3.86232,9.850,1.750,5.150,1.1570
6,far,inf,1e+13,P1,empty,3.108052e+03,4.750,4.250,5.150,-1.0000,3.98184,9.650,1.150,1.350,-1.0000
6,far,inf,1e+13,P1,person,3.161553e+03,4.650,0.850,5.450,3.2744,3.69736,6.850,4.350,2.550,2.7780
6,far,inf,1e+13,P1,vehicle,3.337820e+03,4.450,1.050,5.650,4.5589,3.63333,7.750,4.650,2.050,3.0357
6,far,inf,1e+13,P2,empty,3.575939e+03,4.350,0.750,4.650,-1.0000,3.51716,11.050,1.150,4.650,-1.0000
6,far,inf,1e+13,P2,person,3.648666e+03,4.750,1.750,4.950,2.9232,3.71510,5.550,3.750,2.850,2.7318
6,far,inf,1e+13,P2,vehicle,4.207961e+03,4.650,3.350,5.250,4.5123,3.83217,13.350,1.050,2.150,2.1801
6,far,inf,1e+14,P1,empty,2.218577e+04,4.650,0.850,5.450,-1.0000,7.09890,4.650,1.050,5.650,-1.0000
6,far,inf,1e+14,P1,person,2.315957e+04,4.550,1.050,5.650,3.4737,7.19204,4.550,1.050,5.650,3.4737
6,far,inf,1e+14,P1,vehicle,2.471818e+04,4.450,0.950,5.550,4.5235,7.46862,4.450,0.950,5.550,4.5235
6,far,inf,1e+14,P2,empty,1.145194e+04,5.150,0.850,5.550,-1.0000,3.51535,4.950,0.850,2.750,-1.0000
6,far,inf,1e+14,P2,person,1.407682e+04,4.750,0.750,5.050,2.9722,3.81496,13.050,2.050,4.150,5.3340
6,far,inf,1e+14,P2,vehicle,1.108800e+04,4.350,3.450,5.550,4.9034,3.53833,4.350,0.750,1.850,4.3943
6,far,inf,1e+15,P1,empty,2.130748e+05,4.450,0.950,5.550,-1.0000,21.22617,4.650,1.050,5.650,-1.0000
6,far,inf,1e+15,P1,person,2.242520e+05,4.450,1.050,5.650,3.5538,21.08968,4.450,1.050,5.650,3.5538
6,far,inf,1e+15,P1,vehicle,2.235006e+05,4.450,0.850,5.450,4.4900,20.15518,4.450,0.850,5.450,4.4900
6,far,inf,1e+15,P2,empty,3.737930e+04,5.250,0.450,5.650,-1.0000,3.62690,7.050,4.550,3.350,-1.0000
6,far,inf,1e+15,P2,person,4.611627e+04,7.250,1.450,3.250,0.0622,5.01066,7.250,1.450,3.250,0.0622
6,far,inf,1e+15,P2,vehicle,4.064975e+04,4.450,4.250,5.150,5.0377,3.41763,13.450,2.150,1.850,2.3689
6,far,50,1e+12,P1,empty,3.185353e+02,4.750,3.950,5.650,-1.0000,3.83507,11.350,0.750,5.350,-1.0000
6,far,50,1e+12,P1,person,4.158657e+02,4.350,4.650,5.050,4.4437,3.63008,11.650,2.050,5.450,4.3442
6,far,50,1e+12,P1,vehicle,3.238315e+02,4.850,1.350,5.450,4.1137,3.58042,7.650,3.350,4.150,1.8771
6,far,50,1e+12,P2,empty,4.495931e+02,4.750,4.150,4.850,-1.0000,3.59956,7.850,0.550,1.650,-1.0000
6,far,50,1e+12,P2,person,4.905555e+02,4.550,1.750,5.550,3.4144,4.21775,13.050,3.550,5.450,5.9176
6,far,50,1e+12,P2,vehicle,4.953898e+02,4.950,2.950,5.550,4.2175,3.34763,9.950,0.350,3.150,0.0000
6,far,50,1e+13,P1,empty,1.323766e+03,4.450,0.750,5.250,-1.0000,3.81255,13.550,2.150,1.550,-1.0000
6,far,50,1e+13,P1,person,1.122689e+03,4.450,2.650,5.050,3.3711,3.66263,11.650,3.550,3.450,4.3055
6,far,50,1e+13,P1,vehicle,1.107417e+03,4.350,4.150,5.150,5.0752,3.73145,11.250,3.950,3.250,2.1507
6,far,50,1e+13,P2,empty,1.691125e+03,4.450,0.850,5.450,-1.0000,3.57861,12.550,2.850,3.850,-1.0000
6,far,50,1e+13,P2,person,1.790851e+03,4.550,4.650,5.250,4.3868,3.72892,6.850,4.350,3.050,2.6970
6,far,50,1e+13,P2,vehicle,1.554734e+03,4.350,0.850,5.550,4.6175,3.25197,9.950,1.450,3.950,0.0000
6,far,50,1e+14,P1,empty,4.856782e+03,4.750,0.950,5.550,-1.0000,3.84231,4.750,4.150,5.450,-1.0000
6,far,50,1e+14,P1,person,6.729456e+03,4.350,0.850,5.450,3.5226,4.70038,4.350,0.850,5.450,3.5226
6,far,50,1e+14,P1,vehicle,5.021034e+03,4.350,0.350,5.450,4.5847,3.56891,4.350,0.350,5.450,4.5847
6,far,50,1e+14,P2,empty,4.219565e+03,4.350,0.750,5.650,-1.0000,3.61650,10.850,0.350,2.650,-1.0000
6,far,50,1e+14,P2,person,5.110484e+03,4.850,1.150,5.550,3.1762,3.93896,8.650,2.550,2.550,1.4113
6,far,50,1e+14,P2,vehicle,5.105347e+03,4.450,0.750,5.150,4.4018,3.50652,9.850,2.450,4.250,0.6990
6,far,50,1e+15,P1,empty,2.814356e+04,4.550,1.050,5.650,-1.0000,6.37906,4.550,1.050,5.650,-1.0000
6,far,50,1e+15,P1,person,2.891098e+04,4.450,0.850,5.450,3.4390,6.78469,4.650,0.850,5.450,3.2744
6,far,50,1e+15,P1,vehicle,2.934745e+04,4.650,0.850,5.450,4.3013,7.13577,4.650,0.850,5.450,4.3013
6,far,50,1e+15,P2,empty,1.488307e+04,4.450,4.350,5.350,-1.0000,3.67200,6.650,3.150,3.350,-1.0000
6,far,50,1e+15,P2,person,1.409931e+04,4.850,4.550,5.150,4.0946,3.70972,6.250,2.450,1.550,2.1352
6,far,50,1e+15,P2,vehicle,1.820323e+04,4.650,3.750,5.550,4.7545,3.56928,8.350,1.650,5.350,1.4007
6,far,30,1e+12,P1,empty,2.035481e+02,4.750,3.050,5.550,-1.0000,3.98267,11.550,0.950,2.950,-1.0000
6,far,30,1e+12,P1,person,1.916094e+02,4.550,2.850,4.750,3.2261,4.09411,9.050,2.950,2.650,1.8903
6,far,30,1e+12,P1,vehicle,1.846125e+02,4.350,3.750,5.550,5.0123,3.59936,13.350,2.350,3.750,2.2221
6,far,30,1e+12,P2,empty,2.919527e+02,4.550,4.550,5.250,-1.0000,3.81056,13.050,2.050,5.150,-1.0000
6,far,30,1e+12,P2,person,3.027054e+02,4.350,1.450,5.550,3.5778,3.86199,7.150,2.850,3.150,1.1651
6,far,30,1e+12,P2,vehicle,2.389427e+02,5.050,2.250,5.550,3.9910,3.88812,10.650,4.150,4.550,2.4151
6,far,30,1e+13,P1,empty,6.773837e+02,4.450,2.450,5.250,-1.0000,3.44634,10.550,0.550,5.650,-1.0000
6,far,30,1e+13,P1,person,6.221672e+02,4.450,1.250,5.550,3.4954,3.61772,8.950,1.950,2.650,1.3512
6,far,30,1e+13,P1,vehicle,7.733753e+02,4.450,0.850,5.450,4.4900,3.94732,6.950,0.550,3.750,1.7470
6,far,30,1e+13,P2,empty,8.681577e+02,4.450,3.150,5.650,-1.0000,3.67857,10.850,1.850,1.650,-1.0000
6,far,30,1e+13,P2,person,8.314551e+02,4.450,1.050,4.950,3.1891,3.52302,11.150,2.850,4.850,3.8087
6,far,30,1e+13,P2,vehicle,8.275369e+02,4.750,1.450,5.450,4.2074,3.46217,6.350,2.150,1.650,2.5183
6,far,30,1e+14,P1,empty,1.821122e+03,4.550,1.350,5.450,-1.0000,3.72725,12.850,4.150,2.950,-1.0000
6,far,30,1e+14,P1,person,2.064191e+03,4.550,3.750,5.250,3.8398,3.52245,8.450,1.950,2.350,1.1550
6,far,30,1e+14,P1,vehicle,1.763946e+03,4.550,4.550,5.250,5.1323,3.35545,7.250,3.950,4.950,2.7627
6,far,30,1e+14,P2,empty,2.863729e+03,4.350,1.350,5.150,-1.0000,3.50759,10.850,2.350,2.750,-1.0000
6,far,30,1e+14,P2,person,2.524993e+03,4.450,1.550,5.650,3.5538,3.49237,4.850,0.750,4.550,2.6599
6,far,30,1e+14,P2,vehicle,2.724842e+03,4.350,1.150,5.650,4.6522,3.41974,4.750,1.250,4.250,3.9554
6,far,30,1e+15,P1,empty,9.946155e+03,4.450,1.050,5.650,-1.0000,4.17197,4.550,0.750,5.450,-1.0000
6,far,30,1e+15,P1,person,1.006093e+04,4.550,0.950,5.550,3.4140,4.23147,4.550,0.950,5.550,3.4140
6,far,30,1e+15,P1,vehicle,9.122878e+03,4.350,0.850,5.450,4.5847,4.48250,12.150,4.550,3.550,2.9104
6,far,30,1e+15,P2,empty,1.033516e+04,4.450,2.350,5.650,-1.0000,3.80271,4.850,4.150,2.250,-1.0000
6,far,30,1e+15,P2,person,1.216461e+04,4.350,3.450,5.550,3.9828,3.46691,4.350,3.450,5.550,3.9828
6,far,30,1e+15,P2,vehicle,8.986058e+03,4.550,3.050,4.850,4.4153,3.55266,4.550,3.050,4.850,4.4153
6,far,20,1e+12,P1,empty,8.491435e+01,4.450,2.150,5.450,-1.0000,4.23380,12.550,0.750,5.350,-1.0000
6,far,20,1e+12,P1,person,1.235443e+02,4.350,4.150,5.650,4.3834,4.58812,8.650,0.750,2.850,0.9711
6,far,20,1e+12,P1,vehicle,1.181790e+02,4.450,2.750,5.550,4.6221,3.79181,12.350,1.750,2.550,1.1530
6,far,20,1e+12,P2,empty,1.536618e+02,4.450,1.150,5.650,-1.0000,3.73509,6.850,2.850,2.750,-1.0000
6,far,20,1e+12,P2,person,1.382235e+02,4.350,4.150,5.450,4.2909,3.86663,12.850,3.050,4.250,5.3111
6,far,20,1e+12,P2,vehicle,1.132305e+02,4.650,3.050,5.550,4.5128,4.27064,11.350,3.050,3.350,1.2593
6,far,20,1e+13,P1,empty,2.781024e+02,4.350,3.650,5.650,-1.0000,3.74794,8.450,0.450,5.250,-1.0000
6,far,20,1e+13,P1,person,3.105147e+02,4.350,4.350,5.650,4.4982,3.50106,8.350,2.950,3.550,1.3813
6,far,20,1e+13,P1,vehicle,3.243248e+02,4.350,2.250,5.350,4.5761,3.54844,5.950,2.250,3.450,2.7837
6,far,20,1e+13,P2,empty,3.918704e+02,4.350,2.450,5.450,-1.0000,3.80769,11.750,1.350,4.150,-1.0000
6,far,20,1e+13,P2,person,3.822082e+02,4.650,0.850,4.950,3.0109,3.72717,4.450,2.750,2.050,3.2740
6,far,20,1e+13,P2,vehicle,3.637394e+02,4.350,3.950,5.550,5.0935,3.54477,12.950,3.450,2.050,2.4478
6,far,20,1e+14,P1,empty,9.296158e+02,4.350,0.350,5.250,-1.0000,3.52363,4.650,3.350,1.750,-1.0000
6,far,20,1e+14,P1,person,8.837996e+02,4.750,4.150,5.450,4.0251,3.93791,9.850,0.950,1.950,2.4561
6,far,20,1e+14,P1,vehicle,8.587701e+02,4.550,2.450,5.650,4.5129,3.63073,6.350,3.050,3.250,2.6592
6,far,20,1e+14,P2,empty,1.281754e+03,4.650,2.450,5.250,-1.0000,3.36736,5.750,2.650,4.350,-1.0000
6,far,20,1e+14,P2,person,1.364932e+03,4.650,2.950,5.450,3.5049,3.41579,13.250,0.850,3.950,5.5028
6,far,20,1e+14,P2,vehicle,1.099954e+03,4.750,3.850,5.150,4.5957,3.35108,10.750,0.450,2.150,0.3430
6,far,20,1e+15,P1,empty,3.523898e+03,4.550,0.850,5.450,-1.0000,3.75617,12.350,2.950,4.350,-1.0000
6,far,20,1e+15,P1,person,2.983503e+03,4.550,1.050,5.650,3.4737,3.67525,8.050,3.750,4.050,2.1311
6,far,20,1e+15,P1,vehicle,2.680433e+03,5.050,0.550,5.450,3.9273,3.72274,12.450,2.850,5.450,2.1898
6,far,20,1e+15,P2,empty,3.940778e+03,4.750,0.650,5.150,-1.0000,3.72430,5.550,2.450,4.850,-1.0000
6,far,20,1e+15,P2,person,4.863161e+03,4.950,2.150,5.650,3.1968,3.49925,9.950,3.950,4.750,3.3622
6,far,20,1e+15,P2,vehicle,4.624287e+03,4.350,3.150,5.650,4.8441,4.21091,10.850,0.850,4.450,0.4570
6,far,15,1e+12,P1,empty,5.164737e+01,4.650,2.950,5.150,-1.0000,4.18013,10.650,3.050,4.350,-1.0000
6,far,15,1e+12,P1,person,5.085927e+01,4.550,4.250,5.050,4.0499,4.11969,11.150,4.150,1.850,4.4070
6,far,15,1e+12,P1,vehicle,4.850606e+01,4.850,2.450,5.550,4.2008,3.87078,10.350,4.350,5.050,2.7604
6,far,15,1e+12,P2,empty,6.432129e+01,4.850,1.350,5.650,-1.0000,3.55358,6.350,0.850,4.150,-1.0000
6,far,15,1e+12,P2,person,6.227419e+01,4.450,2.550,5.650,3.6540,3.66273,7.850,4.250,2.950,2.5683
6,far,15,1e+12,P2,vehicle,7.798448e+01,4.750,1.650,5.650,4.2808,3.47076,4.750,3.650,3.350,4.3591
6,far,15,1e+13,P1,empty,1.577537e+02,4.350,2.750,5.450,-1.0000,3.68442,10.050,0.450,1.750,-1.0000
6,far,15,1e+13,P1,person,1.627178e+02,4.450,1.850,5.650,3.5569,3.92290,4.850,2.250,3.450,2.5229
6,far,15,1e+13,P1,vehicle,1.461096e+02,4.650,4.350,5.650,5.0623,4.27663,8.950,3.150,4.650,1.5014
6,far,15,1e+13,P2,empty,1.949640e+02,4.350,0.850,5.550,-1.0000,3.64999,9.550,3.350,3.050,-1.0000
6,far,15,1e+13,P2,person,2.373666e+02,5.150,1.450,5.450,2.8826,3.87689,13.050,3.350,2.750,5.5612
6,far,15,1e+13,P2,vehicle,2.092955e+02,4.550,3.550,5.650,4.7965,3.63977,8.650,1.450,2.750,0.0470
6,far,15,1e+14,P1,empty,3.915521e+02,4.450,0.650,5.550,-1.0000,4.09352,13.550,3.950,2.150,-1.0000
6,far,15,1e+14,P1,person,4.137825e+02,4.550,3.050,5.650,3.7268,3.85336,7.850,1.750,5.050,1.5098
6,far,15,1e+14,P1,vehicle,4.531897e+02,4.950,3.150,5.150,4.1475,3.56675,4.850,2.050,1.750,3.9261
6,far,15,1e+14,P2,empty,6.107258e+02,4.350,1.550,5.650,-1.0000,3.84553,10.150,4.350,2.550,-1.0000
6,far,15,1e+14,P2,person,6.452370e+02,4.550,2.850,5.650,3.6591,3.91028,12.050,1.850,2.650,4.3313
6,far,15,1e+14,P2,vehicle,7.122560e+02,5.050,1.350,5.450,3.9273,3.57145,9.950,1.050,5.250,1.2570
6,far,15,1e+15,P1,empty,1.167776e+03,4.850,3.450,5.650,-1.0000,3.87763,9.150,3.950,3.350,-1.0000
6,far,15,1e+15,P1,person,1.294095e+03,5.050,1.650,5.550,3.0238,3.72893,13.450,3.250,1.550,6.1337
6,far,15,1e+15,P1,vehicle,1.247715e+03,4.450,3.050,5.550,4.6930,3.45424,9.150,1.650,2.050,0.4430
6,far,15,1e+15,P2,empty,2.011775e+03,4.750,2.950,5.350,-1.0000,3.84076,7.650,4.050,5.250,-1.0000
6,far,15,1e+15,P2,person,2.034486e+03,4.550,0.950,5.650,3.4737,3.59819,12.250,2.350,4.850,4.7191
6,far,15,1e+15,P2,vehicle,1.722132e+03,4.550,3.750,5.350,4.7793,3.83863,10.250,2.750,4.950,1.3485
6,far,10,1e+12,P1,empty,2.457251e+01,7.150,2.850,3.450,-1.0000,3.81717,7.150,2.850,3.450,-1.0000
6,far,10,1e+12,P1,person,2.601215e+01,8.850,2.150,3.050,1.1930,4.07982,8.850,2.150,3.050,1.1930
6,far,10,1e+12,P1,vehicle,2.588434e+01,8.950,4.150,3.750,2.3500,4.01707,8.950,4.150,3.750,2.3500
6,far,10,1e+12,P2,empty,3.414465e+01,13.550,2.950,4.450,-1.0000,3.74617,13.550,2.950,4.450,-1.0000
6,far,10,1e+12,P2,person,3.563324e+01,11.050,4.450,4.150,4.3290,3.92727,11.050,4.450,4.150,4.3290
6,far,10,1e+12,P2,vehicle,3.242468e+01,12.850,1.250,2.950,1.6530,3.58980,12.850,1.250,2.950,1.6530
6,far,10,1e+13,P1,empty,7.556795e+01,4.350,1.450,4.850,-1.0000,3.63162,13.350,2.250,3.450,-1.0000
6,far,10,1e+13,P1,person,7.562384e+01,5.850,4.650,5.050,3.6208,3.67905,5.850,4.650,5.050,3.6208
6,far,10,1e+13,P1,vehicle,8.461090e+01,10.250,4.350,2.850,2.5500,4.19157,10.250,4.350,2.850,2.5500
6,far,10,1e+13,P2,empty,1.088900e+02,7.350,1.250,5.150,-1.0000,3.79575,7.350,1.250,5.150,-1.0000
6,far,10,1e+13,P2,person,1.077990e+02,5.150,3.050,3.150,2.5508,3.71505,5.150,3.050,3.150,2.5508
6,far,10,1e+13,P2,vehicle,1.013041e+02,9.650,4.550,1.650,2.8763,3.54525,9.650,4.550,1.650,2.8763
6,far,10,1e+14,P1,empty,2.525987e+02,7.850,4.150,3.650,-1.0000,3.94992,7.850,4.150,3.650,-1.0000
6,far,10,1e+14,P1,person,2.279931e+02,12.750,1.750,3.350,4.9881,3.57987,12.750,1.750,3.350,4.9881
6,far,10,1e+14,P1,vehicle,2.546630e+02,10.350,4.050,3.750,2.2500,4.00695,10.350,4.050,3.750,2.2500
6,far,10,1e+14,P2,empty,3.415630e+02,12.950,4.250,3.650,-1.0000,3.79151,12.950,4.250,3.650,-1.0000
6,far,10,1e+14,P2,person,3.802208e+02,5.850,4.350,4.450,3.1594,4.13658,5.850,4.350,4.450,3.1594
6,far,10,1e+14,P2,vehicle,3.353854e+02,10.950,2.550,4.950,1.2159,3.70956,10.950,2.550,4.950,1.2159
6,far,10,1e+15,P1,empty,8.254996e+02,9.850,1.650,2.750,-1.0000,4.07763,9.850,1.650,2.750,-1.0000
6,far,10,1e+15,P1,person,7.601230e+02,4.750,4.550,4.050,3.8657,3.69959,4.750,4.550,4.050,3.8657
6,far,10,1e+15,P1,vehicle,8.138774e+02,6.350,0.350,4.150,2.3523,4.01608,6.350,0.350,4.150,2.3523
6,far,10,1e+15,P2,empty,1.005651e+03,7.950,1.650,2.150,-1.0000,3.50462,7.950,1.650,2.150,-1.0000
6,far,10,1e+15,P2,person,1.078270e+03,9.450,4.050,1.850,3.2114,3.77605,9.450,4.050,1.850,3.2114
6,far,10,1e+15,P2,vehicle,1.020617e+03,11.050,1.350,5.450,1.4570,3.56231,11.050,1.350,5.450,1.4570
6,far,5,1e+12,P1,empty,2.559915e+01,7.450,0.350,4.950,-1.0000,4.00090,7.450,0.350,4.950,-1.0000
6,far,5,1e+12,P1,person,2.589413e+01,10.650,2.150,4.550,3.0911,4.03652,10.650,2.150,4.550,3.0911
6,far,5,1e+12,P1,vehicle,2.418939e+01,13.350,4.550,2.450,3.4928,3.79566,13.350,4.550,2.450,3.4928
6,far,5,1e+12,P2,empty,3.371356e+01,13.450,0.350,1.450,-1.0000,3.71982,13.450,0.350,1.450,-1.0000
6,far,5,1e+12,P2,person,3.478128e+01,5.350,2.550,2.650,2.2192,3.85716,5.350,2.550,2.650,2.2192
6,far,5,1e+12,P2,vehicle,3.174640e+01,13.250,3.550,1.350,2.9298,3.51458,13.250,3.550,1.350,2.9298
6,far,5,1e+13,P1,empty,7.811072e+01,11.350,3.050,3.350,-1.0000,3.84248,11.350,3.050,3.350,-1.0000
6,far,5,1e+13,P1,person,7.434845e+01,6.950,1.850,5.350,1.8485,3.67502,6.950,1.850,5.350,1.8485
6,far,5,1e+13,P1,vehicle,7.947165e+01,9.850,4.450,4.250,2.6624,3.91960,9.850,4.450,4.250,2.6624
6,far,5,1e+13,P2,empty,1.021462e+02,13.550,1.750,1.650,-1.0000,3.55836,13.550,1.750,1.650,-1.0000
6,far,5,1e+13,P2,person,1.008686e+02,8.250,1.250,2.250,1.1069,3.53514,8.250,1.250,2.250,1.1069
6,far,5,1e+13,P2,vehicle,1.165628e+02,9.450,1.350,3.350,0.0000,4.06985,9.450,1.350,3.350,0.0000
6,far,5,1e+14,P1,empty,2.714643e+02,5.950,0.450,5.150,-1.0000,4.23189,5.950,0.450,5.150,-1.0000
6,far,5,1e+14,P1,person,2.237155e+02,4.950,2.450,4.450,2.6390,3.47924,4.950,2.450,4.450,2.6390
6,far,5,1e+14,P1,vehicle,2.364325e+02,12.850,2.650,4.050,1.8596,3.70048,12.850,2.650,4.050,1.8596
6,far,5,1e+14,P2,empty,3.058331e+02,11.550,2.350,3.650,-1.0000,3.36135,11.550,2.350,3.650,-1.0000
6,far,5,1e+14,P2,person,3.695681e+02,4.550,4.350,3.750,3.8334,4.06463,4.550,4.350,3.750,3.8334
6,far,5,1e+14,P2,vehicle,3.032820e+02,4.350,1.750,5.450,4.5847,3.35076,4.350,1.750,5.450,4.5847
6,far,5,1e+15,P1,empty,8.579091e+02,11.050,0.550,5.550,-1.0000,4.21020,11.050,0.550,5.550,-1.0000
6,far,5,1e+15,P1,person,7.173717e+02,8.550,0.350,2.950,0.8407,3.52585,8.550,0.350,2.950,0.8407
6,far,5,1e+15,P1,vehicle,7.392948e+02,13.250,2.850,3.550,2.3059,3.65289,13.250,2.850,3.550,2.3059
6,far,5,1e+15,P2,empty,1.014337e+03,12.050,3.350,4.450,-1.0000,3.53543,12.050,3.350,4.450,-1.0000
6,far,5,1e+15,P2,person,1.158798e+03,12.450,4.650,2.950,5.5465,4.05202,12.450,4.650,2.950,5.5465
6,far,5,1e+15,P2,vehicle,1.119455e+03,6.950,3.850,5.050,2.8934,3.88889,6.950,3.850,5.050,2.8934
6,near,inf,1e+12,P1,empty,8.363973e+02,4.350,4.050,5.450,-1.0000,4.06269,6.850,1.450,4.450,-1.0000
6,near,inf,1e+12,P1,person,9.299902e+02,4.650,4.150,4.550,3.7554,3.73532,13.150,4.550,5.650,6.4489
6,near,inf,1e+12,P1,vehicle,1.023301e+03,4.650,0.850,5.150,4.2092,3.72817,13.050,0.450,2.850,1.8530
6,near,inf,1e+12,P2,empty,1.217703e+03,4.350,1.150,5.050,-1.0000,3.62232,5.550,0.550,3.550,-1.0000
6,near,inf,1e+12,P2,person,1.266953e+03,4.650,0.350,5.450,3.2744,3.85587,12.550,1.350,5.150,5.0501
6,near,inf,1e+12,P2,vehicle,1.235197e+03,5.450,1.450,5.050,3.4148,3.52990,5.450,1.450,5.050,3.4148
6,near,inf,1e+13,P1,empty,3.171139e+03,4.550,4.050,5.550,-1.0000,3.60919,11.050,2.650,1.850,-1.0000
6,near,inf,1e+13,P1,person,3.471502e+03,4.950,4.550,5.450,4.1638,3.96403,9.750,3.150,4.950,2.8341
6,near,inf,1e+13,P1,vehicle,3.542354e+03,4.450,0.850,5.450,4.4900,4.05761,12.850,3.950,3.650,2.7120
6,near,inf,1e+13,P2,empty,4.719657e+03,4.750,2.850,5.350,-1.0000,3.82387,4.750,2.850,5.350,-1.0000
6,near,inf,1e+13,P2,person,4.125622e+03,5.050,0.650,5.350,2.8949,3.81357,7.750,1.250,2.750,0.4936
6,near,inf,1e+13,P2,vehicle,4.404606e+03,4.850,1.050,5.150,4.0173,3.73117,11.250,2.850,3.050,1.0513
6,near,inf,1e+14,P1,empty,2.569616e+04,4.650,1.050,5.650,-1.0000,8.27151,4.650,1.050,5.650,-1.0000
6,near,inf,1e+14,P1,person,2.339638e+04,4.450,1.050,5.650,3.5538,7.17191,4.550,1.050,5.650,3.4737
6,near,inf,1e+14,P1,vehicle,2.180926e+04,4.450,0.850,5.450,4.4900,6.42922,4.650,0.950,5.550,4.3362
6,near,inf,1e+14,P2,empty,1.332648e+04,4.350,1.550,5.350,-1.0000,3.60686,7.950,4.650,1.750,-1.0000
6,near,inf,1e+14,P2,person,1.161781e+04,4.950,4.650,5.250,4.1466,3.74045,8.650,3.150,3.750,1.7127
6,near,inf,1e+14,P2,vehicle,1.237737e+04,4.550,2.650,5.450,4.4770,3.58795,13.650,4.550,1.750,3.7592
6,near,inf,1e+15,P1,empty,2.172614e+05,4.450,0.850,5.450,-1.0000,19.93567,4.550,1.050,5.650,-1.0000
6,near,inf,1e+15,P1,person,2.115296e+05,4.450,0.850,5.450,3.4390,20.28666,4.550,1.050,5.650,3.4737
6,near,inf,1e+15,P1,vehicle,2.142380e+05,4.450,1.050,5.650,4.5589,20.14791,4.450,1.050,5.650,4.5589
6,near,inf,1e+15,P2,empty,3.825570e+04,4.450,0.550,5.150,-1.0000,3.55172,10.650,3.450,4.950,-1.0000
6,near,inf,1e+15,P2,person,4.884589e+04,7.250,1.350,3.250,0.0622,5.23658,7.250,1.350,3.250,0.0622
6,near,inf,1e+15,P2,vehicle,4.353256e+04,5.050,3.950,5.350,4.4458,3.52119,8.450,3.150,1.850,1.5156
6,near,50,1e+12,P1,empty,6.195772e+02,4.650,3.950,4.450,-1.0000,4.12935,13.650,2.750,5.550,-1.0000
6,near,50,1e+12,P1,person,6.028527e+02,4.350,4.150,5.050,4.1287,3.63695,12.850,3.050,3.550,5.2639
6,near,50,1e+12,P1,vehicle,6.386245e+02,4.550,3.050,5.550,4.6027,3.65154,12.550,1.150,1.750,1.5435
6,near,50,1e+12,P2,empty,7.308585e+02,4.350,1.950,5.350,-1.0000,3.70320,8.350,4.350,4.050,-1.0000
6,near,50,1e+12,P2,person,9.100820e+02,4.650,3.850,5.250,3.8238,3.53908,5.450,4.050,1.450,3.4939
6,near,50,1e+12,P2,vehicle,8.210768e+02,4.550,4.150,5.350,4.9560,3.62747,7.950,3.050,3.050,1.4562
6,near,50,1e+13,P1,empty,2.107661e+03,4.750,0.750,5.450,-1.0000,3.36343,6.450,2.150,1.550,-1.0000
6,near,50,1e+13,P1,person,1.794616e+03,4.450,4.150,5.050,4.0576,4.07935,6.350,0.750,2.450,1.2472
6,near,50,1e+13,P1,vehicle,1.768841e+03,4.350,0.350,5.350,4.5539,3.46305,13.150,2.350,3.250,2.0289
6,near,50,1e+13,P2,empty,2.848045e+03,4.650,3.850,5.550,-1.0000,3.53156,9.950,2.550,3.150,-1.0000
6,near,50,1e+13,P2,person,2.582826e+03,4.350,4.550,5.150,4.4134,3.36852,13.050,1.450,2.250,5.3803
6,near,50,1e+13,P2,vehicle,2.622712e+03,4.550,3.850,5.550,4.8811,3.74031,13.450,1.550,4.050,2.2537
6,near,50,1e+14,P1,empty,8.539990e+03,4.450,1.050,5.650,-1.0000,3.88821,4.450,4.250,5.450,-1.0000
6,near,50,1e+14,P1,person,8.410657e+03,4.650,0.850,5.450,3.2744,3.90590,4.650,0.850,5.450,3.2744
6,near,50,1e+14,P1,vehicle,1.040311e+04,4.450,1.050,5.650,4.5589,4.32644,4.450,1.050,5.650,4.5589
6,near,50,1e+14,P2,empty,9.193646e+03,4.450,4.650,5.350,-1.0000,3.76658,9.650,3.550,1.550,-1.0000
6,near,50,1e+14,P2,person,7.808626e+03,4.450,4.550,5.650,4.5554,3.83727,9.350,1.550,3.450,1.5878
6,near,50,1e+14,P2,vehicle,9.638551e+03,4.350,4.050,5.550,5.1365,3.61966,5.750,2.050,5.650,3.3902
6,near,50,1e+15,P1,empty,7.820693e+04,4.450,0.950,5.550,-1.0000,10.69747,4.450,0.950,5.550,-1.0000
6,near,50,1e+15,P1,person,7.209734e+04,4.450,0.950,5.550,3.4954,9.86177,4.450,0.950,5.550,3.4954
6,near,50,1e+15,P1,vehicle,7.051378e+04,4.450,0.850,5.450,4.4900,9.40026,4.450,0.850,5.450,4.4900
6,near,50,1e+15,P2,empty,2.557614e+04,4.650,3.850,5.450,-1.0000,3.95646,12.150,3.250,2.550,-1.0000
6,near,50,1e+15,P2,person,2.583630e+04,4.450,4.650,5.350,4.4897,3.44915,10.950,0.850,3.650,3.1896
6,near,50,1e+15,P2,vehicle,2.286340e+04,5.150,0.550,4.650,3.6074,3.76861,6.550,1.950,2.250,2.1659
6,near,30,1e+12,P1,empty,4.953256e+02,4.350,1.550,5.650,-1.0000,3.64825,9.750,2.950,2.950,-1.0000
6,near,30,1e+12,P1,person,4.190024e+02,4.550,0.650,5.450,3.3562,3.99318,8.650,3.250,2.650,1.8823
6,near,30,1e+12,P1,vehicle,4.360990e+02,4.550,1.050,5.150,4.3054,3.87989,12.350,4.150,1.950,2.6733
6,near,30,1e+12,P2,empty,6.236726e+02,4.450,3.650,5.650,-1.0000,3.75100,7.050,2.550,1.350,-1.0000
6,near,30,1e+12,P2,person,6.619557e+02,4.350,4.650,5.050,4.4437,3.55784,10.450,0.750,2.250,2.8656
6,near,30,1e+12,P2,vehicle,6.542983e+02,4.450,3.450,5.650,4.8483,3.57305,11.050,4.450,1.350,2.8860
6,near,30,1e+13,P1,empty,1.546201e+03,4.350,1.250,5.550,-1.0000,3.45201,7.350,2.550,3.050,-1.0000
6,near,30,1e+13,P1,person,1.506234e+03,5.250,3.450,5.650,3.4281,3.86281,4.850,2.250,4.850,2.8411
6,near,30,1e+13,P1,vehicle,1.303832e+03,4.450,0.750,5.250,4.4292,3.61832,4.350,1.350,4.150,4.3499
6,near,30,1e+13,P2,empty,1.793089e+03,4.750,1.750,5.450,-1.0000,3.66507,4.850,3.550,2.150,-1.0000
6,near,30,1e+13,P2,person,2.501106e+03,4.650,1.550,5.650,3.3947,3.57927,4.350,4.350,1.750,4.2459
6,near,30,1e+13,P2,vehicle,1.945000e+03,4.650,2.350,5.450,4.3364,4.45711,9.050,1.950,2.250,0.2855
6,near,30,1e+14,P1,empty,5.054969e+03,4.550,1.950,5.350,-1.0000,4.05038,5.550,2.850,4.650,-1.0000
6,near,30,1e+14,P1,person,6.828709e+03,4.550,0.850,5.450,3.3562,3.98240,4.550,0.850,5.450,3.3562
6,near,30,1e+14,P1,vehicle,4.671426e+03,4.350,0.350,5.350,4.5539,3.56070,11.350,3.350,3.950,1.5575
6,near,30,1e+14,P2,empty,6.340316e+03,4.750,1.150,5.250,-1.0000,3.54834,5.150,1.650,5.150,-1.0000
6,near,30,1e+14,P2,person,5.858557e+03,4.650,1.250,5.350,3.2172,4.08871,9.650,2.750,1.550,2.7449
6,near,30,1e+14,P2,vehicle,6.162479e+03,4.950,1.550,5.250,3.9523,3.53308,12.250,2.650,4.850,1.6018
6,near,30,1e+15,P1,empty,4.156593e+04,4.450,0.950,5.550,-1.0000,7.31272,4.450,0.950,5.550,-1.0000
6,near,30,1e+15,P1,person,3.821432e+04,4.750,0.850,5.450,3.1936,7.63777,4.750,0.850,5.450,3.1936
6,near,30,1e+15,P1,vehicle,4.427948e+04,4.450,0.850,5.450,4.4900,7.92735,4.650,0.850,5.450,4.3013
6,near,30,1e+15,P2,empty,1.929905e+04,4.650,2.450,5.450,-1.0000,3.54363,5.950,2.550,5.450,-1.0000
6,near,30,1e+15,P2,person,1.915706e+04,4.350,0.950,5.250,3.4186,3.74872,8.350,3.550,4.550,2.1865
6,near,30,1e+15,P2,vehicle,2.119054e+04,4.550,0.650,4.850,4.2347,3.47776,10.650,3.050,3.150,1.2500
6,near,20,1e+12,P1,empty,3.244298e+02,4.550,3.150,5.650,-1.0000,3.62999,13.350,3.350,3.150,-1.0000
6,near,20,1e+12,P1,person,2.799726e+02,4.550,2.950,5.550,3.6357,3.80606,13.150,1.650,4.150,5.4218
6,near,20,1e+12,P1,vehicle,3.260730e+02,4.350,2.750,5.250,4.6238,4.03059,8.450,4.050,3.750,2.2635
6,near,20,1e+12,P2,empty,5.040727e+02,4.350,2.550,5.450,-1.0000,4.06278,11.150,2.250,4.150,-1.0000
6,near,20,1e+12,P2,person,4.360867e+02,4.350,0.550,4.950,3.2791,4.04795,6.850,3.750,5.650,2.9754
6,near,20,1e+12,P2,vehicle,4.680624e+02,4.550,1.350,5.550,4.4297,3.74515,10.050,0.350,3.850,0.0000
6,near,20,1e+13,P1,empty,9.525496e+02,4.350,2.150,5.150,-1.0000,3.69050,13.250,1.850,4.050,-1.0000
6,near,20,1e+13,P1,person,1.046746e+03,4.350,1.050,5.650,3.6348,3.82797,10.750,2.150,3.350,3.0215
6,near,20,1e+13,P1,vehicle,8.318494e+02,4.650,3.850,5.350,4.7352,3.47432,4.450,3.950,1.650,4.8343
6,near,20,1e+13,P2,empty,1.361101e+03,4.450,3.650,5.550,-1.0000,3.60009,7.550,4.350,4.350,-1.0000
6,near,20,1e+13,P2,person,1.337780e+03,4.450,4.150,5.550,4.2685,3.79202,12.050,4.650,1.850,5.3879
6,near,20,1e+13,P2,vehicle,1.341933e+03,4.650,2.850,5.650,4.4974,3.50474,12.250,2.950,1.750,1.7272
6,near,20,1e+14,P1,empty,2.872182e+03,4.350,2.050,5.350,-1.0000,3.92807,7.950,3.650,4.850,-1.0000
6,near,20,1e+14,P1,person,3.507846e+03,4.350,4.150,5.150,4.1663,3.86675,11.350,0.950,2.950,3.5998
6,near,20,1e+14,P1,vehicle,3.979354e+03,4.350,0.350,5.450,4.5847,4.13271,9.950,3.250,3.150,1.4500
6,near,20,1e+14,P2,empty,4.939384e+03,4.350,4.350,5.350,-1.0000,3.64980,4.350,4.250,3.050,-1.0000
6,near,20,1e+14,P2,person,4.187359e+03,4.650,1.650,5.650,3.3947,3.90033,12.450,4.250,3.450,5.3365
6,near,20,1e+14,P2,vehicle,3.995326e+03,4.350,0.850,5.150,4.4984,3.74022,6.250,2.650,2.950,2.5905
6,near,20,1e+15,P1,empty,2.038438e+04,4.450,0.950,5.550,-1.0000,4.95779,4.450,0.950,5.550,-1.0000
6,near,20,1e+15,P1,person,2.047044e+04,4.350,0.850,5.450,3.5226,4.97287,4.350,0.850,5.450,3.5226
6,near,20,1e+15,P1,vehicle,1.862822e+04,4.450,0.850,5.450,4.4900,4.56805,4.450,0.850,5.450,4.4900
6,near,20,1e+15,P2,empty,1.445058e+04,4.350,3.150,5.650,-1.0000,3.74327,4.950,1.850,4.750,-1.0000
6,near,20,1e+15,P2,person,1.357456e+04,4.350,0.850,5.450,3.5226,3.74392,6.150,0.550,3.050,1.1782
6,near,20,1e+15,P2,vehicle,1.169564e+04,4.650,3.250,5.650,4.6073,3.81746,11.450,4.350,4.950,2.7354
6,near,15,1e+12,P1,empty,2.077691e+02,4.850,1.250,5.450,-1.0000,3.76656,13.350,4.450,2.850,-1.0000
6,near,15,1e+12,P1,person,1.921715e+02,4.750,1.250,5.550,3.2543,4.58511,10.950,2.450,2.350,3.3946
6,near,15,1e+12,P1,vehicle,2.077827e+02,4.550,3.750,5.550,4.8399,4.28825,7.350,3.150,2.050,1.9579
6,near,15,1e+12,P2,empty,3.190032e+02,4.450,0.450,5.350,-1.0000,4.15017,11.150,4.650,3.450,-1.0000
6,near,15,1e+12,P2,person,3.041224e+02,4.450,4.150,5.650,4.3164,3.43458,7.750,3.850,3.850,2.1717
6,near,15,1e+12,P2,vehicle,3.064173e+02,4.650,1.750,5.650,4.3731,3.86092,9.950,1.550,4.050,0.0570
6,near,15,1e+13,P1,empty,6.004457e+02,4.450,1.250,5.050,-1.0000,3.75899,6.850,4.050,2.050,-1.0000
6,near,15,1e+13,P1,person,6.453090e+02,4.650,3.850,5.650,4.0183,3.65585,13.050,0.850,2.550,5.3331
6,near,15,1e+13,P1,vehicle,6.305128e+02,4.450,1.050,5.550,4.5235,4.18826,7.350,2.350,2.650,1.4550
6,near,15,1e+13,P2,empty,1.107090e+03,4.650,1.050,5.450,-1.0000,3.40227,7.550,3.450,4.750,-1.0000
6,near,15,1e+13,P2,person,1.037760e+03,4.350,2.450,5.550,3.6555,3.84668,8.850,4.650,4.350,3.2459
6,near,15,1e+13,P2,vehicle,9.682054e+02,4.750,0.750,5.650,4.2808,4.21078,11.550,3.350,5.050,1.9090
6,near,15,1e+14,P1,empty,2.046654e+03,4.750,1.850,5.250,-1.0000,3.46604,11.250,1.750,4.450,-1.0000
6,near,15,1e+14,P1,person,2.069909e+03,4.450,0.750,5.250,3.3323,3.55354,7.850,4.550,1.950,3.1311
6,near,15,1e+14,P1,vehicle,1.834873e+03,4.450,0.450,5.050,4.3766,3.54736,11.450,2.350,2.550,0.6054
6,near,15,1e+14,P2,empty,4.059043e+03,4.650,1.350,5.650,-1.0000,3.73505,13.550,4.150,1.550,-1.0000
6,near,15,1e+14,P2,person,3.180951e+03,4.550,2.150,5.650,3.5027,3.39485,8.450,3.850,1.350,2.9464
6,near,15,1e+14,P2,vehicle,3.151329e+03,4.550,4.050,5.650,5.0006,3.52945,6.050,3.850,2.550,3.3480
6,near,15,1e+15,P1,empty,1.093223e+04,4.350,0.850,5.450,-1.0000,4.24861,8.450,1.450,4.450,-1.0000
6,near,15,1e+15,P1,person,8.035717e+03,4.650,0.850,5.450,3.2744,3.57709,8.350,3.650,4.750,2.3672
6,near,15,1e+15,P1,vehicle,8.830876e+03,4.450,0.750,5.450,4.4900,3.67096,8.450,3.650,3.850,1.8664
6,near,15,1e+15,P2,empty,1.032780e+04,4.850,4.250,5.650,-1.0000,3.39715,10.850,0.750,3.750,-1.0000
6,near,15,1e+15,P2,person,1.046270e+04,4.550,1.450,5.650,3.4737,3.91924,13.350,3.350,1.350,6.1263
6,near,15,1e+15,P2,vehicle,1.038391e+04,4.450,0.750,5.550,4.5235,3.51405,7.550,2.250,1.750,1.4388
6,near,10,1e+12,P1,empty,9.654239e+01,4.350,2.750,5.250,-1.0000,3.92988,9.350,1.650,1.650,-1.0000
6,near,10,1e+12,P1,person,1.233812e+02,4.450,3.850,5.450,4.0558,3.84800,9.750,3.750,2.350,2.9920
6,near,10,1e+12,P1,vehicle,1.053543e+02,4.350,3.450,5.450,4.8726,3.87901,9.250,4.150,4.150,2.3552
6,near,10,1e+12,P2,empty,1.535324e+02,4.350,1.650,5.550,-1.0000,3.80749,4.650,2.850,1.650,-1.0000
6,near,10,1e+12,P2,person,1.673896e+02,4.350,2.350,5.450,3.5821,3.76197,5.350,2.150,5.450,2.7726
6,near,10,1e+12,P2,vehicle,1.749758e+02,4.350,2.050,5.550,4.6242,3.79552,10.050,1.950,3.450,0.1500
6,near,10,1e+13,P1,empty,3.709974e+02,4.450,3.250,5.550,-1.0000,3.95971,11.650,4.250,2.450,-1.0000
6,near,10,1e+13,P1,person,3.504323e+02,4.350,3.250,5.650,3.9515,3.51468,12.550,0.550,3.350,4.7878
6,near,10,1e+13,P1,vehicle,3.379526e+02,4.550,1.550,5.650,4.4658,3.62462,12.950,4.150,5.450,3.2739
6,near,10,1e+13,P2,empty,5.304772e+02,4.450,2.350,5.550,-1.0000,3.87151,11.250,0.450,4.350,-1.0000
6,near,10,1e+13,P2,person,5.296371e+02,4.450,1.450,5.550,3.4954,3.51129,11.250,0.950,1.350,3.9687
6,near,10,1e+13,P2,vehicle,5.042952e+02,4.350,3.150,5.650,4.8441,3.74617,12.650,2.550,5.650,2.3280
6,near,10,1e+14,P1,empty,1.204307e+03,4.650,1.050,5.650,-1.0000,3.67429,6.950,2.550,3.250,-1.0000
6,near,10,1e+14,P1,person,1.218546e+03,4.550,1.150,5.650,3.4737,3.51417,7.450,1.650,4.650,1.1064
6,near,10,1e+14,P1,vehicle,9.122577e+02,4.350,3.250,5.550,4.8398,3.60050,10.850,2.950,4.650,1.3245
6,near,10,1e+14,P2,empty,1.824691e+03,4.650,1.250,5.350,-1.0000,3.75940,8.350,3.550,4.650,-1.0000
6,near,10,1e+14,P2,person,1.764349e+03,4.350,2.450,5.250,3.4999,3.61190,7.650,1.950,3.350,0.2500
6,near,10,1e+14,P2,vehicle,1.438074e+03,4.450,1.450,5.650,4.5589,3.44779,7.450,3.250,2.050,1.9631
6,near,10,1e+15,P1,empty,2.758601e+03,4.950,3.350,5.450,-1.0000,3.64180,8.750,3.550,4.750,-1.0000
6,near,10,1e+15,P1,person,4.183425e+03,4.350,0.850,5.450,3.5226,3.79763,7.850,1.850,3.550,0.1739
6,near,10,1e+15,P1,vehicle,3.386511e+03,4.450,1.050,5.650,4.5589,3.74240,9.750,3.350,3.950,1.5500
6,near,10,1e+15,P2,empty,5.203487e+03,4.350,2.050,5.550,-1.0000,3.68663,11.050,1.250,3.250,-1.0000
6,near,10,1e+15,P2,person,6.220874e+03,4.550,2.150,5.550,3.4435,3.75349,10.650,4.650,4.250,4.1882
6,near,10,1e+15,P2,vehicle,4.876794e+03,4.350,3.350,5.350,4.8105,3.78998,13.150,3.350,4.150,2.4982
6,near,5,1e+12,P1,empty,3.328585e+01,4.450,0.450,5.650,-1.0000,4.10513,4.450,0.450,5.650,-1.0000
6,near,5,1e+12,P1,person,2.706726e+01,11.650,2.450,5.250,4.3115,4.20003,11.650,2.450,5.250,4.3115
6,near,5,1e+12,P1,vehicle,2.659097e+01,4.550,4.650,5.550,5.2673,3.93482,7.050,4.350,4.150,3.0397
6,near,5,1e+12,P2,empty,3.610434e+01,4.850,3.150,5.650,-1.0000,3.59757,12.750,0.350,1.750,-1.0000
6,near,5,1e+12,P2,person,3.454852e+01,9.550,4.650,2.850,3.4718,3.83052,9.550,4.650,2.850,3.4718
6,near,5,1e+12,P2,vehicle,3.664136e+01,10.850,1.550,1.850,0.6430,4.03951,10.850,1.550,1.850,0.6430
6,near,5,1e+13,P1,empty,7.789429e+01,12.150,4.650,5.250,-1.0000,3.85163,12.150,4.650,5.250,-1.0000
6,near,5,1e+13,P1,person,7.213910e+01,10.850,1.950,1.550,3.5306,3.57715,10.850,1.950,1.550,3.5306
6,near,5,1e+13,P1,vehicle,8.315215e+01,4.950,3.250,5.550,4.3090,3.63157,4.950,3.250,5.550,4.3090
6,near,5,1e+13,P2,empty,1.039347e+02,11.650,3.950,1.350,-1.0000,3.62272,11.650,3.950,1.350,-1.0000
6,near,5,1e+13,P2,person,9.395697e+01,7.350,1.550,1.450,1.7936,3.28335,7.350,1.550,1.450,1.7936
6,near,5,1e+13,P2,vehicle,1.084984e+02,13.250,3.050,5.550,2.8638,3.77886,13.250,3.050,5.550,2.8638
6,near,5,1e+14,P1,empty,2.690518e+02,5.050,0.350,1.850,-1.0000,4.20856,5.050,0.350,1.850,-1.0000
6,near,5,1e+14,P1,person,2.510351e+02,5.550,0.550,1.350,2.5867,3.92534,5.550,0.550,1.350,2.5867
6,near,5,1e+14,P1,vehicle,2.303472e+02,6.650,1.450,1.850,2.1456,3.58487,6.650,1.450,1.850,2.1456
6,near,5,1e+14,P2,empty,3.866858e+02,10.250,1.950,2.550,-1.0000,4.26935,10.250,1.950,2.550,-1.0000
6,near,5,1e+14,P2,person,3.267717e+02,7.850,2.350,4.750,1.3732,3.59211,7.850,2.350,4.750,1.3732
6,near,5,1e+14,P2,vehicle,3.527926e+02,12.350,0.950,5.650,2.0187,3.88884,12.350,0.950,5.650,2.0187
6,near,5,1e+15,P1,empty,7.070667e+02,4.350,1.450,5.450,-1.0000,3.44577,10.950,1.150,1.550,-1.0000
6,near,5,1e+15,P1,person,7.689055e+02,13.050,3.550,3.750,5.6059,3.78163,13.050,3.550,3.750,5.6059
6,near,5,1e+15,P1,vehicle,7.329793e+02,12.950,2.550,3.950,1.9067,3.63198,12.950,2.550,3.950,1.9067
6,near,5,1e+15,P2,empty,1.016481e+03,7.550,1.850,3.150,-1.0000,3.55118,7.550,1.850,3.150,-1.0000
6,near,5,1e+15,P2,person,1.136525e+03,13.450,3.050,4.950,6.0126,3.96325,13.450,3.050,4.950,6.0126
6,near,5,1e+15,P2,vehicle,1.103165e+03,13.150,0.550,1.850,2.0561,3.85974,13.150,0.550,1.850,2.0561
7,far,inf,1e+12,P1,empty,1.081624e+03,4.750,0.550,5.450,-1.0000,3.64481,11.950,1.750,5.350,-1.0000
7,far,inf,1e+12,P1,person,8.131766e+02,4.450,1.050,5.650,3.5561,4.12420,8.450,2.450,1.450,2.2922
7,far,inf,1e+12,P1,vehicle,9.333167e+02,4.650,0.550,5.150,4.1877,3.65981,5.150,2.750,1.650,3.7561
7,far,inf,1e+12,P2,empty,1.289264e+03,5.250,3.850,5.550,-1.0000,3.56334,7.250,2.150,5.150,-1.0000
7,far,inf,1e+12,P2,person,1.132428e+03,4.550,0.750,4.850,3.1340,3.64183,8.050,2.350,3.950,0.6601
7,far,inf,1e+12,P2,vehicle,1.335235e+03,4.450,1.050,5.650,4.5362,3.86641,10.450,2.450,4.050,0.6511
7,far,inf,1e+13,P1,empty,3.168586e+03,4.650,0.350,5.250,-1.0000,3.69340,9.450,1.550,5.550,-1.0000
7,far,inf,1e+13,P1,person,2.951694e+03,4.750,4.150,5.450,4.0273,3.75689,9.250,2.150,5.150,1.8668
7,far,inf,1e+13,P1,vehicle,2.985090e+03,4.350,0.550,5.250,4.5036,3.55854,9.150,1.950,3.950,0.1500
7,far,inf,1e+13,P2,empty,4.029610e+03,4.750,3.250,5.050,-1.0000,3.45018,8.750,3.850,4.250,-1.0000
7,far,inf,1e+13,P2,person,3.949348e+03,4.750,4.550,4.950,4.1234,3.79196,12.250,2.750,1.750,4.7612
7,far,inf,1e+13,P2,vehicle,3.708923e+03,5.250,3.750,5.350,4.1663,3.69053,6.250,0.850,2.650,2.4302
7,far,inf,1e+14,P1,empty,2.117475e+04,4.750,1.050,5.650,-1.0000,6.91246,4.750,1.050,5.650,-1.0000
7,far,inf,1e+14,P1,person,2.447155e+04,4.350,0.850,5.450,3.5491,7.47281,4.350,0.850,5.450,3.5491
7,far,inf,1e+14,P1,vehicle,1.756540e+04,4.850,4.150,5.450,4.7181,6.06907,4.850,4.150,5.450,4.7181
7,far,inf,1e+14,P2,empty,1.094892e+04,4.550,4.050,5.150,-1.0000,3.45142,5.750,4.350,4.450,-1.0000
7,far,inf,1e+14,P2,person,1.232181e+04,4.750,1.050,5.650,3.3001,3.54832,9.250,2.150,1.450,2.5090
7,far,inf,1e+14,P2,vehicle,1.303035e+04,4.450,0.350,5.250,4.4076,3.81362,9.950,0.650,2.050,0.4623
7,far,inf,1e+15,P1,empty,1.865173e+05,4.350,0.850,5.450,-1.0000,18.01114,4.350,0.850,5.450,-1.0000
7,far,inf,1e+15,P1,person,1.898570e+05,4.350,0.850,5.450,3.5491,18.33364,4.350,0.850,5.450,3.5491
7,far,inf,1e+15,P1,vehicle,1.809111e+05,4.350,0.850,5.450,4.5627,17.46978,4.350,0.850,5.450,4.5627
7,far,inf,1e+15,P2,empty,3.755620e+04,4.850,0.550,5.450,-1.0000,3.79778,8.450,2.150,1.550,-1.0000
7,far,inf,1e+15,P2,person,4.079297e+04,7.650,1.250,3.950,0.0867,4.62796,7.650,1.250,3.950,0.0867
7,far,inf,1e+15,P2,vehicle,4.302802e+04,4.750,0.650,4.750,3.9989,3.65424,6.550,0.550,2.250,2.1463
7,far,50,1e+12,P1,empty,3.267675e+02,5.250,4.650,5.450,-1.0000,3.52024,12.450,2.750,2.550,-1.0000
7,far,50,1e+12,P1,person,3.528017e+02,4.450,4.550,5.150,4.3854,3.53572,7.350,1.850,2.650,0.9418
7,far,50,1e+12,P1,vehicle,3.619973e+02,4.650,4.050,5.050,4.7310,4.25052,12.550,1.250,3.350,1.3698
7,far,50,1e+12,P2,empty,4.892610e+02,4.550,3.350,5.050,-1.0000,4.08656,10.250,2.850,4.950,-1.0000
7,far,50,1e+12,P2,person,4.536590e+02,5.250,1.450,5.350,2.7174,3.70919,8.050,0.550,3.550,0.0765
7,far,50,1e+12,P2,vehicle,4.184550e+02,4.950,1.150,5.450,3.9977,3.40046,11.450,3.850,5.650,2.6377
7,far,50,1e+13,P1,empty,1.058421e+03,4.750,4.050,5.550,-1.0000,3.85023,7.750,4.650,5.150,-1.0000
7,far,50,1e+13,P1,person,1.075641e+03,4.550,2.350,5.550,3.4808,3.69519,13.250,3.150,1.450,5.8650
7,far,50,1e+13,P1,vehicle,1.025823e+03,5.550,2.050,5.050,3.3072,3.75704,5.550,2.050,5.050,3.3072
7,far,50,1e+13,P2,empty,1.502944e+03,5.150,2.250,5.450,-1.0000,3.55462,5.850,0.850,3.750,-1.0000
7,far,50,1e+13,P2,person,1.432680e+03,4.350,4.350,5.150,4.3309,3.68125,10.150,2.550,5.350,2.7686
7,far,50,1e+13,P2,vehicle,1.452181e+03,4.350,1.350,5.650,4.6296,3.65172,11.150,0.650,5.150,1.1377
7,far,50,1e+14,P1,empty,4.195895e+03,4.450,0.450,5.350,-1.0000,3.72835,5.850,4.550,2.250,-1.0000
7,far,50,1e+14,P1,person,3.475071e+03,5.450,4.350,5.650,3.8104,3.51393,6.050,4.450,3.950,3.1216
7,far,50,1e+14,P1,vehicle,3.976015e+03,4.450,0.850,5.450,4.4679,3.79466,11.850,2.250,2.250,0.8485
7,far,50,1e+14,P2,empty,4.426747e+03,4.750,3.750,4.950,-1.0000,3.90479,7.850,3.450,3.150,-1.0000
7,far,50,1e+14,P2,person,4.466601e+03,4.450,0.550,5.650,3.5561,3.50262,5.850,4.350,4.250,3.1585
7,far,50,1e+14,P2,vehicle,4.834266e+03,4.450,4.250,5.150,5.0191,3.72582,10.050,2.150,5.550,1.5771
7,far,50,1e+15,P1,empty,2.602540e+04,4.350,0.850,5.450,-1.0000,6.08042,4.350,0.850,5.450,-1.0000
7,far,50,1e+15,P1,person,2.995757e+04,4.350,0.850,5.450,3.5491,6.99910,4.350,0.850,5.450,3.5491
7,far,50,1e+15,P1,vehicle,2.794434e+04,4.350,1.050,5.650,4.6296,6.29194,4.350,1.050,5.650,4.6296
7,far,50,1e+15,P2,empty,1.594971e+04,4.350,3.650,5.350,-1.0000,3.44032,7.750,1.850,1.750,-1.0000
7,far,50,1e+15,P2,person,1.579903e+04,4.650,2.950,5.450,3.5134,3.74723,5.250,2.550,4.050,2.4354
7,far,50,1e+15,P2,vehicle,1.666155e+04,4.350,0.350,5.150,4.4772,3.53977,13.150,1.050,4.650,2.0704
7,far,30,1e+12,P1,empty,2.207199e+02,4.350,1.050,5.650,-1.0000,3.80308,12.250,3.550,3.350,-1.0000
7,far,30,1e+12,P1,person,1.841962e+02,4.450,4.450,5.650,4.4954,3.92283,10.050,0.450,5.550,2.6744
7,far,30,1e+12,P1,vehicle,2.022921e+02,4.550,2.650,5.550,4.4884,3.55437,12.550,2.950,2.850,1.7885
7,far,30,1e+12,P2,empty,2.536294e+02,4.350,1.950,5.450,-1.0000,3.80463,11.350,3.750,5.350,-1.0000
7,far,30,1e+12,P2,person,2.868376e+02,4.350,3.750,5.150,3.9920,3.71957,11.750,2.850,4.250,3.9655
7,far,30,1e+12,P2,vehicle,2.543935e+02,5.050,1.850,5.550,3.9428,4.08767,12.650,1.650,2.850,1.4698
7,far,30,1e+13,P1,empty,5.580982e+02,4.550,1.050,5.650,-1.0000,3.66955,12.050,4.250,3.650,-1.0000
7,far,30,1e+13,P1,person,5.605494e+02,5.250,3.450,5.550,3.3289,3.75744,10.850,1.050,5.050,3.1107
7,far,30,1e+13,P1,vehicle,6.614058e+02,5.250,3.950,5.550,4.3305,3.66292,5.250,3.950,5.550,4.3305
7,far,30,1e+13,P2,empty,8.748891e+02,5.050,1.050,5.550,-1.0000,3.82531,11.250,2.050,5.650,-1.0000
7,far,30,1e+13,P2,person,8.096370e+02,4.450,3.550,5.350,3.8841,3.95208,10.850,3.850,1.450,4.1661
7,far,30,1e+13,P2,vehicle,8.673323e+02,4.650,1.050,5.550,4.3136,3.50741,5.550,0.350,5.450,3.4446
7,far,30,1e+14,P1,empty,2.409806e+03,4.750,0.950,5.550,-1.0000,3.54398,4.750,0.950,5.550,-1.0000
7,far,30,1e+14,P1,person,2.200858e+03,5.150,2.250,5.650,3.0222,3.82817,7.450,4.650,4.050,2.9568
7,far,30,1e+14,P1,vehicle,1.868661e+03,4.350,0.650,5.350,4.5321,3.76502,7.350,3.550,5.450,2.6266
7,far,30,1e+14,P2,empty,2.774052e+03,4.950,3.850,5.350,-1.0000,3.93846,9.150,4.450,1.350,-1.0000
7,far,30,1e+14,P2,person,2.563147e+03,5.050,1.450,5.650,3.0522,3.46551,11.650,1.850,2.850,3.7470
7,far,30,1e+14,P2,vehicle,2.549053e+03,4.750,3.150,5.550,4.4310,3.54141,11.450,3.050,4.950,1.5857
7,far,30,1e+15,P1,empty,8.264315e+03,4.450,0.550,5.350,-1.0000,4.44069,10.250,0.550,4.750,-1.0000
7,far,30,1e+15,P1,person,7.049686e+03,4.550,0.450,5.350,3.3255,3.65813,11.650,2.550,1.850,4.1432
7,far,30,1e+15,P1,vehicle,7.435475e+03,4.450,0.850,5.450,4.4679,3.65103,13.650,2.950,1.450,2.9242
7,far,30,1e+15,P2,empty,8.117935e+03,4.750,4.350,5.450,-1.0000,3.65771,7.650,2.250,4.350,-1.0000
7,far,30,1e+15,P2,person,8.900973e+03,5.050,1.050,5.250,2.8367,3.90199,5.650,2.050,4.150,1.9284
7,far,30,1e+15,P2,vehicle,8.061571e+03,4.350,2.650,5.250,4.5832,3.80536,10.550,2.050,5.250,1.2627
7,far,20,1e+12,P1,empty,8.878743e+01,5.050,3.050,5.650,-1.0000,4.04649,12.050,1.450,2.750,-1.0000
7,far,20,1e+12,P1,person,1.018337e+02,4.450,4.450,5.650,4.4954,4.10499,11.750,3.350,1.450,4.6305
7,far,20,1e+12,P1,vehicle,8.453644e+01,4.450,1.750,4.950,4.3329,4.33364,4.650,0.650,1.750,4.1017
7,far,20,1e+12,P2,empty,1.245711e+02,4.550,2.850,5.550,-1.0000,3.48373,9.650,1.950,2.550,-1.0000
7,far,20,1e+12,P2,person,1.615495e+02,4.550,2.650,5.650,3.5977,3.80563,4.350,2.750,3.450,3.3457
7,far,20,1e+12,P2,vehicle,1.208924e+02,5.050,3.450,5.450,4.2389,3.61539,9.350,0.650,4.150,0.1377
7,far,20,1e+13,P1,empty,2.948175e+02,4.750,3.850,5.650,-1.0000,3.80732,11.150,2.550,4.150,-1.0000
7,far,20,1e+13,P1,person,2.570944e+02,4.550,2.750,5.550,3.5771,4.49796,12.550,3.950,2.950,5.1354
7,far,20,1e+13,P1,vehicle,2.662755e+02,4.450,1.150,5.350,4.4367,3.51968,9.450,1.050,3.050,0.0000
7,far,20,1e+13,P2,empty,3.291447e+02,4.850,0.850,5.150,-1.0000,3.73199,10.250,2.150,4.150,-1.0000
7,far,20,1e+13,P2,person,4.460442e+02,4.350,1.150,5.650,3.6429,3.76355,10.050,1.050,4.850,2.2980
7,far,20,1e+13,P2,vehicle,3.882333e+02,4.950,1.350,5.650,4.0739,3.89641,10.650,2.650,3.550,0.8500
7,far,20,1e+14,P1,empty,8.405961e+02,5.050,3.550,5.150,-1.0000,3.64421,6.350,4.150,3.050,-1.0000
7,far,20,1e+14,P1,person,8.872747e+02,4.550,2.550,5.250,3.3903,3.86388,11.550,2.850,2.050,4.0492
7,far,20,1e+14,P1,vehicle,9.493483e+02,4.350,3.850,5.250,4.9483,3.73112,9.450,0.550,4.650,0.6377
7,far,20,1e+14,P2,empty,1.360397e+03,4.550,3.850,5.350,-1.0000,3.41966,12.250,2.250,3.350,-1.0000
7,far,20,1e+14,P2,person,1.338296e+03,4.650,2.950,5.650,3.6081,3.56128,10.550,2.950,2.050,3.2381
7,far,20,1e+14,P2,vehicle,1.267509e+03,4.850,1.350,5.350,4.0571,3.47757,8.950,1.850,4.550,0.5400
7,far,20,1e+15,P1,empty,2.942352e+03,4.350,4.150,5.450,-1.0000,3.79260,7.950,1.050,4.950,-1.0000
7,far,20,1e+15,P1,person,2.692186e+03,4.350,1.250,5.350,3.5055,3.85100,5.350,0.750,1.350,3.1028
7,far,20,1e+15,P1,vehicle,2.541053e+03,4.350,0.950,5.550,4.5952,3.64159,8.250,0.350,1.650,0.9636
7,far,20,1e+15,P2,empty,3.630986e+03,4.450,1.850,5.350,-1.0000,3.68901,7.950,0.450,2.350,-1.0000
7,far,20,1e+15,P2,person,4.400532e+03,4.750,2.950,5.450,3.4320,3.52268,4.350,3.250,4.050,3.5377
7,far,20,1e+15,P2,vehicle,3.892387e+03,4.450,0.750,5.150,4.3806,3.58272,10.850,0.350,4.950,0.9377
7,far,15,1e+12,P1,empty,4.109947e+01,4.550,1.850,5.450,-1.0000,4.18728,10.150,1.650,1.350,-1.0000
7,far,15,1e+12,P1,person,5.331125e+01,4.450,0.650,5.250,3.3729,4.79948,5.350,1.250,4.550,2.2805
7,far,15,1e+12,P1,vehicle,4.536153e+01,4.550,1.750,5.150,4.2841,3.91077,11.050,2.150,3.650,0.3500
7,far,15,1e+12,P2,empty,6.771613e+01,4.350,1.950,5.350,-1.0000,3.92737,11.650,1.550,1.750,-1.0000
7,far,15,1e+12,P2,person,6.090919e+01,4.450,1.450,5.050,3.2957,3.62037,12.550,3.150,1.750,5.1307
7,far,15,1e+12,P2,vehicle,5.733316e+01,4.450,3.050,4.950,4.5096,3.81196,9.450,2.850,5.050,1.4763
7,far,15,1e+13,P1,empty,1.109495e+02,4.350,2.850,5.350,-1.0000,3.73819,10.650,1.550,4.250,-1.0000
7,far,15,1e+13,P1,person,1.401367e+02,4.850,1.150,5.650,3.2165,3.58922,8.350,3.150,4.650,1.6919
7,far,15,1e+13,P1,vehicle,1.444330e+02,4.750,4.250,5.550,4.8799,3.84126,8.450,4.550,4.450,2.7941
7,far,15,1e+13,P2,empty,2.244125e+02,4.450,2.150,4.950,-1.0000,3.86321,6.250,3.350,2.650,-1.0000
7,far,15,1e+13,P2,person,1.959114e+02,4.350,4.650,5.250,4.5501,3.55255,5.850,4.250,2.650,3.1845
7,far,15,1e+13,P2,vehicle,2.127281e+02,5.050,3.850,5.650,4.4792,3.35692,12.650,3.250,4.350,2.0921
7,far,15,1e+14,P1,empty,4.711046e+02,4.550,4.050,5.550,-1.0000,3.68174,8.950,1.850,2.250,-1.0000
7,far,15,1e+14,P1,person,4.533745e+02,4.650,2.550,5.650,3.4898,3.38836,10.150,3.150,1.850,3.1257
7,far,15,1e+14,P1,vehicle,4.519196e+02,4.450,1.250,5.250,4.4076,3.79393,5.750,2.850,4.450,3.1433
7,far,15,1e+14,P2,empty,7.782853e+02,4.550,2.350,5.650,-1.0000,3.64321,11.450,4.250,3.150,-1.0000
7,far,15,1e+14,P2,person,5.844912e+02,4.350,4.450,5.650,4.5643,4.02448,7.050,1.350,3.150,0.6293
7,far,15,1e+14,P2,vehicle,5.689547e+02,4.450,3.250,5.550,4.7288,3.79934,7.350,3.950,5.550,2.9592
7,far,15,1e+15,P1,empty,1.550311e+03,4.450,1.050,5.650,-1.0000,3.96242,7.650,2.350,3.950,-1.0000
7,far,15,1e+15,P1,person,1.285424e+03,4.350,0.550,5.450,3.5491,3.47346,8.650,4.650,5.350,3.3718
7,far,15,1e+15,P1,vehicle,1.639004e+03,4.350,1.850,5.550,4.5954,3.84656,5.850,4.050,3.750,3.6156
7,far,15,1e+15,P2,empty,1.728938e+03,4.550,1.850,5.650,-1.0000,3.58000,10.050,3.750,1.650,-1.0000
7,far,15,1e+15,P2,person,2.120883e+03,4.950,2.850,5.450,3.2356,3.55005,5.650,4.150,2.550,3.2471
7,far,15,1e+15,P2,vehicle,1.885535e+03,5.050,3.950,5.550,4.4906,3.46457,5.250,1.850,3.250,3.4306
7,far,10,1e+12,P1,empty,2.661041e+01,12.350,1.550,4.750,-1.0000,4.16511,12.350,1.550,4.750,-1.0000
7,far,10,1e+12,P1,person,2.342749e+01,12.150,2.450,3.350,4.2476,3.66674,11.350,1.350,4.950,3.5460
7,far,10,1e+12,P1,vehicle,2.654448e+01,5.750,0.650,5.250,3.1809,4.05381,5.750,0.650,5.250,3.1809
7,far,10,1e+12,P2,empty,4.199553e+01,4.550,0.350,5.650,-1.0000,4.21262,4.550,0.350,5.650,-1.0000
7,far,10,1e+12,P2,person,3.440158e+01,8.550,3.550,3.350,1.9491,3.78076,8.550,3.550,3.350,1.9491
7,far,10,1e+12,P2,vehicle,3.296234e+01,11.750,2.650,4.750,1.2615,3.62146,11.750,2.650,4.750,1.2615
7,far,10,1e+13,P1,empty,7.018033e+01,6.350,3.650,2.450,-1.0000,3.45364,6.350,3.650,2.450,-1.0000
7,far,10,1e+13,P1,person,7.329811e+01,6.050,4.650,4.950,3.4725,3.58494,6.050,4.650,4.950,3.4725
7,far,10,1e+13,P1,vehicle,8.832590e+01,9.350,2.950,5.650,2.0012,4.36331,9.350,2.950,5.650,2.0012
7,far,10,1e+13,P2,empty,1.136656e+02,5.550,1.950,3.350,-1.0000,3.92448,5.550,1.950,3.350,-1.0000
7,far,10,1e+13,P2,person,9.693301e+01,4.350,4.350,5.650,4.5048,3.26021,7.250,2.350,1.450,2.2279
7,far,10,1e+13,P2,vehicle,1.221578e+02,6.950,1.150,2.950,1.7302,4.23866,6.950,1.150,2.950,1.7302
7,far,10,1e+14,P1,empty,2.317308e+02,11.050,2.450,4.650,-1.0000,3.62268,11.050,2.450,4.650,-1.0000
7,far,10,1e+14,P1,person,2.397808e+02,4.550,0.750,3.050,3.0186,3.72906,4.550,0.750,3.050,3.0186
7,far,10,1e+14,P1,vehicle,2.383209e+02,4.550,0.650,4.250,4.1371,3.62677,4.550,0.650,4.250,4.1371
7,far,10,1e+14,P2,empty,3.507079e+02,7.050,3.250,4.650,-1.0000,3.85123,7.050,3.250,4.650,-1.0000
7,far,10,1e+14,P2,person,3.046312e+02,11.550,0.450,3.150,3.5992,3.35522,11.550,0.450,3.150,3.5992
7,far,10,1e+14,P2,vehicle,3.004101e+02,4.350,2.350,4.950,4.4646,3.31353,6.650,0.750,2.150,2.0623
7,far,10,1e+15,P1,empty,7.284073e+02,4.650,3.150,5.150,-1.0000,3.57627,10.650,1.350,2.650,-1.0000
7,far,10,1e+15,P1,person,6.827445e+02,13.050,3.450,4.550,5.4124,3.36608,13.050,3.450,4.550,5.4124
7,far,10,1e+15,P1,vehicle,7.623358e+02,11.150,0.850,2.550,0.0000,3.79570,11.150,0.850,2.550,0.0000
7,far,10,1e+15,P2,empty,9.769665e+02,5.450,0.550,4.550,-1.0000,3.39157,5.950,3.250,1.950,-1.0000
7,far,10,1e+15,P2,person,1.094418e+03,4.350,4.550,1.350,4.8062,3.81239,4.350,4.550,1.350,4.8062
7,far,10,1e+15,P2,vehicle,1.035253e+03,6.750,4.350,3.250,3.1982,3.60220,6.750,4.350,3.250,3.1982
7,far,5,1e+12,P1,empty,2.649490e+01,8.350,3.150,2.650,-1.0000,4.13488,8.350,3.150,2.650,-1.0000
7,far,5,1e+12,P1,person,2.555844e+01,7.250,2.850,3.550,1.1824,4.00462,7.250,2.850,3.550,1.1824
7,far,5,1e+12,P1,vehicle,2.711523e+01,13.550,3.650,3.850,3.0064,4.23013,13.550,3.650,3.850,3.0064
7,far,5,1e+12,P2,empty,3.354840e+01,9.450,0.750,1.650,-1.0000,3.69310,9.450,0.750,1.650,-1.0000
7,far,5,1e+12,P2,person,3.262231e+01,10.350,1.750,2.450,2.6238,3.60603,10.350,1.750,2.450,2.6238
7,far,5,1e+12,P2,vehicle,3.272870e+01,11.450,2.850,2.650,1.0841,3.61879,11.450,2.850,2.650,1.0841
7,far,5,1e+13,P1,empty,7.189574e+01,5.350,3.150,4.150,-1.0000,3.54835,5.350,3.150,4.150,-1.0000
7,far,5,1e+13,P1,person,7.360223e+01,12.450,1.050,5.450,4.7483,3.64625,12.450,1.050,5.450,4.7483
7,far,5,1e+13,P1,vehicle,7.705310e+01,13.450,4.150,2.650,3.2672,3.83387,13.450,4.150,2.650,3.2672
7,far,5,1e+13,P2,empty,1.053367e+02,4.550,2.750,3.950,-1.0000,3.67134,4.550,2.750,3.950,-1.0000
7,far,5,1e+13,P2,person,1.037463e+02,13.450,2.950,2.450,5.7255,3.63207,13.450,2.950,2.450,5.7255
7,far,5,1e+13,P2,vehicle,1.095352e+02,11.550,4.250,1.650,2.6235,3.83206,11.550,4.250,1.650,2.6235
7,far,5,1e+14,P1,empty,2.286327e+02,5.050,4.650,5.050,-1.0000,3.55600,5.050,4.650,5.050,-1.0000
7,far,5,1e+14,P1,person,2.405161e+02,8.450,4.350,2.250,2.9955,3.74418,8.450,4.350,2.250,2.9955
7,far,5,1e+14,P1,vehicle,2.345483e+02,10.750,4.450,3.450,2.6500,3.66760,10.750,4.450,3.450,2.6500
7,far,5,1e+14,P2,empty,3.296285e+02,5.350,1.050,3.750,-1.0000,3.65265,5.350,1.050,3.750,-1.0000
7,far,5,1e+14,P2,person,3.495814e+02,6.450,4.650,1.950,3.5299,3.84765,6.450,4.650,1.950,3.5299
7,far,5,1e+14,P2,vehicle,3.325514e+02,7.550,3.850,4.750,2.4544,3.67835,7.550,3.850,4.750,2.4544
7,far,5,1e+15,P1,empty,7.376976e+02,11.450,2.450,2.650,-1.0000,3.64465,11.450,2.450,2.650,-1.0000
7,far,5,1e+15,P1,person,7.781330e+02,11.550,4.150,2.050,4.5908,3.85348,11.550,4.150,2.050,4.5908
7,far,5,1e+15,P1,vehicle,7.054628e+02,13.350,1.050,2.650,2.1698,3.47916,13.350,1.050,2.650,2.1698
7,far,5,1e+15,P2,empty,1.072480e+03,13.450,1.950,1.450,-1.0000,3.76133,13.450,1.950,1.450,-1.0000
7,far,5,1e+15,P2,person,1.084514e+03,12.350,3.850,3.450,4.8764,3.79561,12.350,3.850,3.450,4.8764
7,far,5,1e+15,P2,vehicle,1.032740e+03,5.050,2.450,3.250,3.6880,3.59836,5.050,2.450,3.250,3.6880
7,near,inf,1e+12,P1,empty,9.015793e+02,4.650,4.450,5.250,-1.0000,3.88830,10.650,1.650,2.850,-1.0000
7,near,inf,1e+12,P1,person,9.152405e+02,4.750,0.550,5.250,3.1019,3.53337,5.250,3.150,3.550,2.6975
7,near,inf,1e+12,P1,vehicle,7.977513e+02,4.350,3.550,5.450,4.8868,3.39354,5.250,1.750,3.650,3.4302
7,near,inf,1e+12,P2,empty,1.287912e+03,4.450,4.650,5.150,-1.0000,3.54882,5.250,1.650,5.250,-1.0000
7,near,inf,1e+12,P2,person,1.146881e+03,4.750,4.450,5.250,4.1454,3.45966,10.050,3.350,2.150,3.0045
7,near,inf,1e+12,P2,vehicle,1.282554e+03,4.650,4.350,4.950,4.8605,3.51417,13.150,3.050,3.350,2.3329
7,near,inf,1e+13,P1,empty,3.472509e+03,4.650,3.950,5.650,-1.0000,4.06636,9.550,2.250,4.550,-1.0000
7,near,inf,1e+13,P1,person,2.778683e+03,4.650,4.150,5.250,4.0236,3.89251,8.150,0.450,5.450,1.5964
7,near,inf,1e+13,P1,vehicle,3.164953e+03,4.450,0.450,5.350,4.4367,3.78407,13.550,2.550,4.650,2.5661
7,near,inf,1e+13,P2,empty,3.747214e+03,6.350,3.350,5.050,-1.0000,3.99121,6.350,3.350,5.050,-1.0000
7,near,inf,1e+13,P2,person,4.050251e+03,5.150,3.150,4.550,2.8658,3.90694,5.150,3.150,4.550,2.8658
7,near,inf,1e+13,P2,vehicle,4.320298e+03,4.350,0.950,5.550,4.5952,3.56694,7.550,2.750,2.550,1.4765
7,near,inf,1e+14,P1,empty,1.955896e+04,4.350,0.850,5.450,-1.0000,6.14114,4.650,0.850,5.450,-1.0000
7,near,inf,1e+14,P1,person,2.136452e+04,4.350,0.850,5.450,3.5491,6.52402,4.350,0.850,5.450,3.5491
7,near,inf,1e+14,P1,vehicle,2.024447e+04,4.350,0.850,5.450,4.5627,6.18200,4.350,0.850,5.450,4.5627
7,near,inf,1e+14,P2,empty,1.120178e+04,5.450,1.950,1.450,-1.0000,3.43806,9.550,2.650,4.350,-1.0000
7,near,inf,1e+14,P2,person,1.401957e+04,4.350,0.450,5.050,3.3892,3.57772,11.750,1.650,2.550,3.9090
7,near,inf,1e+14,P2,vehicle,1.194154e+04,4.750,0.550,5.250,4.1205,3.93921,12.450,1.450,1.650,1.5349
7,near,inf,1e+15,P1,empty,1.837317e+05,4.350,0.850,5.450,-1.0000,17.74215,4.350,0.850,5.450,-1.0000
7,near,inf,1e+15,P1,person,1.942496e+05,4.350,0.850,5.450,3.5491,18.75782,4.350,0.850,5.450,3.5491
7,near,inf,1e+15,P1,vehicle,1.751448e+05,4.350,0.850,5.450,4.5627,16.91295,4.350,0.850,5.450,4.5627
7,near,inf,1e+15,P2,empty,3.670970e+04,4.550,1.150,5.150,-1.0000,3.56766,12.050,2.150,2.250,-1.0000
7,near,inf,1e+15,P2,person,4.042655e+04,4.550,3.950,5.050,3.9140,4.48527,7.550,0.350,3.650,0.0000
7,near,inf,1e+15,P2,vehicle,3.947463e+04,4.950,3.750,5.650,4.5166,3.57662,8.450,3.350,5.150,1.9365
7,near,50,1e+12,P1,empty,5.529554e+02,4.650,1.650,4.950,-1.0000,3.62595,12.850,3.350,5.650,-1.0000
7,near,50,1e+12,P1,person,5.772255e+02,5.550,2.050,5.550,2.6204,3.74803,5.550,2.050,5.550,2.6204
7,near,50,1e+12,P1,vehicle,5.213966e+02,4.850,3.750,5.050,4.4215,3.59724,10.650,2.350,4.150,0.5670
7,near,50,1e+12,P2,empty,6.979446e+02,4.350,4.050,4.550,-1.0000,3.94276,11.950,2.050,4.550,-1.0000
7,near,50,1e+12,P2,person,9.809167e+02,4.950,3.950,5.350,3.7285,3.79431,4.950,3.950,5.350,3.7285
7,near,50,1e+12,P2,vehicle,7.183545e+02,4.550,4.450,5.250,5.0610,3.64999,10.350,4.550,1.850,2.8286
7,near,50,1e+13,P1,empty,1.704857e+03,4.750,1.050,5.650,-1.0000,4.15417,11.750,2.650,2.450,-1.0000
7,near,50,1e+13,P1,person,1.671315e+03,5.150,2.450,5.050,2.7586,3.66837,6.950,3.150,2.950,1.6759
7,near,50,1e+13,P1,vehicle,1.866427e+03,4.550,3.850,5.250,4.7742,4.13876,12.650,0.550,3.350,1.4698
7,near,50,1e+13,P2,empty,3.340531e+03,4.350,3.250,5.350,-1.0000,3.74696,8.850,1.550,5.250,-1.0000
7,near,50,1e+13,P2,person,2.430025e+03,4.650,0.650,5.450,3.2835,3.68715,5.950,4.350,5.250,3.3801
7,near,50,1e+13,P2,vehicle,2.486464e+03,4.550,3.250,5.450,4.6074,3.65769,12.950,3.850,3.650,2.7082
7,near,50,1e+14,P1,empty,7.176065e+03,4.350,1.050,5.650,-1.0000,3.69885,4.450,0.950,4.050,-1.0000
7,near,50,1e+14,P1,person,7.357274e+03,4.350,0.950,5.550,3.5949,3.55897,11.550,2.150,5.350,3.8982
7,near,50,1e+14,P1,vehicle,8.194949e+03,4.750,0.750,5.450,4.1849,4.08664,4.750,0.750,5.450,4.1849
7,near,50,1e+14,P2,empty,7.158149e+03,4.750,3.450,5.650,-1.0000,3.66153,9.850,1.450,5.550,-1.0000
7,near,50,1e+14,P2,person,8.744354e+03,4.550,1.150,5.650,3.4700,3.75675,7.150,4.350,5.150,2.9696
7,near,50,1e+14,P2,vehicle,7.134751e+03,4.350,4.150,5.050,5.0349,4.04467,9.250,2.650,5.550,1.7570
7,near,50,1e+15,P1,empty,8.409022e+04,4.350,0.850,5.450,-1.0000,11.84493,4.350,0.850,5.450,-1.0000
7,near,50,1e+15,P1,person,6.230087e+04,4.350,0.850,5.450,3.5491,8.77569,4.350,0.850,5.450,3.5491
7,near,50,1e+15,P1,vehicle,5.671973e+04,4.350,0.850,5.450,4.5627,8.53992,4.750,0.750,5.450,4.1849
7,near,50,1e+15,P2,empty,2.416918e+04,4.350,1.050,5.250,-1.0000,3.79134,12.850,4.450,4.450,-1.0000
7,near,50,1e+15,P2,person,2.850994e+04,4.350,1.050,5.350,3.5055,3.67638,8.850,0.750,2.650,1.2650
7,near,50,1e+15,P2,vehicle,2.524604e+04,4.550,4.150,5.450,4.9647,3.87063,12.650,3.250,2.650,2.0646
7,near,30,1e+12,P1,empty,4.138239e+02,4.350,0.950,5.050,-1.0000,4.18362,10.650,2.150,2.450,-1.0000
7,near,30,1e+12,P1,person,3.886072e+02,4.450,0.450,5.350,3.4152,3.82167,12.350,4.350,3.950,5.1161
7,near,30,1e+12,P1,vehicle,4.412094e+02,4.450,1.850,5.650,4.5365,3.90804,7.950,1.650,5.650,1.7931
7,near,30,1e+12,P2,empty,5.865120e+02,4.350,1.350,5.650,-1.0000,3.54690,5.250,3.550,1.550,-1.0000
7,near,30,1e+12,P2,person,5.539545e+02,4.350,1.250,5.650,3.6429,3.84370,12.050,1.150,4.550,4.1328
7,near,30,1e+12,P2,vehicle,6.559123e+02,4.650,1.550,5.650,4.3503,4.55899,7.950,3.550,4.450,1.9461
7,near,30,1e+13,P1,empty,1.283803e+03,4.450,3.250,5.450,-1.0000,3.62307,5.450,4.350,4.050,-1.0000
7,near,30,1e+13,P1,person,1.577714e+03,5.050,4.550,5.350,4.0567,4.52151,13.250,2.750,2.150,5.5614
7,near,30,1e+13,P1,vehicle,1.430714e+03,5.050,4.650,5.250,4.7784,3.44607,5.050,0.950,1.350,3.8117
7,near,30,1e+13,P2,empty,1.958338e+03,4.750,4.250,5.550,-1.0000,3.60900,7.950,3.350,4.150,-1.0000
7,near,30,1e+13,P2,person,1.967348e+03,4.550,1.150,5.650,3.4700,3.71917,8.350,3.650,5.050,2.3134
7,near,30,1e+13,P2,vehicle,1.944573e+03,4.350,4.450,5.450,5.2764,3.67206,9.050,4.450,3.950,2.6500
7,near,30,1e+14,P1,empty,5.139950e+03,4.450,0.550,5.350,-1.0000,3.91645,8.250,3.150,5.350,-1.0000
7,near,30,1e+14,P1,person,5.821549e+03,4.750,0.950,5.550,3.2471,3.90685,10.950,2.550,4.650,3.1929
7,near,30,1e+14,P1,vehicle,4.081974e+03,4.550,4.350,5.450,5.0624,3.69790,4.350,0.350,1.550,4.4359
7,near,30,1e+14,P2,empty,5.722294e+03,4.350,1.550,5.450,-1.0000,3.50520,5.350,2.250,4.850,-1.0000
7,near,30,1e+14,P2,person,6.128622e+03,4.550,3.550,5.450,3.8456,3.40130,6.150,4.450,4.950,3.2608
7,near,30,1e+14,P2,vehicle,6.434157e+03,4.550,0.550,5.350,4.3415,4.08933,8.650,0.450,1.650,0.8628
7,near,30,1e+15,P1,empty,3.245631e+04,4.350,0.850,5.450,-1.0000,5.93419,4.350,0.850,5.450,-1.0000
7,near,30,1e+15,P1,person,3.638326e+04,4.350,0.850,5.450,3.5491,6.65218,4.350,0.850,5.450,3.5491
7,near,30,1e+15,P1,vehicle,3.313845e+04,4.450,0.850,5.450,4.4679,6.15988,4.450,0.850,5.450,4.4679
7,near,30,1e+15,P2,empty,2.173653e+04,4.450,4.550,5.450,-1.0000,3.77728,4.550,2.450,1.950,-1.0000
7,near,30,1e+15,P2,person,1.796995e+04,4.550,4.350,5.650,4.3662,3.51111,10.350,0.650,5.250,2.7505
7,near,30,1e+15,P2,vehicle,2.285421e+04,4.550,0.550,5.150,4.2841,4.24727,11.150,1.350,4.050,0.0377
7,near,20,1e+12,P1,empty,3.560973e+02,4.650,0.850,5.450,-1.0000,4.27075,13.650,3.150,3.250,-1.0000
7,near,20,1e+12,P1,person,3.010011e+02,4.850,4.150,5.250,3.8832,4.16086,12.450,1.950,2.250,4.6708
7,near,20,1e+12,P1,vehicle,2.879993e+02,4.550,4.450,5.450,5.1135,3.74448,13.150,1.450,3.750,1.9698
7,near,20,1e+12,P2,empty,4.500172e+02,5.150,3.150,5.450,-1.0000,4.02394,7.550,1.350,3.950,-1.0000
7,near,20,1e+12,P2,person,4.217512e+02,4.650,0.750,5.650,3.3847,3.59858,11.650,1.850,1.350,4.2930
7,near,20,1e+12,P2,vehicle,4.601349e+02,4.450,3.150,5.650,4.7328,3.74952,11.750,0.550,2.450,0.5732
7,near,20,1e+13,P1,empty,8.867095e+02,4.550,2.150,5.650,-1.0000,3.59705,11.550,2.850,4.250,-1.0000
7,near,20,1e+13,P1,person,9.798616e+02,4.550,3.150,5.250,3.5880,3.63125,9.850,4.150,1.950,3.4817
7,near,20,1e+13,P1,vehicle,8.073415e+02,4.850,0.550,5.150,3.9956,3.68077,6.050,3.050,1.450,3.0998
7,near,20,1e+13,P2,empty,1.488586e+03,4.650,2.150,5.650,-1.0000,3.82702,8.350,3.050,5.350,-1.0000
7,near,20,1e+13,P2,person,1.457532e+03,4.650,0.450,5.550,3.3329,3.56394,11.250,4.050,1.350,4.5988
7,near,20,1e+13,P2,vehicle,1.525656e+03,4.550,1.150,5.550,4.4072,3.51193,10.550,0.550,1.650,0.8623
7,near,20,1e+14,P1,empty,2.577977e+03,4.350,3.550,5.450,-1.0000,4.64442,7.950,4.250,5.450,-1.0000
7,near,20,1e+14,P1,person,3.359431e+03,4.450,3.750,5.250,3.9470,4.03406,10.950,2.750,4.750,3.2775
7,near,20,1e+14,P1,vehicle,3.286670e+03,4.750,0.350,5.350,4.1516,3.76392,10.250,4.450,3.650,2.6500
7,near,20,1e+14,P2,empty,5.034877e+03,4.650,0.650,5.650,-1.0000,3.94584,6.050,0.350,2.350,-1.0000
7,near,20,1e+14,P2,person,4.372713e+03,4.450,1.050,5.150,3.3330,3.47783,12.650,3.750,5.150,5.2647
7,near,20,1e+14,P2,vehicle,4.360083e+03,4.350,2.650,5.450,4.6412,3.45280,5.750,3.250,3.750,3.2694
7,near,20,1e+15,P1,empty,1.346853e+04,4.750,0.950,5.550,-1.0000,4.23522,6.450,1.950,3.650,-1.0000
7,near,20,1e+15,P1,person,1.721752e+04,4.650,0.850,5.450,3.2835,4.87061,4.650,0.850,5.450,3.2835
7,near,20,1e+15,P1,vehicle,1.684764e+04,4.350,0.850,5.450,4.5627,4.29702,4.350,0.850,5.450,4.5627
7,near,20,1e+15,P2,empty,1.359846e+04,4.350,3.650,4.850,-1.0000,3.44606,7.950,2.150,1.550,-1.0000
7,near,20,1e+15,P2,person,1.381812e+04,4.450,0.750,5.150,3.3330,3.77714,5.150,4.150,2.050,3.7325
7,near,20,1e+15,P2,vehicle,1.256722e+04,4.450,1.250,5.650,4.5362,4.21396,9.550,2.150,4.550,0.6416
7,near,15,1e+12,P1,empty,2.214325e+02,4.350,3.550,5.250,-1.0000,3.74486,7.650,0.750,1.350,-1.0000
7,near,15,1e+12,P1,person,2.428361e+02,4.450,0.950,5.550,3.5069,3.85466,12.650,0.350,1.650,5.0517
7,near,15,1e+12,P1,vehicle,2.480095e+02,4.450,1.950,5.650,4.5387,3.83663,8.950,3.650,2.450,1.8510
7,near,15,1e+12,P2,empty,2.535230e+02,4.350,2.350,5.350,-1.0000,3.31957,10.050,2.150,5.150,-1.0000
7,near,15,1e+12,P2,person,3.082469e+02,4.750,3.250,5.650,3.6460,3.63733,11.850,2.150,5.350,4.1751
7,near,15,1e+12,P2,vehicle,2.794735e+02,4.850,1.650,5.650,4.1657,3.65276,5.650,2.150,1.850,3.1214
7,near,15,1e+13,P1,empty,5.907435e+02,4.750,2.550,5.550,-1.0000,4.18061,9.150,3.750,2.850,-1.0000
7,near,15,1e+13,P1,person,5.997861e+02,4.550,1.850,5.350,3.3289,4.31996,7.350,1.150,4.250,0.4243
7,near,15,1e+13,P1,vehicle,7.238938e+02,4.350,3.350,5.350,4.7899,3.88307,12.050,3.350,4.650,1.8883
7,near,15,1e+13,P2,empty,9.119318e+02,4.350,1.850,5.450,-1.0000,3.34043,7.950,1.550,2.850,-1.0000
7,near,15,1e+13,P2,person,9.873630e+02,4.550,1.150,5.450,3.3714,3.35379,11.750,3.150,4.650,4.1201
7,near,15,1e+13,P2,vehicle,1.314533e+03,4.350,2.350,5.550,4.6280,3.67429,8.850,1.850,5.050,1.0389
7,near,15,1e+14,P1,empty,2.219931e+03,4.450,3.350,5.450,-1.0000,3.55918,7.450,1.650,3.150,-1.0000
7,near,15,1e+14,P1,person,1.841637e+03,4.650,4.250,5.650,4.2377,3.76421,11.950,1.950,3.950,3.9842
7,near,15,1e+14,P1,vehicle,1.725035e+03,4.850,0.550,5.250,4.0252,3.38267,7.350,1.450,4.550,1.4348
7,near,15,1e+14,P2,empty,2.994484e+03,4.850,1.250,5.650,-1.0000,3.66738,5.450,0.550,1.350,-1.0000
7,near,15,1e+14,P2,person,3.397152e+03,4.750,1.550,5.650,3.3001,3.67540,12.950,3.150,1.450,5.5967
7,near,15,1e+14,P2,vehicle,3.261661e+03,4.350,2.950,5.650,4.7703,3.62085,6.950,4.650,3.050,3.3341
7,near,15,1e+15,P1,empty,7.406449e+03,4.550,0.450,5.350,-1.0000,3.59161,11.050,4.450,2.950,-1.0000
7,near,15,1e+15,P1,person,1.192661e+04,4.350,0.850,5.450,3.5491,4.26565,4.350,0.850,5.450,3.5491
7,near,15,1e+15,P1,vehicle,7.222740e+03,4.650,0.850,5.450,4.2790,3.65360,11.250,0.350,5.450,1.4394
7,near,15,1e+15,P2,empty,9.149302e+03,4.350,2.350,5.650,-1.0000,3.79582,4.650,2.050,3.450,-1.0000
7,near,15,1e+15,P2,person,9.439811e+03,4.350,0.950,5.650,3.6429,3.74887,9.750,0.550,2.850,1.9133
7,near,15,1e+15,P2,vehicle,1.000690e+04,4.550,1.150,5.650,4.4431,3.79230,4.550,3.050,2.550,4.3152
7,near,10,1e+12,P1,empty,1.398945e+02,4.450,0.750,5.650,-1.0000,3.72089,9.650,1.250,1.850,-1.0000
7,near,10,1e+12,P1,person,1.031986e+02,4.450,0.950,5.450,3.4599,4.41282,6.950,0.850,1.950,1.7125
7,near,10,1e+12,P1,vehicle,1.114763e+02,4.650,3.650,5.450,4.6618,4.34123,12.450,0.750,4.850,1.5212
7,near,10,1e+12,P2,empty,1.534918e+02,4.650,1.650,5.550,-1.0000,4.07653,13.650,3.050,2.250,-1.0000
7,near,10,1e+12,P2,person,1.299055e+02,4.750,2.950,5.650,3.5289,3.82682,9.750,3.250,2.750,2.4932
7,near,10,1e+12,P2,vehicle,1.503700e+02,4.350,1.850,5.650,4.6298,3.91049,7.250,0.950,3.650,1.4302
7,near,10,1e+13,P1,empty,3.614171e+02,4.350,1.450,5.650,-1.0000,3.65230,6.050,3.950,5.350,-1.0000
7,near,10,1e+13,P1,person,4.575167e+02,4.450,1.550,5.250,3.3729,3.79341,4.450,1.550,5.250,3.3729
7,near,10,1e+13,P1,vehicle,3.673092e+02,4.450,3.350,5.550,4.7605,3.54836,11.350,0.950,4.650,0.6599
7,near,10,1e+13,P2,empty,4.320011e+02,4.550,0.950,5.350,-1.0000,3.80106,10.150,3.150,5.150,-1.0000
7,near,10,1e+13,P2,person,5.453890e+02,4.450,0.550,5.650,3.5561,3.48420,10.450,4.050,3.350,3.4199
7,near,10,1e+13,P2,vehicle,4.582806e+02,4.350,3.150,5.450,4.7582,3.69422,6.450,0.350,3.850,2.2302
7,near,10,1e+14,P1,empty,8.836576e+02,4.650,1.450,5.650,-1.0000,3.87347,8.350,0.350,3.050,-1.0000
7,near,10,1e+14,P1,person,9.809947e+02,5.050,2.850,5.550,3.2080,3.73704,9.950,3.350,2.850,2.6708
7,near,10,1e+14,P1,vehicle,8.167061e+02,4.550,2.850,5.650,4.5655,3.68343,11.450,3.450,2.450,1.6731
7,near,10,1e+14,P2,empty,1.532950e+03,4.350,0.650,5.150,-1.0000,3.50428,5.250,1.250,3.250,-1.0000
7,near,10,1e+14,P2,person,1.294438e+03,4.550,2.750,5.550,3.5771,3.58778,8.450,0.550,2.850,0.8572
7,near,10,1e+14,P2,vehicle,1.457776e+03,4.650,2.450,5.650,4.3986,3.80010,6.250,2.150,4.750,2.5637
7,near,10,1e+15,P1,empty,3.074492e+03,4.550,0.550,5.350,-1.0000,3.55272,5.450,3.350,3.350,-1.0000
7,near,10,1e+15,P1,person,4.015159e+03,4.350,1.250,5.150,3.4255,3.71877,10.750,0.650,4.450,2.8367
7,near,10,1e+15,P1,vehicle,2.754238e+03,4.550,1.650,5.250,4.3117,3.62196,9.550,4.650,4.650,2.9205
7,near,10,1e+15,P2,empty,4.758909e+03,4.450,1.850,5.650,-1.0000,3.83714,8.850,2.150,5.150,-1.0000
7,near,10,1e+15,P2,person,4.962360e+03,4.650,3.650,5.650,3.9062,3.95595,13.050,0.950,2.650,5.1569
7,near,10,1e+15,P2,vehicle,4.937914e+03,4.450,3.350,5.350,4.6997,3.60241,6.550,0.750,2.750,2.1302
7,near,5,1e+12,P1,empty,3.091190e+01,8.350,2.650,4.550,-1.0000,4.84217,8.350,2.650,4.550,-1.0000
7,near,5,1e+12,P1,person,2.807300e+01,11.450,1.750,5.150,3.7063,4.37665,11.450,1.750,5.150,3.7063
7,near,5,1e+12,P1,vehicle,2.480258e+01,5.450,1.850,4.250,3.2393,3.82839,5.450,1.850,4.250,3.2393
7,near,5,1e+12,P2,empty,3.259099e+01,4.350,3.850,4.750,-1.0000,3.54492,7.350,1.150,5.150,-1.0000
7,near,5,1e+12,P2,person,3.826363e+01,4.350,2.550,4.950,3.4615,3.90807,11.450,4.350,3.050,4.4005
7,near,5,1e+12,P2,vehicle,3.340140e+01,5.750,4.550,5.150,4.1765,3.67111,5.750,4.550,5.150,4.1765
7,near,5,1e+13,P1,empty,7.273767e+01,12.850,2.450,4.250,-1.0000,3.58728,12.850,2.450,4.250,-1.0000
7,near,5,1e+13,P1,person,8.108109e+01,7.650,2.250,4.150,0.6203,4.00099,7.650,2.250,4.150,0.6203
7,near,5,1e+13,P1,vehicle,7.471695e+01,5.250,1.850,4.550,3.4725,3.66248,6.150,1.050,3.550,2.5302
7,near,5,1e+13,P2,empty,1.154277e+02,13.050,2.050,4.450,-1.0000,4.01810,13.050,2.050,4.450,-1.0000
7,near,5,1e+13,P2,person,9.674902e+01,13.050,2.750,4.250,5.1973,3.39045,13.050,2.750,4.250,5.1973
7,near,5,1e+13,P2,vehicle,1.028496e+02,5.550,0.350,1.850,3.1995,3.59225,5.550,0.350,1.850,3.1995
7,near,5,1e+14,P1,empty,2.447822e+02,5.550,2.950,1.950,-1.0000,3.82274,5.550,2.950,1.950,-1.0000
7,near,5,1e+14,P1,person,2.252338e+02,5.850,4.150,5.450,3.3652,3.48241,5.850,4.150,5.450,3.3652
7,near,5,1e+14,P1,vehicle,2.533448e+02,4.550,0.650,1.650,4.2193,3.97089,4.550,0.650,1.650,4.2193
7,near,5,1e+14,P2,empty,3.407185e+02,10.550,1.150,5.550,-1.0000,3.77675,10.550,1.150,5.550,-1.0000
7,near,5,1e+14,P2,person,3.263665e+02,9.150,1.050,4.650,1.4144,3.59279,9.150,1.050,4.650,1.4144
7,near,5,1e+14,P2,vehicle,3.217923e+02,10.850,4.450,2.850,2.6500,3.56484,10.850,4.450,2.850,2.6500
7,near,5,1e+15,P1,empty,6.958438e+02,5.850,4.550,3.550,-1.0000,3.42542,5.850,4.550,3.550,-1.0000
7,near,5,1e+15,P1,person,7.034084e+02,12.850,1.650,3.450,4.8767,3.44345,12.850,1.650,3.450,4.8767
7,near,5,1e+15,P1,vehicle,7.271378e+02,9.850,1.750,2.150,0.3623,3.58125,9.850,1.750,2.150,0.3623
7,near,5,1e+15,P2,empty,1.064166e+03,4.850,4.650,5.050,-1.0000,3.60342,4.850,4.650,5.050,-1.0000
7,near,5,1e+15,P2,person,1.052130e+03,10.650,2.950,2.050,3.3181,3.66803,10.650,2.950,2.050,3.3181
7,near,5,1e+15,P2,vehicle,1.044176e+03,10.450,0.350,2.450,0.0623,3.66837,10.450,0.350,2.450,0.0623
8,far,inf,1e+12,P1,empty,1.090952e+03,5.350,0.450,5.650,-1.0000,3.81395,13.250,2.650,3.250,-1.0000
8,far,inf,1e+12,P1,person,9.135710e+02,4.550,0.850,5.450,3.9726,3.65422,5.650,4.550,2.250,3.6149
8,far,inf,1e+12,P1,vehicle,9.249633e+02,4.450,3.850,5.250,4.7905,3.90282,11.650,4.150,5.450,2.5141
8,far,inf,1e+12,P2,empty,1.538926e+03,4.850,3.150,5.550,-1.0000,3.70279,6.550,4.650,4.750,-1.0000
8,far,inf,1e+12,P2,person,1.380441e+03,4.350,3.850,5.450,4.6626,3.81852,12.450,3.950,2.150,4.8243
8,far,inf,1e+12,P2,vehicle,1.538177e+03,4.350,3.950,5.150,4.9120,3.67256,13.650,1.950,4.550,2.4158
8,far,inf,1e+13,P1,empty,3.670382e+03,4.550,1.050,5.650,-1.0000,3.62191,10.350,3.450,5.350,-1.0000
8,far,inf,1e+13,P1,person,3.981312e+03,4.450,0.950,5.550,4.1121,3.77120,4.450,0.950,5.550,4.1121
8,far,inf,1e+13,P1,vehicle,3.196383e+03,4.650,0.950,5.550,4.1852,3.58619,7.750,2.650,1.950,1.7768
8,far,inf,1e+13,P2,empty,4.132319e+03,4.350,4.350,5.150,-1.0000,3.42711,12.150,4.250,3.350,-1.0000
8,far,inf,1e+13,P2,person,4.382728e+03,4.650,4.550,5.350,4.7766,3.43388,11.650,3.550,3.450,3.8903
8,far,inf,1e+13,P2,vehicle,3.649147e+03,4.450,3.650,4.250,4.6708,3.45236,8.050,3.450,5.650,2.0453
8,far,inf,1e+14,P1,empty,2.726961e+04,4.450,1.050,5.650,-1.0000,7.95596,4.450,1.050,5.650,-1.0000
8,far,inf,1e+14,P1,person,2.441496e+04,4.550,1.050,5.650,4.0915,7.47253,4.550,1.050,5.650,4.0915
8,far,inf,1e+14,P1,vehicle,2.689098e+04,4.450,1.050,5.650,4.4023,7.84549,4.450,1.050,5.650,4.4023
8,far,inf,1e+14,P2,empty,1.402550e+04,5.050,3.650,5.150,-1.0000,3.63052,10.250,1.350,2.950,-1.0000
8,far,inf,1e+14,P2,person,1.199759e+04,5.250,4.450,5.450,4.3928,4.15388,9.550,2.450,5.150,2.5036
8,far,inf,1e+14,P2,vehicle,1.188685e+04,4.950,0.750,5.050,3.8092,3.77728,5.950,3.150,4.050,3.0984
8,far,inf,1e+15,P1,empty,2.365793e+05,4.450,1.050,5.650,-1.0000,22.03754,4.550,1.050,5.650,-1.0000
8,far,inf,1e+15,P1,person,2.252822e+05,4.450,1.050,5.650,4.1712,21.10949,4.550,1.050,5.650,4.0915
8,far,inf,1e+15,P1,vehicle,2.206091e+05,4.550,1.050,5.650,4.3050,21.35179,4.550,1.050,5.650,4.3050
8,far,inf,1e+15,P2,empty,5.847488e+04,4.350,4.650,5.450,-1.0000,3.69091,7.950,2.450,4.450,-1.0000
8,far,inf,1e+15,P2,person,4.195595e+04,4.750,3.350,5.550,4.2092,3.77330,8.150,1.450,3.350,0.1977
8,far,inf,1e+15,P2,vehicle,4.330717e+04,4.450,4.650,5.250,5.1835,3.75352,11.650,4.350,5.550,2.7330
8,far,50,1e+12,P1,empty,4.132459e+02,4.350,0.650,5.250,-1.0000,3.63476,12.550,4.350,1.350,-1.0000
8,far,50,1e+12,P1,person,3.572173e+02,4.450,3.750,5.550,4.5947,3.83484,12.250,3.450,3.250,4.3757
8,far,50,1e+12,P1,vehicle,3.448926e+02,4.450,4.650,5.350,5.1959,3.81106,13.450,2.750,3.150,2.4066
8,far,50,1e+12,P2,empty,4.430428e+02,4.650,2.150,5.150,-1.0000,3.61135,13.250,2.350,4.950,-1.0000
8,far,50,1e+12,P2,person,4.253723e+02,4.650,1.250,4.750,3.5237,3.69560,10.050,0.450,3.850,1.9392
8,far,50,1e+12,P2,vehicle,4.782729e+02,4.350,0.850,5.150,4.4165,3.91337,6.250,3.550,1.550,3.4408
8,far,50,1e+13,P1,empty,1.228449e+03,4.450,4.550,4.950,-1.0000,3.44053,12.050,2.150,3.550,-1.0000
8,far,50,1e+13,P1,person,1.520317e+03,4.650,0.950,5.550,3.9513,3.62857,13.550,2.850,4.950,5.7222
8,far,50,1e+13,P1,vehicle,1.170826e+03,4.350,4.450,5.350,5.1735,3.76802,11.150,4.050,1.750,2.6537
8,far,50,1e+13,P2,empty,1.816996e+03,4.350,1.550,5.250,-1.0000,3.83586,5.950,4.450,2.250,-1.0000
8,far,50,1e+13,P2,person,1.460609e+03,4.550,3.850,5.250,4.4187,3.57207,9.950,3.750,2.850,2.6691
8,far,50,1e+13,P2,vehicle,2.047071e+03,4.750,0.850,5.450,4.0669,4.00354,12.650,4.350,2.050,3.1176
8,far,50,1e+14,P1,empty,4.805790e+03,4.450,0.350,5.450,-1.0000,3.72253,10.050,3.350,3.750,-1.0000
8,far,50,1e+14,P1,person,4.681632e+03,4.350,0.350,5.450,4.1374,3.82382,11.150,2.950,2.350,3.2061
8,far,50,1e+14,P1,vehicle,4.971857e+03,4.550,0.950,5.550,4.2830,4.21914,8.750,1.150,4.250,0.0000
8,far,50,1e+14,P2,empty,4.791797e+03,5.350,4.650,5.650,-1.0000,4.02293,10.450,2.350,2.650,-1.0000
8,far,50,1e+14,P2,person,6.010332e+03,4.450,3.450,5.650,4.5234,3.78402,7.350,4.050,1.450,2.7718
8,far,50,1e+14,P2,vehicle,5.663909e+03,4.350,3.450,5.650,4.7928,3.63403,6.650,1.950,1.450,2.7018
8,far,50,1e+15,P1,empty,3.361637e+04,4.550,0.950,5.550,-1.0000,7.61226,4.550,0.950,5.550,-1.0000
8,far,50,1e+15,P1,person,3.640567e+04,4.350,0.850,5.450,4.1374,8.08331,4.350,0.850,5.450,4.1374
8,far,50,1e+15,P1,vehicle,3.569991e+04,4.350,1.050,5.650,4.4998,7.66464,4.350,1.050,5.650,4.4998
8,far,50,1e+15,P2,empty,1.725488e+04,4.350,3.950,4.950,-1.0000,3.52166,10.950,2.550,4.250,-1.0000
8,far,50,1e+15,P2,person,1.590850e+04,4.750,3.250,5.550,4.1710,3.77613,10.150,2.050,4.950,2.6457
8,far,50,1e+15,P2,vehicle,1.529544e+04,4.750,3.850,5.150,4.5118,3.92751,8.050,1.250,2.750,0.8001
8,far,30,1e+12,P1,empty,2.082289e+02,4.350,2.850,5.050,-1.0000,4.06936,13.650,1.550,4.650,-1.0000
8,far,30,1e+12,P1,person,2.064603e+02,4.450,2.950,5.650,4.3544,3.87059,10.650,2.650,3.250,2.5917
8,far,30,1e+12,P1,vehicle,1.947889e+02,4.550,1.250,5.250,4.2306,4.02034,11.750,4.650,3.850,2.8955
8,far,30,1e+12,P2,empty,2.742392e+02,4.350,0.750,5.650,-1.0000,4.41580,12.050,3.850,4.550,-1.0000
8,far,30,1e+12,P2,person,2.802271e+02,4.450,1.050,5.650,4.1712,3.80653,11.650,4.350,1.850,4.4329
8,far,30,1e+12,P2,vehicle,3.229443e+02,4.650,3.550,5.450,4.5178,3.68519,9.150,2.950,4.250,1.1500
8,far,30,1e+13,P1,empty,5.552702e+02,4.950,3.650,5.150,-1.0000,3.68533,11.950,1.450,1.350,-1.0000
8,far,30,1e+13,P1,person,6.799185e+02,4.450,3.850,5.450,4.5893,3.89166,6.950,4.150,1.750,2.8150
8,far,30,1e+13,P1,vehicle,5.960949e+02,5.050,1.750,5.650,3.8202,4.03053,13.050,1.150,4.550,1.8111
8,far,30,1e+13,P2,empty,8.474293e+02,4.450,3.750,5.650,-1.0000,3.47316,9.850,2.350,4.050,-1.0000
8,far,30,1e+13,P2,person,8.555168e+02,4.350,3.450,5.550,4.5442,3.47595,11.850,3.950,3.350,4.2578
8,far,30,1e+13,P2,vehicle,9.464095e+02,4.850,4.150,5.350,4.5963,3.88773,10.950,4.550,5.550,2.8914
8,far,30,1e+14,P1,empty,1.959461e+03,4.650,3.750,5.550,-1.0000,4.02323,12.150,3.150,4.850,-1.0000
8,far,30,1e+14,P1,person,2.625458e+03,4.350,0.950,5.550,4.1937,3.48625,12.350,2.350,3.750,4.2031
8,far,30,1e+14,P1,vehicle,1.815986e+03,4.650,4.050,5.550,4.7517,3.26010,12.550,4.450,5.550,3.0886
8,far,30,1e+14,P2,empty,2.975649e+03,4.350,3.750,5.250,-1.0000,3.79278,8.950,2.750,1.950,-1.0000
8,far,30,1e+14,P2,person,2.620237e+03,5.250,0.550,5.550,3.4934,3.49694,10.750,1.750,1.450,2.8750
8,far,30,1e+14,P2,vehicle,2.627952e+03,4.450,1.150,5.250,4.3297,3.39551,12.850,4.050,4.750,2.7689
8,far,30,1e+15,P1,empty,9.714642e+03,4.350,1.050,5.650,-1.0000,4.07661,5.150,4.050,5.550,-1.0000
8,far,30,1e+15,P1,person,1.088939e+04,4.350,0.850,5.450,4.1374,4.40338,4.350,0.850,5.450,4.1374
8,far,30,1e+15,P1,vehicle,1.108624e+04,4.750,0.850,5.450,4.0669,4.90297,4.750,0.850,5.450,4.0669
8,far,30,1e+15,P2,empty,1.149334e+04,4.450,4.350,5.050,-1.0000,3.96616,12.550,0.750,3.450,-1.0000
8,far,30,1e+15,P2,person,8.170232e+03,4.550,2.450,5.650,4.1597,3.63977,5.650,3.950,1.750,3.2954
8,far,30,1e+15,P2,vehicle,8.849888e+03,4.450,0.650,5.150,4.3171,3.78608,5.550,0.650,1.750,3.4854
8,far,20,1e+12,P1,empty,9.161171e+01,4.650,3.250,5.250,-1.0000,4.68072,11.250,0.450,2.850,-1.0000
8,far,20,1e+12,P1,person,8.755270e+01,4.850,1.750,5.550,3.7946,4.65860,9.450,1.650,3.650,1.3078
8,far,20,1e+12,P1,vehicle,1.197279e+02,5.050,1.050,5.650,3.8202,4.22003,11.450,1.950,2.150,1.0397
8,far,20,1e+12,P2,empty,1.367455e+02,4.550,2.750,5.450,-1.0000,3.61377,9.150,2.250,4.250,-1.0000
8,far,20,1e+12,P2,person,1.314635e+02,4.550,3.550,5.650,4.4903,3.72778,8.950,2.750,1.550,1.8170
8,far,20,1e+12,P2,vehicle,1.172502e+02,4.750,3.850,5.650,4.5934,3.50252,11.050,3.550,2.350,1.9271
8,far,20,1e+13,P1,empty,2.656765e+02,4.550,2.350,5.450,-1.0000,4.44832,8.650,2.650,1.850,-1.0000
8,far,20,1e+13,P1,person,2.528442e+02,4.950,0.650,5.250,3.5313,3.87007,7.550,2.850,5.050,2.2320
8,far,20,1e+13,P1,vehicle,2.722612e+02,5.250,3.750,5.450,4.0747,3.44558,11.350,1.750,1.450,1.7106
8,far,20,1e+13,P2,empty,4.458589e+02,5.050,0.350,5.350,-1.0000,3.84693,12.650,1.750,3.350,-1.0000
8,far,20,1e+13,P2,person,3.965983e+02,4.450,4.550,5.650,5.0519,4.26702,10.350,0.650,2.350,2.1683
8,far,20,1e+13,P2,vehicle,4.006228e+02,4.950,2.050,5.650,3.9248,3.72894,7.050,2.350,3.350,1.7762
8,far,20,1e+14,P1,empty,9.226614e+02,4.950,0.750,5.650,-1.0000,3.56041,12.350,0.950,2.150,-1.0000
8,far,20,1e+14,P1,person,9.150699e+02,4.750,1.550,4.950,3.5324,3.47084,4.750,1.550,4.950,3.5324
8,far,20,1e+14,P1,vehicle,8.567816e+02,4.350,0.650,5.050,4.4064,3.72558,12.050,1.250,4.750,0.8165
8,far,20,1e+14,P2,empty,1.356659e+03,4.350,3.950,5.450,-1.0000,3.45936,12.450,0.350,3.950,-1.0000
8,far,20,1e+14,P2,person,1.249406e+03,4.650,1.750,5.650,4.0131,3.54372,7.150,4.250,5.250,3.3635
8,far,20,1e+14,P2,vehicle,1.340787e+03,4.450,1.950,5.650,4.4049,3.48838,13.050,4.650,4.950,3.3895
8,far,20,1e+15,P1,empty,3.027521e+03,4.550,0.950,5.550,-1.0000,3.19726,11.750,0.950,3.350,-1.0000
8,far,20,1e+15,P1,person,3.922873e+03,4.450,0.950,5.550,4.1121,3.64311,6.750,1.550,2.450,1.1157
8,far,20,1e+15,P1,vehicle,3.595557e+03,4.550,0.750,5.450,4.2633,3.67419,13.250,0.750,4.550,2.0111
8,far,20,1e+15,P2,empty,3.833433e+03,4.650,3.150,5.350,-1.0000,3.44171,8.350,3.850,3.750,-1.0000
8,far,20,1e+15,P2,person,3.899469e+03,4.750,0.850,5.450,3.8112,3.56686,4.850,1.450,2.550,2.9562
8,far,20,1e+15,P2,vehicle,3.794962e+03,4.350,1.550,4.750,4.3898,3.90062,12.350,0.450,2.950,1.1303
8,far,15,1e+12,P1,empty,5.262198e+01,4.450,0.650,5.150,-1.0000,4.03524,7.850,1.750,3.950,-1.0000
8,far,15,1e+12,P1,person,5.042347e+01,4.450,2.250,5.550,4.1487,4.18699,13.550,2.950,2.450,5.4693
8,far,15,1e+12,P1,vehicle,5.095805e+01,4.450,3.450,5.650,4.7014,4.20484,11.950,3.650,3.450,1.9820
8,far,15,1e+12,P2,empty,7.218558e+01,4.350,3.850,5.650,-1.0000,3.66421,12.950,3.350,4.850,-1.0000
8,far,15,1e+12,P2,person,7.507484e+01,4.350,1.350,5.550,4.1937,3.54198,10.150,2.650,1.550,2.4988
8,far,15,1e+12,P2,vehicle,6.224010e+01,4.950,4.350,5.650,4.6738,3.74225,7.050,2.650,4.150,1.8907
8,far,15,1e+13,P1,empty,1.264296e+02,4.750,3.650,5.550,-1.0000,3.82016,11.950,4.450,1.450,-1.0000
8,far,15,1e+13,P1,person,1.366049e+02,4.650,2.150,5.650,4.0379,3.61864,7.950,3.950,2.950,2.2500
8,far,15,1e+13,P1,vehicle,1.440683e+02,4.350,3.850,5.450,4.9085,3.66444,11.450,1.850,2.050,1.1280
8,far,15,1e+13,P2,empty,1.918020e+02,4.750,1.150,5.550,-1.0000,3.52955,7.150,4.450,4.750,-1.0000
8,far,15,1e+13,P2,person,1.983977e+02,4.750,1.550,5.450,3.8112,3.60073,11.950,3.450,1.650,4.2740
8,far,15,1e+13,P2,vehicle,2.152179e+02,4.850,3.750,5.450,4.4221,3.73202,10.250,4.350,5.250,2.6181
8,far,15,1e+14,P1,empty,4.301709e+02,4.550,3.450,5.650,-1.0000,3.97667,11.050,1.050,4.450,-1.0000
8,far,15,1e+14,P1,person,5.405033e+02,4.450,3.050,4.950,4.0267,3.96598,4.450,3.050,4.950,4.0267
8,far,15,1e+14,P1,vehicle,4.523962e+02,4.850,0.850,5.450,3.9689,4.06636,11.850,1.150,1.450,1.8131
8,far,15,1e+14,P2,empty,5.634061e+02,4.650,2.350,5.550,-1.0000,3.49574,6.650,2.050,3.650,-1.0000
8,far,15,1e+14,P2,person,6.807677e+02,4.550,0.650,5.450,3.9726,3.64636,11.550,0.450,3.950,3.4041
8,far,15,1e+14,P2,vehicle,6.028192e+02,4.650,3.350,5.550,4.4630,3.76713,8.250,2.850,1.950,1.6728
8,far,15,1e+15,P1,empty,1.378823e+03,4.750,4.050,5.450,-1.0000,3.44424,12.550,2.750,2.750,-1.0000
8,far,15,1e+15,P1,person,1.465648e+03,4.350,0.850,5.250,4.0297,3.89123,12.550,2.050,3.950,4.3965
8,far,15,1e+15,P1,vehicle,1.397872e+03,4.450,0.450,5.450,4.3616,3.52843,11.950,2.450,1.650,1.7886
8,far,15,1e+15,P2,empty,2.049966e+03,4.450,1.550,5.650,-1.0000,3.48429,11.050,1.050,3.150,-1.0000
8,far,15,1e+15,P2,person,2.078688e+03,4.650,1.250,5.550,3.9513,3.96887,9.350,3.050,4.650,2.3014
8,far,15,1e+15,P2,vehicle,1.949049e+03,4.850,4.450,5.450,4.7723,3.71254,12.350,2.850,4.150,1.5288
8,far,10,1e+12,P1,empty,2.531891e+01,10.650,2.950,2.950,-1.0000,3.95693,10.650,2.950,2.950,-1.0000
8,far,10,1e+12,P1,person,2.465375e+01,9.650,1.050,4.450,1.9158,3.87667,9.650,1.050,4.450,1.9158
8,far,10,1e+12,P1,vehicle,2.601154e+01,11.250,2.050,3.350,0.2502,4.07017,11.250,2.050,3.350,0.2502
8,far,10,1e+12,P2,empty,3.460974e+01,6.150,3.750,2.550,-1.0000,3.81626,6.150,3.750,2.550,-1.0000
8,far,10,1e+12,P2,person,3.285124e+01,4.450,4.050,5.350,4.6382,3.58783,13.450,3.550,2.850,5.5281
8,far,10,1e+12,P2,vehicle,3.207993e+01,9.150,1.850,3.750,0.0500,3.53479,9.150,1.850,3.750,0.0500
8,far,10,1e+13,P1,empty,7.033862e+01,9.150,0.550,1.750,-1.0000,3.46503,9.150,0.550,1.750,-1.0000
8,far,10,1e+13,P1,person,7.312067e+01,6.550,2.850,1.650,2.0754,3.60523,6.550,2.850,1.650,2.0754
8,far,10,1e+13,P1,vehicle,8.331299e+01,8.750,0.350,2.750,0.4069,4.10654,8.750,0.350,2.750,0.4069
8,far,10,1e+13,P2,empty,1.080578e+02,6.950,2.950,2.750,-1.0000,3.77810,6.950,2.950,2.750,-1.0000
8,far,10,1e+13,P2,person,1.115159e+02,4.550,0.550,2.950,3.2407,3.87586,4.550,0.550,2.950,3.2407
8,far,10,1e+13,P2,vehicle,1.068080e+02,5.550,2.350,4.850,3.2417,3.66016,5.550,2.350,4.850,3.2417
8,far,10,1e+14,P1,empty,2.110922e+02,5.150,1.350,4.750,-1.0000,3.27661,5.550,3.950,1.650,-1.0000
8,far,10,1e+14,P1,person,2.163782e+02,4.750,0.550,4.850,3.4825,3.34213,8.750,2.950,3.150,1.3498
8,far,10,1e+14,P1,vehicle,2.212119e+02,11.650,1.650,2.750,0.5785,3.47283,11.650,1.650,2.750,0.5785
8,far,10,1e+14,P2,empty,3.124023e+02,11.750,4.150,2.350,-1.0000,3.44867,11.750,4.150,2.350,-1.0000
8,far,10,1e+14,P2,person,3.941915e+02,7.650,0.350,4.950,1.8032,4.33633,7.650,0.350,4.950,1.8032
8,far,10,1e+14,P2,vehicle,3.223743e+02,12.350,1.750,4.050,1.1111,3.56049,12.350,1.750,4.050,1.1111
8,far,10,1e+15,P1,empty,7.342507e+02,12.550,2.050,1.450,-1.0000,3.63085,12.550,2.050,1.450,-1.0000
8,far,10,1e+15,P1,person,7.535077e+02,11.550,0.750,2.050,3.4052,3.69010,11.550,0.750,2.050,3.4052
8,far,10,1e+15,P1,vehicle,7.367368e+02,10.150,1.950,4.450,0.1500,3.63742,10.150,1.950,4.450,0.1500
8,far,10,1e+15,P2,empty,1.066297e+03,10.050,0.550,5.050,-1.0000,3.73183,10.050,0.550,5.050,-1.0000
8,far,10,1e+15,P2,person,1.032945e+03,13.450,0.750,2.750,5.2103,3.61843,13.450,0.750,2.750,5.2103
8,far,10,1e+15,P2,vehicle,1.046601e+03,7.450,4.150,3.850,2.6802,3.65112,7.950,2.850,1.750,1.9246
8,far,5,1e+12,P1,empty,2.430225e+01,10.450,4.350,3.350,-1.0000,3.77450,10.450,4.350,3.350,-1.0000
8,far,5,1e+12,P1,person,3.024091e+01,8.750,2.250,2.950,0.7496,4.73361,8.750,2.250,2.950,0.7496
8,far,5,1e+12,P1,vehicle,2.668564e+01,8.350,4.650,2.450,2.9620,4.17363,8.350,4.650,2.450,2.9620
8,far,5,1e+12,P2,empty,4.473407e+01,13.650,3.550,2.350,-1.0000,4.91917,13.650,3.550,2.350,-1.0000
8,far,5,1e+12,P2,person,3.163113e+01,9.350,1.850,2.750,1.1241,3.49096,9.350,1.850,2.750,1.1241
8,far,5,1e+12,P2,vehicle,3.351801e+01,8.950,2.450,1.950,1.3708,3.69698,8.950,2.450,1.950,1.3708
8,far,5,1e+13,P1,empty,8.509650e+01,6.050,4.050,3.450,-1.0000,4.21255,6.050,4.050,3.450,-1.0000
8,far,5,1e+13,P1,person,8.379468e+01,6.450,4.250,1.450,3.2041,4.13590,6.450,4.250,1.450,3.2041
8,far,5,1e+13,P1,vehicle,7.677277e+01,6.850,1.250,1.550,2.4799,3.78326,6.850,1.250,1.550,2.4799
8,far,5,1e+13,P2,empty,1.021050e+02,12.550,2.750,5.250,-1.0000,3.58452,12.550,2.750,5.250,-1.0000
8,far,5,1e+13,P2,person,1.029938e+02,12.150,0.650,3.650,3.9409,3.60013,12.150,0.650,3.650,3.9409
8,far,5,1e+13,P2,vehicle,1.086866e+02,8.450,1.150,2.450,0.7637,3.76778,8.450,1.150,2.450,0.7637
8,far,5,1e+14,P1,empty,2.326686e+02,11.850,2.650,1.850,-1.0000,3.63250,11.850,2.650,1.850,-1.0000
8,far,5,1e+14,P1,person,2.472158e+02,5.750,2.550,2.850,2.2106,3.84637,5.750,2.550,2.850,2.2106
8,far,5,1e+14,P1,vehicle,2.342095e+02,13.550,1.250,4.450,2.3111,3.65045,13.550,1.250,4.450,2.3111
8,far,5,1e+14,P2,empty,2.971168e+02,6.950,3.050,4.550,-1.0000,3.29110,6.950,3.050,4.550,-1.0000
8,far,5,1e+14,P2,person,3.890943e+02,10.750,0.750,4.950,3.0868,4.29412,10.750,0.750,4.950,3.0868
8,far,5,1e+14,P2,vehicle,3.638188e+02,12.050,3.950,4.850,2.3060,4.01333,12.050,3.950,4.850,2.3060
8,far,5,1e+15,P1,empty,7.277543e+02,11.750,0.450,2.150,-1.0000,3.60792,11.750,0.450,2.150,-1.0000
8,far,5,1e+15,P1,person,7.345759e+02,13.150,3.850,5.150,5.7197,3.61637,13.150,3.850,5.150,5.7197
8,far,5,1e+15,P1,vehicle,7.587135e+02,8.450,3.250,4.250,1.4785,3.73745,8.450,3.250,4.250,1.4785
8,far,5,1e+15,P2,empty,1.052695e+03,10.550,3.850,1.350,-1.0000,3.67455,10.550,3.850,1.350,-1.0000
8,far,5,1e+15,P2,person,1.145498e+03,13.450,0.350,4.350,5.3452,4.00783,13.450,0.350,4.350,5.3452
8,far,5,1e+15,P2,vehicle,1.107960e+03,6.750,1.550,1.450,2.6209,3.82983,13.350,4.050,2.250,3.2159
8,near,inf,1e+12,P1,empty,8.402043e+02,4.550,0.750,5.450,-1.0000,4.04846,5.550,3.250,3.250,-1.0000
8,near,inf,1e+12,P1,person,8.595406e+02,5.350,0.450,5.550,3.4214,3.65078,8.550,0.850,4.750,1.6274
8,near,inf,1e+12,P1,vehicle,8.584328e+02,4.350,3.850,5.450,4.9085,3.51590,7.350,2.550,2.350,1.7727
8,near,inf,1e+12,P2,empty,1.181058e+03,4.550,0.650,5.350,-1.0000,3.72773,11.950,4.550,2.950,-1.0000
8,near,inf,1e+12,P2,person,1.340179e+03,4.850,4.650,5.550,4.8062,4.32277,9.650,0.550,4.850,2.2065
8,near,inf,1e+12,P2,vehicle,1.211153e+03,4.650,4.550,5.050,4.9432,3.24809,9.150,2.450,1.350,1.9203
8,near,inf,1e+13,P1,empty,3.534967e+03,4.350,0.950,5.550,-1.0000,3.39309,7.350,1.250,4.550,-1.0000
8,near,inf,1e+13,P1,person,3.440947e+03,4.450,4.650,5.350,4.9692,3.63376,10.650,1.550,3.650,2.4602
8,near,inf,1e+13,P1,vehicle,3.249770e+03,4.450,0.950,5.550,4.3808,3.79272,11.350,0.650,3.750,0.1111
8,near,inf,1e+13,P2,empty,4.147972e+03,4.450,0.350,5.250,-1.0000,3.68064,4.450,2.450,2.650,-1.0000
8,near,inf,1e+13,P2,person,4.617101e+03,4.650,0.550,4.950,3.6188,3.37742,5.850,4.450,2.050,3.4601
8,near,inf,1e+13,P2,vehicle,4.117203e+03,4.650,3.350,4.950,4.3826,3.70501,8.450,0.850,5.150,0.5714
8,near,inf,1e+14,P1,empty,2.452400e+04,4.650,0.850,5.450,-1.0000,7.42059,4.650,0.850,5.450,-1.0000
8,near,inf,1e+14,P1,person,2.767260e+04,4.450,0.950,5.550,4.1121,8.28903,4.450,0.950,5.550,4.1121
8,near,inf,1e+14,P1,vehicle,2.578364e+04,4.450,0.950,5.550,4.3808,7.72321,4.450,0.950,5.550,4.3808
8,near,inf,1e+14,P2,empty,1.174456e+04,4.450,0.850,5.250,-1.0000,3.71513,9.750,0.750,4.350,-1.0000
8,near,inf,1e+14,P2,person,1.200684e+04,4.550,3.750,5.550,4.5226,3.58232,11.350,2.050,2.750,3.1306
8,near,inf,1e+14,P2,vehicle,1.288767e+04,4.950,1.450,5.550,3.8927,3.40870,8.350,1.450,4.350,0.3889
8,near,inf,1e+15,P1,empty,2.421895e+05,4.350,1.050,5.650,-1.0000,22.43406,4.350,1.050,5.650,-1.0000
8,near,inf,1e+15,P1,person,2.396854e+05,4.450,1.050,5.650,4.1712,22.11338,4.450,1.050,5.650,4.1712
8,near,inf,1e+15,P1,vehicle,2.349301e+05,4.450,1.050,5.650,4.4023,21.67466,4.450,1.050,5.650,4.4023
8,near,inf,1e+15,P2,empty,4.301887e+04,4.350,3.950,5.450,-1.0000,3.53006,5.450,1.550,1.450,-1.0000
8,near,inf,1e+15,P2,person,4.127253e+04,4.350,4.150,4.750,4.5159,3.54644,7.750,1.650,2.850,0.0407
8,near,inf,1e+15,P2,vehicle,4.185503e+04,5.750,4.650,5.650,4.2476,3.81045,11.350,4.650,2.550,2.9160
8,near,50,1e+12,P1,empty,5.339277e+02,5.050,1.950,5.350,-1.0000,3.77562,8.250,2.950,3.750,-1.0000
8,near,50,1e+12,P1,person,6.015790e+02,4.350,1.150,5.450,4.1374,3.75510,7.550,3.050,3.050,1.3713
8,near,50,1e+12,P1,vehicle,5.670425e+02,4.850,4.450,5.250,4.7431,3.86078,12.550,4.350,2.350,2.9787
8,near,50,1e+12,P2,empty,8.274161e+02,4.750,0.350,5.550,-1.0000,3.78291,7.350,2.550,2.050,-1.0000
8,near,50,1e+12,P2,person,8.649218e+02,4.650,2.950,4.950,3.8286,3.54098,5.450,1.850,3.350,2.3538
8,near,50,1e+12,P2,vehicle,8.443549e+02,4.350,1.250,5.550,4.4788,3.44489,10.050,0.450,2.350,0.8069
8,near,50,1e+13,P1,empty,2.879713e+03,4.350,4.550,5.250,-1.0000,3.74496,11.150,0.650,1.850,-1.0000
8,near,50,1e+13,P1,person,2.306998e+03,4.350,0.950,5.550,4.1937,4.19605,12.650,2.250,3.250,4.4446
8,near,50,1e+13,P1,vehicle,1.853520e+03,4.650,4.250,5.450,4.8322,3.23190,4.950,3.750,3.750,4.2612
8,near,50,1e+13,P2,empty,3.018768e+03,4.450,4.450,5.350,-1.0000,3.91473,7.050,3.950,2.050,-1.0000
8,near,50,1e+13,P2,person,2.520983e+03,4.650,3.850,5.650,4.5525,3.75557,9.750,2.750,5.450,2.9428
8,near,50,1e+13,P2,vehicle,2.735058e+03,5.050,4.050,5.050,4.3387,3.85460,13.150,2.550,1.650,2.5467
8,near,50,1e+14,P1,empty,9.626457e+03,4.650,0.950,5.550,-1.0000,4.24859,4.650,0.950,5.550,-1.0000
8,near,50,1e+14,P1,person,1.201565e+04,4.350,1.050,5.650,4.2517,4.92037,4.350,1.050,5.650,4.2517
8,near,50,1e+14,P1,vehicle,9.270385e+03,4.350,0.850,5.450,4.4599,4.22657,4.850,0.850,5.450,3.9689
8,near,50,1e+14,P2,empty,9.689472e+03,4.550,1.950,5.650,-1.0000,3.68036,8.550,2.350,5.650,-1.0000
8,near,50,1e+14,P2,person,7.878010e+03,4.550,4.050,4.650,4.2741,3.75013,10.550,0.550,1.950,2.4793
8,near,50,1e+14,P2,vehicle,8.638785e+03,4.450,1.650,5.450,4.3616,3.72660,5.650,3.250,3.550,3.4123
8,near,50,1e+15,P1,empty,8.330252e+04,4.350,1.050,5.650,-1.0000,10.78721,4.350,1.050,5.650,-1.0000
8,near,50,1e+15,P1,person,9.031628e+04,4.350,0.850,5.450,4.1374,12.09461,4.350,0.850,5.450,4.1374
8,near,50,1e+15,P1,vehicle,8.520044e+04,4.550,0.850,5.450,4.2633,11.66748,4.550,0.850,5.450,4.2633
8,near,50,1e+15,P2,empty,2.500093e+04,5.350,3.850,5.650,-1.0000,3.71121,10.350,0.350,3.950,-1.0000
8,near,50,1e+15,P2,person,2.598594e+04,4.650,0.450,5.350,3.8333,3.77857,10.050,2.150,3.350,1.8749
8,near,50,1e+15,P2,vehicle,2.397412e+04,4.750,1.950,5.250,4.0355,3.58038,12.950,4.350,4.250,3.0709
8,near,30,1e+12,P1,empty,4.474156e+02,4.750,2.850,5.650,-1.0000,3.62800,13.150,1.650,2.850,-1.0000
8,near,30,1e+12,P1,person,4.187440e+02,4.650,0.550,5.150,3.7222,4.18400,10.150,4.450,3.950,3.4416
8,near,30,1e+12,P1,vehicle,4.397518e+02,4.550,3.950,5.650,4.8120,3.76781,12.350,2.150,1.750,1.8266
8,near,30,1e+12,P2,empty,7.232836e+02,4.450,3.350,5.650,-1.0000,3.58892,6.950,2.550,2.150,-1.0000
8,near,30,1e+12,P2,person,5.822953e+02,4.350,4.050,5.150,4.6208,3.68049,11.050,3.650,5.350,4.0651
8,near,30,1e+12,P2,vehicle,6.229899e+02,4.350,1.150,5.150,4.4165,3.97478,13.250,1.950,3.550,2.0167
8,near,30,1e+13,P1,empty,1.529470e+03,4.750,4.150,5.450,-1.0000,3.66836,9.450,4.650,3.150,-1.0000
8,near,30,1e+13,P1,person,1.469911e+03,4.550,4.150,5.250,4.5722,3.73681,12.050,1.850,1.450,4.0620
8,near,30,1e+13,P1,vehicle,1.338829e+03,4.850,0.850,5.150,3.9200,3.55968,8.550,0.450,4.150,0.1889
8,near,30,1e+13,P2,empty,2.242688e+03,4.650,3.750,5.650,-1.0000,3.48188,11.650,3.850,4.850,-1.0000
8,near,30,1e+13,P2,person,1.969570e+03,4.950,3.150,5.450,3.9308,3.59060,4.750,3.950,1.350,4.0700
8,near,30,1e+13,P2,vehicle,2.212764e+03,4.850,2.550,5.650,4.0831,3.89754,6.050,3.750,5.650,3.4668
8,near,30,1e+14,P1,empty,5.362619e+03,4.350,1.050,5.650,-1.0000,3.55321,12.050,0.650,1.550,-1.0000
8,near,30,1e+14,P1,person,7.363494e+03,4.350,0.850,5.450,4.1374,4.17325,10.650,0.550,1.350,2.8393
8,near,30,1e+14,P1,vehicle,5.234065e+03,4.450,0.950,5.550,4.3808,3.56568,7.950,3.650,4.750,2.0133
8,near,30,1e+14,P2,empty,6.384264e+03,4.550,0.550,5.150,-1.0000,3.47337,5.450,0.550,2.650,-1.0000
8,near,30,1e+14,P2,person,5.679897e+03,4.350,1.350,5.250,4.0297,3.47260,13.650,3.250,5.550,6.1166
8,near,30,1e+14,P2,vehicle,6.402546e+03,4.850,0.850,5.450,3.9689,3.56389,5.350,4.550,4.950,4.3741
8,near,30,1e+15,P1,empty,4.352378e+04,4.350,0.850,5.450,-1.0000,7.85776,4.650,0.850,5.450,-1.0000
8,near,30,1e+15,P1,person,4.230425e+04,4.350,0.850,5.450,4.1374,7.45507,4.550,0.950,5.550,4.0313
8,near,30,1e+15,P1,vehicle,4.386893e+04,4.350,0.850,5.450,4.4599,7.65747,4.350,0.850,5.450,4.4599
8,near,30,1e+15,P2,empty,1.753948e+04,4.850,2.150,5.350,-1.0000,3.41841,8.850,2.950,1.450,-1.0000
8,near,30,1e+15,P2,person,2.304943e+04,4.650,1.350,5.650,4.0128,3.93042,10.950,0.350,4.450,3.0041
8,near,30,1e+15,P2,vehicle,1.877687e+04,4.450,0.850,5.550,4.3808,3.53010,11.250,0.550,2.550,0.6070
8,near,20,1e+12,P1,empty,3.201418e+02,4.650,2.150,5.550,-1.0000,3.53020,4.950,4.650,3.450,-1.0000
8,near,20,1e+12,P1,person,3.525494e+02,4.450,2.850,5.250,4.1089,4.09727,11.650,3.850,1.950,4.1304
8,near,20,1e+12,P1,vehicle,2.948891e+02,4.750,2.050,5.650,4.1182,4.17844,6.050,0.350,3.250,2.6889
8,near,20,1e+12,P2,empty,4.475560e+02,4.650,2.550,5.650,-1.0000,3.95009,6.950,3.450,4.450,-1.0000
8,near,20,1e+12,P2,person,4.246677e+02,4.850,4.250,5.150,4.3750,4.14121,4.750,1.350,3.350,3.0471
8,near,20,1e+12,P2,vehicle,5.415248e+02,4.450,3.050,5.350,4.5207,3.56864,12.350,3.450,2.650,2.0528
8,near,20,1e+13,P1,empty,9.609504e+02,4.350,4.550,5.150,-1.0000,3.51963,8.150,3.750,2.950,-1.0000
8,near,20,1e+13,P1,person,1.097766e+03,4.350,2.150,5.450,4.1618,3.61825,12.750,0.650,1.750,4.6421
8,near,20,1e+13,P1,vehicle,9.470610e+02,4.550,3.950,5.650,4.8120,3.54361,6.550,4.550,2.250,3.6299
8,near,20,1e+13,P2,empty,1.831247e+03,4.750,1.050,5.550,-1.0000,3.43767,6.950,3.350,1.450,-1.0000
8,near,20,1e+13,P2,person,1.668031e+03,4.750,0.950,5.450,3.8112,3.54641,4.350,1.550,1.850,3.5837
8,near,20,1e+13,P2,vehicle,1.413570e+03,4.550,2.650,5.650,4.3881,3.50490,10.750,2.250,4.750,0.4595
8,near,20,1e+14,P1,empty,3.255027e+03,4.450,0.350,5.050,-1.0000,3.53867,12.350,0.750,4.450,-1.0000
8,near,20,1e+14,P1,person,3.460563e+03,4.850,0.850,5.450,3.7319,3.92759,13.650,1.350,3.650,5.4322
8,near,20,1e+14,P1,vehicle,3.934288e+03,4.350,4.650,5.350,5.2787,3.62404,10.550,0.850,2.850,0.3069
8,near,20,1e+14,P2,empty,4.653916e+03,4.350,0.850,5.650,-1.0000,3.88722,10.650,0.750,4.450,-1.0000
8,near,20,1e+14,P2,person,4.250576e+03,4.350,0.450,5.150,3.9786,3.85156,5.550,3.150,4.850,3.1631
8,near,20,1e+14,P2,vehicle,5.638101e+03,4.550,2.350,5.650,4.3399,3.65114,13.450,0.850,5.550,2.3847
8,near,20,1e+15,P1,empty,2.074162e+04,4.350,0.850,5.450,-1.0000,5.07352,4.350,0.850,5.450,-1.0000
8,near,20,1e+15,P1,person,2.124518e+04,4.450,0.850,5.450,4.0546,5.24420,4.450,0.850,5.450,4.0546
8,near,20,1e+15,P1,vehicle,1.962741e+04,4.350,0.850,5.450,4.4599,4.80097,4.350,0.850,5.450,4.4599
8,near,20,1e+15,P2,empty,1.430650e+04,4.750,1.350,5.650,-1.0000,3.54283,10.750,3.450,4.750,-1.0000
8,near,20,1e+15,P2,person,1.631762e+04,5.250,1.150,5.450,3.4256,3.92124,5.250,1.150,5.450,3.4256
8,near,20,1e+15,P2,vehicle,1.415429e+04,5.150,1.250,5.550,3.6983,3.47522,4.350,2.150,4.550,4.4028
8,near,15,1e+12,P1,empty,1.941196e+02,4.550,1.850,5.650,-1.0000,4.06322,9.850,1.050,1.650,-1.0000
8,near,15,1e+12,P1,person,2.472897e+02,4.350,1.550,5.650,4.2517,3.89799,6.050,3.250,3.850,2.4330
8,near,15,1e+12,P1,vehicle,1.952686e+02,4.650,0.450,5.550,4.1852,3.98926,13.250,1.850,2.250,2.2068
8,near,15,1e+12,P2,empty,3.190722e+02,4.650,2.350,5.650,-1.0000,3.49856,10.250,3.550,5.250,-1.0000
8,near,15,1e+12,P2,person,3.238329e+02,4.650,3.850,5.150,4.2985,3.70001,10.050,0.950,4.950,2.5506
8,near,15,1e+12,P2,vehicle,2.936177e+02,4.450,1.550,5.450,4.3616,3.82609,12.850,1.550,4.050,1.6111
8,near,15,1e+13,P1,empty,7.706049e+02,4.550,1.150,5.550,-1.0000,3.69545,10.550,3.950,4.850,-1.0000
8,near,15,1e+13,P1,person,6.265494e+02,4.550,0.450,5.150,3.8069,3.83379,12.350,0.350,3.250,4.1105
8,near,15,1e+13,P1,vehicle,6.628723e+02,4.350,2.950,5.250,4.5756,3.55933,13.150,2.950,3.050,2.2330
8,near,15,1e+13,P2,empty,1.258232e+03,4.650,3.250,5.350,-1.0000,3.76314,4.650,3.250,5.350,-1.0000
8,near,15,1e+13,P2,person,1.157253e+03,4.750,2.250,5.650,3.9733,3.48113,10.950,1.850,1.450,3.0544
8,near,15,1e+13,P2,vehicle,1.097525e+03,4.750,1.050,5.650,4.1106,3.87448,13.350,2.850,4.150,2.3578
8,near,15,1e+14,P1,empty,2.025414e+03,4.450,3.850,5.450,-1.0000,3.57613,7.950,0.550,1.750,-1.0000
8,near,15,1e+14,P1,person,2.497687e+03,4.550,0.850,5.450,3.9726,3.83258,13.650,1.550,2.750,5.4103
8,near,15,1e+14,P1,vehicle,2.384807e+03,4.350,3.650,5.350,4.8130,3.54541,4.850,3.250,4.950,4.1607
8,near,15,1e+14,P2,empty,3.468353e+03,4.850,1.050,5.650,-1.0000,3.67716,4.550,4.450,3.850,-1.0000
8,near,15,1e+14,P2,person,2.696328e+03,4.950,1.550,5.350,3.5916,3.53203,4.950,1.850,2.150,2.9300
8,near,15,1e+14,P2,vehicle,3.588354e+03,4.350,1.150,5.650,4.4998,4.01786,7.150,3.250,5.450,2.2926
8,near,15,1e+15,P1,empty,1.003814e+04,4.450,0.850,5.450,-1.0000,4.10448,12.550,3.750,3.750,-1.0000
8,near,15,1e+15,P1,person,1.171031e+04,4.550,0.950,5.550,4.0313,4.04822,4.550,0.950,5.550,4.0313
8,near,15,1e+15,P1,vehicle,8.712864e+03,4.450,0.350,5.450,4.3616,3.61603,4.450,4.650,5.350,5.1959
8,near,15,1e+15,P2,empty,1.354660e+04,4.350,4.050,5.650,-1.0000,3.42941,6.350,3.050,3.250,-1.0000
8,near,15,1e+15,P2,person,1.017577e+04,4.450,3.750,5.650,4.6477,3.65838,12.150,1.950,3.750,3.9627
8,near,15,1e+15,P2,vehicle,1.001642e+04,4.650,1.750,5.650,4.2077,3.69939,7.350,2.350,3.350,1.4938
8,near,10,1e+12,P1,empty,1.103835e+02,4.450,3.650,5.650,-1.0000,3.90003,12.550,2.050,2.550,-1.0000
8,near,10,1e+12,P1,person,1.052525e+02,4.750,2.950,5.650,4.1288,4.59309,5.950,4.350,2.650,3.2329
8,near,10,1e+12,P1,vehicle,1.025594e+02,4.450,0.350,5.450,4.3616,3.65935,5.750,2.850,4.550,3.1679
8,near,10,1e+12,P2,empty,1.526391e+02,4.450,0.650,5.650,-1.0000,3.88629,11.450,4.250,3.650,-1.0000
8,near,10,1e+12,P2,person,1.530755e+02,4.550,2.750,5.550,4.1658,3.47793,11.050,4.650,2.550,4.0849
8,near,10,1e+12,P2,vehicle,1.764804e+02,4.450,3.050,5.550,4.5557,4.04150,9.550,3.050,5.350,1.4293
8,near,10,1e+13,P1,empty,3.191258e+02,4.650,0.850,5.450,-1.0000,3.64691,13.250,0.950,4.450,-1.0000
8,near,10,1e+13,P1,person,3.972122e+02,4.450,1.850,5.450,4.0574,3.50519,6.850,1.450,2.650,0.9622
8,near,10,1e+13,P1,vehicle,3.125527e+02,4.550,0.950,5.550,4.2830,3.70437,8.850,4.050,3.350,2.2500
8,near,10,1e+13,P2,empty,6.377026e+02,4.350,2.850,5.650,-1.0000,3.45582,8.150,1.450,1.550,-1.0000
8,near,10,1e+13,P2,person,4.781117e+02,4.450,2.850,5.550,4.2699,3.52888,8.050,3.350,2.450,1.6983
8,near,10,1e+13,P2,vehicle,5.506644e+02,4.450,3.250,5.650,4.6350,3.66515,6.550,3.350,2.850,2.6996
8,near,10,1e+14,P1,empty,1.239316e+03,4.350,0.750,5.350,-1.0000,3.49738,7.050,2.150,1.450,-1.0000
8,near,10,1e+14,P1,person,9.226406e+02,4.350,2.350,5.650,4.3011,3.48734,7.950,1.950,1.650,1.2280
8,near,10,1e+14,P1,vehicle,1.171798e+03,4.450,0.850,5.350,4.3445,3.56353,12.750,3.650,1.650,2.8243
8,near,10,1e+14,P2,empty,1.422408e+03,4.350,1.050,5.250,-1.0000,3.63535,4.650,1.650,3.150,-1.0000
8,near,10,1e+14,P2,person,1.590870e+03,4.550,2.550,5.550,4.1199,3.68058,7.850,4.250,3.650,2.5981
8,near,10,1e+14,P2,vehicle,1.665841e+03,4.950,1.750,5.650,3.9168,4.14468,9.850,3.750,3.750,1.9500
8,near,10,1e+15,P1,empty,2.759556e+03,4.350,4.650,5.350,-1.0000,3.89447,7.050,2.250,3.050,-1.0000
8,near,10,1e+15,P1,person,3.238520e+03,4.350,0.850,5.450,4.1374,3.53056,4.350,3.250,4.050,3.8790
8,near,10,1e+15,P1,vehicle,3.098075e+03,4.550,0.850,5.450,4.2633,3.55383,11.350,3.450,1.950,2.0473
8,near,10,1e+15,P2,empty,4.459244e+03,4.450,0.550,5.550,-1.0000,3.73684,9.750,1.150,2.150,-1.0000
8,near,10,1e+15,P2,person,5.351119e+03,4.750,1.850,5.650,3.9379,3.64838,7.750,3.350,1.750,1.9847
8,near,10,1e+15,P2,vehicle,4.501625e+03,4.650,3.150,5.250,4.3466,3.53758,7.950,0.350,5.550,1.1916
8,near,5,1e+12,P1,empty,2.829703e+01,4.550,1.350,5.350,-1.0000,4.22505,7.850,0.750,5.650,-1.0000
8,near,5,1e+12,P1,person,2.485426e+01,5.850,2.750,4.350,2.5106,3.86602,5.850,2.750,4.350,2.5106
8,near,5,1e+12,P1,vehicle,2.671240e+01,5.650,2.650,3.950,3.2037,4.11062,5.650,2.650,3.950,3.2037
8,near,5,1e+12,P2,empty,3.208853e+01,8.150,3.350,5.450,-1.0000,3.54631,8.150,3.350,5.450,-1.0000
8,near,5,1e+12,P2,person,3.438054e+01,5.050,3.450,5.350,3.9248,3.58577,8.050,1.950,2.650,0.3216
8,near,5,1e+12,P2,vehicle,3.168745e+01,5.350,0.350,5.250,3.4404,3.36477,5.350,0.350,5.250,3.4404
8,near,5,1e+13,P1,empty,7.833493e+01,6.750,4.050,3.550,-1.0000,3.85240,6.750,4.050,3.550,-1.0000
8,near,5,1e+13,P1,person,7.672900e+01,6.550,4.450,4.150,3.1776,3.77437,6.550,4.450,4.150,3.1776
8,near,5,1e+13,P1,vehicle,7.615417e+01,12.850,2.850,5.450,2.0802,3.79543,12.850,2.850,5.450,2.0802
8,near,5,1e+13,P2,empty,1.048593e+02,9.850,0.650,1.950,-1.0000,3.65576,9.850,0.650,1.950,-1.0000
8,near,5,1e+13,P2,person,9.880316e+01,11.750,3.950,3.750,4.2113,3.44403,11.750,3.950,3.750,4.2113
8,near,5,1e+13,P2,vehicle,1.193703e+02,4.450,4.250,5.650,5.0381,3.68840,7.050,4.450,2.150,3.2998
8,near,5,1e+14,P1,empty,2.467963e+02,4.550,2.250,4.150,-1.0000,3.77390,4.550,2.250,4.150,-1.0000
8,near,5,1e+14,P1,person,2.355971e+02,6.250,3.950,4.750,3.1605,3.68058,6.250,3.950,4.750,3.1605
8,near,5,1e+14,P1,vehicle,2.422922e+02,4.350,4.350,5.650,5.1721,3.44165,13.050,2.250,3.450,1.8662
8,near,5,1e+14,P2,empty,3.545768e+02,4.350,1.350,5.650,-1.0000,3.70922,8.250,3.750,3.050,-1.0000
8,near,5,1e+14,P2,person,3.542734e+02,12.550,2.150,4.250,4.4697,3.88571,12.550,2.150,4.250,4.4697
8,near,5,1e+14,P2,vehicle,3.556185e+02,5.050,0.550,5.550,3.7954,3.58165,4.450,1.350,4.650,4.2889
8,near,5,1e+15,P1,empty,8.388872e+02,6.950,0.450,5.450,-1.0000,4.12233,6.950,0.450,5.450,-1.0000
8,near,5,1e+15,P1,person,7.098458e+02,13.350,3.350,3.450,5.3774,3.50133,13.350,3.350,3.450,5.3774
8,near,5,1e+15,P1,vehicle,7.287412e+02,7.050,4.550,5.450,3.3232,3.58982,7.050,4.550,5.450,3.3232
8,near,5,1e+15,P2,empty,1.121525e+03,6.850,1.950,4.550,-1.0000,3.88992,6.850,1.950,4.550,-1.0000
8,near,5,1e+15,P2,person,1.105772e+03,6.750,0.550,2.750,1.0457,3.84992,6.750,0.550,2.750,1.0457
8,near,5,1e+15,P2,vehicle,1.020533e+03,9.950,1.950,4.950,0.3292,3.56400,9.950,1.950,4.950,0.3292
