seed,sweep,energy
1,0,13.15438939
1,1,21.38243426
1,2,11.97770812
1,3,15.23793204
1,4,14.09737146
1,5,10.76538081
1,6,9.573042165
1,7,8.450828786
1,8,13.39887117
1,9,11.12432135
1,10,32.15528187
1,11,8.13085945
1,12,7.837991599
1,13,10.45540564
1,14,8.735324524
1,15,20.28191181
1,16,12.9455081
1,17,14.95839442
1,18,9.884430687
1,19,11.51835893
1,20,11.71079027
1,21,8.660968298
1,22,7.788942233
1,23,10.63485885
1,24,14.75176168
1,25,8.95056685
1,26,6.553679567
1,27,15.26387653
1,28,7.62203721
1,29,35.88471911
1,30,7.568927452
1,31,17.20005355
1,32,9.876515809
1,33,13.54468047
1,34,21.44725085
1,35,7.586061781
1,36,7.448691846
1,37,6.389756035
1,38,15.8928971
1,39,6.122047267
1,40,33.07578887
1,41,14.37356864
1,42,13.27460195
1,43,6.752244304
1,44,8.712707539
1,45,23.7625651
1,46,12.69756148
1,47,8.454713844
1,48,33.41918192
1,49,11.32134719
1,50,11.7009238
1,51,13.70355213
1,52,3.826821794
1,53,8.684553142
1,54,8.912770538
1,55,13.71085886
1,56,12.20213665
1,57,8.482416851
1,58,7.935573113
1,59,9.130076238
1,60,17.30969667
1,61,5.758833589
1,62,9.462972302
1,63,12.22191576
1,64,9.011786823
1,65,13.37413519
1,66,6.964643157
1,67,9.436459561
1,68,10.49795049
1,69,6.161938414
1,70,12.20830181
1,71,14.87992467
1,72,11.92802151
1,73,9.271158138
1,74,11.67677458
1,75,12.95438319
1,76,5.901403425
1,77,12.28013245
1,78,9.29268393
1,79,11.66437067
1,80,7.746694591
1,81,10.61351298
1,82,6.550894242
1,83,15.14086794
1,84,5.918277284
1,85,10.26830685
1,86,11.00703622
1,87,8.501338467
1,88,6.284921424
1,89,24.45316505
1,90,5.213327224
1,91,16.8489666
1,92,7.580679003
1,93,21.40591954
1,94,8.996868012
1,95,18.63407064
1,96,9.810614808
1,97,6.460834249
1,98,12.89273826
1,99,10.59193177
1,100,8.214050115
1,101,16.72467045
1,102,20.01434978
1,103,6.01105685
1,104,10.31170481
1,105,8.644740318
1,106,12.22546073
1,107,15.15631504
1,108,11.14231199
1,109,12.80450791
1,110,8.526016195
1,111,8.722721044
1,112,5.980914548
1,113,8.724904736
1,114,5.779985264
1,115,12.45010619
1,116,14.37335071
1,117,21.3205254
1,118,22.67547024
1,119,8.758131017
1,120,7.042848043
1,121,11.90317409
1,122,12.84529336
1,123,13.79677798
1,124,3.943252534
1,125,13.60032344
1,126,9.862266737
1,127,10.98066381
1,128,8.825689778
1,129,14.10306051
1,130,8.73986997
1,131,16.39381086
1,132,11.70453587
1,133,6.881741351
1,134,14.57645274
1,135,18.03643488
1,136,10.87856012
1,137,17.96323759
1,138,8.072044494
1,139,5.96416437
1,140,14.09775638
1,141,13.82851753
1,142,6.071226984
1,143,10.1901779
1,144,9.580549704
1,145,17.28054511
1,146,10.68908353
1,147,14.93427876
1,148,7.773712627
1,149,4.376532522
1,150,9.806825525
1,151,6.104018522
1,152,4.767606466
1,153,7.623976299
1,154,12.6557646
1,155,7.350087502
1,156,7.963549628
1,157,10.5914479
1,158,6.171599969
1,159,15.92153053
1,160,9.180420138
1,161,11.65225029
1,162,7.923463059
1,163,7.46216707
1,164,7.107738048
1,165,16.10825623
1,166,4.698079669
1,167,10.47047193
1,168,5.924658999
1,169,20.10893389
1,170,4.676407578
1,171,10.11677742
1,172,10.36445521
1,173,15.8309296
1,174,14.20266322
1,175,7.513031913
1,176,15.51898651
1,177,9.998509018
1,178,9.55351044
1,179,16.83386412
1,180,11.27409149
1,181,10.36876705
1,182,15.93621525
1,183,8.725718638
1,184,15.23637371
1,185,6.685744377
1,186,9.904775424
1,187,15.99018791
1,188,10.26690007
1,189,8.873505513
1,190,10.04094369
1,191,6.870413573
1,192,6.918529743
1,193,12.44717172
1,194,8.998343976
1,195,10.86613421
1,196,9.822569951
1,197,12.71081098
1,198,4.672165064
1,199,6.946285322
1,200,3.856952938
1,201,9.422478224
1,202,10.97433551
1,203,6.491207254
1,204,14.76803256
1,205,8.06428187
1,206,18.1783901
1,207,8.149013436
1,208,5.951173191
1,209,7.845091614
1,210,12.54341947
1,211,3.592974145
1,212,8.8885588
1,213,6.527325657
1,214,5.668123813
1,215,13.12082249
1,216,3.735387906
1,217,18.37571373
1,218,11.69107063
1,219,7.51408879
1,220,7.107738048
1,221,12.44769377
1,222,10.6391576
1,223,16.59736942
1,224,6.484110424
1,225,7.787444011
1,226,11.70899804
1,227,10.53537168
1,228,7.640994682
1,229,26.31276106
1,230,5.101167889
1,231,5.727782382
1,232,23.18951824
1,233,8.661740183
1,234,17.85586639
1,235,4.210076286
1,236,8.523996239
1,237,7.115884568
1,238,12.2256697
1,239,4.303963335
1,240,10.42024092
1,241,13.53804185
1,242,17.15336461
1,243,6.008989018
1,244,3.949347941
1,245,7.592100979
1,246,7.388758312
1,247,6.272105116
1,248,13.52700251
1,249,2.709539788
1,250,9.664103868
1,251,9.131686516
1,252,6.446793718
1,253,10.5189027
1,254,8.696156353
1,255,10.59309457
1,256,6.799878167
1,257,11.26069281
1,258,2.62557678
1,259,8.17795667
1,260,6.385091212
1,261,7.470474855
1,262,9.440503079
1,263,8.600767245
1,264,10.02547371
1,265,10.51702528
1,266,8.393438108
1,267,12.33834584
1,268,10.54293404
1,269,18.04240232
1,270,11.93146872
1,271,7.025488608
1,272,16.78370666
1,273,9.250172027
1,274,6.833516373
1,275,9.423917522
1,276,9.79711055
1,277,9.7519594
1,278,21.68417861
1,279,7.701882318
1,280,9.243718548
1,281,9.994378323
1,282,9.880170695
1,283,9.1846302
1,284,14.75318219
1,285,5.645502155
1,286,9.34906423
1,287,7.986527633
1,288,6.999752912
1,289,8.807263968
1,290,4.692757853
1,291,12.93220449
1,292,9.446719387
1,293,14.13605119
1,294,8.131924657
1,295,8.413478931
1,296,8.887575577
1,297,11.79808594
1,298,7.059809696
1,299,11.27589906
1,300,7.799606703
1,301,13.3315268
1,302,12.59161849
1,303,7.4987842
1,304,7.71783085
1,305,6.883193073
1,306,11.94120361
1,307,20.594305
1,308,12.31436686
1,309,13.33159186
1,310,9.957796245
1,311,10.2260626
1,312,8.323337732
1,313,10.99730246
1,314,5.511262211
1,315,3.183672533
1,316,5.912473777
1,317,12.17233644
1,318,10.50230914
1,319,3.730014291
1,320,7.450945144
1,321,6.501244881
1,322,10.20059127
1,323,13.36210556
1,324,8.738826517
1,325,7.797498276
1,326,7.678381675
1,327,6.892845132
1,328,5.373325863
1,329,5.221715685
1,330,16.64437762
1,331,5.979675623
1,332,6.878453759
1,333,9.536006545
1,334,11.374952
1,335,8.921829268
1,336,20.98210989
1,337,7.231858392
1,338,12.70119497
1,339,9.075995299
1,340,11.3353905
1,341,9.928401152
1,342,4.259122563
1,343,8.03693105
1,344,6.392823434
1,345,6.824097486
1,346,18.84058265
1,347,5.191931011
1,348,4.76811583
1,349,6.42008198
1,350,4.001936379
1,351,7.802016213
1,352,9.264848153
1,353,9.477687936
1,354,3.842696099
1,355,10.55840669
1,356,2.893931114
1,357,8.757040821
1,358,9.261925291
1,359,6.307064265
1,360,5.732395008
1,361,10.72714567
1,362,3.659424004
1,363,14.8651921
1,364,9.495244904
1,365,6.739366841
1,366,6.52174221
1,367,2.248576618
1,368,10.31993083
1,369,6.632583701
1,370,14.83411555
1,371,9.455314855
1,372,2.566903203
1,373,8.769718957
1,374,10.5530833
1,375,5.555372187
1,376,6.418657028
1,377,17.77749745
1,378,5.534968512
1,379,11.67163216
1,380,4.232498724
1,381,11.8319857
1,382,5.721959494
1,383,10.31681898
1,384,11.00917077
1,385,13.99136942
1,386,5.311264134
1,387,6.256111119
1,388,6.825689778
1,389,16.97249538
1,390,3.176925697
1,391,10.41000586
1,392,4.542625777
1,393,8.9100448
1,394,7.79201244
1,395,12.37356788
1,396,6.396748396
1,397,3.469551324
1,398,8.338482973
1,399,5.603474578
1,400,5.179076716
1,401,11.13919993
1,402,9.875988372
1,403,4.589741257
1,404,10.4821509
1,405,8.985440401
1,406,12.53166383
1,407,4.317648507
1,408,8.130209
1,409,5.835772121
1,410,6.26684921
1,411,5.526023729
1,412,11.08661806
1,413,7.028100326
1,414,9.089121721
1,415,4.074025807
1,416,12.30526764
1,417,6.625021261
1,418,12.61455615
1,419,5.420353326
1,420,8.827586147
1,421,5.521759016
1,422,7.420178392
1,423,6.612179988
1,424,6.125159765
1,425,4.283135936
1,426,6.656093699
1,427,6.305378761
1,428,7.191870612
1,429,17.86250533
1,430,5.486192524
1,431,8.630721853
1,432,8.780501121
1,433,7.331890859
1,434,11.87870149
1,435,9.031745954
1,436,9.37617267
1,437,6.237104584
1,438,11.52995707
1,439,9.192677402
1,440,3.936011646
1,441,6.316356286
1,442,10.25797271
1,443,9.282855609
1,444,4.348758088
1,445,12.02275821
1,446,4.641803196
1,447,3.553881343
1,448,16.03650065
1,449,7.500107813
1,450,3.620834482
1,451,18.19356089
1,452,7.047500053
1,453,8.748737713
1,454,10.16608211
1,455,1.185174569
1,456,12.37453466
1,457,7.461930582
1,458,9.033316626
1,459,8.008267583
1,460,5.857034839
1,461,5.522004763
1,462,8.844892056
1,463,5.930717554
1,464,3.085465461
1,465,3.236305435
1,466,6.074396989
1,467,3.4330465
1,468,5.722585994
1,469,5.687074792
1,470,7.865366627
1,471,8.260383266
1,472,5.789077597
1,473,10.99523491
1,474,6.707486335
1,475,9.811321755
1,476,8.418873654
1,477,12.25405477
1,478,8.624751518
1,479,12.26745028
1,480,5.906542288
1,481,6.080324729
1,482,7.902605507
1,483,7.889781057
1,484,5.416509807
1,485,13.41688684
1,486,15.20770887
1,487,8.184212096
1,488,9.861321433
1,489,4.785481278
1,490,8.589897862
1,491,5.282979156
1,492,14.4867208
1,493,10.03664552
1,494,14.92893722
1,495,7.892242731
1,496,7.885113061
1,497,4.031201675
1,498,6.132774926
1,499,7.769847319
1,500,3.546428631
1,501,6.700317788
1,502,10.73553451
1,503,4.549949827
1,504,7.962638121
1,505,6.611017318
1,506,4.990468515
1,507,4.06728213
1,508,6.225026015
1,509,11.76666938
1,510,10.4673805
1,511,9.021205291
1,512,6.180353567
1,513,4.102593832
1,514,6.887511187
1,515,2.988433436
1,516,4.220272963
1,517,6.082875889
1,518,6.77270171
1,519,5.479051851
1,520,3.4330465
1,521,10.09927488
1,522,10.28947578
1,523,7.210420553
1,524,6.904538995
1,525,5.50333367
1,526,3.120264533
1,527,7.071936113
1,528,6.919378955
1,529,5.922069989
1,530,11.74935557
1,531,7.339164404
1,532,7.146193032
1,533,5.171903727
1,534,4.983964524
1,535,4.710296528
1,536,8.450897121
1,537,7.892365355
1,538,5.775338453
1,539,4.2619857
1,540,4.782194762
1,541,6.518632017
1,542,5.300105178
1,543,3.630859139
1,544,8.295457988
1,545,8.2024966
1,546,4.67810479
1,547,10.14434135
1,548,8.704875144
1,549,6.696919151
1,550,4.657742279
1,551,6.673047075
1,552,0.9062809215
1,553,4.771269457
1,554,4.973083821
1,555,8.437622629
1,556,4.380035337
1,557,7.250936077
1,558,8.34597418
1,559,4.564322586
1,560,12.45830108
1,561,3.551973686
1,562,8.15931245
1,563,6.986036547
1,564,5.008422681
1,565,8.76216889
1,566,6.443223625
1,567,4.713303941
1,568,4.119079571
1,569,4.169536923
1,570,7.307862913
1,571,5.067181005
1,572,8.080995427
1,573,5.25530123
1,574,3.177865209
1,575,6.202639642
1,576,6.941503064
1,577,10.87680324
1,578,11.33530834
1,579,4.929559907
1,580,5.267267314
1,581,5.359088216
1,582,5.874082378
1,583,9.939764339
1,584,8.424464284
1,585,6.103381565
1,586,3.276190147
1,587,5.264951205
1,588,4.396760215
1,589,7.841666006
1,590,6.080826853
1,591,8.459283885
1,592,4.923924837
1,593,2.86741651
1,594,5.286080895
1,595,7.377720254
1,596,9.982814046
1,597,4.798420088
1,598,5.121524294
1,599,4.011250564
1,600,8.09109016
1,601,6.047387278
1,602,5.831250653
1,603,5.876415029
1,604,6.103381565
1,605,5.673913587
1,606,5.536271121
1,607,4.2570507
1,608,4.887858695
1,609,7.586724108
1,610,3.673739668
1,611,7.498629094
1,612,5.461364647
1,613,3.963912031
1,614,9.473236384
1,615,7.156940175
1,616,6.155270497
1,617,6.411281827
1,618,4.10025753
1,619,7.518010607
1,620,10.00572359
1,621,5.657183817
1,622,1.08396294
1,623,2.878228618
1,624,5.992889574
1,625,3.031997871
1,626,6.221233364
1,627,6.96194323
1,628,3.185928216
1,629,8.785268519
1,630,3.239115628
1,631,5.613082291
1,632,4.724367945
1,633,5.452542855
1,634,3.314828162
1,635,9.634921785
1,636,7.404826276
1,637,3.421680496
1,638,6.01363128
1,639,4.675468066
1,640,10.45450974
1,641,7.850403343
1,642,2.690243856
1,643,5.399631581
1,644,10.14903413
1,645,8.274533091
1,646,2.318630898
1,647,4.589602096
1,648,5.766248259
1,649,6.601295106
1,650,5.78111723
1,651,5.284297303
1,652,6.68268253
1,653,4.360272229
1,654,7.80474333
1,655,4.615794805
1,656,8.856574052
1,657,7.377723187
1,658,7.157540061
1,659,4.787223459
1,660,4.50900194
1,661,4.987220363
1,662,4.119079571
1,663,4.279396737
1,664,3.787952699
1,665,6.379851959
1,666,5.593928105
1,667,8.115364459
1,668,5.765465016
1,669,3.583319289
1,670,1.984362423
1,671,11.6655256
1,672,7.145596836
1,673,7.227954208
1,674,1.838765087
1,675,4.080246917
1,676,10.14102762
1,677,6.301617701
1,678,5.045648703
1,679,6.89502009
1,680,4.106026283
1,681,2.690243856
1,682,4.693976247
1,683,6.719498617
1,684,6.777261323
1,685,6.26684921
1,686,7.961796311
1,687,5.976451196
1,688,9.813289605
1,689,4.892305601
1,690,7.068963787
1,691,4.991746314
1,692,4.104708136
1,693,3.271947633
1,694,2.745582127
1,695,5.345562022
1,696,5.049155294
1,697,4.145399417
1,698,4.486729148
1,699,3.795005406
1,700,3.035934515
1,701,5.124145652
1,702,6.99892119
1,703,5.176175169
1,704,5.110940617
1,705,2.505237787
1,706,8.104157058
1,707,7.173946046
1,708,4.071218774
1,709,5.611646878
1,710,3.794065894
1,711,7.246368129
1,712,1.399158249
1,713,2.022817128
1,714,3.054018872
1,715,3.120264533
1,716,3.75782544
1,717,9.345605265
1,718,2.069152324
1,719,5.364464191
1,720,4.080246917
1,721,1.890829902
1,722,6.199664113
1,723,7.669701743
1,724,9.291297126
1,725,6.156084667
1,726,4.727419224
1,727,6.413961644
1,728,4.458677353
1,729,6.695703442
1,730,2.087570967
1,731,5.960852633
1,732,7.719659838
1,733,1.903074263
1,734,3.253090811
1,735,3.52900338
1,736,2.081078633
1,737,3.293877351
1,738,6.70823198
1,739,8.544807206
1,740,4.510742168
1,741,6.919869881
1,742,5.544375178
1,743,5.346644431
1,744,4.384526042
1,745,0.9990604876
1,746,4.457723325
1,747,6.135019623
1,748,3.23170089
1,749,3.227067024
1,750,6.964633895
1,751,5.82552518
1,752,3.61753148
1,753,5.121524294
1,754,6.711614675
1,755,5.036541116
1,756,6.415346971
1,757,3.188477502
1,758,11.4693372
1,759,3.297946551
1,760,4.736813593
1,761,5.022098237
1,762,5.93269202
1,763,3.826821794
1,764,5.951623388
1,765,3.236305435
1,766,6.787676133
1,767,2.671507093
1,768,3.371102785
1,769,4.902167068
1,770,4.892305601
1,771,5.480759595
1,772,4.672665624
1,773,1.686527902
1,774,6.901766927
1,775,2.538929006
1,776,3.641668827
1,777,6.75943041
1,778,1.399158249
1,779,1
1,780,2.318630898
1,781,3.795697774
1,782,2.562269338
1,783,3.5068449
1,784,5.329451985
1,785,5.102958666
1,786,5.636338063
1,787,7.083527574
1,788,4.702149498
1,789,4.212886479
1,790,7.460087557
1,791,8.780501052
1,792,2.19604854
1,793,6.406082498
1,794,7.00507195
1,795,3.856952938
1,796,4.835256738
1,797,5.444744989
1,798,4.208883693
1,799,4.134835395
1,800,4.52446564
1,801,4.554574352
1,802,4.06577954
1,803,5.248797171
1,804,8.044050617
1,805,3.262390672
1,806,7.987642334
1,807,2.379148085
1,808,4.827903962
1,809,6.798789887
1,810,6.188854266
1,811,6.050812144
1,812,6.171885952
1,813,2.238854125
1,814,6.915070625
1,815,8.094264801
1,816,4.773697363
1,817,3.374591583
1,818,4.350601698
1,819,3.44568457
1,820,3.473495719
1,821,8.502547671
1,822,3.206178176
1,823,5.423171132
1,824,2.671507093
1,825,3.675792985
1,826,4.855190681
1,827,2.248576618
1,828,2.462067861
1,829,6.598509654
1,830,5.597566317
1,831,4.665773598
1,832,6.224118195
1,833,3.098508129
1,834,2.893931114
1,835,2.538929006
1,836,6.955324893
1,837,4.212892043
1,838,2.50804798
1,839,5.798452547
1,840,3.477865145
1,841,4.21722456
1,842,5.236689049
1,843,6.915671731
1,844,3.473495719
1,845,5.35007695
1,846,4.366816825
1,847,4.654599275
1,848,3.948468789
1,849,5.065675919
1,850,3.979071962
1,851,4.376532522
1,852,5.12489833
1,853,3.250682056
1,854,8.743814745
1,855,4.808433525
1,856,2.690243856
1,857,0.9062809215
1,858,2.368507787
1,859,0.9990604876
1,860,4.166805373
1,861,11.14121137
1,862,6.538759548
1,863,7.018670888
1,864,6.854819745
1,865,1.216036997
1,866,2.207991697
1,867,2.248576618
1,868,1.052528078
1,869,3.082655268
1,870,4.264199816
1,871,7.383677733
1,872,5.269977919
1,873,7.841355156
1,874,3.430020609
1,875,2.378412916
1,876,1.052528078
1,877,5.204452195
1,878,3.41012869
1,879,3.41012869
1,880,5.589981248
1,881,3.399349718
1,882,3.067162526
1,883,3.03012719
1,884,1.903074263
1,885,1.890724524
1,886,1.185174569
1,887,2.421975377
1,888,3.173231344
1,889,1.743169765
1,890,3.120264533
1,891,4.312060614
1,892,1.835949331
1,893,3.27431698
1,894,2.315820705
1,895,1.903074263
1,896,3.053835612
1,897,3.805086834
1,898,5.346297191
1,899,2.594714352
1,900,4.26476222
1,901,5.243536873
1,902,2.592396596
1,903,2.690243856
1,904,4.399570339
1,905,4.570640123
1,906,5.132304714
1,907,5.79994022
1,908,0.9062809215
1,909,3.689690355
1,910,5.481136649
1,911,3.592974145
1,912,1.905884456
1,913,2.063955936
1,914,1.185174569
1,915,2.248576618
1,916,8.182402224
1,917,5.265928214
1,918,5.200559641
1,919,4.03575766
1,920,4.289988083
1,921,2.19604854
1,922,3.094265615
1,923,5.450289047
1,924,3.857892451
1,925,3.148949525
1,926,3.330102326
1,927,1.544086075
1,928,3.432356911
1,929,1.984362423
1,930,3.176925697
1,931,5.418720458
1,932,3.405454011
1,933,1.185174569
1,934,1.052528078
1,935,1.052528078
1,936,3.213983612
1,937,2.765986893
1,938,2.072202203
1,939,1.743169765
1,940,3.338637833
1,941,3.440099138
1,942,5.016409538
1,943,6.481395345
1,944,3.091969452
1,945,5.922050026
1,946,10.74158254
1,947,4.948186624
1,948,3.615195178
1,949,1
1,950,2.526579267
1,951,4.806079308
1,952,6.805705224
1,953,1.544086075
1,954,2.409539783
1,955,2.944647525
1,956,3.856952938
1,957,3.029187678
1,958,3.641668827
1,959,3.122582289
1,960,4.184455677
1,961,4.574152993
1,962,5.214766786
1,963,1.232263481
1,964,3.047088844
1,965,1.920851783
1,966,1.08396294
1,967,1.903074263
1,968,3.48312112
1,969,2.163111088
1,970,3.97824337
1,971,1.232263481
1,972,6.196591733
1,973,2.106780068
1,974,1.08396294
1,975,4.622867076
1,976,4.034344679
1,977,1.399158249
1,978,2.043067088
1,979,3.236305435
1,980,2.08716953
1,981,1.929098049
1,982,3.049385006
1,983,2.368507787
1,984,3.261967241
1,985,1.490618484
1,986,1.216036997
1,987,1.185174569
1,988,2.233416687
1,989,1.889416921
1,990,1.399158249
1,991,1
1,992,2.878228618
1,993,3.268002552
1,994,4.448284491
1,995,7.002035657
1,996,4.463480774
1,997,4.324076894
1,998,1.185174569
1,999,1.052528078
1,1000,3.649347936
1,1001,1.838765087
1,1002,3.032003434
1,1003,4.024693304
1,1004,5.588766732
1,1005,4.835645504
1,1006,3.152709548
1,1007,1.929098049
1,1008,3.99385182
1,1009,3.053940991
1,1010,1
1,1011,5.073033264
1,1012,4.340976297
1,1013,4.508662586
1,1014,3.273379954
1,1015,2.106780068
1,1016,3.250682056
1,1017,2.784131435
1,1018,3.129653593
1,1019,0.9990604876
1,1020,0.9990604876
1,1021,3.245489114
1,1022,3.405454011
1,1023,2.378412916
1,1024,2.163111088
1,1025,2.368507787
1,1026,2.081078633
1,1027,1.490618484
1,1028,3.722881897
1,1029,3.377191239
1,1030,6.715492848
1,1031,4.806162384
1,1032,4.815608537
1,1033,3.42965353
1,1034,2.348285657
1,1035,2.462067861
1,1036,3.241945092
1,1037,1.052528078
1,1038,2.075345206
1,1039,1.052528078
1,1040,1.232263481
1,1041,2.641803265
1,1042,2.255080609
1,1043,2.428312021
1,1044,2.92531753
1,1045,1.232263481
1,1046,3.263125841
1,1047,1.232263481
1,1048,1.232263481
1,1049,1.232263481
1,1050,1.232263481
1,1051,1.232263481
1,1052,2.051374804
1,1053,2.641803265
1,1054,3.452042364
1,1055,2.043067088
1,1056,1
1,1057,2.087570967
1,1058,1.686527902
1,1059,3.583319289
1,1060,2.541739199
1,1061,1.216036997
1,1062,1
1,1063,1
1,1064,3.396539525
1,1065,0.9062809215
1,1066,1.713042506
1,1067,1.345690659
1,1068,3.432092472
1,1069,3.068995544
1,1070,3.922722395
1,1071,1.086773133
1,1072,2.063955936
1,1073,1.920851783
1,1074,2.993053986
1,1075,1.08396294
1,1076,1.08396294
1,1077,2.913541652
1,1078,3.268459576
1,1079,3.980179975
1,1080,1
1,1081,2.538929006
1,1082,3.366412267
1,1083,1.216036997
1,1084,1.086773133
1,1085,2.063955936
1,1086,1.920851783
1,1087,3.297946551
1,1088,1.08396294
1,1089,1.890724524
1,1090,3.361354551
1,1091,5.295832179
1,1092,2.505237787
1,1093,0.9062809215
1,1094,0.9062809215
1,1095,2.08716953
1,1096,3.18086234
1,1097,2.653729573
1,1098,1.490618484
1,1099,1.490618484
1,1100,1.490618484
1,1101,1.490618484
1,1102,3.520745675
1,1103,2.653729573
1,1104,2.408600271
1,1105,0.9990604876
1,1106,2.802319354
1,1107,2.179949096
1,1108,0.9990604876
1,1109,1.835949331
1,1110,1.216036997
1,1111,1
1,1112,2.538929006
1,1113,0.9990604876
1,1114,2.021877616
1,1115,2.195109028
1,1116,0.9990604876
1,1117,0.9990604876
1,1118,0.9990604876
1,1119,0.9990604876
1,1120,2.408600271
1,1121,0.9990604876
1,1122,0.9990604876
1,1123,2.802319354
1,1124,2.179949096
1,1125,0.9990604876
1,1126,3.029187678
1,1127,4.393692679
1,1128,3.228890697
1,1129,3.628048946
1,1130,5.167617748
1,1131,2.86741651
1,1132,2.27698805
1,1133,2.19604854
1,1134,2.883067259
1,1135,1.920851783
1,1136,2.348285657
1,1137,1.889416921
1,1138,1.544086075
1,1139,2.566903203
1,1140,1.399158249
1,1141,3.572650872
1,1142,1.185174569
1,1143,1
1,1144,2.538929006
1,1145,3.366412267
1,1146,2.526579267
1,1147,2.081078633
1,1148,2.513435612
1,1149,2.587140621
1,1150,2.557013363
1,1151,3.767385845
1,1152,3.604648811
1,1153,0.9990604876
1,1154,1.216036997
1,1155,2.594714352
1,1156,1.399158249
1,1157,2.043067088
1,1158,3.236305435
1,1159,3.966369955
1,1160,1.185174569
1,1161,1.232263481
1,1162,1
1,1163,1.743169765
1,1164,0.9062809215
1,1165,2.735859634
1,1166,1.984362423
1,1167,1.393902274
1,1168,2.541739199
1,1169,1.216036997
1,1170,1.185174569
1,1171,1
1,1172,1.743169765
1,1173,0.9062809215
1,1174,0.9062809215
1,1175,2.379148085
1,1176,2.783023422
1,1177,0.9990604876
1,1178,0.9990604876
1,1179,2.838544329
1,1180,1.889416921
1,1181,1.399158249
1,1182,1
1,1183,2.102329462
1,1184,0.9062809215
1,1185,0.9062809215
1,1186,0.9062809215
1,1187,0.9062809215
1,1188,0.9062809215
1,1189,1.713042506
1,1190,1.216036997
1,1191,1.185174569
1,1192,2.580046858
1,1193,1
1,1194,1.185174569
1,1195,1.399158249
1,1196,2.193238347
1,1197,0.9062809215
1,1198,1.713042506
1,1199,1.216036997
1,1200,2.378412916
1,1201,1.052528078
1,1202,1.052528078
1,1203,1.052528078
1,1204,1.052528078
1,1205,1.052528078
1,1206,1.052528078
1,1207,1.399158249
1,1208,1
1,1209,1
1,1210,0.9090911145
1,1211,0.9090911145
1,1212,0.9090911145
1,1213,0.9090911145
1,1214,0.9090911145
1,1215,1.886273918
1,1216,1.743169765
1,1217,0.9062809215
1,1218,0.9062809215
1,1219,0.9062809215
1,1220,0.9062809215
1,1221,0.9062809215
1,1222,2.508801747
1,1223,0.9990604876
1,1224,0.9990604876
1,1225,0.9990604876
1,1226,0.9990604876
1,1227,0.9990604876
1,1228,0.9990604876
1,1229,0.9990604876
1,1230,0.9990604876
1,1231,0.9990604876
1,1232,4.211859138
1,1233,2.179949096
1,1234,0.9990604876
1,1235,0.9990604876
1,1236,1.835949331
1,1237,1.216036997
1,1238,1.185174569
1,1239,1
1,1240,1.393902274
1,1241,1.393902274
1,1242,1.393902274
1,1243,1.393902274
1,1244,1.393902274
1,1245,1.393902274
1,1246,2.961545226
1,1247,2.62557678
1,1248,2.27698805
1,1249,1.185174569
1,1250,1
1,1251,0.9090911145
1,1252,0.9090911145
1,1253,0.9090911145
1,1254,0.9090911145
1,1255,2.102329462
1,1256,0.9062809215
1,1257,2.163111088
1,1258,0.9990604876
1,1259,0.9990604876
1,1260,0.9990604876
1,1261,0.9990604876
1,1262,0.9990604876
1,1263,0.9990604876
1,1264,3.143988245
1,1265,1.490618484
1,1266,1.490618484
1,1267,1.216036997
1,1268,1
1,1269,1.345690659
1,1270,1.216036997
1,1271,1.185174569
1,1272,1.399158249
1,1273,2.022817128
1,1274,2.087570967
1,1275,1.686527902
1,1276,1.686527902
1,1277,1.686527902
1,1278,1.686527902
1,1279,2.27698805
1,1280,1.890829902
1,1281,1.890829902
1,1282,1.890829902
1,1283,1.890829902
1,1284,1.185174569
1,1285,1
1,1286,1.345690659
1,1287,0.9990604876
1,1288,0.9990604876
1,1289,0.9990604876
1,1290,1.835949331
1,1291,2.409275344
1,1292,2.709835847
1,1293,2.180888608
1,1294,1
1,1295,1.185174569
1,1296,3.157363351
1,1297,1.544086075
1,1298,1.544086075
1,1299,1.544086075
1,1300,1.544086075
1,1301,1.544086075
1,1302,2.421975377
1,1303,2.19604854
1,1304,1.905884456
1,1305,1.086773133
1,1306,1.086773133
1,1307,1.086773133
1,1308,1.086773133
1,1309,2.28001148
1,1310,1.08396294
1,1311,1.903074263
1,1312,1.08396294
1,1313,1.903074263
1,1314,1.08396294
1,1315,1.08396294
1,1316,1.08396294
1,1317,1.08396294
1,1318,1.890724524
1,1319,1.086773133
1,1320,1
1,1321,1.185174569
1,1322,1
1,1323,1.345690659
1,1324,1.216036997
1,1325,1.185174569
1,1326,1.399158249
1,1327,1
1,1328,1.345690659
1,1329,1.216036997
1,1330,1.185174569
1,1331,3.949371586
1,1332,1.393902274
1,1333,1.393902274
1,1334,1.393902274
1,1335,1.984362423
1,1336,1.393902274
1,1337,1.393902274
1,1338,1.984362423
1,1339,1.393902274
1,1340,1.393902274
1,1341,1.393902274
1,1342,1.393902274
1,1343,1.393902274
1,1344,1.393902274
1,1345,1.984362423
1,1346,1.393902274
1,1347,1.393902274
1,1348,1.393902274
1,1349,1.393902274
1,1350,1.393902274
1,1351,1.393902274
1,1352,1.393902274
1,1353,1.393902274
1,1354,1.393902274
1,1355,1.984362423
1,1356,2.371085078
1,1357,1.393902274
1,1358,1.393902274
1,1359,1.393902274
1,1360,1.393902274
1,1361,1.393902274
1,1362,1.393902274
1,1363,1.393902274
1,1364,1.393902274
1,1365,1.984362423
1,1366,1.393902274
1,1367,1.393902274
1,1368,1.393902274
1,1369,1.393902274
1,1370,1.393902274
1,1371,3.197161141
1,1372,2.574790883
1,1373,1.393902274
1,1374,1.393902274
1,1375,1.393902274
1,1376,1.393902274
1,1377,1.216036997
1,1378,1
1,1379,1.185174569
1,1380,1
1,1381,1.216036997
1,1382,1
1,1383,1.216036997
1,1384,1.185174569
1,1385,1.399158249
1,1386,1
1,1387,1
1,1388,1.185174569
1,1389,1
1,1390,2.526579267
1,1391,1.216036997
1,1392,1.185174569
1,1393,1.399158249
1,1394,1
1,1395,1.345690659
1,1396,2.081078633
1,1397,1.490618484
1,1398,1.490618484
1,1399,1.490618484
1,1400,1.490618484
1,1401,1.490618484
1,1402,1.490618484
1,1403,2.238854125
1,1404,2.087570967
1,1405,1.686527902
1,1406,1.686527902
1,1407,1.686527902
1,1408,2.84963899
1,1409,1.686527902
1,1410,1.686527902
1,1411,2.27698805
1,1412,2.19604854
1,1413,0.9090911145
1,1414,0.9090911145
1,1415,0.9090911145
1,1416,0.9090911145
1,1417,0.9090911145
1,1418,0.9090911145
1,1419,0.9090911145
1,1420,0.9090911145
1,1421,0.9090911145
1,1422,0.9090911145
1,1423,0.9090911145
1,1424,0.9090911145
1,1425,0.9090911145
1,1426,0.9090911145
1,1427,0.9090911145
1,1428,0.9090911145
1,1429,0.9090911145
1,1430,0.9090911145
1,1431,0.9090911145
1,1432,0.9090911145
1,1433,0.9090911145
1,1434,0.9090911145
1,1435,0.9090911145
1,1436,0.9090911145
1,1437,0.9090911145
1,1438,2.712349981
1,1439,2.089979723
1,1440,0.9090911145
1,1441,0.9090911145
1,1442,0.9090911145
1,1443,0.9090911145
1,1444,0.9090911145
1,1445,0.9090911145
1,1446,0.9090911145
1,1447,0.9090911145
1,1448,0.9090911145
1,1449,0.9090911145
1,1450,0.9090911145
1,1451,0.9090911145
1,1452,0.9090911145
1,1453,0.9090911145
1,1454,0.9090911145
1,1455,2.089979723
1,1456,0.9090911145
1,1457,0.9090911145
1,1458,0.9090911145
1,1459,0.9090911145
1,1460,0.9090911145
1,1461,0.9090911145
1,1462,0.9090911145
1,1463,0.9090911145
1,1464,0.9090911145
1,1465,1.886273918
1,1466,1.743169765
1,1467,0.9062809215
1,1468,0.9062809215
1,1469,0.9062809215
1,1470,0.9062809215
1,1471,0.9062809215
1,1472,0.9062809215
1,1473,1.713042506
1,1474,1.345690659
1,1475,1.216036997
1,1476,1.185174569
1,1477,1.399158249
1,1478,1
1,1479,1.345690659
1,1480,1.216036997
1,1481,1
1,1482,1.743169765
1,1483,0.9062809215
1,1484,0.9062809215
1,1485,0.9062809215
1,1486,0.9062809215
1,1487,0.9062809215
1,1488,0.9062809215
1,1489,0.9062809215
1,1490,0.9062809215
1,1491,0.9062809215
1,1492,0.9062809215
1,1493,0.9062809215
1,1494,0.9062809215
1,1495,0.9062809215
1,1496,0.9062809215
1,1497,0.9062809215
1,1498,0.9062809215
1,1499,0.9062809215
1,1500,0.9062809215
1,1501,0.9062809215
1,1502,0.9062809215
1,1503,0.9062809215
1,1504,0.9062809215
1,1505,0.9062809215
1,1506,0.9062809215
1,1507,0.9062809215
1,1508,0.9062809215
1,1509,0.9062809215
1,1510,0.9062809215
1,1511,0.9062809215
1,1512,0.9062809215
1,1513,0.9062809215
1,1514,0.9062809215
1,1515,0.9062809215
1,1516,0.9062809215
1,1517,0.9062809215
1,1518,0.9062809215
1,1519,0.9062809215
1,1520,0.9062809215
1,1521,0.9062809215
1,1522,0.9062809215
1,1523,0.9062809215
1,1524,0.9062809215
1,1525,0.9062809215
1,1526,0.9062809215
1,1527,0.9062809215
1,1528,0.9062809215
1,1529,0.9062809215
1,1530,0.9062809215
1,1531,0.9062809215
1,1532,0.9062809215
1,1533,0.9062809215
1,1534,0.9062809215
1,1535,0.9062809215
1,1536,0.9062809215
1,1537,0.9062809215
1,1538,0.9062809215
1,1539,0.9062809215
1,1540,0.9062809215
1,1541,0.9062809215
1,1542,0.9062809215
1,1543,0.9062809215
1,1544,0.9062809215
1,1545,0.9062809215
1,1546,0.9062809215
1,1547,0.9062809215
1,1548,0.9062809215
1,1549,0.9062809215
1,1550,0.9062809215
1,1551,0.9062809215
1,1552,0.9062809215
1,1553,0.9062809215
1,1554,0.9062809215
1,1555,0.9062809215
1,1556,0.9062809215
1,1557,0.9062809215
1,1558,0.9062809215
1,1559,0.9062809215
1,1560,0.9062809215
1,1561,0.9062809215
1,1562,0.9062809215
1,1563,0.9062809215
1,1564,0.9062809215
1,1565,0.9062809215
1,1566,0.9062809215
1,1567,0.9062809215
1,1568,0.9062809215
1,1569,0.9062809215
1,1570,0.9062809215
1,1571,0.9062809215
1,1572,0.9062809215
1,1573,0.9062809215
1,1574,0.9062809215
1,1575,0.9062809215
1,1576,0.9062809215
1,1577,0.9062809215
1,1578,0.9062809215
1,1579,0.9062809215
1,1580,0.9062809215
1,1581,0.9062809215
1,1582,0.9062809215
1,1583,0.9062809215
1,1584,0.9062809215
1,1585,0.9062809215
1,1586,0.9062809215
1,1587,0.9062809215
1,1588,0.9062809215
1,1589,0.9062809215
1,1590,0.9062809215
1,1591,0.9062809215
1,1592,0.9062809215
1,1593,0.9062809215
1,1594,0.9062809215
1,1595,0.9062809215
1,1596,0.9062809215
1,1597,0.9062809215
1,1598,0.9062809215
1,1599,0.9062809215
1,1600,1.713042506
1,1601,1.345690659
1,1602,1.216036997
1,1603,1
1,1604,1.185174569
1,1605,1.399158249
1,1606,1
1,1607,1
1,1608,1
1,1609,1.185174569
1,1610,1
1,1611,1
1,1612,1
1,1613,1
1,1614,1
1,1615,1.185174569
1,1616,1.399158249
1,1617,1
1,1618,1.185174569
1,1619,1
1,1620,1
1,1621,1
1,1622,1
1,1623,1
1,1624,1
1,1625,1.185174569
1,1626,1
1,1627,1
1,1628,1.216036997
1,1629,1.185174569
1,1630,1.399158249
1,1631,1
1,1632,1.345690659
1,1633,1.216036997
1,1634,1
1,1635,1.185174569
1,1636,1
1,1637,1
1,1638,1.216036997
1,1639,1
1,1640,1.185174569
1,1641,1.399158249
1,1642,1
1,1643,1.216036997
1,1644,1.185174569
1,1645,1
1,1646,1.216036997
1,1647,1
1,1648,1
1,1649,1.185174569
1,1650,1
1,1651,1.185174569
1,1652,1
1,1653,1
1,1654,1
1,1655,1.345690659
1,1656,1.216036997
1,1657,1
1,1658,1
1,1659,1
1,1660,1
1,1661,1
1,1662,1
1,1663,1
1,1664,1
1,1665,1
1,1666,1.185174569
1,1667,1.399158249
1,1668,1
1,1669,1.185174569
1,1670,1
1,1671,1
1,1672,1.185174569
1,1673,1
1,1674,1.345690659
1,1675,1.216036997
1,1676,1
1,1677,1.345690659
1,1678,1.216036997
1,1679,1
1,1680,1
1,1681,1.216036997
1,1682,1.185174569
1,1683,1
1,1684,1.216036997
1,1685,1
1,1686,1
1,1687,1
1,1688,1
1,1689,1
1,1690,1
1,1691,1
1,1692,1
1,1693,1.216036997
1,1694,1.185174569
1,1695,1
1,1696,1.345690659
1,1697,1.216036997
1,1698,1.185174569
1,1699,1
1,1700,1
1,1701,1
1,1702,1.345690659
1,1703,1.216036997
1,1704,1
1,1705,1
1,1706,1.185174569
1,1707,1
1,1708,1
1,1709,1.185174569
1,1710,1
1,1711,1
1,1712,1
1,1713,1
1,1714,1
1,1715,1
1,1716,1.185174569
1,1717,1.399158249
1,1718,1
1,1719,1
1,1720,1
1,1721,1
1,1722,1
1,1723,1
1,1724,1
1,1725,1
1,1726,1.185174569
1,1727,1.399158249
1,1728,1
1,1729,1
1,1730,1.185174569
1,1731,1
1,1732,1.185174569
1,1733,1
1,1734,1
1,1735,1
1,1736,1
1,1737,1
1,1738,1
1,1739,1
1,1740,1
1,1741,1
1,1742,1
1,1743,1
1,1744,1
1,1745,1
1,1746,1.216036997
1,1747,1.185174569
1,1748,1
1,1749,1
1,1750,1.185174569
1,1751,1
1,1752,1.216036997
1,1753,1
1,1754,1
1,1755,1.185174569
1,1756,1
1,1757,1.345690659
1,1758,1.216036997
1,1759,1
1,1760,1
1,1761,1
1,1762,1.185174569
1,1763,1
1,1764,1
1,1765,1.185174569
1,1766,1
1,1767,1
1,1768,1.185174569
1,1769,1
1,1770,1.185174569
1,1771,1
1,1772,1
1,1773,1.185174569
1,1774,1
1,1775,1
1,1776,1.216036997
1,1777,1
1,1778,1
1,1779,1.345690659
1,1780,1.216036997
1,1781,1
1,1782,1.185174569
1,1783,1
1,1784,1.345690659
1,1785,1.216036997
1,1786,1.185174569
1,1787,1
1,1788,1
1,1789,1
1,1790,1.185174569
1,1791,1.399158249
1,1792,1
1,1793,1.216036997
1,1794,1
1,1795,1
1,1796,1
1,1797,1
1,1798,1
1,1799,1
1,1800,1
1,1801,1
1,1802,1
1,1803,1.185174569
1,1804,1
1,1805,1.216036997
1,1806,1
1,1807,1
1,1808,1
1,1809,1
1,1810,1.345690659
1,1811,1.216036997
1,1812,1
1,1813,1
1,1814,1
1,1815,1
1,1816,1
1,1817,1
1,1818,1
1,1819,1
1,1820,1.185174569
1,1821,1
1,1822,1.185174569
1,1823,1.399158249
1,1824,1
1,1825,1.216036997
1,1826,1.185174569
1,1827,1
1,1828,1.185174569
1,1829,1
1,1830,1.185174569
1,1831,1
1,1832,1
1,1833,1
1,1834,1
1,1835,1
1,1836,1.216036997
1,1837,1
1,1838,1
1,1839,1
1,1840,1
1,1841,1
1,1842,1
1,1843,1
1,1844,1
1,1845,1
1,1846,1
1,1847,1
1,1848,1
1,1849,1
1,1850,1
1,1851,1
1,1852,1
1,1853,1
1,1854,1
1,1855,1
1,1856,1
1,1857,1
1,1858,1
1,1859,1
1,1860,1
1,1861,1
1,1862,1
1,1863,1
1,1864,1
1,1865,1
1,1866,1
1,1867,1
1,1868,1
1,1869,1
1,1870,1
1,1871,1
1,1872,1
1,1873,1
1,1874,1
1,1875,1
1,1876,1
1,1877,1
1,1878,1
1,1879,1
1,1880,1
1,1881,1
1,1882,1
1,1883,1
1,1884,1.185174569
1,1885,1
1,1886,1.216036997
1,1887,1
1,1888,1.185174569
1,1889,1
1,1890,1
1,1891,1
1,1892,1
1,1893,1
1,1894,1
1,1895,1
1,1896,1.216036997
1,1897,1
1,1898,1
1,1899,1
1,1900,1.216036997
1,1901,1
1,1902,1
1,1903,1.345690659
1,1904,1.216036997
1,1905,1
1,1906,1
1,1907,1.185174569
1,1908,1
1,1909,1
1,1910,1.216036997
1,1911,1
1,1912,1
1,1913,1.185174569
1,1914,1
1,1915,1
1,1916,1
1,1917,1
1,1918,1
1,1919,1
1,1920,1
1,1921,1.216036997
1,1922,1
1,1923,1
1,1924,1
1,1925,1
1,1926,1.185174569
1,1927,1
1,1928,1
1,1929,1
1,1930,1
1,1931,1
1,1932,1
1,1933,1
1,1934,1
1,1935,1
1,1936,1
1,1937,1
1,1938,1.185174569
1,1939,1
1,1940,1.185174569
1,1941,1
1,1942,1
1,1943,1
1,1944,1
1,1945,1
1,1946,1
1,1947,1
1,1948,1
1,1949,1
1,1950,1
1,1951,1
1,1952,1
1,1953,1.216036997
1,1954,1
1,1955,1.185174569
1,1956,1
1,1957,1
1,1958,1
1,1959,1
1,1960,1
1,1961,1
1,1962,1
1,1963,1
1,1964,1
1,1965,1
1,1966,1
1,1967,1
1,1968,1
1,1969,1
1,1970,1
1,1971,1
1,1972,1
1,1973,1
1,1974,1
1,1975,1.216036997
1,1976,1
1,1977,1
1,1978,1
1,1979,1
1,1980,1
1,1981,1.216036997
1,1982,1
1,1983,1
1,1984,1
1,1985,1
1,1986,1
1,1987,1.216036997
1,1988,1
1,1989,1
1,1990,1
1,1991,1
1,1992,1
1,1993,1
1,1994,1
1,1995,1.185174569
1,1996,1
1,1997,1
1,1998,1
1,1999,1.185174569
1,2000,1
1,2001,1
1,2002,1
1,2003,1
1,2004,1
1,2005,1
1,2006,1
1,2007,1
1,2008,1
1,2009,1
1,2010,1
1,2011,1
1,2012,1
1,2013,1
1,2014,1
1,2015,1
1,2016,1
1,2017,1
1,2018,1
1,2019,1
1,2020,1
1,2021,1
1,2022,1
1,2023,1
1,2024,1
1,2025,1
1,2026,1
1,2027,1
1,2028,1
1,2029,1
1,2030,1.185174569
1,2031,1
1,2032,1
1,2033,1
1,2034,1
1,2035,1
1,2036,1
1,2037,1
1,2038,1
1,2039,1
1,2040,1
1,2041,1
1,2042,1
1,2043,1
1,2044,1
1,2045,1
1,2046,1
1,2047,1
1,2048,1
1,2049,1
1,2050,1
1,2051,1
1,2052,1
1,2053,1
1,2054,1
1,2055,1
1,2056,1.185174569
1,2057,1.399158249
1,2058,1
1,2059,1
1,2060,1
1,2061,1
1,2062,1
1,2063,1
1,2064,1
1,2065,1.185174569
1,2066,1
1,2067,1
1,2068,1
1,2069,1
1,2070,1
1,2071,1
1,2072,1
1,2073,1
1,2074,1
1,2075,1
1,2076,1.185174569
1,2077,1
1,2078,1
1,2079,1
1,2080,1
1,2081,1
1,2082,1
1,2083,1
1,2084,1
1,2085,1
1,2086,1
1,2087,1
1,2088,1
1,2089,1
1,2090,1
1,2091,1
1,2092,1
1,2093,1
1,2094,1
1,2095,1
1,2096,1
1,2097,1
1,2098,1
1,2099,1
1,2100,1
1,2101,1
1,2102,1
1,2103,1
1,2104,1
1,2105,1
1,2106,1
1,2107,1
1,2108,1
1,2109,1
1,2110,1
1,2111,1
1,2112,1
1,2113,1
1,2114,1
1,2115,1
1,2116,1
1,2117,1
1,2118,1
1,2119,1
1,2120,1
1,2121,1
1,2122,1
1,2123,1.185174569
1,2124,1
1,2125,1
1,2126,1
1,2127,1.216036997
1,2128,1
1,2129,1
1,2130,1
1,2131,1
1,2132,1
1,2133,1
1,2134,1
1,2135,1
1,2136,1
1,2137,1
1,2138,1
1,2139,1
1,2140,1
1,2141,1
1,2142,1
1,2143,1
1,2144,1
1,2145,1
1,2146,1
1,2147,1
1,2148,1
1,2149,1
1,2150,1
1,2151,1
1,2152,1
1,2153,1
1,2154,1
1,2155,1
1,2156,1
1,2157,1
1,2158,1
1,2159,1
1,2160,1
1,2161,1
1,2162,1
1,2163,1
1,2164,1
1,2165,1
1,2166,1
1,2167,1
1,2168,1
1,2169,1
1,2170,1.185174569
1,2171,1
1,2172,1
1,2173,1
1,2174,1
1,2175,1
1,2176,1
1,2177,1
1,2178,1
1,2179,1
1,2180,1
1,2181,1
1,2182,1
1,2183,1
1,2184,1
1,2185,1
1,2186,1
1,2187,1
1,2188,1
1,2189,1
1,2190,1
1,2191,1
1,2192,1
1,2193,1
1,2194,1
1,2195,1
1,2196,1
1,2197,1.216036997
1,2198,1
1,2199,1
1,2200,1
1,2201,1
1,2202,1
1,2203,1
1,2204,1
1,2205,1
1,2206,1
1,2207,1.185174569
1,2208,1
1,2209,1
1,2210,1
1,2211,1
1,2212,1.185174569
1,2213,1
1,2214,1
1,2215,1
1,2216,1
1,2217,1
1,2218,1
1,2219,1
1,2220,1
1,2221,1
1,2222,1
1,2223,1
1,2224,1
1,2225,1
1,2226,1
1,2227,1
1,2228,1
1,2229,1
1,2230,1
1,2231,1
1,2232,1
1,2233,1
1,2234,1
1,2235,1
1,2236,1
1,2237,1
1,2238,1
1,2239,1
1,2240,1
1,2241,1
1,2242,1
1,2243,1
1,2244,1
1,2245,1
1,2246,1
1,2247,1
1,2248,1
1,2249,1
1,2250,1
1,2251,1
1,2252,1
1,2253,1
1,2254,1
1,2255,1.216036997
1,2256,1
1,2257,1
1,2258,1
1,2259,1
1,2260,1
1,2261,1
1,2262,1
1,2263,1
1,2264,1
1,2265,1
1,2266,1
1,2267,1
1,2268,1
1,2269,1
1,2270,1
1,2271,1
1,2272,1
1,2273,1
1,2274,1
1,2275,1
1,2276,1
1,2277,1
1,2278,1
1,2279,1
1,2280,1
1,2281,1
1,2282,1
1,2283,1
1,2284,1
1,2285,1
1,2286,1
1,2287,1
1,2288,1
1,2289,1
1,2290,1
1,2291,1
1,2292,1
1,2293,1
1,2294,1
1,2295,1
1,2296,1
1,2297,1
1,2298,1
1,2299,1
1,2300,1
1,2301,1
1,2302,1
1,2303,1
1,2304,1
1,2305,1
1,2306,1
1,2307,1
1,2308,1
1,2309,1
1,2310,1
1,2311,1
1,2312,1
1,2313,1
1,2314,1
1,2315,1
1,2316,1
1,2317,1
1,2318,1
1,2319,1
1,2320,1
1,2321,1
1,2322,1
1,2323,1
1,2324,1
1,2325,1
1,2326,1
1,2327,1
1,2328,1
1,2329,1
1,2330,1
1,2331,1
1,2332,1
1,2333,1
1,2334,1
1,2335,1
1,2336,1
1,2337,1
1,2338,1
1,2339,1
1,2340,1
1,2341,1
1,2342,1
1,2343,1
1,2344,1
1,2345,1
1,2346,1
1,2347,1
1,2348,1
1,2349,1
1,2350,1
1,2351,1
1,2352,1
1,2353,1
1,2354,1
1,2355,1
1,2356,1
1,2357,1
1,2358,1
1,2359,1
1,2360,1
1,2361,1
1,2362,1
1,2363,1
1,2364,1
1,2365,1
1,2366,1
1,2367,1
1,2368,1
1,2369,1
1,2370,1
1,2371,1
1,2372,1
1,2373,1
1,2374,1
1,2375,1
1,2376,1
1,2377,1
1,2378,1
1,2379,1
1,2380,1
1,2381,1
1,2382,1
1,2383,1
1,2384,1
1,2385,1
1,2386,1
1,2387,1
1,2388,1
1,2389,1
1,2390,1
1,2391,1
1,2392,1
1,2393,1
1,2394,1
1,2395,1
1,2396,1
1,2397,1
1,2398,1
1,2399,1
1,2400,1
1,2401,1
1,2402,1
1,2403,1
1,2404,1
1,2405,1
1,2406,1
1,2407,1
1,2408,1
1,2409,1
1,2410,1
1,2411,1
1,2412,1
1,2413,1
1,2414,1
1,2415,1
1,2416,1
1,2417,1
1,2418,1
1,2419,1
1,2420,1
1,2421,1
1,2422,1
1,2423,1
1,2424,1
1,2425,1
1,2426,1
1,2427,1
1,2428,1
1,2429,1
1,2430,1
1,2431,1
1,2432,1
1,2433,1
1,2434,1
1,2435,1
1,2436,1
1,2437,1
1,2438,1
1,2439,1
1,2440,1
1,2441,1
1,2442,1
1,2443,1
1,2444,1
1,2445,1
1,2446,1
1,2447,1
1,2448,1
1,2449,1
1,2450,1
1,2451,1
1,2452,1
1,2453,1
1,2454,1
1,2455,1
1,2456,1
1,2457,1
1,2458,1
1,2459,1
1,2460,1
1,2461,1
1,2462,1
1,2463,1
1,2464,1
1,2465,1
1,2466,1
1,2467,1
1,2468,1
1,2469,1
1,2470,1
1,2471,1
1,2472,1
1,2473,1
1,2474,1
1,2475,1
1,2476,1
1,2477,1
1,2478,1
1,2479,1
1,2480,1
1,2481,1
1,2482,1
1,2483,1
1,2484,1
1,2485,1
1,2486,1
1,2487,1
1,2488,1
1,2489,1
1,2490,1
1,2491,1
1,2492,1
1,2493,1
1,2494,1
1,2495,1
1,2496,1
1,2497,1
1,2498,1
1,2499,1
1,2500,1
1,2501,1
1,2502,1
1,2503,1
1,2504,1
1,2505,1
1,2506,1
1,2507,1
1,2508,1
1,2509,1
1,2510,1
1,2511,1
1,2512,1
1,2513,1
1,2514,1
1,2515,1
1,2516,1
1,2517,1
1,2518,1
1,2519,1
1,2520,1
1,2521,1
1,2522,1
1,2523,1
1,2524,1
1,2525,1
1,2526,1
1,2527,1
1,2528,1
1,2529,1
1,2530,1
1,2531,1
1,2532,1
1,2533,1
1,2534,1
1,2535,1
1,2536,1
1,2537,1
1,2538,1
1,2539,1
1,2540,1
1,2541,1
1,2542,1
1,2543,1
1,2544,1
1,2545,1
1,2546,1
1,2547,1
1,2548,1
1,2549,1
1,2550,1
1,2551,1
1,2552,1
1,2553,1
1,2554,1
1,2555,1
1,2556,1
1,2557,1
1,2558,1
1,2559,1
1,2560,1
1,2561,1
1,2562,1
1,2563,1
1,2564,1
1,2565,1
1,2566,1
1,2567,1
1,2568,1
1,2569,1
1,2570,1
1,2571,1
1,2572,1
1,2573,1
1,2574,1
1,2575,1
1,2576,1
1,2577,1
1,2578,1
1,2579,1
1,2580,1
1,2581,1
1,2582,1
1,2583,1
1,2584,1
1,2585,1
1,2586,1
1,2587,1
1,2588,1
1,2589,1
1,2590,1
1,2591,1
1,2592,1
1,2593,1
1,2594,1
1,2595,1
1,2596,1
1,2597,1
1,2598,1
1,2599,1
1,2600,1
1,2601,1
1,2602,1
1,2603,1
1,2604,1
1,2605,1
1,2606,1
1,2607,1
1,2608,1
1,2609,1
1,2610,1
1,2611,1
1,2612,1
1,2613,1
1,2614,1
1,2615,1
1,2616,1
1,2617,1
1,2618,1
1,2619,1
1,2620,1
1,2621,1
1,2622,1
1,2623,1
1,2624,1
1,2625,1
1,2626,1
1,2627,1
1,2628,1
1,2629,1
1,2630,1
1,2631,1
1,2632,1
1,2633,1
1,2634,1
1,2635,1
1,2636,1
1,2637,1
1,2638,1
1,2639,1
1,2640,1
1,2641,1
1,2642,1
1,2643,1
1,2644,1
1,2645,1
1,2646,1
1,2647,1
1,2648,1
1,2649,1
1,2650,1
1,2651,1
1,2652,1
1,2653,1
1,2654,1
1,2655,1
1,2656,1
1,2657,1
1,2658,1
1,2659,1
1,2660,1
1,2661,1
1,2662,1
1,2663,1
1,2664,1
1,2665,1
1,2666,1
1,2667,1
1,2668,1
1,2669,1
1,2670,1
1,2671,1
1,2672,1
1,2673,1
1,2674,1
1,2675,1
1,2676,1
1,2677,1
1,2678,1
1,2679,1
1,2680,1
1,2681,1
1,2682,1
1,2683,1
1,2684,1
1,2685,1
1,2686,1
1,2687,1
1,2688,1
1,2689,1
1,2690,1
1,2691,1
1,2692,1
1,2693,1
1,2694,1
1,2695,1
1,2696,1
1,2697,1
1,2698,1
1,2699,1
1,2700,1
1,2701,1
1,2702,1
1,2703,1
1,2704,1
1,2705,1
1,2706,1
1,2707,1
1,2708,1
1,2709,1
1,2710,1
1,2711,1
1,2712,1
1,2713,1
1,2714,1
1,2715,1
1,2716,1
1,2717,1
1,2718,1
1,2719,1
1,2720,1
1,2721,1
1,2722,1
1,2723,1
1,2724,1
1,2725,1
1,2726,1
1,2727,1
1,2728,1
1,2729,1
1,2730,1
1,2731,1
1,2732,1
1,2733,1
1,2734,1
1,2735,1
1,2736,1
1,2737,1
1,2738,1
1,2739,1
1,2740,1
1,2741,1
1,2742,1
1,2743,1
1,2744,1
1,2745,1
1,2746,1
1,2747,1
1,2748,1
1,2749,1
1,2750,1
1,2751,1
1,2752,1
1,2753,1
1,2754,1
1,2755,1
1,2756,1
1,2757,1
1,2758,1
1,2759,1
1,2760,1
1,2761,1
1,2762,1
1,2763,1
1,2764,1
1,2765,1
1,2766,1
1,2767,1
1,2768,1
1,2769,1
1,2770,1
1,2771,1
1,2772,1
1,2773,1
1,2774,1
1,2775,1
1,2776,1
1,2777,1
1,2778,1
1,2779,1
1,2780,1
1,2781,1
1,2782,1
1,2783,1
1,2784,1
1,2785,1
1,2786,1
1,2787,1
1,2788,1
1,2789,1
1,2790,1
1,2791,1
1,2792,1
1,2793,1
1,2794,1
1,2795,1
1,2796,1
1,2797,1
1,2798,1
1,2799,1
1,2800,1
1,2801,1
1,2802,1
1,2803,1
1,2804,1
1,2805,1
1,2806,1
1,2807,1
1,2808,1
1,2809,1
1,2810,1
1,2811,1
1,2812,1
1,2813,1
1,2814,1
1,2815,1
1,2816,1
1,2817,1
1,2818,1
1,2819,1
1,2820,1
1,2821,1
1,2822,1
1,2823,1
1,2824,1
1,2825,1
1,2826,1
1,2827,1
1,2828,1
1,2829,1
1,2830,1
1,2831,1
1,2832,1
1,2833,1
1,2834,1
1,2835,1
1,2836,1
1,2837,1
1,2838,1
1,2839,1
1,2840,1
1,2841,1
1,2842,1
1,2843,1
1,2844,1
1,2845,1
1,2846,1
1,2847,1
1,2848,1
1,2849,1
1,2850,1
1,2851,1
1,2852,1
1,2853,1
1,2854,1
1,2855,1
1,2856,1
1,2857,1
1,2858,1
1,2859,1
1,2860,1
1,2861,1
1,2862,1
1,2863,1
1,2864,1
1,2865,1
1,2866,1
1,2867,1
1,2868,1
1,2869,1
1,2870,1
1,2871,1
1,2872,1
1,2873,1
1,2874,1
1,2875,1
1,2876,1
1,2877,1
1,2878,1
1,2879,1
1,2880,1
1,2881,1
1,2882,1
1,2883,1
1,2884,1
1,2885,1
1,2886,1
1,2887,1
1,2888,1
1,2889,1
1,2890,1
1,2891,1
1,2892,1
1,2893,1
1,2894,1
1,2895,1
1,2896,1
1,2897,1
1,2898,1
1,2899,1
1,2900,1
1,2901,1
1,2902,1
1,2903,1
1,2904,1
1,2905,1
1,2906,1
1,2907,1
1,2908,1
1,2909,1
1,2910,1
1,2911,1
1,2912,1
1,2913,1
1,2914,1
1,2915,1
1,2916,1
1,2917,1
1,2918,1
1,2919,1
1,2920,1
1,2921,1
1,2922,1
1,2923,1
1,2924,1
1,2925,1
1,2926,1
1,2927,1
1,2928,1
1,2929,1
1,2930,1
1,2931,1
1,2932,1
1,2933,1
1,2934,1
1,2935,1
1,2936,1
1,2937,1
1,2938,1
1,2939,1
1,2940,1
1,2941,1
1,2942,1
1,2943,1
1,2944,1
1,2945,1
1,2946,1
1,2947,1
1,2948,1
1,2949,1
1,2950,1
1,2951,1
1,2952,1
1,2953,1
1,2954,1
1,2955,1
1,2956,1
1,2957,1
1,2958,1
1,2959,1
1,2960,1
1,2961,1
1,2962,1
1,2963,1
1,2964,1
1,2965,1
1,2966,1
1,2967,1
1,2968,1
1,2969,1
1,2970,1
1,2971,1
1,2972,1
1,2973,1
1,2974,1
1,2975,1
1,2976,1
1,2977,1
1,2978,1
1,2979,1
1,2980,1
1,2981,1
1,2982,1
1,2983,1
1,2984,1
1,2985,1
1,2986,1
1,2987,1
1,2988,1
1,2989,1
1,2990,1
1,2991,1
1,2992,1
1,2993,1
1,2994,1
1,2995,1
1,2996,1
1,2997,1
1,2998,1
1,2999,1
1,3000,1
1,3001,1
1,3002,1
1,3003,1
1,3004,1
1,3005,1
1,3006,1
1,3007,1
1,3008,1
1,3009,1
1,3010,1
1,3011,1
1,3012,1
1,3013,1
1,3014,1
1,3015,1
1,3016,1
1,3017,1
1,3018,1
1,3019,1
1,3020,1
1,3021,1
1,3022,1
1,3023,1
1,3024,1
1,3025,1
1,3026,1
1,3027,1
1,3028,1
1,3029,1
1,3030,1
1,3031,1
1,3032,1
1,3033,1
1,3034,1
1,3035,1
1,3036,1
1,3037,1
1,3038,1
1,3039,1
1,3040,1
1,3041,1
1,3042,1
1,3043,1
1,3044,1
1,3045,1
1,3046,1
1,3047,1
1,3048,1
1,3049,1
1,3050,1
1,3051,1
1,3052,1
1,3053,1
1,3054,1
1,3055,1
1,3056,1
1,3057,1
1,3058,1
1,3059,1
1,3060,1
1,3061,1
1,3062,1
1,3063,1
1,3064,1
1,3065,1
1,3066,1
1,3067,1
1,3068,1
1,3069,1
1,3070,1
1,3071,1
1,3072,1
1,3073,1
1,3074,1
1,3075,1
1,3076,1
1,3077,1
1,3078,1
1,3079,1
1,3080,1
1,3081,1
1,3082,1
1,3083,1
1,3084,1
1,3085,1
1,3086,1
1,3087,1
1,3088,1
1,3089,1
1,3090,1
1,3091,1
1,3092,1
1,3093,1
1,3094,1
1,3095,1
1,3096,1
1,3097,1
1,3098,1
1,3099,1
1,3100,1
1,3101,1
1,3102,1
1,3103,1
1,3104,1
1,3105,1
1,3106,1
1,3107,1
1,3108,1
1,3109,1
1,3110,1
1,3111,1
1,3112,1
1,3113,1
1,3114,1
1,3115,1
1,3116,1
1,3117,1
1,3118,1
1,3119,1
1,3120,1
1,3121,1
1,3122,1
1,3123,1
1,3124,1
1,3125,1
1,3126,1
1,3127,1
1,3128,1
1,3129,1
1,3130,1
1,3131,1
1,3132,1
1,3133,1
1,3134,1
1,3135,1
1,3136,1
1,3137,1
1,3138,1
1,3139,1
1,3140,1
1,3141,1
1,3142,1
1,3143,1
1,3144,1
1,3145,1
1,3146,1
1,3147,1
1,3148,1
1,3149,1
1,3150,1
1,3151,1
1,3152,1
1,3153,1
1,3154,1
1,3155,1
1,3156,1
1,3157,1
1,3158,1
1,3159,1
1,3160,1
1,3161,1
1,3162,1
1,3163,1
1,3164,1
1,3165,1
1,3166,1
1,3167,1
1,3168,1
1,3169,1
1,3170,1
1,3171,1
1,3172,1
1,3173,1
1,3174,1
1,3175,1
1,3176,1
1,3177,1
1,3178,1
1,3179,1
1,3180,1
1,3181,1
1,3182,1
1,3183,1
1,3184,1
1,3185,1
1,3186,1
1,3187,1
1,3188,1
1,3189,1
1,3190,1
1,3191,1
1,3192,1
1,3193,1
1,3194,1
1,3195,1
1,3196,1
1,3197,1
1,3198,1
1,3199,1
1,3200,1
1,3201,1
1,3202,1
1,3203,1
1,3204,1
1,3205,1
1,3206,1
1,3207,1
1,3208,1
1,3209,1
1,3210,1
1,3211,1
1,3212,1
1,3213,1
1,3214,1
1,3215,1
1,3216,1
1,3217,1
1,3218,1
1,3219,1
1,3220,1
1,3221,1
1,3222,1
1,3223,1
1,3224,1
1,3225,1
1,3226,1
1,3227,1
1,3228,1
1,3229,1
1,3230,1
1,3231,1
1,3232,1
1,3233,1
1,3234,1
1,3235,1
1,3236,1
1,3237,1
1,3238,1
1,3239,1
1,3240,1
1,3241,1
1,3242,1
1,3243,1
1,3244,1
1,3245,1
1,3246,1
1,3247,1
1,3248,1
1,3249,1
1,3250,1
1,3251,1
1,3252,1
1,3253,1
1,3254,1
1,3255,1
1,3256,1
1,3257,1
1,3258,1
1,3259,1
1,3260,1
1,3261,1
1,3262,1
1,3263,1
1,3264,1
1,3265,1
1,3266,1
1,3267,1
1,3268,1
1,3269,1
1,3270,1
1,3271,1
1,3272,1
1,3273,1
1,3274,1
1,3275,1
1,3276,1
1,3277,1
1,3278,1
1,3279,1
1,3280,1
1,3281,1
1,3282,1
1,3283,1
1,3284,1
1,3285,1
1,3286,1
1,3287,1
1,3288,1
1,3289,1
1,3290,1
1,3291,1
1,3292,1
1,3293,1
1,3294,1
1,3295,1
1,3296,1
1,3297,1
1,3298,1
1,3299,1
1,3300,1
1,3301,1
1,3302,1
1,3303,1
1,3304,1
1,3305,1
1,3306,1
1,3307,1
1,3308,1
1,3309,1
1,3310,1
1,3311,1
1,3312,1
1,3313,1
1,3314,1
1,3315,1
1,3316,1
1,3317,1
1,3318,1
1,3319,1
1,3320,1
1,3321,1
1,3322,1
1,3323,1
1,3324,1
1,3325,1
1,3326,1
1,3327,1
1,3328,1
1,3329,1
1,3330,1
1,3331,1
1,3332,1
1,3333,1
1,3334,1
1,3335,1
1,3336,1
1,3337,1
1,3338,1
1,3339,1
1,3340,1
1,3341,1
1,3342,1
1,3343,1
1,3344,1
1,3345,1
1,3346,1
1,3347,1
1,3348,1
1,3349,1
1,3350,1
1,3351,1
1,3352,1
1,3353,1
1,3354,1
1,3355,1
1,3356,1
1,3357,1
1,3358,1
1,3359,1
1,3360,1
1,3361,1
1,3362,1
1,3363,1
1,3364,1
1,3365,1
1,3366,1
1,3367,1
1,3368,1
1,3369,1
1,3370,1
1,3371,1
1,3372,1
1,3373,1
1,3374,1
1,3375,1
1,3376,1
1,3377,1
1,3378,1
1,3379,1
1,3380,1
1,3381,1
1,3382,1
1,3383,1
1,3384,1
1,3385,1
1,3386,1
1,3387,1
1,3388,1
1,3389,1
1,3390,1
1,3391,1
1,3392,1
1,3393,1
1,3394,1
1,3395,1
1,3396,1
1,3397,1
1,3398,1
1,3399,1
1,3400,1
1,3401,1
1,3402,1
1,3403,1
1,3404,1
1,3405,1
1,3406,1
1,3407,1
1,3408,1
1,3409,1
1,3410,1
1,3411,1
1,3412,1
1,3413,1
1,3414,1
1,3415,1
1,3416,1
1,3417,1
1,3418,1
1,3419,1
1,3420,1
1,3421,1
1,3422,1
1,3423,1
1,3424,1
1,3425,1
1,3426,1
1,3427,1
1,3428,1
1,3429,1
1,3430,1
1,3431,1
1,3432,1
1,3433,1
1,3434,1
1,3435,1
1,3436,1
1,3437,1
1,3438,1
1,3439,1
1,3440,1
1,3441,1
1,3442,1
1,3443,1
1,3444,1
1,3445,1
1,3446,1
1,3447,1
1,3448,1
1,3449,1
1,3450,1
1,3451,1
1,3452,1
1,3453,1
1,3454,1
1,3455,1
1,3456,1
1,3457,1
1,3458,1
1,3459,1
1,3460,1
1,3461,1
1,3462,1
1,3463,1
1,3464,1
1,3465,1
1,3466,1
1,3467,1
1,3468,1
1,3469,1
1,3470,1
1,3471,1
1,3472,1
1,3473,1
1,3474,1
1,3475,1
1,3476,1
1,3477,1
1,3478,1
1,3479,1
1,3480,1
1,3481,1
1,3482,1
1,3483,1
1,3484,1
1,3485,1
1,3486,1
1,3487,1
1,3488,1
1,3489,1
1,3490,1
1,3491,1
1,3492,1
1,3493,1
1,3494,1
1,3495,1
1,3496,1
1,3497,1
1,3498,1
1,3499,1
1,3500,1
1,3501,1
1,3502,1
1,3503,1
1,3504,1
1,3505,1
1,3506,1
1,3507,1
1,3508,1
1,3509,1
1,3510,1
1,3511,1
1,3512,1
1,3513,1
1,3514,1
1,3515,1
1,3516,1
1,3517,1
1,3518,1
1,3519,1
1,3520,1
1,3521,1
1,3522,1
1,3523,1
1,3524,1
1,3525,1
1,3526,1
1,3527,1
1,3528,1
1,3529,1
1,3530,1
1,3531,1
1,3532,1
1,3533,1
1,3534,1
1,3535,1
1,3536,1
1,3537,1
1,3538,1
1,3539,1
1,3540,1
1,3541,1
1,3542,1
1,3543,1
1,3544,1
1,3545,1
1,3546,1
1,3547,1
1,3548,1
1,3549,1
1,3550,1
1,3551,1
1,3552,1
1,3553,1
1,3554,1
1,3555,1
1,3556,1
1,3557,1
1,3558,1
1,3559,1
1,3560,1
1,3561,1
1,3562,1
1,3563,1
1,3564,1
1,3565,1
1,3566,1
1,3567,1
1,3568,1
1,3569,1
1,3570,1
1,3571,1
1,3572,1
1,3573,1
1,3574,1
1,3575,1
1,3576,1
1,3577,1
1,3578,1
1,3579,1
1,3580,1
1,3581,1
1,3582,1
1,3583,1
1,3584,1
1,3585,1
1,3586,1
1,3587,1
1,3588,1
1,3589,1
1,3590,1
1,3591,1
1,3592,1
1,3593,1
1,3594,1
1,3595,1
1,3596,1
1,3597,1
1,3598,1
1,3599,1
1,3600,1
1,3601,1
1,3602,1
1,3603,1
1,3604,1
1,3605,1
1,3606,1
1,3607,1
1,3608,1
1,3609,1
1,3610,1
1,3611,1
1,3612,1
1,3613,1
1,3614,1
1,3615,1
1,3616,1
1,3617,1
1,3618,1
1,3619,1
1,3620,1
1,3621,1
1,3622,1
1,3623,1
1,3624,1
1,3625,1
1,3626,1
1,3627,1
1,3628,1
1,3629,1
1,3630,1
1,3631,1
1,3632,1
1,3633,1
1,3634,1
1,3635,1
1,3636,1
1,3637,1
1,3638,1
1,3639,1
1,3640,1
1,3641,1
1,3642,1
1,3643,1
1,3644,1
1,3645,1
1,3646,1
1,3647,1
1,3648,1
1,3649,1
1,3650,1
1,3651,1
1,3652,1
1,3653,1
1,3654,1
1,3655,1
1,3656,1
1,3657,1
1,3658,1
1,3659,1
1,3660,1
1,3661,1
1,3662,1
1,3663,1
1,3664,1
1,3665,1
1,3666,1
1,3667,1
1,3668,1
1,3669,1
1,3670,1
1,3671,1
1,3672,1
1,3673,1
1,3674,1
1,3675,1
1,3676,1
1,3677,1
1,3678,1
1,3679,1
1,3680,1
1,3681,1
1,3682,1
1,3683,1
1,3684,1
1,3685,1
1,3686,1
1,3687,1
1,3688,1
1,3689,1
1,3690,1
1,3691,1
1,3692,1
1,3693,1
1,3694,1
1,3695,1
1,3696,1
1,3697,1
1,3698,1
1,3699,1
1,3700,1
1,3701,1
1,3702,1
1,3703,1
1,3704,1
1,3705,1
1,3706,1
1,3707,1
1,3708,1
1,3709,1
1,3710,1
1,3711,1
1,3712,1
1,3713,1
1,3714,1
1,3715,1
1,3716,1
1,3717,1
1,3718,1
1,3719,1
1,3720,1
1,3721,1
1,3722,1
1,3723,1
1,3724,1
1,3725,1
1,3726,1
1,3727,1
1,3728,1
1,3729,1
1,3730,1
1,3731,1
1,3732,1
1,3733,1
1,3734,1
1,3735,1
1,3736,1
1,3737,1
1,3738,1
1,3739,1
1,3740,1
1,3741,1
1,3742,1
1,3743,1
1,3744,1
1,3745,1
1,3746,1
1,3747,1
1,3748,1
1,3749,1
1,3750,1
1,3751,1
1,3752,1
1,3753,1
1,3754,1
1,3755,1
1,3756,1
1,3757,1
1,3758,1
1,3759,1
1,3760,1
1,3761,1
1,3762,1
1,3763,1
1,3764,1
1,3765,1
1,3766,1
1,3767,1
1,3768,1
1,3769,1
1,3770,1
1,3771,1
1,3772,1
1,3773,1
1,3774,1
1,3775,1
1,3776,1
1,3777,1
1,3778,1
1,3779,1
1,3780,1
1,3781,1
1,3782,1
1,3783,1
1,3784,1
1,3785,1
1,3786,1
1,3787,1
1,3788,1
1,3789,1
1,3790,1
1,3791,1
1,3792,1
1,3793,1
1,3794,1
1,3795,1
1,3796,1
1,3797,1
1,3798,1
1,3799,1
1,3800,1
1,3801,1
1,3802,1
1,3803,1
1,3804,1
1,3805,1
1,3806,1
1,3807,1
1,3808,1
1,3809,1
1,3810,1
1,3811,1
1,3812,1
1,3813,1
1,3814,1
1,3815,1
1,3816,1
1,3817,1
1,3818,1
1,3819,1
1,3820,1
1,3821,1
1,3822,1
1,3823,1
1,3824,1
1,3825,1
1,3826,1
1,3827,1
1,3828,1
1,3829,1
1,3830,1
1,3831,1
1,3832,1
1,3833,1
1,3834,1
1,3835,1
1,3836,1
1,3837,1
1,3838,1
1,3839,1
1,3840,1
1,3841,1
1,3842,1
1,3843,1
1,3844,1
1,3845,1
1,3846,1
1,3847,1
1,3848,1
1,3849,1
1,3850,1
1,3851,1
1,3852,1
1,3853,1
1,3854,1
1,3855,1
1,3856,1
1,3857,1
1,3858,1
1,3859,1
1,3860,1
1,3861,1
1,3862,1
1,3863,1
1,3864,1
1,3865,1
1,3866,1
1,3867,1
1,3868,1
1,3869,1
1,3870,1
1,3871,1
1,3872,1
1,3873,1
1,3874,1
1,3875,1
1,3876,1
1,3877,1
1,3878,1
1,3879,1
1,3880,1
1,3881,1
1,3882,1
1,3883,1
1,3884,1
1,3885,1
1,3886,1
1,3887,1
1,3888,1
1,3889,1
1,3890,1
1,3891,1
1,3892,1
1,3893,1
1,3894,1
1,3895,1
1,3896,1
1,3897,1
1,3898,1
1,3899,1
1,3900,1
1,3901,1
1,3902,1
1,3903,1
1,3904,1
1,3905,1
1,3906,1
1,3907,1
1,3908,1
1,3909,1
1,3910,1
1,3911,1
1,3912,1
1,3913,1
1,3914,1
1,3915,1
1,3916,1
1,3917,1
1,3918,1
1,3919,1
1,3920,1
1,3921,1
1,3922,1
1,3923,1
1,3924,1
1,3925,1
1,3926,1
1,3927,1
1,3928,1
1,3929,1
1,3930,1
1,3931,1
1,3932,1
1,3933,1
1,3934,1
1,3935,1
1,3936,1
1,3937,1
1,3938,1
1,3939,1
1,3940,1
1,3941,1
1,3942,1
1,3943,1
1,3944,1
1,3945,1
1,3946,1
1,3947,1
1,3948,1
1,3949,1
1,3950,1
1,3951,1
1,3952,1
1,3953,1
1,3954,1
1,3955,1
1,3956,1
1,3957,1
1,3958,1
1,3959,1
1,3960,1
1,3961,1
1,3962,1
1,3963,1
1,3964,1
1,3965,1
1,3966,1
1,3967,1
1,3968,1
1,3969,1
1,3970,1
1,3971,1
1,3972,1
1,3973,1
1,3974,1
1,3975,1
1,3976,1
1,3977,1
1,3978,1
1,3979,1
1,3980,1
1,3981,1
1,3982,1
1,3983,1
1,3984,1
1,3985,1
1,3986,1
1,3987,1
1,3988,1
1,3989,1
1,3990,1
1,3991,1
1,3992,1
1,3993,1
1,3994,1
1,3995,1
1,3996,1
1,3997,1
1,3998,1
1,3999,1
1,4000,1
1,4001,1
1,4002,1
1,4003,1
1,4004,1
1,4005,1
1,4006,1
1,4007,1
1,4008,1
1,4009,1
1,4010,1
1,4011,1
1,4012,1
1,4013,1
1,4014,1
1,4015,1
1,4016,1
1,4017,1
1,4018,1
1,4019,1
1,4020,1
1,4021,1
1,4022,1
1,4023,1
1,4024,1
1,4025,1
1,4026,1
1,4027,1
1,4028,1
1,4029,1
1,4030,1
1,4031,1
1,4032,1
1,4033,1
1,4034,1
1,4035,1
1,4036,1
1,4037,1
1,4038,1
1,4039,1
1,4040,1
1,4041,1
1,4042,1
1,4043,1
1,4044,1
1,4045,1
1,4046,1
1,4047,1
1,4048,1
1,4049,1
1,4050,1
1,4051,1
1,4052,1
1,4053,1
1,4054,1
1,4055,1
1,4056,1
1,4057,1
1,4058,1
1,4059,1
1,4060,1
1,4061,1
1,4062,1
1,4063,1
1,4064,1
1,4065,1
1,4066,1
1,4067,1
1,4068,1
1,4069,1
1,4070,1
1,4071,1
1,4072,1
1,4073,1
1,4074,1
1,4075,1
1,4076,1
1,4077,1
1,4078,1
1,4079,1
1,4080,1
1,4081,1
1,4082,1
1,4083,1
1,4084,1
1,4085,1
1,4086,1
1,4087,1
1,4088,1
1,4089,1
1,4090,1
1,4091,1
1,4092,1
1,4093,1
1,4094,1
1,4095,1
1,4096,1
1,4097,1
1,4098,1
1,4099,1
1,4100,1
1,4101,1
1,4102,1
1,4103,1
1,4104,1
1,4105,1
1,4106,1
1,4107,1
1,4108,1
1,4109,1
1,4110,1
1,4111,1
1,4112,1
1,4113,1
1,4114,1
1,4115,1
1,4116,1
1,4117,1
1,4118,1
1,4119,1
1,4120,1
1,4121,1
1,4122,1
1,4123,1
1,4124,1
1,4125,1
1,4126,1
1,4127,1
1,4128,1
1,4129,1
1,4130,1
1,4131,1
1,4132,1
1,4133,1
1,4134,1
1,4135,1
1,4136,1
1,4137,1
1,4138,1
1,4139,1
1,4140,1
1,4141,1
1,4142,1
1,4143,1
1,4144,1
1,4145,1
1,4146,1
1,4147,1
1,4148,1
1,4149,1
1,4150,1
1,4151,1
1,4152,1
1,4153,1
1,4154,1
1,4155,1
1,4156,1
1,4157,1
1,4158,1
1,4159,1
1,4160,1
1,4161,1
1,4162,1
1,4163,1
1,4164,1
1,4165,1
1,4166,1
1,4167,1
1,4168,1
1,4169,1
1,4170,1
1,4171,1
1,4172,1
1,4173,1
1,4174,1
1,4175,1
1,4176,1
1,4177,1
1,4178,1
1,4179,1
1,4180,1
1,4181,1
1,4182,1
1,4183,1
1,4184,1
1,4185,1
1,4186,1
1,4187,1
1,4188,1
1,4189,1
1,4190,1
1,4191,1
1,4192,1
1,4193,1
1,4194,1
1,4195,1
1,4196,1
1,4197,1
1,4198,1
1,4199,1
2,0,15.52646747
2,1,4.906545224
2,2,18.48651297
2,3,6.862533645
2,4,11.47394281
2,5,17.69198894
2,6,6.156429445
2,7,25.83637426
2,8,8.320376552
2,9,17.22737505
2,10,11.68668437
2,11,10.52170787
2,12,8.533327336
2,13,15.3651682
2,14,9.617620894
2,15,11.15691307
2,16,8.715748345
2,17,23.3881433
2,18,12.13491353
2,19,12.75227891
2,20,7.907446644
2,21,14.97251879
2,22,5.919544043
2,23,12.95018416
2,24,24.54732052
2,25,20.98792704
2,26,14.34149188
2,27,12.90475583
2,28,8.399158815
2,29,11.64175833
2,30,8.75934425
2,31,11.56441293
2,32,7.519571305
2,33,7.117993187
2,34,14.77804081
2,35,10.83387414
2,36,20.43301416
2,37,14.71047641
2,38,12.10575759
2,39,12.67676821
2,40,8.632710916
2,41,15.9717502
2,42,9.181376166
2,43,15.0586576
2,44,8.853824024
2,45,12.34881179
2,46,9.438352614
2,47,6.889060385
2,48,14.06951263
2,49,6.844738368
2,50,12.44773835
2,51,9.663305459
2,52,9.125652498
2,53,18.58016704
2,54,4.268306242
2,55,14.94281282
2,56,12.32309575
2,57,17.61695723
2,58,14.17484062
2,59,7.856418124
2,60,5.320886717
2,61,9.175453561
2,62,12.00721176
2,63,8.412605372
2,64,14.29977163
2,65,16.65880105
2,66,17.36155426
2,67,23.85253467
2,68,10.6369662
2,69,8.538734446
2,70,14.07758816
2,71,18.33258644
2,72,8.105351073
2,73,9.241117993
2,74,9.159984657
2,75,7.650823971
2,76,11.9892997
2,77,10.45722012
2,78,7.460113754
2,79,14.04417362
2,80,8.906055359
2,81,16.22998721
2,82,9.122939845
2,83,9.99447123
2,84,9.029001679
2,85,10.43231705
2,86,8.489400551
2,87,10.88899028
2,88,9.212412433
2,89,16.3298621
2,90,24.76547969
2,91,12.61291053
2,92,16.79008648
2,93,13.5878562
2,94,6.35069674
2,95,15.43801828
2,96,6.754031849
2,97,17.05793629
2,98,9.35213307
2,99,17.33702802
2,100,7.43195298
2,101,15.23144018
2,102,9.049677162
2,103,14.1678433
2,104,9.210547397
2,105,26.55446196
2,106,7.471338159
2,107,16.18775384
2,108,5.62931902
2,109,7.098979853
2,110,4.118537331
2,111,10.93478201
2,112,11.14385925
2,113,12.23324505
2,114,10.51275102
2,115,13.72391837
2,116,23.10981606
2,117,8.465691713
2,118,15.31152377
2,119,13.86005897
2,120,16.6803073
2,121,7.237745926
2,122,11.14486897
2,123,6.051342979
2,124,6.599449166
2,125,6.079001534
2,126,13.19618075
2,127,7.765252537
2,128,11.88283321
2,129,9.669380809
2,130,10.30144145
2,131,8.281104344
2,132,11.88588903
2,133,10.31514366
2,134,5.367282223
2,135,7.856787882
2,136,12.46344084
2,137,11.20951429
2,138,8.38960892
2,139,6.825115917
2,140,7.263121113
2,141,6.15941737
2,142,14.30678407
2,143,8.547827447
2,144,9.846562039
2,145,15.68611045
2,146,16.29529614
2,147,6.430281975
2,148,18.1630569
2,149,13.14332428
2,150,8.760370449
2,151,13.13113686
2,152,5.457781833
2,153,14.79342901
2,154,7.638975246
2,155,11.14030781
2,156,9.944645648
2,157,5.920176573
2,158,10.74370583
2,159,9.308804331
2,160,10.00467502
2,161,9.091217229
2,162,12.02508235
2,163,8.401413881
2,164,16.18980722
2,165,8.941502927
2,166,15.7566772
2,167,8.973502643
2,168,15.55993613
2,169,2.876153594
2,170,17.98859994
2,171,6.594277194
2,172,8.654460113
2,173,12.31595054
2,174,7.061547779
2,175,20.32516022
2,176,10.37379771
2,177,13.40724841
2,178,8.255087779
2,179,11.74567324
2,180,12.40689493
2,181,7.020722185
2,182,9.932152158
2,183,12.05798683
2,184,7.710342408
2,185,16.08793042
2,186,9.403204919
2,187,10.21863711
2,188,14.15638203
2,189,4.935595269
2,190,6.875643634
2,191,5.065675919
2,192,9.327979063
2,193,7.940907463
2,194,6.8931485
2,195,12.90606398
2,196,5.718343549
2,197,5.828625212
2,198,12.64139198
2,199,7.456201154
2,200,10.2606406
2,201,14.0057225
2,202,11.20670575
2,203,9.03649427
2,204,6.251446477
2,205,9.996915966
2,206,16.79994478
2,207,6.850214134
2,208,15.50351478
2,209,6.790115075
2,210,11.47931134
2,211,4.335770528
2,212,8.716757362
2,213,7.841875143
2,214,7.790741646
2,215,7.626431432
2,216,9.257764084
2,217,9.856446983
2,218,4.258943842
2,219,7.493191656
2,220,11.76532931
2,221,12.018182
2,222,8.1164094
2,223,6.351234159
2,224,18.38772489
2,225,6.126150807
2,226,9.695447876
2,227,8.439219761
2,228,7.878270253
2,229,7.405006804
2,230,8.183362539
2,231,13.48083522
2,232,9.733222705
2,233,6.363310918
2,234,6.840453142
2,235,11.49822412
2,236,7.051950659
2,237,7.547598163
2,238,14.2223606
2,239,6.969213985
2,240,16.25099985
2,241,8.301417444
2,242,13.86240139
2,243,7.281494641
2,244,11.67643388
2,245,8.611958736
2,246,20.43965238
2,247,10.71474069
2,248,11.43137193
2,249,8.037601614
2,250,5.106472983
2,251,9.681383199
2,252,19.51801519
2,253,4.981929376
2,254,12.14073863
2,255,12.66885577
2,256,7.139089598
2,257,3.592336324
2,258,12.42711345
2,259,16.25775648
2,260,7.686278833
2,261,8.252538679
2,262,9.248744219
2,263,11.11926334
2,264,9.969202982
2,265,6.177895642
2,266,4.730426569
2,267,7.992782101
2,268,9.898606598
2,269,11.22439264
2,270,7.334720034
2,271,16.25700256
2,272,6.889377039
2,273,7.31435609
2,274,6.54975414
2,275,12.35456376
2,276,9.997271269
2,277,1.399158249
2,278,15.94756218
2,279,7.18953431
2,280,8.124698947
2,281,7.612293882
2,282,20.19027171
2,283,5.071059177
2,284,4.160855337
2,285,3.943357912
2,286,7.670983243
2,287,7.380282783
2,288,14.44471118
2,289,13.3056843
2,290,11.85790404
2,291,5.855916878
2,292,5.444813393
2,293,7.219748147
2,294,6.852551158
2,295,9.753629892
2,296,6.675389354
2,297,7.020163478
2,298,19.10488865
2,299,6.38019563
2,300,14.76828208
2,301,7.351874423
2,302,14.86066249
2,303,5.258958084
2,304,12.06457847
2,305,7.193034385
2,306,5.903516397
2,307,2.925891391
2,308,14.2755135
2,309,7.569755511
2,310,8.468655943
2,311,14.71592338
2,312,8.041705243
2,313,7.546495688
2,314,19.85798011
2,315,8.675602746
2,316,17.33412512
2,317,7.594681752
2,318,6.21272102
2,319,10.82591182
2,320,10.92985518
2,321,6.120204193
2,322,10.32152507
2,323,12.34183442
2,324,6.863037764
2,325,3.922727958
2,326,7.82223554
2,327,15.269847
2,328,7.420528772
2,329,12.72583733
2,330,11.62127283
2,331,6.372894078
2,332,12.29415415
2,333,7.377105512
2,334,1.903074263
2,335,7.848855454
2,336,3.816181495
2,337,10.4142483
2,338,5.752883884
2,339,17.80876339
2,340,3.361917075
2,341,5.073112494
2,342,11.87897557
2,343,10.01125329
2,344,9.671243183
2,345,8.057986902
2,346,5.732458077
2,347,6.210121776
2,348,4.052748699
2,349,7.183594584
2,350,10.30033898
2,351,3.358911438
2,352,10.49212286
2,353,8.514376009
2,354,6.245203834
2,355,12.87885844
2,356,9.792687445
2,357,10.36794615
2,358,7.92026621
2,359,10.28578053
2,360,12.57168955
2,361,11.65327143
2,362,8.157370999
2,363,10.03366293
2,364,8.091444305
2,365,10.78540161
2,366,7.610253601
2,367,11.41075763
2,368,6.162118942
2,369,10.99852722
2,370,5.730303463
2,371,10.17721861
2,372,12.4025122
2,373,6.005114594
2,374,6.455278647
2,375,8.129106341
2,376,7.180626683
2,377,6.690229583
2,378,7.005323249
2,379,10.76477664
2,380,9.467577308
2,381,11.51969651
2,382,12.67354929
2,383,4.291071403
2,384,5.936865509
2,385,7.382241643
2,386,4.011996431
2,387,6.609727695
2,388,5.371328063
2,389,2.412085537
2,390,5.799080332
2,391,7.27314261
2,392,5.863270339
2,393,15.72203407
2,394,9.46194906
2,395,12.16242573
2,396,2.814993863
2,397,9.184059043
2,398,8.034993662
2,399,5.587139714
2,400,17.14889313
2,401,5.113475387
2,402,7.170345482
2,403,9.574666002
2,404,7.563121236
2,405,4.756109525
2,406,3.247423345
2,407,14.3853668
2,408,3.48968139
2,409,8.881294207
2,410,8.013462134
2,411,4.649042402
2,412,11.38685298
2,413,8.015047504
2,414,10.31177117
2,415,5.87783344
2,416,4.998250305
2,417,6.500569808
2,418,9.959172511
2,419,6.785188243
2,420,4.212248658
2,421,6.749202445
2,422,10.78492367
2,423,11.11363603
2,424,5.267519995
2,425,3.893177913
2,426,11.71243777
2,427,5.115960742
2,428,10.0826284
2,429,6.9499664
2,430,7.731713394
2,431,9.73408909
2,432,7.399097802
2,433,11.07858979
2,434,10.18675675
2,435,14.74469347
2,436,4.788384864
2,437,5.472556207
2,438,9.033821338
2,439,9.860934935
2,440,5.479445755
2,441,13.50821711
2,442,6.170217257
2,443,5.980432431
2,444,5.354093684
2,445,1.713042506
2,446,5.920017512
2,447,5.613616523
2,448,7.189652101
2,449,6.78255145
2,450,4.614914987
2,451,5.741464599
2,452,5.764574741
2,453,12.11875852
2,454,3.262625281
2,455,8.385952364
2,456,9.960217454
2,457,5.47581176
2,458,6.898112857
2,459,4.459174381
2,460,7.653998179
2,461,9.832764848
2,462,8.853569521
2,463,8.476947104
2,464,7.25146523
2,465,3.516301373
2,466,3.867555633
2,467,7.88702024
2,468,6.284532658
2,469,8.446659183
2,470,8.063499393
2,471,6.939149764
2,472,5.406880401
2,473,8.773318449
2,474,5.641486123
2,475,6.513840359
2,476,7.740363514
2,477,4.724103506
2,478,9.970296052
2,479,5.379234643
2,480,5.522004763
2,481,3.790258609
2,482,5.207272805
2,483,10.1947185
2,484,8.035652213
2,485,6.5287376
2,486,3.068995544
2,487,6.211087184
2,488,0.9090911145
2,489,4.37691088
2,490,13.14591754
2,491,5.658074092
2,492,6.13038472
2,493,6.881739575
2,494,5.370687179
2,495,8.661784164
2,496,5.411122175
2,497,7.593927968
2,498,7.165377561
2,499,9.003743332
2,500,7.126175588
2,501,11.54537043
2,502,6.893508312
2,503,2.396925605
2,504,5.719035068
2,505,4.165041504
2,506,8.415261782
2,507,6.881252651
2,508,6.602837649
2,509,3.034813627
2,510,6.719675238
2,511,10.42150639
2,512,11.42105781
2,513,4.493502723
2,514,5.293089295
2,515,10.61002418
2,516,9.652493093
2,517,4.093122658
2,518,9.068945919
2,519,9.694980346
2,520,9.337960852
2,521,8.02611015
2,522,8.161180397
2,523,6.438551685
2,524,7.081544571
2,525,5.952219515
2,526,6.38502515
2,527,2.508801747
2,528,12.29211704
2,529,6.685492723
2,530,2.587140621
2,531,6.175831941
2,532,5.483312589
2,533,9.977471912
2,534,6.248535877
2,535,8.862295865
2,536,14.41663376
2,537,6.648549896
2,538,9.485010883
2,539,6.515907915
2,540,5.080026227
2,541,2.102329462
2,542,4.032727856
2,543,4.822557435
2,544,7.304763892
2,545,5.757486211
2,546,5.358631122
2,547,2.421975377
2,548,9.113551918
2,549,8.914583098
2,550,7.379581864
2,551,6.058131247
2,552,3.846979358
2,553,5.512356909
2,554,5.470207782
2,555,6.23990167
2,556,8.208022833
2,557,6.9540255
2,558,5.805730151
2,559,5.77450348
2,560,10.42283927
2,561,5.681627279
2,562,4.248084113
2,563,10.36571495
2,564,3.884337499
2,565,3.722881897
2,566,6.545675362
2,567,4.320763679
2,568,5.797375126
2,569,3.544334197
2,570,9.887573851
2,571,5.593562521
2,572,10.16608211
2,573,6.410322889
2,574,4.740142893
2,575,9.406148981
2,576,6.467744753
2,577,6.582691523
2,578,7.251665722
2,579,9.934924882
2,580,13.19797941
2,581,7.480571091
2,582,7.95802527
2,583,9.562607481
2,584,8.01063355
2,585,5.183594584
2,586,5.176925628
2,587,5.623598271
2,588,8.429089824
2,589,6.172561025
2,590,4.941158658
2,591,7.377002666
2,592,5.526023797
2,593,5.287016944
2,594,8.727434376
2,595,6.835925412
2,596,6.337312379
2,597,15.29998543
2,598,5.023445615
2,599,5.095022794
2,600,4.726779165
2,601,9.618516801
2,602,6.549396308
2,603,6.978401643
2,604,10.44921338
2,605,10.71157782
2,606,7.366938838
2,607,6.041531243
2,608,5.744429457
2,609,8.169001882
2,610,7.942099962
2,611,8.27166882
2,612,7.305744835
2,613,3.099122803
2,614,6.074037177
2,615,4.295062244
2,616,6.029923296
2,617,9.333618728
2,618,8.581677303
2,619,3.910420529
2,620,3.177865209
2,621,11.42649992
2,622,1.890724524
2,623,3.230393287
2,624,10.10164413
2,625,5.031909973
2,626,9.866550584
2,627,10.37638592
2,628,8.738854136
2,629,4.96505632
2,630,5.720124383
2,631,9.01870042
2,632,4.903474671
2,633,8.473308506
2,634,3.971809121
2,635,4.552728069
2,636,6.483773545
2,637,3.396539525
2,638,9.865877096
2,639,9.853690136
2,640,6.603766893
2,641,5.530883637
2,642,8.052627219
2,643,4.981929376
2,644,5.419577343
2,645,6.762972532
2,646,8.513858837
2,647,6.444257227
2,648,6.121943394
2,649,3.787621289
2,650,6.933196727
2,651,5.958412465
2,652,3.933362762
2,653,7.009785045
2,654,9.344307991
2,655,8.949321998
2,656,7.54898072
2,657,2.735859634
2,658,5.009401295
2,659,5.947600358
2,660,6.12673127
2,661,5.989243205
2,662,3.916401108
2,663,1.903074263
2,664,6.5327631
2,665,7.175715816
2,666,8.115565984
2,667,5.2131071
2,668,7.615750282
2,669,9.668216556
2,670,6.086986757
2,671,3.184234988
2,672,2.069152324
2,673,8.003847481
2,674,4.716794215
2,675,0.9990604876
2,676,5.784135955
2,677,4.221319287
2,678,3.237140124
2,679,5.982012842
2,680,5.312010287
2,681,6.261936219
2,682,6.809317353
2,683,4.690349097
2,684,10.26344584
2,685,9.279869665
2,686,8.805638956
2,687,6.280350697
2,688,4.93573297
2,689,8.354344075
2,690,4.166456265
2,691,3.602863986
2,692,7.959922528
2,693,8.205563327
2,694,9.606027808
2,695,8.624751518
2,696,7.373790985
2,697,2.803258867
2,698,9.91662346
2,699,6.085580704
2,700,4.211890826
2,701,6.179809867
2,702,8.169543575
2,703,1
2,704,5.707627919
2,705,6.570338692
2,706,4.62267864
2,707,5.011775673
2,708,5.098874543
2,709,4.899232225
2,710,7.188319794
2,711,3.549396395
2,712,6.443901856
2,713,3.519808649
2,714,4.435058721
2,715,7.682518051
2,716,5.323216554
2,717,5.028152656
2,718,5.115835384
2,719,5.869384578
2,720,6.607686572
2,721,7.829178368
2,722,5.986823829
2,723,4.061251053
2,724,6.088217075
2,725,4.878469635
2,726,4.061328934
2,727,5.616591899
2,728,3.733616746
2,729,10.10791605
2,730,6.150074108
2,731,5.12686548
2,732,2.943668911
2,733,4.030527598
2,734,4.539864368
2,735,4.364943759
2,736,3.797110755
2,737,10.48087424
2,738,2.755230442
2,739,6.673527507
2,740,5.598026997
2,741,6.601295106
2,742,4.343733743
2,743,6.108652387
2,744,4.291746476
2,745,7.741037454
2,746,3.91821303
2,747,10.11825605
2,748,4.570640123
2,749,3.579660777
2,750,3.430020609
2,751,3.099122803
2,752,3.583778573
2,753,6.079106385
2,754,7.563528848
2,755,7.160026156
2,756,5.790628289
2,757,7.301362475
2,758,1.889416921
2,759,5.488565031
2,760,3.401211497
2,761,3.673739668
2,762,1.490618484
2,763,3.330102326
2,764,6.943578533
2,765,5.362648358
2,766,4.608211332
2,767,3.834618181
2,768,0.9990604876
2,769,0.9990604876
2,770,1.835949331
2,771,5.124145652
2,772,5.085726672
2,773,3.308249295
2,774,2.193238347
2,775,5.917827476
2,776,4.854628276
2,777,5.29348764
2,778,5.961705448
2,779,4.829282517
2,780,3.716655092
2,781,3.967231906
2,782,5.671755196
2,783,7.13274254
2,784,5.042250066
2,785,3.851715864
2,786,3.523555868
2,787,5.250850556
2,788,5.561946327
2,789,4.276586544
2,790,3.338637833
2,791,4.698218761
2,792,7.568098889
2,793,8.586105276
2,794,6.301845385
2,795,3.705736934
2,796,4.875086878
2,797,4.690349097
2,798,8.732706181
2,799,5.415935946
2,800,3.856952938
2,801,4.065455298
2,802,4.795301309
2,803,4.273100907
2,804,3.274581419
2,805,1.216036997
2,806,4.624841542
2,807,7.356269831
2,808,3.206178176
2,809,3.452606871
2,810,3.019653696
2,811,7.889237916
2,812,8.947524834
2,813,6.361320723
2,814,3.256233815
2,815,5.302884937
2,816,5.230581522
2,817,3.228890697
2,818,7.468019122
2,819,4.975894014
2,820,0.9090911145
2,821,2.318630898
2,822,8.081936308
2,823,3.592336324
2,824,5.853191809
2,825,3.590163952
2,826,6.616873508
2,827,5.797110755
2,828,5.444927694
2,829,4.28462673
2,830,3.572389593
2,831,5.95948961
2,832,6.341340315
2,833,3.807544759
2,834,7.150249367
2,835,1.490618484
2,836,2.683856831
2,837,3.019295864
2,838,4.486729148
2,839,2.598956866
2,840,2.961619124
2,841,2.134546223
2,842,1.544086075
2,843,2.998115115
2,844,1
2,845,3.28321807
2,846,2.709835847
2,847,5.266574691
2,848,4.382655361
2,849,3.628048946
2,850,6.385091212
2,851,2.462067861
2,852,6.079587583
2,853,0.9090911145
2,854,3.17760077
2,855,2.318630898
2,856,3.098508129
2,857,3.689532785
2,858,4.097305049
2,859,5.3974133
2,860,7.689637958
2,861,3.613905832
2,862,1.08396294
2,863,3.213616533
2,864,2.179949096
2,865,4.086631386
2,866,6.957228176
2,867,3.202417116
2,868,5.490636894
2,869,4.21712996
2,870,6.118928487
2,871,2.740142893
2,872,4.548840925
2,873,4.56040749
2,874,0.9090911145
2,875,0.9090911145
2,876,4.585498743
2,877,4.252326627
2,878,4.976586383
2,879,3.297657312
2,880,1.544086075
2,881,6.092951957
2,882,4.746889661
2,883,3.753627359
2,884,3.546428631
2,885,3.109986658
2,886,2.072202203
2,887,0.9090911145
2,888,5.228757849
2,889,1.920851783
2,890,3.516319851
2,891,6.964006632
2,892,2.366063177
2,893,1.052528078
2,894,1.889416921
2,895,4.855256042
2,896,5.460045159
2,897,3.109986658
2,898,3.250682056
2,899,7.180414358
2,900,1.216036997
2,901,5.243454483
2,902,4.738059523
2,903,3.300369686
2,904,4.060654857
2,905,5.258412558
2,906,1.086773133
2,907,3.473495719
2,908,6.479299719
2,909,3.420696761
2,910,3.792195213
2,911,4.6161167
2,912,3.388880305
2,913,2.595206789
2,914,2.193238347
2,915,0.9062809215
2,916,5.364527382
2,917,5.041887642
2,918,3.173231344
2,919,4.951161393
2,920,5.47552252
2,921,4.260102442
2,922,4.277879962
2,923,3.722627807
2,924,0.9090911145
2,925,3.459755988
2,926,5.561677662
2,927,2.686667024
2,928,1.743169765
2,929,3.338637833
2,930,8.753847843
2,931,4.567154857
2,932,3.083390438
2,933,1.185174569
2,934,1.544086075
2,935,3.673739668
2,936,3.869627447
2,937,3.967231906
2,938,3.66929734
2,939,4.860642634
2,940,3.492134848
2,941,5.509377395
2,942,1.345690659
2,943,0.9090911145
2,944,1.886273918
2,945,1.743169765
2,946,3.305439102
2,947,2.163111088
2,948,2.562460875
2,949,6.549735642
2,950,4.545252
2,951,4.845121053
2,952,1.903074263
2,953,1.08396294
2,954,2.878228618
2,955,1.399158249
2,956,1
2,957,3.975433177
2,958,5.205581912
2,959,2.19604854
2,960,4.724699651
2,961,2.993053986
2,962,1.08396294
2,963,1.08396294
2,964,2.925891391
2,965,1.086773133
2,966,1.185174569
2,967,1.052528078
2,968,1
2,969,2.207991697
2,970,2.248576618
2,971,5.163167142
2,972,4.955403907
2,973,2.072202203
2,974,3.775291282
2,975,2.089979723
2,976,1.886273918
2,977,3.148949525
2,978,2.396925605
2,979,2.925891391
2,980,1.086773133
2,981,2.063955936
2,982,3.48312112
2,983,4.425736369
2,984,3.621788509
2,985,8.560882151
2,986,1.052528078
2,987,2.075345206
2,988,1.052528078
2,989,5.416592265
2,990,0.9090911145
2,991,2.089979723
2,992,0.9090911145
2,993,1.886273918
2,994,1.743169765
2,995,1.929098049
2,996,0.9090911145
2,997,4.160855337
2,998,1.490618484
2,999,2.513435612
2,1000,4.232498724
2,1001,1.686527902
2,1002,2.663710705
2,1003,3.374591583
2,1004,1.052528078
2,1005,1.052528078
2,1006,5.016302966
2,1007,5.161765696
2,1008,3.615195178
2,1009,1
2,1010,1.185174569
2,1011,1.052528078
2,1012,6.200951597
2,1013,3.095697936
2,1014,5.168906134
2,1015,3.001876176
2,1016,3.492134848
2,1017,2.429225236
2,1018,3.216055475
2,1019,2.072202203
2,1020,3.766983565
2,1021,4.121889764
2,1022,2.089979723
2,1023,0.9090911145
2,1024,2.102329462
2,1025,3.812165309
2,1026,1.08396294
2,1027,2.106780068
2,1028,4.660221839
2,1029,2.27698805
2,1030,1.890829902
2,1031,1.890829902
2,1032,2.381223109
2,1033,1
2,1034,2.368507787
2,1035,2.195109028
2,1036,1.835949331
2,1037,5.705920175
2,1038,5.330855974
2,1039,6.116667137
2,1040,4.839560392
2,1041,1.686527902
2,1042,4.848885206
2,1043,2.598956866
2,1044,1.345690659
2,1045,2.802319354
2,1046,5.332262178
2,1047,3.276190147
2,1048,2.869796555
2,1049,3.016837939
2,1050,2.081078633
2,1051,3.054018872
2,1052,4.430359924
2,1053,1.544086075
2,1054,2.595206789
2,1055,1
2,1056,1.393902274
2,1057,1.393902274
2,1058,2.371085078
2,1059,2.409539783
2,1060,3.098508129
2,1061,0.9090911145
2,1062,0.9090911145
2,1063,0.9090911145
2,1064,2.924058373
2,1065,0.9062809215
2,1066,0.9062809215
2,1067,3.516301373
2,1068,2.526579267
2,1069,1.216036997
2,1070,1.185174569
2,1071,2.022817128
2,1072,0.9090911145
2,1073,1.886273918
2,1074,4.175526676
2,1075,3.035934515
2,1076,0.9990604876
2,1077,0.9990604876
2,1078,1.835949331
2,1079,1.216036997
2,1080,2.594714352
2,1081,2.429225236
2,1082,2.862178411
2,1083,2.043067088
2,1084,2.043067088
2,1085,3.452606871
2,1086,2.429225236
2,1087,1
2,1088,2.207991697
2,1089,3.239115628
2,1090,3.736121137
2,1091,3.766983565
2,1092,2.712349981
2,1093,2.089979723
2,1094,0.9090911145
2,1095,0.9090911145
2,1096,2.939218305
2,1097,0.9062809215
2,1098,0.9062809215
2,1099,0.9062809215
2,1100,0.9062809215
2,1101,0.9062809215
2,1102,1.185174569
2,1103,3.129653593
2,1104,2.081078633
2,1105,1.490618484
2,1106,1.490618484
2,1107,1.490618484
2,1108,1.490618484
2,1109,1.216036997
2,1110,1
2,1111,1
2,1112,2.193238347
2,1113,0.9062809215
2,1114,2.315820705
2,1115,2.379148085
2,1116,2.207991697
2,1117,2.19604854
2,1118,1.905884456
2,1119,1.086773133
2,1120,1.920851783
2,1121,1.08396294
2,1122,1.08396294
2,1123,4.075899024
2,1124,3.602863986
2,1125,2.19604854
2,1126,0.9090911145
2,1127,0.9090911145
2,1128,1.886273918
2,1129,2.765986893
2,1130,0.9062809215
2,1131,1.713042506
2,1132,1.345690659
2,1133,2.814993863
2,1134,1
2,1135,3.314828162
2,1136,1.232263481
2,1137,1.232263481
2,1138,1.232263481
2,1139,2.069152324
2,1140,1.232263481
2,1141,1.232263481
2,1142,2.051374804
2,1143,1.232263481
2,1144,1.232263481
2,1145,1.232263481
2,1146,1
2,1147,0.9090911145
2,1148,0.9090911145
2,1149,0.9090911145
2,1150,0.9090911145
2,1151,2.089979723
2,1152,1
2,1153,1.185174569
2,1154,2.134546223
2,1155,1.544086075
2,1156,2.737324422
2,1157,2.707197163
2,1158,2.462067861
2,1159,3.488373787
2,1160,3.157363351
2,1161,2.740134615
2,1162,1.544086075
2,1163,2.737324422
2,1164,3.089402105
2,1165,3.185928216
2,1166,2.19604854
2,1167,3.068995544
2,1168,2.869796555
2,1169,3.577031736
2,1170,3.485931313
2,1171,3.420696761
2,1172,1.838765087
2,1173,1.838765087
2,1174,1.838765087
2,1175,1.838765087
2,1176,1.838765087
2,1177,2.429225236
2,1178,2.043067088
2,1179,1
2,1180,1.345690659
2,1181,1.216036997
2,1182,1
2,1183,1.743169765
2,1184,0.9062809215
2,1185,0.9062809215
2,1186,0.9062809215
2,1187,1.713042506
2,1188,1.345690659
2,1189,1.216036997
2,1190,1
2,1191,1.345690659
2,1192,0.9990604876
2,1193,0.9990604876
2,1194,0.9990604876
2,1195,0.9990604876
2,1196,0.9990604876
2,1197,0.9990604876
2,1198,2.021877616
2,1199,3.685588321
2,1200,3.339897662
2,1201,1.686527902
2,1202,2.86741651
2,1203,1.686527902
2,1204,1.686527902
2,1205,1.686527902
2,1206,1.686527902
2,1207,2.663710705
2,1208,3.189417014
2,1209,1
2,1210,1.345690659
2,1211,1.216036997
2,1212,1
2,1213,1.393902274
2,1214,2.587140621
2,1215,2.557013363
2,1216,2.371085078
2,1217,2.409539783
2,1218,3.535107673
2,1219,1.216036997
2,1220,2.193238347
2,1221,0.9062809215
2,1222,0.9062809215
2,1223,2.315820705
2,1224,0.9062809215
2,1225,3.122582289
2,1226,2.814993863
2,1227,1.185174569
2,1228,1.052528078
2,1229,1.052528078
2,1230,1.399158249
2,1231,1
2,1232,2.538929006
2,1233,3.244189721
2,1234,1.490618484
2,1235,1.490618484
2,1236,1.490618484
2,1237,1.490618484
2,1238,2.683856831
2,1239,2.379148085
2,1240,1.185174569
2,1241,1
2,1242,1.345690659
2,1243,0.9990604876
2,1244,0.9990604876
2,1245,0.9990604876
2,1246,2.021877616
2,1247,2.195109028
2,1248,0.9990604876
2,1249,0.9990604876
2,1250,0.9990604876
2,1251,0.9990604876
2,1252,0.9990604876
2,1253,0.9990604876
2,1254,0.9990604876
2,1255,0.9990604876
2,1256,2.021877616
2,1257,0.9990604876
2,1258,0.9990604876
2,1259,0.9990604876
2,1260,0.9990604876
2,1261,0.9990604876
2,1262,0.9990604876
2,1263,0.9990604876
2,1264,0.9990604876
2,1265,1.835949331
2,1266,2.081078633
2,1267,1.490618484
2,1268,2.238854125
2,1269,2.087570967
2,1270,2.709941226
2,1271,1.890829902
2,1272,1.890829902
2,1273,1.890829902
2,1274,1.890829902
2,1275,1.890829902
2,1276,1.890829902
2,1277,2.381223109
2,1278,1
2,1279,1
2,1280,1.216036997
2,1281,1.185174569
2,1282,1.399158249
2,1283,1
2,1284,1.345690659
2,1285,1.216036997
2,1286,1.185174569
2,1287,1.399158249
2,1288,2.239808153
2,1289,1
2,1290,1.345690659
2,1291,1.216036997
2,1292,2.022817128
2,1293,1.984362423
2,1294,1.393902274
2,1295,1.393902274
2,1296,1.393902274
2,1297,1.393902274
2,1298,1.393902274
2,1299,2.541739199
2,1300,2.562460875
2,1301,0.9090911145
2,1302,0.9090911145
2,1303,0.9090911145
2,1304,0.9090911145
2,1305,0.9090911145
2,1306,0.9090911145
2,1307,0.9090911145
2,1308,1.886273918
2,1309,1.743169765
2,1310,0.9062809215
2,1311,0.9062809215
2,1312,0.9062809215
2,1313,0.9062809215
2,1314,0.9062809215
2,1315,0.9062809215
2,1316,0.9062809215
2,1317,0.9062809215
2,1318,0.9062809215
2,1319,0.9062809215
2,1320,0.9062809215
2,1321,2.505237787
2,1322,0.9062809215
2,1323,0.9062809215
2,1324,0.9062809215
2,1325,0.9062809215
2,1326,0.9062809215
2,1327,1.713042506
2,1328,1.345690659
2,1329,1.216036997
2,1330,1.185174569
2,1331,1
2,1332,3.129653593
2,1333,0.9990604876
2,1334,0.9990604876
2,1335,0.9990604876
2,1336,0.9990604876
2,1337,2.179949096
2,1338,0.9990604876
2,1339,0.9990604876
2,1340,0.9990604876
2,1341,0.9990604876
2,1342,0.9990604876
2,1343,2.021877616
2,1344,2.195109028
2,1345,0.9990604876
2,1346,0.9990604876
2,1347,0.9990604876
2,1348,0.9990604876
2,1349,0.9990604876
2,1350,1.835949331
2,1351,2.081078633
2,1352,1.490618484
2,1353,1.490618484
2,1354,1.490618484
2,1355,1.216036997
2,1356,1
2,1357,1
2,1358,1.185174569
2,1359,1
2,1360,1
2,1361,1.345690659
2,1362,1.216036997
2,1363,1.185174569
2,1364,1.052528078
2,1365,1.052528078
2,1366,1.052528078
2,1367,1.052528078
2,1368,1.052528078
2,1369,1.052528078
2,1370,1.052528078
2,1371,1.052528078
2,1372,1.052528078
2,1373,1.052528078
2,1374,1.052528078
2,1375,1.052528078
2,1376,1.052528078
2,1377,1.052528078
2,1378,1.052528078
2,1379,1.052528078
2,1380,1.052528078
2,1381,1.889416921
2,1382,1.399158249
2,1383,1
2,1384,1.743169765
2,1385,0.9062809215
2,1386,0.9062809215
2,1387,0.9062809215
2,1388,0.9062809215
2,1389,0.9062809215
2,1390,0.9062809215
2,1391,0.9062809215
2,1392,0.9062809215
2,1393,0.9062809215
2,1394,0.9062809215
2,1395,1.713042506
2,1396,1.345690659
2,1397,1.216036997
2,1398,1.185174569
2,1399,1.399158249
2,1400,2.022817128
2,1401,2.087570967
2,1402,2.19604854
2,1403,0.9090911145
2,1404,0.9090911145
2,1405,0.9090911145
2,1406,0.9090911145
2,1407,0.9090911145
2,1408,0.9090911145
2,1409,0.9090911145
2,1410,0.9090911145
2,1411,0.9090911145
2,1412,0.9090911145
2,1413,0.9090911145
2,1414,0.9090911145
2,1415,0.9090911145
2,1416,0.9090911145
2,1417,0.9090911145
2,1418,0.9090911145
2,1419,2.102329462
2,1420,0.9062809215
2,1421,0.9062809215
2,1422,0.9062809215
2,1423,0.9062809215
2,1424,0.9062809215
2,1425,0.9062809215
2,1426,1.929098049
2,1427,0.9062809215
2,1428,0.9062809215
2,1429,1.929098049
2,1430,2.072202203
2,1431,0.9090911145
2,1432,0.9090911145
2,1433,0.9090911145
2,1434,0.9090911145
2,1435,0.9090911145
2,1436,0.9090911145
2,1437,0.9090911145
2,1438,0.9090911145
2,1439,0.9090911145
2,1440,0.9090911145
2,1441,0.9090911145
2,1442,0.9090911145
2,1443,0.9090911145
2,1444,0.9090911145
2,1445,0.9090911145
2,1446,0.9090911145
2,1447,0.9090911145
2,1448,0.9090911145
2,1449,0.9090911145
2,1450,0.9090911145
2,1451,0.9090911145
2,1452,0.9090911145
2,1453,0.9090911145
2,1454,0.9090911145
2,1455,0.9090911145
2,1456,0.9090911145
2,1457,0.9090911145
2,1458,0.9090911145
2,1459,0.9090911145
2,1460,0.9090911145
2,1461,0.9090911145
2,1462,0.9090911145
2,1463,1.886273918
2,1464,1.743169765
2,1465,0.9062809215
2,1466,0.9062809215
2,1467,0.9062809215
2,1468,0.9062809215
2,1469,0.9062809215
2,1470,0.9062809215
2,1471,0.9062809215
2,1472,0.9062809215
2,1473,0.9062809215
2,1474,0.9062809215
2,1475,0.9062809215
2,1476,0.9062809215
2,1477,0.9062809215
2,1478,0.9062809215
2,1479,0.9062809215
2,1480,0.9062809215
2,1481,0.9062809215
2,1482,0.9062809215
2,1483,0.9062809215
2,1484,0.9062809215
2,1485,2.08716953
2,1486,0.9062809215
2,1487,0.9062809215
2,1488,0.9062809215
2,1489,0.9062809215
2,1490,0.9062809215
2,1491,0.9062809215
2,1492,0.9062809215
2,1493,0.9062809215
2,1494,0.9062809215
2,1495,0.9062809215
2,1496,0.9062809215
2,1497,0.9062809215
2,1498,0.9062809215
2,1499,0.9062809215
2,1500,0.9062809215
2,1501,0.9062809215
2,1502,0.9062809215
2,1503,0.9062809215
2,1504,0.9062809215
2,1505,0.9062809215
2,1506,0.9062809215
2,1507,0.9062809215
2,1508,0.9062809215
2,1509,0.9062809215
2,1510,0.9062809215
2,1511,0.9062809215
2,1512,0.9062809215
2,1513,0.9062809215
2,1514,1.713042506
2,1515,1.216036997
2,1516,1
2,1517,1
2,1518,1
2,1519,1.185174569
2,1520,1.399158249
2,1521,1
2,1522,1.345690659
2,1523,1.216036997
2,1524,1.185174569
2,1525,1
2,1526,1.345690659
2,1527,1.216036997
2,1528,1
2,1529,1
2,1530,1
2,1531,1.185174569
2,1532,1.399158249
2,1533,1
2,1534,1
2,1535,1
2,1536,1
2,1537,1.185174569
2,1538,1.399158249
2,1539,1
2,1540,1.185174569
2,1541,1.399158249
2,1542,1
2,1543,1
2,1544,1
2,1545,0.9090911145
2,1546,0.9090911145
2,1547,0.9090911145
2,1548,0.9090911145
2,1549,0.9090911145
2,1550,0.9090911145
2,1551,0.9090911145
2,1552,0.9090911145
2,1553,0.9090911145
2,1554,0.9090911145
2,1555,0.9090911145
2,1556,0.9090911145
2,1557,0.9090911145
2,1558,0.9090911145
2,1559,0.9090911145
2,1560,0.9090911145
2,1561,0.9090911145
2,1562,0.9090911145
2,1563,0.9090911145
2,1564,0.9090911145
2,1565,0.9090911145
2,1566,0.9090911145
2,1567,0.9090911145
2,1568,0.9090911145
2,1569,0.9090911145
2,1570,0.9090911145
2,1571,0.9090911145
2,1572,0.9090911145
2,1573,0.9090911145
2,1574,0.9090911145
2,1575,0.9090911145
2,1576,0.9090911145
2,1577,0.9090911145
2,1578,0.9090911145
2,1579,0.9090911145
2,1580,0.9090911145
2,1581,0.9090911145
2,1582,0.9090911145
2,1583,0.9090911145
2,1584,0.9090911145
2,1585,0.9090911145
2,1586,0.9090911145
2,1587,0.9090911145
2,1588,0.9090911145
2,1589,0.9090911145
2,1590,0.9090911145
2,1591,0.9090911145
2,1592,0.9090911145
2,1593,0.9090911145
2,1594,0.9090911145
2,1595,0.9090911145
2,1596,0.9090911145
2,1597,0.9090911145
2,1598,0.9090911145
2,1599,0.9090911145
2,1600,0.9090911145
2,1601,0.9090911145
2,1602,0.9090911145
2,1603,0.9090911145
2,1604,0.9090911145
2,1605,0.9090911145
2,1606,0.9090911145
2,1607,0.9090911145
2,1608,0.9090911145
2,1609,0.9090911145
2,1610,0.9090911145
2,1611,0.9090911145
2,1612,0.9090911145
2,1613,0.9090911145
2,1614,0.9090911145
2,1615,0.9090911145
2,1616,0.9090911145
2,1617,0.9090911145
2,1618,0.9090911145
2,1619,0.9090911145
2,1620,0.9090911145
2,1621,0.9090911145
2,1622,0.9090911145
2,1623,0.9090911145
2,1624,0.9090911145
2,1625,0.9090911145
2,1626,0.9090911145
2,1627,0.9090911145
2,1628,0.9090911145
2,1629,0.9090911145
2,1630,0.9090911145
2,1631,0.9090911145
2,1632,0.9090911145
2,1633,0.9090911145
2,1634,0.9090911145
2,1635,0.9090911145
2,1636,0.9090911145
2,1637,0.9090911145
2,1638,0.9090911145
2,1639,0.9090911145
2,1640,0.9090911145
2,1641,0.9090911145
2,1642,0.9090911145
2,1643,0.9090911145
2,1644,0.9090911145
2,1645,0.9090911145
2,1646,0.9090911145
2,1647,0.9090911145
2,1648,0.9090911145
2,1649,0.9090911145
2,1650,0.9090911145
2,1651,0.9090911145
2,1652,0.9090911145
2,1653,0.9090911145
2,1654,0.9090911145
2,1655,0.9090911145
2,1656,0.9090911145
2,1657,0.9090911145
2,1658,0.9090911145
2,1659,0.9090911145
2,1660,0.9090911145
2,1661,0.9090911145
2,1662,0.9090911145
2,1663,0.9090911145
2,1664,0.9090911145
2,1665,0.9090911145
2,1666,0.9090911145
2,1667,0.9090911145
2,1668,0.9090911145
2,1669,0.9090911145
2,1670,0.9090911145
2,1671,0.9090911145
2,1672,0.9090911145
2,1673,0.9090911145
2,1674,0.9090911145
2,1675,0.9090911145
2,1676,0.9090911145
2,1677,0.9090911145
2,1678,0.9090911145
2,1679,0.9090911145
2,1680,0.9090911145
2,1681,0.9090911145
2,1682,0.9090911145
2,1683,0.9090911145
2,1684,0.9090911145
2,1685,0.9090911145
2,1686,0.9090911145
2,1687,0.9090911145
2,1688,0.9090911145
2,1689,0.9090911145
2,1690,0.9090911145
2,1691,0.9090911145
2,1692,0.9090911145
2,1693,0.9090911145
2,1694,0.9090911145
2,1695,0.9090911145
2,1696,0.9090911145
2,1697,0.9090911145
2,1698,0.9090911145
2,1699,0.9090911145
2,1700,0.9090911145
2,1701,0.9090911145
2,1702,0.9090911145
2,1703,0.9090911145
2,1704,0.9090911145
2,1705,0.9090911145
2,1706,0.9090911145
2,1707,0.9090911145
2,1708,0.9090911145
2,1709,0.9090911145
2,1710,0.9090911145
2,1711,0.9090911145
2,1712,0.9090911145
2,1713,0.9090911145
2,1714,0.9090911145
2,1715,0.9090911145
2,1716,0.9090911145
2,1717,0.9090911145
2,1718,0.9090911145
2,1719,0.9090911145
2,1720,0.9090911145
2,1721,0.9090911145
2,1722,0.9090911145
2,1723,0.9090911145
2,1724,0.9090911145
2,1725,0.9090911145
2,1726,0.9090911145
2,1727,0.9090911145
2,1728,0.9090911145
2,1729,0.9090911145
2,1730,0.9090911145
2,1731,0.9090911145
2,1732,0.9090911145
2,1733,0.9090911145
2,1734,0.9090911145
2,1735,0.9090911145
2,1736,0.9090911145
2,1737,0.9090911145
2,1738,0.9090911145
2,1739,0.9090911145
2,1740,0.9090911145
2,1741,0.9090911145
2,1742,0.9090911145
2,1743,0.9090911145
2,1744,0.9090911145
2,1745,0.9090911145
2,1746,0.9090911145
2,1747,0.9090911145
2,1748,0.9090911145
2,1749,0.9090911145
2,1750,0.9090911145
2,1751,0.9090911145
2,1752,0.9090911145
2,1753,0.9090911145
2,1754,0.9090911145
2,1755,0.9090911145
2,1756,0.9090911145
2,1757,0.9090911145
2,1758,0.9090911145
2,1759,0.9090911145
2,1760,0.9090911145
2,1761,0.9090911145
2,1762,0.9090911145
2,1763,0.9090911145
2,1764,0.9090911145
2,1765,0.9090911145
2,1766,0.9090911145
2,1767,0.9090911145
2,1768,0.9090911145
2,1769,0.9090911145
2,1770,0.9090911145
2,1771,0.9090911145
2,1772,0.9090911145
2,1773,0.9090911145
2,1774,0.9090911145
2,1775,0.9090911145
2,1776,0.9090911145
2,1777,0.9090911145
2,1778,0.9090911145
2,1779,0.9090911145
2,1780,0.9090911145
2,1781,0.9090911145
2,1782,0.9090911145
2,1783,0.9090911145
2,1784,0.9090911145
2,1785,0.9090911145
2,1786,0.9090911145
2,1787,0.9090911145
2,1788,0.9090911145
2,1789,0.9090911145
2,1790,0.9090911145
2,1791,0.9090911145
2,1792,0.9090911145
2,1793,0.9090911145
2,1794,0.9090911145
2,1795,0.9090911145
2,1796,0.9090911145
2,1797,0.9090911145
2,1798,0.9090911145
2,1799,0.9090911145
2,1800,0.9090911145
2,1801,0.9090911145
2,1802,0.9090911145
2,1803,0.9090911145
2,1804,0.9090911145
2,1805,0.9090911145
2,1806,0.9090911145
2,1807,0.9090911145
2,1808,0.9090911145
2,1809,0.9090911145
2,1810,0.9090911145
2,1811,0.9090911145
2,1812,0.9090911145
2,1813,0.9090911145
2,1814,0.9090911145
2,1815,0.9090911145
2,1816,0.9090911145
2,1817,0.9090911145
2,1818,0.9090911145
2,1819,0.9090911145
2,1820,0.9090911145
2,1821,0.9090911145
2,1822,0.9090911145
2,1823,0.9090911145
2,1824,0.9090911145
2,1825,0.9090911145
2,1826,0.9090911145
2,1827,0.9090911145
2,1828,0.9090911145
2,1829,0.9090911145
2,1830,0.9090911145
2,1831,0.9090911145
2,1832,0.9090911145
2,1833,0.9090911145
2,1834,0.9090911145
2,1835,0.9090911145
2,1836,0.9090911145
2,1837,0.9090911145
2,1838,0.9090911145
2,1839,0.9090911145
2,1840,0.9090911145
2,1841,0.9090911145
2,1842,0.9090911145
2,1843,0.9090911145
2,1844,0.9090911145
2,1845,0.9090911145
2,1846,0.9090911145
2,1847,0.9090911145
2,1848,0.9090911145
2,1849,0.9090911145
2,1850,0.9090911145
2,1851,0.9090911145
2,1852,0.9090911145
2,1853,0.9090911145
2,1854,0.9090911145
2,1855,0.9090911145
2,1856,0.9090911145
2,1857,0.9090911145
2,1858,0.9090911145
2,1859,0.9090911145
2,1860,0.9090911145
2,1861,0.9090911145
2,1862,0.9090911145
2,1863,0.9090911145
2,1864,0.9090911145
2,1865,0.9090911145
2,1866,0.9090911145
2,1867,0.9090911145
2,1868,0.9090911145
2,1869,0.9090911145
2,1870,0.9090911145
2,1871,0.9090911145
2,1872,0.9090911145
2,1873,0.9090911145
2,1874,0.9090911145
2,1875,0.9090911145
2,1876,0.9090911145
2,1877,0.9090911145
2,1878,0.9090911145
2,1879,0.9090911145
2,1880,0.9090911145
2,1881,0.9090911145
2,1882,0.9090911145
2,1883,0.9090911145
2,1884,0.9090911145
2,1885,0.9090911145
2,1886,0.9090911145
2,1887,0.9090911145
2,1888,0.9090911145
2,1889,0.9090911145
2,1890,0.9090911145
2,1891,0.9090911145
2,1892,0.9090911145
2,1893,0.9090911145
2,1894,0.9090911145
2,1895,0.9090911145
2,1896,0.9090911145
2,1897,0.9090911145
2,1898,0.9090911145
2,1899,0.9090911145
2,1900,0.9090911145
2,1901,0.9090911145
2,1902,0.9090911145
2,1903,0.9090911145
2,1904,0.9090911145
2,1905,0.9090911145
2,1906,0.9090911145
2,1907,0.9090911145
2,1908,0.9090911145
2,1909,0.9090911145
2,1910,0.9090911145
2,1911,0.9090911145
2,1912,0.9090911145
2,1913,0.9090911145
2,1914,0.9090911145
2,1915,0.9090911145
2,1916,0.9090911145
2,1917,0.9090911145
2,1918,0.9090911145
2,1919,0.9090911145
2,1920,0.9090911145
2,1921,0.9090911145
2,1922,0.9090911145
2,1923,0.9090911145
2,1924,0.9090911145
2,1925,0.9090911145
2,1926,0.9090911145
2,1927,0.9090911145
2,1928,0.9090911145
2,1929,0.9090911145
2,1930,0.9090911145
2,1931,0.9090911145
2,1932,0.9090911145
2,1933,0.9090911145
2,1934,0.9090911145
2,1935,0.9090911145
2,1936,0.9090911145
2,1937,0.9090911145
2,1938,0.9090911145
2,1939,0.9090911145
2,1940,0.9090911145
2,1941,0.9090911145
2,1942,0.9090911145
2,1943,0.9090911145
2,1944,0.9090911145
2,1945,0.9090911145
2,1946,0.9090911145
2,1947,0.9090911145
2,1948,0.9090911145
2,1949,0.9090911145
2,1950,0.9090911145
2,1951,0.9090911145
2,1952,0.9090911145
2,1953,0.9090911145
2,1954,0.9090911145
2,1955,0.9090911145
2,1956,0.9090911145
2,1957,0.9090911145
2,1958,0.9090911145
2,1959,0.9090911145
2,1960,0.9090911145
2,1961,0.9090911145
2,1962,0.9090911145
2,1963,0.9090911145
2,1964,0.9090911145
2,1965,0.9090911145
2,1966,0.9090911145
2,1967,0.9090911145
2,1968,0.9090911145
2,1969,0.9090911145
2,1970,0.9090911145
2,1971,0.9090911145
2,1972,0.9090911145
2,1973,0.9090911145
2,1974,0.9090911145
2,1975,0.9090911145
2,1976,0.9090911145
2,1977,0.9090911145
2,1978,0.9090911145
2,1979,0.9090911145
2,1980,0.9090911145
2,1981,0.9090911145
2,1982,0.9090911145
2,1983,0.9090911145
2,1984,0.9090911145
2,1985,0.9090911145
2,1986,0.9090911145
2,1987,0.9090911145
2,1988,0.9090911145
2,1989,0.9090911145
2,1990,0.9090911145
2,1991,0.9090911145
2,1992,0.9090911145
2,1993,0.9090911145
2,1994,0.9090911145
2,1995,0.9090911145
2,1996,0.9090911145
2,1997,0.9090911145
2,1998,0.9090911145
2,1999,0.9090911145
2,2000,0.9090911145
2,2001,0.9090911145
2,2002,0.9090911145
2,2003,0.9090911145
2,2004,0.9090911145
2,2005,0.9090911145
2,2006,0.9090911145
2,2007,0.9090911145
2,2008,0.9090911145
2,2009,0.9090911145
2,2010,0.9090911145
2,2011,0.9090911145
2,2012,0.9090911145
2,2013,0.9090911145
2,2014,0.9090911145
2,2015,0.9090911145
2,2016,0.9090911145
2,2017,0.9090911145
2,2018,0.9090911145
2,2019,0.9090911145
2,2020,0.9090911145
2,2021,0.9090911145
2,2022,0.9090911145
2,2023,0.9090911145
2,2024,0.9090911145
2,2025,0.9090911145
2,2026,0.9090911145
2,2027,0.9090911145
2,2028,0.9090911145
2,2029,0.9090911145
2,2030,0.9090911145
2,2031,0.9090911145
2,2032,0.9090911145
2,2033,0.9090911145
2,2034,0.9090911145
2,2035,0.9090911145
2,2036,0.9090911145
2,2037,0.9090911145
2,2038,0.9090911145
2,2039,0.9090911145
2,2040,0.9090911145
2,2041,0.9090911145
2,2042,0.9090911145
2,2043,0.9090911145
2,2044,0.9090911145
2,2045,0.9090911145
2,2046,0.9090911145
2,2047,0.9090911145
2,2048,0.9090911145
2,2049,0.9090911145
2,2050,0.9090911145
2,2051,0.9090911145
2,2052,0.9090911145
2,2053,0.9090911145
2,2054,0.9090911145
2,2055,0.9090911145
2,2056,0.9090911145
2,2057,0.9090911145
2,2058,0.9090911145
2,2059,0.9090911145
2,2060,0.9090911145
2,2061,0.9090911145
2,2062,0.9090911145
2,2063,0.9090911145
2,2064,0.9090911145
2,2065,0.9090911145
2,2066,0.9090911145
2,2067,0.9090911145
2,2068,0.9090911145
2,2069,0.9090911145
2,2070,0.9090911145
2,2071,0.9090911145
2,2072,0.9090911145
2,2073,0.9090911145
2,2074,0.9090911145
2,2075,0.9090911145
2,2076,0.9090911145
2,2077,0.9090911145
2,2078,0.9090911145
2,2079,0.9090911145
2,2080,0.9090911145
2,2081,0.9090911145
2,2082,0.9090911145
2,2083,0.9090911145
2,2084,0.9090911145
2,2085,0.9090911145
2,2086,0.9090911145
2,2087,0.9090911145
2,2088,0.9090911145
2,2089,0.9090911145
2,2090,0.9090911145
2,2091,0.9090911145
2,2092,0.9090911145
2,2093,0.9090911145
2,2094,0.9090911145
2,2095,0.9090911145
2,2096,0.9090911145
2,2097,0.9090911145
2,2098,0.9090911145
2,2099,0.9090911145
2,2100,0.9090911145
2,2101,0.9090911145
2,2102,0.9090911145
2,2103,0.9090911145
2,2104,0.9090911145
2,2105,0.9090911145
2,2106,0.9090911145
2,2107,0.9090911145
2,2108,0.9090911145
2,2109,0.9090911145
2,2110,0.9090911145
2,2111,0.9090911145
2,2112,0.9090911145
2,2113,0.9090911145
2,2114,0.9090911145
2,2115,0.9090911145
2,2116,0.9090911145
2,2117,0.9090911145
2,2118,0.9090911145
2,2119,0.9090911145
2,2120,0.9090911145
2,2121,0.9090911145
2,2122,0.9090911145
2,2123,0.9090911145
2,2124,0.9090911145
2,2125,0.9090911145
2,2126,0.9090911145
2,2127,0.9090911145
2,2128,0.9090911145
2,2129,0.9090911145
2,2130,0.9090911145
2,2131,0.9090911145
2,2132,0.9090911145
2,2133,0.9090911145
2,2134,0.9090911145
2,2135,0.9090911145
2,2136,0.9090911145
2,2137,0.9090911145
2,2138,0.9090911145
2,2139,0.9090911145
2,2140,0.9090911145
2,2141,0.9090911145
2,2142,0.9090911145
2,2143,0.9090911145
2,2144,0.9090911145
2,2145,0.9090911145
2,2146,0.9090911145
2,2147,0.9090911145
2,2148,0.9090911145
2,2149,0.9090911145
2,2150,0.9090911145
2,2151,0.9090911145
2,2152,0.9090911145
2,2153,0.9090911145
2,2154,0.9090911145
2,2155,0.9090911145
2,2156,0.9090911145
2,2157,0.9090911145
2,2158,0.9090911145
2,2159,0.9090911145
2,2160,0.9090911145
2,2161,0.9090911145
2,2162,0.9090911145
2,2163,0.9090911145
2,2164,0.9090911145
2,2165,0.9090911145
2,2166,0.9090911145
2,2167,0.9090911145
2,2168,0.9090911145
2,2169,0.9090911145
2,2170,0.9090911145
2,2171,0.9090911145
2,2172,0.9090911145
2,2173,0.9090911145
2,2174,0.9090911145
2,2175,0.9090911145
2,2176,0.9090911145
2,2177,0.9090911145
2,2178,0.9090911145
2,2179,0.9090911145
2,2180,0.9090911145
2,2181,0.9090911145
2,2182,0.9090911145
2,2183,0.9090911145
2,2184,0.9090911145
2,2185,0.9090911145
2,2186,0.9090911145
2,2187,0.9090911145
2,2188,0.9090911145
2,2189,0.9090911145
2,2190,0.9090911145
2,2191,0.9090911145
2,2192,0.9090911145
2,2193,0.9090911145
2,2194,0.9090911145
2,2195,0.9090911145
2,2196,0.9090911145
2,2197,0.9090911145
2,2198,0.9090911145
2,2199,0.9090911145
2,2200,0.9090911145
2,2201,0.9090911145
2,2202,0.9090911145
2,2203,0.9090911145
2,2204,0.9090911145
2,2205,0.9090911145
2,2206,0.9090911145
2,2207,0.9090911145
2,2208,0.9090911145
2,2209,0.9090911145
2,2210,0.9090911145
2,2211,0.9090911145
2,2212,0.9090911145
2,2213,0.9090911145
2,2214,0.9090911145
2,2215,0.9090911145
2,2216,0.9090911145
2,2217,0.9090911145
2,2218,0.9090911145
2,2219,0.9090911145
2,2220,0.9090911145
2,2221,0.9090911145
2,2222,0.9090911145
2,2223,0.9090911145
2,2224,0.9090911145
2,2225,0.9090911145
2,2226,0.9090911145
2,2227,0.9090911145
2,2228,0.9090911145
2,2229,0.9090911145
2,2230,0.9090911145
2,2231,0.9090911145
2,2232,0.9090911145
2,2233,0.9090911145
2,2234,0.9090911145
2,2235,0.9090911145
2,2236,0.9090911145
2,2237,0.9090911145
2,2238,0.9090911145
2,2239,0.9090911145
2,2240,0.9090911145
2,2241,0.9090911145
2,2242,0.9090911145
2,2243,0.9090911145
2,2244,0.9090911145
2,2245,0.9090911145
2,2246,0.9090911145
2,2247,0.9090911145
2,2248,0.9090911145
2,2249,0.9090911145
2,2250,0.9090911145
2,2251,0.9090911145
2,2252,0.9090911145
2,2253,0.9090911145
2,2254,0.9090911145
2,2255,0.9090911145
2,2256,0.9090911145
2,2257,0.9090911145
2,2258,0.9090911145
2,2259,0.9090911145
2,2260,0.9090911145
2,2261,0.9090911145
2,2262,0.9090911145
2,2263,0.9090911145
2,2264,0.9090911145
2,2265,0.9090911145
2,2266,0.9090911145
2,2267,0.9090911145
2,2268,0.9090911145
2,2269,0.9090911145
2,2270,0.9090911145
2,2271,0.9090911145
2,2272,0.9090911145
2,2273,0.9090911145
2,2274,0.9090911145
2,2275,0.9090911145
2,2276,0.9090911145
2,2277,0.9090911145
2,2278,0.9090911145
2,2279,0.9090911145
2,2280,0.9090911145
2,2281,0.9090911145
2,2282,0.9090911145
2,2283,0.9090911145
2,2284,0.9090911145
2,2285,0.9090911145
2,2286,0.9090911145
2,2287,0.9090911145
2,2288,0.9090911145
2,2289,0.9090911145
2,2290,0.9090911145
2,2291,0.9090911145
2,2292,0.9090911145
2,2293,0.9090911145
2,2294,0.9090911145
2,2295,0.9090911145
2,2296,0.9090911145
2,2297,0.9090911145
2,2298,0.9090911145
2,2299,0.9090911145
2,2300,0.9090911145
2,2301,0.9090911145
2,2302,0.9090911145
2,2303,0.9090911145
2,2304,0.9090911145
2,2305,0.9090911145
2,2306,0.9090911145
2,2307,0.9090911145
2,2308,0.9090911145
2,2309,0.9090911145
2,2310,0.9090911145
2,2311,0.9090911145
2,2312,0.9090911145
2,2313,0.9090911145
2,2314,0.9090911145
2,2315,0.9090911145
2,2316,0.9090911145
2,2317,0.9090911145
2,2318,0.9090911145
2,2319,0.9090911145
2,2320,0.9090911145
2,2321,0.9090911145
2,2322,0.9090911145
2,2323,0.9090911145
2,2324,0.9090911145
2,2325,0.9090911145
2,2326,0.9090911145
2,2327,0.9090911145
2,2328,0.9090911145
2,2329,0.9090911145
2,2330,0.9090911145
2,2331,0.9090911145
2,2332,0.9090911145
2,2333,0.9090911145
2,2334,0.9090911145
2,2335,0.9090911145
2,2336,0.9090911145
2,2337,0.9090911145
2,2338,0.9090911145
2,2339,0.9090911145
2,2340,0.9090911145
2,2341,0.9090911145
2,2342,0.9090911145
2,2343,0.9090911145
2,2344,0.9090911145
2,2345,0.9090911145
2,2346,0.9090911145
2,2347,0.9090911145
2,2348,0.9090911145
2,2349,0.9090911145
2,2350,0.9090911145
2,2351,0.9090911145
2,2352,0.9090911145
2,2353,0.9090911145
2,2354,0.9090911145
2,2355,0.9090911145
2,2356,0.9090911145
2,2357,0.9090911145
2,2358,0.9090911145
2,2359,0.9090911145
2,2360,0.9090911145
2,2361,0.9090911145
2,2362,0.9090911145
2,2363,0.9090911145
2,2364,0.9090911145
2,2365,0.9090911145
2,2366,0.9090911145
2,2367,0.9090911145
2,2368,0.9090911145
2,2369,0.9090911145
2,2370,0.9090911145
2,2371,0.9090911145
2,2372,0.9090911145
2,2373,0.9090911145
2,2374,0.9090911145
2,2375,0.9090911145
2,2376,0.9090911145
2,2377,0.9090911145
2,2378,0.9090911145
2,2379,0.9090911145
2,2380,0.9090911145
2,2381,0.9090911145
2,2382,0.9090911145
2,2383,0.9090911145
2,2384,0.9090911145
2,2385,0.9090911145
2,2386,0.9090911145
2,2387,0.9090911145
2,2388,0.9090911145
2,2389,0.9090911145
2,2390,0.9090911145
2,2391,0.9090911145
2,2392,0.9090911145
2,2393,0.9090911145
2,2394,0.9090911145
2,2395,0.9090911145
2,2396,0.9090911145
2,2397,0.9090911145
2,2398,0.9090911145
2,2399,0.9090911145
2,2400,0.9090911145
2,2401,0.9090911145
2,2402,0.9090911145
2,2403,0.9090911145
2,2404,0.9090911145
2,2405,0.9090911145
2,2406,0.9090911145
2,2407,0.9090911145
2,2408,0.9090911145
2,2409,0.9090911145
2,2410,0.9090911145
2,2411,0.9090911145
2,2412,0.9090911145
2,2413,0.9090911145
2,2414,0.9090911145
2,2415,0.9090911145
2,2416,0.9090911145
2,2417,0.9090911145
2,2418,0.9090911145
2,2419,0.9090911145
2,2420,0.9090911145
2,2421,0.9090911145
2,2422,0.9090911145
2,2423,0.9090911145
2,2424,0.9090911145
2,2425,0.9090911145
2,2426,0.9090911145
2,2427,0.9090911145
2,2428,0.9090911145
2,2429,0.9090911145
2,2430,0.9090911145
2,2431,0.9090911145
2,2432,0.9090911145
2,2433,0.9090911145
2,2434,0.9090911145
2,2435,0.9090911145
2,2436,0.9090911145
2,2437,0.9090911145
2,2438,0.9090911145
2,2439,0.9090911145
2,2440,0.9090911145
2,2441,0.9090911145
2,2442,0.9090911145
2,2443,0.9090911145
2,2444,0.9090911145
2,2445,0.9090911145
2,2446,0.9090911145
2,2447,0.9090911145
2,2448,0.9090911145
2,2449,0.9090911145
2,2450,0.9090911145
2,2451,0.9090911145
2,2452,0.9090911145
2,2453,0.9090911145
2,2454,0.9090911145
2,2455,0.9090911145
2,2456,0.9090911145
2,2457,0.9090911145
2,2458,0.9090911145
2,2459,0.9090911145
2,2460,0.9090911145
2,2461,0.9090911145
2,2462,0.9090911145
2,2463,0.9090911145
2,2464,0.9090911145
2,2465,0.9090911145
2,2466,0.9090911145
2,2467,0.9090911145
2,2468,0.9090911145
2,2469,0.9090911145
2,2470,0.9090911145
2,2471,0.9090911145
2,2472,0.9090911145
2,2473,0.9090911145
2,2474,0.9090911145
2,2475,0.9090911145
2,2476,0.9090911145
2,2477,0.9090911145
2,2478,0.9090911145
2,2479,0.9090911145
2,2480,0.9090911145
2,2481,0.9090911145
2,2482,0.9090911145
2,2483,0.9090911145
2,2484,0.9090911145
2,2485,0.9090911145
2,2486,0.9090911145
2,2487,0.9090911145
2,2488,0.9090911145
2,2489,0.9090911145
2,2490,0.9090911145
2,2491,0.9090911145
2,2492,0.9090911145
2,2493,0.9090911145
2,2494,0.9090911145
2,2495,0.9090911145
2,2496,0.9090911145
2,2497,0.9090911145
2,2498,0.9090911145
2,2499,0.9090911145
2,2500,0.9090911145
2,2501,0.9090911145
2,2502,0.9090911145
2,2503,0.9090911145
2,2504,0.9090911145
2,2505,0.9090911145
2,2506,0.9090911145
2,2507,0.9090911145
2,2508,0.9090911145
2,2509,0.9090911145
2,2510,0.9090911145
2,2511,0.9090911145
2,2512,0.9090911145
2,2513,0.9090911145
2,2514,0.9090911145
2,2515,0.9090911145
2,2516,0.9090911145
2,2517,0.9090911145
2,2518,0.9090911145
2,2519,0.9090911145
2,2520,0.9090911145
2,2521,0.9090911145
2,2522,0.9090911145
2,2523,0.9090911145
2,2524,0.9090911145
2,2525,0.9090911145
2,2526,0.9090911145
2,2527,0.9090911145
2,2528,0.9090911145
2,2529,0.9090911145
2,2530,0.9090911145
2,2531,0.9090911145
2,2532,0.9090911145
2,2533,0.9090911145
2,2534,0.9090911145
2,2535,0.9090911145
2,2536,0.9090911145
2,2537,0.9090911145
2,2538,0.9090911145
2,2539,0.9090911145
2,2540,0.9090911145
2,2541,0.9090911145
2,2542,0.9090911145
2,2543,0.9090911145
2,2544,0.9090911145
2,2545,0.9090911145
2,2546,0.9090911145
2,2547,0.9090911145
2,2548,0.9090911145
2,2549,0.9090911145
2,2550,0.9090911145
2,2551,0.9090911145
2,2552,0.9090911145
2,2553,0.9090911145
2,2554,0.9090911145
2,2555,0.9090911145
2,2556,0.9090911145
2,2557,0.9090911145
2,2558,0.9090911145
2,2559,0.9090911145
2,2560,0.9090911145
2,2561,0.9090911145
2,2562,0.9090911145
2,2563,0.9090911145
2,2564,0.9090911145
2,2565,0.9090911145
2,2566,0.9090911145
2,2567,0.9090911145
2,2568,0.9090911145
2,2569,0.9090911145
2,2570,0.9090911145
2,2571,0.9090911145
2,2572,0.9090911145
2,2573,0.9090911145
2,2574,0.9090911145
2,2575,0.9090911145
2,2576,0.9090911145
2,2577,0.9090911145
2,2578,0.9090911145
2,2579,0.9090911145
2,2580,0.9090911145
2,2581,0.9090911145
2,2582,0.9090911145
2,2583,0.9090911145
2,2584,0.9090911145
2,2585,0.9090911145
2,2586,0.9090911145
2,2587,0.9090911145
2,2588,0.9090911145
2,2589,0.9090911145
2,2590,0.9090911145
2,2591,0.9090911145
2,2592,0.9090911145
2,2593,0.9090911145
2,2594,0.9090911145
2,2595,0.9090911145
2,2596,0.9090911145
2,2597,0.9090911145
2,2598,0.9090911145
2,2599,0.9090911145
2,2600,0.9090911145
2,2601,0.9090911145
2,2602,0.9090911145
2,2603,0.9090911145
2,2604,0.9090911145
2,2605,0.9090911145
2,2606,0.9090911145
2,2607,0.9090911145
2,2608,0.9090911145
2,2609,0.9090911145
2,2610,0.9090911145
2,2611,0.9090911145
2,2612,0.9090911145
2,2613,0.9090911145
2,2614,0.9090911145
2,2615,0.9090911145
2,2616,0.9090911145
2,2617,0.9090911145
2,2618,0.9090911145
2,2619,0.9090911145
2,2620,0.9090911145
2,2621,0.9090911145
2,2622,0.9090911145
2,2623,0.9090911145
2,2624,0.9090911145
2,2625,0.9090911145
2,2626,0.9090911145
2,2627,0.9090911145
2,2628,0.9090911145
2,2629,0.9090911145
2,2630,0.9090911145
2,2631,0.9090911145
2,2632,0.9090911145
2,2633,0.9090911145
2,2634,0.9090911145
2,2635,0.9090911145
2,2636,0.9090911145
2,2637,0.9090911145
2,2638,0.9090911145
2,2639,0.9090911145
2,2640,0.9090911145
2,2641,0.9090911145
2,2642,0.9090911145
2,2643,0.9090911145
2,2644,0.9090911145
2,2645,0.9090911145
2,2646,0.9090911145
2,2647,0.9090911145
2,2648,0.9090911145
2,2649,0.9090911145
2,2650,0.9090911145
2,2651,0.9090911145
2,2652,0.9090911145
2,2653,0.9090911145
2,2654,0.9090911145
2,2655,0.9090911145
2,2656,0.9090911145
2,2657,0.9090911145
2,2658,0.9090911145
2,2659,0.9090911145
2,2660,0.9090911145
2,2661,0.9090911145
2,2662,0.9090911145
2,2663,0.9090911145
2,2664,0.9090911145
2,2665,0.9090911145
2,2666,0.9090911145
2,2667,0.9090911145
2,2668,0.9090911145
2,2669,0.9090911145
2,2670,0.9090911145
2,2671,0.9090911145
2,2672,0.9090911145
2,2673,0.9090911145
2,2674,0.9090911145
2,2675,0.9090911145
2,2676,0.9090911145
2,2677,0.9090911145
2,2678,0.9090911145
2,2679,0.9090911145
2,2680,0.9090911145
2,2681,0.9090911145
2,2682,0.9090911145
2,2683,0.9090911145
2,2684,0.9090911145
2,2685,0.9090911145
2,2686,0.9090911145
2,2687,0.9090911145
2,2688,0.9090911145
2,2689,0.9090911145
2,2690,0.9090911145
2,2691,0.9090911145
2,2692,0.9090911145
2,2693,0.9090911145
2,2694,0.9090911145
2,2695,0.9090911145
2,2696,0.9090911145
2,2697,0.9090911145
2,2698,0.9090911145
2,2699,0.9090911145
2,2700,0.9090911145
2,2701,0.9090911145
2,2702,0.9090911145
2,2703,0.9090911145
2,2704,0.9090911145
2,2705,0.9090911145
2,2706,0.9090911145
2,2707,0.9090911145
2,2708,0.9090911145
2,2709,0.9090911145
2,2710,0.9090911145
2,2711,0.9090911145
2,2712,0.9090911145
2,2713,0.9090911145
2,2714,0.9090911145
2,2715,0.9090911145
2,2716,0.9090911145
2,2717,0.9090911145
2,2718,0.9090911145
2,2719,0.9090911145
2,2720,0.9090911145
2,2721,0.9090911145
2,2722,0.9090911145
2,2723,0.9090911145
2,2724,0.9090911145
2,2725,0.9090911145
2,2726,0.9090911145
2,2727,0.9090911145
2,2728,0.9090911145
2,2729,0.9090911145
2,2730,0.9090911145
2,2731,0.9090911145
2,2732,0.9090911145
2,2733,0.9090911145
2,2734,0.9090911145
2,2735,0.9090911145
2,2736,0.9090911145
2,2737,0.9090911145
2,2738,0.9090911145
2,2739,0.9090911145
2,2740,0.9090911145
2,2741,0.9090911145
2,2742,0.9090911145
2,2743,0.9090911145
2,2744,0.9090911145
2,2745,0.9090911145
2,2746,0.9090911145
2,2747,0.9090911145
2,2748,0.9090911145
2,2749,0.9090911145
2,2750,0.9090911145
2,2751,0.9090911145
2,2752,0.9090911145
2,2753,0.9090911145
2,2754,0.9090911145
2,2755,0.9090911145
2,2756,0.9090911145
2,2757,0.9090911145
2,2758,0.9090911145
2,2759,0.9090911145
2,2760,0.9090911145
2,2761,0.9090911145
2,2762,0.9090911145
2,2763,0.9090911145
2,2764,0.9090911145
2,2765,0.9090911145
2,2766,0.9090911145
2,2767,0.9090911145
2,2768,0.9090911145
2,2769,0.9090911145
2,2770,0.9090911145
2,2771,0.9090911145
2,2772,0.9090911145
2,2773,0.9090911145
2,2774,0.9090911145
2,2775,0.9090911145
2,2776,0.9090911145
2,2777,0.9090911145
2,2778,0.9090911145
2,2779,0.9090911145
2,2780,0.9090911145
2,2781,0.9090911145
2,2782,0.9090911145
2,2783,0.9090911145
2,2784,0.9090911145
2,2785,0.9090911145
2,2786,0.9090911145
2,2787,0.9090911145
2,2788,0.9090911145
2,2789,0.9090911145
2,2790,0.9090911145
2,2791,0.9090911145
2,2792,0.9090911145
2,2793,0.9090911145
2,2794,0.9090911145
2,2795,0.9090911145
2,2796,0.9090911145
2,2797,0.9090911145
2,2798,0.9090911145
2,2799,0.9090911145
2,2800,0.9090911145
2,2801,0.9090911145
2,2802,0.9090911145
2,2803,0.9090911145
2,2804,0.9090911145
2,2805,0.9090911145
2,2806,0.9090911145
2,2807,0.9090911145
2,2808,0.9090911145
2,2809,0.9090911145
2,2810,0.9090911145
2,2811,0.9090911145
2,2812,0.9090911145
2,2813,0.9090911145
2,2814,0.9090911145
2,2815,0.9090911145
2,2816,0.9090911145
2,2817,0.9090911145
2,2818,0.9090911145
2,2819,0.9090911145
2,2820,0.9090911145
2,2821,0.9090911145
2,2822,0.9090911145
2,2823,0.9090911145
2,2824,0.9090911145
2,2825,0.9090911145
2,2826,0.9090911145
2,2827,0.9090911145
2,2828,0.9090911145
2,2829,0.9090911145
2,2830,0.9090911145
2,2831,0.9090911145
2,2832,0.9090911145
2,2833,0.9090911145
2,2834,0.9090911145
2,2835,0.9090911145
2,2836,0.9090911145
2,2837,0.9090911145
2,2838,0.9090911145
2,2839,0.9090911145
2,2840,0.9090911145
2,2841,0.9090911145
2,2842,0.9090911145
2,2843,0.9090911145
2,2844,0.9090911145
2,2845,0.9090911145
2,2846,0.9090911145
2,2847,0.9090911145
2,2848,0.9090911145
2,2849,0.9090911145
2,2850,0.9090911145
2,2851,0.9090911145
2,2852,0.9090911145
2,2853,0.9090911145
2,2854,0.9090911145
2,2855,0.9090911145
2,2856,0.9090911145
2,2857,0.9090911145
2,2858,0.9090911145
2,2859,0.9090911145
2,2860,0.9090911145
2,2861,0.9090911145
2,2862,0.9090911145
2,2863,0.9090911145
2,2864,0.9090911145
2,2865,0.9090911145
2,2866,0.9090911145
2,2867,0.9090911145
2,2868,0.9090911145
2,2869,0.9090911145
2,2870,0.9090911145
2,2871,0.9090911145
2,2872,0.9090911145
2,2873,0.9090911145
2,2874,0.9090911145
2,2875,0.9090911145
2,2876,0.9090911145
2,2877,0.9090911145
2,2878,0.9090911145
2,2879,0.9090911145
2,2880,0.9090911145
2,2881,0.9090911145
2,2882,0.9090911145
2,2883,0.9090911145
2,2884,0.9090911145
2,2885,0.9090911145
2,2886,0.9090911145
2,2887,0.9090911145
2,2888,0.9090911145
2,2889,0.9090911145
2,2890,0.9090911145
2,2891,0.9090911145
2,2892,0.9090911145
2,2893,0.9090911145
2,2894,0.9090911145
2,2895,0.9090911145
2,2896,0.9090911145
2,2897,0.9090911145
2,2898,0.9090911145
2,2899,0.9090911145
2,2900,0.9090911145
2,2901,0.9090911145
2,2902,0.9090911145
2,2903,0.9090911145
2,2904,0.9090911145
2,2905,0.9090911145
2,2906,0.9090911145
2,2907,0.9090911145
2,2908,0.9090911145
2,2909,0.9090911145
2,2910,0.9090911145
2,2911,0.9090911145
2,2912,0.9090911145
2,2913,0.9090911145
2,2914,0.9090911145
2,2915,0.9090911145
2,2916,0.9090911145
2,2917,0.9090911145
2,2918,0.9090911145
2,2919,0.9090911145
2,2920,0.9090911145
2,2921,0.9090911145
2,2922,0.9090911145
2,2923,0.9090911145
2,2924,0.9090911145
2,2925,0.9090911145
2,2926,0.9090911145
2,2927,0.9090911145
2,2928,0.9090911145
2,2929,0.9090911145
2,2930,0.9090911145
2,2931,0.9090911145
2,2932,0.9090911145
2,2933,0.9090911145
2,2934,0.9090911145
2,2935,0.9090911145
2,2936,0.9090911145
2,2937,0.9090911145
2,2938,0.9090911145
2,2939,0.9090911145
2,2940,0.9090911145
2,2941,0.9090911145
2,2942,0.9090911145
2,2943,0.9090911145
2,2944,0.9090911145
2,2945,0.9090911145
2,2946,0.9090911145
2,2947,0.9090911145
2,2948,0.9090911145
2,2949,0.9090911145
2,2950,0.9090911145
2,2951,0.9090911145
2,2952,0.9090911145
2,2953,0.9090911145
2,2954,0.9090911145
2,2955,0.9090911145
2,2956,0.9090911145
2,2957,0.9090911145
2,2958,0.9090911145
2,2959,0.9090911145
2,2960,0.9090911145
2,2961,0.9090911145
2,2962,0.9090911145
2,2963,0.9090911145
2,2964,0.9090911145
2,2965,0.9090911145
2,2966,0.9090911145
2,2967,0.9090911145
2,2968,0.9090911145
2,2969,0.9090911145
2,2970,0.9090911145
2,2971,0.9090911145
2,2972,0.9090911145
2,2973,0.9090911145
2,2974,0.9090911145
2,2975,0.9090911145
2,2976,0.9090911145
2,2977,0.9090911145
2,2978,0.9090911145
2,2979,0.9090911145
2,2980,0.9090911145
2,2981,0.9090911145
2,2982,0.9090911145
2,2983,0.9090911145
2,2984,0.9090911145
2,2985,0.9090911145
2,2986,0.9090911145
2,2987,0.9090911145
2,2988,0.9090911145
2,2989,0.9090911145
2,2990,0.9090911145
2,2991,0.9090911145
2,2992,0.9090911145
2,2993,0.9090911145
2,2994,0.9090911145
2,2995,0.9090911145
2,2996,0.9090911145
2,2997,0.9090911145
2,2998,0.9090911145
2,2999,0.9090911145
2,3000,0.9090911145
2,3001,0.9090911145
2,3002,0.9090911145
2,3003,0.9090911145
2,3004,0.9090911145
2,3005,0.9090911145
2,3006,0.9090911145
2,3007,0.9090911145
2,3008,0.9090911145
2,3009,0.9090911145
2,3010,0.9090911145
2,3011,0.9090911145
2,3012,0.9090911145
2,3013,0.9090911145
2,3014,0.9090911145
2,3015,0.9090911145
2,3016,0.9090911145
2,3017,0.9090911145
2,3018,0.9090911145
2,3019,0.9090911145
2,3020,0.9090911145
2,3021,0.9090911145
2,3022,0.9090911145
2,3023,0.9090911145
2,3024,0.9090911145
2,3025,0.9090911145
2,3026,0.9090911145
2,3027,0.9090911145
2,3028,0.9090911145
2,3029,0.9090911145
2,3030,0.9090911145
2,3031,0.9090911145
2,3032,0.9090911145
2,3033,0.9090911145
2,3034,0.9090911145
2,3035,0.9090911145
2,3036,0.9090911145
2,3037,0.9090911145
2,3038,0.9090911145
2,3039,0.9090911145
2,3040,0.9090911145
2,3041,0.9090911145
2,3042,0.9090911145
2,3043,0.9090911145
2,3044,0.9090911145
2,3045,0.9090911145
2,3046,0.9090911145
2,3047,0.9090911145
2,3048,0.9090911145
2,3049,0.9090911145
2,3050,0.9090911145
2,3051,0.9090911145
2,3052,0.9090911145
2,3053,0.9090911145
2,3054,0.9090911145
2,3055,0.9090911145
2,3056,0.9090911145
2,3057,0.9090911145
2,3058,0.9090911145
2,3059,0.9090911145
2,3060,0.9090911145
2,3061,0.9090911145
2,3062,0.9090911145
2,3063,0.9090911145
2,3064,0.9090911145
2,3065,0.9090911145
2,3066,0.9090911145
2,3067,0.9090911145
2,3068,0.9090911145
2,3069,0.9090911145
2,3070,0.9090911145
2,3071,0.9090911145
2,3072,0.9090911145
2,3073,0.9090911145
2,3074,0.9090911145
2,3075,0.9090911145
2,3076,0.9090911145
2,3077,0.9090911145
2,3078,0.9090911145
2,3079,0.9090911145
2,3080,0.9090911145
2,3081,0.9090911145
2,3082,0.9090911145
2,3083,0.9090911145
2,3084,0.9090911145
2,3085,0.9090911145
2,3086,0.9090911145
2,3087,0.9090911145
2,3088,0.9090911145
2,3089,0.9090911145
2,3090,0.9090911145
2,3091,0.9090911145
2,3092,0.9090911145
2,3093,0.9090911145
2,3094,0.9090911145
2,3095,0.9090911145
2,3096,0.9090911145
2,3097,0.9090911145
2,3098,0.9090911145
2,3099,0.9090911145
2,3100,0.9090911145
2,3101,0.9090911145
2,3102,0.9090911145
2,3103,0.9090911145
2,3104,0.9090911145
2,3105,0.9090911145
2,3106,0.9090911145
2,3107,0.9090911145
2,3108,0.9090911145
2,3109,0.9090911145
2,3110,0.9090911145
2,3111,0.9090911145
2,3112,0.9090911145
2,3113,0.9090911145
2,3114,0.9090911145
2,3115,0.9090911145
2,3116,0.9090911145
2,3117,0.9090911145
2,3118,0.9090911145
2,3119,0.9090911145
2,3120,0.9090911145
2,3121,0.9090911145
2,3122,0.9090911145
2,3123,0.9090911145
2,3124,0.9090911145
2,3125,0.9090911145
2,3126,0.9090911145
2,3127,0.9090911145
2,3128,0.9090911145
2,3129,0.9090911145
2,3130,0.9090911145
2,3131,0.9090911145
2,3132,0.9090911145
2,3133,0.9090911145
2,3134,0.9090911145
2,3135,0.9090911145
2,3136,0.9090911145
2,3137,0.9090911145
2,3138,0.9090911145
2,3139,0.9090911145
2,3140,0.9090911145
2,3141,0.9090911145
2,3142,0.9090911145
2,3143,0.9090911145
2,3144,0.9090911145
2,3145,0.9090911145
2,3146,0.9090911145
2,3147,0.9090911145
2,3148,0.9090911145
2,3149,0.9090911145
2,3150,0.9090911145
2,3151,0.9090911145
2,3152,0.9090911145
2,3153,0.9090911145
2,3154,0.9090911145
2,3155,0.9090911145
2,3156,0.9090911145
2,3157,0.9090911145
2,3158,0.9090911145
2,3159,0.9090911145
2,3160,0.9090911145
2,3161,0.9090911145
2,3162,0.9090911145
2,3163,0.9090911145
2,3164,0.9090911145
2,3165,0.9090911145
2,3166,0.9090911145
2,3167,0.9090911145
2,3168,0.9090911145
2,3169,0.9090911145
2,3170,0.9090911145
2,3171,0.9090911145
2,3172,0.9090911145
2,3173,0.9090911145
2,3174,0.9090911145
2,3175,0.9090911145
2,3176,0.9090911145
2,3177,0.9090911145
2,3178,0.9090911145
2,3179,0.9090911145
2,3180,0.9090911145
2,3181,0.9090911145
2,3182,0.9090911145
2,3183,0.9090911145
2,3184,0.9090911145
2,3185,0.9090911145
2,3186,0.9090911145
2,3187,0.9090911145
2,3188,0.9090911145
2,3189,0.9090911145
2,3190,0.9090911145
2,3191,0.9090911145
2,3192,0.9090911145
2,3193,0.9090911145
2,3194,0.9090911145
2,3195,0.9090911145
2,3196,0.9090911145
2,3197,0.9090911145
2,3198,0.9090911145
2,3199,0.9090911145
2,3200,0.9090911145
2,3201,0.9090911145
2,3202,0.9090911145
2,3203,0.9090911145
2,3204,0.9090911145
2,3205,0.9090911145
2,3206,0.9090911145
2,3207,0.9090911145
2,3208,0.9090911145
2,3209,0.9090911145
2,3210,0.9090911145
2,3211,0.9090911145
2,3212,0.9090911145
2,3213,0.9090911145
2,3214,0.9090911145
2,3215,0.9090911145
2,3216,0.9090911145
2,3217,0.9090911145
2,3218,0.9090911145
2,3219,0.9090911145
2,3220,0.9090911145
2,3221,0.9090911145
2,3222,0.9090911145
2,3223,0.9090911145
2,3224,0.9090911145
2,3225,0.9090911145
2,3226,0.9090911145
2,3227,0.9090911145
2,3228,0.9090911145
2,3229,0.9090911145
2,3230,0.9090911145
2,3231,0.9090911145
2,3232,0.9090911145
2,3233,0.9090911145
2,3234,0.9090911145
2,3235,0.9090911145
2,3236,0.9090911145
2,3237,0.9090911145
2,3238,0.9090911145
2,3239,0.9090911145
2,3240,0.9090911145
2,3241,0.9090911145
2,3242,0.9090911145
2,3243,0.9090911145
2,3244,0.9090911145
2,3245,0.9090911145
2,3246,0.9090911145
2,3247,0.9090911145
2,3248,0.9090911145
2,3249,0.9090911145
2,3250,0.9090911145
2,3251,0.9090911145
2,3252,0.9090911145
2,3253,0.9090911145
2,3254,0.9090911145
2,3255,0.9090911145
2,3256,0.9090911145
2,3257,0.9090911145
2,3258,0.9090911145
2,3259,0.9090911145
2,3260,0.9090911145
2,3261,0.9090911145
2,3262,0.9090911145
2,3263,0.9090911145
2,3264,0.9090911145
2,3265,0.9090911145
2,3266,0.9090911145
2,3267,0.9090911145
2,3268,0.9090911145
2,3269,0.9090911145
2,3270,0.9090911145
2,3271,0.9090911145
2,3272,0.9090911145
2,3273,0.9090911145
2,3274,0.9090911145
2,3275,0.9090911145
2,3276,0.9090911145
2,3277,0.9090911145
2,3278,0.9090911145
2,3279,0.9090911145
2,3280,0.9090911145
2,3281,0.9090911145
2,3282,0.9090911145
2,3283,0.9090911145
2,3284,0.9090911145
2,3285,0.9090911145
2,3286,0.9090911145
2,3287,0.9090911145
2,3288,0.9090911145
2,3289,0.9090911145
2,3290,0.9090911145
2,3291,0.9090911145
2,3292,0.9090911145
2,3293,0.9090911145
2,3294,0.9090911145
2,3295,0.9090911145
2,3296,0.9090911145
2,3297,0.9090911145
2,3298,0.9090911145
2,3299,0.9090911145
2,3300,0.9090911145
2,3301,0.9090911145
2,3302,0.9090911145
2,3303,0.9090911145
2,3304,0.9090911145
2,3305,0.9090911145
2,3306,0.9090911145
2,3307,0.9090911145
2,3308,0.9090911145
2,3309,0.9090911145
2,3310,0.9090911145
2,3311,0.9090911145
2,3312,0.9090911145
2,3313,0.9090911145
2,3314,0.9090911145
2,3315,0.9090911145
2,3316,0.9090911145
2,3317,0.9090911145
2,3318,0.9090911145
2,3319,0.9090911145
2,3320,0.9090911145
2,3321,0.9090911145
2,3322,0.9090911145
2,3323,0.9090911145
2,3324,0.9090911145
2,3325,0.9090911145
2,3326,0.9090911145
2,3327,0.9090911145
2,3328,0.9090911145
2,3329,0.9090911145
2,3330,0.9090911145
2,3331,0.9090911145
2,3332,0.9090911145
2,3333,0.9090911145
2,3334,0.9090911145
2,3335,0.9090911145
2,3336,0.9090911145
2,3337,0.9090911145
2,3338,0.9090911145
2,3339,0.9090911145
2,3340,0.9090911145
2,3341,0.9090911145
2,3342,0.9090911145
2,3343,0.9090911145
2,3344,0.9090911145
2,3345,0.9090911145
2,3346,0.9090911145
2,3347,0.9090911145
2,3348,0.9090911145
2,3349,0.9090911145
2,3350,0.9090911145
2,3351,0.9090911145
2,3352,0.9090911145
2,3353,0.9090911145
2,3354,0.9090911145
2,3355,0.9090911145
2,3356,0.9090911145
2,3357,0.9090911145
2,3358,0.9090911145
2,3359,0.9090911145
2,3360,0.9090911145
2,3361,0.9090911145
2,3362,0.9090911145
2,3363,0.9090911145
2,3364,0.9090911145
2,3365,0.9090911145
2,3366,0.9090911145
2,3367,0.9090911145
2,3368,0.9090911145
2,3369,0.9090911145
2,3370,0.9090911145
2,3371,0.9090911145
2,3372,0.9090911145
2,3373,0.9090911145
2,3374,0.9090911145
2,3375,0.9090911145
2,3376,0.9090911145
2,3377,0.9090911145
2,3378,0.9090911145
2,3379,0.9090911145
2,3380,0.9090911145
2,3381,0.9090911145
2,3382,0.9090911145
2,3383,0.9090911145
2,3384,0.9090911145
2,3385,0.9090911145
2,3386,0.9090911145
2,3387,0.9090911145
2,3388,0.9090911145
2,3389,0.9090911145
2,3390,0.9090911145
2,3391,0.9090911145
2,3392,0.9090911145
2,3393,0.9090911145
2,3394,0.9090911145
2,3395,0.9090911145
2,3396,0.9090911145
2,3397,0.9090911145
2,3398,0.9090911145
2,3399,0.9090911145
2,3400,0.9090911145
2,3401,0.9090911145
2,3402,0.9090911145
2,3403,0.9090911145
2,3404,0.9090911145
2,3405,0.9090911145
2,3406,0.9090911145
2,3407,0.9090911145
2,3408,0.9090911145
2,3409,0.9090911145
2,3410,0.9090911145
2,3411,0.9090911145
2,3412,0.9090911145
2,3413,0.9090911145
2,3414,0.9090911145
2,3415,0.9090911145
2,3416,0.9090911145
2,3417,0.9090911145
2,3418,0.9090911145
2,3419,0.9090911145
2,3420,0.9090911145
2,3421,0.9090911145
2,3422,0.9090911145
2,3423,0.9090911145
2,3424,0.9090911145
2,3425,0.9090911145
2,3426,0.9090911145
2,3427,0.9090911145
2,3428,0.9090911145
2,3429,0.9090911145
2,3430,0.9090911145
2,3431,0.9090911145
2,3432,0.9090911145
2,3433,0.9090911145
2,3434,0.9090911145
2,3435,0.9090911145
2,3436,0.9090911145
2,3437,0.9090911145
2,3438,0.9090911145
2,3439,0.9090911145
2,3440,0.9090911145
2,3441,0.9090911145
2,3442,0.9090911145
2,3443,0.9090911145
2,3444,0.9090911145
2,3445,0.9090911145
2,3446,0.9090911145
2,3447,0.9090911145
2,3448,0.9090911145
2,3449,0.9090911145
2,3450,0.9090911145
2,3451,0.9090911145
2,3452,0.9090911145
2,3453,0.9090911145
2,3454,0.9090911145
2,3455,0.9090911145
2,3456,0.9090911145
2,3457,0.9090911145
2,3458,0.9090911145
2,3459,0.9090911145
2,3460,0.9090911145
2,3461,0.9090911145
2,3462,0.9090911145
2,3463,0.9090911145
2,3464,0.9090911145
2,3465,0.9090911145
2,3466,0.9090911145
2,3467,0.9090911145
2,3468,0.9090911145
2,3469,0.9090911145
2,3470,0.9090911145
2,3471,0.9090911145
2,3472,0.9090911145
2,3473,0.9090911145
2,3474,0.9090911145
2,3475,0.9090911145
2,3476,0.9090911145
2,3477,0.9090911145
2,3478,0.9090911145
2,3479,0.9090911145
2,3480,0.9090911145
2,3481,0.9090911145
2,3482,0.9090911145
2,3483,0.9090911145
2,3484,0.9090911145
2,3485,0.9090911145
2,3486,0.9090911145
2,3487,0.9090911145
2,3488,0.9090911145
2,3489,0.9090911145
2,3490,0.9090911145
2,3491,0.9090911145
2,3492,0.9090911145
2,3493,0.9090911145
2,3494,0.9090911145
2,3495,0.9090911145
2,3496,0.9090911145
2,3497,0.9090911145
2,3498,0.9090911145
2,3499,0.9090911145
2,3500,0.9090911145
2,3501,0.9090911145
2,3502,0.9090911145
2,3503,0.9090911145
2,3504,0.9090911145
2,3505,0.9090911145
2,3506,0.9090911145
2,3507,0.9090911145
2,3508,0.9090911145
2,3509,0.9090911145
2,3510,0.9090911145
2,3511,0.9090911145
2,3512,0.9090911145
2,3513,0.9090911145
2,3514,0.9090911145
2,3515,0.9090911145
2,3516,0.9090911145
2,3517,0.9090911145
2,3518,0.9090911145
2,3519,0.9090911145
2,3520,0.9090911145
2,3521,0.9090911145
2,3522,0.9090911145
2,3523,0.9090911145
2,3524,0.9090911145
2,3525,0.9090911145
2,3526,0.9090911145
2,3527,0.9090911145
2,3528,0.9090911145
2,3529,0.9090911145
2,3530,0.9090911145
2,3531,0.9090911145
2,3532,0.9090911145
2,3533,0.9090911145
2,3534,0.9090911145
2,3535,0.9090911145
2,3536,0.9090911145
2,3537,0.9090911145
2,3538,0.9090911145
2,3539,0.9090911145
2,3540,0.9090911145
2,3541,0.9090911145
2,3542,0.9090911145
2,3543,0.9090911145
2,3544,0.9090911145
2,3545,0.9090911145
2,3546,0.9090911145
2,3547,0.9090911145
2,3548,0.9090911145
2,3549,0.9090911145
2,3550,0.9090911145
2,3551,0.9090911145
2,3552,0.9090911145
2,3553,0.9090911145
2,3554,0.9090911145
2,3555,0.9090911145
2,3556,0.9090911145
2,3557,0.9090911145
2,3558,0.9090911145
2,3559,0.9090911145
2,3560,0.9090911145
2,3561,0.9090911145
2,3562,0.9090911145
2,3563,0.9090911145
2,3564,0.9090911145
2,3565,0.9090911145
2,3566,0.9090911145
2,3567,0.9090911145
2,3568,0.9090911145
2,3569,0.9090911145
2,3570,0.9090911145
2,3571,0.9090911145
2,3572,0.9090911145
2,3573,0.9090911145
2,3574,0.9090911145
2,3575,0.9090911145
2,3576,0.9090911145
2,3577,0.9090911145
2,3578,0.9090911145
2,3579,0.9090911145
2,3580,0.9090911145
2,3581,0.9090911145
2,3582,0.9090911145
2,3583,0.9090911145
2,3584,0.9090911145
2,3585,0.9090911145
2,3586,0.9090911145
2,3587,0.9090911145
2,3588,0.9090911145
2,3589,0.9090911145
2,3590,0.9090911145
2,3591,0.9090911145
2,3592,0.9090911145
2,3593,0.9090911145
2,3594,0.9090911145
2,3595,0.9090911145
2,3596,0.9090911145
2,3597,0.9090911145
2,3598,0.9090911145
2,3599,0.9090911145
2,3600,0.9090911145
2,3601,0.9090911145
2,3602,0.9090911145
2,3603,0.9090911145
2,3604,0.9090911145
2,3605,0.9090911145
2,3606,0.9090911145
2,3607,0.9090911145
2,3608,0.9090911145
2,3609,0.9090911145
2,3610,0.9090911145
2,3611,0.9090911145
2,3612,0.9090911145
2,3613,0.9090911145
2,3614,0.9090911145
2,3615,0.9090911145
2,3616,0.9090911145
2,3617,0.9090911145
2,3618,0.9090911145
2,3619,0.9090911145
2,3620,0.9090911145
2,3621,0.9090911145
2,3622,0.9090911145
2,3623,0.9090911145
2,3624,0.9090911145
2,3625,0.9090911145
2,3626,0.9090911145
2,3627,0.9090911145
2,3628,0.9090911145
2,3629,0.9090911145
2,3630,0.9090911145
2,3631,0.9090911145
2,3632,0.9090911145
2,3633,0.9090911145
2,3634,0.9090911145
2,3635,0.9090911145
2,3636,0.9090911145
2,3637,0.9090911145
2,3638,0.9090911145
2,3639,0.9090911145
2,3640,0.9090911145
2,3641,0.9090911145
2,3642,0.9090911145
2,3643,0.9090911145
2,3644,0.9090911145
2,3645,0.9090911145
2,3646,0.9090911145
2,3647,0.9090911145
2,3648,0.9090911145
2,3649,0.9090911145
2,3650,0.9090911145
2,3651,0.9090911145
2,3652,0.9090911145
2,3653,0.9090911145
2,3654,0.9090911145
2,3655,0.9090911145
2,3656,0.9090911145
2,3657,0.9090911145
2,3658,0.9090911145
2,3659,0.9090911145
2,3660,0.9090911145
2,3661,0.9090911145
2,3662,0.9090911145
2,3663,0.9090911145
2,3664,0.9090911145
2,3665,0.9090911145
2,3666,0.9090911145
2,3667,0.9090911145
2,3668,0.9090911145
2,3669,0.9090911145
2,3670,0.9090911145
2,3671,0.9090911145
2,3672,0.9090911145
2,3673,0.9090911145
2,3674,0.9090911145
2,3675,0.9090911145
2,3676,0.9090911145
2,3677,0.9090911145
2,3678,0.9090911145
2,3679,0.9090911145
2,3680,0.9090911145
2,3681,0.9090911145
2,3682,0.9090911145
2,3683,0.9090911145
2,3684,0.9090911145
2,3685,0.9090911145
2,3686,0.9090911145
2,3687,0.9090911145
2,3688,0.9090911145
2,3689,0.9090911145
2,3690,0.9090911145
2,3691,0.9090911145
2,3692,0.9090911145
2,3693,0.9090911145
2,3694,0.9090911145
2,3695,0.9090911145
2,3696,0.9090911145
2,3697,0.9090911145
2,3698,0.9090911145
2,3699,0.9090911145
2,3700,0.9090911145
2,3701,0.9090911145
2,3702,0.9090911145
2,3703,0.9090911145
2,3704,0.9090911145
2,3705,0.9090911145
2,3706,0.9090911145
2,3707,0.9090911145
2,3708,0.9090911145
2,3709,0.9090911145
2,3710,0.9090911145
2,3711,0.9090911145
2,3712,0.9090911145
2,3713,0.9090911145
2,3714,0.9090911145
2,3715,0.9090911145
2,3716,0.9090911145
2,3717,0.9090911145
2,3718,0.9090911145
2,3719,0.9090911145
2,3720,0.9090911145
2,3721,0.9090911145
2,3722,0.9090911145
2,3723,0.9090911145
2,3724,0.9090911145
2,3725,0.9090911145
2,3726,0.9090911145
2,3727,0.9090911145
2,3728,0.9090911145
2,3729,0.9090911145
2,3730,0.9090911145
2,3731,0.9090911145
2,3732,0.9090911145
2,3733,0.9090911145
2,3734,0.9090911145
2,3735,0.9090911145
2,3736,0.9090911145
2,3737,0.9090911145
2,3738,0.9090911145
2,3739,0.9090911145
2,3740,0.9090911145
2,3741,0.9090911145
2,3742,0.9090911145
2,3743,0.9090911145
2,3744,0.9090911145
2,3745,0.9090911145
2,3746,0.9090911145
2,3747,0.9090911145
2,3748,0.9090911145
2,3749,0.9090911145
2,3750,0.9090911145
2,3751,0.9090911145
2,3752,0.9090911145
2,3753,0.9090911145
2,3754,0.9090911145
2,3755,0.9090911145
2,3756,0.9090911145
2,3757,0.9090911145
2,3758,0.9090911145
2,3759,0.9090911145
2,3760,0.9090911145
2,3761,0.9090911145
2,3762,0.9090911145
2,3763,0.9090911145
2,3764,0.9090911145
2,3765,0.9090911145
2,3766,0.9090911145
2,3767,0.9090911145
2,3768,0.9090911145
2,3769,0.9090911145
2,3770,0.9090911145
2,3771,0.9090911145
2,3772,0.9090911145
2,3773,0.9090911145
2,3774,0.9090911145
2,3775,0.9090911145
2,3776,0.9090911145
2,3777,0.9090911145
2,3778,0.9090911145
2,3779,0.9090911145
2,3780,0.9090911145
2,3781,0.9090911145
2,3782,0.9090911145
2,3783,0.9090911145
2,3784,0.9090911145
2,3785,0.9090911145
2,3786,0.9090911145
2,3787,0.9090911145
2,3788,0.9090911145
2,3789,0.9090911145
2,3790,0.9090911145
2,3791,0.9090911145
2,3792,0.9090911145
2,3793,0.9090911145
2,3794,0.9090911145
2,3795,0.9090911145
2,3796,0.9090911145
2,3797,0.9090911145
2,3798,0.9090911145
2,3799,0.9090911145
2,3800,0.9090911145
2,3801,0.9090911145
2,3802,0.9090911145
2,3803,0.9090911145
2,3804,0.9090911145
2,3805,0.9090911145
2,3806,0.9090911145
2,3807,0.9090911145
2,3808,0.9090911145
2,3809,0.9090911145
2,3810,0.9090911145
2,3811,0.9090911145
2,3812,0.9090911145
2,3813,0.9090911145
2,3814,0.9090911145
2,3815,0.9090911145
2,3816,0.9090911145
2,3817,0.9090911145
2,3818,0.9090911145
2,3819,0.9090911145
2,3820,0.9090911145
2,3821,0.9090911145
2,3822,0.9090911145
2,3823,0.9090911145
2,3824,0.9090911145
2,3825,0.9090911145
2,3826,0.9090911145
2,3827,0.9090911145
2,3828,0.9090911145
2,3829,0.9090911145
2,3830,0.9090911145
2,3831,0.9090911145
2,3832,0.9090911145
2,3833,0.9090911145
2,3834,0.9090911145
2,3835,0.9090911145
2,3836,0.9090911145
2,3837,0.9090911145
2,3838,0.9090911145
2,3839,0.9090911145
2,3840,0.9090911145
2,3841,0.9090911145
2,3842,0.9090911145
2,3843,0.9090911145
2,3844,0.9090911145
2,3845,0.9090911145
2,3846,0.9090911145
2,3847,0.9090911145
2,3848,0.9090911145
2,3849,0.9090911145
2,3850,0.9090911145
2,3851,0.9090911145
2,3852,0.9090911145
2,3853,0.9090911145
2,3854,0.9090911145
2,3855,0.9090911145
2,3856,0.9090911145
2,3857,0.9090911145
2,3858,0.9090911145
2,3859,0.9090911145
2,3860,0.9090911145
2,3861,0.9090911145
2,3862,0.9090911145
2,3863,0.9090911145
2,3864,0.9090911145
2,3865,0.9090911145
2,3866,0.9090911145
2,3867,0.9090911145
2,3868,0.9090911145
2,3869,0.9090911145
2,3870,0.9090911145
2,3871,0.9090911145
2,3872,0.9090911145
2,3873,0.9090911145
2,3874,0.9090911145
2,3875,0.9090911145
2,3876,0.9090911145
2,3877,0.9090911145
2,3878,0.9090911145
2,3879,0.9090911145
2,3880,0.9090911145
2,3881,0.9090911145
2,3882,0.9090911145
2,3883,0.9090911145
2,3884,0.9090911145
2,3885,0.9090911145
2,3886,0.9090911145
2,3887,0.9090911145
2,3888,0.9090911145
2,3889,0.9090911145
2,3890,0.9090911145
2,3891,0.9090911145
2,3892,0.9090911145
2,3893,0.9090911145
2,3894,0.9090911145
2,3895,0.9090911145
2,3896,0.9090911145
2,3897,0.9090911145
2,3898,0.9090911145
2,3899,0.9090911145
2,3900,0.9090911145
2,3901,0.9090911145
2,3902,0.9090911145
2,3903,0.9090911145
2,3904,0.9090911145
2,3905,0.9090911145
2,3906,0.9090911145
2,3907,0.9090911145
2,3908,0.9090911145
2,3909,0.9090911145
2,3910,0.9090911145
2,3911,0.9090911145
2,3912,0.9090911145
2,3913,0.9090911145
2,3914,0.9090911145
2,3915,0.9090911145
2,3916,0.9090911145
2,3917,0.9090911145
2,3918,0.9090911145
2,3919,0.9090911145
2,3920,0.9090911145
2,3921,0.9090911145
2,3922,0.9090911145
2,3923,0.9090911145
2,3924,0.9090911145
2,3925,0.9090911145
2,3926,0.9090911145
2,3927,0.9090911145
2,3928,0.9090911145
2,3929,0.9090911145
2,3930,0.9090911145
2,3931,0.9090911145
2,3932,0.9090911145
2,3933,0.9090911145
2,3934,0.9090911145
2,3935,0.9090911145
2,3936,0.9090911145
2,3937,0.9090911145
2,3938,0.9090911145
2,3939,0.9090911145
2,3940,0.9090911145
2,3941,0.9090911145
2,3942,0.9090911145
2,3943,0.9090911145
2,3944,0.9090911145
2,3945,0.9090911145
2,3946,0.9090911145
2,3947,0.9090911145
2,3948,0.9090911145
2,3949,0.9090911145
2,3950,0.9090911145
2,3951,0.9090911145
2,3952,0.9090911145
2,3953,0.9090911145
2,3954,0.9090911145
2,3955,0.9090911145
2,3956,0.9090911145
2,3957,0.9090911145
2,3958,0.9090911145
2,3959,0.9090911145
2,3960,0.9090911145
2,3961,0.9090911145
2,3962,0.9090911145
2,3963,0.9090911145
2,3964,0.9090911145
2,3965,0.9090911145
2,3966,0.9090911145
2,3967,0.9090911145
2,3968,0.9090911145
2,3969,0.9090911145
2,3970,0.9090911145
2,3971,0.9090911145
2,3972,0.9090911145
2,3973,0.9090911145
2,3974,0.9090911145
2,3975,0.9090911145
2,3976,0.9090911145
2,3977,0.9090911145
2,3978,0.9090911145
2,3979,0.9090911145
2,3980,0.9090911145
2,3981,0.9090911145
2,3982,0.9090911145
2,3983,0.9090911145
2,3984,0.9090911145
2,3985,0.9090911145
2,3986,0.9090911145
2,3987,0.9090911145
2,3988,0.9090911145
2,3989,0.9090911145
2,3990,0.9090911145
2,3991,0.9090911145
2,3992,0.9090911145
2,3993,0.9090911145
2,3994,0.9090911145
2,3995,0.9090911145
2,3996,0.9090911145
2,3997,0.9090911145
2,3998,0.9090911145
2,3999,0.9090911145
2,4000,0.9090911145
2,4001,0.9090911145
2,4002,0.9090911145
2,4003,0.9090911145
2,4004,0.9090911145
2,4005,0.9090911145
2,4006,0.9090911145
2,4007,0.9090911145
2,4008,0.9090911145
2,4009,0.9090911145
2,4010,0.9090911145
2,4011,0.9090911145
2,4012,0.9090911145
2,4013,0.9090911145
2,4014,0.9090911145
2,4015,0.9090911145
2,4016,0.9090911145
2,4017,0.9090911145
2,4018,0.9090911145
2,4019,0.9090911145
2,4020,0.9090911145
2,4021,0.9090911145
2,4022,0.9090911145
2,4023,0.9090911145
2,4024,0.9090911145
2,4025,0.9090911145
2,4026,0.9090911145
2,4027,0.9090911145
2,4028,0.9090911145
2,4029,0.9090911145
2,4030,0.9090911145
2,4031,0.9090911145
2,4032,0.9090911145
2,4033,0.9090911145
2,4034,0.9090911145
2,4035,0.9090911145
2,4036,0.9090911145
2,4037,0.9090911145
2,4038,0.9090911145
2,4039,0.9090911145
2,4040,0.9090911145
2,4041,0.9090911145
2,4042,0.9090911145
2,4043,0.9090911145
2,4044,0.9090911145
2,4045,0.9090911145
2,4046,0.9090911145
2,4047,0.9090911145
2,4048,0.9090911145
2,4049,0.9090911145
2,4050,0.9090911145
2,4051,0.9090911145
2,4052,0.9090911145
2,4053,0.9090911145
2,4054,0.9090911145
2,4055,0.9090911145
2,4056,0.9090911145
2,4057,0.9090911145
2,4058,0.9090911145
2,4059,0.9090911145
2,4060,0.9090911145
2,4061,0.9090911145
2,4062,0.9090911145
2,4063,0.9090911145
2,4064,0.9090911145
2,4065,0.9090911145
2,4066,0.9090911145
2,4067,0.9090911145
2,4068,0.9090911145
2,4069,0.9090911145
2,4070,0.9090911145
2,4071,0.9090911145
2,4072,0.9090911145
2,4073,0.9090911145
2,4074,0.9090911145
2,4075,0.9090911145
2,4076,0.9090911145
2,4077,0.9090911145
2,4078,0.9090911145
2,4079,0.9090911145
2,4080,0.9090911145
2,4081,0.9090911145
2,4082,0.9090911145
2,4083,0.9090911145
2,4084,0.9090911145
2,4085,0.9090911145
2,4086,0.9090911145
2,4087,0.9090911145
2,4088,0.9090911145
2,4089,0.9090911145
2,4090,0.9090911145
2,4091,0.9090911145
2,4092,0.9090911145
2,4093,0.9090911145
2,4094,0.9090911145
2,4095,0.9090911145
2,4096,0.9090911145
2,4097,0.9090911145
2,4098,0.9090911145
2,4099,0.9090911145
2,4100,0.9090911145
2,4101,0.9090911145
2,4102,0.9090911145
2,4103,0.9090911145
2,4104,0.9090911145
2,4105,0.9090911145
2,4106,0.9090911145
2,4107,0.9090911145
2,4108,0.9090911145
2,4109,0.9090911145
2,4110,0.9090911145
2,4111,0.9090911145
2,4112,0.9090911145
2,4113,0.9090911145
2,4114,0.9090911145
2,4115,0.9090911145
2,4116,0.9090911145
2,4117,0.9090911145
2,4118,0.9090911145
2,4119,0.9090911145
2,4120,0.9090911145
2,4121,0.9090911145
2,4122,0.9090911145
2,4123,0.9090911145
2,4124,0.9090911145
2,4125,0.9090911145
2,4126,0.9090911145
2,4127,0.9090911145
2,4128,0.9090911145
2,4129,0.9090911145
2,4130,0.9090911145
2,4131,0.9090911145
2,4132,0.9090911145
2,4133,0.9090911145
2,4134,0.9090911145
2,4135,0.9090911145
2,4136,0.9090911145
2,4137,0.9090911145
2,4138,0.9090911145
2,4139,0.9090911145
2,4140,0.9090911145
2,4141,0.9090911145
2,4142,0.9090911145
2,4143,0.9090911145
2,4144,0.9090911145
2,4145,0.9090911145
2,4146,0.9090911145
2,4147,0.9090911145
2,4148,0.9090911145
2,4149,0.9090911145
2,4150,0.9090911145
2,4151,0.9090911145
2,4152,0.9090911145
2,4153,0.9090911145
2,4154,0.9090911145
2,4155,0.9090911145
2,4156,0.9090911145
2,4157,0.9090911145
2,4158,0.9090911145
2,4159,0.9090911145
2,4160,0.9090911145
2,4161,0.9090911145
2,4162,0.9090911145
2,4163,0.9090911145
2,4164,0.9090911145
2,4165,0.9090911145
2,4166,0.9090911145
2,4167,0.9090911145
2,4168,0.9090911145
2,4169,0.9090911145
2,4170,0.9090911145
2,4171,0.9090911145
2,4172,0.9090911145
2,4173,0.9090911145
2,4174,0.9090911145
2,4175,0.9090911145
2,4176,0.9090911145
2,4177,0.9090911145
2,4178,0.9090911145
2,4179,0.9090911145
2,4180,0.9090911145
2,4181,0.9090911145
2,4182,0.9090911145
2,4183,0.9090911145
2,4184,0.9090911145
2,4185,0.9090911145
2,4186,0.9090911145
2,4187,0.9090911145
2,4188,0.9090911145
2,4189,0.9090911145
2,4190,0.9090911145
2,4191,0.9090911145
2,4192,0.9090911145
2,4193,0.9090911145
2,4194,0.9090911145
2,4195,0.9090911145
2,4196,0.9090911145
2,4197,0.9090911145
2,4198,0.9090911145
2,4199,0.9090911145
3,0,11.58319832
3,1,8.10899473
3,2,8.811969572
3,3,8.387210212
3,4,12.6449572
3,5,11.7203153
3,6,18.15786309
3,7,21.90829949
3,8,11.79825502
3,9,16.8775208
3,10,6.834217643
3,11,7.924260993
3,12,22.20523129
3,13,10.62446125
3,14,7.912683719
3,15,8.36494772
3,16,16.30545527
3,17,8.241252431
3,18,15.8081072
3,19,6.836210628
3,20,15.61133246
3,21,6.096023548
3,22,14.1061472
3,23,4.613935108
3,24,20.79299875
3,25,12.19893264
3,26,8.368172938
3,27,14.7133069
3,28,11.07688073
3,29,8.383307561
3,30,13.0236696
3,31,10.42388405
3,32,15.60296207
3,33,9.348758666
3,34,12.51914506
3,35,15.61588186
3,36,5.838796916
3,37,9.686133692
3,38,11.88989012
3,39,10.77961517
3,40,4.364561142
3,41,9.749989755
3,42,5.778583219
3,43,9.806218301
3,44,11.43030892
3,45,7.37243354
3,46,12.59640572
3,47,9.73960951
3,48,36.02821753
3,49,9.494480208
3,50,15.45360655
3,51,10.02858379
3,52,15.60667082
3,53,14.71708602
3,54,12.96284509
3,55,9.088525525
3,56,11.93494732
3,57,11.41675161
3,58,11.23332535
3,59,9.669726756
3,60,11.48744945
3,61,13.11051842
3,62,7.62616555
3,63,14.60469347
3,64,7.199202128
3,65,24.00475156
3,66,14.4709817
3,67,6.93373394
3,68,17.1564733
3,69,5.101651064
3,70,14.52150926
3,71,6.152639153
3,72,13.13087058
3,73,6.698899284
3,74,10.64435414
3,75,12.40699844
3,76,11.20451624
3,77,11.88371037
3,78,5.76461364
3,79,32.16426891
3,80,7.82690442
3,81,21.33750239
3,82,9.749216364
3,83,18.36796849
3,84,8.993903894
3,85,18.16986277
3,86,10.34139712
3,87,12.52941053
3,88,8.761214931
3,89,7.791337773
3,90,8.722337754
3,91,13.46488646
3,92,6.439052976
3,93,10.13428432
3,94,12.13769124
3,95,9.338525076
3,96,4.1541085
3,97,5.130637987
3,98,8.120909582
3,99,15.29652698
3,100,8.772142403
3,101,6.845510782
3,102,17.6203455
3,103,9.812247816
3,104,11.77612132
3,105,11.50558758
3,106,9.595397495
3,107,12.65647518
3,108,19.0500794
3,109,7.191251533
3,110,15.20310421
3,111,7.058204902
3,112,12.31659175
3,113,14.94192894
3,114,11.14460596
3,115,6.068617283
3,116,22.47241391
3,117,3.65033167
3,118,14.22364014
3,119,12.03808117
3,120,20.93027524
3,121,13.34558834
3,122,11.17527699
3,123,12.83824235
3,124,14.59398388
3,125,23.0966321
3,126,14.27269768
3,127,10.68341728
3,128,8.830314371
3,129,8.652197018
3,130,9.663597674
3,131,5.502979525
3,132,8.898123263
3,133,4.492964648
3,134,12.56899084
3,135,8.115731235
3,136,13.78988418
3,137,25.43130703
3,138,7.216223838
3,139,19.64984469
3,140,9.792693171
3,141,10.26787767
3,142,12.82627668
3,143,6.39311875
3,144,15.33664976
3,145,8.984623652
3,146,16.14257307
3,147,12.39803606
3,148,7.930108811
3,149,10.81006138
3,150,6.506531068
3,151,13.02611994
3,152,3.490258604
3,153,10.82803984
3,154,7.754792766
3,155,9.274159135
3,156,16.70939944
3,157,10.37636404
3,158,15.33738316
3,159,18.91345026
3,160,7.123717663
3,161,17.87494179
3,162,8.230715891
3,163,11.56161328
3,164,14.37926871
3,165,9.441693642
3,166,14.92253478
3,167,16.30735782
3,168,10.56316473
3,169,16.19556571
3,170,10.92553872
3,171,6.408338855
3,172,8.473046605
3,173,11.95165686
3,174,5.192519456
3,175,9.593996657
3,176,11.27854161
3,177,30.07350323
3,178,6.108839788
3,179,14.21449362
3,180,8.154145892
3,181,5.783347967
3,182,9.929982316
3,183,10.24233451
3,184,4.297803431
3,185,7.070126593
3,186,7.15738417
3,187,14.54961859
3,188,8.39495244
3,189,11.41791021
3,190,9.750641184
3,191,13.64377754
3,192,6.550326044
3,193,18.73010142
3,194,6.293371283
3,195,9.130882559
3,196,6.036396373
3,197,8.053640474
3,198,10.37877054
3,199,13.62785639
3,200,7.759501354
3,201,5.884220464
3,202,6.527362373
3,203,11.74992084
3,204,12.77393086
3,205,9.10110751
3,206,10.02719721
3,207,10.49342547
3,208,8.751629562
3,209,13.44587253
3,210,7.84934682
3,211,6.922985257
3,212,8.68430641
3,213,15.33278588
3,214,5.77873709
3,215,18.64756032
3,216,6.743431131
3,217,8.361511966
3,218,4.942204638
3,219,19.63752611
3,220,5.466581986
3,221,23.25670959
3,222,7.293644399
3,223,12.49352
3,224,10.08811409
3,225,7.243435818
3,226,6.756276285
3,227,6.967635399
3,228,15.21088552
3,229,6.232393346
3,230,7.524945643
3,231,13.90539628
3,232,15.76084469
3,233,14.12882811
3,234,10.98874245
3,235,8.06416654
3,236,13.14544237
3,237,16.00548492
3,238,9.313539286
3,239,15.00242526
3,240,11.20582642
3,241,15.53249666
3,242,6.285738328
3,243,3.794065894
3,244,8.280035566
3,245,3.620834482
3,246,25.1053032
3,247,10.69039121
3,248,15.69329011
3,249,12.34030278
3,250,12.14838832
3,251,7.475898524
3,252,9.044724218
3,253,7.824288856
3,254,11.42444831
3,255,8.606334657
3,256,7.751552735
3,257,10.91643889
3,258,6.590021577
3,259,8.139301776
3,260,6.529223932
3,261,22.91951945
3,262,9.720574285
3,263,4.592588065
3,264,13.12034257
3,265,12.71248755
3,266,12.65424589
3,267,5.826169319
3,268,11.33891297
3,269,6.286990582
3,270,6.95966862
3,271,10.25972688
3,272,10.1785665
3,273,3.807544759
3,274,8.495203953
3,275,14.56145757
3,276,8.171350979
3,277,10.00006541
3,278,4.953372789
3,279,13.79659988
3,280,15.74838236
3,281,17.99760558
3,282,18.59930219
3,283,6.314637923
3,284,17.88553552
3,285,5.838425665
3,286,14.30118308
3,287,9.668108985
3,288,7.769374345
3,289,7.201192687
3,290,16.92080416
3,291,1.886273918
3,292,4.248764853
3,293,11.4259168
3,294,9.675025197
3,295,6.381905344
3,296,6.929743149
3,297,17.26613672
3,298,6.301187431
3,299,11.20983172
3,300,10.21471734
3,301,10.42087078
3,302,9.314442922
3,303,3.330391566
3,304,8.681479596
3,305,15.54077665
3,306,7.571478198
3,307,12.33936571
3,308,11.87017521
3,309,3.299999868
3,310,12.02608277
3,311,8.974605257
3,312,4.549010315
3,313,7.148427402
3,314,9.519273539
3,315,3.141354527
3,316,8.96788663
3,317,10.08412417
3,318,8.24753845
3,319,7.062996101
3,320,3.295813701
3,321,8.469793479
3,322,7.770514398
3,323,12.65737499
3,324,9.03971064
3,325,9.044046354
3,326,12.53660531
3,327,5.345562022
3,328,6.757107882
3,329,8.466808333
3,330,5.588110567
3,331,6.272296654
3,332,9.578593924
3,333,2.707197163
3,334,11.98043229
3,335,4.967371029
3,336,10.84667477
3,337,11.86676888
3,338,6.655704715
3,339,10.03678759
3,340,9.286748903
3,341,7.972356452
3,342,8.634065592
3,343,6.875380842
3,344,21.83030161
3,345,8.277343284
3,346,8.797911313
3,347,10.18103867
3,348,7.884325706
3,349,11.9875577
3,350,7.667495117
3,351,6.154189326
3,352,6.103873933
3,353,5.023156375
3,354,13.77338426
3,355,5.94958802
3,356,14.18531448
3,357,9.727824143
3,358,8.883951282
3,359,8.763970553
3,360,6.366469622
3,361,12.62512989
3,362,4.227864859
3,363,10.49802859
3,364,4.677003774
3,365,8.193796439
3,366,8.610001261
3,367,6.298163175
3,368,6.393793547
3,369,7.189356517
3,370,10.48490143
3,371,8.221641825
3,372,11.39134605
3,373,4.174343945
3,374,7.120298755
3,375,14.65102855
3,376,4.949213966
3,377,8.720608073
3,378,11.80571334
3,379,10.5203054
3,380,4.098144558
3,381,9.7552273
3,382,11.035266
3,383,6.987680975
3,384,7.692396539
3,385,7.272188582
3,386,12.18354758
3,387,14.92696161
3,388,3.358544358
3,389,13.01471406
3,390,3.567133618
3,391,6.072254697
3,392,3.795005406
3,393,8.68652754
3,394,5.368769221
3,395,6.883951282
3,396,5.077052298
3,397,6.85392947
3,398,7.652283195
3,399,6.875486951
3,400,10.3288946
3,401,10.00839286
3,402,12.40190844
3,403,3.792195213
3,404,7.665654972
3,405,9.389455182
3,406,6.428314817
3,407,4.640644596
3,408,7.708664145
3,409,7.905374359
3,410,4.547300875
3,411,8.98085484
3,412,6.930409036
3,413,7.752560574
3,414,6.407206082
3,415,7.535432733
3,416,4.883172569
3,417,7.743559356
3,418,3.357971925
3,419,4.455845081
3,420,7.446041534
3,421,4.081501995
3,422,5.366872947
3,423,9.060828221
3,424,9.840410441
3,425,6.335169827
3,426,5.867206983
3,427,6.079307336
3,428,10.33930141
3,429,10.34874015
3,430,5.729374163
3,431,10.34147206
3,432,4.91091465
3,433,7.626330515
3,434,7.818484392
3,435,6.426870091
3,436,9.201143664
3,437,4.863068618
3,438,7.952025372
3,439,7.794022693
3,440,5.689524965
3,441,7.397413231
3,442,8.149409822
3,443,11.38799276
3,444,8.109434526
3,445,14.37521382
3,446,9.312478513
3,447,7.75712633
3,448,7.885763821
3,449,4.291954568
3,450,8.838652435
3,451,4.764207897
3,452,9.595691089
3,453,8.034633781
3,454,12.71194203
3,455,6.067650152
3,456,7.999382116
3,457,10.95534337
3,458,8.385596301
3,459,8.11609675
3,460,10.34139719
3,461,4.142433835
3,462,2.755230442
3,463,3.085833552
3,464,3.920562474
3,465,5.536512207
3,466,6.477781543
3,467,8.004599984
3,468,6.889377039
3,469,6.283075626
3,470,8.827086008
3,471,6.341887735
3,472,7.338736396
3,473,5.646340523
3,474,7.439001918
3,475,6.557717355
3,476,3.268002552
3,477,7.863866466
3,478,5.230761309
3,479,6.821670184
3,480,7.314356158
3,481,8.635092463
3,482,8.22225018
3,483,6.166464474
3,484,4.523158037
3,485,6.971034624
3,486,8.606449956
3,487,4.933237657
3,488,5.447812763
3,489,10.01807618
3,490,4.544420352
3,491,10.83306433
3,492,5.514247919
3,493,5.380335649
3,494,13.39835369
3,495,5.098874543
3,496,11.30914184
3,497,7.167262378
3,498,7.824569818
3,499,4.417281942
3,500,6.95355598
3,501,8.590324174
3,502,8.134160342
3,503,6.516856338
3,504,9.992924899
3,505,6.421927793
3,506,6.798850894
3,507,4.942956563
3,508,3.52900338
3,509,5.573273684
3,510,3.930052009
3,511,5.179352813
3,512,3.435856693
3,513,9.162253036
3,514,6.560021796
3,515,5.402852465
3,516,8.525424352
3,517,5.4040437
3,518,10.21934951
3,519,5.445077832
3,520,9.549331943
3,521,4.745508161
3,522,6.854353176
3,523,7.135558297
3,524,9.830364702
3,525,6.748610534
3,526,6.379203621
3,527,7.201383999
3,528,8.422310341
3,529,4.540072529
3,530,6.392279576
3,531,6.909949301
3,532,6.30686624
3,533,5.79505737
3,534,9.632987194
3,535,9.755093748
3,536,10.9291658
3,537,6.015255802
3,538,5.435059492
3,539,9.022894488
3,540,5.425722449
3,541,6.232393346
3,542,12.81904134
3,543,6.502933925
3,544,6.241686259
3,545,9.068588087
3,546,6.864191335
3,547,6.390054467
3,548,4.291382135
3,549,5.739055911
3,550,6.672875566
3,551,6.015522147
3,552,6.110440238
3,553,10.75403627
3,554,7.799051109
3,555,5.948918505
3,556,11.30837699
3,557,6.101032468
3,558,10.05497169
3,559,6.08295474
3,560,5.772850769
3,561,6.734016166
3,562,4.78181361
3,563,7.401417137
3,564,8.712490306
3,565,5.704229282
3,566,6.762363857
3,567,5.252485474
3,568,4.747635375
3,569,7.841677187
3,570,5.138808705
3,571,6.888697961
3,572,5.56354397
3,573,8.064034139
3,574,4.456628627
3,575,9.057268481
3,576,9.240164089
3,577,5.555628789
3,578,3.421680496
3,579,6.386895831
3,580,6.96004691
3,581,4.94209926
3,582,3.963912031
3,583,4.238868572
3,584,7.247175017
3,585,10.49443955
3,586,5.219544205
3,587,3.496065928
3,588,7.606009211
3,589,2.063955936
3,590,4.861347538
3,591,5.968175168
3,592,1.686527902
3,593,9.896113104
3,594,10.19575819
3,595,6.181215518
3,596,9.288912553
3,597,5.624112302
3,598,7.206869627
3,599,8.192488124
3,600,7.154461678
3,601,3.314828162
3,602,2.195109028
3,603,9.893598919
3,604,6.564569502
3,605,6.653821457
3,606,7.077770407
3,607,6.380710342
3,608,8.121744175
3,609,9.422323506
3,610,7.102607003
3,611,6.430135557
3,612,10.66738956
3,613,3.457876658
3,614,5.798452547
3,615,5.49617117
3,616,8.413478931
3,617,4.755766091
3,618,2.315820705
3,619,3.496065928
3,620,4.615794805
3,621,5.320886717
3,622,10.25808563
3,623,3.797005377
3,624,4.381361486
3,625,3.254170854
3,626,5.166298644
3,627,4.459174381
3,628,7.688154025
3,629,7.454641882
3,630,6.073742857
3,631,2.831220347
3,632,6.258583961
3,633,5.963481606
3,634,4.908671059
3,635,6.844378556
3,636,6.764101939
3,637,5.028152656
3,638,8.227898084
3,639,5.884695263
3,640,6.119216501
3,641,1.890829902
3,642,5.143291063
3,643,6.553679567
3,644,3.330391566
3,645,7.41694996
3,646,4.058226951
3,647,5.077840286
3,648,5.286282285
3,649,3.446247093
3,650,9.037585559
3,651,5.174153491
3,652,6.890443685
3,653,8.472001188
3,654,4.671930455
3,655,4.335770528
3,656,2.541739199
3,657,3.085833552
3,658,8.457220184
3,659,5.138041985
3,660,2.348285657
3,661,7.612350939
3,662,2.513435612
3,663,6.644457193
3,664,6.525843961
3,665,2.653729573
3,666,3.094265615
3,667,3.32778457
3,668,5.666590483
3,669,3.452042364
3,670,8.582292786
3,671,7.117092826
3,672,3.202417116
3,673,5.230761377
3,674,1.216036997
3,675,5.951443381
3,676,4.080939472
3,677,6.933974734
3,678,3.375997636
3,679,8.509925403
3,680,5.201820852
3,681,4.21722456
3,682,4.317080466
3,683,4.021528439
3,684,4.097305049
3,685,6.939149764
3,686,3.889776665
3,687,5.999561428
3,688,4.134835395
3,689,7.955665205
3,690,7.439700724
3,691,7.950274001
3,692,11.30203888
3,693,5.808005439
3,694,6.205959199
3,695,6.752085913
3,696,6.294506794
3,697,6.018909715
3,698,3.273379954
3,699,7.639993166
3,700,4.97649021
3,701,3.574581355
3,702,1.08396294
3,703,7.999667881
3,704,6.468293588
3,705,5.907707991
3,706,3.253090811
3,707,10.0654099
3,708,6.247160791
3,709,4.729150257
3,710,7.565510149
3,711,9.366107122
3,712,1.086773133
3,713,6.877932354
3,714,3.549533519
3,715,5.072750071
3,716,4.621661824
3,717,5.310072899
3,718,6.24451121
3,719,7.40813949
3,720,3.421680496
3,721,3.047088844
3,722,4.357814305
3,723,8.41041065
3,724,7.90939712
3,725,6.419838777
3,726,3.189417014
3,727,7.388371529
3,728,5.801272122
3,729,6.420162491
3,730,2.594714352
3,731,2.831220347
3,732,1.232263481
3,733,3.019653696
3,734,8.422698981
3,735,6.041697386
3,736,3.549396395
3,737,5.417421065
3,738,4.884890863
3,739,3.743157946
3,740,4.084312188
3,741,6.311827799
3,742,10.63918421
3,743,5.239640251
3,744,5.357466332
3,745,1.052528078
3,746,7.939951455
3,747,6.976324751
3,748,4.171766653
3,749,6.627214577
3,750,6.353415355
3,751,3.615213724
3,752,7.585026896
3,753,4.01381454
3,754,2.587140621
3,755,6.886761475
3,756,3.376937148
3,757,2.102329462
3,758,5.411122175
3,759,5.239115491
3,760,3.692675788
3,761,3.315434832
3,762,10.43532229
3,763,7.348914076
3,764,6.793584117
3,765,3.968060848
3,766,6.235469866
3,767,3.213983612
3,768,1.743169765
3,769,2.709539788
3,770,4.492859269
3,771,3.315434832
3,772,3.76014155
3,773,4.10025753
3,774,4.724367945
3,775,5.757486211
3,776,3.054018872
3,777,6.892452743
3,778,1.929098049
3,779,3.846979358
3,780,3.434906197
3,781,3.590163952
3,782,1.903074263
3,783,5.675609606
3,784,3.740940728
3,785,5.835477359
3,786,8.387311357
3,787,9.481743181
3,788,4.356764754
3,789,6.538771298
3,790,4.452470658
3,791,2.838544329
3,792,1.052528078
3,793,4.670612308
3,794,1
3,795,4.180465875
3,796,3.537707328
3,797,4.039655067
3,798,4.822958873
3,799,8.552626277
3,800,2.598956866
3,801,3.084068249
3,802,5.967796345
3,803,9.240104742
3,804,6.009787275
3,805,2.755230442
3,806,4.338316282
3,807,2.193238347
3,808,0.9062809215
3,809,5.870405789
3,810,6.770261737
3,811,7.007887708
3,812,5.46865701
3,813,3.123074726
3,814,3.511869245
3,815,2.709835847
3,816,7.742973989
3,817,5.328519671
3,818,3.315424239
3,819,3.216426726
3,820,3.539643679
3,821,6.305180269
3,822,4.425078329
3,823,4.196302562
3,824,2.233416687
3,825,1
3,826,2.50804798
3,827,3.067162526
3,828,2.735859634
3,829,1.984362423
3,830,3.82162532
3,831,6.064142846
3,832,3.549533519
3,833,1.345690659
3,834,2.238854125
3,835,3.856949052
3,836,5.272704812
3,837,4.039655067
3,838,4.552379429
3,839,2.739963106
3,840,3.496709313
3,841,6.64744227
3,842,2.84963899
3,843,8.580127008
3,844,6.836450272
3,845,6.733510053
3,846,6.546935535
3,847,7.459412484
3,848,4.538860534
3,849,1.216036997
3,850,2.022817128
3,851,7.985788676
3,852,5.337455033
3,853,3.431417399
3,854,3.029187678
3,855,4.106761453
3,856,1.185174569
3,857,3.429465227
3,858,1.052528078
3,859,4.167483606
3,860,1.393902274
3,861,1.393902274
3,862,1.984362423
3,863,1.393902274
3,864,0.9990604876
3,865,4.149682676
3,866,5.803322846
3,867,2.493502723
3,868,2.685729999
3,869,5.30376402
3,870,5.597259361
3,871,1.08396294
3,872,1.929098049
3,873,2.072202203
3,874,3.96046585
3,875,1.232263481
3,876,6.325534825
3,877,4.734769951
3,878,3.716655092
3,879,4.850235117
3,880,9.233940959
3,881,2.776444555
3,882,3.96372463
3,883,2.50804798
3,884,1.345690659
3,885,8.04968132
3,886,3.07030553
3,887,1.399158249
3,888,3.262390672
3,889,1.08396294
3,890,2.493502723
3,891,7.232612259
3,892,6.922031509
3,893,4.397973219
3,894,5.345562022
3,895,5.049155294
3,896,7.704874442
3,897,2.396925605
3,898,3.504841322
3,899,2.924058373
3,900,2.315820705
3,901,3.311999372
3,902,2.526579267
3,903,3.920562474
3,904,4.264795893
3,905,2.496312916
3,906,5.493181103
3,907,3.527132699
3,908,0.9062809215
3,909,1.929098049
3,910,2.072202203
3,911,2.939218305
3,912,4.6161167
3,913,3.388880305
3,914,2.595206789
3,915,3.886292396
3,916,1.713042506
3,917,1.345690659
3,918,0.9990604876
3,919,2.179949096
3,920,1.835949331
3,921,4.167851697
3,922,5.027995016
3,923,4.320009963
3,924,6.863822265
3,925,1.984362423
3,926,4.748022226
3,927,2.102329462
3,928,2.505237787
3,929,4.057042203
3,930,2.944647525
3,931,1.216036997
3,932,1.185174569
3,933,2.022817128
3,934,5.097289717
3,935,3.74504594
3,936,4.0252895
3,937,2.043067088
3,938,4.908108655
3,939,2.513435612
3,940,4.381448318
3,941,2.381223109
3,942,3.579660777
3,943,4.143081661
3,944,1.713042506
3,945,3.530865159
3,946,2.653369761
3,947,3.446430284
3,948,3.225759422
3,949,1.052528078
3,950,3.674898268
3,951,3.256233815
3,952,4.791813251
3,953,3.856949052
3,954,3.762067954
3,955,2.692114537
3,956,3.246164187
3,957,2.925891391
3,958,5.852269682
3,959,3.77560296
3,960,3.241945092
3,961,4.265326728
3,962,5.204452195
3,963,5.066128857
3,964,2.641803265
3,965,4.908671059
3,966,3.239115628
3,967,3.670236853
3,968,4.365539954
3,969,2.08716953
3,970,2.348285657
3,971,2.888263648
3,972,1.232263481
3,973,2.051374804
3,974,2.255080609
3,975,2.428312021
3,976,2.92531753
3,977,3.96372463
3,978,2.50804798
3,979,0.9090911145
3,980,0.9090911145
3,981,3.094265615
3,982,5.819168141
3,983,3.23170089
3,984,3.485931313
3,985,1.086773133
3,986,3.116900323
3,987,1.08396294
3,988,1.903074263
3,989,1.08396294
3,990,1.08396294
3,991,2.249884221
3,992,2.869796555
3,993,2.562460875
3,994,1.216036997
3,995,1.185174569
3,996,1.399158249
3,997,3.03012719
3,998,2.925891391
3,999,4.608795659
3,1000,3.315424239
3,1001,3.662912802
3,1002,3.527132699
3,1003,5.643347902
3,1004,4.196302562
3,1005,3.446247093
3,1006,2.051374804
3,1007,2.069152324
3,1008,1.086773133
3,1009,2.878228618
3,1010,2.318630898
3,1011,0.9090911145
3,1012,2.102329462
3,1013,0.9062809215
3,1014,0.9062809215
3,1015,0.9062809215
3,1016,3.035934515
3,1017,0.9990604876
3,1018,1.835949331
3,1019,2.396925605
3,1020,1.185174569
3,1021,2.134546223
3,1022,3.347344942
3,1023,3.602863986
3,1024,3.247423345
3,1025,1.232263481
3,1026,3.883977687
3,1027,2.526579267
3,1028,1.185174569
3,1029,1.399158249
3,1030,2.862178411
3,1031,2.803258867
3,1032,3.485931313
3,1033,5.11375081
3,1034,1.838765087
3,1035,2.429225236
3,1036,3.432356911
3,1037,4.114016016
3,1038,2.62557678
3,1039,1.838765087
3,1040,1.838765087
3,1041,4.212234142
3,1042,2.087570967
3,1043,1.686527902
3,1044,4.466969572
3,1045,2.988433436
3,1046,3.747791811
3,1047,2.740134615
3,1048,3.092212298
3,1049,0.9090911145
3,1050,3.079512265
3,1051,0.9062809215
3,1052,0.9062809215
3,1053,0.9062809215
3,1054,1.713042506
3,1055,2.379148085
3,1056,2.594714352
3,1057,3.32778457
3,1058,4.041091515
3,1059,3.704602096
3,1060,2.671507093
3,1061,1.490618484
3,1062,1.490618484
3,1063,1.490618484
3,1064,2.671507093
3,1065,2.409275344
3,1066,4.756924691
3,1067,5.558626383
3,1068,3.083390438
3,1069,2.022817128
3,1070,0.9090911145
3,1071,0.9090911145
3,1072,0.9090911145
3,1073,1.886273918
3,1074,1.743169765
3,1075,2.315820705
3,1076,3.686126396
3,1077,0.9062809215
3,1078,1.929098049
3,1079,3.049385006
3,1080,1.713042506
3,1081,1.345690659
3,1082,1.490618484
3,1083,1.490618484
3,1084,1.490618484
3,1085,4.348510935
3,1086,4.03575766
3,1087,3.776095398
3,1088,1
3,1089,1.345690659
3,1090,0.9990604876
3,1091,1.835949331
3,1092,2.081078633
3,1093,1.490618484
3,1094,1.490618484
3,1095,1.490618484
3,1096,3.019295864
3,1097,1.920851783
3,1098,2.106780068
3,1099,2.063955936
3,1100,2.943668911
3,1101,3.261828148
3,1102,3.477865145
3,1103,2.249884221
3,1104,1.086773133
3,1105,2.28001148
3,1106,1.08396294
3,1107,1.08396294
3,1108,1.08396294
3,1109,2.348285657
3,1110,3.692675788
3,1111,4.270290714
3,1112,4.579242673
3,1113,3.577954071
3,1114,3.377191239
3,1115,3.591174919
3,1116,2.641803265
3,1117,2.069152324
3,1118,2.180888608
3,1119,1.185174569
3,1120,2.239808153
3,1121,1.838765087
3,1122,6.589006019
3,1123,3.641668827
3,1124,3.450366928
3,1125,2.562269338
3,1126,4.211890826
3,1127,2.179949096
3,1128,1.835949331
3,1129,1
3,1130,2.368507787
3,1131,2.412085537
3,1132,1.905884456
3,1133,1.086773133
3,1134,1.905884456
3,1135,1.086773133
3,1136,2.063955936
3,1137,1.920851783
3,1138,1.08396294
3,1139,1.08396294
3,1140,1.08396294
3,1141,1.08396294
3,1142,2.249884221
3,1143,1.086773133
3,1144,1.086773133
3,1145,1.086773133
3,1146,1.086773133
3,1147,1.086773133
3,1148,1.086773133
3,1149,1.905884456
3,1150,1.086773133
3,1151,1.086773133
3,1152,2.28001148
3,1153,2.777016989
3,1154,1.08396294
3,1155,1.890724524
3,1156,1.920851783
3,1157,1.903074263
3,1158,1.08396294
3,1159,1.08396294
3,1160,1.08396294
3,1161,1.08396294
3,1162,3.516319851
3,1163,4.360950921
3,1164,2.690243856
3,1165,1.929098049
3,1166,2.072202203
3,1167,1.886273918
3,1168,1.743169765
3,1169,0.9062809215
3,1170,0.9062809215
3,1171,0.9062809215
3,1172,0.9062809215
3,1173,2.163111088
3,1174,2.783023422
3,1175,0.9990604876
3,1176,0.9990604876
3,1177,2.802319354
3,1178,2.179949096
3,1179,0.9990604876
3,1180,0.9990604876
3,1181,2.179949096
3,1182,0.9990604876
3,1183,0.9990604876
3,1184,0.9990604876
3,1185,0.9990604876
3,1186,2.021877616
3,1187,0.9990604876
3,1188,0.9990604876
3,1189,0.9990604876
3,1190,0.9990604876
3,1191,1.835949331
3,1192,2.081078633
3,1193,1.490618484
3,1194,1.216036997
3,1195,2.207991697
3,1196,2.595206789
3,1197,2.693054049
3,1198,0.9090911145
3,1199,0.9090911145
3,1200,0.9090911145
3,1201,0.9090911145
3,1202,0.9090911145
3,1203,0.9090911145
3,1204,1.886273918
3,1205,2.765986893
3,1206,2.072202203
3,1207,0.9090911145
3,1208,0.9090911145
3,1209,0.9090911145
3,1210,0.9090911145
3,1211,0.9090911145
3,1212,0.9090911145
3,1213,0.9090911145
3,1214,0.9090911145
3,1215,0.9090911145
3,1216,0.9090911145
3,1217,0.9090911145
3,1218,0.9090911145
3,1219,0.9090911145
3,1220,0.9090911145
3,1221,0.9090911145
3,1222,0.9090911145
3,1223,1.185174569
3,1224,1
3,1225,1.345690659
3,1226,1.216036997
3,1227,1
3,1228,1
3,1229,0.9090911145
3,1230,0.9090911145
3,1231,0.9090911145
3,1232,0.9090911145
3,1233,0.9090911145
3,1234,3.268002552
3,1235,2.318630898
3,1236,4.693222481
3,1237,1
3,1238,1.185174569
3,1239,1
3,1240,1.185174569
3,1241,1
3,1242,1.185174569
3,1243,1.399158249
3,1244,2.022817128
3,1245,1.984362423
3,1246,2.587140621
3,1247,3.477865145
3,1248,3.261828148
3,1249,4.455047949
3,1250,1.08396294
3,1251,1.903074263
3,1252,1.08396294
3,1253,1.08396294
3,1254,1.08396294
3,1255,1.08396294
3,1256,1.08396294
3,1257,1.08396294
3,1258,1.08396294
3,1259,1.08396294
3,1260,1.08396294
3,1261,1.08396294
3,1262,1.08396294
3,1263,1.08396294
3,1264,1.08396294
3,1265,1.08396294
3,1266,1.08396294
3,1267,1.08396294
3,1268,1.08396294
3,1269,1.08396294
3,1270,1.08396294
3,1271,1.08396294
3,1272,1.903074263
3,1273,2.106780068
3,1274,3.227067024
3,1275,3.574221543
3,1276,3.297946551
3,1277,1.08396294
3,1278,1.08396294
3,1279,1.08396294
3,1280,1.08396294
3,1281,1.08396294
3,1282,1.08396294
3,1283,1.08396294
3,1284,2.106780068
3,1285,2.249884221
3,1286,2.869796555
3,1287,0.9990604876
3,1288,1.835949331
3,1289,1.216036997
3,1290,1.185174569
3,1291,1
3,1292,1.345690659
3,1293,2.081078633
3,1294,1.490618484
3,1295,1.490618484
3,1296,1.216036997
3,1297,1.185174569
3,1298,1.232263481
3,1299,1.232263481
3,1300,1.232263481
3,1301,2.653369761
3,1302,3.398218668
3,1303,2.653369761
3,1304,1.052528078
3,1305,1.052528078
3,1306,1.052528078
3,1307,1.052528078
3,1308,1.052528078
3,1309,2.248576618
3,1310,1.052528078
3,1311,1.052528078
3,1312,1.052528078
3,1313,1.052528078
3,1314,1.052528078
3,1315,1.052528078
3,1316,1.052528078
3,1317,1.052528078
3,1318,2.233416687
3,1319,1.052528078
3,1320,1.052528078
3,1321,1.052528078
3,1322,1.052528078
3,1323,1.052528078
3,1324,1.052528078
3,1325,1.052528078
3,1326,1.052528078
3,1327,1.052528078
3,1328,1.052528078
3,1329,1.052528078
3,1330,1.052528078
3,1331,1.052528078
3,1332,1.052528078
3,1333,1.052528078
3,1334,1.052528078
3,1335,1.052528078
3,1336,1.052528078
3,1337,1.052528078
3,1338,1.052528078
3,1339,1.052528078
3,1340,1.052528078
3,1341,1.052528078
3,1342,1.052528078
3,1343,1.052528078
3,1344,1.052528078
3,1345,1.052528078
3,1346,1.052528078
3,1347,1.052528078
3,1348,1.052528078
3,1349,1.052528078
3,1350,1.052528078
3,1351,1.052528078
3,1352,1.052528078
3,1353,2.075345206
3,1354,2.248576618
3,1355,1.052528078
3,1356,1.052528078
3,1357,1.052528078
3,1358,2.233416687
3,1359,1.052528078
3,1360,1.052528078
3,1361,1.052528078
3,1362,1.052528078
3,1363,1.052528078
3,1364,1.052528078
3,1365,2.075345206
3,1366,2.248576618
3,1367,1.052528078
3,1368,1.052528078
3,1369,1.052528078
3,1370,1.052528078
3,1371,1.052528078
3,1372,1.052528078
3,1373,1.052528078
3,1374,1.052528078
3,1375,1.052528078
3,1376,1.052528078
3,1377,1.052528078
3,1378,1.052528078
3,1379,1.052528078
3,1380,1.052528078
3,1381,1.052528078
3,1382,1.052528078
3,1383,1.889416921
3,1384,1.399158249
3,1385,2.022817128
3,1386,1.984362423
3,1387,1.393902274
3,1388,1.393902274
3,1389,1.393902274
3,1390,1.393902274
3,1391,1.393902274
3,1392,1.393902274
3,1393,1.393902274
3,1394,1.393902274
3,1395,1.393902274
3,1396,1.393902274
3,1397,1.393902274
3,1398,1.393902274
3,1399,1.393902274
3,1400,1.393902274
3,1401,1.393902274
3,1402,1.393902274
3,1403,1.393902274
3,1404,1.393902274
3,1405,1.393902274
3,1406,1.393902274
3,1407,1.393902274
3,1408,1.393902274
3,1409,1.393902274
3,1410,1.393902274
3,1411,1.393902274
3,1412,1.393902274
3,1413,1.393902274
3,1414,1.393902274
3,1415,1.393902274
3,1416,1.393902274
3,1417,1.393902274
3,1418,1.393902274
3,1419,1.393902274
3,1420,1.393902274
3,1421,1.393902274
3,1422,1.393902274
3,1423,1.345690659
3,1424,1.216036997
3,1425,1
3,1426,1
3,1427,1
3,1428,1.345690659
3,1429,1.216036997
3,1430,1
3,1431,1.185174569
3,1432,1
3,1433,1.345690659
3,1434,1.216036997
3,1435,1
3,1436,1.185174569
3,1437,1.399158249
3,1438,1
3,1439,1.185174569
3,1440,1.399158249
3,1441,1
3,1442,0.9090911145
3,1443,0.9090911145
3,1444,0.9090911145
3,1445,0.9090911145
3,1446,0.9090911145
3,1447,0.9090911145
3,1448,0.9090911145
3,1449,0.9090911145
3,1450,0.9090911145
3,1451,0.9090911145
3,1452,0.9090911145
3,1453,0.9090911145
3,1454,0.9090911145
3,1455,0.9090911145
3,1456,0.9090911145
3,1457,0.9090911145
3,1458,0.9090911145
3,1459,0.9090911145
3,1460,0.9090911145
3,1461,0.9090911145
3,1462,0.9090911145
3,1463,0.9090911145
3,1464,0.9090911145
3,1465,0.9090911145
3,1466,0.9090911145
3,1467,0.9090911145
3,1468,0.9090911145
3,1469,0.9090911145
3,1470,0.9090911145
3,1471,0.9090911145
3,1472,0.9090911145
3,1473,0.9090911145
3,1474,0.9090911145
3,1475,0.9090911145
3,1476,0.9090911145
3,1477,0.9090911145
3,1478,0.9090911145
3,1479,0.9090911145
3,1480,0.9090911145
3,1481,0.9090911145
3,1482,0.9090911145
3,1483,0.9090911145
3,1484,0.9090911145
3,1485,0.9090911145
3,1486,0.9090911145
3,1487,0.9090911145
3,1488,0.9090911145
3,1489,0.9090911145
3,1490,0.9090911145
3,1491,0.9090911145
3,1492,0.9090911145
3,1493,0.9090911145
3,1494,0.9090911145
3,1495,0.9090911145
3,1496,0.9090911145
3,1497,0.9090911145
3,1498,0.9090911145
3,1499,0.9090911145
3,1500,0.9090911145
3,1501,0.9090911145
3,1502,0.9090911145
3,1503,0.9090911145
3,1504,0.9090911145
3,1505,0.9090911145
3,1506,0.9090911145
3,1507,0.9090911145
3,1508,0.9090911145
3,1509,0.9090911145
3,1510,0.9090911145
3,1511,0.9090911145
3,1512,0.9090911145
3,1513,0.9090911145
3,1514,0.9090911145
3,1515,0.9090911145
3,1516,0.9090911145
3,1517,0.9090911145
3,1518,0.9090911145
3,1519,0.9090911145
3,1520,0.9090911145
3,1521,0.9090911145
3,1522,0.9090911145
3,1523,0.9090911145
3,1524,0.9090911145
3,1525,0.9090911145
3,1526,0.9090911145
3,1527,0.9090911145
3,1528,0.9090911145
3,1529,0.9090911145
3,1530,0.9090911145
3,1531,0.9090911145
3,1532,0.9090911145
3,1533,0.9090911145
3,1534,0.9090911145
3,1535,0.9090911145
3,1536,0.9090911145
3,1537,0.9090911145
3,1538,0.9090911145
3,1539,0.9090911145
3,1540,0.9090911145
3,1541,0.9090911145
3,1542,0.9090911145
3,1543,0.9090911145
3,1544,0.9090911145
3,1545,1.886273918
3,1546,1.743169765
3,1547,0.9062809215
3,1548,0.9062809215
3,1549,0.9062809215
3,1550,0.9062809215
3,1551,0.9062809215
3,1552,0.9062809215
3,1553,0.9062809215
3,1554,0.9062809215
3,1555,0.9062809215
3,1556,0.9062809215
3,1557,0.9062809215
3,1558,0.9062809215
3,1559,0.9062809215
3,1560,0.9062809215
3,1561,0.9062809215
3,1562,0.9062809215
3,1563,0.9062809215
3,1564,0.9062809215
3,1565,0.9062809215
3,1566,0.9062809215
3,1567,0.9062809215
3,1568,0.9062809215
3,1569,0.9062809215
3,1570,0.9062809215
3,1571,0.9062809215
3,1572,0.9062809215
3,1573,0.9062809215
3,1574,0.9062809215
3,1575,0.9062809215
3,1576,0.9062809215
3,1577,0.9062809215
3,1578,0.9062809215
3,1579,0.9062809215
3,1580,1.713042506
3,1581,1.216036997
3,1582,1.185174569
3,1583,1
3,1584,1.216036997
3,1585,1
3,1586,1.185174569
3,1587,1
3,1588,1
3,1589,1.185174569
3,1590,1.399158249
3,1591,1
3,1592,1
3,1593,1
3,1594,1
3,1595,1
3,1596,1
3,1597,1.185174569
3,1598,1.399158249
3,1599,1
3,1600,1
3,1601,1.216036997
3,1602,1
3,1603,1.185174569
3,1604,1.399158249
3,1605,1
3,1606,0.9090911145
3,1607,0.9090911145
3,1608,0.9090911145
3,1609,0.9090911145
3,1610,0.9090911145
3,1611,0.9090911145
3,1612,0.9090911145
3,1613,0.9090911145
3,1614,0.9090911145
3,1615,0.9090911145
3,1616,0.9090911145
3,1617,0.9090911145
3,1618,0.9090911145
3,1619,0.9090911145
3,1620,0.9090911145
3,1621,0.9090911145
3,1622,0.9090911145
3,1623,0.9090911145
3,1624,0.9090911145
3,1625,0.9090911145
3,1626,0.9090911145
3,1627,0.9090911145
3,1628,0.9090911145
3,1629,0.9090911145
3,1630,0.9090911145
3,1631,0.9090911145
3,1632,0.9090911145
3,1633,0.9090911145
3,1634,0.9090911145
3,1635,0.9090911145
3,1636,0.9090911145
3,1637,0.9090911145
3,1638,0.9090911145
3,1639,0.9090911145
3,1640,0.9090911145
3,1641,0.9090911145
3,1642,0.9090911145
3,1643,0.9090911145
3,1644,0.9090911145
3,1645,0.9090911145
3,1646,0.9090911145
3,1647,0.9090911145
3,1648,0.9090911145
3,1649,0.9090911145
3,1650,0.9090911145
3,1651,0.9090911145
3,1652,0.9090911145
3,1653,0.9090911145
3,1654,0.9090911145
3,1655,0.9090911145
3,1656,0.9090911145
3,1657,0.9090911145
3,1658,0.9090911145
3,1659,0.9090911145
3,1660,0.9090911145
3,1661,0.9090911145
3,1662,0.9090911145
3,1663,0.9090911145
3,1664,0.9090911145
3,1665,0.9090911145
3,1666,0.9090911145
3,1667,0.9090911145
3,1668,0.9090911145
3,1669,0.9090911145
3,1670,0.9090911145
3,1671,0.9090911145
3,1672,0.9090911145
3,1673,0.9090911145
3,1674,0.9090911145
3,1675,0.9090911145
3,1676,0.9090911145
3,1677,0.9090911145
3,1678,0.9090911145
3,1679,0.9090911145
3,1680,0.9090911145
3,1681,0.9090911145
3,1682,0.9090911145
3,1683,0.9090911145
3,1684,0.9090911145
3,1685,0.9090911145
3,1686,0.9090911145
3,1687,0.9090911145
3,1688,0.9090911145
3,1689,0.9090911145
3,1690,0.9090911145
3,1691,0.9090911145
3,1692,0.9090911145
3,1693,0.9090911145
3,1694,0.9090911145
3,1695,0.9090911145
3,1696,0.9090911145
3,1697,0.9090911145
3,1698,0.9090911145
3,1699,0.9090911145
3,1700,0.9090911145
3,1701,0.9090911145
3,1702,0.9090911145
3,1703,0.9090911145
3,1704,0.9090911145
3,1705,0.9090911145
3,1706,0.9090911145
3,1707,0.9090911145
3,1708,0.9090911145
3,1709,0.9090911145
3,1710,0.9090911145
3,1711,0.9090911145
3,1712,0.9090911145
3,1713,0.9090911145
3,1714,0.9090911145
3,1715,0.9090911145
3,1716,0.9090911145
3,1717,0.9090911145
3,1718,0.9090911145
3,1719,0.9090911145
3,1720,0.9090911145
3,1721,0.9090911145
3,1722,0.9090911145
3,1723,0.9090911145
3,1724,0.9090911145
3,1725,0.9090911145
3,1726,0.9090911145
3,1727,0.9090911145
3,1728,0.9090911145
3,1729,0.9090911145
3,1730,0.9090911145
3,1731,0.9090911145
3,1732,0.9090911145
3,1733,0.9090911145
3,1734,0.9090911145
3,1735,0.9090911145
3,1736,0.9090911145
3,1737,0.9090911145
3,1738,0.9090911145
3,1739,0.9090911145
3,1740,0.9090911145
3,1741,0.9090911145
3,1742,0.9090911145
3,1743,0.9090911145
3,1744,0.9090911145
3,1745,0.9090911145
3,1746,0.9090911145
3,1747,0.9090911145
3,1748,0.9090911145
3,1749,0.9090911145
3,1750,0.9090911145
3,1751,0.9090911145
3,1752,0.9090911145
3,1753,0.9090911145
3,1754,0.9090911145
3,1755,0.9090911145
3,1756,0.9090911145
3,1757,0.9090911145
3,1758,0.9090911145
3,1759,0.9090911145
3,1760,0.9090911145
3,1761,0.9090911145
3,1762,0.9090911145
3,1763,0.9090911145
3,1764,0.9090911145
3,1765,0.9090911145
3,1766,0.9090911145
3,1767,0.9090911145
3,1768,0.9090911145
3,1769,0.9090911145
3,1770,0.9090911145
3,1771,0.9090911145
3,1772,0.9090911145
3,1773,0.9090911145
3,1774,0.9090911145
3,1775,0.9090911145
3,1776,0.9090911145
3,1777,0.9090911145
3,1778,0.9090911145
3,1779,0.9090911145
3,1780,0.9090911145
3,1781,0.9090911145
3,1782,0.9090911145
3,1783,0.9090911145
3,1784,0.9090911145
3,1785,0.9090911145
3,1786,0.9090911145
3,1787,0.9090911145
3,1788,0.9090911145
3,1789,0.9090911145
3,1790,0.9090911145
3,1791,0.9090911145
3,1792,0.9090911145
3,1793,0.9090911145
3,1794,0.9090911145
3,1795,0.9090911145
3,1796,0.9090911145
3,1797,0.9090911145
3,1798,0.9090911145
3,1799,0.9090911145
3,1800,0.9090911145
3,1801,0.9090911145
3,1802,0.9090911145
3,1803,0.9090911145
3,1804,0.9090911145
3,1805,0.9090911145
3,1806,0.9090911145
3,1807,0.9090911145
3,1808,0.9090911145
3,1809,0.9090911145
3,1810,0.9090911145
3,1811,0.9090911145
3,1812,0.9090911145
3,1813,0.9090911145
3,1814,0.9090911145
3,1815,0.9090911145
3,1816,0.9090911145
3,1817,0.9090911145
3,1818,0.9090911145
3,1819,0.9090911145
3,1820,0.9090911145
3,1821,0.9090911145
3,1822,0.9090911145
3,1823,0.9090911145
3,1824,0.9090911145
3,1825,0.9090911145
3,1826,0.9090911145
3,1827,0.9090911145
3,1828,0.9090911145
3,1829,0.9090911145
3,1830,0.9090911145
3,1831,0.9090911145
3,1832,0.9090911145
3,1833,0.9090911145
3,1834,0.9090911145
3,1835,0.9090911145
3,1836,0.9090911145
3,1837,0.9090911145
3,1838,0.9090911145
3,1839,0.9090911145
3,1840,0.9090911145
3,1841,0.9090911145
3,1842,0.9090911145
3,1843,0.9090911145
3,1844,0.9090911145
3,1845,0.9090911145
3,1846,0.9090911145
3,1847,0.9090911145
3,1848,0.9090911145
3,1849,0.9090911145
3,1850,0.9090911145
3,1851,0.9090911145
3,1852,0.9090911145
3,1853,0.9090911145
3,1854,0.9090911145
3,1855,0.9090911145
3,1856,0.9090911145
3,1857,0.9090911145
3,1858,0.9090911145
3,1859,0.9090911145
3,1860,0.9090911145
3,1861,0.9090911145
3,1862,0.9090911145
3,1863,0.9090911145
3,1864,0.9090911145
3,1865,0.9090911145
3,1866,0.9090911145
3,1867,0.9090911145
3,1868,0.9090911145
3,1869,0.9090911145
3,1870,0.9090911145
3,1871,0.9090911145
3,1872,0.9090911145
3,1873,0.9090911145
3,1874,0.9090911145
3,1875,0.9090911145
3,1876,0.9090911145
3,1877,0.9090911145
3,1878,0.9090911145
3,1879,0.9090911145
3,1880,0.9090911145
3,1881,0.9090911145
3,1882,0.9090911145
3,1883,0.9090911145
3,1884,0.9090911145
3,1885,0.9090911145
3,1886,0.9090911145
3,1887,0.9090911145
3,1888,0.9090911145
3,1889,0.9090911145
3,1890,0.9090911145
3,1891,0.9090911145
3,1892,0.9090911145
3,1893,0.9090911145
3,1894,0.9090911145
3,1895,0.9090911145
3,1896,0.9090911145
3,1897,0.9090911145
3,1898,0.9090911145
3,1899,0.9090911145
3,1900,0.9090911145
3,1901,0.9090911145
3,1902,0.9090911145
3,1903,0.9090911145
3,1904,0.9090911145
3,1905,0.9090911145
3,1906,0.9090911145
3,1907,0.9090911145
3,1908,0.9090911145
3,1909,0.9090911145
3,1910,0.9090911145
3,1911,0.9090911145
3,1912,0.9090911145
3,1913,0.9090911145
3,1914,0.9090911145
3,1915,0.9090911145
3,1916,0.9090911145
3,1917,0.9090911145
3,1918,0.9090911145
3,1919,0.9090911145
3,1920,0.9090911145
3,1921,0.9090911145
3,1922,0.9090911145
3,1923,0.9090911145
3,1924,0.9090911145
3,1925,0.9090911145
3,1926,0.9090911145
3,1927,0.9090911145
3,1928,0.9090911145
3,1929,0.9090911145
3,1930,0.9090911145
3,1931,0.9090911145
3,1932,0.9090911145
3,1933,0.9090911145
3,1934,0.9090911145
3,1935,0.9090911145
3,1936,0.9090911145
3,1937,0.9090911145
3,1938,0.9090911145
3,1939,0.9090911145
3,1940,0.9090911145
3,1941,0.9090911145
3,1942,0.9090911145
3,1943,0.9090911145
3,1944,0.9090911145
3,1945,0.9090911145
3,1946,0.9090911145
3,1947,0.9090911145
3,1948,0.9090911145
3,1949,0.9090911145
3,1950,0.9090911145
3,1951,0.9090911145
3,1952,0.9090911145
3,1953,0.9090911145
3,1954,0.9090911145
3,1955,0.9090911145
3,1956,0.9090911145
3,1957,0.9090911145
3,1958,0.9090911145
3,1959,0.9090911145
3,1960,0.9090911145
3,1961,0.9090911145
3,1962,0.9090911145
3,1963,0.9090911145
3,1964,0.9090911145
3,1965,0.9090911145
3,1966,0.9090911145
3,1967,0.9090911145
3,1968,0.9090911145
3,1969,0.9090911145
3,1970,0.9090911145
3,1971,0.9090911145
3,1972,0.9090911145
3,1973,0.9090911145
3,1974,0.9090911145
3,1975,0.9090911145
3,1976,0.9090911145
3,1977,0.9090911145
3,1978,0.9090911145
3,1979,0.9090911145
3,1980,0.9090911145
3,1981,0.9090911145
3,1982,0.9090911145
3,1983,0.9090911145
3,1984,0.9090911145
3,1985,0.9090911145
3,1986,0.9090911145
3,1987,0.9090911145
3,1988,0.9090911145
3,1989,0.9090911145
3,1990,0.9090911145
3,1991,0.9090911145
3,1992,0.9090911145
3,1993,0.9090911145
3,1994,0.9090911145
3,1995,0.9090911145
3,1996,0.9090911145
3,1997,0.9090911145
3,1998,0.9090911145
3,1999,0.9090911145
3,2000,0.9090911145
3,2001,0.9090911145
3,2002,0.9090911145
3,2003,0.9090911145
3,2004,0.9090911145
3,2005,0.9090911145
3,2006,0.9090911145
3,2007,0.9090911145
3,2008,0.9090911145
3,2009,0.9090911145
3,2010,0.9090911145
3,2011,0.9090911145
3,2012,0.9090911145
3,2013,0.9090911145
3,2014,0.9090911145
3,2015,0.9090911145
3,2016,0.9090911145
3,2017,0.9090911145
3,2018,0.9090911145
3,2019,0.9090911145
3,2020,0.9090911145
3,2021,0.9090911145
3,2022,0.9090911145
3,2023,0.9090911145
3,2024,0.9090911145
3,2025,0.9090911145
3,2026,0.9090911145
3,2027,0.9090911145
3,2028,0.9090911145
3,2029,0.9090911145
3,2030,0.9090911145
3,2031,0.9090911145
3,2032,0.9090911145
3,2033,0.9090911145
3,2034,0.9090911145
3,2035,0.9090911145
3,2036,0.9090911145
3,2037,0.9090911145
3,2038,0.9090911145
3,2039,0.9090911145
3,2040,0.9090911145
3,2041,0.9090911145
3,2042,0.9090911145
3,2043,0.9090911145
3,2044,0.9090911145
3,2045,0.9090911145
3,2046,0.9090911145
3,2047,0.9090911145
3,2048,0.9090911145
3,2049,0.9090911145
3,2050,0.9090911145
3,2051,0.9090911145
3,2052,0.9090911145
3,2053,0.9090911145
3,2054,0.9090911145
3,2055,0.9090911145
3,2056,0.9090911145
3,2057,0.9090911145
3,2058,0.9090911145
3,2059,0.9090911145
3,2060,0.9090911145
3,2061,0.9090911145
3,2062,0.9090911145
3,2063,0.9090911145
3,2064,0.9090911145
3,2065,0.9090911145
3,2066,0.9090911145
3,2067,0.9090911145
3,2068,0.9090911145
3,2069,0.9090911145
3,2070,0.9090911145
3,2071,0.9090911145
3,2072,0.9090911145
3,2073,0.9090911145
3,2074,0.9090911145
3,2075,0.9090911145
3,2076,0.9090911145
3,2077,0.9090911145
3,2078,0.9090911145
3,2079,0.9090911145
3,2080,0.9090911145
3,2081,0.9090911145
3,2082,0.9090911145
3,2083,0.9090911145
3,2084,0.9090911145
3,2085,0.9090911145
3,2086,0.9090911145
3,2087,0.9090911145
3,2088,0.9090911145
3,2089,0.9090911145
3,2090,0.9090911145
3,2091,0.9090911145
3,2092,0.9090911145
3,2093,0.9090911145
3,2094,0.9090911145
3,2095,0.9090911145
3,2096,0.9090911145
3,2097,0.9090911145
3,2098,0.9090911145
3,2099,0.9090911145
3,2100,0.9090911145
3,2101,0.9090911145
3,2102,0.9090911145
3,2103,0.9090911145
3,2104,0.9090911145
3,2105,0.9090911145
3,2106,0.9090911145
3,2107,0.9090911145
3,2108,0.9090911145
3,2109,0.9090911145
3,2110,0.9090911145
3,2111,0.9090911145
3,2112,0.9090911145
3,2113,0.9090911145
3,2114,0.9090911145
3,2115,0.9090911145
3,2116,0.9090911145
3,2117,0.9090911145
3,2118,0.9090911145
3,2119,0.9090911145
3,2120,0.9090911145
3,2121,0.9090911145
3,2122,0.9090911145
3,2123,0.9090911145
3,2124,0.9090911145
3,2125,0.9090911145
3,2126,0.9090911145
3,2127,0.9090911145
3,2128,0.9090911145
3,2129,0.9090911145
3,2130,0.9090911145
3,2131,0.9090911145
3,2132,0.9090911145
3,2133,0.9090911145
3,2134,0.9090911145
3,2135,0.9090911145
3,2136,0.9090911145
3,2137,0.9090911145
3,2138,0.9090911145
3,2139,0.9090911145
3,2140,0.9090911145
3,2141,0.9090911145
3,2142,0.9090911145
3,2143,0.9090911145
3,2144,0.9090911145
3,2145,0.9090911145
3,2146,0.9090911145
3,2147,0.9090911145
3,2148,0.9090911145
3,2149,0.9090911145
3,2150,0.9090911145
3,2151,0.9090911145
3,2152,0.9090911145
3,2153,0.9090911145
3,2154,0.9090911145
3,2155,0.9090911145
3,2156,0.9090911145
3,2157,0.9090911145
3,2158,0.9090911145
3,2159,0.9090911145
3,2160,0.9090911145
3,2161,0.9090911145
3,2162,0.9090911145
3,2163,0.9090911145
3,2164,0.9090911145
3,2165,0.9090911145
3,2166,0.9090911145
3,2167,0.9090911145
3,2168,0.9090911145
3,2169,0.9090911145
3,2170,0.9090911145
3,2171,0.9090911145
3,2172,0.9090911145
3,2173,0.9090911145
3,2174,0.9090911145
3,2175,0.9090911145
3,2176,0.9090911145
3,2177,0.9090911145
3,2178,0.9090911145
3,2179,0.9090911145
3,2180,0.9090911145
3,2181,0.9090911145
3,2182,0.9090911145
3,2183,0.9090911145
3,2184,0.9090911145
3,2185,0.9090911145
3,2186,0.9090911145
3,2187,0.9090911145
3,2188,0.9090911145
3,2189,0.9090911145
3,2190,0.9090911145
3,2191,0.9090911145
3,2192,0.9090911145
3,2193,0.9090911145
3,2194,0.9090911145
3,2195,0.9090911145
3,2196,0.9090911145
3,2197,0.9090911145
3,2198,0.9090911145
3,2199,0.9090911145
3,2200,0.9090911145
3,2201,0.9090911145
3,2202,0.9090911145
3,2203,0.9090911145
3,2204,0.9090911145
3,2205,0.9090911145
3,2206,0.9090911145
3,2207,0.9090911145
3,2208,0.9090911145
3,2209,0.9090911145
3,2210,0.9090911145
3,2211,0.9090911145
3,2212,0.9090911145
3,2213,0.9090911145
3,2214,0.9090911145
3,2215,0.9090911145
3,2216,0.9090911145
3,2217,0.9090911145
3,2218,0.9090911145
3,2219,0.9090911145
3,2220,0.9090911145
3,2221,0.9090911145
3,2222,0.9090911145
3,2223,0.9090911145
3,2224,0.9090911145
3,2225,0.9090911145
3,2226,0.9090911145
3,2227,0.9090911145
3,2228,0.9090911145
3,2229,0.9090911145
3,2230,0.9090911145
3,2231,0.9090911145
3,2232,0.9090911145
3,2233,0.9090911145
3,2234,0.9090911145
3,2235,0.9090911145
3,2236,0.9090911145
3,2237,0.9090911145
3,2238,0.9090911145
3,2239,0.9090911145
3,2240,0.9090911145
3,2241,0.9090911145
3,2242,0.9090911145
3,2243,0.9090911145
3,2244,0.9090911145
3,2245,0.9090911145
3,2246,0.9090911145
3,2247,0.9090911145
3,2248,0.9090911145
3,2249,0.9090911145
3,2250,0.9090911145
3,2251,0.9090911145
3,2252,0.9090911145
3,2253,0.9090911145
3,2254,0.9090911145
3,2255,0.9090911145
3,2256,0.9090911145
3,2257,0.9090911145
3,2258,0.9090911145
3,2259,0.9090911145
3,2260,0.9090911145
3,2261,0.9090911145
3,2262,0.9090911145
3,2263,0.9090911145
3,2264,0.9090911145
3,2265,0.9090911145
3,2266,0.9090911145
3,2267,0.9090911145
3,2268,0.9090911145
3,2269,0.9090911145
3,2270,0.9090911145
3,2271,0.9090911145
3,2272,0.9090911145
3,2273,0.9090911145
3,2274,0.9090911145
3,2275,0.9090911145
3,2276,0.9090911145
3,2277,0.9090911145
3,2278,0.9090911145
3,2279,0.9090911145
3,2280,0.9090911145
3,2281,0.9090911145
3,2282,0.9090911145
3,2283,0.9090911145
3,2284,0.9090911145
3,2285,0.9090911145
3,2286,0.9090911145
3,2287,0.9090911145
3,2288,0.9090911145
3,2289,0.9090911145
3,2290,0.9090911145
3,2291,0.9090911145
3,2292,0.9090911145
3,2293,0.9090911145
3,2294,0.9090911145
3,2295,0.9090911145
3,2296,0.9090911145
3,2297,0.9090911145
3,2298,0.9090911145
3,2299,0.9090911145
3,2300,0.9090911145
3,2301,0.9090911145
3,2302,0.9090911145
3,2303,0.9090911145
3,2304,0.9090911145
3,2305,0.9090911145
3,2306,0.9090911145
3,2307,0.9090911145
3,2308,0.9090911145
3,2309,0.9090911145
3,2310,0.9090911145
3,2311,0.9090911145
3,2312,0.9090911145
3,2313,0.9090911145
3,2314,0.9090911145
3,2315,0.9090911145
3,2316,0.9090911145
3,2317,0.9090911145
3,2318,0.9090911145
3,2319,0.9090911145
3,2320,0.9090911145
3,2321,0.9090911145
3,2322,0.9090911145
3,2323,0.9090911145
3,2324,0.9090911145
3,2325,0.9090911145
3,2326,0.9090911145
3,2327,0.9090911145
3,2328,0.9090911145
3,2329,0.9090911145
3,2330,0.9090911145
3,2331,0.9090911145
3,2332,0.9090911145
3,2333,0.9090911145
3,2334,0.9090911145
3,2335,0.9090911145
3,2336,0.9090911145
3,2337,0.9090911145
3,2338,0.9090911145
3,2339,0.9090911145
3,2340,0.9090911145
3,2341,0.9090911145
3,2342,0.9090911145
3,2343,0.9090911145
3,2344,0.9090911145
3,2345,0.9090911145
3,2346,0.9090911145
3,2347,0.9090911145
3,2348,0.9090911145
3,2349,0.9090911145
3,2350,0.9090911145
3,2351,0.9090911145
3,2352,0.9090911145
3,2353,0.9090911145
3,2354,0.9090911145
3,2355,0.9090911145
3,2356,0.9090911145
3,2357,0.9090911145
3,2358,0.9090911145
3,2359,0.9090911145
3,2360,0.9090911145
3,2361,0.9090911145
3,2362,0.9090911145
3,2363,0.9090911145
3,2364,0.9090911145
3,2365,0.9090911145
3,2366,0.9090911145
3,2367,0.9090911145
3,2368,0.9090911145
3,2369,0.9090911145
3,2370,0.9090911145
3,2371,0.9090911145
3,2372,0.9090911145
3,2373,0.9090911145
3,2374,0.9090911145
3,2375,0.9090911145
3,2376,0.9090911145
3,2377,0.9090911145
3,2378,0.9090911145
3,2379,0.9090911145
3,2380,0.9090911145
3,2381,0.9090911145
3,2382,0.9090911145
3,2383,0.9090911145
3,2384,0.9090911145
3,2385,0.9090911145
3,2386,0.9090911145
3,2387,0.9090911145
3,2388,0.9090911145
3,2389,0.9090911145
3,2390,0.9090911145
3,2391,0.9090911145
3,2392,0.9090911145
3,2393,0.9090911145
3,2394,0.9090911145
3,2395,0.9090911145
3,2396,0.9090911145
3,2397,0.9090911145
3,2398,0.9090911145
3,2399,0.9090911145
3,2400,0.9090911145
3,2401,0.9090911145
3,2402,0.9090911145
3,2403,0.9090911145
3,2404,0.9090911145
3,2405,0.9090911145
3,2406,0.9090911145
3,2407,0.9090911145
3,2408,0.9090911145
3,2409,0.9090911145
3,2410,0.9090911145
3,2411,0.9090911145
3,2412,0.9090911145
3,2413,0.9090911145
3,2414,0.9090911145
3,2415,0.9090911145
3,2416,0.9090911145
3,2417,0.9090911145
3,2418,0.9090911145
3,2419,0.9090911145
3,2420,0.9090911145
3,2421,0.9090911145
3,2422,0.9090911145
3,2423,0.9090911145
3,2424,0.9090911145
3,2425,0.9090911145
3,2426,0.9090911145
3,2427,0.9090911145
3,2428,0.9090911145
3,2429,0.9090911145
3,2430,0.9090911145
3,2431,0.9090911145
3,2432,0.9090911145
3,2433,0.9090911145
3,2434,0.9090911145
3,2435,0.9090911145
3,2436,0.9090911145
3,2437,0.9090911145
3,2438,0.9090911145
3,2439,0.9090911145
3,2440,0.9090911145
3,2441,0.9090911145
3,2442,0.9090911145
3,2443,0.9090911145
3,2444,0.9090911145
3,2445,0.9090911145
3,2446,0.9090911145
3,2447,0.9090911145
3,2448,0.9090911145
3,2449,0.9090911145
3,2450,0.9090911145
3,2451,0.9090911145
3,2452,0.9090911145
3,2453,0.9090911145
3,2454,0.9090911145
3,2455,0.9090911145
3,2456,0.9090911145
3,2457,0.9090911145
3,2458,0.9090911145
3,2459,0.9090911145
3,2460,0.9090911145
3,2461,0.9090911145
3,2462,0.9090911145
3,2463,0.9090911145
3,2464,0.9090911145
3,2465,0.9090911145
3,2466,0.9090911145
3,2467,0.9090911145
3,2468,0.9090911145
3,2469,0.9090911145
3,2470,0.9090911145
3,2471,0.9090911145
3,2472,0.9090911145
3,2473,0.9090911145
3,2474,0.9090911145
3,2475,0.9090911145
3,2476,0.9090911145
3,2477,0.9090911145
3,2478,0.9090911145
3,2479,0.9090911145
3,2480,0.9090911145
3,2481,0.9090911145
3,2482,0.9090911145
3,2483,0.9090911145
3,2484,0.9090911145
3,2485,0.9090911145
3,2486,0.9090911145
3,2487,0.9090911145
3,2488,0.9090911145
3,2489,0.9090911145
3,2490,0.9090911145
3,2491,0.9090911145
3,2492,0.9090911145
3,2493,0.9090911145
3,2494,0.9090911145
3,2495,0.9090911145
3,2496,0.9090911145
3,2497,0.9090911145
3,2498,0.9090911145
3,2499,0.9090911145
3,2500,0.9090911145
3,2501,0.9090911145
3,2502,0.9090911145
3,2503,0.9090911145
3,2504,0.9090911145
3,2505,0.9090911145
3,2506,0.9090911145
3,2507,0.9090911145
3,2508,0.9090911145
3,2509,0.9090911145
3,2510,0.9090911145
3,2511,0.9090911145
3,2512,0.9090911145
3,2513,0.9090911145
3,2514,0.9090911145
3,2515,0.9090911145
3,2516,0.9090911145
3,2517,0.9090911145
3,2518,0.9090911145
3,2519,0.9090911145
3,2520,0.9090911145
3,2521,0.9090911145
3,2522,0.9090911145
3,2523,0.9090911145
3,2524,0.9090911145
3,2525,0.9090911145
3,2526,0.9090911145
3,2527,0.9090911145
3,2528,0.9090911145
3,2529,0.9090911145
3,2530,0.9090911145
3,2531,0.9090911145
3,2532,0.9090911145
3,2533,0.9090911145
3,2534,0.9090911145
3,2535,0.9090911145
3,2536,0.9090911145
3,2537,0.9090911145
3,2538,0.9090911145
3,2539,0.9090911145
3,2540,0.9090911145
3,2541,0.9090911145
3,2542,0.9090911145
3,2543,0.9090911145
3,2544,0.9090911145
3,2545,0.9090911145
3,2546,0.9090911145
3,2547,0.9090911145
3,2548,0.9090911145
3,2549,0.9090911145
3,2550,0.9090911145
3,2551,0.9090911145
3,2552,0.9090911145
3,2553,0.9090911145
3,2554,0.9090911145
3,2555,0.9090911145
3,2556,0.9090911145
3,2557,0.9090911145
3,2558,0.9090911145
3,2559,0.9090911145
3,2560,0.9090911145
3,2561,0.9090911145
3,2562,0.9090911145
3,2563,0.9090911145
3,2564,0.9090911145
3,2565,0.9090911145
3,2566,0.9090911145
3,2567,0.9090911145
3,2568,0.9090911145
3,2569,0.9090911145
3,2570,0.9090911145
3,2571,0.9090911145
3,2572,0.9090911145
3,2573,0.9090911145
3,2574,0.9090911145
3,2575,0.9090911145
3,2576,0.9090911145
3,2577,0.9090911145
3,2578,0.9090911145
3,2579,0.9090911145
3,2580,0.9090911145
3,2581,0.9090911145
3,2582,0.9090911145
3,2583,0.9090911145
3,2584,0.9090911145
3,2585,0.9090911145
3,2586,0.9090911145
3,2587,0.9090911145
3,2588,0.9090911145
3,2589,0.9090911145
3,2590,0.9090911145
3,2591,0.9090911145
3,2592,0.9090911145
3,2593,0.9090911145
3,2594,0.9090911145
3,2595,0.9090911145
3,2596,0.9090911145
3,2597,0.9090911145
3,2598,0.9090911145
3,2599,0.9090911145
3,2600,0.9090911145
3,2601,0.9090911145
3,2602,0.9090911145
3,2603,0.9090911145
3,2604,0.9090911145
3,2605,0.9090911145
3,2606,0.9090911145
3,2607,0.9090911145
3,2608,0.9090911145
3,2609,0.9090911145
3,2610,0.9090911145
3,2611,0.9090911145
3,2612,0.9090911145
3,2613,0.9090911145
3,2614,0.9090911145
3,2615,0.9090911145
3,2616,0.9090911145
3,2617,0.9090911145
3,2618,0.9090911145
3,2619,0.9090911145
3,2620,0.9090911145
3,2621,0.9090911145
3,2622,0.9090911145
3,2623,0.9090911145
3,2624,0.9090911145
3,2625,0.9090911145
3,2626,0.9090911145
3,2627,0.9090911145
3,2628,0.9090911145
3,2629,0.9090911145
3,2630,0.9090911145
3,2631,0.9090911145
3,2632,0.9090911145
3,2633,0.9090911145
3,2634,0.9090911145
3,2635,0.9090911145
3,2636,0.9090911145
3,2637,0.9090911145
3,2638,0.9090911145
3,2639,0.9090911145
3,2640,0.9090911145
3,2641,0.9090911145
3,2642,0.9090911145
3,2643,0.9090911145
3,2644,0.9090911145
3,2645,0.9090911145
3,2646,0.9090911145
3,2647,0.9090911145
3,2648,0.9090911145
3,2649,0.9090911145
3,2650,0.9090911145
3,2651,0.9090911145
3,2652,0.9090911145
3,2653,0.9090911145
3,2654,0.9090911145
3,2655,0.9090911145
3,2656,0.9090911145
3,2657,0.9090911145
3,2658,0.9090911145
3,2659,0.9090911145
3,2660,0.9090911145
3,2661,0.9090911145
3,2662,0.9090911145
3,2663,0.9090911145
3,2664,0.9090911145
3,2665,0.9090911145
3,2666,0.9090911145
3,2667,0.9090911145
3,2668,0.9090911145
3,2669,0.9090911145
3,2670,0.9090911145
3,2671,0.9090911145
3,2672,0.9090911145
3,2673,0.9090911145
3,2674,0.9090911145
3,2675,0.9090911145
3,2676,0.9090911145
3,2677,0.9090911145
3,2678,0.9090911145
3,2679,0.9090911145
3,2680,0.9090911145
3,2681,0.9090911145
3,2682,0.9090911145
3,2683,0.9090911145
3,2684,0.9090911145
3,2685,0.9090911145
3,2686,0.9090911145
3,2687,0.9090911145
3,2688,0.9090911145
3,2689,0.9090911145
3,2690,0.9090911145
3,2691,0.9090911145
3,2692,0.9090911145
3,2693,0.9090911145
3,2694,0.9090911145
3,2695,0.9090911145
3,2696,0.9090911145
3,2697,0.9090911145
3,2698,0.9090911145
3,2699,0.9090911145
3,2700,0.9090911145
3,2701,0.9090911145
3,2702,0.9090911145
3,2703,0.9090911145
3,2704,0.9090911145
3,2705,0.9090911145
3,2706,0.9090911145
3,2707,0.9090911145
3,2708,0.9090911145
3,2709,0.9090911145
3,2710,0.9090911145
3,2711,0.9090911145
3,2712,0.9090911145
3,2713,0.9090911145
3,2714,0.9090911145
3,2715,0.9090911145
3,2716,0.9090911145
3,2717,0.9090911145
3,2718,0.9090911145
3,2719,0.9090911145
3,2720,0.9090911145
3,2721,0.9090911145
3,2722,0.9090911145
3,2723,0.9090911145
3,2724,0.9090911145
3,2725,0.9090911145
3,2726,0.9090911145
3,2727,0.9090911145
3,2728,0.9090911145
3,2729,0.9090911145
3,2730,0.9090911145
3,2731,0.9090911145
3,2732,0.9090911145
3,2733,0.9090911145
3,2734,0.9090911145
3,2735,0.9090911145
3,2736,0.9090911145
3,2737,0.9090911145
3,2738,0.9090911145
3,2739,0.9090911145
3,2740,0.9090911145
3,2741,0.9090911145
3,2742,0.9090911145
3,2743,0.9090911145
3,2744,0.9090911145
3,2745,0.9090911145
3,2746,0.9090911145
3,2747,0.9090911145
3,2748,0.9090911145
3,2749,0.9090911145
3,2750,0.9090911145
3,2751,0.9090911145
3,2752,0.9090911145
3,2753,0.9090911145
3,2754,0.9090911145
3,2755,0.9090911145
3,2756,0.9090911145
3,2757,0.9090911145
3,2758,0.9090911145
3,2759,0.9090911145
3,2760,0.9090911145
3,2761,0.9090911145
3,2762,0.9090911145
3,2763,0.9090911145
3,2764,0.9090911145
3,2765,0.9090911145
3,2766,0.9090911145
3,2767,0.9090911145
3,2768,0.9090911145
3,2769,0.9090911145
3,2770,0.9090911145
3,2771,0.9090911145
3,2772,0.9090911145
3,2773,0.9090911145
3,2774,0.9090911145
3,2775,0.9090911145
3,2776,0.9090911145
3,2777,0.9090911145
3,2778,0.9090911145
3,2779,0.9090911145
3,2780,0.9090911145
3,2781,0.9090911145
3,2782,0.9090911145
3,2783,0.9090911145
3,2784,0.9090911145
3,2785,0.9090911145
3,2786,0.9090911145
3,2787,0.9090911145
3,2788,0.9090911145
3,2789,0.9090911145
3,2790,0.9090911145
3,2791,0.9090911145
3,2792,0.9090911145
3,2793,0.9090911145
3,2794,0.9090911145
3,2795,0.9090911145
3,2796,0.9090911145
3,2797,0.9090911145
3,2798,0.9090911145
3,2799,0.9090911145
3,2800,0.9090911145
3,2801,0.9090911145
3,2802,0.9090911145
3,2803,0.9090911145
3,2804,0.9090911145
3,2805,0.9090911145
3,2806,0.9090911145
3,2807,0.9090911145
3,2808,0.9090911145
3,2809,0.9090911145
3,2810,0.9090911145
3,2811,0.9090911145
3,2812,0.9090911145
3,2813,0.9090911145
3,2814,0.9090911145
3,2815,0.9090911145
3,2816,0.9090911145
3,2817,0.9090911145
3,2818,0.9090911145
3,2819,0.9090911145
3,2820,0.9090911145
3,2821,0.9090911145
3,2822,0.9090911145
3,2823,0.9090911145
3,2824,0.9090911145
3,2825,0.9090911145
3,2826,0.9090911145
3,2827,0.9090911145
3,2828,0.9090911145
3,2829,0.9090911145
3,2830,0.9090911145
3,2831,0.9090911145
3,2832,0.9090911145
3,2833,0.9090911145
3,2834,0.9090911145
3,2835,0.9090911145
3,2836,0.9090911145
3,2837,0.9090911145
3,2838,0.9090911145
3,2839,0.9090911145
3,2840,0.9090911145
3,2841,0.9090911145
3,2842,0.9090911145
3,2843,0.9090911145
3,2844,0.9090911145
3,2845,0.9090911145
3,2846,0.9090911145
3,2847,0.9090911145
3,2848,0.9090911145
3,2849,0.9090911145
3,2850,0.9090911145
3,2851,0.9090911145
3,2852,0.9090911145
3,2853,0.9090911145
3,2854,0.9090911145
3,2855,0.9090911145
3,2856,0.9090911145
3,2857,0.9090911145
3,2858,0.9090911145
3,2859,0.9090911145
3,2860,0.9090911145
3,2861,0.9090911145
3,2862,0.9090911145
3,2863,0.9090911145
3,2864,0.9090911145
3,2865,0.9090911145
3,2866,0.9090911145
3,2867,0.9090911145
3,2868,0.9090911145
3,2869,0.9090911145
3,2870,0.9090911145
3,2871,0.9090911145
3,2872,0.9090911145
3,2873,0.9090911145
3,2874,0.9090911145
3,2875,0.9090911145
3,2876,0.9090911145
3,2877,0.9090911145
3,2878,0.9090911145
3,2879,0.9090911145
3,2880,0.9090911145
3,2881,0.9090911145
3,2882,0.9090911145
3,2883,0.9090911145
3,2884,0.9090911145
3,2885,0.9090911145
3,2886,0.9090911145
3,2887,0.9090911145
3,2888,0.9090911145
3,2889,0.9090911145
3,2890,0.9090911145
3,2891,0.9090911145
3,2892,0.9090911145
3,2893,0.9090911145
3,2894,0.9090911145
3,2895,0.9090911145
3,2896,0.9090911145
3,2897,0.9090911145
3,2898,0.9090911145
3,2899,0.9090911145
3,2900,0.9090911145
3,2901,0.9090911145
3,2902,0.9090911145
3,2903,0.9090911145
3,2904,0.9090911145
3,2905,0.9090911145
3,2906,0.9090911145
3,2907,0.9090911145
3,2908,0.9090911145
3,2909,0.9090911145
3,2910,0.9090911145
3,2911,0.9090911145
3,2912,0.9090911145
3,2913,0.9090911145
3,2914,0.9090911145
3,2915,0.9090911145
3,2916,0.9090911145
3,2917,0.9090911145
3,2918,0.9090911145
3,2919,0.9090911145
3,2920,0.9090911145
3,2921,0.9090911145
3,2922,0.9090911145
3,2923,0.9090911145
3,2924,0.9090911145
3,2925,0.9090911145
3,2926,0.9090911145
3,2927,0.9090911145
3,2928,0.9090911145
3,2929,0.9090911145
3,2930,0.9090911145
3,2931,0.9090911145
3,2932,0.9090911145
3,2933,0.9090911145
3,2934,0.9090911145
3,2935,0.9090911145
3,2936,0.9090911145
3,2937,0.9090911145
3,2938,0.9090911145
3,2939,0.9090911145
3,2940,0.9090911145
3,2941,0.9090911145
3,2942,0.9090911145
3,2943,0.9090911145
3,2944,0.9090911145
3,2945,0.9090911145
3,2946,0.9090911145
3,2947,0.9090911145
3,2948,0.9090911145
3,2949,0.9090911145
3,2950,0.9090911145
3,2951,0.9090911145
3,2952,0.9090911145
3,2953,0.9090911145
3,2954,0.9090911145
3,2955,0.9090911145
3,2956,0.9090911145
3,2957,0.9090911145
3,2958,0.9090911145
3,2959,0.9090911145
3,2960,0.9090911145
3,2961,0.9090911145
3,2962,0.9090911145
3,2963,0.9090911145
3,2964,0.9090911145
3,2965,0.9090911145
3,2966,0.9090911145
3,2967,0.9090911145
3,2968,0.9090911145
3,2969,0.9090911145
3,2970,0.9090911145
3,2971,0.9090911145
3,2972,0.9090911145
3,2973,0.9090911145
3,2974,0.9090911145
3,2975,0.9090911145
3,2976,0.9090911145
3,2977,0.9090911145
3,2978,0.9090911145
3,2979,0.9090911145
3,2980,0.9090911145
3,2981,0.9090911145
3,2982,0.9090911145
3,2983,0.9090911145
3,2984,0.9090911145
3,2985,0.9090911145
3,2986,0.9090911145
3,2987,0.9090911145
3,2988,0.9090911145
3,2989,0.9090911145
3,2990,0.9090911145
3,2991,0.9090911145
3,2992,0.9090911145
3,2993,0.9090911145
3,2994,0.9090911145
3,2995,0.9090911145
3,2996,0.9090911145
3,2997,0.9090911145
3,2998,0.9090911145
3,2999,0.9090911145
3,3000,0.9090911145
3,3001,0.9090911145
3,3002,0.9090911145
3,3003,0.9090911145
3,3004,0.9090911145
3,3005,0.9090911145
3,3006,0.9090911145
3,3007,0.9090911145
3,3008,0.9090911145
3,3009,0.9090911145
3,3010,0.9090911145
3,3011,0.9090911145
3,3012,0.9090911145
3,3013,0.9090911145
3,3014,0.9090911145
3,3015,0.9090911145
3,3016,0.9090911145
3,3017,0.9090911145
3,3018,0.9090911145
3,3019,0.9090911145
3,3020,0.9090911145
3,3021,0.9090911145
3,3022,0.9090911145
3,3023,0.9090911145
3,3024,0.9090911145
3,3025,0.9090911145
3,3026,0.9090911145
3,3027,0.9090911145
3,3028,0.9090911145
3,3029,0.9090911145
3,3030,0.9090911145
3,3031,0.9090911145
3,3032,0.9090911145
3,3033,0.9090911145
3,3034,0.9090911145
3,3035,0.9090911145
3,3036,0.9090911145
3,3037,0.9090911145
3,3038,0.9090911145
3,3039,0.9090911145
3,3040,0.9090911145
3,3041,0.9090911145
3,3042,0.9090911145
3,3043,0.9090911145
3,3044,0.9090911145
3,3045,0.9090911145
3,3046,0.9090911145
3,3047,0.9090911145
3,3048,0.9090911145
3,3049,0.9090911145
3,3050,0.9090911145
3,3051,0.9090911145
3,3052,0.9090911145
3,3053,0.9090911145
3,3054,0.9090911145
3,3055,0.9090911145
3,3056,0.9090911145
3,3057,0.9090911145
3,3058,0.9090911145
3,3059,0.9090911145
3,3060,0.9090911145
3,3061,0.9090911145
3,3062,0.9090911145
3,3063,0.9090911145
3,3064,0.9090911145
3,3065,0.9090911145
3,3066,0.9090911145
3,3067,0.9090911145
3,3068,0.9090911145
3,3069,0.9090911145
3,3070,0.9090911145
3,3071,0.9090911145
3,3072,0.9090911145
3,3073,0.9090911145
3,3074,0.9090911145
3,3075,0.9090911145
3,3076,0.9090911145
3,3077,0.9090911145
3,3078,0.9090911145
3,3079,0.9090911145
3,3080,0.9090911145
3,3081,0.9090911145
3,3082,0.9090911145
3,3083,0.9090911145
3,3084,0.9090911145
3,3085,0.9090911145
3,3086,0.9090911145
3,3087,0.9090911145
3,3088,0.9090911145
3,3089,0.9090911145
3,3090,0.9090911145
3,3091,0.9090911145
3,3092,0.9090911145
3,3093,0.9090911145
3,3094,0.9090911145
3,3095,0.9090911145
3,3096,0.9090911145
3,3097,0.9090911145
3,3098,0.9090911145
3,3099,0.9090911145
3,3100,0.9090911145
3,3101,0.9090911145
3,3102,0.9090911145
3,3103,0.9090911145
3,3104,0.9090911145
3,3105,0.9090911145
3,3106,0.9090911145
3,3107,0.9090911145
3,3108,0.9090911145
3,3109,0.9090911145
3,3110,0.9090911145
3,3111,0.9090911145
3,3112,0.9090911145
3,3113,0.9090911145
3,3114,0.9090911145
3,3115,0.9090911145
3,3116,0.9090911145
3,3117,0.9090911145
3,3118,0.9090911145
3,3119,0.9090911145
3,3120,0.9090911145
3,3121,0.9090911145
3,3122,0.9090911145
3,3123,0.9090911145
3,3124,0.9090911145
3,3125,0.9090911145
3,3126,0.9090911145
3,3127,0.9090911145
3,3128,0.9090911145
3,3129,0.9090911145
3,3130,0.9090911145
3,3131,0.9090911145
3,3132,0.9090911145
3,3133,0.9090911145
3,3134,0.9090911145
3,3135,0.9090911145
3,3136,0.9090911145
3,3137,0.9090911145
3,3138,0.9090911145
3,3139,0.9090911145
3,3140,0.9090911145
3,3141,0.9090911145
3,3142,0.9090911145
3,3143,0.9090911145
3,3144,0.9090911145
3,3145,0.9090911145
3,3146,0.9090911145
3,3147,0.9090911145
3,3148,0.9090911145
3,3149,0.9090911145
3,3150,0.9090911145
3,3151,0.9090911145
3,3152,0.9090911145
3,3153,0.9090911145
3,3154,0.9090911145
3,3155,0.9090911145
3,3156,0.9090911145
3,3157,0.9090911145
3,3158,0.9090911145
3,3159,0.9090911145
3,3160,0.9090911145
3,3161,0.9090911145
3,3162,0.9090911145
3,3163,0.9090911145
3,3164,0.9090911145
3,3165,0.9090911145
3,3166,0.9090911145
3,3167,0.9090911145
3,3168,0.9090911145
3,3169,0.9090911145
3,3170,0.9090911145
3,3171,0.9090911145
3,3172,0.9090911145
3,3173,0.9090911145
3,3174,0.9090911145
3,3175,0.9090911145
3,3176,0.9090911145
3,3177,0.9090911145
3,3178,0.9090911145
3,3179,0.9090911145
3,3180,0.9090911145
3,3181,0.9090911145
3,3182,0.9090911145
3,3183,0.9090911145
3,3184,0.9090911145
3,3185,0.9090911145
3,3186,0.9090911145
3,3187,0.9090911145
3,3188,0.9090911145
3,3189,0.9090911145
3,3190,0.9090911145
3,3191,0.9090911145
3,3192,0.9090911145
3,3193,0.9090911145
3,3194,0.9090911145
3,3195,0.9090911145
3,3196,0.9090911145
3,3197,0.9090911145
3,3198,0.9090911145
3,3199,0.9090911145
3,3200,0.9090911145
3,3201,0.9090911145
3,3202,0.9090911145
3,3203,0.9090911145
3,3204,0.9090911145
3,3205,0.9090911145
3,3206,0.9090911145
3,3207,0.9090911145
3,3208,0.9090911145
3,3209,0.9090911145
3,3210,0.9090911145
3,3211,0.9090911145
3,3212,0.9090911145
3,3213,0.9090911145
3,3214,0.9090911145
3,3215,0.9090911145
3,3216,0.9090911145
3,3217,0.9090911145
3,3218,0.9090911145
3,3219,0.9090911145
3,3220,0.9090911145
3,3221,0.9090911145
3,3222,0.9090911145
3,3223,0.9090911145
3,3224,0.9090911145
3,3225,0.9090911145
3,3226,0.9090911145
3,3227,0.9090911145
3,3228,0.9090911145
3,3229,0.9090911145
3,3230,0.9090911145
3,3231,0.9090911145
3,3232,0.9090911145
3,3233,0.9090911145
3,3234,0.9090911145
3,3235,0.9090911145
3,3236,0.9090911145
3,3237,0.9090911145
3,3238,0.9090911145
3,3239,0.9090911145
3,3240,0.9090911145
3,3241,0.9090911145
3,3242,0.9090911145
3,3243,0.9090911145
3,3244,0.9090911145
3,3245,0.9090911145
3,3246,0.9090911145
3,3247,0.9090911145
3,3248,0.9090911145
3,3249,0.9090911145
3,3250,0.9090911145
3,3251,0.9090911145
3,3252,0.9090911145
3,3253,0.9090911145
3,3254,0.9090911145
3,3255,0.9090911145
3,3256,0.9090911145
3,3257,0.9090911145
3,3258,0.9090911145
3,3259,0.9090911145
3,3260,0.9090911145
3,3261,0.9090911145
3,3262,0.9090911145
3,3263,0.9090911145
3,3264,0.9090911145
3,3265,0.9090911145
3,3266,0.9090911145
3,3267,0.9090911145
3,3268,0.9090911145
3,3269,0.9090911145
3,3270,0.9090911145
3,3271,0.9090911145
3,3272,0.9090911145
3,3273,0.9090911145
3,3274,0.9090911145
3,3275,0.9090911145
3,3276,0.9090911145
3,3277,0.9090911145
3,3278,0.9090911145
3,3279,0.9090911145
3,3280,0.9090911145
3,3281,0.9090911145
3,3282,0.9090911145
3,3283,0.9090911145
3,3284,0.9090911145
3,3285,0.9090911145
3,3286,0.9090911145
3,3287,0.9090911145
3,3288,0.9090911145
3,3289,0.9090911145
3,3290,0.9090911145
3,3291,0.9090911145
3,3292,0.9090911145
3,3293,0.9090911145
3,3294,0.9090911145
3,3295,0.9090911145
3,3296,0.9090911145
3,3297,0.9090911145
3,3298,0.9090911145
3,3299,0.9090911145
3,3300,0.9090911145
3,3301,0.9090911145
3,3302,0.9090911145
3,3303,0.9090911145
3,3304,0.9090911145
3,3305,0.9090911145
3,3306,0.9090911145
3,3307,0.9090911145
3,3308,0.9090911145
3,3309,0.9090911145
3,3310,0.9090911145
3,3311,0.9090911145
3,3312,0.9090911145
3,3313,0.9090911145
3,3314,0.9090911145
3,3315,0.9090911145
3,3316,0.9090911145
3,3317,0.9090911145
3,3318,0.9090911145
3,3319,0.9090911145
3,3320,0.9090911145
3,3321,0.9090911145
3,3322,0.9090911145
3,3323,0.9090911145
3,3324,0.9090911145
3,3325,0.9090911145
3,3326,0.9090911145
3,3327,0.9090911145
3,3328,0.9090911145
3,3329,0.9090911145
3,3330,0.9090911145
3,3331,0.9090911145
3,3332,0.9090911145
3,3333,0.9090911145
3,3334,0.9090911145
3,3335,0.9090911145
3,3336,0.9090911145
3,3337,0.9090911145
3,3338,0.9090911145
3,3339,0.9090911145
3,3340,0.9090911145
3,3341,0.9090911145
3,3342,0.9090911145
3,3343,0.9090911145
3,3344,0.9090911145
3,3345,0.9090911145
3,3346,0.9090911145
3,3347,0.9090911145
3,3348,0.9090911145
3,3349,0.9090911145
3,3350,0.9090911145
3,3351,0.9090911145
3,3352,0.9090911145
3,3353,0.9090911145
3,3354,0.9090911145
3,3355,0.9090911145
3,3356,0.9090911145
3,3357,0.9090911145
3,3358,0.9090911145
3,3359,0.9090911145
3,3360,0.9090911145
3,3361,0.9090911145
3,3362,0.9090911145
3,3363,0.9090911145
3,3364,0.9090911145
3,3365,0.9090911145
3,3366,0.9090911145
3,3367,0.9090911145
3,3368,0.9090911145
3,3369,0.9090911145
3,3370,0.9090911145
3,3371,0.9090911145
3,3372,0.9090911145
3,3373,0.9090911145
3,3374,0.9090911145
3,3375,0.9090911145
3,3376,0.9090911145
3,3377,0.9090911145
3,3378,0.9090911145
3,3379,0.9090911145
3,3380,0.9090911145
3,3381,0.9090911145
3,3382,0.9090911145
3,3383,0.9090911145
3,3384,0.9090911145
3,3385,0.9090911145
3,3386,0.9090911145
3,3387,0.9090911145
3,3388,0.9090911145
3,3389,0.9090911145
3,3390,0.9090911145
3,3391,0.9090911145
3,3392,0.9090911145
3,3393,0.9090911145
3,3394,0.9090911145
3,3395,0.9090911145
3,3396,0.9090911145
3,3397,0.9090911145
3,3398,0.9090911145
3,3399,0.9090911145
3,3400,0.9090911145
3,3401,0.9090911145
3,3402,0.9090911145
3,3403,0.9090911145
3,3404,0.9090911145
3,3405,0.9090911145
3,3406,0.9090911145
3,3407,0.9090911145
3,3408,0.9090911145
3,3409,0.9090911145
3,3410,0.9090911145
3,3411,0.9090911145
3,3412,0.9090911145
3,3413,0.9090911145
3,3414,0.9090911145
3,3415,0.9090911145
3,3416,0.9090911145
3,3417,0.9090911145
3,3418,0.9090911145
3,3419,0.9090911145
3,3420,0.9090911145
3,3421,0.9090911145
3,3422,0.9090911145
3,3423,0.9090911145
3,3424,0.9090911145
3,3425,0.9090911145
3,3426,0.9090911145
3,3427,0.9090911145
3,3428,0.9090911145
3,3429,0.9090911145
3,3430,0.9090911145
3,3431,0.9090911145
3,3432,0.9090911145
3,3433,0.9090911145
3,3434,0.9090911145
3,3435,0.9090911145
3,3436,0.9090911145
3,3437,0.9090911145
3,3438,0.9090911145
3,3439,0.9090911145
3,3440,0.9090911145
3,3441,0.9090911145
3,3442,0.9090911145
3,3443,0.9090911145
3,3444,0.9090911145
3,3445,0.9090911145
3,3446,0.9090911145
3,3447,0.9090911145
3,3448,0.9090911145
3,3449,0.9090911145
3,3450,0.9090911145
3,3451,0.9090911145
3,3452,0.9090911145
3,3453,0.9090911145
3,3454,0.9090911145
3,3455,0.9090911145
3,3456,0.9090911145
3,3457,0.9090911145
3,3458,0.9090911145
3,3459,0.9090911145
3,3460,0.9090911145
3,3461,0.9090911145
3,3462,0.9090911145
3,3463,0.9090911145
3,3464,0.9090911145
3,3465,0.9090911145
3,3466,0.9090911145
3,3467,0.9090911145
3,3468,0.9090911145
3,3469,0.9090911145
3,3470,0.9090911145
3,3471,0.9090911145
3,3472,0.9090911145
3,3473,0.9090911145
3,3474,0.9090911145
3,3475,0.9090911145
3,3476,0.9090911145
3,3477,0.9090911145
3,3478,0.9090911145
3,3479,0.9090911145
3,3480,0.9090911145
3,3481,0.9090911145
3,3482,0.9090911145
3,3483,0.9090911145
3,3484,0.9090911145
3,3485,0.9090911145
3,3486,0.9090911145
3,3487,0.9090911145
3,3488,0.9090911145
3,3489,0.9090911145
3,3490,0.9090911145
3,3491,0.9090911145
3,3492,0.9090911145
3,3493,0.9090911145
3,3494,0.9090911145
3,3495,0.9090911145
3,3496,0.9090911145
3,3497,0.9090911145
3,3498,0.9090911145
3,3499,0.9090911145
3,3500,0.9090911145
3,3501,0.9090911145
3,3502,0.9090911145
3,3503,0.9090911145
3,3504,0.9090911145
3,3505,0.9090911145
3,3506,0.9090911145
3,3507,0.9090911145
3,3508,0.9090911145
3,3509,0.9090911145
3,3510,0.9090911145
3,3511,0.9090911145
3,3512,0.9090911145
3,3513,0.9090911145
3,3514,0.9090911145
3,3515,0.9090911145
3,3516,0.9090911145
3,3517,0.9090911145
3,3518,0.9090911145
3,3519,0.9090911145
3,3520,0.9090911145
3,3521,0.9090911145
3,3522,0.9090911145
3,3523,0.9090911145
3,3524,0.9090911145
3,3525,0.9090911145
3,3526,0.9090911145
3,3527,0.9090911145
3,3528,0.9090911145
3,3529,0.9090911145
3,3530,0.9090911145
3,3531,0.9090911145
3,3532,0.9090911145
3,3533,0.9090911145
3,3534,0.9090911145
3,3535,0.9090911145
3,3536,0.9090911145
3,3537,0.9090911145
3,3538,0.9090911145
3,3539,0.9090911145
3,3540,0.9090911145
3,3541,0.9090911145
3,3542,0.9090911145
3,3543,0.9090911145
3,3544,0.9090911145
3,3545,0.9090911145
3,3546,0.9090911145
3,3547,0.9090911145
3,3548,0.9090911145
3,3549,0.9090911145
3,3550,0.9090911145
3,3551,0.9090911145
3,3552,0.9090911145
3,3553,0.9090911145
3,3554,0.9090911145
3,3555,0.9090911145
3,3556,0.9090911145
3,3557,0.9090911145
3,3558,0.9090911145
3,3559,0.9090911145
3,3560,0.9090911145
3,3561,0.9090911145
3,3562,0.9090911145
3,3563,0.9090911145
3,3564,0.9090911145
3,3565,0.9090911145
3,3566,0.9090911145
3,3567,0.9090911145
3,3568,0.9090911145
3,3569,0.9090911145
3,3570,0.9090911145
3,3571,0.9090911145
3,3572,0.9090911145
3,3573,0.9090911145
3,3574,0.9090911145
3,3575,0.9090911145
3,3576,0.9090911145
3,3577,0.9090911145
3,3578,0.9090911145
3,3579,0.9090911145
3,3580,0.9090911145
3,3581,0.9090911145
3,3582,0.9090911145
3,3583,0.9090911145
3,3584,0.9090911145
3,3585,0.9090911145
3,3586,0.9090911145
3,3587,0.9090911145
3,3588,0.9090911145
3,3589,0.9090911145
3,3590,0.9090911145
3,3591,0.9090911145
3,3592,0.9090911145
3,3593,0.9090911145
3,3594,0.9090911145
3,3595,0.9090911145
3,3596,0.9090911145
3,3597,0.9090911145
3,3598,0.9090911145
3,3599,0.9090911145
3,3600,0.9090911145
3,3601,0.9090911145
3,3602,0.9090911145
3,3603,0.9090911145
3,3604,0.9090911145
3,3605,0.9090911145
3,3606,0.9090911145
3,3607,0.9090911145
3,3608,0.9090911145
3,3609,0.9090911145
3,3610,0.9090911145
3,3611,0.9090911145
3,3612,0.9090911145
3,3613,0.9090911145
3,3614,0.9090911145
3,3615,0.9090911145
3,3616,0.9090911145
3,3617,0.9090911145
3,3618,0.9090911145
3,3619,0.9090911145
3,3620,0.9090911145
3,3621,0.9090911145
3,3622,0.9090911145
3,3623,0.9090911145
3,3624,0.9090911145
3,3625,0.9090911145
3,3626,0.9090911145
3,3627,0.9090911145
3,3628,0.9090911145
3,3629,0.9090911145
3,3630,0.9090911145
3,3631,0.9090911145
3,3632,0.9090911145
3,3633,0.9090911145
3,3634,0.9090911145
3,3635,0.9090911145
3,3636,0.9090911145
3,3637,0.9090911145
3,3638,0.9090911145
3,3639,0.9090911145
3,3640,0.9090911145
3,3641,0.9090911145
3,3642,0.9090911145
3,3643,0.9090911145
3,3644,0.9090911145
3,3645,0.9090911145
3,3646,0.9090911145
3,3647,0.9090911145
3,3648,0.9090911145
3,3649,0.9090911145
3,3650,0.9090911145
3,3651,0.9090911145
3,3652,0.9090911145
3,3653,0.9090911145
3,3654,0.9090911145
3,3655,0.9090911145
3,3656,0.9090911145
3,3657,0.9090911145
3,3658,0.9090911145
3,3659,0.9090911145
3,3660,0.9090911145
3,3661,0.9090911145
3,3662,0.9090911145
3,3663,0.9090911145
3,3664,0.9090911145
3,3665,0.9090911145
3,3666,0.9090911145
3,3667,0.9090911145
3,3668,0.9090911145
3,3669,0.9090911145
3,3670,0.9090911145
3,3671,0.9090911145
3,3672,0.9090911145
3,3673,0.9090911145
3,3674,0.9090911145
3,3675,0.9090911145
3,3676,0.9090911145
3,3677,0.9090911145
3,3678,0.9090911145
3,3679,0.9090911145
3,3680,0.9090911145
3,3681,0.9090911145
3,3682,0.9090911145
3,3683,0.9090911145
3,3684,0.9090911145
3,3685,0.9090911145
3,3686,0.9090911145
3,3687,0.9090911145
3,3688,0.9090911145
3,3689,0.9090911145
3,3690,0.9090911145
3,3691,0.9090911145
3,3692,0.9090911145
3,3693,0.9090911145
3,3694,0.9090911145
3,3695,0.9090911145
3,3696,0.9090911145
3,3697,0.9090911145
3,3698,0.9090911145
3,3699,0.9090911145
3,3700,0.9090911145
3,3701,0.9090911145
3,3702,0.9090911145
3,3703,0.9090911145
3,3704,0.9090911145
3,3705,0.9090911145
3,3706,0.9090911145
3,3707,0.9090911145
3,3708,0.9090911145
3,3709,0.9090911145
3,3710,0.9090911145
3,3711,0.9090911145
3,3712,0.9090911145
3,3713,0.9090911145
3,3714,0.9090911145
3,3715,0.9090911145
3,3716,0.9090911145
3,3717,0.9090911145
3,3718,0.9090911145
3,3719,0.9090911145
3,3720,0.9090911145
3,3721,0.9090911145
3,3722,0.9090911145
3,3723,0.9090911145
3,3724,0.9090911145
3,3725,0.9090911145
3,3726,0.9090911145
3,3727,0.9090911145
3,3728,0.9090911145
3,3729,0.9090911145
3,3730,0.9090911145
3,3731,0.9090911145
3,3732,0.9090911145
3,3733,0.9090911145
3,3734,0.9090911145
3,3735,0.9090911145
3,3736,0.9090911145
3,3737,0.9090911145
3,3738,0.9090911145
3,3739,0.9090911145
3,3740,0.9090911145
3,3741,0.9090911145
3,3742,0.9090911145
3,3743,0.9090911145
3,3744,0.9090911145
3,3745,0.9090911145
3,3746,0.9090911145
3,3747,0.9090911145
3,3748,0.9090911145
3,3749,0.9090911145
3,3750,0.9090911145
3,3751,0.9090911145
3,3752,0.9090911145
3,3753,0.9090911145
3,3754,0.9090911145
3,3755,0.9090911145
3,3756,0.9090911145
3,3757,0.9090911145
3,3758,0.9090911145
3,3759,0.9090911145
3,3760,0.9090911145
3,3761,0.9090911145
3,3762,0.9090911145
3,3763,0.9090911145
3,3764,0.9090911145
3,3765,0.9090911145
3,3766,0.9090911145
3,3767,0.9090911145
3,3768,0.9090911145
3,3769,0.9090911145
3,3770,0.9090911145
3,3771,0.9090911145
3,3772,0.9090911145
3,3773,0.9090911145
3,3774,0.9090911145
3,3775,0.9090911145
3,3776,0.9090911145
3,3777,0.9090911145
3,3778,0.9090911145
3,3779,0.9090911145
3,3780,0.9090911145
3,3781,0.9090911145
3,3782,0.9090911145
3,3783,0.9090911145
3,3784,0.9090911145
3,3785,0.9090911145
3,3786,0.9090911145
3,3787,0.9090911145
3,3788,0.9090911145
3,3789,0.9090911145
3,3790,0.9090911145
3,3791,0.9090911145
3,3792,0.9090911145
3,3793,0.9090911145
3,3794,0.9090911145
3,3795,0.9090911145
3,3796,0.9090911145
3,3797,0.9090911145
3,3798,0.9090911145
3,3799,0.9090911145
3,3800,0.9090911145
3,3801,0.9090911145
3,3802,0.9090911145
3,3803,0.9090911145
3,3804,0.9090911145
3,3805,0.9090911145
3,3806,0.9090911145
3,3807,0.9090911145
3,3808,0.9090911145
3,3809,0.9090911145
3,3810,0.9090911145
3,3811,0.9090911145
3,3812,0.9090911145
3,3813,0.9090911145
3,3814,0.9090911145
3,3815,0.9090911145
3,3816,0.9090911145
3,3817,0.9090911145
3,3818,0.9090911145
3,3819,0.9090911145
3,3820,0.9090911145
3,3821,0.9090911145
3,3822,0.9090911145
3,3823,0.9090911145
3,3824,0.9090911145
3,3825,0.9090911145
3,3826,0.9090911145
3,3827,0.9090911145
3,3828,0.9090911145
3,3829,0.9090911145
3,3830,0.9090911145
3,3831,0.9090911145
3,3832,0.9090911145
3,3833,0.9090911145
3,3834,0.9090911145
3,3835,0.9090911145
3,3836,0.9090911145
3,3837,0.9090911145
3,3838,0.9090911145
3,3839,0.9090911145
3,3840,0.9090911145
3,3841,0.9090911145
3,3842,0.9090911145
3,3843,0.9090911145
3,3844,0.9090911145
3,3845,0.9090911145
3,3846,0.9090911145
3,3847,0.9090911145
3,3848,0.9090911145
3,3849,0.9090911145
3,3850,0.9090911145
3,3851,0.9090911145
3,3852,0.9090911145
3,3853,0.9090911145
3,3854,0.9090911145
3,3855,0.9090911145
3,3856,0.9090911145
3,3857,0.9090911145
3,3858,0.9090911145
3,3859,0.9090911145
3,3860,0.9090911145
3,3861,0.9090911145
3,3862,0.9090911145
3,3863,0.9090911145
3,3864,0.9090911145
3,3865,0.9090911145
3,3866,0.9090911145
3,3867,0.9090911145
3,3868,0.9090911145
3,3869,0.9090911145
3,3870,0.9090911145
3,3871,0.9090911145
3,3872,0.9090911145
3,3873,0.9090911145
3,3874,0.9090911145
3,3875,0.9090911145
3,3876,0.9090911145
3,3877,0.9090911145
3,3878,0.9090911145
3,3879,0.9090911145
3,3880,0.9090911145
3,3881,0.9090911145
3,3882,0.9090911145
3,3883,0.9090911145
3,3884,0.9090911145
3,3885,0.9090911145
3,3886,0.9090911145
3,3887,0.9090911145
3,3888,0.9090911145
3,3889,0.9090911145
3,3890,0.9090911145
3,3891,0.9090911145
3,3892,0.9090911145
3,3893,0.9090911145
3,3894,0.9090911145
3,3895,0.9090911145
3,3896,0.9090911145
3,3897,0.9090911145
3,3898,0.9090911145
3,3899,0.9090911145
3,3900,0.9090911145
3,3901,0.9090911145
3,3902,0.9090911145
3,3903,0.9090911145
3,3904,0.9090911145
3,3905,0.9090911145
3,3906,0.9090911145
3,3907,0.9090911145
3,3908,0.9090911145
3,3909,0.9090911145
3,3910,0.9090911145
3,3911,0.9090911145
3,3912,0.9090911145
3,3913,0.9090911145
3,3914,0.9090911145
3,3915,0.9090911145
3,3916,0.9090911145
3,3917,0.9090911145
3,3918,0.9090911145
3,3919,0.9090911145
3,3920,0.9090911145
3,3921,0.9090911145
3,3922,0.9090911145
3,3923,0.9090911145
3,3924,0.9090911145
3,3925,0.9090911145
3,3926,0.9090911145
3,3927,0.9090911145
3,3928,0.9090911145
3,3929,0.9090911145
3,3930,0.9090911145
3,3931,0.9090911145
3,3932,0.9090911145
3,3933,0.9090911145
3,3934,0.9090911145
3,3935,0.9090911145
3,3936,0.9090911145
3,3937,0.9090911145
3,3938,0.9090911145
3,3939,0.9090911145
3,3940,0.9090911145
3,3941,0.9090911145
3,3942,0.9090911145
3,3943,0.9090911145
3,3944,0.9090911145
3,3945,0.9090911145
3,3946,0.9090911145
3,3947,0.9090911145
3,3948,0.9090911145
3,3949,0.9090911145
3,3950,0.9090911145
3,3951,0.9090911145
3,3952,0.9090911145
3,3953,0.9090911145
3,3954,0.9090911145
3,3955,0.9090911145
3,3956,0.9090911145
3,3957,0.9090911145
3,3958,0.9090911145
3,3959,0.9090911145
3,3960,0.9090911145
3,3961,0.9090911145
3,3962,0.9090911145
3,3963,0.9090911145
3,3964,0.9090911145
3,3965,0.9090911145
3,3966,0.9090911145
3,3967,0.9090911145
3,3968,0.9090911145
3,3969,0.9090911145
3,3970,0.9090911145
3,3971,0.9090911145
3,3972,0.9090911145
3,3973,0.9090911145
3,3974,0.9090911145
3,3975,0.9090911145
3,3976,0.9090911145
3,3977,0.9090911145
3,3978,0.9090911145
3,3979,0.9090911145
3,3980,0.9090911145
3,3981,0.9090911145
3,3982,0.9090911145
3,3983,0.9090911145
3,3984,0.9090911145
3,3985,0.9090911145
3,3986,0.9090911145
3,3987,0.9090911145
3,3988,0.9090911145
3,3989,0.9090911145
3,3990,0.9090911145
3,3991,0.9090911145
3,3992,0.9090911145
3,3993,0.9090911145
3,3994,0.9090911145
3,3995,0.9090911145
3,3996,0.9090911145
3,3997,0.9090911145
3,3998,0.9090911145
3,3999,0.9090911145
3,4000,0.9090911145
3,4001,0.9090911145
3,4002,0.9090911145
3,4003,0.9090911145
3,4004,0.9090911145
3,4005,0.9090911145
3,4006,0.9090911145
3,4007,0.9090911145
3,4008,0.9090911145
3,4009,0.9090911145
3,4010,0.9090911145
3,4011,0.9090911145
3,4012,0.9090911145
3,4013,0.9090911145
3,4014,0.9090911145
3,4015,0.9090911145
3,4016,0.9090911145
3,4017,0.9090911145
3,4018,0.9090911145
3,4019,0.9090911145
3,4020,0.9090911145
3,4021,0.9090911145
3,4022,0.9090911145
3,4023,0.9090911145
3,4024,0.9090911145
3,4025,0.9090911145
3,4026,0.9090911145
3,4027,0.9090911145
3,4028,0.9090911145
3,4029,0.9090911145
3,4030,0.9090911145
3,4031,0.9090911145
3,4032,0.9090911145
3,4033,0.9090911145
3,4034,0.9090911145
3,4035,0.9090911145
3,4036,0.9090911145
3,4037,0.9090911145
3,4038,0.9090911145
3,4039,0.9090911145
3,4040,0.9090911145
3,4041,0.9090911145
3,4042,0.9090911145
3,4043,0.9090911145
3,4044,0.9090911145
3,4045,0.9090911145
3,4046,0.9090911145
3,4047,0.9090911145
3,4048,0.9090911145
3,4049,0.9090911145
3,4050,0.9090911145
3,4051,0.9090911145
3,4052,0.9090911145
3,4053,0.9090911145
3,4054,0.9090911145
3,4055,0.9090911145
3,4056,0.9090911145
3,4057,0.9090911145
3,4058,0.9090911145
3,4059,0.9090911145
3,4060,0.9090911145
3,4061,0.9090911145
3,4062,0.9090911145
3,4063,0.9090911145
3,4064,0.9090911145
3,4065,0.9090911145
3,4066,0.9090911145
3,4067,0.9090911145
3,4068,0.9090911145
3,4069,0.9090911145
3,4070,0.9090911145
3,4071,0.9090911145
3,4072,0.9090911145
3,4073,0.9090911145
3,4074,0.9090911145
3,4075,0.9090911145
3,4076,0.9090911145
3,4077,0.9090911145
3,4078,0.9090911145
3,4079,0.9090911145
3,4080,0.9090911145
3,4081,0.9090911145
3,4082,0.9090911145
3,4083,0.9090911145
3,4084,0.9090911145
3,4085,0.9090911145
3,4086,0.9090911145
3,4087,0.9090911145
3,4088,0.9090911145
3,4089,0.9090911145
3,4090,0.9090911145
3,4091,0.9090911145
3,4092,0.9090911145
3,4093,0.9090911145
3,4094,0.9090911145
3,4095,0.9090911145
3,4096,0.9090911145
3,4097,0.9090911145
3,4098,0.9090911145
3,4099,0.9090911145
3,4100,0.9090911145
3,4101,0.9090911145
3,4102,0.9090911145
3,4103,0.9090911145
3,4104,0.9090911145
3,4105,0.9090911145
3,4106,0.9090911145
3,4107,0.9090911145
3,4108,0.9090911145
3,4109,0.9090911145
3,4110,0.9090911145
3,4111,0.9090911145
3,4112,0.9090911145
3,4113,0.9090911145
3,4114,0.9090911145
3,4115,0.9090911145
3,4116,0.9090911145
3,4117,0.9090911145
3,4118,0.9090911145
3,4119,0.9090911145
3,4120,0.9090911145
3,4121,0.9090911145
3,4122,0.9090911145
3,4123,0.9090911145
3,4124,0.9090911145
3,4125,0.9090911145
3,4126,0.9090911145
3,4127,0.9090911145
3,4128,0.9090911145
3,4129,0.9090911145
3,4130,0.9090911145
3,4131,0.9090911145
3,4132,0.9090911145
3,4133,0.9090911145
3,4134,0.9090911145
3,4135,0.9090911145
3,4136,0.9090911145
3,4137,0.9090911145
3,4138,0.9090911145
3,4139,0.9090911145
3,4140,0.9090911145
3,4141,0.9090911145
3,4142,0.9090911145
3,4143,0.9090911145
3,4144,0.9090911145
3,4145,0.9090911145
3,4146,0.9090911145
3,4147,0.9090911145
3,4148,0.9090911145
3,4149,0.9090911145
3,4150,0.9090911145
3,4151,0.9090911145
3,4152,0.9090911145
3,4153,0.9090911145
3,4154,0.9090911145
3,4155,0.9090911145
3,4156,0.9090911145
3,4157,0.9090911145
3,4158,0.9090911145
3,4159,0.9090911145
3,4160,0.9090911145
3,4161,0.9090911145
3,4162,0.9090911145
3,4163,0.9090911145
3,4164,0.9090911145
3,4165,0.9090911145
3,4166,0.9090911145
3,4167,0.9090911145
3,4168,0.9090911145
3,4169,0.9090911145
3,4170,0.9090911145
3,4171,0.9090911145
3,4172,0.9090911145
3,4173,0.9090911145
3,4174,0.9090911145
3,4175,0.9090911145
3,4176,0.9090911145
3,4177,0.9090911145
3,4178,0.9090911145
3,4179,0.9090911145
3,4180,0.9090911145
3,4181,0.9090911145
3,4182,0.9090911145
3,4183,0.9090911145
3,4184,0.9090911145
3,4185,0.9090911145
3,4186,0.9090911145
3,4187,0.9090911145
3,4188,0.9090911145
3,4189,0.9090911145
3,4190,0.9090911145
3,4191,0.9090911145
3,4192,0.9090911145
3,4193,0.9090911145
3,4194,0.9090911145
3,4195,0.9090911145
3,4196,0.9090911145
3,4197,0.9090911145
3,4198,0.9090911145
3,4199,0.9090911145
4,0,19.56888655
4,1,8.656723078
4,2,14.25504038
4,3,15.38871999
4,4,15.84042893
4,5,18.90210661
4,6,12.96508552
4,7,5.129320682
4,8,17.58824505
4,9,9.031506042
4,10,12.72155127
4,11,9.679656626
4,12,16.88400498
4,13,9.588065099
4,14,6.777515413
4,15,12.08998089
4,16,8.43387095
4,17,24.35393712
4,18,14.30772443
4,19,13.10774309
4,20,9.304852996
4,21,5.78909994
4,22,9.471771836
4,23,20.48001755
4,24,12.28426972
4,25,21.6137004
4,26,8.47242186
4,27,17.5716481
4,28,10.54943053
4,29,11.3721962
4,30,10.57625657
4,31,13.19157123
4,32,12.03832443
4,33,10.68823749
4,34,14.23203832
4,35,15.5775581
4,36,9.548881815
4,37,8.791235969
4,38,27.74558761
4,39,6.601818955
4,40,19.8139729
4,41,10.56888137
4,42,15.56792014
4,43,15.889501
4,44,8.861733342
4,45,6.59778001
4,46,10.28034137
4,47,12.15943168
4,48,11.79355215
4,49,15.00397315
4,50,12.27062038
4,51,5.1632619
4,52,5.980914548
4,53,3.765570516
4,54,22.83632802
4,55,5.33554977
4,56,16.50483552
4,57,8.78649131
4,58,14.09489388
4,59,15.57144076
4,60,9.019206415
4,61,9.971937913
4,62,6.089444681
4,63,13.4764677
4,64,11.14606863
4,65,11.43360074
4,66,18.97780604
4,67,17.43611065
4,68,11.20391643
4,69,25.56698999
4,70,13.23492792
4,71,6.206894477
4,72,12.90741751
4,73,5.964772243
4,74,8.613476912
4,75,12.40999593
4,76,5.588110567
4,77,31.38129705
4,78,16.14821606
4,79,12.67344842
4,80,11.49106799
4,81,9.617796477
4,82,8.38971145
4,83,11.82556823
4,84,9.202356668
4,85,11.24405024
4,86,10.08800642
4,87,5.731603132
4,88,13.28413921
4,89,19.83975945
4,90,13.37472192
4,91,10.99833709
4,92,9.893148529
4,93,4.227864859
4,94,17.55487046
4,95,3.773285205
4,96,12.07895402
4,97,8.761397567
4,98,9.040430473
4,99,14.41424823
4,100,8.324539445
4,101,10.87944655
4,102,17.48556498
4,103,18.98650476
4,104,7.331890859
4,105,15.04233922
4,106,7.342167307
4,107,11.00767525
4,108,8.267507042
4,109,6.641346931
4,110,9.475242205
4,111,5.977622238
4,112,5.403391603
4,113,8.670815098
4,114,11.47825481
4,115,14.44556125
4,116,5.907277457
4,117,9.40808685
4,118,8.228388661
4,119,11.32704316
4,120,15.04277952
4,121,4.747309372
4,122,8.160873747
4,123,11.40333999
4,124,12.06563341
4,125,6.003952912
4,126,10.3107114
4,127,9.228337863
4,128,5.758261156
4,129,8.14660468
4,130,8.021342786
4,131,9.67901693
4,132,8.30138889
4,133,15.09817669
4,134,7.655108725
4,135,11.9388742
4,136,8.248946279
4,137,13.75376268
4,138,7.17836689
4,139,8.720282876
4,140,2.740142893
4,141,19.22855038
4,142,7.292072088
4,143,20.09841636
4,144,15.46241357
4,145,10.66663756
4,146,11.45442011
4,147,21.61786381
4,148,7.981259057
4,149,9.290334256
4,150,11.78594927
4,151,4.615153452
4,152,20.4289687
4,153,4.478535327
4,154,23.06982256
4,155,6.390695547
4,156,21.4936675
4,157,7.924804851
4,158,14.1814207
4,159,2.598956866
4,160,11.47514453
4,161,4.635899488
4,162,17.93990059
4,163,6.748140832
4,164,14.22569952
4,165,12.40119383
4,166,5.361697917
4,167,16.0496303
4,168,10.70807531
4,169,6.916109347
4,170,10.65526984
4,171,14.08895694
4,172,5.527312418
4,173,14.31120983
4,174,5.162418495
4,175,9.156517785
4,176,9.788845301
4,177,10.29950401
4,178,13.53122272
4,179,10.64085966
4,180,11.37675367
4,181,13.69849468
4,182,8.801565382
4,183,9.547874754
4,184,10.55853526
4,185,10.15813689
4,186,10.00744371
4,187,6.370349771
4,188,14.45825847
4,189,13.09933251
4,190,13.7761543
4,191,14.19733028
4,192,6.236140887
4,193,7.886713284
4,194,4.514389572
4,195,13.0048872
4,196,4.050505376
4,197,8.079308303
4,198,4.422833701
4,199,13.77507711
4,200,7.814207547
4,201,4.522986528
4,202,9.325432204
4,203,8.61417968
4,204,7.878116328
4,205,11.3401183
4,206,6.543375393
4,207,8.535192349
4,208,8.522480198
4,209,5.054971055
4,210,3.347344942
4,211,6.743541393
4,212,6.528297804
4,213,7.676063919
4,214,9.156473495
4,215,15.34068231
4,216,9.457104804
4,217,9.606963239
4,218,4.609369932
4,219,6.565026528
4,220,13.89537794
4,221,7.174196261
4,222,4.971908467
4,223,6.672173232
4,224,7.762933654
4,225,9.84956473
4,226,9.564116031
4,227,7.602461099
4,228,4.526150866
4,229,12.47532912
4,230,7.898147382
4,231,11.11336089
4,232,10.71862912
4,233,8.096694403
4,234,11.41479995
4,235,17.66173281
4,236,8.122048704
4,237,12.88141497
4,238,14.71088463
4,239,8.446659115
4,240,11.02773353
4,241,15.89716116
4,242,16.28878236
4,243,14.04844748
4,244,8.682931324
4,245,12.10633858
4,246,9.737837362
4,247,11.47644388
4,248,11.53417844
4,249,4.275154223
4,250,10.88582776
4,251,11.6403399
4,252,8.400762097
4,253,18.77982003
4,254,5.775079738
4,255,11.75443668
4,256,6.112628794
4,257,5.956400579
4,258,8.756372576
4,259,6.020449
4,260,12.44932238
4,261,8.208883625
4,262,5.788564967
4,263,7.58565468
4,264,8.203827681
4,265,7.477865008
4,266,8.563695591
4,267,6.883258796
4,268,7.775720697
4,269,6.923881164
4,270,4.21129463
4,271,7.260258429
4,272,9.122099439
4,273,11.09542042
4,274,9.560037994
4,275,6.127864579
4,276,5.752117176
4,277,11.77748593
4,278,4.554206262
4,279,9.138548363
4,280,13.98261254
4,281,7.666835124
4,282,6.984613507
4,283,6.172438613
4,284,7.835110481
4,285,17.72058535
4,286,13.7353173
4,287,12.8189428
4,288,22.15883573
4,289,9.664778578
4,290,7.650208327
4,291,6.361961006
4,292,9.088972885
4,293,5.282363141
4,294,11.18946169
4,295,11.94377904
4,296,8.733154614
4,297,12.41919519
4,298,7.255062697
4,299,4.430378471
4,300,16.34545481
4,301,14.79092205
4,302,10.09934607
4,303,10.03402717
4,304,9.153720309
4,305,8.217999662
4,306,9.233294041
4,307,14.17833762
4,308,12.29390726
4,309,7.640161969
4,310,11.91205212
4,311,5.816761742
4,312,17.68741217
4,313,7.274682426
4,314,8.17253371
4,315,7.511462331
4,316,11.61348178
4,317,12.11091258
4,318,3.001876176
4,319,12.50523516
4,320,9.234705797
4,321,6.180432133
4,322,10.11319792
4,323,3.401230044
4,324,15.29111599
4,325,5.049423054
4,326,12.12451611
4,327,10.42449125
4,328,3.079512265
4,329,6.072906127
4,330,7.396067621
4,331,10.32008861
4,332,7.688243523
4,333,14.03611815
4,334,7.734395996
4,335,8.108578441
4,336,3.706673959
4,337,6.741757545
4,338,6.633070797
4,339,5.370005634
4,340,10.26015323
4,341,7.429960298
4,342,7.935189389
4,343,11.13655531
4,344,9.434013622
4,345,8.814494291
4,346,7.158149615
4,347,8.896727766
4,348,5.230581522
4,349,6.705960771
4,350,7.420406429
4,351,8.151980171
4,352,7.492815451
4,353,8.003955582
4,354,7.382711415
4,355,7.88255646
4,356,6.409689978
4,357,7.776245173
4,358,10.00263443
4,359,3.544334197
4,360,11.5370802
4,361,4.267411733
4,362,7.553514195
4,363,10.70260113
4,364,12.22628363
4,365,7.912298244
4,366,6.659468054
4,367,9.200648524
4,368,2.081078633
4,369,5.284228899
4,370,7.664807563
4,371,13.99716728
4,372,10.37443833
4,373,5.345562022
4,374,9.557903941
4,375,7.430913291
4,376,10.80472322
4,377,5.876896414
4,378,6.585517221
4,379,12.07370475
4,380,8.754796476
4,381,11.69073134
4,382,4.259104016
4,383,8.254245385
4,384,11.77934771
4,385,6.972846546
4,386,9.363426229
4,387,9.504586152
4,388,6.641594967
4,389,8.425328695
4,390,7.952839542
4,391,4.955403907
4,392,7.34643698
4,393,16.3614961
4,394,9.996805508
4,395,6.982405439
4,396,12.77672621
4,397,19.29774329
4,398,2.595206789
4,399,6.412628799
4,400,8.635092463
4,401,8.218007666
4,402,10.05167047
4,403,7.494999144
4,404,6.557967254
4,405,13.69326384
4,406,9.740128377
4,407,12.06874326
4,408,16.23811521
4,409,8.918428019
4,410,7.089586197
4,411,4.466969572
4,412,0.9990604876
4,413,8.132852739
4,414,6.460670581
4,415,6.77305391
4,416,8.448301044
4,417,5.79137516
4,418,5.438880726
4,419,6.454212908
4,420,7.29031346
4,421,6.406546974
4,422,7.477995304
4,423,11.103318
4,424,8.09109016
4,425,5.497173872
4,426,13.76415722
4,427,9.321774674
4,428,6.442978916
4,429,12.4224103
4,430,5.744848771
4,431,3.9529733
4,432,15.29135484
4,433,6.99946489
4,434,3.141354527
4,435,5.935336504
4,436,10.21392375
4,437,6.527626812
4,438,3.083390438
4,439,12.73377429
4,440,1.08396294
4,441,4.572350647
4,442,8.359815947
4,443,7.074287241
4,444,6.542345731
4,445,10.98005841
4,446,5.231104744
4,447,4.338166104
4,448,10.19997077
4,449,11.70940886
4,450,9.601036273
4,451,9.359782304
4,452,10.81293213
4,453,6.425832128
4,454,8.577281664
4,455,7.610347292
4,456,4.064061246
4,457,7.721192716
4,458,1.929098049
4,459,5.055631816
4,460,5.377683607
4,461,7.952851293
4,462,3.401965213
4,463,9.680844665
4,464,6.479580805
4,465,10.02682216
4,466,10.80910705
4,467,5.328225788
4,468,3.767385845
4,469,10.33213375
4,470,7.018104361
4,471,5.866559911
4,472,7.124324333
4,473,6.331681769
4,474,15.3933391
4,475,5.778434216
4,476,9.348574846
4,477,2.348285657
4,478,7.96944308
4,479,10.9431207
4,480,9.40634536
4,481,3.265200865
4,482,7.51706565
4,483,10.70157208
4,484,4.511483372
4,485,5.835772121
4,486,8.452046815
4,487,9.898322111
4,488,11.60675909
4,489,10.44635318
4,490,4.244050598
4,491,6.071692174
4,492,4.51045603
4,493,7.518692221
4,494,4.296976469
4,495,2.868012706
4,496,4.204998799
4,497,10.34104181
4,498,7.79959425
4,499,7.818454562
4,500,12.99517165
4,501,7.525615836
4,502,4.039655067
4,503,9.33373992
4,504,5.160659867
4,505,6.355084938
4,506,2.776444555
4,507,4.035538049
4,508,6.945306553
4,509,7.294922244
4,510,14.67065537
4,511,7.654389679
4,512,5.66122913
4,513,6.118928487
4,514,2.063955936
4,515,9.168339631
4,516,9.430739381
4,517,4.401212268
4,518,6.281794194
4,519,4.782194762
4,520,6.860363735
4,521,4.751686352
4,522,10.11376417
4,523,6.472941295
4,524,3.890907715
4,525,7.520798109
4,526,13.29630621
4,527,9.213900731
4,528,7.958936091
4,529,4.948274453
4,530,4.624841542
4,531,12.04003438
4,532,5.195378221
4,533,6.663709828
4,534,10.47200481
4,535,6.505551189
4,536,13.71142451
4,537,2.396925605
4,538,5.280134173
4,539,12.69934235
4,540,6.689407611
4,541,7.81342507
4,542,5.310178788
4,543,8.513038193
4,544,12.04350247
4,545,5.130260194
4,546,4.348758088
4,547,10.17448753
4,548,3.729268922
4,549,3.261255715
4,550,8.657951397
4,551,7.509572945
4,552,5.448543187
4,553,4.67128707
4,554,11.93006148
4,555,9.301722249
4,556,9.189221239
4,557,12.21089958
4,558,4.277552489
4,559,9.455744748
4,560,6.715862714
4,561,3.280809314
4,562,4.725038937
4,563,6.750037106
4,564,3.23170089
4,565,7.117397122
4,566,8.703382726
4,567,8.390770325
4,568,4.645845218
4,569,9.075995299
4,570,4.039655067
4,571,5.605323816
4,572,6.355681065
4,573,3.854037475
4,574,6.658110369
4,575,6.787235072
4,576,5.198502091
4,577,4.071218774
4,578,2.08716953
4,579,4.916416372
4,580,7.973563953
4,581,6.386008816
4,582,4.676954537
4,583,3.884160878
4,584,4.682033091
4,585,9.529257265
4,586,5.571658794
4,587,12.57358472
4,588,5.352792385
4,589,10.42869363
4,590,6.72155007
4,591,8.573904089
4,592,5.192527207
4,593,7.067072534
4,594,3.315434832
4,595,3.83151516
4,596,8.779199016
4,597,4.672665624
4,598,6.36777248
4,599,6.33176062
4,600,8.172792772
4,601,10.26755313
4,602,9.74865113
4,603,12.66902216
4,604,5.32397027
4,605,8.687620778
4,606,5.519236147
4,607,1.905884456
4,608,9.96907764
4,609,5.184043332
4,610,7.827010155
4,611,5.326288026
4,612,7.055989579
4,613,10.81391505
4,614,5.51398348
4,615,5.885885746
4,616,8.863712226
4,617,4.271718194
4,618,7.857031679
4,619,5.206946666
4,620,5.925457257
4,621,8.130484585
4,622,5.755041601
4,623,4.285450645
4,624,8.576312776
4,625,7.791518301
4,626,4.873779275
4,627,5.745882215
4,628,9.428256173
4,629,6.153842018
4,630,3.605588323
4,631,4.592010852
4,632,1.903074263
4,633,2.106780068
4,634,3.592808755
4,635,3.241945092
4,636,5.336010519
4,637,3.65359045
4,638,5.009419842
4,639,8.67531029
4,640,6.756276285
4,641,3.60277813
4,642,6.303689564
4,643,7.902357384
4,644,3.999307407
4,645,3.079512265
4,646,5.741195162
4,647,1.490618484
4,648,1.216036997
4,649,2.255080609
4,650,8.828531519
4,651,8.093617661
4,652,6.860856103
4,653,3.762067954
4,654,8.30696135
4,655,5.040647854
4,656,5.675262472
4,657,8.809926087
4,658,8.501720062
4,659,4.601062215
4,660,5.399526203
4,661,3.675433173
4,662,5.937208826
4,663,4.801124233
4,664,9.413900662
4,665,3.263125841
4,666,5.606869687
4,667,9.508373793
4,668,4.958116494
4,669,6.578949638
4,670,9.423012665
4,671,6.797606003
4,672,4.128167477
4,673,6.288556134
4,674,3.470226397
4,675,6.585359582
4,676,9.701237749
4,677,5.459835149
4,678,5.912287255
4,679,8.165607
4,680,3.64447902
4,681,3.889776665
4,682,3.359159628
4,683,10.98594445
4,684,3.228890697
4,685,10.43127123
4,686,4.400008367
4,687,4.063401981
4,688,0.9090911145
4,689,8.175541054
4,690,4.734669083
4,691,4.215344404
4,692,1.08396294
4,693,4.991235808
4,694,12.23590267
4,695,2.318630898
4,696,5.918277284
4,697,8.834604264
4,698,11.01833989
4,699,2.409539783
4,700,8.46157834
4,701,6.300797703
4,702,4.524848257
4,703,2.063955936
4,704,3.712307268
4,705,7.869982681
4,706,4.207052116
4,707,6.289269248
4,708,4.434915909
4,709,4.410032152
4,710,6.611677718
4,711,3.919912202
4,712,1.903074263
4,713,3.300264307
4,714,4.5159983
4,715,3.234329931
4,716,4.41728479
4,717,2.368507787
4,718,8.175959525
4,719,5.689261955
4,720,7.376828678
4,721,7.667614596
4,722,4.589602096
4,723,3.48968139
4,724,3.9518147
4,725,1.490618484
4,726,4.701634283
4,727,2.925891391
4,728,4.171533838
4,729,5.800812662
4,730,4.042127507
4,731,4.456628627
4,732,3.139301142
4,733,7.048581296
4,734,3.957153376
4,735,6.881476911
4,736,6.086543557
4,737,5.949653674
4,738,4.509251463
4,739,8.277144655
4,740,8.036334854
4,741,8.243999043
4,742,6.075704881
4,743,5.035409755
4,744,6.495800217
4,745,2.557013363
4,746,5.035737159
4,747,5.651923451
4,748,5.164902381
4,749,4.463480774
4,750,4.509251463
4,751,7.224953985
4,752,6.677038142
4,753,4.838072494
4,754,2.803258867
4,755,4.285942969
4,756,8.441304771
4,757,5.888944949
4,758,2.428312021
4,759,4.487220514
4,760,3.361917075
4,761,7.913165297
4,762,4.106761453
4,763,4.455863628
4,764,4.899232225
4,765,2.712349981
4,766,3.314828162
4,767,4.778454994
4,768,6.855224353
4,769,2.939218305
4,770,0.9062809215
4,771,5.486192524
4,772,6.500569808
4,773,5.679056816
4,774,6.224043557
4,775,6.66187681
4,776,4.611392391
4,777,6.629094971
4,778,8.859739213
4,779,1.886273918
4,780,6.360701176
4,781,7.389091131
4,782,7.606163205
4,783,3.58096838
4,784,2.735859634
4,785,11.69774097
4,786,6.988267976
4,787,2.08716953
4,788,5.596372646
4,789,5.153969309
4,790,5.552456792
4,791,5.789180237
4,792,3.936011646
4,793,3.754199792
4,794,2.08716953
4,795,3.74504594
4,796,5.509377395
4,797,5.096011406
4,798,9.107929291
4,799,4.644247805
4,800,7.187585583
4,801,2.663710705
4,802,4.279396737
4,803,3.183672533
4,804,7.149638858
4,805,5.943616806
4,806,3.109986658
4,807,4.257376703
4,808,6.165156872
4,809,2.180888608
4,810,0.9062809215
4,811,3.916748242
4,812,6.606492901
4,813,6.467628386
4,814,6.163331553
4,815,2.913541652
4,816,4.245642379
4,817,6.100444508
4,818,3.729268922
4,819,4.082237164
4,820,2.740142893
4,821,2.745582127
4,822,3.910420529
4,823,2.803258867
4,824,2.368507787
4,825,9.944129921
4,826,3.019295864
4,827,1.086773133
4,828,6.032153859
4,829,4.511190915
4,830,4.493705852
4,831,3.298956705
4,832,5.076162023
4,833,3.854037475
4,834,4.000588839
4,835,3.440991118
4,836,5.799397031
4,837,4.456628627
4,838,7.703260394
4,839,2.238854125
4,840,4.486729148
4,841,4.77218821
4,842,5.605348107
4,843,4.61571796
4,844,3.832373553
4,845,3.085465461
4,846,3.213983612
4,847,4.62570207
4,848,3.544094285
4,849,2.089979723
4,850,2.081078633
4,851,3.818815127
4,852,4.589602096
4,853,6.060549479
4,854,1.713042506
4,855,5.840149299
4,856,4.83900501
4,857,4.119868068
4,858,2.496312916
4,859,4.110268797
4,860,5.111065891
4,861,5.357034831
4,862,1.185174569
4,863,3.910420529
4,864,1
4,865,4.93573297
4,866,4.5685651
4,867,2.594714352
4,868,3.562681564
4,869,2.50804798
4,870,0.9090911145
4,871,3.496709313
4,872,2.239808153
4,873,1
4,874,5.345551429
4,875,4.513188107
4,876,4.835171613
4,877,4.32825623
4,878,2.783023422
4,879,0.9990604876
4,880,0.9990604876
4,881,2.858766459
4,882,2.087570967
4,883,6.409292764
4,884,2.651484944
4,885,1.052528078
4,886,2.075345206
4,887,6.280392937
4,888,4.549949827
4,889,4.257376703
4,890,1.889416921
4,891,3.886292396
4,892,1.713042506
4,893,3.967464653
4,894,0.9090911145
4,895,0.9090911145
4,896,3.688936589
4,897,3.079512265
4,898,1.929098049
4,899,4.328362119
4,900,4.01381454
4,901,4.423613088
4,902,3.64295647
4,903,5.056770455
4,904,3.459755988
4,905,3.357971925
4,906,1.490618484
4,907,2.814993863
4,908,2.739963106
4,909,3.733310944
4,910,3.065884216
4,911,2.043067088
4,912,2.043067088
4,913,4.529662028
4,914,5.552867192
4,915,4.726673786
4,916,2.207991697
4,917,1.399158249
4,918,3.5068449
4,919,6.721788678
4,920,4.257992118
4,921,5.535911842
4,922,4.677999359
4,923,2.27698805
4,924,3.544334197
4,925,4.775709317
4,926,4.9235234
4,927,2.893931114
4,928,1.345690659
4,929,2.238854125
4,930,3.903179573
4,931,3.053940991
4,932,3.805086834
4,933,3.082655268
4,934,2.562269338
4,935,4.297803431
4,936,3.854037475
4,937,3.762206374
4,938,6.121796042
4,939,3.342126631
4,940,3.732356916
4,941,4.715084775
4,942,4.421035796
4,943,4.533325692
4,944,4.37016207
4,945,3.776095398
4,946,1
4,947,0.9090911145
4,948,3.905588328
4,949,4.040827076
4,950,4.696556796
4,951,6.232234285
4,952,4.887701056
4,953,4.788774495
4,954,1.984362423
4,955,2.587140621
4,956,6.391868938
4,957,4.380983128
4,958,2.207991697
4,959,4.734769951
4,960,4.947224903
4,961,0.9090911145
4,962,1.345690659
4,963,2.081078633
4,964,2.513435612
4,965,2.412085537
4,966,1.905884456
4,967,3.361354551
4,968,4.208883693
4,969,6.161938414
4,970,2.249884221
4,971,1.086773133
4,972,1.086773133
4,973,4.424939237
4,974,5.442267639
4,975,3.819350845
4,976,2.707197163
4,977,4.021528439
4,978,2.641803265
4,979,3.885853931
4,980,2.803258867
4,981,1.185174569
4,982,2.233416687
4,983,1.052528078
4,984,3.692675788
4,985,3.776095398
4,986,4.155048012
4,987,2.538929006
4,988,3.103895761
4,989,2.686667024
4,990,3.054018872
4,991,4.430359924
4,992,6.90213341
4,993,1.08396294
4,994,1.08396294
4,995,3.371102785
4,996,1.052528078
4,997,1.889416921
4,998,1.544086075
4,999,1.544086075
4,1000,1.399158249
4,1001,1
4,1002,1.185174569
4,1003,3.32778457
4,1004,4.257147059
4,1005,3.123074726
4,1006,5.078837123
4,1007,6.041531243
4,1008,4.329023691
4,1009,1.838765087
4,1010,1.838765087
4,1011,3.032003434
4,1012,3.592336324
4,1013,2.653369761
4,1014,0.9090911145
4,1015,0.9090911145
4,1016,2.318630898
4,1017,4.338316282
4,1018,1
4,1019,3.575196625
4,1020,1.905884456
4,1021,1.08396294
4,1022,1.08396294
4,1023,2.709835847
4,1024,3.559301524
4,1025,2.075345206
4,1026,1.052528078
4,1027,2.233416687
4,1028,1.052528078
4,1029,3.298956705
4,1030,2.580046858
4,1031,3.884995539
4,1032,2.043067088
4,1033,2.193238347
4,1034,2.709539788
4,1035,4.328362119
4,1036,4.1541085
4,1037,0.9990604876
4,1038,3.202766224
4,1039,3.031997871
4,1040,1.216036997
4,1041,3.886292396
4,1042,3.812165309
4,1043,1.890724524
4,1044,1.086773133
4,1045,1.086773133
4,1046,1.086773133
4,1047,1.086773133
4,1048,1.086773133
4,1049,1.086773133
4,1050,1.086773133
4,1051,1.086773133
4,1052,1.086773133
4,1053,1.086773133
4,1054,2.878228618
4,1055,3.123074726
4,1056,1.345690659
4,1057,0.9990604876
4,1058,0.9990604876
4,1059,0.9990604876
4,1060,4.592588065
4,1061,3.927026118
4,1062,2.526579267
4,1063,1.216036997
4,1064,3.991015119
4,1065,4.009180674
4,1066,2.238854125
4,1067,2.063955936
4,1068,1.920851783
4,1069,1.08396294
4,1070,1.890724524
4,1071,1.086773133
4,1072,4.607379616
4,1073,4.030527598
4,1074,1.686527902
4,1075,1.686527902
4,1076,1.686527902
4,1077,2.86741651
4,1078,1.686527902
4,1079,2.663710705
4,1080,4.381980288
4,1081,1.835949331
4,1082,1.216036997
4,1083,1.185174569
4,1084,1
4,1085,1.185174569
4,1086,1
4,1087,1.345690659
4,1088,1.216036997
4,1089,2.207991697
4,1090,2.595206789
4,1091,1
4,1092,1.216036997
4,1093,1.086773133
4,1094,1.086773133
4,1095,1.086773133
4,1096,2.063955936
4,1097,1.920851783
4,1098,1.08396294
4,1099,3.371102785
4,1100,3.225759422
4,1101,3.082655268
4,1102,2.421975377
4,1103,3.247423345
4,1104,2.92531753
4,1105,3.793068802
4,1106,2.089979723
4,1107,0.9090911145
4,1108,0.9090911145
4,1109,2.318630898
4,1110,4.338316282
4,1111,2.862178411
4,1112,2.043067088
4,1113,2.803258867
4,1114,1.08396294
4,1115,1.890724524
4,1116,1.086773133
4,1117,1.086773133
4,1118,2.063955936
4,1119,1.920851783
4,1120,1.08396294
4,1121,3.529174266
4,1122,1.889416921
4,1123,1.399158249
4,1124,2.239808153
4,1125,1.838765087
4,1126,2.429225236
4,1127,1
4,1128,1.185174569
4,1129,1.399158249
4,1130,1
4,1131,1.185174569
4,1132,2.134546223
4,1133,2.566903203
4,1134,2.595206789
4,1135,1
4,1136,1.216036997
4,1137,1
4,1138,2.378412916
4,1139,2.421975377
4,1140,2.19604854
4,1141,4.091058956
4,1142,3.931309377
4,1143,2.943668911
4,1144,2.249884221
4,1145,1.905884456
4,1146,1.086773133
4,1147,3.670236853
4,1148,1.743169765
4,1149,0.9062809215
4,1150,0.9062809215
4,1151,0.9062809215
4,1152,0.9062809215
4,1153,1.929098049
4,1154,0.9062809215
4,1155,0.9062809215
4,1156,0.9062809215
4,1157,1.929098049
4,1158,0.9062809215
4,1159,0.9062809215
4,1160,0.9062809215
4,1161,0.9062809215
4,1162,0.9062809215
4,1163,0.9062809215
4,1164,3.185928216
4,1165,1.984362423
4,1166,1.393902274
4,1167,1.393902274
4,1168,1.393902274
4,1169,1.393902274
4,1170,1.393902274
4,1171,1.393902274
4,1172,1.393902274
4,1173,1.393902274
4,1174,1.393902274
4,1175,1.393902274
4,1176,1.393902274
4,1177,3.165251031
4,1178,1.393902274
4,1179,1.393902274
4,1180,1.393902274
4,1181,1.393902274
4,1182,2.961545226
4,1183,3.77804757
4,1184,1.216036997
4,1185,1.185174569
4,1186,1.399158249
4,1187,1
4,1188,1.216036997
4,1189,2.409539783
4,1190,2.022817128
4,1191,1.185174569
4,1192,1
4,1193,1
4,1194,0.9090911145
4,1195,0.9090911145
4,1196,0.9090911145
4,1197,0.9090911145
4,1198,0.9090911145
4,1199,1.345690659
4,1200,1.216036997
4,1201,1.185174569
4,1202,2.421975377
4,1203,2.19604854
4,1204,1.905884456
4,1205,1.086773133
4,1206,2.594714352
4,1207,1.399158249
4,1208,1
4,1209,1.345690659
4,1210,0.9990604876
4,1211,1.835949331
4,1212,1.216036997
4,1213,1
4,1214,1.345690659
4,1215,3.019295864
4,1216,2.943668911
4,1217,2.249884221
4,1218,1.086773133
4,1219,1.086773133
4,1220,1.086773133
4,1221,2.28001148
4,1222,1.08396294
4,1223,1.890724524
4,1224,2.366063177
4,1225,1.052528078
4,1226,1.052528078
4,1227,1.052528078
4,1228,1.052528078
4,1229,1.052528078
4,1230,1.052528078
4,1231,1.052528078
4,1232,1.052528078
4,1233,1
4,1234,1.345690659
4,1235,1.216036997
4,1236,1.185174569
4,1237,1.399158249
4,1238,2.193238347
4,1239,1.903074263
4,1240,1.08396294
4,1241,1.08396294
4,1242,1.08396294
4,1243,2.913541652
4,1244,1.086773133
4,1245,1.086773133
4,1246,1.086773133
4,1247,2.063955936
4,1248,1.920851783
4,1249,1.08396294
4,1250,1.08396294
4,1251,1.890724524
4,1252,3.590428392
4,1253,1.345690659
4,1254,1.216036997
4,1255,1
4,1256,0.9090911145
4,1257,0.9090911145
4,1258,0.9090911145
4,1259,1.886273918
4,1260,1.713042506
4,1261,1.345690659
4,1262,1.216036997
4,1263,1.185174569
4,1264,2.134546223
4,1265,1.544086075
4,1266,1.544086075
4,1267,1.544086075
4,1268,1.544086075
4,1269,1.544086075
4,1270,3.358911438
4,1271,2.574790883
4,1272,2.371085078
4,1273,1.345690659
4,1274,2.408600271
4,1275,0.9990604876
4,1276,2.021877616
4,1277,1.835949331
4,1278,1.216036997
4,1279,1
4,1280,1.345690659
4,1281,1.216036997
4,1282,1.185174569
4,1283,2.134546223
4,1284,1.544086075
4,1285,1.544086075
4,1286,1.544086075
4,1287,1.544086075
4,1288,1.399158249
4,1289,1
4,1290,1.345690659
4,1291,1.216036997
4,1292,3.03012719
4,1293,1.903074263
4,1294,2.106780068
4,1295,1.08396294
4,1296,1.903074263
4,1297,1.08396294
4,1298,1.08396294
4,1299,1.08396294
4,1300,1.08396294
4,1301,1.08396294
4,1302,2.106780068
4,1303,2.249884221
4,1304,1.086773133
4,1305,1.086773133
4,1306,1.086773133
4,1307,1.086773133
4,1308,2.685729999
4,1309,1.086773133
4,1310,1.086773133
4,1311,1.086773133
4,1312,2.249884221
4,1313,2.869796555
4,1314,3.743349483
4,1315,0.9090911145
4,1316,0.9090911145
4,1317,0.9090911145
4,1318,0.9090911145
4,1319,1.886273918
4,1320,1.743169765
4,1321,0.9062809215
4,1322,0.9062809215
4,1323,0.9062809215
4,1324,0.9062809215
4,1325,0.9062809215
4,1326,0.9062809215
4,1327,0.9062809215
4,1328,0.9062809215
4,1329,0.9062809215
4,1330,0.9062809215
4,1331,0.9062809215
4,1332,1.713042506
4,1333,1.216036997
4,1334,1.185174569
4,1335,1.399158249
4,1336,1
4,1337,1.185174569
4,1338,1
4,1339,2.378412916
4,1340,3.185928216
4,1341,2.087570967
4,1342,1.686527902
4,1343,1.686527902
4,1344,2.27698805
4,1345,2.709941226
4,1346,3.300369686
4,1347,3.457876658
4,1348,2.381223109
4,1349,1.052528078
4,1350,1.052528078
4,1351,1.052528078
4,1352,1.052528078
4,1353,1.052528078
4,1354,1.052528078
4,1355,1.052528078
4,1356,1.052528078
4,1357,2.075345206
4,1358,2.248576618
4,1359,1.052528078
4,1360,1.052528078
4,1361,1.052528078
4,1362,1.052528078
4,1363,1.052528078
4,1364,1.052528078
4,1365,1.052528078
4,1366,2.075345206
4,1367,2.248576618
4,1368,3.58247097
4,1369,1.399158249
4,1370,1
4,1371,1.216036997
4,1372,1.185174569
4,1373,2.134546223
4,1374,1.544086075
4,1375,1.544086075
4,1376,1.544086075
4,1377,1.544086075
4,1378,1.544086075
4,1379,1.399158249
4,1380,1
4,1381,1.345690659
4,1382,2.081078633
4,1383,1.490618484
4,1384,1.490618484
4,1385,1.490618484
4,1386,1.490618484
4,1387,1.490618484
4,1388,1.490618484
4,1389,1.490618484
4,1390,1.490618484
4,1391,1.490618484
4,1392,1.490618484
4,1393,1.490618484
4,1394,1.216036997
4,1395,1
4,1396,1
4,1397,1.185174569
4,1398,1.399158249
4,1399,1
4,1400,1.185174569
4,1401,1.399158249
4,1402,1
4,1403,1
4,1404,1.345690659
4,1405,2.081078633
4,1406,1.490618484
4,1407,1.490618484
4,1408,1.490618484
4,1409,1.490618484
4,1410,2.683856831
4,1411,2.653729573
4,1412,1.490618484
4,1413,1.490618484
4,1414,1.216036997
4,1415,1
4,1416,1
4,1417,1
4,1418,1.216036997
4,1419,1.185174569
4,1420,1.399158249
4,1421,1
4,1422,1.185174569
4,1423,1
4,1424,1
4,1425,1
4,1426,1
4,1427,0.9090911145
4,1428,0.9090911145
4,1429,0.9090911145
4,1430,0.9090911145
4,1431,0.9090911145
4,1432,0.9090911145
4,1433,0.9090911145
4,1434,0.9090911145
4,1435,0.9090911145
4,1436,0.9090911145
4,1437,0.9090911145
4,1438,0.9090911145
4,1439,0.9090911145
4,1440,0.9090911145
4,1441,0.9090911145
4,1442,0.9090911145
4,1443,0.9090911145
4,1444,0.9090911145
4,1445,0.9090911145
4,1446,0.9090911145
4,1447,0.9090911145
4,1448,1.886273918
4,1449,1.713042506
4,1450,1.345690659
4,1451,1.216036997
4,1452,1
4,1453,1.216036997
4,1454,1.185174569
4,1455,1.399158249
4,1456,1
4,1457,1.345690659
4,1458,1.216036997
4,1459,1
4,1460,1
4,1461,1.216036997
4,1462,1
4,1463,1
4,1464,1
4,1465,1.345690659
4,1466,1.216036997
4,1467,1
4,1468,1.216036997
4,1469,1
4,1470,1.345690659
4,1471,1.216036997
4,1472,1
4,1473,1
4,1474,1.743169765
4,1475,0.9062809215
4,1476,0.9062809215
4,1477,0.9062809215
4,1478,0.9062809215
4,1479,0.9062809215
4,1480,0.9062809215
4,1481,0.9062809215
4,1482,0.9062809215
4,1483,0.9062809215
4,1484,0.9062809215
4,1485,0.9062809215
4,1486,0.9062809215
4,1487,0.9062809215
4,1488,0.9062809215
4,1489,0.9062809215
4,1490,0.9062809215
4,1491,0.9062809215
4,1492,0.9062809215
4,1493,0.9062809215
4,1494,0.9062809215
4,1495,0.9062809215
4,1496,0.9062809215
4,1497,0.9062809215
4,1498,0.9062809215
4,1499,0.9062809215
4,1500,0.9062809215
4,1501,0.9062809215
4,1502,0.9062809215
4,1503,0.9062809215
4,1504,0.9062809215
4,1505,0.9062809215
4,1506,0.9062809215
4,1507,0.9062809215
4,1508,0.9062809215
4,1509,0.9062809215
4,1510,0.9062809215
4,1511,0.9062809215
4,1512,0.9062809215
4,1513,0.9062809215
4,1514,0.9062809215
4,1515,0.9062809215
4,1516,0.9062809215
4,1517,0.9062809215
4,1518,0.9062809215
4,1519,0.9062809215
4,1520,0.9062809215
4,1521,0.9062809215
4,1522,0.9062809215
4,1523,0.9062809215
4,1524,0.9062809215
4,1525,0.9062809215
4,1526,0.9062809215
4,1527,0.9062809215
4,1528,0.9062809215
4,1529,0.9062809215
4,1530,0.9062809215
4,1531,0.9062809215
4,1532,0.9062809215
4,1533,0.9062809215
4,1534,0.9062809215
4,1535,0.9062809215
4,1536,0.9062809215
4,1537,0.9062809215
4,1538,0.9062809215
4,1539,0.9062809215
4,1540,0.9062809215
4,1541,0.9062809215
4,1542,0.9062809215
4,1543,0.9062809215
4,1544,0.9062809215
4,1545,0.9062809215
4,1546,0.9062809215
4,1547,0.9062809215
4,1548,0.9062809215
4,1549,0.9062809215
4,1550,0.9062809215
4,1551,0.9062809215
4,1552,0.9062809215
4,1553,1.713042506
4,1554,1.216036997
4,1555,1.185174569
4,1556,1.399158249
4,1557,1
4,1558,1.216036997
4,1559,1
4,1560,1
4,1561,1
4,1562,1
4,1563,1.185174569
4,1564,1.399158249
4,1565,1
4,1566,1
4,1567,1
4,1568,1
4,1569,1.216036997
4,1570,1
4,1571,1
4,1572,1
4,1573,1
4,1574,1
4,1575,1.216036997
4,1576,1
4,1577,1
4,1578,1
4,1579,1
4,1580,1
4,1581,1.216036997
4,1582,1.185174569
4,1583,1
4,1584,1.345690659
4,1585,2.238854125
4,1586,1
4,1587,1
4,1588,1.345690659
4,1589,0.9990604876
4,1590,0.9990604876
4,1591,0.9990604876
4,1592,0.9990604876
4,1593,0.9990604876
4,1594,0.9990604876
4,1595,0.9990604876
4,1596,0.9990604876
4,1597,0.9990604876
4,1598,0.9990604876
4,1599,0.9990604876
4,1600,0.9990604876
4,1601,0.9990604876
4,1602,0.9990604876
4,1603,0.9990604876
4,1604,0.9990604876
4,1605,0.9990604876
4,1606,0.9990604876
4,1607,0.9990604876
4,1608,0.9990604876
4,1609,0.9990604876
4,1610,0.9990604876
4,1611,0.9990604876
4,1612,0.9990604876
4,1613,0.9990604876
4,1614,0.9990604876
4,1615,0.9990604876
4,1616,0.9990604876
4,1617,0.9990604876
4,1618,0.9990604876
4,1619,0.9990604876
4,1620,0.9990604876
4,1621,0.9990604876
4,1622,0.9990604876
4,1623,0.9990604876
4,1624,0.9990604876
4,1625,0.9990604876
4,1626,0.9990604876
4,1627,0.9990604876
4,1628,0.9990604876
4,1629,0.9990604876
4,1630,0.9990604876
4,1631,0.9990604876
4,1632,0.9990604876
4,1633,0.9990604876
4,1634,0.9990604876
4,1635,0.9990604876
4,1636,0.9990604876
4,1637,0.9990604876
4,1638,0.9990604876
4,1639,0.9990604876
4,1640,0.9990604876
4,1641,0.9990604876
4,1642,0.9990604876
4,1643,0.9990604876
4,1644,0.9990604876
4,1645,0.9990604876
4,1646,0.9990604876
4,1647,0.9990604876
4,1648,0.9990604876
4,1649,0.9990604876
4,1650,0.9990604876
4,1651,0.9990604876
4,1652,0.9990604876
4,1653,0.9990604876
4,1654,0.9990604876
4,1655,0.9990604876
4,1656,0.9990604876
4,1657,0.9990604876
4,1658,0.9990604876
4,1659,0.9990604876
4,1660,0.9990604876
4,1661,0.9990604876
4,1662,0.9990604876
4,1663,0.9990604876
4,1664,0.9990604876
4,1665,0.9990604876
4,1666,0.9990604876
4,1667,0.9990604876
4,1668,0.9990604876
4,1669,0.9990604876
4,1670,0.9990604876
4,1671,0.9990604876
4,1672,0.9990604876
4,1673,0.9990604876
4,1674,0.9990604876
4,1675,0.9990604876
4,1676,0.9990604876
4,1677,0.9990604876
4,1678,0.9990604876
4,1679,0.9990604876
4,1680,0.9990604876
4,1681,0.9990604876
4,1682,0.9990604876
4,1683,0.9990604876
4,1684,0.9990604876
4,1685,0.9990604876
4,1686,0.9990604876
4,1687,0.9990604876
4,1688,0.9990604876
4,1689,0.9990604876
4,1690,0.9990604876
4,1691,0.9990604876
4,1692,0.9990604876
4,1693,0.9990604876
4,1694,0.9990604876
4,1695,0.9990604876
4,1696,0.9990604876
4,1697,0.9990604876
4,1698,0.9990604876
4,1699,0.9990604876
4,1700,0.9990604876
4,1701,0.9990604876
4,1702,0.9990604876
4,1703,0.9990604876
4,1704,0.9990604876
4,1705,0.9990604876
4,1706,0.9990604876
4,1707,0.9990604876
4,1708,0.9990604876
4,1709,0.9990604876
4,1710,0.9990604876
4,1711,0.9990604876
4,1712,0.9990604876
4,1713,0.9990604876
4,1714,0.9990604876
4,1715,0.9990604876
4,1716,0.9990604876
4,1717,0.9990604876
4,1718,0.9990604876
4,1719,0.9990604876
4,1720,0.9990604876
4,1721,0.9990604876
4,1722,0.9990604876
4,1723,0.9990604876
4,1724,0.9990604876
4,1725,0.9990604876
4,1726,0.9990604876
4,1727,0.9990604876
4,1728,0.9990604876
4,1729,0.9990604876
4,1730,0.9990604876
4,1731,0.9990604876
4,1732,0.9990604876
4,1733,0.9990604876
4,1734,0.9990604876
4,1735,0.9990604876
4,1736,0.9990604876
4,1737,0.9990604876
4,1738,0.9990604876
4,1739,0.9990604876
4,1740,0.9990604876
4,1741,0.9990604876
4,1742,0.9990604876
4,1743,0.9990604876
4,1744,0.9990604876
4,1745,0.9990604876
4,1746,0.9990604876
4,1747,0.9990604876
4,1748,0.9990604876
4,1749,0.9990604876
4,1750,0.9990604876
4,1751,0.9990604876
4,1752,0.9990604876
4,1753,0.9990604876
4,1754,0.9990604876
4,1755,0.9990604876
4,1756,0.9990604876
4,1757,0.9990604876
4,1758,0.9990604876
4,1759,0.9990604876
4,1760,0.9990604876
4,1761,0.9990604876
4,1762,0.9990604876
4,1763,0.9990604876
4,1764,0.9990604876
4,1765,0.9990604876
4,1766,0.9990604876
4,1767,0.9990604876
4,1768,0.9990604876
4,1769,0.9990604876
4,1770,0.9990604876
4,1771,0.9990604876
4,1772,0.9990604876
4,1773,0.9990604876
4,1774,0.9990604876
4,1775,0.9990604876
4,1776,0.9990604876
4,1777,0.9990604876
4,1778,0.9990604876
4,1779,0.9990604876
4,1780,0.9990604876
4,1781,0.9990604876
4,1782,0.9990604876
4,1783,0.9990604876
4,1784,0.9990604876
4,1785,0.9990604876
4,1786,0.9990604876
4,1787,0.9990604876
4,1788,0.9990604876
4,1789,0.9990604876
4,1790,0.9990604876
4,1791,0.9990604876
4,1792,0.9990604876
4,1793,0.9990604876
4,1794,0.9990604876
4,1795,0.9990604876
4,1796,0.9990604876
4,1797,0.9990604876
4,1798,0.9990604876
4,1799,0.9990604876
4,1800,0.9990604876
4,1801,0.9990604876
4,1802,0.9990604876
4,1803,0.9990604876
4,1804,0.9990604876
4,1805,0.9990604876
4,1806,0.9990604876
4,1807,0.9990604876
4,1808,0.9990604876
4,1809,0.9990604876
4,1810,0.9990604876
4,1811,0.9990604876
4,1812,0.9990604876
4,1813,0.9990604876
4,1814,0.9990604876
4,1815,0.9990604876
4,1816,0.9990604876
4,1817,0.9990604876
4,1818,0.9990604876
4,1819,0.9990604876
4,1820,0.9990604876
4,1821,0.9990604876
4,1822,0.9990604876
4,1823,0.9990604876
4,1824,0.9990604876
4,1825,0.9990604876
4,1826,0.9990604876
4,1827,0.9990604876
4,1828,0.9990604876
4,1829,0.9990604876
4,1830,0.9990604876
4,1831,0.9990604876
4,1832,0.9990604876
4,1833,0.9990604876
4,1834,0.9990604876
4,1835,0.9990604876
4,1836,0.9990604876
4,1837,0.9990604876
4,1838,0.9990604876
4,1839,0.9990604876
4,1840,0.9990604876
4,1841,0.9990604876
4,1842,0.9990604876
4,1843,0.9990604876
4,1844,0.9990604876
4,1845,0.9990604876
4,1846,0.9990604876
4,1847,0.9990604876
4,1848,0.9990604876
4,1849,0.9990604876
4,1850,0.9990604876
4,1851,0.9990604876
4,1852,0.9990604876
4,1853,0.9990604876
4,1854,0.9990604876
4,1855,0.9990604876
4,1856,0.9990604876
4,1857,0.9990604876
4,1858,0.9990604876
4,1859,0.9990604876
4,1860,0.9990604876
4,1861,0.9990604876
4,1862,0.9990604876
4,1863,0.9990604876
4,1864,0.9990604876
4,1865,0.9990604876
4,1866,0.9990604876
4,1867,0.9990604876
4,1868,0.9990604876
4,1869,0.9990604876
4,1870,0.9990604876
4,1871,0.9990604876
4,1872,0.9990604876
4,1873,0.9990604876
4,1874,0.9990604876
4,1875,0.9990604876
4,1876,0.9990604876
4,1877,0.9990604876
4,1878,0.9990604876
4,1879,0.9990604876
4,1880,0.9990604876
4,1881,0.9990604876
4,1882,0.9990604876
4,1883,0.9990604876
4,1884,0.9990604876
4,1885,0.9990604876
4,1886,0.9990604876
4,1887,0.9990604876
4,1888,0.9990604876
4,1889,0.9990604876
4,1890,0.9990604876
4,1891,0.9990604876
4,1892,0.9990604876
4,1893,0.9990604876
4,1894,0.9990604876
4,1895,0.9990604876
4,1896,0.9990604876
4,1897,0.9990604876
4,1898,0.9990604876
4,1899,0.9990604876
4,1900,0.9990604876
4,1901,0.9990604876
4,1902,0.9990604876
4,1903,0.9990604876
4,1904,0.9990604876
4,1905,0.9990604876
4,1906,0.9990604876
4,1907,0.9990604876
4,1908,0.9990604876
4,1909,0.9990604876
4,1910,0.9990604876
4,1911,0.9990604876
4,1912,0.9990604876
4,1913,0.9990604876
4,1914,0.9990604876
4,1915,0.9990604876
4,1916,0.9990604876
4,1917,0.9990604876
4,1918,0.9990604876
4,1919,0.9990604876
4,1920,0.9990604876
4,1921,0.9990604876
4,1922,0.9990604876
4,1923,0.9990604876
4,1924,0.9990604876
4,1925,0.9990604876
4,1926,0.9990604876
4,1927,0.9990604876
4,1928,0.9990604876
4,1929,0.9990604876
4,1930,0.9990604876
4,1931,0.9990604876
4,1932,0.9990604876
4,1933,0.9990604876
4,1934,0.9990604876
4,1935,0.9990604876
4,1936,0.9990604876
4,1937,0.9990604876
4,1938,0.9990604876
4,1939,0.9990604876
4,1940,0.9990604876
4,1941,0.9990604876
4,1942,0.9990604876
4,1943,0.9990604876
4,1944,0.9990604876
4,1945,0.9990604876
4,1946,0.9990604876
4,1947,0.9990604876
4,1948,0.9990604876
4,1949,0.9990604876
4,1950,0.9990604876
4,1951,0.9990604876
4,1952,0.9990604876
4,1953,0.9990604876
4,1954,0.9990604876
4,1955,0.9990604876
4,1956,0.9990604876
4,1957,0.9990604876
4,1958,0.9990604876
4,1959,0.9990604876
4,1960,0.9990604876
4,1961,0.9990604876
4,1962,0.9990604876
4,1963,0.9990604876
4,1964,0.9990604876
4,1965,0.9990604876
4,1966,0.9990604876
4,1967,0.9990604876
4,1968,0.9990604876
4,1969,0.9990604876
4,1970,0.9990604876
4,1971,0.9990604876
4,1972,0.9990604876
4,1973,0.9990604876
4,1974,0.9990604876
4,1975,0.9990604876
4,1976,0.9990604876
4,1977,0.9990604876
4,1978,0.9990604876
4,1979,0.9990604876
4,1980,0.9990604876
4,1981,0.9990604876
4,1982,0.9990604876
4,1983,0.9990604876
4,1984,0.9990604876
4,1985,0.9990604876
4,1986,0.9990604876
4,1987,0.9990604876
4,1988,0.9990604876
4,1989,0.9990604876
4,1990,0.9990604876
4,1991,0.9990604876
4,1992,0.9990604876
4,1993,0.9990604876
4,1994,0.9990604876
4,1995,0.9990604876
4,1996,0.9990604876
4,1997,0.9990604876
4,1998,0.9990604876
4,1999,0.9990604876
4,2000,0.9990604876
4,2001,0.9990604876
4,2002,0.9990604876
4,2003,0.9990604876
4,2004,0.9990604876
4,2005,0.9990604876
4,2006,0.9990604876
4,2007,0.9990604876
4,2008,0.9990604876
4,2009,0.9990604876
4,2010,0.9990604876
4,2011,0.9990604876
4,2012,0.9990604876
4,2013,0.9990604876
4,2014,0.9990604876
4,2015,0.9990604876
4,2016,0.9990604876
4,2017,0.9990604876
4,2018,0.9990604876
4,2019,0.9990604876
4,2020,0.9990604876
4,2021,0.9990604876
4,2022,0.9990604876
4,2023,0.9990604876
4,2024,0.9990604876
4,2025,0.9990604876
4,2026,0.9990604876
4,2027,0.9990604876
4,2028,0.9990604876
4,2029,0.9990604876
4,2030,0.9990604876
4,2031,0.9990604876
4,2032,0.9990604876
4,2033,0.9990604876
4,2034,0.9990604876
4,2035,0.9990604876
4,2036,0.9990604876
4,2037,0.9990604876
4,2038,0.9990604876
4,2039,0.9990604876
4,2040,0.9990604876
4,2041,0.9990604876
4,2042,0.9990604876
4,2043,0.9990604876
4,2044,0.9990604876
4,2045,0.9990604876
4,2046,0.9990604876
4,2047,0.9990604876
4,2048,0.9990604876
4,2049,0.9990604876
4,2050,0.9990604876
4,2051,0.9990604876
4,2052,0.9990604876
4,2053,0.9990604876
4,2054,0.9990604876
4,2055,0.9990604876
4,2056,0.9990604876
4,2057,0.9990604876
4,2058,0.9990604876
4,2059,0.9990604876
4,2060,0.9990604876
4,2061,0.9990604876
4,2062,0.9990604876
4,2063,0.9990604876
4,2064,0.9990604876
4,2065,0.9990604876
4,2066,0.9990604876
4,2067,0.9990604876
4,2068,0.9990604876
4,2069,0.9990604876
4,2070,0.9990604876
4,2071,0.9990604876
4,2072,0.9990604876
4,2073,0.9990604876
4,2074,0.9990604876
4,2075,0.9990604876
4,2076,0.9990604876
4,2077,0.9990604876
4,2078,0.9990604876
4,2079,0.9990604876
4,2080,0.9990604876
4,2081,0.9990604876
4,2082,0.9990604876
4,2083,0.9990604876
4,2084,0.9990604876
4,2085,0.9990604876
4,2086,0.9990604876
4,2087,0.9990604876
4,2088,0.9990604876
4,2089,0.9990604876
4,2090,0.9990604876
4,2091,0.9990604876
4,2092,0.9990604876
4,2093,0.9990604876
4,2094,0.9990604876
4,2095,0.9990604876
4,2096,0.9990604876
4,2097,0.9990604876
4,2098,0.9990604876
4,2099,0.9990604876
4,2100,0.9990604876
4,2101,0.9990604876
4,2102,0.9990604876
4,2103,0.9990604876
4,2104,0.9990604876
4,2105,0.9990604876
4,2106,0.9990604876
4,2107,0.9990604876
4,2108,0.9990604876
4,2109,0.9990604876
4,2110,0.9990604876
4,2111,0.9990604876
4,2112,0.9990604876
4,2113,0.9990604876
4,2114,0.9990604876
4,2115,0.9990604876
4,2116,0.9990604876
4,2117,0.9990604876
4,2118,0.9990604876
4,2119,0.9990604876
4,2120,0.9990604876
4,2121,0.9990604876
4,2122,0.9990604876
4,2123,0.9990604876
4,2124,0.9990604876
4,2125,0.9990604876
4,2126,0.9990604876
4,2127,0.9990604876
4,2128,0.9990604876
4,2129,0.9990604876
4,2130,0.9990604876
4,2131,0.9990604876
4,2132,0.9990604876
4,2133,0.9990604876
4,2134,0.9990604876
4,2135,0.9990604876
4,2136,0.9990604876
4,2137,0.9990604876
4,2138,0.9990604876
4,2139,0.9990604876
4,2140,0.9990604876
4,2141,0.9990604876
4,2142,0.9990604876
4,2143,0.9990604876
4,2144,0.9990604876
4,2145,0.9990604876
4,2146,0.9990604876
4,2147,0.9990604876
4,2148,0.9990604876
4,2149,0.9990604876
4,2150,0.9990604876
4,2151,0.9990604876
4,2152,0.9990604876
4,2153,0.9990604876
4,2154,0.9990604876
4,2155,0.9990604876
4,2156,0.9990604876
4,2157,0.9990604876
4,2158,0.9990604876
4,2159,0.9990604876
4,2160,0.9990604876
4,2161,0.9990604876
4,2162,0.9990604876
4,2163,0.9990604876
4,2164,0.9990604876
4,2165,0.9990604876
4,2166,0.9990604876
4,2167,0.9990604876
4,2168,0.9990604876
4,2169,0.9990604876
4,2170,0.9990604876
4,2171,0.9990604876
4,2172,0.9990604876
4,2173,0.9990604876
4,2174,0.9990604876
4,2175,0.9990604876
4,2176,0.9990604876
4,2177,0.9990604876
4,2178,0.9990604876
4,2179,0.9990604876
4,2180,0.9990604876
4,2181,0.9990604876
4,2182,0.9990604876
4,2183,0.9990604876
4,2184,0.9990604876
4,2185,0.9990604876
4,2186,0.9990604876
4,2187,0.9990604876
4,2188,0.9990604876
4,2189,0.9990604876
4,2190,0.9990604876
4,2191,0.9990604876
4,2192,0.9990604876
4,2193,0.9990604876
4,2194,0.9990604876
4,2195,0.9990604876
4,2196,0.9990604876
4,2197,0.9990604876
4,2198,0.9990604876
4,2199,0.9990604876
4,2200,0.9990604876
4,2201,0.9990604876
4,2202,0.9990604876
4,2203,0.9990604876
4,2204,0.9990604876
4,2205,0.9990604876
4,2206,0.9990604876
4,2207,0.9990604876
4,2208,0.9990604876
4,2209,0.9990604876
4,2210,0.9990604876
4,2211,0.9990604876
4,2212,0.9990604876
4,2213,0.9990604876
4,2214,0.9990604876
4,2215,0.9990604876
4,2216,0.9990604876
4,2217,0.9990604876
4,2218,0.9990604876
4,2219,0.9990604876
4,2220,0.9990604876
4,2221,0.9990604876
4,2222,0.9990604876
4,2223,0.9990604876
4,2224,0.9990604876
4,2225,0.9990604876
4,2226,0.9990604876
4,2227,0.9990604876
4,2228,0.9990604876
4,2229,0.9990604876
4,2230,0.9990604876
4,2231,0.9990604876
4,2232,0.9990604876
4,2233,0.9990604876
4,2234,0.9990604876
4,2235,0.9990604876
4,2236,0.9990604876
4,2237,0.9990604876
4,2238,0.9990604876
4,2239,0.9990604876
4,2240,0.9990604876
4,2241,0.9990604876
4,2242,0.9990604876
4,2243,0.9990604876
4,2244,0.9990604876
4,2245,0.9990604876
4,2246,0.9990604876
4,2247,0.9990604876
4,2248,0.9990604876
4,2249,0.9990604876
4,2250,0.9990604876
4,2251,0.9990604876
4,2252,0.9990604876
4,2253,0.9990604876
4,2254,0.9990604876
4,2255,0.9990604876
4,2256,0.9990604876
4,2257,0.9990604876
4,2258,0.9990604876
4,2259,0.9990604876
4,2260,0.9990604876
4,2261,0.9990604876
4,2262,0.9990604876
4,2263,0.9990604876
4,2264,0.9990604876
4,2265,0.9990604876
4,2266,0.9990604876
4,2267,0.9990604876
4,2268,0.9990604876
4,2269,0.9990604876
4,2270,0.9990604876
4,2271,0.9990604876
4,2272,0.9990604876
4,2273,0.9990604876
4,2274,0.9990604876
4,2275,0.9990604876
4,2276,0.9990604876
4,2277,0.9990604876
4,2278,0.9990604876
4,2279,0.9990604876
4,2280,0.9990604876
4,2281,0.9990604876
4,2282,0.9990604876
4,2283,0.9990604876
4,2284,0.9990604876
4,2285,0.9990604876
4,2286,0.9990604876
4,2287,0.9990604876
4,2288,0.9990604876
4,2289,0.9990604876
4,2290,0.9990604876
4,2291,0.9990604876
4,2292,0.9990604876
4,2293,0.9990604876
4,2294,0.9990604876
4,2295,0.9990604876
4,2296,0.9990604876
4,2297,0.9990604876
4,2298,0.9990604876
4,2299,0.9990604876
4,2300,0.9990604876
4,2301,0.9990604876
4,2302,0.9990604876
4,2303,0.9990604876
4,2304,0.9990604876
4,2305,0.9990604876
4,2306,0.9990604876
4,2307,0.9990604876
4,2308,0.9990604876
4,2309,0.9990604876
4,2310,0.9990604876
4,2311,0.9990604876
4,2312,0.9990604876
4,2313,0.9990604876
4,2314,0.9990604876
4,2315,0.9990604876
4,2316,0.9990604876
4,2317,0.9990604876
4,2318,0.9990604876
4,2319,0.9990604876
4,2320,0.9990604876
4,2321,0.9990604876
4,2322,0.9990604876
4,2323,0.9990604876
4,2324,0.9990604876
4,2325,0.9990604876
4,2326,0.9990604876
4,2327,0.9990604876
4,2328,0.9990604876
4,2329,0.9990604876
4,2330,0.9990604876
4,2331,0.9990604876
4,2332,0.9990604876
4,2333,0.9990604876
4,2334,0.9990604876
4,2335,0.9990604876
4,2336,0.9990604876
4,2337,0.9990604876
4,2338,0.9990604876
4,2339,0.9990604876
4,2340,0.9990604876
4,2341,0.9990604876
4,2342,0.9990604876
4,2343,0.9990604876
4,2344,0.9990604876
4,2345,0.9990604876
4,2346,0.9990604876
4,2347,0.9990604876
4,2348,0.9990604876
4,2349,0.9990604876
4,2350,0.9990604876
4,2351,0.9990604876
4,2352,0.9990604876
4,2353,0.9990604876
4,2354,0.9990604876
4,2355,0.9990604876
4,2356,0.9990604876
4,2357,0.9990604876
4,2358,0.9990604876
4,2359,0.9990604876
4,2360,0.9990604876
4,2361,0.9990604876
4,2362,0.9990604876
4,2363,0.9990604876
4,2364,0.9990604876
4,2365,0.9990604876
4,2366,0.9990604876
4,2367,0.9990604876
4,2368,0.9990604876
4,2369,0.9990604876
4,2370,0.9990604876
4,2371,0.9990604876
4,2372,0.9990604876
4,2373,0.9990604876
4,2374,0.9990604876
4,2375,0.9990604876
4,2376,0.9990604876
4,2377,0.9990604876
4,2378,0.9990604876
4,2379,0.9990604876
4,2380,0.9990604876
4,2381,0.9990604876
4,2382,0.9990604876
4,2383,0.9990604876
4,2384,0.9990604876
4,2385,0.9990604876
4,2386,0.9990604876
4,2387,0.9990604876
4,2388,0.9990604876
4,2389,0.9990604876
4,2390,0.9990604876
4,2391,0.9990604876
4,2392,0.9990604876
4,2393,0.9990604876
4,2394,0.9990604876
4,2395,0.9990604876
4,2396,0.9990604876
4,2397,0.9990604876
4,2398,0.9990604876
4,2399,0.9990604876
4,2400,0.9990604876
4,2401,0.9990604876
4,2402,0.9990604876
4,2403,0.9990604876
4,2404,0.9990604876
4,2405,0.9990604876
4,2406,0.9990604876
4,2407,0.9990604876
4,2408,0.9990604876
4,2409,0.9990604876
4,2410,0.9990604876
4,2411,0.9990604876
4,2412,0.9990604876
4,2413,0.9990604876
4,2414,0.9990604876
4,2415,0.9990604876
4,2416,0.9990604876
4,2417,0.9990604876
4,2418,0.9990604876
4,2419,0.9990604876
4,2420,0.9990604876
4,2421,0.9990604876
4,2422,0.9990604876
4,2423,0.9990604876
4,2424,0.9990604876
4,2425,0.9990604876
4,2426,0.9990604876
4,2427,0.9990604876
4,2428,0.9990604876
4,2429,0.9990604876
4,2430,0.9990604876
4,2431,0.9990604876
4,2432,0.9990604876
4,2433,0.9990604876
4,2434,0.9990604876
4,2435,0.9990604876
4,2436,0.9990604876
4,2437,0.9990604876
4,2438,0.9990604876
4,2439,0.9990604876
4,2440,0.9990604876
4,2441,0.9990604876
4,2442,0.9990604876
4,2443,0.9990604876
4,2444,0.9990604876
4,2445,0.9990604876
4,2446,0.9990604876
4,2447,0.9990604876
4,2448,0.9990604876
4,2449,0.9990604876
4,2450,0.9990604876
4,2451,0.9990604876
4,2452,0.9990604876
4,2453,0.9990604876
4,2454,0.9990604876
4,2455,0.9990604876
4,2456,0.9990604876
4,2457,0.9990604876
4,2458,0.9990604876
4,2459,0.9990604876
4,2460,0.9990604876
4,2461,0.9990604876
4,2462,0.9990604876
4,2463,0.9990604876
4,2464,0.9990604876
4,2465,0.9990604876
4,2466,0.9990604876
4,2467,0.9990604876
4,2468,0.9990604876
4,2469,0.9990604876
4,2470,0.9990604876
4,2471,0.9990604876
4,2472,0.9990604876
4,2473,0.9990604876
4,2474,0.9990604876
4,2475,0.9990604876
4,2476,0.9990604876
4,2477,0.9990604876
4,2478,0.9990604876
4,2479,0.9990604876
4,2480,0.9990604876
4,2481,0.9990604876
4,2482,0.9990604876
4,2483,0.9990604876
4,2484,0.9990604876
4,2485,0.9990604876
4,2486,0.9990604876
4,2487,0.9990604876
4,2488,0.9990604876
4,2489,0.9990604876
4,2490,0.9990604876
4,2491,0.9990604876
4,2492,0.9990604876
4,2493,0.9990604876
4,2494,0.9990604876
4,2495,0.9990604876
4,2496,0.9990604876
4,2497,0.9990604876
4,2498,0.9990604876
4,2499,0.9990604876
4,2500,0.9990604876
4,2501,0.9990604876
4,2502,0.9990604876
4,2503,0.9990604876
4,2504,0.9990604876
4,2505,0.9990604876
4,2506,0.9990604876
4,2507,0.9990604876
4,2508,0.9990604876
4,2509,0.9990604876
4,2510,0.9990604876
4,2511,0.9990604876
4,2512,0.9990604876
4,2513,0.9990604876
4,2514,0.9990604876
4,2515,0.9990604876
4,2516,0.9990604876
4,2517,0.9990604876
4,2518,0.9990604876
4,2519,0.9990604876
4,2520,0.9990604876
4,2521,0.9990604876
4,2522,0.9990604876
4,2523,0.9990604876
4,2524,0.9990604876
4,2525,0.9990604876
4,2526,0.9990604876
4,2527,0.9990604876
4,2528,0.9990604876
4,2529,0.9990604876
4,2530,0.9990604876
4,2531,0.9990604876
4,2532,0.9990604876
4,2533,0.9990604876
4,2534,0.9990604876
4,2535,0.9990604876
4,2536,0.9990604876
4,2537,0.9990604876
4,2538,0.9990604876
4,2539,0.9990604876
4,2540,0.9990604876
4,2541,0.9990604876
4,2542,0.9990604876
4,2543,0.9990604876
4,2544,0.9990604876
4,2545,0.9990604876
4,2546,0.9990604876
4,2547,0.9990604876
4,2548,0.9990604876
4,2549,0.9990604876
4,2550,0.9990604876
4,2551,0.9990604876
4,2552,0.9990604876
4,2553,0.9990604876
4,2554,0.9990604876
4,2555,0.9990604876
4,2556,0.9990604876
4,2557,0.9990604876
4,2558,0.9990604876
4,2559,0.9990604876
4,2560,0.9990604876
4,2561,0.9990604876
4,2562,0.9990604876
4,2563,0.9990604876
4,2564,0.9990604876
4,2565,0.9990604876
4,2566,0.9990604876
4,2567,0.9990604876
4,2568,0.9990604876
4,2569,0.9990604876
4,2570,0.9990604876
4,2571,0.9990604876
4,2572,0.9990604876
4,2573,0.9990604876
4,2574,0.9990604876
4,2575,0.9990604876
4,2576,0.9990604876
4,2577,0.9990604876
4,2578,0.9990604876
4,2579,0.9990604876
4,2580,0.9990604876
4,2581,0.9990604876
4,2582,0.9990604876
4,2583,0.9990604876
4,2584,0.9990604876
4,2585,0.9990604876
4,2586,0.9990604876
4,2587,0.9990604876
4,2588,0.9990604876
4,2589,0.9990604876
4,2590,0.9990604876
4,2591,0.9990604876
4,2592,0.9990604876
4,2593,0.9990604876
4,2594,0.9990604876
4,2595,0.9990604876
4,2596,0.9990604876
4,2597,0.9990604876
4,2598,0.9990604876
4,2599,0.9990604876
4,2600,0.9990604876
4,2601,0.9990604876
4,2602,0.9990604876
4,2603,0.9990604876
4,2604,0.9990604876
4,2605,0.9990604876
4,2606,0.9990604876
4,2607,0.9990604876
4,2608,0.9990604876
4,2609,0.9990604876
4,2610,0.9990604876
4,2611,0.9990604876
4,2612,0.9990604876
4,2613,0.9990604876
4,2614,0.9990604876
4,2615,0.9990604876
4,2616,0.9990604876
4,2617,0.9990604876
4,2618,0.9990604876
4,2619,0.9990604876
4,2620,0.9990604876
4,2621,0.9990604876
4,2622,0.9990604876
4,2623,0.9990604876
4,2624,0.9990604876
4,2625,0.9990604876
4,2626,0.9990604876
4,2627,0.9990604876
4,2628,0.9990604876
4,2629,0.9990604876
4,2630,0.9990604876
4,2631,0.9990604876
4,2632,0.9990604876
4,2633,0.9990604876
4,2634,0.9990604876
4,2635,0.9990604876
4,2636,0.9990604876
4,2637,0.9990604876
4,2638,0.9990604876
4,2639,0.9990604876
4,2640,0.9990604876
4,2641,0.9990604876
4,2642,0.9990604876
4,2643,0.9990604876
4,2644,0.9990604876
4,2645,0.9990604876
4,2646,0.9990604876
4,2647,0.9990604876
4,2648,0.9990604876
4,2649,0.9990604876
4,2650,0.9990604876
4,2651,0.9990604876
4,2652,0.9990604876
4,2653,0.9990604876
4,2654,0.9990604876
4,2655,0.9990604876
4,2656,0.9990604876
4,2657,0.9990604876
4,2658,0.9990604876
4,2659,0.9990604876
4,2660,0.9990604876
4,2661,0.9990604876
4,2662,0.9990604876
4,2663,0.9990604876
4,2664,0.9990604876
4,2665,0.9990604876
4,2666,0.9990604876
4,2667,0.9990604876
4,2668,0.9990604876
4,2669,0.9990604876
4,2670,0.9990604876
4,2671,0.9990604876
4,2672,0.9990604876
4,2673,0.9990604876
4,2674,0.9990604876
4,2675,0.9990604876
4,2676,0.9990604876
4,2677,0.9990604876
4,2678,0.9990604876
4,2679,0.9990604876
4,2680,0.9990604876
4,2681,0.9990604876
4,2682,0.9990604876
4,2683,0.9990604876
4,2684,0.9990604876
4,2685,0.9990604876
4,2686,0.9990604876
4,2687,0.9990604876
4,2688,0.9990604876
4,2689,0.9990604876
4,2690,0.9990604876
4,2691,0.9990604876
4,2692,0.9990604876
4,2693,0.9990604876
4,2694,0.9990604876
4,2695,0.9990604876
4,2696,0.9990604876
4,2697,0.9990604876
4,2698,0.9990604876
4,2699,0.9990604876
4,2700,0.9990604876
4,2701,0.9990604876
4,2702,0.9990604876
4,2703,0.9990604876
4,2704,0.9990604876
4,2705,0.9990604876
4,2706,0.9990604876
4,2707,0.9990604876
4,2708,0.9990604876
4,2709,0.9990604876
4,2710,0.9990604876
4,2711,0.9990604876
4,2712,0.9990604876
4,2713,0.9990604876
4,2714,0.9990604876
4,2715,0.9990604876
4,2716,0.9990604876
4,2717,0.9990604876
4,2718,0.9990604876
4,2719,0.9990604876
4,2720,0.9990604876
4,2721,0.9990604876
4,2722,0.9990604876
4,2723,0.9990604876
4,2724,0.9990604876
4,2725,0.9990604876
4,2726,0.9990604876
4,2727,0.9990604876
4,2728,0.9990604876
4,2729,0.9990604876
4,2730,0.9990604876
4,2731,0.9990604876
4,2732,0.9990604876
4,2733,0.9990604876
4,2734,0.9990604876
4,2735,0.9990604876
4,2736,0.9990604876
4,2737,0.9990604876
4,2738,0.9990604876
4,2739,0.9990604876
4,2740,0.9990604876
4,2741,0.9990604876
4,2742,0.9990604876
4,2743,0.9990604876
4,2744,0.9990604876
4,2745,0.9990604876
4,2746,0.9990604876
4,2747,0.9990604876
4,2748,0.9990604876
4,2749,0.9990604876
4,2750,0.9990604876
4,2751,0.9990604876
4,2752,0.9990604876
4,2753,0.9990604876
4,2754,0.9990604876
4,2755,0.9990604876
4,2756,0.9990604876
4,2757,0.9990604876
4,2758,0.9990604876
4,2759,0.9990604876
4,2760,0.9990604876
4,2761,0.9990604876
4,2762,0.9990604876
4,2763,0.9990604876
4,2764,0.9990604876
4,2765,0.9990604876
4,2766,0.9990604876
4,2767,0.9990604876
4,2768,0.9990604876
4,2769,0.9990604876
4,2770,0.9990604876
4,2771,0.9990604876
4,2772,0.9990604876
4,2773,0.9990604876
4,2774,0.9990604876
4,2775,0.9990604876
4,2776,0.9990604876
4,2777,0.9990604876
4,2778,0.9990604876
4,2779,0.9990604876
4,2780,0.9990604876
4,2781,0.9990604876
4,2782,0.9990604876
4,2783,0.9990604876
4,2784,0.9990604876
4,2785,0.9990604876
4,2786,0.9990604876
4,2787,0.9990604876
4,2788,0.9990604876
4,2789,0.9990604876
4,2790,0.9990604876
4,2791,0.9990604876
4,2792,0.9990604876
4,2793,0.9990604876
4,2794,0.9990604876
4,2795,0.9990604876
4,2796,0.9990604876
4,2797,0.9990604876
4,2798,0.9990604876
4,2799,0.9990604876
4,2800,0.9990604876
4,2801,0.9990604876
4,2802,0.9990604876
4,2803,0.9990604876
4,2804,0.9990604876
4,2805,0.9990604876
4,2806,0.9990604876
4,2807,0.9990604876
4,2808,0.9990604876
4,2809,0.9990604876
4,2810,0.9990604876
4,2811,0.9990604876
4,2812,0.9990604876
4,2813,0.9990604876
4,2814,0.9990604876
4,2815,0.9990604876
4,2816,0.9990604876
4,2817,0.9990604876
4,2818,0.9990604876
4,2819,0.9990604876
4,2820,0.9990604876
4,2821,0.9990604876
4,2822,0.9990604876
4,2823,0.9990604876
4,2824,0.9990604876
4,2825,0.9990604876
4,2826,0.9990604876
4,2827,0.9990604876
4,2828,0.9990604876
4,2829,0.9990604876
4,2830,0.9990604876
4,2831,0.9990604876
4,2832,0.9990604876
4,2833,0.9990604876
4,2834,0.9990604876
4,2835,0.9990604876
4,2836,0.9990604876
4,2837,0.9990604876
4,2838,0.9990604876
4,2839,0.9990604876
4,2840,0.9990604876
4,2841,0.9990604876
4,2842,0.9990604876
4,2843,0.9990604876
4,2844,0.9990604876
4,2845,0.9990604876
4,2846,0.9990604876
4,2847,0.9990604876
4,2848,0.9990604876
4,2849,0.9990604876
4,2850,0.9990604876
4,2851,0.9990604876
4,2852,0.9990604876
4,2853,0.9990604876
4,2854,0.9990604876
4,2855,0.9990604876
4,2856,0.9990604876
4,2857,0.9990604876
4,2858,0.9990604876
4,2859,0.9990604876
4,2860,0.9990604876
4,2861,0.9990604876
4,2862,0.9990604876
4,2863,0.9990604876
4,2864,0.9990604876
4,2865,0.9990604876
4,2866,0.9990604876
4,2867,0.9990604876
4,2868,0.9990604876
4,2869,0.9990604876
4,2870,0.9990604876
4,2871,0.9990604876
4,2872,0.9990604876
4,2873,0.9990604876
4,2874,0.9990604876
4,2875,0.9990604876
4,2876,0.9990604876
4,2877,0.9990604876
4,2878,0.9990604876
4,2879,0.9990604876
4,2880,0.9990604876
4,2881,0.9990604876
4,2882,0.9990604876
4,2883,0.9990604876
4,2884,0.9990604876
4,2885,0.9990604876
4,2886,0.9990604876
4,2887,0.9990604876
4,2888,0.9990604876
4,2889,0.9990604876
4,2890,0.9990604876
4,2891,0.9990604876
4,2892,0.9990604876
4,2893,0.9990604876
4,2894,0.9990604876
4,2895,0.9990604876
4,2896,0.9990604876
4,2897,0.9990604876
4,2898,0.9990604876
4,2899,0.9990604876
4,2900,0.9990604876
4,2901,0.9990604876
4,2902,0.9990604876
4,2903,0.9990604876
4,2904,0.9990604876
4,2905,0.9990604876
4,2906,0.9990604876
4,2907,0.9990604876
4,2908,0.9990604876
4,2909,0.9990604876
4,2910,0.9990604876
4,2911,0.9990604876
4,2912,0.9990604876
4,2913,0.9990604876
4,2914,0.9990604876
4,2915,0.9990604876
4,2916,0.9990604876
4,2917,0.9990604876
4,2918,0.9990604876
4,2919,0.9990604876
4,2920,0.9990604876
4,2921,0.9990604876
4,2922,0.9990604876
4,2923,0.9990604876
4,2924,0.9990604876
4,2925,0.9990604876
4,2926,0.9990604876
4,2927,0.9990604876
4,2928,0.9990604876
4,2929,0.9990604876
4,2930,0.9990604876
4,2931,0.9990604876
4,2932,0.9990604876
4,2933,0.9990604876
4,2934,0.9990604876
4,2935,0.9990604876
4,2936,0.9990604876
4,2937,0.9990604876
4,2938,0.9990604876
4,2939,0.9990604876
4,2940,0.9990604876
4,2941,0.9990604876
4,2942,0.9990604876
4,2943,0.9990604876
4,2944,0.9990604876
4,2945,0.9990604876
4,2946,0.9990604876
4,2947,0.9990604876
4,2948,0.9990604876
4,2949,0.9990604876
4,2950,0.9990604876
4,2951,0.9990604876
4,2952,0.9990604876
4,2953,0.9990604876
4,2954,0.9990604876
4,2955,0.9990604876
4,2956,0.9990604876
4,2957,0.9990604876
4,2958,0.9990604876
4,2959,0.9990604876
4,2960,0.9990604876
4,2961,0.9990604876
4,2962,0.9990604876
4,2963,0.9990604876
4,2964,0.9990604876
4,2965,0.9990604876
4,2966,0.9990604876
4,2967,0.9990604876
4,2968,0.9990604876
4,2969,0.9990604876
4,2970,0.9990604876
4,2971,0.9990604876
4,2972,0.9990604876
4,2973,0.9990604876
4,2974,0.9990604876
4,2975,0.9990604876
4,2976,0.9990604876
4,2977,0.9990604876
4,2978,0.9990604876
4,2979,0.9990604876
4,2980,0.9990604876
4,2981,0.9990604876
4,2982,0.9990604876
4,2983,0.9990604876
4,2984,0.9990604876
4,2985,0.9990604876
4,2986,0.9990604876
4,2987,0.9990604876
4,2988,0.9990604876
4,2989,0.9990604876
4,2990,0.9990604876
4,2991,0.9990604876
4,2992,0.9990604876
4,2993,0.9990604876
4,2994,0.9990604876
4,2995,0.9990604876
4,2996,0.9990604876
4,2997,0.9990604876
4,2998,0.9990604876
4,2999,0.9990604876
4,3000,0.9990604876
4,3001,0.9990604876
4,3002,0.9990604876
4,3003,0.9990604876
4,3004,0.9990604876
4,3005,0.9990604876
4,3006,0.9990604876
4,3007,0.9990604876
4,3008,0.9990604876
4,3009,0.9990604876
4,3010,0.9990604876
4,3011,0.9990604876
4,3012,0.9990604876
4,3013,0.9990604876
4,3014,0.9990604876
4,3015,0.9990604876
4,3016,0.9990604876
4,3017,0.9990604876
4,3018,0.9990604876
4,3019,0.9990604876
4,3020,0.9990604876
4,3021,0.9990604876
4,3022,0.9990604876
4,3023,0.9990604876
4,3024,0.9990604876
4,3025,0.9990604876
4,3026,0.9990604876
4,3027,0.9990604876
4,3028,0.9990604876
4,3029,0.9990604876
4,3030,0.9990604876
4,3031,0.9990604876
4,3032,0.9990604876
4,3033,0.9990604876
4,3034,0.9990604876
4,3035,0.9990604876
4,3036,0.9990604876
4,3037,0.9990604876
4,3038,0.9990604876
4,3039,0.9990604876
4,3040,0.9990604876
4,3041,0.9990604876
4,3042,0.9990604876
4,3043,0.9990604876
4,3044,0.9990604876
4,3045,0.9990604876
4,3046,0.9990604876
4,3047,0.9990604876
4,3048,0.9990604876
4,3049,0.9990604876
4,3050,0.9990604876
4,3051,0.9990604876
4,3052,0.9990604876
4,3053,0.9990604876
4,3054,0.9990604876
4,3055,0.9990604876
4,3056,0.9990604876
4,3057,0.9990604876
4,3058,0.9990604876
4,3059,0.9990604876
4,3060,0.9990604876
4,3061,0.9990604876
4,3062,0.9990604876
4,3063,0.9990604876
4,3064,0.9990604876
4,3065,0.9990604876
4,3066,0.9990604876
4,3067,0.9990604876
4,3068,0.9990604876
4,3069,0.9990604876
4,3070,0.9990604876
4,3071,0.9990604876
4,3072,0.9990604876
4,3073,0.9990604876
4,3074,0.9990604876
4,3075,0.9990604876
4,3076,0.9990604876
4,3077,0.9990604876
4,3078,0.9990604876
4,3079,0.9990604876
4,3080,0.9990604876
4,3081,0.9990604876
4,3082,0.9990604876
4,3083,0.9990604876
4,3084,0.9990604876
4,3085,0.9990604876
4,3086,0.9990604876
4,3087,0.9990604876
4,3088,0.9990604876
4,3089,0.9990604876
4,3090,0.9990604876
4,3091,0.9990604876
4,3092,0.9990604876
4,3093,0.9990604876
4,3094,0.9990604876
4,3095,0.9990604876
4,3096,0.9990604876
4,3097,0.9990604876
4,3098,0.9990604876
4,3099,0.9990604876
4,3100,0.9990604876
4,3101,0.9990604876
4,3102,0.9990604876
4,3103,0.9990604876
4,3104,0.9990604876
4,3105,0.9990604876
4,3106,0.9990604876
4,3107,0.9990604876
4,3108,0.9990604876
4,3109,0.9990604876
4,3110,0.9990604876
4,3111,0.9990604876
4,3112,0.9990604876
4,3113,0.9990604876
4,3114,0.9990604876
4,3115,0.9990604876
4,3116,0.9990604876
4,3117,0.9990604876
4,3118,0.9990604876
4,3119,0.9990604876
4,3120,0.9990604876
4,3121,0.9990604876
4,3122,0.9990604876
4,3123,0.9990604876
4,3124,0.9990604876
4,3125,0.9990604876
4,3126,0.9990604876
4,3127,0.9990604876
4,3128,0.9990604876
4,3129,0.9990604876
4,3130,0.9990604876
4,3131,0.9990604876
4,3132,0.9990604876
4,3133,0.9990604876
4,3134,0.9990604876
4,3135,0.9990604876
4,3136,0.9990604876
4,3137,0.9990604876
4,3138,0.9990604876
4,3139,0.9990604876
4,3140,0.9990604876
4,3141,0.9990604876
4,3142,0.9990604876
4,3143,0.9990604876
4,3144,0.9990604876
4,3145,0.9990604876
4,3146,0.9990604876
4,3147,0.9990604876
4,3148,0.9990604876
4,3149,0.9990604876
4,3150,0.9990604876
4,3151,0.9990604876
4,3152,0.9990604876
4,3153,0.9990604876
4,3154,0.9990604876
4,3155,0.9990604876
4,3156,0.9990604876
4,3157,0.9990604876
4,3158,0.9990604876
4,3159,0.9990604876
4,3160,0.9990604876
4,3161,0.9990604876
4,3162,0.9990604876
4,3163,0.9990604876
4,3164,0.9990604876
4,3165,0.9990604876
4,3166,0.9990604876
4,3167,0.9990604876
4,3168,0.9990604876
4,3169,0.9990604876
4,3170,0.9990604876
4,3171,0.9990604876
4,3172,0.9990604876
4,3173,0.9990604876
4,3174,0.9990604876
4,3175,0.9990604876
4,3176,0.9990604876
4,3177,0.9990604876
4,3178,0.9990604876
4,3179,0.9990604876
4,3180,0.9990604876
4,3181,0.9990604876
4,3182,0.9990604876
4,3183,0.9990604876
4,3184,0.9990604876
4,3185,0.9990604876
4,3186,0.9990604876
4,3187,0.9990604876
4,3188,0.9990604876
4,3189,0.9990604876
4,3190,0.9990604876
4,3191,0.9990604876
4,3192,0.9990604876
4,3193,0.9990604876
4,3194,0.9990604876
4,3195,0.9990604876
4,3196,0.9990604876
4,3197,0.9990604876
4,3198,0.9990604876
4,3199,0.9990604876
4,3200,0.9990604876
4,3201,0.9990604876
4,3202,0.9990604876
4,3203,0.9990604876
4,3204,0.9990604876
4,3205,0.9990604876
4,3206,0.9990604876
4,3207,0.9990604876
4,3208,0.9990604876
4,3209,0.9990604876
4,3210,0.9990604876
4,3211,0.9990604876
4,3212,0.9990604876
4,3213,0.9990604876
4,3214,0.9990604876
4,3215,0.9990604876
4,3216,0.9990604876
4,3217,0.9990604876
4,3218,0.9990604876
4,3219,0.9990604876
4,3220,0.9990604876
4,3221,0.9990604876
4,3222,0.9990604876
4,3223,0.9990604876
4,3224,0.9990604876
4,3225,0.9990604876
4,3226,0.9990604876
4,3227,0.9990604876
4,3228,0.9990604876
4,3229,0.9990604876
4,3230,0.9990604876
4,3231,0.9990604876
4,3232,0.9990604876
4,3233,0.9990604876
4,3234,0.9990604876
4,3235,0.9990604876
4,3236,0.9990604876
4,3237,0.9990604876
4,3238,0.9990604876
4,3239,0.9990604876
4,3240,0.9990604876
4,3241,0.9990604876
4,3242,0.9990604876
4,3243,0.9990604876
4,3244,0.9990604876
4,3245,0.9990604876
4,3246,0.9990604876
4,3247,0.9990604876
4,3248,0.9990604876
4,3249,0.9990604876
4,3250,0.9990604876
4,3251,0.9990604876
4,3252,0.9990604876
4,3253,0.9990604876
4,3254,0.9990604876
4,3255,0.9990604876
4,3256,0.9990604876
4,3257,0.9990604876
4,3258,0.9990604876
4,3259,0.9990604876
4,3260,0.9990604876
4,3261,0.9990604876
4,3262,0.9990604876
4,3263,0.9990604876
4,3264,0.9990604876
4,3265,0.9990604876
4,3266,0.9990604876
4,3267,0.9990604876
4,3268,0.9990604876
4,3269,0.9990604876
4,3270,0.9990604876
4,3271,0.9990604876
4,3272,0.9990604876
4,3273,0.9990604876
4,3274,0.9990604876
4,3275,0.9990604876
4,3276,0.9990604876
4,3277,0.9990604876
4,3278,0.9990604876
4,3279,0.9990604876
4,3280,0.9990604876
4,3281,0.9990604876
4,3282,0.9990604876
4,3283,0.9990604876
4,3284,0.9990604876
4,3285,0.9990604876
4,3286,0.9990604876
4,3287,0.9990604876
4,3288,0.9990604876
4,3289,0.9990604876
4,3290,0.9990604876
4,3291,0.9990604876
4,3292,0.9990604876
4,3293,0.9990604876
4,3294,0.9990604876
4,3295,0.9990604876
4,3296,0.9990604876
4,3297,0.9990604876
4,3298,0.9990604876
4,3299,0.9990604876
4,3300,0.9990604876
4,3301,0.9990604876
4,3302,0.9990604876
4,3303,0.9990604876
4,3304,0.9990604876
4,3305,0.9990604876
4,3306,0.9990604876
4,3307,0.9990604876
4,3308,0.9990604876
4,3309,0.9990604876
4,3310,0.9990604876
4,3311,0.9990604876
4,3312,0.9990604876
4,3313,0.9990604876
4,3314,0.9990604876
4,3315,0.9990604876
4,3316,0.9990604876
4,3317,0.9990604876
4,3318,0.9990604876
4,3319,0.9990604876
4,3320,0.9990604876
4,3321,0.9990604876
4,3322,0.9990604876
4,3323,0.9990604876
4,3324,0.9990604876
4,3325,0.9990604876
4,3326,0.9990604876
4,3327,0.9990604876
4,3328,0.9990604876
4,3329,0.9990604876
4,3330,0.9990604876
4,3331,0.9990604876
4,3332,0.9990604876
4,3333,0.9990604876
4,3334,0.9990604876
4,3335,0.9990604876
4,3336,0.9990604876
4,3337,0.9990604876
4,3338,0.9990604876
4,3339,0.9990604876
4,3340,0.9990604876
4,3341,0.9990604876
4,3342,0.9990604876
4,3343,0.9990604876
4,3344,0.9990604876
4,3345,0.9990604876
4,3346,0.9990604876
4,3347,0.9990604876
4,3348,0.9990604876
4,3349,0.9990604876
4,3350,0.9990604876
4,3351,0.9990604876
4,3352,0.9990604876
4,3353,0.9990604876
4,3354,0.9990604876
4,3355,0.9990604876
4,3356,0.9990604876
4,3357,0.9990604876
4,3358,0.9990604876
4,3359,0.9990604876
4,3360,0.9990604876
4,3361,0.9990604876
4,3362,0.9990604876
4,3363,0.9990604876
4,3364,0.9990604876
4,3365,0.9990604876
4,3366,0.9990604876
4,3367,0.9990604876
4,3368,0.9990604876
4,3369,0.9990604876
4,3370,0.9990604876
4,3371,0.9990604876
4,3372,0.9990604876
4,3373,0.9990604876
4,3374,0.9990604876
4,3375,0.9990604876
4,3376,0.9990604876
4,3377,0.9990604876
4,3378,0.9990604876
4,3379,0.9990604876
4,3380,0.9990604876
4,3381,0.9990604876
4,3382,0.9990604876
4,3383,0.9990604876
4,3384,0.9990604876
4,3385,0.9990604876
4,3386,0.9990604876
4,3387,0.9990604876
4,3388,0.9990604876
4,3389,0.9990604876
4,3390,0.9990604876
4,3391,0.9990604876
4,3392,0.9990604876
4,3393,0.9990604876
4,3394,0.9990604876
4,3395,0.9990604876
4,3396,0.9990604876
4,3397,0.9990604876
4,3398,0.9990604876
4,3399,0.9990604876
4,3400,0.9990604876
4,3401,0.9990604876
4,3402,0.9990604876
4,3403,0.9990604876
4,3404,0.9990604876
4,3405,0.9990604876
4,3406,0.9990604876
4,3407,0.9990604876
4,3408,0.9990604876
4,3409,0.9990604876
4,3410,0.9990604876
4,3411,0.9990604876
4,3412,0.9990604876
4,3413,0.9990604876
4,3414,0.9990604876
4,3415,0.9990604876
4,3416,0.9990604876
4,3417,0.9990604876
4,3418,0.9990604876
4,3419,0.9990604876
4,3420,0.9990604876
4,3421,0.9990604876
4,3422,0.9990604876
4,3423,0.9990604876
4,3424,0.9990604876
4,3425,0.9990604876
4,3426,0.9990604876
4,3427,0.9990604876
4,3428,0.9990604876
4,3429,0.9990604876
4,3430,0.9990604876
4,3431,0.9990604876
4,3432,0.9990604876
4,3433,0.9990604876
4,3434,0.9990604876
4,3435,0.9990604876
4,3436,0.9990604876
4,3437,0.9990604876
4,3438,0.9990604876
4,3439,0.9990604876
4,3440,0.9990604876
4,3441,0.9990604876
4,3442,0.9990604876
4,3443,0.9990604876
4,3444,0.9990604876
4,3445,0.9990604876
4,3446,0.9990604876
4,3447,0.9990604876
4,3448,0.9990604876
4,3449,0.9990604876
4,3450,0.9990604876
4,3451,0.9990604876
4,3452,0.9990604876
4,3453,0.9990604876
4,3454,0.9990604876
4,3455,0.9990604876
4,3456,0.9990604876
4,3457,0.9990604876
4,3458,0.9990604876
4,3459,0.9990604876
4,3460,0.9990604876
4,3461,0.9990604876
4,3462,0.9990604876
4,3463,0.9990604876
4,3464,0.9990604876
4,3465,0.9990604876
4,3466,0.9990604876
4,3467,0.9990604876
4,3468,0.9990604876
4,3469,0.9990604876
4,3470,0.9990604876
4,3471,0.9990604876
4,3472,0.9990604876
4,3473,0.9990604876
4,3474,0.9990604876
4,3475,0.9990604876
4,3476,0.9990604876
4,3477,0.9990604876
4,3478,0.9990604876
4,3479,0.9990604876
4,3480,0.9990604876
4,3481,0.9990604876
4,3482,0.9990604876
4,3483,0.9990604876
4,3484,0.9990604876
4,3485,0.9990604876
4,3486,0.9990604876
4,3487,0.9990604876
4,3488,0.9990604876
4,3489,0.9990604876
4,3490,0.9990604876
4,3491,0.9990604876
4,3492,0.9990604876
4,3493,0.9990604876
4,3494,0.9990604876
4,3495,0.9990604876
4,3496,0.9990604876
4,3497,0.9990604876
4,3498,0.9990604876
4,3499,0.9990604876
4,3500,0.9990604876
4,3501,0.9990604876
4,3502,0.9990604876
4,3503,0.9990604876
4,3504,0.9990604876
4,3505,0.9990604876
4,3506,0.9990604876
4,3507,0.9990604876
4,3508,0.9990604876
4,3509,0.9990604876
4,3510,0.9990604876
4,3511,0.9990604876
4,3512,0.9990604876
4,3513,0.9990604876
4,3514,0.9990604876
4,3515,0.9990604876
4,3516,0.9990604876
4,3517,0.9990604876
4,3518,0.9990604876
4,3519,0.9990604876
4,3520,0.9990604876
4,3521,0.9990604876
4,3522,0.9990604876
4,3523,0.9990604876
4,3524,0.9990604876
4,3525,0.9990604876
4,3526,0.9990604876
4,3527,0.9990604876
4,3528,0.9990604876
4,3529,0.9990604876
4,3530,0.9990604876
4,3531,0.9990604876
4,3532,0.9990604876
4,3533,0.9990604876
4,3534,0.9990604876
4,3535,0.9990604876
4,3536,0.9990604876
4,3537,0.9990604876
4,3538,0.9990604876
4,3539,0.9990604876
4,3540,0.9990604876
4,3541,0.9990604876
4,3542,0.9990604876
4,3543,0.9990604876
4,3544,0.9990604876
4,3545,0.9990604876
4,3546,0.9990604876
4,3547,0.9990604876
4,3548,0.9990604876
4,3549,0.9990604876
4,3550,0.9990604876
4,3551,0.9990604876
4,3552,0.9990604876
4,3553,0.9990604876
4,3554,0.9990604876
4,3555,0.9990604876
4,3556,0.9990604876
4,3557,0.9990604876
4,3558,0.9990604876
4,3559,0.9990604876
4,3560,0.9990604876
4,3561,0.9990604876
4,3562,0.9990604876
4,3563,0.9990604876
4,3564,0.9990604876
4,3565,0.9990604876
4,3566,0.9990604876
4,3567,0.9990604876
4,3568,0.9990604876
4,3569,0.9990604876
4,3570,0.9990604876
4,3571,0.9990604876
4,3572,0.9990604876
4,3573,0.9990604876
4,3574,0.9990604876
4,3575,0.9990604876
4,3576,0.9990604876
4,3577,0.9990604876
4,3578,0.9990604876
4,3579,0.9990604876
4,3580,0.9990604876
4,3581,0.9990604876
4,3582,0.9990604876
4,3583,0.9990604876
4,3584,0.9990604876
4,3585,0.9990604876
4,3586,0.9990604876
4,3587,0.9990604876
4,3588,0.9990604876
4,3589,0.9990604876
4,3590,0.9990604876
4,3591,0.9990604876
4,3592,0.9990604876
4,3593,0.9990604876
4,3594,0.9990604876
4,3595,0.9990604876
4,3596,0.9990604876
4,3597,0.9990604876
4,3598,0.9990604876
4,3599,0.9990604876
4,3600,0.9990604876
4,3601,0.9990604876
4,3602,0.9990604876
4,3603,0.9990604876
4,3604,0.9990604876
4,3605,0.9990604876
4,3606,0.9990604876
4,3607,0.9990604876
4,3608,0.9990604876
4,3609,0.9990604876
4,3610,0.9990604876
4,3611,0.9990604876
4,3612,0.9990604876
4,3613,0.9990604876
4,3614,0.9990604876
4,3615,0.9990604876
4,3616,0.9990604876
4,3617,0.9990604876
4,3618,0.9990604876
4,3619,0.9990604876
4,3620,0.9990604876
4,3621,0.9990604876
4,3622,0.9990604876
4,3623,0.9990604876
4,3624,0.9990604876
4,3625,0.9990604876
4,3626,0.9990604876
4,3627,0.9990604876
4,3628,0.9990604876
4,3629,0.9990604876
4,3630,0.9990604876
4,3631,0.9990604876
4,3632,0.9990604876
4,3633,0.9990604876
4,3634,0.9990604876
4,3635,0.9990604876
4,3636,0.9990604876
4,3637,0.9990604876
4,3638,0.9990604876
4,3639,0.9990604876
4,3640,0.9990604876
4,3641,0.9990604876
4,3642,0.9990604876
4,3643,0.9990604876
4,3644,0.9990604876
4,3645,0.9990604876
4,3646,0.9990604876
4,3647,0.9990604876
4,3648,0.9990604876
4,3649,0.9990604876
4,3650,0.9990604876
4,3651,0.9990604876
4,3652,0.9990604876
4,3653,0.9990604876
4,3654,0.9990604876
4,3655,0.9990604876
4,3656,0.9990604876
4,3657,0.9990604876
4,3658,0.9990604876
4,3659,0.9990604876
4,3660,0.9990604876
4,3661,0.9990604876
4,3662,0.9990604876
4,3663,0.9990604876
4,3664,0.9990604876
4,3665,0.9990604876
4,3666,0.9990604876
4,3667,0.9990604876
4,3668,0.9990604876
4,3669,0.9990604876
4,3670,0.9990604876
4,3671,0.9990604876
4,3672,0.9990604876
4,3673,0.9990604876
4,3674,0.9990604876
4,3675,0.9990604876
4,3676,0.9990604876
4,3677,0.9990604876
4,3678,0.9990604876
4,3679,0.9990604876
4,3680,0.9990604876
4,3681,0.9990604876
4,3682,0.9990604876
4,3683,0.9990604876
4,3684,0.9990604876
4,3685,0.9990604876
4,3686,0.9990604876
4,3687,0.9990604876
4,3688,0.9990604876
4,3689,0.9990604876
4,3690,0.9990604876
4,3691,0.9990604876
4,3692,0.9990604876
4,3693,0.9990604876
4,3694,0.9990604876
4,3695,0.9990604876
4,3696,0.9990604876
4,3697,0.9990604876
4,3698,0.9990604876
4,3699,0.9990604876
4,3700,0.9990604876
4,3701,0.9990604876
4,3702,0.9990604876
4,3703,0.9990604876
4,3704,0.9990604876
4,3705,0.9990604876
4,3706,0.9990604876
4,3707,0.9990604876
4,3708,0.9990604876
4,3709,0.9990604876
4,3710,0.9990604876
4,3711,0.9990604876
4,3712,0.9990604876
4,3713,0.9990604876
4,3714,0.9990604876
4,3715,0.9990604876
4,3716,0.9990604876
4,3717,0.9990604876
4,3718,0.9990604876
4,3719,0.9990604876
4,3720,0.9990604876
4,3721,0.9990604876
4,3722,0.9990604876
4,3723,0.9990604876
4,3724,0.9990604876
4,3725,0.9990604876
4,3726,0.9990604876
4,3727,0.9990604876
4,3728,0.9990604876
4,3729,0.9990604876
4,3730,0.9990604876
4,3731,0.9990604876
4,3732,0.9990604876
4,3733,0.9990604876
4,3734,0.9990604876
4,3735,0.9990604876
4,3736,0.9990604876
4,3737,0.9990604876
4,3738,0.9990604876
4,3739,0.9990604876
4,3740,0.9990604876
4,3741,0.9990604876
4,3742,0.9990604876
4,3743,0.9990604876
4,3744,0.9990604876
4,3745,0.9990604876
4,3746,0.9990604876
4,3747,0.9990604876
4,3748,0.9990604876
4,3749,0.9990604876
4,3750,0.9990604876
4,3751,0.9990604876
4,3752,0.9990604876
4,3753,0.9990604876
4,3754,0.9990604876
4,3755,0.9990604876
4,3756,0.9990604876
4,3757,0.9990604876
4,3758,0.9990604876
4,3759,0.9990604876
4,3760,0.9990604876
4,3761,0.9990604876
4,3762,0.9990604876
4,3763,0.9990604876
4,3764,0.9990604876
4,3765,0.9990604876
4,3766,0.9990604876
4,3767,0.9990604876
4,3768,0.9990604876
4,3769,0.9990604876
4,3770,0.9990604876
4,3771,0.9990604876
4,3772,0.9990604876
4,3773,0.9990604876
4,3774,0.9990604876
4,3775,0.9990604876
4,3776,0.9990604876
4,3777,0.9990604876
4,3778,0.9990604876
4,3779,0.9990604876
4,3780,0.9990604876
4,3781,0.9990604876
4,3782,0.9990604876
4,3783,0.9990604876
4,3784,0.9990604876
4,3785,0.9990604876
4,3786,0.9990604876
4,3787,0.9990604876
4,3788,0.9990604876
4,3789,0.9990604876
4,3790,0.9990604876
4,3791,0.9990604876
4,3792,0.9990604876
4,3793,0.9990604876
4,3794,0.9990604876
4,3795,0.9990604876
4,3796,0.9990604876
4,3797,0.9990604876
4,3798,0.9990604876
4,3799,0.9990604876
4,3800,0.9990604876
4,3801,0.9990604876
4,3802,0.9990604876
4,3803,0.9990604876
4,3804,0.9990604876
4,3805,0.9990604876
4,3806,0.9990604876
4,3807,0.9990604876
4,3808,0.9990604876
4,3809,0.9990604876
4,3810,0.9990604876
4,3811,0.9990604876
4,3812,0.9990604876
4,3813,0.9990604876
4,3814,0.9990604876
4,3815,0.9990604876
4,3816,0.9990604876
4,3817,0.9990604876
4,3818,0.9990604876
4,3819,0.9990604876
4,3820,0.9990604876
4,3821,0.9990604876
4,3822,0.9990604876
4,3823,0.9990604876
4,3824,0.9990604876
4,3825,0.9990604876
4,3826,0.9990604876
4,3827,0.9990604876
4,3828,0.9990604876
4,3829,0.9990604876
4,3830,0.9990604876
4,3831,0.9990604876
4,3832,0.9990604876
4,3833,0.9990604876
4,3834,0.9990604876
4,3835,0.9990604876
4,3836,0.9990604876
4,3837,0.9990604876
4,3838,0.9990604876
4,3839,0.9990604876
4,3840,0.9990604876
4,3841,0.9990604876
4,3842,0.9990604876
4,3843,0.9990604876
4,3844,0.9990604876
4,3845,0.9990604876
4,3846,0.9990604876
4,3847,0.9990604876
4,3848,0.9990604876
4,3849,0.9990604876
4,3850,0.9990604876
4,3851,0.9990604876
4,3852,0.9990604876
4,3853,0.9990604876
4,3854,0.9990604876
4,3855,0.9990604876
4,3856,0.9990604876
4,3857,0.9990604876
4,3858,0.9990604876
4,3859,0.9990604876
4,3860,0.9990604876
4,3861,0.9990604876
4,3862,0.9990604876
4,3863,0.9990604876
4,3864,0.9990604876
4,3865,0.9990604876
4,3866,0.9990604876
4,3867,0.9990604876
4,3868,0.9990604876
4,3869,0.9990604876
4,3870,0.9990604876
4,3871,0.9990604876
4,3872,0.9990604876
4,3873,0.9990604876
4,3874,0.9990604876
4,3875,0.9990604876
4,3876,0.9990604876
4,3877,0.9990604876
4,3878,0.9990604876
4,3879,0.9990604876
4,3880,0.9990604876
4,3881,0.9990604876
4,3882,0.9990604876
4,3883,0.9990604876
4,3884,0.9990604876
4,3885,0.9990604876
4,3886,0.9990604876
4,3887,0.9990604876
4,3888,0.9990604876
4,3889,0.9990604876
4,3890,0.9990604876
4,3891,0.9990604876
4,3892,0.9990604876
4,3893,0.9990604876
4,3894,0.9990604876
4,3895,0.9990604876
4,3896,0.9990604876
4,3897,0.9990604876
4,3898,0.9990604876
4,3899,0.9990604876
4,3900,0.9990604876
4,3901,0.9990604876
4,3902,0.9990604876
4,3903,0.9990604876
4,3904,0.9990604876
4,3905,0.9990604876
4,3906,0.9990604876
4,3907,0.9990604876
4,3908,0.9990604876
4,3909,0.9990604876
4,3910,0.9990604876
4,3911,0.9990604876
4,3912,0.9990604876
4,3913,0.9990604876
4,3914,0.9990604876
4,3915,0.9990604876
4,3916,0.9990604876
4,3917,0.9990604876
4,3918,0.9990604876
4,3919,0.9990604876
4,3920,0.9990604876
4,3921,0.9990604876
4,3922,0.9990604876
4,3923,0.9990604876
4,3924,0.9990604876
4,3925,0.9990604876
4,3926,0.9990604876
4,3927,0.9990604876
4,3928,0.9990604876
4,3929,0.9990604876
4,3930,0.9990604876
4,3931,0.9990604876
4,3932,0.9990604876
4,3933,0.9990604876
4,3934,0.9990604876
4,3935,0.9990604876
4,3936,0.9990604876
4,3937,0.9990604876
4,3938,0.9990604876
4,3939,0.9990604876
4,3940,0.9990604876
4,3941,0.9990604876
4,3942,0.9990604876
4,3943,0.9990604876
4,3944,0.9990604876
4,3945,0.9990604876
4,3946,0.9990604876
4,3947,0.9990604876
4,3948,0.9990604876
4,3949,0.9990604876
4,3950,0.9990604876
4,3951,0.9990604876
4,3952,0.9990604876
4,3953,0.9990604876
4,3954,0.9990604876
4,3955,0.9990604876
4,3956,0.9990604876
4,3957,0.9990604876
4,3958,0.9990604876
4,3959,0.9990604876
4,3960,0.9990604876
4,3961,0.9990604876
4,3962,0.9990604876
4,3963,0.9990604876
4,3964,0.9990604876
4,3965,0.9990604876
4,3966,0.9990604876
4,3967,0.9990604876
4,3968,0.9990604876
4,3969,0.9990604876
4,3970,0.9990604876
4,3971,0.9990604876
4,3972,0.9990604876
4,3973,0.9990604876
4,3974,0.9990604876
4,3975,0.9990604876
4,3976,0.9990604876
4,3977,0.9990604876
4,3978,0.9990604876
4,3979,0.9990604876
4,3980,0.9990604876
4,3981,0.9990604876
4,3982,0.9990604876
4,3983,0.9990604876
4,3984,0.9990604876
4,3985,0.9990604876
4,3986,0.9990604876
4,3987,0.9990604876
4,3988,0.9990604876
4,3989,0.9990604876
4,3990,0.9990604876
4,3991,0.9990604876
4,3992,0.9990604876
4,3993,0.9990604876
4,3994,0.9990604876
4,3995,0.9990604876
4,3996,0.9990604876
4,3997,0.9990604876
4,3998,0.9990604876
4,3999,0.9990604876
4,4000,0.9990604876
4,4001,0.9990604876
4,4002,0.9990604876
4,4003,0.9990604876
4,4004,0.9990604876
4,4005,0.9990604876
4,4006,0.9990604876
4,4007,0.9990604876
4,4008,0.9990604876
4,4009,0.9990604876
4,4010,0.9990604876
4,4011,0.9990604876
4,4012,0.9990604876
4,4013,0.9990604876
4,4014,0.9990604876
4,4015,0.9990604876
4,4016,0.9990604876
4,4017,0.9990604876
4,4018,0.9990604876
4,4019,0.9990604876
4,4020,0.9990604876
4,4021,0.9990604876
4,4022,0.9990604876
4,4023,0.9990604876
4,4024,0.9990604876
4,4025,0.9990604876
4,4026,0.9990604876
4,4027,0.9990604876
4,4028,0.9990604876
4,4029,0.9990604876
4,4030,0.9990604876
4,4031,0.9990604876
4,4032,0.9990604876
4,4033,0.9990604876
4,4034,0.9990604876
4,4035,0.9990604876
4,4036,0.9990604876
4,4037,0.9990604876
4,4038,0.9990604876
4,4039,0.9990604876
4,4040,0.9990604876
4,4041,0.9990604876
4,4042,0.9990604876
4,4043,0.9990604876
4,4044,0.9990604876
4,4045,0.9990604876
4,4046,0.9990604876
4,4047,0.9990604876
4,4048,0.9990604876
4,4049,0.9990604876
4,4050,0.9990604876
4,4051,0.9990604876
4,4052,0.9990604876
4,4053,0.9990604876
4,4054,0.9990604876
4,4055,0.9990604876
4,4056,0.9990604876
4,4057,0.9990604876
4,4058,0.9990604876
4,4059,0.9990604876
4,4060,0.9990604876
4,4061,0.9990604876
4,4062,0.9990604876
4,4063,0.9990604876
4,4064,0.9990604876
4,4065,0.9990604876
4,4066,0.9990604876
4,4067,0.9990604876
4,4068,0.9990604876
4,4069,0.9990604876
4,4070,0.9990604876
4,4071,0.9990604876
4,4072,0.9990604876
4,4073,0.9990604876
4,4074,0.9990604876
4,4075,0.9990604876
4,4076,0.9990604876
4,4077,0.9990604876
4,4078,0.9990604876
4,4079,0.9990604876
4,4080,0.9990604876
4,4081,0.9990604876
4,4082,0.9990604876
4,4083,0.9990604876
4,4084,0.9990604876
4,4085,0.9990604876
4,4086,0.9990604876
4,4087,0.9990604876
4,4088,0.9990604876
4,4089,0.9990604876
4,4090,0.9990604876
4,4091,0.9990604876
4,4092,0.9990604876
4,4093,0.9990604876
4,4094,0.9990604876
4,4095,0.9990604876
4,4096,0.9990604876
4,4097,0.9990604876
4,4098,0.9990604876
4,4099,0.9990604876
4,4100,0.9990604876
4,4101,0.9990604876
4,4102,0.9990604876
4,4103,0.9990604876
4,4104,0.9990604876
4,4105,0.9990604876
4,4106,0.9990604876
4,4107,0.9990604876
4,4108,0.9990604876
4,4109,0.9990604876
4,4110,0.9990604876
4,4111,0.9990604876
4,4112,0.9990604876
4,4113,0.9990604876
4,4114,0.9990604876
4,4115,0.9990604876
4,4116,0.9990604876
4,4117,0.9990604876
4,4118,0.9990604876
4,4119,0.9990604876
4,4120,0.9990604876
4,4121,0.9990604876
4,4122,0.9990604876
4,4123,0.9990604876
4,4124,0.9990604876
4,4125,0.9990604876
4,4126,0.9990604876
4,4127,0.9990604876
4,4128,0.9990604876
4,4129,0.9990604876
4,4130,0.9990604876
4,4131,0.9990604876
4,4132,0.9990604876
4,4133,0.9990604876
4,4134,0.9990604876
4,4135,0.9990604876
4,4136,0.9990604876
4,4137,0.9990604876
4,4138,0.9990604876
4,4139,0.9990604876
4,4140,0.9990604876
4,4141,0.9990604876
4,4142,0.9990604876
4,4143,0.9990604876
4,4144,0.9990604876
4,4145,0.9990604876
4,4146,0.9990604876
4,4147,0.9990604876
4,4148,0.9990604876
4,4149,0.9990604876
4,4150,0.9990604876
4,4151,0.9990604876
4,4152,0.9990604876
4,4153,0.9990604876
4,4154,0.9990604876
4,4155,0.9990604876
4,4156,0.9990604876
4,4157,0.9990604876
4,4158,0.9990604876
4,4159,0.9990604876
4,4160,0.9990604876
4,4161,0.9990604876
4,4162,0.9990604876
4,4163,0.9990604876
4,4164,0.9990604876
4,4165,0.9990604876
4,4166,0.9990604876
4,4167,0.9990604876
4,4168,0.9990604876
4,4169,0.9990604876
4,4170,0.9990604876
4,4171,0.9990604876
4,4172,0.9990604876
4,4173,0.9990604876
4,4174,0.9990604876
4,4175,0.9990604876
4,4176,0.9990604876
4,4177,0.9990604876
4,4178,0.9990604876
4,4179,0.9990604876
4,4180,0.9990604876
4,4181,0.9990604876
4,4182,0.9990604876
4,4183,0.9990604876
4,4184,0.9990604876
4,4185,0.9990604876
4,4186,0.9990604876
4,4187,0.9990604876
4,4188,0.9990604876
4,4189,0.9990604876
4,4190,0.9990604876
4,4191,0.9990604876
4,4192,0.9990604876
4,4193,0.9990604876
4,4194,0.9990604876
4,4195,0.9990604876
4,4196,0.9990604876
4,4197,0.9990604876
4,4198,0.9990604876
4,4199,0.9990604876
5,0,19.15102819
5,1,3.807544759
5,2,13.23656594
5,3,5.252337027
5,4,12.08314276
5,5,12.24324563
5,6,8.418332335
5,7,17.47214093
5,8,22.983743
5,9,13.33736436
5,10,11.4746741
5,11,7.636126727
5,12,9.394093087
5,13,10.30491902
5,14,11.83494502
5,15,8.108819147
5,16,9.095404763
5,17,10.19357915
5,18,13.34131437
5,19,11.97454263
5,20,12.58161329
5,21,9.524901501
5,22,21.44911258
5,23,20.20384563
5,24,14.39805263
5,25,7.100432651
5,26,7.053775532
5,27,12.21347516
5,28,4.411470199
5,29,9.326142504
5,30,16.67057643
5,31,5.241326222
5,32,17.04315716
5,33,15.75370338
5,34,5.634774027
5,35,22.85007548
5,36,6.395040652
5,37,18.03639953
5,38,10.09570541
5,39,7.861488454
5,40,14.38984931
5,41,12.03071582
5,42,7.928902225
5,43,12.71410056
5,44,12.40425324
5,45,7.767150256
5,46,14.46200894
5,47,4.626217808
5,48,9.261958239
5,49,13.43425524
5,50,11.44271336
5,51,15.91683303
5,52,6.901852448
5,53,11.7523116
5,54,12.27453459
5,55,7.836567117
5,56,11.71775994
5,57,13.87666768
5,58,26.64523574
5,59,8.406116503
5,60,11.97631678
5,61,17.98022915
5,62,10.57753324
5,63,11.02328148
5,64,13.59441636
5,65,6.410200584
5,66,30.98128726
5,67,5.741464599
5,68,11.44599976
5,69,9.733241183
5,70,15.86588182
5,71,5.556502632
5,72,7.992782101
5,73,14.87835983
5,74,13.04102708
5,75,7.849276784
5,76,4.690349097
5,77,15.06876789
5,78,8.071324526
5,79,12.46603973
5,80,7.210420553
5,81,18.08479865
5,82,11.06518416
5,83,11.50043824
5,84,10.20365513
5,85,11.42221157
5,86,7.048874978
5,87,7.899305982
5,88,9.020703948
5,89,3.523555868
5,90,13.12706539
5,91,7.947886331
5,92,23.06914663
5,93,8.192846025
5,94,17.18332632
5,95,11.11526895
5,96,14.06336472
5,97,11.51353725
5,98,11.16262141
5,99,13.19021716
5,100,8.404493589
5,101,7.787635668
5,102,7.54222409
5,103,9.613058509
5,104,13.27842704
5,105,8.977709987
5,106,8.926387154
5,107,7.807184229
5,108,12.94518214
5,109,10.51155887
5,110,13.69378239
5,111,5.766248259
5,112,15.52779078
5,113,5.668662346
5,114,10.59410219
5,115,10.88950206
5,116,19.37961302
5,117,12.49901127
5,118,11.84809882
5,119,21.11952625
5,120,5.766387351
5,121,15.69548392
5,122,5.252337027
5,123,12.41611258
5,124,10.60736019
5,125,3.706118528
5,126,9.473579783
5,127,9.164228618
5,128,11.48927312
5,129,10.30980275
5,130,7.848905534
5,131,6.864191335
5,132,9.949858327
5,133,2.784131435
5,134,10.53589716
5,135,8.338345906
5,136,4.878469635
5,137,22.91004964
5,138,8.685729862
5,139,8.976089682
5,140,9.568934555
5,141,8.944414641
5,142,11.15849566
5,143,7.437483506
5,144,13.82397459
5,145,6.803977639
5,146,7.573311672
5,147,19.91488747
5,148,13.85646176
5,149,8.434811594
5,150,13.09061078
5,151,7.327378983
5,152,13.93749402
5,153,7.76219473
5,154,22.07364232
5,155,7.523656875
5,156,14.61442258
5,157,4.875086878
5,158,11.80074208
5,159,8.195241821
5,160,12.72232903
5,161,3.478692108
5,162,13.58208243
5,163,12.11259119
5,164,15.70701795
5,165,12.59258348
5,166,11.52933337
5,167,8.214594086
5,168,17.75239484
5,169,4.58380785
5,170,13.24386471
5,171,12.49657839
5,172,13.17642693
5,173,13.14733011
5,174,10.57948938
5,175,7.828495243
5,176,7.542045341
5,177,4.882174936
5,178,14.41304448
5,179,11.23955884
5,180,9.12402848
5,181,14.28573008
5,182,8.482610925
5,183,4.567154857
5,184,15.08293404
5,185,7.834636742
5,186,9.576586163
5,187,6.527626812
5,188,8.889552753
5,189,12.86477957
5,190,11.0997576
5,191,8.009585145
5,192,7.272831724
5,193,1.838765087
5,194,8.027377062
5,195,7.643725167
5,196,12.38636065
5,197,10.84525935
5,198,4.099783639
5,199,14.54700024
5,200,9.944162195
5,201,17.76965838
5,202,14.40549525
5,203,10.57047834
5,204,16.67978065
5,205,6.330573918
5,206,15.83472049
5,207,10.437255
5,208,11.72104651
5,209,4.553083439
5,210,11.1348192
5,211,6.959682637
5,212,10.08818135
5,213,6.749187755
5,214,6.270688991
5,215,20.89098296
5,216,8.813757145
5,217,8.276338607
5,218,6.132669548
5,219,10.02226892
5,220,7.489522192
5,221,16.20980229
5,222,6.395846932
5,223,14.82372691
5,224,8.874393008
5,225,16.47387036
5,226,8.404250744
5,227,9.1336256
5,228,16.05933017
5,229,7.506423433
5,230,24.9740792
5,231,4.019432938
5,232,12.91326284
5,233,6.424185452
5,234,9.897443909
5,235,4.402593769
5,236,3.621788509
5,237,4.215344404
5,238,17.24210889
5,239,11.70590915
5,240,9.372008065
5,241,9.178460905
5,242,11.62897494
5,243,7.381968293
5,244,10.10746917
5,245,13.51765159
5,246,12.60933561
5,247,8.864344833
5,248,11.19041875
5,249,15.57972078
5,250,9.832660452
5,251,18.34923291
5,252,7.680228774
5,253,15.04984005
5,254,8.786730885
5,255,19.23756867
5,256,5.640976204
5,257,5.312719356
5,258,13.72203413
5,259,9.587774597
5,260,7.040227413
5,261,7.462301605
5,262,9.728434582
5,263,4.232484102
5,264,6.084578001
5,265,7.721937588
5,266,10.5271865
5,267,4.74075998
5,268,8.923268381
5,269,12.88403354
5,270,9.423076919
5,271,7.82566032
5,272,5.415935946
5,273,11.67972745
5,274,6.393096483
5,275,7.809955841
5,276,10.66163869
5,277,5.718068057
5,278,8.538346479
5,279,7.455845784
5,280,12.7860393
5,281,11.72652712
5,282,10.85461755
5,283,16.31027004
5,284,4.041091515
5,285,12.48113351
5,286,3.544094285
5,287,12.45110644
5,288,7.593404882
5,289,6.051427524
5,290,10.11712402
5,291,14.42285935
5,292,4.925978154
5,293,9.820486151
5,294,8.175945662
5,295,7.451384187
5,296,8.20941795
5,297,12.16720015
5,298,12.81939853
5,299,7.959021072
5,300,17.19018394
5,301,11.16345964
5,302,12.95381402
5,303,17.69862726
5,304,5.137981743
5,305,4.558878829
5,306,10.67224275
5,307,6.64480056
5,308,6.427723132
5,309,7.613015351
5,310,9.710793345
5,311,13.93456944
5,312,8.268343634
5,313,10.46020602
5,314,7.386303629
5,315,6.206242156
5,316,18.07198796
5,317,5.896113241
5,318,11.17020613
5,319,8.925677878
5,320,8.095582419
5,321,14.06284872
5,322,5.233832927
5,323,16.30873673
5,324,5.81774848
5,325,11.04029447
5,326,7.475759473
5,327,6.308531214
5,328,9.432298195
5,329,7.512649228
5,330,2.784131435
5,331,6.512540759
5,332,19.97454933
5,333,2.562269338
5,334,6.640332849
5,335,8.804477619
5,336,7.240901048
5,337,13.42452509
5,338,8.796023476
5,339,13.31192872
5,340,5.508109154
5,341,26.59824086
5,342,3.966369955
5,343,9.515712473
5,344,13.78104193
5,345,11.23909032
5,346,12.54871423
5,347,14.12395979
5,348,7.923076403
5,349,7.340084161
5,350,12.8464999
5,351,6.413335144
5,352,11.96245495
5,353,7.921773862
5,354,13.15440135
5,355,13.59211998
5,356,7.596244077
5,357,6.211136991
5,358,6.934198057
5,359,7.67018385
5,360,10.79591228
5,361,13.44663752
5,362,16.03118009
5,363,4.434915909
5,364,8.204576653
5,365,11.2856769
5,366,4.479845313
5,367,5.763630279
5,368,7.204628773
5,369,9.436152357
5,370,7.697697552
5,371,11.41116699
5,372,2.315820705
5,373,8.44618838
5,374,10.97995161
5,375,6.232851086
5,376,6.358648898
5,377,7.268505437
5,378,12.09757514
5,379,8.977604609
5,380,7.534604171
5,381,9.769551192
5,382,3.244189721
5,383,7.041152914
5,384,6.612284388
5,385,4.735124396
5,386,9.277733637
5,387,9.155534051
5,388,4.296197082
5,389,10.51423173
5,390,7.93661135
5,391,12.91876484
5,392,7.4624663
5,393,7.669402513
5,394,8.64444793
5,395,9.804866404
5,396,5.806605178
5,397,5.67236262
5,398,9.212519244
5,399,8.030549064
5,400,9.117702923
5,401,4.830236544
5,402,7.072589583
5,403,7.045846366
5,404,2.429225236
5,405,2.803258867
5,406,7.62991949
5,407,5.67186027
5,408,4.229240013
5,409,13.41815469
5,410,13.20028129
5,411,10.25491644
5,412,9.168397752
5,413,6.821082335
5,414,7.224534554
5,415,5.497192419
5,416,6.325369222
5,417,8.094677067
5,418,8.141163624
5,419,11.6492893
5,420,6.115892191
5,421,6.525444384
5,422,5.768953073
5,423,11.31284205
5,424,7.655108725
5,425,11.546426
5,426,5.749497925
5,427,6.451402715
5,428,1.890724524
5,429,6.564023132
5,430,5.241978697
5,431,8.885781597
5,432,5.827713705
5,433,9.282855441
5,434,8.531823519
5,435,6.410200584
5,436,7.626008281
5,437,5.058469409
5,438,7.028726231
5,439,9.054689432
5,440,3.806948563
5,441,16.09288446
5,442,5.51951934
5,443,6.956460783
5,444,4.789348112
5,445,5.352792317
5,446,8.007410177
5,447,7.831787347
5,448,4.323081435
5,449,10.39667845
5,450,7.405393544
5,451,7.854416115
5,452,8.999535393
5,453,5.652677167
5,454,14.23853573
5,455,4.33825196
5,456,7.832051786
5,457,7.657809585
5,458,7.497751831
5,459,8.091250493
5,460,4.447409201
5,461,8.44153833
5,462,7.716510394
5,463,5.266867726
5,464,4.558256562
5,465,7.647236329
5,466,5.865403411
5,467,9.428180068
5,468,4.46518598
5,469,7.718095289
5,470,5.897682823
5,471,8.239289646
5,472,7.820872281
5,473,6.702292254
5,474,12.15260653
5,475,4.683868201
5,476,6.263442821
5,477,14.30660785
5,478,13.02662087
5,479,9.206283744
5,480,3.572650872
5,481,10.80658735
5,482,5.672151144
5,483,3.706333129
5,484,7.936373159
5,485,1.686527902
5,486,11.05575483
5,487,5.602741346
5,488,13.27529458
5,489,7.034573578
5,490,9.353823963
5,491,7.776213484
5,492,7.314315344
5,493,14.31803629
5,494,10.35377764
5,495,6.2982958
5,496,7.244679085
5,497,5.063644204
5,498,11.55716002
5,499,3.375997636
5,500,7.660525512
5,501,7.832564728
5,502,7.52629836
5,503,9.684413951
5,504,3.173231344
5,505,4.984121207
5,506,2.238854125
5,507,8.454422974
5,508,5.438017121
5,509,7.106289213
5,510,7.007104392
5,511,6.423621366
5,512,5.556502632
5,513,2.867353441
5,514,6.226739553
5,515,6.957603796
5,516,5.486192524
5,517,7.334197081
5,518,6.319320349
5,519,10.31915589
5,520,9.197067213
5,521,4.770261805
5,522,5.563435263
5,523,9.561908675
5,524,3.276190147
5,525,12.13273533
5,526,8.465076694
5,527,6.417408854
5,528,4.21279865
5,529,13.66456154
5,530,3.834258369
5,531,7.43790282
5,532,6.13220943
5,533,5.55961396
5,534,3.478692108
5,535,5.161657028
5,536,6.610462865
5,537,5.917274883
5,538,6.945306553
5,539,3.922727958
5,540,7.763873167
5,541,7.637356689
5,542,7.430034937
5,543,6.350272351
5,544,7.29181289
5,545,3.687124029
5,546,9.391788324
5,547,4.500738671
5,548,8.47249264
5,549,9.770669504
5,550,4.288009487
5,551,4.744166369
5,552,4.839193313
5,553,9.481996767
5,554,10.39086391
5,555,9.749131962
5,556,8.270000423
5,557,4.364561142
5,558,4.554203101
5,559,7.587281252
5,560,5.030306909
5,561,10.26310253
5,562,10.2117006
5,563,4.122279285
5,564,7.994241394
5,565,3.299999868
5,566,8.12750914
5,567,7.116187906
5,568,12.10908128
5,569,7.63434464
5,570,5.982936754
5,571,6.97648239
5,572,6.543480772
5,573,3.254170854
5,574,7.152032218
5,575,5.101107716
5,576,2.883067259
5,577,6.652668832
5,578,2.379148085
5,579,6.710971221
5,580,5.75169094
5,581,6.120360935
5,582,4.765975074
5,583,8.492964511
5,584,10.14226653
5,585,9.087269795
5,586,5.417689348
5,587,5.814225097
5,588,10.26141992
5,589,4.340976297
5,590,5.75581928
5,591,3.031997871
5,592,5.027429442
5,593,5.662358847
5,594,7.25626441
5,595,5.789223518
5,596,2.566903203
5,597,7.580249477
5,598,6.739931349
5,599,3.531618875
5,600,7.635951144
5,601,5.689890548
5,602,8.226014089
5,603,5.759077991
5,604,4.32951606
5,605,4.870946808
5,606,10.30928658
5,607,4.289200722
5,608,2.692114537
5,609,8.195643874
5,610,4.84009611
5,611,6.203758942
5,612,9.983564981
5,613,4.033334525
5,614,6.114536921
5,615,9.697790876
5,616,10.03550622
5,617,7.695013672
5,618,9.287120516
5,619,6.325211583
5,620,5.853475003
5,621,4.801124233
5,622,5.852269682
5,623,7.113520298
5,624,6.146750178
5,625,3.687124029
5,626,5.415576134
5,627,11.86912781
5,628,5.179383553
5,629,7.323462232
5,630,5.463233786
5,631,3.620834482
5,632,4.726779165
5,633,2.248576618
5,634,5.212290264
5,635,3.689532785
5,636,3.975433177
5,637,5.835276152
5,638,6.12542866
5,639,6.385091212
5,640,4.019070514
5,641,6.232234285
5,642,7.1721059
5,643,8.737419327
5,644,7.607749437
5,645,5.144480614
5,646,3.152709548
5,647,7.119511599
5,648,1
5,649,4.984522644
5,650,5.428145827
5,651,4.112200687
5,652,2.239808153
5,653,5.757486211
5,654,4.597260037
5,655,7.897819878
5,656,6.753102113
5,657,6.488142971
5,658,5.463233786
5,659,4.457723325
5,660,7.198776722
5,661,7.802498565
5,662,5.171746157
5,663,6.605967673
5,664,2.858766459
5,665,4.879747634
5,666,2.784131435
5,667,1.052528078
5,668,1
5,669,3.148949525
5,670,7.222964853
5,671,3.965020043
5,672,2.867353441
5,673,9.963214533
5,674,4.652897857
5,675,2.868012706
5,676,3.459755988
5,677,4.597765563
5,678,5.130637987
5,679,4.958116494
5,680,5.332262247
5,681,1.216036997
5,682,3.084068249
5,683,4.9869314
5,684,3.44830041
5,685,2.051374804
5,686,3.265200865
5,687,5.157648678
5,688,5.254914415
5,689,4.085686082
5,690,5.362648358
5,691,6.22261552
5,692,9.890278882
5,693,6.527626812
5,694,6.841595471
5,695,7.226317405
5,696,5.649252232
5,697,2.248576618
5,698,3.926290948
5,699,5.532572834
5,700,9.344173384
5,701,4.857075497
5,702,9.005140544
5,703,1.490618484
5,704,5.360229516
5,705,6.203510079
5,706,6.499172865
5,707,9.922742512
5,708,8.343123098
5,709,2.207991697
5,710,6.083651872
5,711,4.936672482
5,712,3.095697936
5,713,3.305439102
5,714,8.403406867
5,715,8.371021457
5,716,8.87090443
5,717,4.393932708
5,718,0.9990604876
5,719,6.351979873
5,720,3.954924408
5,721,5.142594125
5,722,5.533808062
5,723,5.040584784
5,724,2.765986893
5,725,3.250682056
5,726,6.926101308
5,727,2.598956866
5,728,4.724103506
5,729,3.676186889
5,730,7.746726279
5,731,9.851021175
5,732,8.763820909
5,733,2.867353441
5,734,4.740068416
5,735,8.124018633
5,736,4.94272933
5,737,3.23170089
5,738,1.544086075
5,739,4.001936379
5,740,7.909395412
5,741,10.42256794
5,742,3.733503089
5,743,3.300756744
5,744,3.330391566
5,745,4.296197082
5,746,5.724072465
5,747,6.766001271
5,748,6.49745586
5,749,6.609234467
5,750,3.713060984
5,751,4.061328934
5,752,6.370383894
5,753,7.092715183
5,754,6.787043603
5,755,4.707486335
5,756,5.102958666
5,757,5.438880726
5,758,5.281136875
5,759,7.135181482
5,760,3.822161038
5,761,5.468144379
5,762,2.707197163
5,763,10.77819014
5,764,7.048874978
5,765,6.436309892
5,766,8.002558861
5,767,6.774544784
5,768,5.1450345
5,769,3.330391566
5,770,3.686126396
5,771,5.213327224
5,772,5.329819064
5,773,5.953991824
5,774,6.460409234
5,775,3.185928216
5,776,6.307969036
5,777,5.514993633
5,778,2.421975377
5,779,7.380589739
5,780,7.123189576
5,781,6.26209101
5,782,6.77455793
5,783,4.771456858
5,784,6.989026653
5,785,3.675792985
5,786,6.358218844
5,787,2.28001148
5,788,4.573311115
5,789,6.78178981
5,790,1.490618484
5,791,3.520745675
5,792,3.051208679
5,793,3.305439102
5,794,7.076364203
5,795,5.255062765
5,796,3.549396395
5,797,6.118541428
5,798,6.088429222
5,799,6.20484116
5,800,5.804147564
5,801,5.571197373
5,802,4.031451267
5,803,2.574790883
5,804,3.567133618
5,805,4.941001088
5,806,1.920851783
5,807,5.67750066
5,808,5.135805802
5,809,6.933196727
5,810,7.546828567
5,811,3.529008943
5,812,8.57892834
5,813,4.614914987
5,814,4.194860768
5,815,3.648393908
5,816,6.095959302
5,817,4.328013538
5,818,2.08716953
5,819,3.842696099
5,820,3.27431698
5,821,3.788687869
5,822,3.469551324
5,823,5.011775673
5,824,3.579660777
5,825,4.9235234
5,826,3.496709313
5,827,4.118515064
5,828,3.049385006
5,829,4.332954771
5,830,5.422215105
5,831,3.452606871
5,832,6.460477324
5,833,4.521382466
5,834,1.185174569
5,835,5.55629003
5,836,1.743169765
5,837,3.74504594
5,838,5.839518666
5,839,4.62267864
5,840,4.034592869
5,841,4.511787111
5,842,5.588110567
5,843,1.713042506
5,844,4.106866831
5,845,6.840453142
5,846,4.437501195
5,847,3.954924408
5,848,4.898139896
5,849,5.020346182
5,850,1.399158249
5,851,1.232263481
5,852,2.831220347
5,853,4.000588839
5,854,3.440991118
5,855,4.46305453
5,856,4.826601104
5,857,7.03481627
5,858,4.635899488
5,859,3.903179573
5,860,3.300369686
5,861,2.381223109
5,862,3.5068449
5,863,3.537707328
5,864,5.159705839
5,865,5.09597329
5,866,5.184831065
5,867,6.604259929
5,868,2.193238347
5,869,6.007234394
5,870,3.590163952
5,871,4.67139962
5,872,4.662630595
5,873,3.932586779
5,874,3.18086234
5,875,3.604648811
5,876,5.991686042
5,877,2.043067088
5,878,2.043067088
5,879,2.803258867
5,880,5.171481718
5,881,1.890724524
5,882,1.086773133
5,883,5.799080332
5,884,1.08396294
5,885,2.348285657
5,886,4.181635067
5,887,3.664620393
5,888,6.156922481
5,889,3.856952938
5,890,2.179949096
5,891,6.077398386
5,892,4.511483372
5,893,3.237140124
5,894,1.399158249
5,895,1
5,896,0.9090911145
5,897,3.079512265
5,898,3.366412267
5,899,8.603739647
5,900,5.472556139
5,901,6.570400142
5,902,3.946875501
5,903,3.99385182
5,904,4.652897857
5,905,2.428312021
5,906,2.693054049
5,907,1.345690659
5,908,3.884337499
5,909,2.671507093
5,910,4.67810479
5,911,4.054633516
5,912,1.686527902
5,913,6.91463982
5,914,5.397296333
5,915,0.9090911145
5,916,0.9090911145
5,917,2.072202203
5,918,6.204084284
5,919,1.08396294
5,920,1.890724524
5,921,3.9518147
5,922,3.787952699
5,923,5.236505858
5,924,4.525796721
5,925,3.86474544
5,926,2.925891391
5,927,1.890724524
5,928,3.268459576
5,929,1.686527902
5,930,2.27698805
5,931,4.155048012
5,932,2.62557678
5,933,1.838765087
5,934,6.262611292
5,935,3.732356916
5,936,3.253090811
5,937,5.805418472
5,938,3.79981557
5,939,2.28001148
5,940,4.186556772
5,941,6.461761045
5,942,1.052528078
5,943,1.052528078
5,944,1.052528078
5,945,2.867353441
5,946,5.179076716
5,947,4.322816996
5,948,3.068995544
5,949,1.920851783
5,950,3.371102785
5,951,4.642295633
5,952,2.069152324
5,953,1
5,954,1.185174569
5,955,2.855786945
5,956,1
5,957,1.185174569
5,958,1
5,959,2.134546223
5,960,3.358911438
5,961,2.318630898
5,962,5.614884377
5,963,0.9990604876
5,964,4.458319521
5,965,4.541853363
5,966,1.544086075
5,967,2.592396596
5,968,2.051374804
5,969,1.232263481
5,970,2.069152324
5,971,4.443513889
5,972,5.934399764
5,973,7.566784899
5,974,2.803258867
5,975,0.9090911145
5,976,3.905588328
5,977,3.945305919
5,978,2.783023422
5,979,3.825136482
5,980,4.228160643
5,981,4.036890432
5,982,4.247017533
5,983,5.629424398
5,984,3.583319289
5,985,1.393902274
5,986,1.393902274
5,987,3.17760077
5,988,2.557013363
5,989,1.393902274
5,990,1.345690659
5,991,3.184234988
5,992,3.490258604
5,993,2.421975377
5,994,2.428312021
5,995,3.883977687
5,996,3.432463723
5,997,3.977369782
5,998,1.903074263
5,999,1.08396294
5,1000,2.249884221
5,1001,9.315382892
5,1002,6.75064134
5,1003,4.458319521
5,1004,1.920851783
5,1005,2.493502723
5,1006,3.732652975
5,1007,4.461697923
5,1008,2.348285657
5,1009,4.105472396
5,1010,5.036942553
5,1011,3.363039778
5,1012,4.207576091
5,1013,2.233416687
5,1014,1.052528078
5,1015,1.052528078
5,1016,2.462067861
5,1017,3.241945092
5,1018,1.889416921
5,1019,5.017242479
5,1020,2.102329462
5,1021,0.9062809215
5,1022,0.9062809215
5,1023,4.94209926
5,1024,2.180888608
5,1025,2.944647525
5,1026,2.409275344
5,1027,2.925891391
5,1028,2.249884221
5,1029,1.086773133
5,1030,1.086773133
5,1031,1.086773133
5,1032,3.662912802
5,1033,1.920851783
5,1034,2.106780068
5,1035,2.249884221
5,1036,1.086773133
5,1037,1.086773133
5,1038,4.059117226
5,1039,3.753627359
5,1040,3.946875501
5,1041,2.072202203
5,1042,3.531461304
5,1043,2.089979723
5,1044,1.886273918
5,1045,1.743169765
5,1046,0.9062809215
5,1047,0.9062809215
5,1048,3.18086234
5,1049,2.653729573
5,1050,3.431417399
5,1051,3.685588321
5,1052,4.907540614
5,1053,1.052528078
5,1054,3.07030553
5,1055,1.399158249
5,1056,1
5,1057,2.207991697
5,1058,3.330594763
5,1059,3.44568457
5,1060,1.086773133
5,1061,2.28001148
5,1062,1.08396294
5,1063,2.913541652
5,1064,5.938696428
5,1065,0.9090911145
5,1066,0.9090911145
5,1067,1.185174569
5,1068,4.452102567
5,1069,3.856165137
5,1070,0.9090911145
5,1071,2.089979723
5,1072,0.9090911145
5,1073,2.318630898
5,1074,2.50804798
5,1075,1.886273918
5,1076,4.365539954
5,1077,2.08716953
5,1078,0.9062809215
5,1079,1.929098049
5,1080,0.9090911145
5,1081,0.9090911145
5,1082,0.9090911145
5,1083,0.9090911145
5,1084,0.9090911145
5,1085,0.9090911145
5,1086,0.9090911145
5,1087,1.886273918
5,1088,3.946875501
5,1089,0.9062809215
5,1090,0.9062809215
5,1091,1.929098049
5,1092,0.9090911145
5,1093,0.9090911145
5,1094,0.9090911145
5,1095,0.9090911145
5,1096,0.9090911145
5,1097,3.295813701
5,1098,1.743169765
5,1099,0.9062809215
5,1100,3.371102785
5,1101,3.758183343
5,1102,1.890829902
5,1103,1.890829902
5,1104,2.366063177
5,1105,1.052528078
5,1106,1.889416921
5,1107,1.399158249
5,1108,1
5,1109,1.345690659
5,1110,1.984362423
5,1111,1.393902274
5,1112,1.393902274
5,1113,1.393902274
5,1114,1.393902274
5,1115,1.393902274
5,1116,1.393902274
5,1117,1.393902274
5,1118,1.393902274
5,1119,1.984362423
5,1120,1.393902274
5,1121,2.541739199
5,1122,5.361090044
5,1123,3.228890697
5,1124,3.628048946
5,1125,3.971809121
5,1126,3.421680496
5,1127,1.232263481
5,1128,1.232263481
5,1129,2.051374804
5,1130,1.232263481
5,1131,2.641803265
5,1132,1.232263481
5,1133,3.091969452
5,1134,5.521864906
5,1135,5.71458242
5,1136,6.501244881
5,1137,1.08396294
5,1138,1.08396294
5,1139,1.08396294
5,1140,5.142882347
5,1141,4.760370517
5,1142,2.84963899
5,1143,3.469551324
5,1144,4.630954737
5,1145,1.216036997
5,1146,1.185174569
5,1147,1.052528078
5,1148,1.399158249
5,1149,2.193238347
5,1150,0.9062809215
5,1151,0.9062809215
5,1152,0.9062809215
5,1153,1.713042506
5,1154,1.345690659
5,1155,0.9990604876
5,1156,0.9990604876
5,1157,0.9990604876
5,1158,3.029187678
5,1159,1.216036997
5,1160,1
5,1161,1.345690659
5,1162,0.9990604876
5,1163,2.838544329
5,1164,1.052528078
5,1165,1.052528078
5,1166,1.052528078
5,1167,2.248576618
5,1168,1.052528078
5,1169,1.052528078
5,1170,1.052528078
5,1171,1.052528078
5,1172,1.889416921
5,1173,1.399158249
5,1174,2.193238347
5,1175,1.903074263
5,1176,1.08396294
5,1177,2.913541652
5,1178,2.180888608
5,1179,1.345690659
5,1180,1.216036997
5,1181,1.086773133
5,1182,1.086773133
5,1183,1.086773133
5,1184,2.28001148
5,1185,1.08396294
5,1186,2.106780068
5,1187,5.187354606
5,1188,5.238802021
5,1189,3.496065928
5,1190,0.9990604876
5,1191,0.9990604876
5,1192,0.9990604876
5,1193,4.644247805
5,1194,2.179949096
5,1195,1.835949331
5,1196,1.216036997
5,1197,1.185174569
5,1198,1.052528078
5,1199,1.052528078
5,1200,1.052528078
5,1201,1.052528078
5,1202,1.889416921
5,1203,1.399158249
5,1204,1
5,1205,0.9090911145
5,1206,0.9090911145
5,1207,0.9090911145
5,1208,0.9090911145
5,1209,0.9090911145
5,1210,0.9090911145
5,1211,0.9090911145
5,1212,1.185174569
5,1213,1.399158249
5,1214,1
5,1215,1.345690659
5,1216,1.216036997
5,1217,1.185174569
5,1218,1.052528078
5,1219,1.889416921
5,1220,1.399158249
5,1221,1
5,1222,2.368507787
5,1223,2.412085537
5,1224,1.905884456
5,1225,1.086773133
5,1226,2.063955936
5,1227,1.920851783
5,1228,1.08396294
5,1229,1.08396294
5,1230,1.08396294
5,1231,2.106780068
5,1232,1.08396294
5,1233,1.08396294
5,1234,1.08396294
5,1235,1.08396294
5,1236,1.08396294
5,1237,1.890724524
5,1238,1.185174569
5,1239,1.052528078
5,1240,1.052528078
5,1241,1.052528078
5,1242,1.052528078
5,1243,1.052528078
5,1244,1.052528078
5,1245,1.889416921
5,1246,1.399158249
5,1247,1
5,1248,1.185174569
5,1249,3.202417116
5,1250,1.232263481
5,1251,1.232263481
5,1252,1.232263481
5,1253,3.478692108
5,1254,1.232263481
5,1255,1.232263481
5,1256,2.888263648
5,1257,2.180888608
5,1258,1.216036997
5,1259,1.185174569
5,1260,1
5,1261,1.345690659
5,1262,1.216036997
5,1263,1
5,1264,1
5,1265,2.022817128
5,1266,2.381223109
5,1267,1
5,1268,1.393902274
5,1269,1.393902274
5,1270,1.393902274
5,1271,1.393902274
5,1272,2.574790883
5,1273,1.393902274
5,1274,1.984362423
5,1275,1.393902274
5,1276,1.393902274
5,1277,2.526579267
5,1278,0.9990604876
5,1279,0.9990604876
5,1280,0.9990604876
5,1281,0.9990604876
5,1282,0.9990604876
5,1283,0.9990604876
5,1284,0.9990604876
5,1285,0.9990604876
5,1286,1.835949331
5,1287,1.216036997
5,1288,1.185174569
5,1289,1.399158249
5,1290,1
5,1291,1.185174569
5,1292,1.399158249
5,1293,1
5,1294,1.185174569
5,1295,1
5,1296,1.185174569
5,1297,1.399158249
5,1298,1
5,1299,1.185174569
5,1300,3.649347936
5,1301,1.838765087
5,1302,1.838765087
5,1303,1.838765087
5,1304,1.838765087
5,1305,1.838765087
5,1306,3.032003434
5,1307,4.024693304
5,1308,1.838765087
5,1309,2.429225236
5,1310,2.862178411
5,1311,2.043067088
5,1312,2.043067088
5,1313,2.043067088
5,1314,2.043067088
5,1315,2.043067088
5,1316,1
5,1317,2.207991697
5,1318,2.595206789
5,1319,2.693054049
5,1320,0.9090911145
5,1321,2.089979723
5,1322,0.9090911145
5,1323,0.9090911145
5,1324,0.9090911145
5,1325,0.9090911145
5,1326,2.089979723
5,1327,0.9090911145
5,1328,0.9090911145
5,1329,0.9090911145
5,1330,0.9090911145
5,1331,0.9090911145
5,1332,0.9090911145
5,1333,0.9090911145
5,1334,0.9090911145
5,1335,0.9090911145
5,1336,0.9090911145
5,1337,0.9090911145
5,1338,0.9090911145
5,1339,0.9090911145
5,1340,0.9090911145
5,1341,0.9090911145
5,1342,0.9090911145
5,1343,0.9090911145
5,1344,0.9090911145
5,1345,0.9090911145
5,1346,0.9090911145
5,1347,0.9090911145
5,1348,0.9090911145
5,1349,0.9090911145
5,1350,0.9090911145
5,1351,0.9090911145
5,1352,0.9090911145
5,1353,0.9090911145
5,1354,0.9090911145
5,1355,0.9090911145
5,1356,0.9090911145
5,1357,0.9090911145
5,1358,0.9090911145
5,1359,0.9090911145
5,1360,0.9090911145
5,1361,0.9090911145
5,1362,0.9090911145
5,1363,0.9090911145
5,1364,0.9090911145
5,1365,0.9090911145
5,1366,0.9090911145
5,1367,0.9090911145
5,1368,0.9090911145
5,1369,0.9090911145
5,1370,0.9090911145
5,1371,0.9090911145
5,1372,0.9090911145
5,1373,0.9090911145
5,1374,0.9090911145
5,1375,0.9090911145
5,1376,0.9090911145
5,1377,0.9090911145
5,1378,0.9090911145
5,1379,0.9090911145
5,1380,0.9090911145
5,1381,0.9090911145
5,1382,0.9090911145
5,1383,0.9090911145
5,1384,0.9090911145
5,1385,0.9090911145
5,1386,0.9090911145
5,1387,0.9090911145
5,1388,0.9090911145
5,1389,0.9090911145
5,1390,0.9090911145
5,1391,0.9090911145
5,1392,0.9090911145
5,1393,0.9090911145
5,1394,0.9090911145
5,1395,0.9090911145
5,1396,0.9090911145
5,1397,1.345690659
5,1398,1.216036997
5,1399,1.185174569
5,1400,1
5,1401,1.216036997
5,1402,1
5,1403,2.238854125
5,1404,2.19604854
5,1405,1.905884456
5,1406,1.086773133
5,1407,1.086773133
5,1408,1.086773133
5,1409,1.086773133
5,1410,1.086773133
5,1411,1.086773133
5,1412,1.086773133
5,1413,1.086773133
5,1414,1.086773133
5,1415,1.086773133
5,1416,1.086773133
5,1417,1.086773133
5,1418,1.086773133
5,1419,1.086773133
5,1420,1.086773133
5,1421,1.086773133
5,1422,1.086773133
5,1423,1.086773133
5,1424,1.086773133
5,1425,1.086773133
5,1426,1.086773133
5,1427,1.086773133
5,1428,1.086773133
5,1429,1.086773133
5,1430,1.086773133
5,1431,2.496312916
5,1432,1.086773133
5,1433,1.086773133
5,1434,1.086773133
5,1435,1.086773133
5,1436,1.086773133
5,1437,1.086773133
5,1438,1.086773133
5,1439,1.086773133
5,1440,1.086773133
5,1441,1.086773133
5,1442,1.086773133
5,1443,1.086773133
5,1444,1.086773133
5,1445,1.905884456
5,1446,1.086773133
5,1447,1.086773133
5,1448,1.086773133
5,1449,1.086773133
5,1450,1.086773133
5,1451,1.086773133
5,1452,1.086773133
5,1453,1.086773133
5,1454,1.086773133
5,1455,1.086773133
5,1456,1.086773133
5,1457,1.086773133
5,1458,1.086773133
5,1459,1.086773133
5,1460,1.086773133
5,1461,1.086773133
5,1462,1.086773133
5,1463,1.086773133
5,1464,1.086773133
5,1465,1.086773133
5,1466,1.086773133
5,1467,1.086773133
5,1468,1.086773133
5,1469,1.086773133
5,1470,1.086773133
5,1471,1.086773133
5,1472,1.086773133
5,1473,1.086773133
5,1474,1.086773133
5,1475,1.086773133
5,1476,1.086773133
5,1477,1.086773133
5,1478,1.086773133
5,1479,1.086773133
5,1480,1.086773133
5,1481,1.086773133
5,1482,1.086773133
5,1483,1.905884456
5,1484,1.086773133
5,1485,1.086773133
5,1486,1.086773133
5,1487,1.086773133
5,1488,1.086773133
5,1489,1.086773133
5,1490,1.086773133
5,1491,1.086773133
5,1492,1.086773133
5,1493,1.086773133
5,1494,1.086773133
5,1495,1.086773133
5,1496,1.086773133
5,1497,1.086773133
5,1498,1.086773133
5,1499,1.086773133
5,1500,1.086773133
5,1501,1.086773133
5,1502,1.086773133
5,1503,1.086773133
5,1504,1.086773133
5,1505,1.086773133
5,1506,1.086773133
5,1507,1.086773133
5,1508,1.086773133
5,1509,1.086773133
5,1510,1.086773133
5,1511,1.086773133
5,1512,1.086773133
5,1513,1.086773133
5,1514,1.086773133
5,1515,1.086773133
5,1516,1.086773133
5,1517,1.086773133
5,1518,1.086773133
5,1519,1.086773133
5,1520,1.086773133
5,1521,1.086773133
5,1522,1.086773133
5,1523,1.086773133
5,1524,1.086773133
5,1525,1.086773133
5,1526,1.086773133
5,1527,1.086773133
5,1528,1.086773133
5,1529,1.086773133
5,1530,1.086773133
5,1531,1.086773133
5,1532,1.086773133
5,1533,1.086773133
5,1534,1.086773133
5,1535,1.086773133
5,1536,1.086773133
5,1537,1.086773133
5,1538,1.086773133
5,1539,1.086773133
5,1540,1.086773133
5,1541,1.086773133
5,1542,1.086773133
5,1543,1.086773133
5,1544,1.086773133
5,1545,1.086773133
5,1546,1.086773133
5,1547,1.086773133
5,1548,1.086773133
5,1549,1.086773133
5,1550,1.086773133
5,1551,1.086773133
5,1552,1.086773133
5,1553,1.086773133
5,1554,1.086773133
5,1555,1.086773133
5,1556,1.086773133
5,1557,1.086773133
5,1558,1.086773133
5,1559,1.086773133
5,1560,1.086773133
5,1561,1.086773133
5,1562,1.086773133
5,1563,1.086773133
5,1564,1.086773133
5,1565,1.086773133
5,1566,1.086773133
5,1567,1.086773133
5,1568,1.086773133
5,1569,1.086773133
5,1570,1.086773133
5,1571,1.086773133
5,1572,1.086773133
5,1573,1.086773133
5,1574,1.086773133
5,1575,1.086773133
5,1576,1.086773133
5,1577,1.086773133
5,1578,1.086773133
5,1579,1.086773133
5,1580,1.086773133
5,1581,1.086773133
5,1582,1.086773133
5,1583,1.086773133
5,1584,1.086773133
5,1585,1.086773133
5,1586,1.086773133
5,1587,1.086773133
5,1588,1.086773133
5,1589,1.086773133
5,1590,1.086773133
5,1591,1.086773133
5,1592,1.086773133
5,1593,1.086773133
5,1594,1.086773133
5,1595,1.086773133
5,1596,1.086773133
5,1597,1.086773133
5,1598,1.086773133
5,1599,1.086773133
5,1600,1.086773133
5,1601,1.086773133
5,1602,1.086773133
5,1603,1.086773133
5,1604,1.086773133
5,1605,1.086773133
5,1606,1.086773133
5,1607,1.086773133
5,1608,1.086773133
5,1609,1.086773133
5,1610,1.086773133
5,1611,1.905884456
5,1612,1.086773133
5,1613,1.086773133
5,1614,1.086773133
5,1615,1.086773133
5,1616,1.086773133
5,1617,1.086773133
5,1618,1.086773133
5,1619,1.086773133
5,1620,1.086773133
5,1621,1.086773133
5,1622,1.086773133
5,1623,1.086773133
5,1624,1.086773133
5,1625,1.086773133
5,1626,1.086773133
5,1627,1.086773133
5,1628,1.086773133
5,1629,1.086773133
5,1630,1.086773133
5,1631,1.905884456
5,1632,1.086773133
5,1633,1.086773133
5,1634,1.086773133
5,1635,1.086773133
5,1636,1.086773133
5,1637,1.086773133
5,1638,1.086773133
5,1639,1.086773133
5,1640,1.086773133
5,1641,1.086773133
5,1642,1.086773133
5,1643,1.086773133
5,1644,1.086773133
5,1645,1.086773133
5,1646,1.086773133
5,1647,1.086773133
5,1648,1.086773133
5,1649,1.086773133
5,1650,1.086773133
5,1651,1.086773133
5,1652,1.086773133
5,1653,1.086773133
5,1654,1.086773133
5,1655,1.086773133
5,1656,1.086773133
5,1657,1.086773133
5,1658,1.086773133
5,1659,1.086773133
5,1660,1.086773133
5,1661,1.086773133
5,1662,1.086773133
5,1663,1.086773133
5,1664,1.086773133
5,1665,1.086773133
5,1666,1.086773133
5,1667,1.086773133
5,1668,1.086773133
5,1669,1.086773133
5,1670,1.086773133
5,1671,1.086773133
5,1672,1.086773133
5,1673,1.086773133
5,1674,1.086773133
5,1675,1.086773133
5,1676,2.063955936
5,1677,1.920851783
5,1678,1.08396294
5,1679,1.08396294
5,1680,1.08396294
5,1681,1.08396294
5,1682,1.08396294
5,1683,1.08396294
5,1684,1.08396294
5,1685,1.08396294
5,1686,1.08396294
5,1687,1.08396294
5,1688,1.08396294
5,1689,1.08396294
5,1690,1.08396294
5,1691,1.08396294
5,1692,1.08396294
5,1693,1.08396294
5,1694,1.08396294
5,1695,1.08396294
5,1696,1.08396294
5,1697,1.08396294
5,1698,1.08396294
5,1699,1.08396294
5,1700,1.08396294
5,1701,1.08396294
5,1702,1.08396294
5,1703,1.08396294
5,1704,1.08396294
5,1705,1.08396294
5,1706,1.08396294
5,1707,1.08396294
5,1708,1.08396294
5,1709,1.08396294
5,1710,1.08396294
5,1711,1.08396294
5,1712,1.08396294
5,1713,1.08396294
5,1714,1.08396294
5,1715,1.08396294
5,1716,1.08396294
5,1717,1.08396294
5,1718,1.08396294
5,1719,1.08396294
5,1720,1.08396294
5,1721,1.08396294
5,1722,1.08396294
5,1723,1.08396294
5,1724,1.08396294
5,1725,1.08396294
5,1726,1.08396294
5,1727,1.08396294
5,1728,1.08396294
5,1729,1.08396294
5,1730,1.08396294
5,1731,1.08396294
5,1732,1.08396294
5,1733,1.08396294
5,1734,1.08396294
5,1735,1.08396294
5,1736,1.08396294
5,1737,1.08396294
5,1738,1.08396294
5,1739,1.08396294
5,1740,1.08396294
5,1741,1.08396294
5,1742,1.08396294
5,1743,1.08396294
5,1744,1.08396294
5,1745,1.08396294
5,1746,1.08396294
5,1747,1.08396294
5,1748,1.08396294
5,1749,1.08396294
5,1750,1.08396294
5,1751,1.08396294
5,1752,1.08396294
5,1753,1.08396294
5,1754,1.08396294
5,1755,1.08396294
5,1756,1.08396294
5,1757,1.08396294
5,1758,1.08396294
5,1759,1.08396294
5,1760,1.08396294
5,1761,1.08396294
5,1762,1.08396294
5,1763,1.08396294
5,1764,1.08396294
5,1765,1.08396294
5,1766,1.08396294
5,1767,1.08396294
5,1768,1.08396294
5,1769,1.08396294
5,1770,1.08396294
5,1771,1.08396294
5,1772,1.08396294
5,1773,1.08396294
5,1774,1.08396294
5,1775,1.08396294
5,1776,1.08396294
5,1777,1.08396294
5,1778,1.08396294
5,1779,1.08396294
5,1780,1.08396294
5,1781,1.08396294
5,1782,1.08396294
5,1783,1.08396294
5,1784,1.08396294
5,1785,1.08396294
5,1786,1.08396294
5,1787,1.08396294
5,1788,1.08396294
5,1789,1.08396294
5,1790,1.08396294
5,1791,1.08396294
5,1792,1.08396294
5,1793,1.08396294
5,1794,1.08396294
5,1795,1.08396294
5,1796,1.08396294
5,1797,1.08396294
5,1798,1.08396294
5,1799,1.08396294
5,1800,1.08396294
5,1801,1.08396294
5,1802,1.08396294
5,1803,1.08396294
5,1804,1.08396294
5,1805,1.08396294
5,1806,1.08396294
5,1807,1.08396294
5,1808,1.08396294
5,1809,1.08396294
5,1810,1.08396294
5,1811,1.08396294
5,1812,1.08396294
5,1813,1.08396294
5,1814,1.08396294
5,1815,1.08396294
5,1816,1.08396294
5,1817,1.08396294
5,1818,1.08396294
5,1819,1.08396294
5,1820,1.08396294
5,1821,1.08396294
5,1822,1.08396294
5,1823,1.08396294
5,1824,1.08396294
5,1825,1.08396294
5,1826,1.08396294
5,1827,1.08396294
5,1828,1.08396294
5,1829,1.08396294
5,1830,1.08396294
5,1831,1.08396294
5,1832,1.08396294
5,1833,1.08396294
5,1834,1.08396294
5,1835,1.08396294
5,1836,1.08396294
5,1837,1.08396294
5,1838,1.08396294
5,1839,1.08396294
5,1840,1.08396294
5,1841,1.08396294
5,1842,1.08396294
5,1843,1.08396294
5,1844,1.08396294
5,1845,1.08396294
5,1846,1.08396294
5,1847,1.08396294
5,1848,1.08396294
5,1849,1.08396294
5,1850,1.08396294
5,1851,1.08396294
5,1852,1.08396294
5,1853,1.08396294
5,1854,1.08396294
5,1855,1.08396294
5,1856,1.08396294
5,1857,1.08396294
5,1858,1.08396294
5,1859,1.08396294
5,1860,1.08396294
5,1861,1.08396294
5,1862,1.08396294
5,1863,1.08396294
5,1864,1.08396294
5,1865,1.08396294
5,1866,1.08396294
5,1867,1.08396294
5,1868,1.08396294
5,1869,1.08396294
5,1870,1.08396294
5,1871,1.08396294
5,1872,1.08396294
5,1873,1.08396294
5,1874,1.08396294
5,1875,1.08396294
5,1876,1.08396294
5,1877,1.08396294
5,1878,1.08396294
5,1879,1.08396294
5,1880,1.08396294
5,1881,1.08396294
5,1882,1.08396294
5,1883,1.08396294
5,1884,1.08396294
5,1885,1.08396294
5,1886,1.08396294
5,1887,1.08396294
5,1888,1.08396294
5,1889,1.08396294
5,1890,1.08396294
5,1891,1.08396294
5,1892,1.08396294
5,1893,1.08396294
5,1894,1.08396294
5,1895,1.08396294
5,1896,1.08396294
5,1897,1.08396294
5,1898,1.08396294
5,1899,1.08396294
5,1900,1.08396294
5,1901,1.08396294
5,1902,1.08396294
5,1903,1.08396294
5,1904,1.08396294
5,1905,1.08396294
5,1906,1.08396294
5,1907,1.08396294
5,1908,1.08396294
5,1909,1.08396294
5,1910,1.08396294
5,1911,1.08396294
5,1912,1.08396294
5,1913,1.08396294
5,1914,1.08396294
5,1915,1.08396294
5,1916,1.08396294
5,1917,1.08396294
5,1918,1.08396294
5,1919,1.08396294
5,1920,1.08396294
5,1921,1.08396294
5,1922,1.08396294
5,1923,1.08396294
5,1924,1.08396294
5,1925,1.08396294
5,1926,1.08396294
5,1927,1.08396294
5,1928,1.08396294
5,1929,1.08396294
5,1930,1.08396294
5,1931,1.08396294
5,1932,1.08396294
5,1933,1.08396294
5,1934,1.08396294
5,1935,1.08396294
5,1936,1.08396294
5,1937,1.08396294
5,1938,1.08396294
5,1939,1.08396294
5,1940,1.08396294
5,1941,1.08396294
5,1942,1.08396294
5,1943,1.08396294
5,1944,1.08396294
5,1945,1.08396294
5,1946,1.08396294
5,1947,1.08396294
5,1948,1.08396294
5,1949,1.08396294
5,1950,1.08396294
5,1951,1.08396294
5,1952,1.08396294
5,1953,1.08396294
5,1954,1.08396294
5,1955,1.08396294
5,1956,1.08396294
5,1957,1.08396294
5,1958,1.08396294
5,1959,1.08396294
5,1960,1.08396294
5,1961,1.08396294
5,1962,1.08396294
5,1963,1.08396294
5,1964,1.08396294
5,1965,1.08396294
5,1966,1.08396294
5,1967,1.08396294
5,1968,1.08396294
5,1969,1.08396294
5,1970,1.08396294
5,1971,1.08396294
5,1972,1.08396294
5,1973,1.08396294
5,1974,1.08396294
5,1975,1.08396294
5,1976,1.08396294
5,1977,1.08396294
5,1978,1.08396294
5,1979,1.08396294
5,1980,1.08396294
5,1981,1.08396294
5,1982,1.08396294
5,1983,1.08396294
5,1984,1.08396294
5,1985,1.08396294
5,1986,1.08396294
5,1987,1.08396294
5,1988,1.08396294
5,1989,1.08396294
5,1990,1.08396294
5,1991,1.08396294
5,1992,1.08396294
5,1993,1.08396294
5,1994,1.08396294
5,1995,1.08396294
5,1996,1.08396294
5,1997,1.08396294
5,1998,1.08396294
5,1999,1.08396294
5,2000,1.08396294
5,2001,1.08396294
5,2002,1.08396294
5,2003,1.08396294
5,2004,1.08396294
5,2005,1.08396294
5,2006,1.08396294
5,2007,1.08396294
5,2008,1.08396294
5,2009,1.08396294
5,2010,1.08396294
5,2011,1.08396294
5,2012,1.08396294
5,2013,1.08396294
5,2014,1.08396294
5,2015,1.08396294
5,2016,1.08396294
5,2017,1.08396294
5,2018,1.08396294
5,2019,1.08396294
5,2020,1.08396294
5,2021,1.08396294
5,2022,1.08396294
5,2023,1.08396294
5,2024,1.08396294
5,2025,1.08396294
5,2026,1.08396294
5,2027,1.08396294
5,2028,1.08396294
5,2029,1.08396294
5,2030,1.08396294
5,2031,1.08396294
5,2032,1.08396294
5,2033,1.08396294
5,2034,1.08396294
5,2035,1.08396294
5,2036,1.08396294
5,2037,1.08396294
5,2038,1.08396294
5,2039,1.08396294
5,2040,1.08396294
5,2041,1.08396294
5,2042,1.08396294
5,2043,1.08396294
5,2044,1.08396294
5,2045,1.08396294
5,2046,1.08396294
5,2047,1.08396294
5,2048,1.08396294
5,2049,1.08396294
5,2050,1.08396294
5,2051,1.08396294
5,2052,1.08396294
5,2053,1.08396294
5,2054,1.08396294
5,2055,1.08396294
5,2056,1.08396294
5,2057,1.08396294
5,2058,1.08396294
5,2059,1.08396294
5,2060,1.08396294
5,2061,1.08396294
5,2062,1.08396294
5,2063,1.08396294
5,2064,1.08396294
5,2065,1.08396294
5,2066,1.08396294
5,2067,1.08396294
5,2068,1.08396294
5,2069,1.08396294
5,2070,1.08396294
5,2071,1.08396294
5,2072,1.08396294
5,2073,1.08396294
5,2074,1.08396294
5,2075,1.08396294
5,2076,1.08396294
5,2077,1.08396294
5,2078,1.08396294
5,2079,1.08396294
5,2080,1.08396294
5,2081,1.08396294
5,2082,1.08396294
5,2083,1.08396294
5,2084,1.08396294
5,2085,1.08396294
5,2086,1.08396294
5,2087,1.08396294
5,2088,1.08396294
5,2089,1.08396294
5,2090,1.08396294
5,2091,1.08396294
5,2092,1.08396294
5,2093,1.08396294
5,2094,1.08396294
5,2095,1.08396294
5,2096,1.08396294
5,2097,1.08396294
5,2098,1.08396294
5,2099,1.08396294
5,2100,1.08396294
5,2101,1.08396294
5,2102,1.08396294
5,2103,1.08396294
5,2104,1.08396294
5,2105,1.08396294
5,2106,1.08396294
5,2107,1.08396294
5,2108,1.08396294
5,2109,1.08396294
5,2110,1.08396294
5,2111,1.08396294
5,2112,1.08396294
5,2113,1.08396294
5,2114,1.08396294
5,2115,1.08396294
5,2116,1.08396294
5,2117,1.08396294
5,2118,1.08396294
5,2119,1.08396294
5,2120,1.08396294
5,2121,1.08396294
5,2122,1.08396294
5,2123,1.08396294
5,2124,1.08396294
5,2125,1.08396294
5,2126,1.08396294
5,2127,1.08396294
5,2128,1.08396294
5,2129,1.08396294
5,2130,1.08396294
5,2131,1.08396294
5,2132,1.08396294
5,2133,1.08396294
5,2134,1.08396294
5,2135,1.08396294
5,2136,1.08396294
5,2137,1.08396294
5,2138,1.08396294
5,2139,1.08396294
5,2140,1.08396294
5,2141,1.08396294
5,2142,1.08396294
5,2143,1.08396294
5,2144,1.08396294
5,2145,1.08396294
5,2146,1.08396294
5,2147,1.08396294
5,2148,1.08396294
5,2149,1.08396294
5,2150,1.08396294
5,2151,1.08396294
5,2152,1.08396294
5,2153,1.08396294
5,2154,1.08396294
5,2155,1.08396294
5,2156,1.08396294
5,2157,1.08396294
5,2158,1.08396294
5,2159,1.08396294
5,2160,1.08396294
5,2161,1.08396294
5,2162,1.08396294
5,2163,1.08396294
5,2164,1.08396294
5,2165,1.08396294
5,2166,1.08396294
5,2167,1.08396294
5,2168,1.08396294
5,2169,1.08396294
5,2170,1.08396294
5,2171,1.08396294
5,2172,1.08396294
5,2173,1.08396294
5,2174,1.08396294
5,2175,1.08396294
5,2176,1.08396294
5,2177,1.08396294
5,2178,1.08396294
5,2179,1.08396294
5,2180,1.08396294
5,2181,1.08396294
5,2182,1.08396294
5,2183,1.08396294
5,2184,1.08396294
5,2185,1.08396294
5,2186,1.08396294
5,2187,1.08396294
5,2188,1.08396294
5,2189,1.08396294
5,2190,1.08396294
5,2191,1.08396294
5,2192,1.08396294
5,2193,1.08396294
5,2194,1.08396294
5,2195,1.08396294
5,2196,1.08396294
5,2197,1.08396294
5,2198,1.08396294
5,2199,1.08396294
5,2200,1.08396294
5,2201,1.08396294
5,2202,1.08396294
5,2203,1.08396294
5,2204,1.08396294
5,2205,1.08396294
5,2206,1.08396294
5,2207,1.08396294
5,2208,1.08396294
5,2209,1.08396294
5,2210,1.08396294
5,2211,1.08396294
5,2212,1.08396294
5,2213,1.08396294
5,2214,1.08396294
5,2215,1.08396294
5,2216,1.08396294
5,2217,1.08396294
5,2218,1.08396294
5,2219,1.08396294
5,2220,1.08396294
5,2221,1.08396294
5,2222,1.08396294
5,2223,1.08396294
5,2224,1.08396294
5,2225,1.08396294
5,2226,1.08396294
5,2227,1.08396294
5,2228,1.08396294
5,2229,1.08396294
5,2230,1.08396294
5,2231,1.08396294
5,2232,1.08396294
5,2233,1.08396294
5,2234,1.08396294
5,2235,1.08396294
5,2236,1.08396294
5,2237,1.08396294
5,2238,1.08396294
5,2239,1.08396294
5,2240,1.08396294
5,2241,1.08396294
5,2242,1.08396294
5,2243,1.08396294
5,2244,1.08396294
5,2245,1.08396294
5,2246,1.08396294
5,2247,1.08396294
5,2248,1.08396294
5,2249,1.08396294
5,2250,1.08396294
5,2251,1.08396294
5,2252,1.08396294
5,2253,1.08396294
5,2254,1.08396294
5,2255,1.08396294
5,2256,1.08396294
5,2257,1.08396294
5,2258,1.08396294
5,2259,1.08396294
5,2260,1.08396294
5,2261,1.08396294
5,2262,1.08396294
5,2263,1.08396294
5,2264,1.08396294
5,2265,1.08396294
5,2266,1.08396294
5,2267,1.08396294
5,2268,1.08396294
5,2269,1.08396294
5,2270,1.08396294
5,2271,1.08396294
5,2272,1.08396294
5,2273,1.08396294
5,2274,1.08396294
5,2275,1.08396294
5,2276,1.08396294
5,2277,1.08396294
5,2278,1.08396294
5,2279,1.08396294
5,2280,1.08396294
5,2281,1.08396294
5,2282,1.08396294
5,2283,1.08396294
5,2284,1.08396294
5,2285,1.08396294
5,2286,1.08396294
5,2287,1.08396294
5,2288,1.08396294
5,2289,1.08396294
5,2290,1.08396294
5,2291,1.08396294
5,2292,1.08396294
5,2293,1.08396294
5,2294,1.08396294
5,2295,1.08396294
5,2296,1.08396294
5,2297,1.08396294
5,2298,1.08396294
5,2299,1.08396294
5,2300,1.08396294
5,2301,1.08396294
5,2302,1.08396294
5,2303,1.08396294
5,2304,1.08396294
5,2305,1.08396294
5,2306,1.08396294
5,2307,1.08396294
5,2308,1.08396294
5,2309,1.08396294
5,2310,1.08396294
5,2311,1.08396294
5,2312,1.08396294
5,2313,1.08396294
5,2314,1.08396294
5,2315,1.08396294
5,2316,1.08396294
5,2317,1.08396294
5,2318,1.08396294
5,2319,1.08396294
5,2320,1.08396294
5,2321,1.08396294
5,2322,1.08396294
5,2323,1.08396294
5,2324,1.08396294
5,2325,1.08396294
5,2326,1.08396294
5,2327,1.08396294
5,2328,1.08396294
5,2329,1.08396294
5,2330,1.08396294
5,2331,1.08396294
5,2332,1.08396294
5,2333,1.08396294
5,2334,1.08396294
5,2335,1.08396294
5,2336,1.08396294
5,2337,1.08396294
5,2338,1.08396294
5,2339,1.08396294
5,2340,1.08396294
5,2341,1.08396294
5,2342,1.08396294
5,2343,1.08396294
5,2344,1.08396294
5,2345,1.08396294
5,2346,1.08396294
5,2347,1.08396294
5,2348,1.08396294
5,2349,1.08396294
5,2350,1.08396294
5,2351,1.08396294
5,2352,1.08396294
5,2353,1.08396294
5,2354,1.08396294
5,2355,1.08396294
5,2356,1.08396294
5,2357,1.08396294
5,2358,1.08396294
5,2359,1.08396294
5,2360,1.08396294
5,2361,1.08396294
5,2362,1.08396294
5,2363,1.08396294
5,2364,1.08396294
5,2365,1.08396294
5,2366,1.08396294
5,2367,1.08396294
5,2368,1.08396294
5,2369,1.08396294
5,2370,1.08396294
5,2371,1.08396294
5,2372,1.08396294
5,2373,1.08396294
5,2374,1.08396294
5,2375,1.08396294
5,2376,1.08396294
5,2377,1.08396294
5,2378,1.08396294
5,2379,1.08396294
5,2380,1.08396294
5,2381,1.08396294
5,2382,1.08396294
5,2383,1.08396294
5,2384,1.08396294
5,2385,1.08396294
5,2386,1.08396294
5,2387,1.08396294
5,2388,1.08396294
5,2389,1.08396294
5,2390,1.08396294
5,2391,1.08396294
5,2392,1.08396294
5,2393,1.08396294
5,2394,1.08396294
5,2395,1.08396294
5,2396,1.08396294
5,2397,1.08396294
5,2398,1.08396294
5,2399,1.08396294
5,2400,1.08396294
5,2401,1.08396294
5,2402,1.08396294
5,2403,1.08396294
5,2404,1.08396294
5,2405,1.08396294
5,2406,1.08396294
5,2407,1.08396294
5,2408,1.08396294
5,2409,1.08396294
5,2410,1.08396294
5,2411,1.08396294
5,2412,1.08396294
5,2413,1.08396294
5,2414,1.08396294
5,2415,1.08396294
5,2416,1.08396294
5,2417,1.08396294
5,2418,1.08396294
5,2419,1.08396294
5,2420,1.08396294
5,2421,1.08396294
5,2422,1.08396294
5,2423,1.08396294
5,2424,1.08396294
5,2425,1.08396294
5,2426,1.08396294
5,2427,1.08396294
5,2428,1.08396294
5,2429,1.08396294
5,2430,1.08396294
5,2431,1.08396294
5,2432,1.08396294
5,2433,1.08396294
5,2434,1.08396294
5,2435,1.08396294
5,2436,1.08396294
5,2437,1.08396294
5,2438,1.08396294
5,2439,1.08396294
5,2440,1.08396294
5,2441,1.08396294
5,2442,1.08396294
5,2443,1.08396294
5,2444,1.08396294
5,2445,1.08396294
5,2446,1.08396294
5,2447,1.08396294
5,2448,1.08396294
5,2449,1.08396294
5,2450,1.08396294
5,2451,1.08396294
5,2452,1.08396294
5,2453,1.08396294
5,2454,1.08396294
5,2455,1.08396294
5,2456,1.08396294
5,2457,1.08396294
5,2458,1.08396294
5,2459,1.08396294
5,2460,1.08396294
5,2461,1.08396294
5,2462,1.08396294
5,2463,1.08396294
5,2464,1.08396294
5,2465,1.08396294
5,2466,1.08396294
5,2467,1.08396294
5,2468,1.08396294
5,2469,1.08396294
5,2470,1.08396294
5,2471,1.08396294
5,2472,1.08396294
5,2473,1.08396294
5,2474,1.08396294
5,2475,1.08396294
5,2476,1.08396294
5,2477,1.08396294
5,2478,1.08396294
5,2479,1.08396294
5,2480,1.08396294
5,2481,1.08396294
5,2482,1.08396294
5,2483,1.08396294
5,2484,1.08396294
5,2485,1.08396294
5,2486,1.08396294
5,2487,1.08396294
5,2488,1.08396294
5,2489,1.08396294
5,2490,1.08396294
5,2491,1.08396294
5,2492,1.08396294
5,2493,1.08396294
5,2494,1.08396294
5,2495,1.08396294
5,2496,1.08396294
5,2497,1.08396294
5,2498,1.08396294
5,2499,1.08396294
5,2500,1.08396294
5,2501,1.08396294
5,2502,1.08396294
5,2503,1.08396294
5,2504,1.08396294
5,2505,1.08396294
5,2506,1.08396294
5,2507,1.08396294
5,2508,1.08396294
5,2509,1.08396294
5,2510,1.08396294
5,2511,1.08396294
5,2512,1.08396294
5,2513,1.08396294
5,2514,1.08396294
5,2515,1.08396294
5,2516,1.08396294
5,2517,1.08396294
5,2518,1.08396294
5,2519,1.08396294
5,2520,1.08396294
5,2521,1.08396294
5,2522,1.08396294
5,2523,1.08396294
5,2524,1.08396294
5,2525,1.08396294
5,2526,1.08396294
5,2527,1.08396294
5,2528,1.08396294
5,2529,1.08396294
5,2530,1.08396294
5,2531,1.08396294
5,2532,1.08396294
5,2533,1.08396294
5,2534,1.08396294
5,2535,1.08396294
5,2536,1.08396294
5,2537,1.08396294
5,2538,1.08396294
5,2539,1.08396294
5,2540,1.08396294
5,2541,1.08396294
5,2542,1.08396294
5,2543,1.08396294
5,2544,1.08396294
5,2545,1.08396294
5,2546,1.08396294
5,2547,1.08396294
5,2548,1.08396294
5,2549,1.08396294
5,2550,1.08396294
5,2551,1.08396294
5,2552,1.08396294
5,2553,1.08396294
5,2554,1.08396294
5,2555,1.08396294
5,2556,1.08396294
5,2557,1.08396294
5,2558,1.08396294
5,2559,1.08396294
5,2560,1.08396294
5,2561,1.08396294
5,2562,1.08396294
5,2563,1.08396294
5,2564,1.08396294
5,2565,1.08396294
5,2566,1.08396294
5,2567,1.08396294
5,2568,1.08396294
5,2569,1.08396294
5,2570,1.08396294
5,2571,1.08396294
5,2572,1.08396294
5,2573,1.08396294
5,2574,1.08396294
5,2575,1.08396294
5,2576,1.08396294
5,2577,1.08396294
5,2578,1.08396294
5,2579,1.08396294
5,2580,1.08396294
5,2581,1.08396294
5,2582,1.08396294
5,2583,1.08396294
5,2584,1.08396294
5,2585,1.08396294
5,2586,1.08396294
5,2587,1.08396294
5,2588,1.08396294
5,2589,1.08396294
5,2590,1.08396294
5,2591,1.08396294
5,2592,1.08396294
5,2593,1.08396294
5,2594,1.08396294
5,2595,1.08396294
5,2596,1.08396294
5,2597,1.08396294
5,2598,1.08396294
5,2599,1.08396294
5,2600,1.08396294
5,2601,1.08396294
5,2602,1.08396294
5,2603,1.08396294
5,2604,1.08396294
5,2605,1.08396294
5,2606,1.08396294
5,2607,1.08396294
5,2608,1.08396294
5,2609,1.08396294
5,2610,1.08396294
5,2611,1.08396294
5,2612,1.08396294
5,2613,1.08396294
5,2614,1.08396294
5,2615,1.08396294
5,2616,1.08396294
5,2617,1.08396294
5,2618,1.08396294
5,2619,1.08396294
5,2620,1.08396294
5,2621,1.08396294
5,2622,1.08396294
5,2623,1.08396294
5,2624,1.08396294
5,2625,1.08396294
5,2626,1.08396294
5,2627,1.08396294
5,2628,1.08396294
5,2629,1.08396294
5,2630,1.08396294
5,2631,1.08396294
5,2632,1.08396294
5,2633,1.08396294
5,2634,1.08396294
5,2635,1.08396294
5,2636,1.08396294
5,2637,1.08396294
5,2638,1.08396294
5,2639,1.08396294
5,2640,1.08396294
5,2641,1.08396294
5,2642,1.08396294
5,2643,1.08396294
5,2644,1.08396294
5,2645,1.08396294
5,2646,1.08396294
5,2647,1.08396294
5,2648,1.08396294
5,2649,1.08396294
5,2650,1.08396294
5,2651,1.08396294
5,2652,1.08396294
5,2653,1.08396294
5,2654,1.08396294
5,2655,1.08396294
5,2656,1.08396294
5,2657,1.08396294
5,2658,1.08396294
5,2659,1.08396294
5,2660,1.08396294
5,2661,1.08396294
5,2662,1.08396294
5,2663,1.08396294
5,2664,1.08396294
5,2665,1.08396294
5,2666,1.08396294
5,2667,1.08396294
5,2668,1.08396294
5,2669,1.08396294
5,2670,1.08396294
5,2671,1.08396294
5,2672,1.08396294
5,2673,1.08396294
5,2674,1.08396294
5,2675,1.08396294
5,2676,1.08396294
5,2677,1.08396294
5,2678,1.08396294
5,2679,1.08396294
5,2680,1.08396294
5,2681,1.08396294
5,2682,1.08396294
5,2683,1.08396294
5,2684,1.08396294
5,2685,1.08396294
5,2686,1.08396294
5,2687,1.08396294
5,2688,1.08396294
5,2689,1.08396294
5,2690,1.08396294
5,2691,1.08396294
5,2692,1.08396294
5,2693,1.08396294
5,2694,1.08396294
5,2695,1.08396294
5,2696,1.08396294
5,2697,1.08396294
5,2698,1.08396294
5,2699,1.08396294
5,2700,1.08396294
5,2701,1.08396294
5,2702,1.08396294
5,2703,1.08396294
5,2704,1.08396294
5,2705,1.08396294
5,2706,1.08396294
5,2707,1.08396294
5,2708,1.08396294
5,2709,1.08396294
5,2710,1.08396294
5,2711,1.08396294
5,2712,1.08396294
5,2713,1.08396294
5,2714,1.08396294
5,2715,1.08396294
5,2716,1.08396294
5,2717,1.08396294
5,2718,1.08396294
5,2719,1.08396294
5,2720,1.08396294
5,2721,1.08396294
5,2722,1.08396294
5,2723,1.08396294
5,2724,1.08396294
5,2725,1.08396294
5,2726,1.08396294
5,2727,1.08396294
5,2728,1.08396294
5,2729,1.08396294
5,2730,1.08396294
5,2731,1.08396294
5,2732,1.08396294
5,2733,1.08396294
5,2734,1.08396294
5,2735,1.08396294
5,2736,1.08396294
5,2737,1.08396294
5,2738,1.08396294
5,2739,1.08396294
5,2740,1.08396294
5,2741,1.08396294
5,2742,1.08396294
5,2743,1.08396294
5,2744,1.08396294
5,2745,1.08396294
5,2746,1.08396294
5,2747,1.08396294
5,2748,1.08396294
5,2749,1.08396294
5,2750,1.08396294
5,2751,1.08396294
5,2752,1.08396294
5,2753,1.08396294
5,2754,1.08396294
5,2755,1.08396294
5,2756,1.08396294
5,2757,1.08396294
5,2758,1.08396294
5,2759,1.08396294
5,2760,1.08396294
5,2761,1.08396294
5,2762,1.08396294
5,2763,1.08396294
5,2764,1.08396294
5,2765,1.08396294
5,2766,1.08396294
5,2767,1.08396294
5,2768,1.08396294
5,2769,1.08396294
5,2770,1.08396294
5,2771,1.08396294
5,2772,1.08396294
5,2773,1.08396294
5,2774,1.08396294
5,2775,1.08396294
5,2776,1.08396294
5,2777,1.08396294
5,2778,1.08396294
5,2779,1.08396294
5,2780,1.08396294
5,2781,1.08396294
5,2782,1.08396294
5,2783,1.08396294
5,2784,1.08396294
5,2785,1.08396294
5,2786,1.08396294
5,2787,1.08396294
5,2788,1.08396294
5,2789,1.08396294
5,2790,1.08396294
5,2791,1.08396294
5,2792,1.08396294
5,2793,1.08396294
5,2794,1.08396294
5,2795,1.08396294
5,2796,1.08396294
5,2797,1.08396294
5,2798,1.08396294
5,2799,1.08396294
5,2800,1.08396294
5,2801,1.08396294
5,2802,1.08396294
5,2803,1.08396294
5,2804,1.08396294
5,2805,1.08396294
5,2806,1.08396294
5,2807,1.08396294
5,2808,1.08396294
5,2809,1.08396294
5,2810,1.08396294
5,2811,1.08396294
5,2812,1.08396294
5,2813,1.08396294
5,2814,1.08396294
5,2815,1.08396294
5,2816,1.08396294
5,2817,1.08396294
5,2818,1.08396294
5,2819,1.08396294
5,2820,1.08396294
5,2821,1.08396294
5,2822,1.08396294
5,2823,1.08396294
5,2824,1.08396294
5,2825,1.08396294
5,2826,1.08396294
5,2827,1.08396294
5,2828,1.08396294
5,2829,1.08396294
5,2830,1.08396294
5,2831,1.08396294
5,2832,1.08396294
5,2833,1.08396294
5,2834,1.08396294
5,2835,1.08396294
5,2836,1.08396294
5,2837,1.08396294
5,2838,1.08396294
5,2839,1.08396294
5,2840,1.08396294
5,2841,1.08396294
5,2842,1.08396294
5,2843,1.08396294
5,2844,1.08396294
5,2845,1.08396294
5,2846,1.08396294
5,2847,1.08396294
5,2848,1.08396294
5,2849,1.08396294
5,2850,1.08396294
5,2851,1.08396294
5,2852,1.08396294
5,2853,1.08396294
5,2854,1.08396294
5,2855,1.08396294
5,2856,1.08396294
5,2857,1.08396294
5,2858,1.08396294
5,2859,1.08396294
5,2860,1.08396294
5,2861,1.08396294
5,2862,1.08396294
5,2863,1.08396294
5,2864,1.08396294
5,2865,1.08396294
5,2866,1.08396294
5,2867,1.08396294
5,2868,1.08396294
5,2869,1.08396294
5,2870,1.08396294
5,2871,1.08396294
5,2872,1.08396294
5,2873,1.08396294
5,2874,1.08396294
5,2875,1.08396294
5,2876,1.08396294
5,2877,1.08396294
5,2878,1.08396294
5,2879,1.08396294
5,2880,1.08396294
5,2881,1.08396294
5,2882,1.08396294
5,2883,1.08396294
5,2884,1.08396294
5,2885,1.08396294
5,2886,1.08396294
5,2887,1.08396294
5,2888,1.08396294
5,2889,1.08396294
5,2890,1.08396294
5,2891,1.08396294
5,2892,1.08396294
5,2893,1.08396294
5,2894,1.08396294
5,2895,1.08396294
5,2896,1.08396294
5,2897,1.08396294
5,2898,1.08396294
5,2899,1.08396294
5,2900,1.08396294
5,2901,1.08396294
5,2902,1.08396294
5,2903,1.08396294
5,2904,1.08396294
5,2905,1.08396294
5,2906,1.08396294
5,2907,1.08396294
5,2908,1.08396294
5,2909,1.08396294
5,2910,1.08396294
5,2911,1.08396294
5,2912,1.08396294
5,2913,1.08396294
5,2914,1.08396294
5,2915,1.08396294
5,2916,1.08396294
5,2917,1.08396294
5,2918,1.08396294
5,2919,1.08396294
5,2920,1.08396294
5,2921,1.08396294
5,2922,1.08396294
5,2923,1.08396294
5,2924,1.08396294
5,2925,1.08396294
5,2926,1.08396294
5,2927,1.08396294
5,2928,1.08396294
5,2929,1.08396294
5,2930,1.08396294
5,2931,1.08396294
5,2932,1.08396294
5,2933,1.08396294
5,2934,1.08396294
5,2935,1.08396294
5,2936,1.08396294
5,2937,1.08396294
5,2938,1.08396294
5,2939,1.08396294
5,2940,1.08396294
5,2941,1.08396294
5,2942,1.08396294
5,2943,1.08396294
5,2944,1.08396294
5,2945,1.08396294
5,2946,1.08396294
5,2947,1.08396294
5,2948,1.08396294
5,2949,1.08396294
5,2950,1.08396294
5,2951,1.08396294
5,2952,1.08396294
5,2953,1.08396294
5,2954,1.08396294
5,2955,1.08396294
5,2956,1.08396294
5,2957,1.08396294
5,2958,1.08396294
5,2959,1.08396294
5,2960,1.08396294
5,2961,1.08396294
5,2962,1.08396294
5,2963,1.08396294
5,2964,1.08396294
5,2965,1.08396294
5,2966,1.08396294
5,2967,1.08396294
5,2968,1.08396294
5,2969,1.08396294
5,2970,1.08396294
5,2971,1.08396294
5,2972,1.08396294
5,2973,1.08396294
5,2974,1.08396294
5,2975,1.08396294
5,2976,1.08396294
5,2977,1.08396294
5,2978,1.08396294
5,2979,1.08396294
5,2980,1.08396294
5,2981,1.08396294
5,2982,1.08396294
5,2983,1.08396294
5,2984,1.08396294
5,2985,1.08396294
5,2986,1.08396294
5,2987,1.08396294
5,2988,1.08396294
5,2989,1.08396294
5,2990,1.08396294
5,2991,1.08396294
5,2992,1.08396294
5,2993,1.08396294
5,2994,1.08396294
5,2995,1.08396294
5,2996,1.08396294
5,2997,1.08396294
5,2998,1.08396294
5,2999,1.08396294
5,3000,1.08396294
5,3001,1.08396294
5,3002,1.08396294
5,3003,1.08396294
5,3004,1.08396294
5,3005,1.08396294
5,3006,1.08396294
5,3007,1.08396294
5,3008,1.08396294
5,3009,1.08396294
5,3010,1.08396294
5,3011,1.08396294
5,3012,1.08396294
5,3013,1.08396294
5,3014,1.08396294
5,3015,1.08396294
5,3016,1.08396294
5,3017,1.08396294
5,3018,1.08396294
5,3019,1.08396294
5,3020,1.08396294
5,3021,1.08396294
5,3022,1.08396294
5,3023,1.08396294
5,3024,1.08396294
5,3025,1.08396294
5,3026,1.08396294
5,3027,1.08396294
5,3028,1.08396294
5,3029,1.08396294
5,3030,1.08396294
5,3031,1.08396294
5,3032,1.08396294
5,3033,1.08396294
5,3034,1.08396294
5,3035,1.08396294
5,3036,1.08396294
5,3037,1.08396294
5,3038,1.08396294
5,3039,1.08396294
5,3040,1.08396294
5,3041,1.08396294
5,3042,1.08396294
5,3043,1.08396294
5,3044,1.08396294
5,3045,1.08396294
5,3046,1.08396294
5,3047,1.08396294
5,3048,1.08396294
5,3049,1.08396294
5,3050,1.08396294
5,3051,1.08396294
5,3052,1.08396294
5,3053,1.08396294
5,3054,1.08396294
5,3055,1.08396294
5,3056,1.08396294
5,3057,1.08396294
5,3058,1.08396294
5,3059,1.08396294
5,3060,1.08396294
5,3061,1.08396294
5,3062,1.08396294
5,3063,1.08396294
5,3064,1.08396294
5,3065,1.08396294
5,3066,1.08396294
5,3067,1.08396294
5,3068,1.08396294
5,3069,1.08396294
5,3070,1.08396294
5,3071,1.08396294
5,3072,1.08396294
5,3073,1.08396294
5,3074,1.08396294
5,3075,1.08396294
5,3076,1.08396294
5,3077,1.08396294
5,3078,1.08396294
5,3079,1.08396294
5,3080,1.08396294
5,3081,1.08396294
5,3082,1.08396294
5,3083,1.08396294
5,3084,1.08396294
5,3085,1.08396294
5,3086,1.08396294
5,3087,1.08396294
5,3088,1.08396294
5,3089,1.08396294
5,3090,1.08396294
5,3091,1.08396294
5,3092,1.08396294
5,3093,1.08396294
5,3094,1.08396294
5,3095,1.08396294
5,3096,1.08396294
5,3097,1.08396294
5,3098,1.08396294
5,3099,1.08396294
5,3100,1.08396294
5,3101,1.08396294
5,3102,1.08396294
5,3103,1.08396294
5,3104,1.08396294
5,3105,1.08396294
5,3106,1.08396294
5,3107,1.08396294
5,3108,1.08396294
5,3109,1.08396294
5,3110,1.08396294
5,3111,1.08396294
5,3112,1.08396294
5,3113,1.08396294
5,3114,1.08396294
5,3115,1.08396294
5,3116,1.08396294
5,3117,1.08396294
5,3118,1.08396294
5,3119,1.08396294
5,3120,1.08396294
5,3121,1.08396294
5,3122,1.08396294
5,3123,1.08396294
5,3124,1.08396294
5,3125,1.08396294
5,3126,1.08396294
5,3127,1.08396294
5,3128,1.08396294
5,3129,1.08396294
5,3130,1.08396294
5,3131,1.08396294
5,3132,1.08396294
5,3133,1.08396294
5,3134,1.08396294
5,3135,1.08396294
5,3136,1.08396294
5,3137,1.08396294
5,3138,1.08396294
5,3139,1.08396294
5,3140,1.08396294
5,3141,1.08396294
5,3142,1.08396294
5,3143,1.08396294
5,3144,1.08396294
5,3145,1.08396294
5,3146,1.08396294
5,3147,1.08396294
5,3148,1.08396294
5,3149,1.08396294
5,3150,1.08396294
5,3151,1.08396294
5,3152,1.08396294
5,3153,1.08396294
5,3154,1.08396294
5,3155,1.08396294
5,3156,1.08396294
5,3157,1.08396294
5,3158,1.08396294
5,3159,1.08396294
5,3160,1.08396294
5,3161,1.08396294
5,3162,1.08396294
5,3163,1.08396294
5,3164,1.08396294
5,3165,1.08396294
5,3166,1.08396294
5,3167,1.08396294
5,3168,1.08396294
5,3169,1.08396294
5,3170,1.08396294
5,3171,1.08396294
5,3172,1.08396294
5,3173,1.08396294
5,3174,1.08396294
5,3175,1.08396294
5,3176,1.08396294
5,3177,1.08396294
5,3178,1.08396294
5,3179,1.08396294
5,3180,1.08396294
5,3181,1.08396294
5,3182,1.08396294
5,3183,1.08396294
5,3184,1.08396294
5,3185,1.08396294
5,3186,1.08396294
5,3187,1.08396294
5,3188,1.08396294
5,3189,1.08396294
5,3190,1.08396294
5,3191,1.08396294
5,3192,1.08396294
5,3193,1.08396294
5,3194,1.08396294
5,3195,1.08396294
5,3196,1.08396294
5,3197,1.08396294
5,3198,1.08396294
5,3199,1.08396294
5,3200,1.08396294
5,3201,1.08396294
5,3202,1.08396294
5,3203,1.08396294
5,3204,1.08396294
5,3205,1.08396294
5,3206,1.08396294
5,3207,1.08396294
5,3208,1.08396294
5,3209,1.08396294
5,3210,1.08396294
5,3211,1.08396294
5,3212,1.08396294
5,3213,1.08396294
5,3214,1.08396294
5,3215,1.08396294
5,3216,1.08396294
5,3217,1.08396294
5,3218,1.08396294
5,3219,1.08396294
5,3220,1.08396294
5,3221,1.08396294
5,3222,1.08396294
5,3223,1.08396294
5,3224,1.08396294
5,3225,1.08396294
5,3226,1.08396294
5,3227,1.08396294
5,3228,1.08396294
5,3229,1.08396294
5,3230,1.08396294
5,3231,1.08396294
5,3232,1.08396294
5,3233,1.08396294
5,3234,1.08396294
5,3235,1.08396294
5,3236,1.08396294
5,3237,1.08396294
5,3238,1.08396294
5,3239,1.08396294
5,3240,1.08396294
5,3241,1.08396294
5,3242,1.08396294
5,3243,1.08396294
5,3244,1.08396294
5,3245,1.08396294
5,3246,1.08396294
5,3247,1.08396294
5,3248,1.08396294
5,3249,1.08396294
5,3250,1.08396294
5,3251,1.08396294
5,3252,1.08396294
5,3253,1.08396294
5,3254,1.08396294
5,3255,1.08396294
5,3256,1.08396294
5,3257,1.08396294
5,3258,1.08396294
5,3259,1.08396294
5,3260,1.08396294
5,3261,1.08396294
5,3262,1.08396294
5,3263,1.08396294
5,3264,1.08396294
5,3265,1.08396294
5,3266,1.08396294
5,3267,1.08396294
5,3268,1.08396294
5,3269,1.08396294
5,3270,1.08396294
5,3271,1.08396294
5,3272,1.08396294
5,3273,1.08396294
5,3274,1.08396294
5,3275,1.08396294
5,3276,1.08396294
5,3277,1.08396294
5,3278,1.08396294
5,3279,1.08396294
5,3280,1.08396294
5,3281,1.08396294
5,3282,1.08396294
5,3283,1.08396294
5,3284,1.08396294
5,3285,1.08396294
5,3286,1.08396294
5,3287,1.08396294
5,3288,1.08396294
5,3289,1.08396294
5,3290,1.08396294
5,3291,1.08396294
5,3292,1.08396294
5,3293,1.08396294
5,3294,1.08396294
5,3295,1.08396294
5,3296,1.08396294
5,3297,1.08396294
5,3298,1.08396294
5,3299,1.08396294
5,3300,1.08396294
5,3301,1.08396294
5,3302,1.08396294
5,3303,1.08396294
5,3304,1.08396294
5,3305,1.08396294
5,3306,1.08396294
5,3307,1.08396294
5,3308,1.08396294
5,3309,1.08396294
5,3310,1.08396294
5,3311,1.08396294
5,3312,1.08396294
5,3313,1.08396294
5,3314,1.08396294
5,3315,1.08396294
5,3316,1.08396294
5,3317,1.08396294
5,3318,1.08396294
5,3319,1.08396294
5,3320,1.08396294
5,3321,1.08396294
5,3322,1.08396294
5,3323,1.08396294
5,3324,1.08396294
5,3325,1.08396294
5,3326,1.08396294
5,3327,1.08396294
5,3328,1.08396294
5,3329,1.08396294
5,3330,1.08396294
5,3331,1.08396294
5,3332,1.08396294
5,3333,1.08396294
5,3334,1.08396294
5,3335,1.08396294
5,3336,1.08396294
5,3337,1.08396294
5,3338,1.08396294
5,3339,1.08396294
5,3340,1.08396294
5,3341,1.08396294
5,3342,1.08396294
5,3343,1.08396294
5,3344,1.08396294
5,3345,1.08396294
5,3346,1.08396294
5,3347,1.08396294
5,3348,1.08396294
5,3349,1.08396294
5,3350,1.08396294
5,3351,1.08396294
5,3352,1.08396294
5,3353,1.08396294
5,3354,1.08396294
5,3355,1.08396294
5,3356,1.08396294
5,3357,1.08396294
5,3358,1.08396294
5,3359,1.08396294
5,3360,1.08396294
5,3361,1.08396294
5,3362,1.08396294
5,3363,1.08396294
5,3364,1.08396294
5,3365,1.08396294
5,3366,1.08396294
5,3367,1.08396294
5,3368,1.08396294
5,3369,1.08396294
5,3370,1.08396294
5,3371,1.08396294
5,3372,1.08396294
5,3373,1.08396294
5,3374,1.08396294
5,3375,1.08396294
5,3376,1.08396294
5,3377,1.08396294
5,3378,1.08396294
5,3379,1.08396294
5,3380,1.08396294
5,3381,1.08396294
5,3382,1.08396294
5,3383,1.08396294
5,3384,1.08396294
5,3385,1.08396294
5,3386,1.08396294
5,3387,1.08396294
5,3388,1.08396294
5,3389,1.08396294
5,3390,1.08396294
5,3391,1.08396294
5,3392,1.08396294
5,3393,1.08396294
5,3394,1.08396294
5,3395,1.08396294
5,3396,1.08396294
5,3397,1.08396294
5,3398,1.08396294
5,3399,1.08396294
5,3400,1.08396294
5,3401,1.08396294
5,3402,1.08396294
5,3403,1.08396294
5,3404,1.08396294
5,3405,1.08396294
5,3406,1.08396294
5,3407,1.08396294
5,3408,1.08396294
5,3409,1.08396294
5,3410,1.08396294
5,3411,1.08396294
5,3412,1.08396294
5,3413,1.08396294
5,3414,1.08396294
5,3415,1.08396294
5,3416,1.08396294
5,3417,1.08396294
5,3418,1.08396294
5,3419,1.08396294
5,3420,1.08396294
5,3421,1.08396294
5,3422,1.08396294
5,3423,1.08396294
5,3424,1.08396294
5,3425,1.08396294
5,3426,1.08396294
5,3427,1.08396294
5,3428,1.08396294
5,3429,1.08396294
5,3430,1.08396294
5,3431,1.08396294
5,3432,1.08396294
5,3433,1.08396294
5,3434,1.08396294
5,3435,1.08396294
5,3436,1.08396294
5,3437,1.08396294
5,3438,1.08396294
5,3439,1.08396294
5,3440,1.08396294
5,3441,1.08396294
5,3442,1.08396294
5,3443,1.08396294
5,3444,1.08396294
5,3445,1.08396294
5,3446,1.08396294
5,3447,1.08396294
5,3448,1.08396294
5,3449,1.08396294
5,3450,1.08396294
5,3451,1.08396294
5,3452,1.08396294
5,3453,1.08396294
5,3454,1.08396294
5,3455,1.08396294
5,3456,1.08396294
5,3457,1.08396294
5,3458,1.08396294
5,3459,1.08396294
5,3460,1.08396294
5,3461,1.08396294
5,3462,1.08396294
5,3463,1.08396294
5,3464,1.08396294
5,3465,1.08396294
5,3466,1.08396294
5,3467,1.08396294
5,3468,1.08396294
5,3469,1.08396294
5,3470,1.08396294
5,3471,1.08396294
5,3472,1.08396294
5,3473,1.08396294
5,3474,1.08396294
5,3475,1.08396294
5,3476,1.08396294
5,3477,1.08396294
5,3478,1.08396294
5,3479,1.08396294
5,3480,1.08396294
5,3481,1.08396294
5,3482,1.08396294
5,3483,1.08396294
5,3484,1.08396294
5,3485,1.08396294
5,3486,1.08396294
5,3487,1.08396294
5,3488,1.08396294
5,3489,1.08396294
5,3490,1.08396294
5,3491,1.08396294
5,3492,1.08396294
5,3493,1.08396294
5,3494,1.08396294
5,3495,1.08396294
5,3496,1.08396294
5,3497,1.08396294
5,3498,1.08396294
5,3499,1.08396294
5,3500,1.08396294
5,3501,1.08396294
5,3502,1.08396294
5,3503,1.08396294
5,3504,1.08396294
5,3505,1.08396294
5,3506,1.08396294
5,3507,1.08396294
5,3508,1.08396294
5,3509,1.08396294
5,3510,1.08396294
5,3511,1.08396294
5,3512,1.08396294
5,3513,1.08396294
5,3514,1.08396294
5,3515,1.08396294
5,3516,1.08396294
5,3517,1.08396294
5,3518,1.08396294
5,3519,1.08396294
5,3520,1.08396294
5,3521,1.08396294
5,3522,1.08396294
5,3523,1.08396294
5,3524,1.08396294
5,3525,1.08396294
5,3526,1.08396294
5,3527,1.08396294
5,3528,1.08396294
5,3529,1.08396294
5,3530,1.08396294
5,3531,1.08396294
5,3532,1.08396294
5,3533,1.08396294
5,3534,1.08396294
5,3535,1.08396294
5,3536,1.08396294
5,3537,1.08396294
5,3538,1.08396294
5,3539,1.08396294
5,3540,1.08396294
5,3541,1.08396294
5,3542,1.08396294
5,3543,1.08396294
5,3544,1.08396294
5,3545,1.08396294
5,3546,1.08396294
5,3547,1.08396294
5,3548,1.08396294
5,3549,1.08396294
5,3550,1.08396294
5,3551,1.08396294
5,3552,1.08396294
5,3553,1.08396294
5,3554,1.08396294
5,3555,1.08396294
5,3556,1.08396294
5,3557,1.08396294
5,3558,1.08396294
5,3559,1.08396294
5,3560,1.08396294
5,3561,1.08396294
5,3562,1.08396294
5,3563,1.08396294
5,3564,1.08396294
5,3565,1.08396294
5,3566,1.08396294
5,3567,1.08396294
5,3568,1.08396294
5,3569,1.08396294
5,3570,1.08396294
5,3571,1.08396294
5,3572,1.08396294
5,3573,1.08396294
5,3574,1.08396294
5,3575,1.08396294
5,3576,1.08396294
5,3577,1.08396294
5,3578,1.08396294
5,3579,1.08396294
5,3580,1.08396294
5,3581,1.08396294
5,3582,1.08396294
5,3583,1.08396294
5,3584,1.08396294
5,3585,1.08396294
5,3586,1.08396294
5,3587,1.08396294
5,3588,1.08396294
5,3589,1.08396294
5,3590,1.08396294
5,3591,1.08396294
5,3592,1.08396294
5,3593,1.08396294
5,3594,1.08396294
5,3595,1.08396294
5,3596,1.08396294
5,3597,1.08396294
5,3598,1.08396294
5,3599,1.08396294
5,3600,1.08396294
5,3601,1.08396294
5,3602,1.08396294
5,3603,1.08396294
5,3604,1.08396294
5,3605,1.08396294
5,3606,1.08396294
5,3607,1.08396294
5,3608,1.08396294
5,3609,1.08396294
5,3610,1.08396294
5,3611,1.08396294
5,3612,1.08396294
5,3613,1.08396294
5,3614,1.08396294
5,3615,1.08396294
5,3616,1.08396294
5,3617,1.08396294
5,3618,1.08396294
5,3619,1.08396294
5,3620,1.08396294
5,3621,1.08396294
5,3622,1.08396294
5,3623,1.08396294
5,3624,1.08396294
5,3625,1.08396294
5,3626,1.08396294
5,3627,1.08396294
5,3628,1.08396294
5,3629,1.08396294
5,3630,1.08396294
5,3631,1.08396294
5,3632,1.08396294
5,3633,1.08396294
5,3634,1.08396294
5,3635,1.08396294
5,3636,1.08396294
5,3637,1.08396294
5,3638,1.08396294
5,3639,1.08396294
5,3640,1.08396294
5,3641,1.08396294
5,3642,1.08396294
5,3643,1.08396294
5,3644,1.08396294
5,3645,1.08396294
5,3646,1.08396294
5,3647,1.08396294
5,3648,1.08396294
5,3649,1.08396294
5,3650,1.08396294
5,3651,1.08396294
5,3652,1.08396294
5,3653,1.08396294
5,3654,1.08396294
5,3655,1.08396294
5,3656,1.08396294
5,3657,1.08396294
5,3658,1.08396294
5,3659,1.08396294
5,3660,1.08396294
5,3661,1.08396294
5,3662,1.08396294
5,3663,1.08396294
5,3664,1.08396294
5,3665,1.08396294
5,3666,1.08396294
5,3667,1.08396294
5,3668,1.08396294
5,3669,1.08396294
5,3670,1.08396294
5,3671,1.08396294
5,3672,1.08396294
5,3673,1.08396294
5,3674,1.08396294
5,3675,1.08396294
5,3676,1.08396294
5,3677,1.08396294
5,3678,1.08396294
5,3679,1.08396294
5,3680,1.08396294
5,3681,1.08396294
5,3682,1.08396294
5,3683,1.08396294
5,3684,1.08396294
5,3685,1.08396294
5,3686,1.08396294
5,3687,1.08396294
5,3688,1.08396294
5,3689,1.08396294
5,3690,1.08396294
5,3691,1.08396294
5,3692,1.08396294
5,3693,1.08396294
5,3694,1.08396294
5,3695,1.08396294
5,3696,1.08396294
5,3697,1.08396294
5,3698,1.08396294
5,3699,1.08396294
5,3700,1.08396294
5,3701,1.08396294
5,3702,1.08396294
5,3703,1.08396294
5,3704,1.08396294
5,3705,1.08396294
5,3706,1.08396294
5,3707,1.08396294
5,3708,1.08396294
5,3709,1.08396294
5,3710,1.08396294
5,3711,1.08396294
5,3712,1.08396294
5,3713,1.08396294
5,3714,1.08396294
5,3715,1.08396294
5,3716,1.08396294
5,3717,1.08396294
5,3718,1.08396294
5,3719,1.08396294
5,3720,1.08396294
5,3721,1.08396294
5,3722,1.08396294
5,3723,1.08396294
5,3724,1.08396294
5,3725,1.08396294
5,3726,1.08396294
5,3727,1.08396294
5,3728,1.08396294
5,3729,1.08396294
5,3730,1.08396294
5,3731,1.08396294
5,3732,1.08396294
5,3733,1.08396294
5,3734,1.08396294
5,3735,1.08396294
5,3736,1.08396294
5,3737,1.08396294
5,3738,1.08396294
5,3739,1.08396294
5,3740,1.08396294
5,3741,1.08396294
5,3742,1.08396294
5,3743,1.08396294
5,3744,1.08396294
5,3745,1.08396294
5,3746,1.08396294
5,3747,1.08396294
5,3748,1.08396294
5,3749,1.08396294
5,3750,1.08396294
5,3751,1.08396294
5,3752,1.08396294
5,3753,1.08396294
5,3754,1.08396294
5,3755,1.08396294
5,3756,1.08396294
5,3757,1.08396294
5,3758,1.08396294
5,3759,1.08396294
5,3760,1.08396294
5,3761,1.08396294
5,3762,1.08396294
5,3763,1.08396294
5,3764,1.08396294
5,3765,1.08396294
5,3766,1.08396294
5,3767,1.08396294
5,3768,1.08396294
5,3769,1.08396294
5,3770,1.08396294
5,3771,1.08396294
5,3772,1.08396294
5,3773,1.08396294
5,3774,1.08396294
5,3775,1.08396294
5,3776,1.08396294
5,3777,1.08396294
5,3778,1.08396294
5,3779,1.08396294
5,3780,1.08396294
5,3781,1.08396294
5,3782,1.08396294
5,3783,1.08396294
5,3784,1.08396294
5,3785,1.08396294
5,3786,1.08396294
5,3787,1.08396294
5,3788,1.08396294
5,3789,1.08396294
5,3790,1.08396294
5,3791,1.08396294
5,3792,1.08396294
5,3793,1.08396294
5,3794,1.08396294
5,3795,1.08396294
5,3796,1.08396294
5,3797,1.08396294
5,3798,1.08396294
5,3799,1.08396294
5,3800,1.08396294
5,3801,1.08396294
5,3802,1.08396294
5,3803,1.08396294
5,3804,1.08396294
5,3805,1.08396294
5,3806,1.08396294
5,3807,1.08396294
5,3808,1.08396294
5,3809,1.08396294
5,3810,1.08396294
5,3811,1.08396294
5,3812,1.08396294
5,3813,1.08396294
5,3814,1.08396294
5,3815,1.08396294
5,3816,1.08396294
5,3817,1.08396294
5,3818,1.08396294
5,3819,1.08396294
5,3820,1.08396294
5,3821,1.08396294
5,3822,1.08396294
5,3823,1.08396294
5,3824,1.08396294
5,3825,1.08396294
5,3826,1.08396294
5,3827,1.08396294
5,3828,1.08396294
5,3829,1.08396294
5,3830,1.08396294
5,3831,1.08396294
5,3832,1.08396294
5,3833,1.08396294
5,3834,1.08396294
5,3835,1.08396294
5,3836,1.08396294
5,3837,1.08396294
5,3838,1.08396294
5,3839,1.08396294
5,3840,1.08396294
5,3841,1.08396294
5,3842,1.08396294
5,3843,1.08396294
5,3844,1.08396294
5,3845,1.08396294
5,3846,1.08396294
5,3847,1.08396294
5,3848,1.08396294
5,3849,1.08396294
5,3850,1.08396294
5,3851,1.08396294
5,3852,1.08396294
5,3853,1.08396294
5,3854,1.08396294
5,3855,1.08396294
5,3856,1.08396294
5,3857,1.08396294
5,3858,1.08396294
5,3859,1.08396294
5,3860,1.08396294
5,3861,1.08396294
5,3862,1.08396294
5,3863,1.08396294
5,3864,1.08396294
5,3865,1.08396294
5,3866,1.08396294
5,3867,1.08396294
5,3868,1.08396294
5,3869,1.08396294
5,3870,1.08396294
5,3871,1.08396294
5,3872,1.08396294
5,3873,1.08396294
5,3874,1.08396294
5,3875,1.08396294
5,3876,1.08396294
5,3877,1.08396294
5,3878,1.08396294
5,3879,1.08396294
5,3880,1.08396294
5,3881,1.08396294
5,3882,1.08396294
5,3883,1.08396294
5,3884,1.08396294
5,3885,1.08396294
5,3886,1.08396294
5,3887,1.08396294
5,3888,1.08396294
5,3889,1.08396294
5,3890,1.08396294
5,3891,1.08396294
5,3892,1.08396294
5,3893,1.08396294
5,3894,1.08396294
5,3895,1.08396294
5,3896,1.08396294
5,3897,1.08396294
5,3898,1.08396294
5,3899,1.08396294
5,3900,1.08396294
5,3901,1.08396294
5,3902,1.08396294
5,3903,1.08396294
5,3904,1.08396294
5,3905,1.08396294
5,3906,1.08396294
5,3907,1.08396294
5,3908,1.08396294
5,3909,1.08396294
5,3910,1.08396294
5,3911,1.08396294
5,3912,1.08396294
5,3913,1.08396294
5,3914,1.08396294
5,3915,1.08396294
5,3916,1.08396294
5,3917,1.08396294
5,3918,1.08396294
5,3919,1.08396294
5,3920,1.08396294
5,3921,1.08396294
5,3922,1.08396294
5,3923,1.08396294
5,3924,1.08396294
5,3925,1.08396294
5,3926,1.08396294
5,3927,1.08396294
5,3928,1.08396294
5,3929,1.08396294
5,3930,1.08396294
5,3931,1.08396294
5,3932,1.08396294
5,3933,1.08396294
5,3934,1.08396294
5,3935,1.08396294
5,3936,1.08396294
5,3937,1.08396294
5,3938,1.08396294
5,3939,1.08396294
5,3940,1.08396294
5,3941,1.08396294
5,3942,1.08396294
5,3943,1.08396294
5,3944,1.08396294
5,3945,1.08396294
5,3946,1.08396294
5,3947,1.08396294
5,3948,1.08396294
5,3949,1.08396294
5,3950,1.08396294
5,3951,1.08396294
5,3952,1.08396294
5,3953,1.08396294
5,3954,1.08396294
5,3955,1.08396294
5,3956,1.08396294
5,3957,1.08396294
5,3958,1.08396294
5,3959,1.08396294
5,3960,1.08396294
5,3961,1.08396294
5,3962,1.08396294
5,3963,1.08396294
5,3964,1.08396294
5,3965,1.08396294
5,3966,1.08396294
5,3967,1.08396294
5,3968,1.08396294
5,3969,1.08396294
5,3970,1.08396294
5,3971,1.08396294
5,3972,1.08396294
5,3973,1.08396294
5,3974,1.08396294
5,3975,1.08396294
5,3976,1.08396294
5,3977,1.08396294
5,3978,1.08396294
5,3979,1.08396294
5,3980,1.08396294
5,3981,1.08396294
5,3982,1.08396294
5,3983,1.08396294
5,3984,1.08396294
5,3985,1.08396294
5,3986,1.08396294
5,3987,1.08396294
5,3988,1.08396294
5,3989,1.08396294
5,3990,1.08396294
5,3991,1.08396294
5,3992,1.08396294
5,3993,1.08396294
5,3994,1.08396294
5,3995,1.08396294
5,3996,1.08396294
5,3997,1.08396294
5,3998,1.08396294
5,3999,1.08396294
5,4000,1.08396294
5,4001,1.08396294
5,4002,1.08396294
5,4003,1.08396294
5,4004,1.08396294
5,4005,1.08396294
5,4006,1.08396294
5,4007,1.08396294
5,4008,1.08396294
5,4009,1.08396294
5,4010,1.08396294
5,4011,1.08396294
5,4012,1.08396294
5,4013,1.08396294
5,4014,1.08396294
5,4015,1.08396294
5,4016,1.08396294
5,4017,1.08396294
5,4018,1.08396294
5,4019,1.08396294
5,4020,1.08396294
5,4021,1.08396294
5,4022,1.08396294
5,4023,1.08396294
5,4024,1.08396294
5,4025,1.08396294
5,4026,1.08396294
5,4027,1.08396294
5,4028,1.08396294
5,4029,1.08396294
5,4030,1.08396294
5,4031,1.08396294
5,4032,1.08396294
5,4033,1.08396294
5,4034,1.08396294
5,4035,1.08396294
5,4036,1.08396294
5,4037,1.08396294
5,4038,1.08396294
5,4039,1.08396294
5,4040,1.08396294
5,4041,1.08396294
5,4042,1.08396294
5,4043,1.08396294
5,4044,1.08396294
5,4045,1.08396294
5,4046,1.08396294
5,4047,1.08396294
5,4048,1.08396294
5,4049,1.08396294
5,4050,1.08396294
5,4051,1.08396294
5,4052,1.08396294
5,4053,1.08396294
5,4054,1.08396294
5,4055,1.08396294
5,4056,1.08396294
5,4057,1.08396294
5,4058,1.08396294
5,4059,1.08396294
5,4060,1.08396294
5,4061,1.08396294
5,4062,1.08396294
5,4063,1.08396294
5,4064,1.08396294
5,4065,1.08396294
5,4066,1.08396294
5,4067,1.08396294
5,4068,1.08396294
5,4069,1.08396294
5,4070,1.08396294
5,4071,1.08396294
5,4072,1.08396294
5,4073,1.08396294
5,4074,1.08396294
5,4075,1.08396294
5,4076,1.08396294
5,4077,1.08396294
5,4078,1.08396294
5,4079,1.08396294
5,4080,1.08396294
5,4081,1.08396294
5,4082,1.08396294
5,4083,1.08396294
5,4084,1.08396294
5,4085,1.08396294
5,4086,1.08396294
5,4087,1.08396294
5,4088,1.08396294
5,4089,1.08396294
5,4090,1.08396294
5,4091,1.08396294
5,4092,1.08396294
5,4093,1.08396294
5,4094,1.08396294
5,4095,1.08396294
5,4096,1.08396294
5,4097,1.08396294
5,4098,1.08396294
5,4099,1.08396294
5,4100,1.08396294
5,4101,1.08396294
5,4102,1.08396294
5,4103,1.08396294
5,4104,1.08396294
5,4105,1.08396294
5,4106,1.08396294
5,4107,1.08396294
5,4108,1.08396294
5,4109,1.08396294
5,4110,1.08396294
5,4111,1.08396294
5,4112,1.08396294
5,4113,1.08396294
5,4114,1.08396294
5,4115,1.08396294
5,4116,1.08396294
5,4117,1.08396294
5,4118,1.08396294
5,4119,1.08396294
5,4120,1.08396294
5,4121,1.08396294
5,4122,1.08396294
5,4123,1.08396294
5,4124,1.08396294
5,4125,1.08396294
5,4126,1.08396294
5,4127,1.08396294
5,4128,1.08396294
5,4129,1.08396294
5,4130,1.08396294
5,4131,1.08396294
5,4132,1.08396294
5,4133,1.08396294
5,4134,1.08396294
5,4135,1.08396294
5,4136,1.08396294
5,4137,1.08396294
5,4138,1.08396294
5,4139,1.08396294
5,4140,1.08396294
5,4141,1.08396294
5,4142,1.08396294
5,4143,1.08396294
5,4144,1.08396294
5,4145,1.08396294
5,4146,1.08396294
5,4147,1.08396294
5,4148,1.08396294
5,4149,1.08396294
5,4150,1.08396294
5,4151,1.08396294
5,4152,1.08396294
5,4153,1.08396294
5,4154,1.08396294
5,4155,1.08396294
5,4156,1.08396294
5,4157,1.08396294
5,4158,1.08396294
5,4159,1.08396294
5,4160,1.08396294
5,4161,1.08396294
5,4162,1.08396294
5,4163,1.08396294
5,4164,1.08396294
5,4165,1.08396294
5,4166,1.08396294
5,4167,1.08396294
5,4168,1.08396294
5,4169,1.08396294
5,4170,1.08396294
5,4171,1.08396294
5,4172,1.08396294
5,4173,1.08396294
5,4174,1.08396294
5,4175,1.08396294
5,4176,1.08396294
5,4177,1.08396294
5,4178,1.08396294
5,4179,1.08396294
5,4180,1.08396294
5,4181,1.08396294
5,4182,1.08396294
5,4183,1.08396294
5,4184,1.08396294
5,4185,1.08396294
5,4186,1.08396294
5,4187,1.08396294
5,4188,1.08396294
5,4189,1.08396294
5,4190,1.08396294
5,4191,1.08396294
5,4192,1.08396294
5,4193,1.08396294
5,4194,1.08396294
5,4195,1.08396294
5,4196,1.08396294
5,4197,1.08396294
5,4198,1.08396294
5,4199,1.08396294
6,0,17.72661485
6,1,6.487848819
6,2,13.97301718
6,3,6.521382398
6,4,13.47757932
6,5,17.34940855
6,6,10.37108775
6,7,5.915557691
6,8,9.462833278
6,9,11.33223089
6,10,8.909617549
6,11,10.17178779
6,12,10.53813825
6,13,6.706916847
6,14,5.771067918
6,15,12.40525815
6,16,28.109782
6,17,5.964080462
6,18,26.8379764
6,19,11.58355712
6,20,11.52726421
6,21,8.602048753
6,22,24.24695834
6,23,4.738059523
6,24,35.13527383
6,25,5.704964451
6,26,10.47230501
6,27,7.79959425
6,28,15.11904318
6,29,11.04990218
6,30,4.904395968
6,31,11.24613
6,32,12.62244472
6,33,19.35954128
6,34,14.36155517
6,35,16.57238087
6,36,27.87208487
6,37,11.69027897
6,38,11.98840779
6,39,8.96225986
6,40,13.11448721
6,41,16.11292231
6,42,12.56392009
6,43,20.05451265
6,44,5.227583026
6,45,14.75650048
6,46,10.16265476
6,47,10.7404985
6,48,11.82453206
6,49,14.27421195
6,50,13.18409131
6,51,12.46175165
6,52,18.25078272
6,53,15.81068971
6,54,24.23587499
6,55,3.485230784
6,56,17.91247588
6,57,14.39612275
6,58,15.81511879
6,59,10.91355596
6,60,10.63693424
6,61,9.554434352
6,62,15.6434578
6,63,11.97034183
6,64,10.42607449
6,65,12.51969306
6,66,27.45251076
6,67,5.207992399
6,68,18.62356548
6,69,12.36657235
6,70,14.45330814
6,71,12.15356262
6,72,10.35731088
6,73,20.28268975
6,74,7.772441651
6,75,20.1662818
6,76,9.551930029
6,77,10.9898229
6,78,5.195329649
6,79,8.506474806
6,80,5.885142681
6,81,23.51980572
6,82,3.779845474
6,83,16.32034095
6,84,8.256991061
6,85,18.70210846
6,86,5.548136238
6,87,16.69258432
6,88,15.77554891
6,89,11.83292052
6,90,2.27698805
6,91,13.74007468
6,92,10.11704186
6,93,15.71712032
6,94,19.95553817
6,95,6.066409257
6,96,12.30877498
6,97,10.9800676
6,98,18.54602113
6,99,14.00245434
6,100,15.83845454
6,101,11.14814407
6,102,19.12383121
6,103,14.0032115
6,104,14.28471978
6,105,7.262209606
6,106,9.929624484
6,107,3.628048946
6,108,3.96372463
6,109,12.50213193
6,110,10.22442992
6,111,22.70752804
6,112,7.514079595
6,113,12.83808834
6,114,11.87318255
6,115,8.544807206
6,116,9.20526408
6,117,13.27626608
6,118,18.92406255
6,119,13.81014562
6,120,5.576150585
6,121,9.812621216
6,122,17.35408322
6,123,7.109360685
6,124,11.91645474
6,125,5.873052314
6,126,11.10344541
6,127,5.13385363
6,128,8.326245326
6,129,7.818454562
6,130,12.5827534
6,131,3.945305919
6,132,7.982584695
6,133,10.49651283
6,134,11.50074877
6,135,4.770243259
6,136,7.711596643
6,137,15.15536455
6,138,2.878228618
6,139,12.55294063
6,140,8.197474793
6,141,8.323023588
6,142,8.044065308
6,143,15.74309902
6,144,4.513075732
6,145,19.46831435
6,146,12.5782507
6,147,11.1312347
6,148,11.20496799
6,149,11.21197222
6,150,4.27234403
6,151,18.57789733
6,152,5.193808639
6,153,14.70849076
6,154,6.344150508
6,155,8.960274947
6,156,13.3767753
6,157,20.9283878
6,158,5.005678688
6,159,6.6140563
6,160,11.04458962
6,161,7.504851777
6,162,7.757525918
6,163,9.284301793
6,164,15.00362963
6,165,8.071875994
6,166,10.07172366
6,167,7.776213484
6,168,11.72375668
6,169,9.891334911
6,170,13.03101433
6,171,9.549815313
6,172,15.04140579
6,173,9.474776946
6,174,10.10386998
6,175,5.065570609
6,176,18.82472413
6,177,8.555886637
6,178,9.00003302
6,179,10.83295185
6,180,13.86961091
6,181,11.51838682
6,182,13.60741274
6,183,15.60109986
6,184,8.926970944
6,185,22.17258356
6,186,3.688936589
6,187,12.86047311
6,188,8.540826039
6,189,22.92387677
6,190,5.266492722
6,191,13.08610321
6,192,7.240901048
6,193,12.68128045
6,194,13.59283068
6,195,11.78151793
6,196,13.29721915
6,197,8.679603352
6,198,11.80721277
6,199,11.00722034
6,200,7.138778807
6,201,12.07295187
6,202,6.764698135
6,203,13.15137584
6,204,13.85544505
6,205,9.702796765
6,206,11.5796199
6,207,5.139875003
6,208,8.311771236
6,209,9.229115613
6,210,13.60825329
6,211,11.81490313
6,212,8.305148318
6,213,3.302810061
6,214,8.143965997
6,215,9.896531299
6,216,7.913868425
6,217,12.70327115
6,218,13.31368586
6,219,13.21908208
6,220,16.06807398
6,221,6.454451753
6,222,13.07130728
6,223,8.384428886
6,224,16.16708038
6,225,11.70753932
6,226,14.47545828
6,227,8.514822952
6,228,11.00290781
6,229,8.465043099
6,230,10.31351849
6,231,10.12487873
6,232,6.472927453
6,233,13.40182175
6,234,11.31162183
6,235,6.309830815
6,236,11.75535812
6,237,10.38908503
6,238,7.930145526
6,239,8.139440869
6,240,7.037233359
6,241,14.84406798
6,242,10.01022815
6,243,11.08566403
6,244,9.271009691
6,245,7.284753347
6,246,6.458442076
6,247,10.58737611
6,248,8.028759455
6,249,10.76078304
6,250,6.226107258
6,251,5.373089548
6,252,6.971654017
6,253,15.63785982
6,254,6.78200508
6,255,11.64670122
6,256,13.80616288
6,257,14.12790361
6,258,12.74690421
6,259,10.78810337
6,260,10.12595632
6,261,6.633458991
6,262,8.35938127
6,263,7.554167247
6,264,12.48320845
6,265,5.198649137
6,266,17.48716051
6,267,3.203705736
6,268,10.45995725
6,269,9.178460905
6,270,10.99503818
6,271,8.40724848
6,272,9.253806417
6,273,7.890631389
6,274,14.19150576
6,275,8.148611889
6,276,13.88746964
6,277,11.81534285
6,278,6.571741776
6,279,7.369136205
6,280,6.30554559
6,281,10.46426258
6,282,10.25618986
6,283,7.870436682
6,284,7.691252612
6,285,4.229240013
6,286,7.454126885
6,287,6.543289167
6,288,9.402106959
6,289,8.415616748
6,290,13.16326442
6,291,10.69552762
6,292,5.060932468
6,293,8.035581138
6,294,11.0096738
6,295,7.086238023
6,296,11.16170131
6,297,7.810595901
6,298,6.271948335
6,299,6.874268641
6,300,12.64413498
6,301,6.207944113
6,302,3.446247093
6,303,5.565510286
6,304,9.121396721
6,305,11.04863427
6,306,7.655226384
6,307,7.718365754
6,308,10.45776065
6,309,6.820204031
6,310,8.578298022
6,311,7.654389679
6,312,3.626165687
6,313,7.738501717
6,314,7.058448346
6,315,9.584951794
6,316,11.01019486
6,317,7.811928867
6,318,3.747856133
6,319,7.435520802
6,320,5.404160068
6,321,5.306698863
6,322,6.972296815
6,323,15.84789125
6,324,7.47467587
6,325,7.385465329
6,326,5.783244043
6,327,12.14988259
6,328,11.33035465
6,329,5.799295886
6,330,6.140882731
6,331,7.07534584
6,332,7.272517343
6,333,7.516561457
6,334,11.10208296
6,335,9.826557217
6,336,3.732652975
6,337,11.64263542
6,338,5.979498776
6,339,14.71921623
6,340,9.85887598
6,341,9.814244617
6,342,4.926741436
6,343,10.9319529
6,344,6.529174968
6,345,4.396502872
6,346,3.236305435
6,347,6.74674678
6,348,6.284437166
6,349,6.340790584
6,350,8.060312203
6,351,6.145926057
6,352,6.810092984
6,353,14.23545234
6,354,6.989063368
6,355,19.0960384
6,356,9.683313182
6,357,7.862391967
6,358,11.81346305
6,359,6.998598972
6,360,3.245489114
6,361,5.51920489
6,362,5.470147451
6,363,6.424324494
6,364,10.02240936
6,365,8.400953409
6,366,6.072985981
6,367,10.12750914
6,368,10.25196033
6,369,7.548261512
6,370,7.900806624
6,371,4.704965254
6,372,5.859027893
6,373,11.59383648
6,374,1.185174569
6,375,7.416059685
6,376,16.35036403
6,377,5.129357397
6,378,8.006414455
6,379,9.775878336
6,380,9.054689432
6,381,8.142916872
6,382,10.14927529
6,383,4.686326126
6,384,8.27398493
6,385,9.173415142
6,386,13.43401693
6,387,8.372140142
6,388,8.578031675
6,389,6.81503454
6,390,19.35306742
6,391,6.246564527
6,392,4.062648265
6,393,9.520493521
6,394,10.59673886
6,395,6.684610562
6,396,9.777637903
6,397,6.316577444
6,398,3.837825506
6,399,14.26613687
6,400,5.562681428
6,401,7.807246206
6,402,7.867978926
6,403,12.44995224
6,404,9.13590681
6,405,13.36953614
6,406,10.36093217
6,407,6.309174288
6,408,13.46537736
6,409,5.533453917
6,410,8.696315109
6,411,7.900451322
6,412,5.72429384
6,413,4.686666956
6,414,9.078332862
6,415,9.719383841
6,416,7.646950288
6,417,9.539782147
6,418,11.38378167
6,419,8.313186867
6,420,12.49924769
6,421,7.141124746
6,422,6.272087428
6,423,3.511869245
6,424,12.94979799
6,425,3.837810991
6,426,9.770904127
6,427,7.364471962
6,428,8.043637132
6,429,9.468267158
6,430,11.12087584
6,431,8.18875349
6,432,7.979667208
6,433,5.603474578
6,434,3.520745675
6,435,10.20051124
6,436,7.998599639
6,437,8.020737517
6,438,3.743349483
6,439,6.231210035
6,440,10.29902165
6,441,10.2449423
6,442,5.861642351
6,443,9.984958119
6,444,5.823618002
6,445,10.25816048
6,446,7.318935264
6,447,6.756972486
6,448,5.967827965
6,449,6.821185181
6,450,4.41728479
6,451,8.939157993
6,452,4.171533838
6,453,15.0493394
6,454,6.916776495
6,455,7.807140827
6,456,9.022243765
6,457,5.478670446
6,458,9.837471007
6,459,5.106472983
6,460,11.1737029
6,461,9.880167904
6,462,4.526150866
6,463,14.8144074
6,464,7.492312597
6,465,5.68264069
6,466,4.589741257
6,467,3.637732183
6,468,9.493364
6,469,10.17267678
6,470,7.831725543
6,471,8.650361152
6,472,7.262090239
6,473,6.40924123
6,474,7.232055115
6,475,14.42478055
6,476,5.335672182
6,477,6.103516031
6,478,10.84446262
6,479,7.412424716
6,480,3.082655268
6,481,7.489444114
6,482,6.83366482
6,483,7.440751338
6,484,4.437501195
6,485,7.536523577
6,486,7.539268184
6,487,9.775042885
6,488,7.428240359
6,489,4.161417741
6,490,9.028118618
6,491,9.398847243
6,492,8.187730269
6,493,9.265308902
6,494,5.901724282
6,495,6.681728502
6,496,8.637993549
6,497,7.258288912
6,498,7.608847987
6,499,9.682716986
6,500,14.67744445
6,501,6.052381552
6,502,4.898498994
6,503,6.182107429
6,504,9.246756505
6,505,4.975550698
6,506,3.888097522
6,507,11.00626773
6,508,5.499659968
6,509,5.704429262
6,510,3.297657312
6,511,6.381088438
6,512,5.729060693
6,513,7.224829549
6,514,9.124539419
6,515,11.49892459
6,516,12.93006492
6,517,3.41012869
6,518,9.838107527
6,519,2.249884221
6,520,6.649548203
6,521,7.20967982
6,522,4.837042294
6,523,11.92502525
6,524,9.789077529
6,525,8.01100421
6,526,5.801123394
6,527,10.40233669
6,528,9.595974232
6,529,7.843809147
6,530,2.671507093
6,531,3.099122803
6,532,9.451300377
6,533,6.902871512
6,534,5.816761742
6,535,7.918685799
6,536,3.182181671
6,537,5.371328063
6,538,10.46059287
6,539,7.571478198
6,540,8.589476685
6,541,10.335343
6,542,3.44830041
6,543,6.273502715
6,544,11.3607176
6,545,5.836353802
6,546,6.109604639
6,547,8.893998545
6,548,10.06677278
6,549,11.11942877
6,550,8.941975545
6,551,8.502773682
6,552,8.220648898
6,553,12.40011109
6,554,8.193442221
6,555,7.228412952
6,556,10.88287624
6,557,10.76205292
6,558,9.854473104
6,559,4.842586283
6,560,11.0874614
6,561,3.246164187
6,562,5.884198338
6,563,2.179949096
6,564,3.396539525
6,565,3.771322489
6,566,6.345252087
6,567,4.740142893
6,568,7.94880927
6,569,8.337349026
6,570,13.08723852
6,571,4.975894014
6,572,6.919001705
6,573,8.24316147
6,574,6.326308734
6,575,7.035776739
6,576,6.104895114
6,577,4.910045005
6,578,11.67682855
6,579,5.348633494
6,580,8.081413225
6,581,8.557754002
6,582,7.44386291
6,583,5.648073059
6,584,5.967505398
6,585,9.468096934
6,586,7.982966733
6,587,7.329292017
6,588,4.651036128
6,589,10.86740596
6,590,2.690243856
6,591,4.316694479
6,592,4.140098977
6,593,9.114591595
6,594,4.928461785
6,595,7.979675486
6,596,6.545499898
6,597,3.300264307
6,598,3.995882471
6,599,4.916416372
6,600,4.374596172
6,601,6.431739164
6,602,7.104427366
6,603,3.884337499
6,604,4.220272963
6,605,5.051965487
6,606,3.916401108
6,607,7.072579497
6,608,4.788774495
6,609,6.403917541
6,610,1.086773133
6,611,5.341743945
6,612,8.131159658
6,613,3.852288297
6,614,5.282542928
6,615,10.35315078
6,616,5.068747285
6,617,5.419007495
6,618,4.990711361
6,619,6.773754352
6,620,7.395609813
6,621,11.60929738
6,622,2.163111088
6,623,7.42052567
6,624,5.912287255
6,625,11.29175958
6,626,5.893826965
6,627,4.923520229
6,628,7.316208085
6,629,4.894714289
6,630,5.617783936
6,631,8.818830665
6,632,4.838904073
6,633,1.052528078
6,634,13.49668498
6,635,6.926770824
6,636,6.712403542
6,637,3.019295864
6,638,4.117698157
6,639,5.856333569
6,640,4.019070514
6,641,5.92790743
6,642,4.894714289
6,643,4.097305049
6,644,4.380789053
6,645,6.302521524
6,646,17.6598258
6,647,7.250629121
6,648,5.986823829
6,649,10.8126891
6,650,12.59853367
6,651,4.632930972
6,652,6.75052601
6,653,1.920851783
6,654,4.694930225
6,655,4.589741257
6,656,7.379635711
6,657,4.627318892
6,658,4.378230211
6,659,9.086818857
6,660,3.946875501
6,661,12.03470118
6,662,5.462484101
6,663,6.184220401
6,664,6.106104857
6,665,10.04414009
6,666,6.153185492
6,667,13.61400569
6,668,5.684694006
6,669,5.272072283
6,670,3.585086466
6,671,8.704224385
6,672,5.334644995
6,673,8.505627379
6,674,5.998513747
6,675,4.845396476
6,676,4.122279285
6,677,2.102329462
6,678,8.416392882
6,679,4.048242049
6,680,3.530865159
6,681,6.094547534
6,682,6.988869014
6,683,5.481006748
6,684,8.04439438
6,685,1.216036997
6,686,5.792891592
6,687,4.851125461
6,688,5.031049338
6,689,5.254170044
6,690,7.024076664
6,691,6.660046973
6,692,2.62557678
6,693,5.33229943
6,694,6.685000286
6,695,1.399158249
6,696,1.838765087
6,697,4.105472396
6,698,3.932862202
6,699,4.812000965
6,700,6.826446862
6,701,3.91821303
6,702,2.861582215
6,703,9.494714138
6,704,3.626165687
6,705,8.590096147
6,706,3.376937148
6,707,6.554292879
6,708,6.564188051
6,709,2.378412916
6,710,3.549533519
6,711,1.052528078
6,712,4.000588839
6,713,8.950746756
6,714,7.802276454
6,715,7.187828429
6,716,4.814258625
6,717,5.420161788
6,718,8.986447393
6,719,3.971809121
6,720,3.854633671
6,721,4.905855303
6,722,7.752173516
6,723,5.485249262
6,724,6.666542364
6,725,3.261255715
6,726,2.318630898
6,727,5.884388965
6,728,4.892305601
6,729,5.33583177
6,730,8.525751824
6,731,6.183833342
6,732,4.567154857
6,733,4.943096409
6,734,4.75587147
6,735,5.322528527
6,736,7.475898524
6,737,3.405494825
6,738,6.408086216
6,739,6.16110486
6,740,3.604648811
6,741,6.340790584
6,742,3.139301142
6,743,3.527132699
6,744,3.338637833
6,745,5.888150025
6,746,8.895872905
6,747,3.884337499
6,748,2.408600271
6,749,5.033874046
6,750,3.339897662
6,751,6.870328678
6,752,5.45087949
6,753,5.121524294
6,754,7.104943306
6,755,6.109737109
6,756,8.529952907
6,757,3.732356916
6,758,8.784367032
6,759,4.971285917
6,760,3.685588321
6,761,4.521382466
6,762,3.256233815
6,763,7.061007038
6,764,3.779845474
6,765,4.771269457
6,766,3.857892451
6,767,2.587140621
6,768,3.122582289
6,769,5.160703
6,770,2.562460875
6,771,3.308249295
6,772,2.641803265
6,773,9.227002641
6,774,6.441185317
6,775,4.971821635
6,776,3.496709313
6,777,4.399570339
6,778,5.706777725
6,779,9.351835441
6,780,3.52900338
6,781,3.995882471
6,782,1.185174569
6,783,2.022817128
6,784,5.146719727
6,785,5.835772121
6,786,4.489539781
6,787,6.296283845
6,788,5.761671332
6,789,7.159712311
6,790,2.62557678
6,791,2.106780068
6,792,3.777814823
6,793,3.485230784
6,794,2.08716953
6,795,2.876153594
6,796,2.513435612
6,797,2.412085537
6,798,3.099122803
6,799,1.890724524
6,800,4.726692333
6,801,3.227067024
6,802,1.052528078
6,803,3.157363351
6,804,5.598027066
6,805,6.822707574
6,806,3.143988245
6,807,6.153842018
6,808,3.747791811
6,809,3.177865209
6,810,1.393902274
6,811,6.326972286
6,812,3.560036694
6,813,5.368487222
6,814,3.8584627
6,815,2.594714352
6,816,5.157652522
6,817,4.046178348
6,818,6.136232116
6,819,5.905927545
6,820,1.838765087
6,821,4.054820562
6,822,1.890829902
6,823,2.381223109
6,824,1.052528078
6,825,4.607316547
6,826,1.08396294
6,827,4.921944746
6,828,4.43481053
6,829,5.588110567
6,830,0.9090911145
6,831,1.345690659
6,832,3.261967241
6,833,7.608836617
6,834,7.779597538
6,835,4.557965615
6,836,6.348151054
6,837,1
6,838,2.526579267
6,839,3.074191932
6,840,3.265200865
6,841,4.723181239
6,842,2.709539788
6,843,5.758972682
6,844,1.490618484
6,845,2.683856831
6,846,3.857970263
6,847,6.413647794
6,848,3.572650872
6,849,8.557800087
6,850,4.544314974
6,851,5.732458077
6,852,6.197566815
6,853,7.956853312
6,854,3.376937148
6,855,4.503805398
6,856,5.680458861
6,857,1.232263481
6,858,4.022831575
6,859,8.134727099
6,860,5.084049634
6,861,5.263014854
6,862,5.287096174
6,863,6.455449386
6,864,5.382335641
6,865,2.233416687
6,866,1.052528078
6,867,3.129653593
6,868,4.284784369
6,869,2.686667024
6,870,4.247257219
6,871,5.895224109
6,872,0.9990604876
6,873,3.559254216
6,874,6.246137539
6,875,3.490258604
6,876,3.123074726
6,877,0.9090911145
6,878,4.37691088
6,879,2.315820705
6,880,3.90245952
6,881,1.345690659
6,882,4.266253133
6,883,2.566903203
6,884,5.04004362
6,885,5.399631649
6,886,7.060250162
6,887,4.751686352
6,888,2.051374804
6,889,1.232263481
6,890,3.432356911
6,891,4.572801751
6,892,2.988433436
6,893,4.2852078
6,894,3.856165137
6,895,3.44830041
6,896,2.255080609
6,897,7.468030246
6,898,5.279033167
6,899,3.704850287
6,900,4.396143059
6,901,2.249884221
6,902,4.094083126
6,903,5.142882347
6,904,3.019653696
6,905,1
6,906,1.890829902
6,907,4.371103556
6,908,2.315820705
6,909,4.261619217
6,910,2.712349981
6,911,2.924058373
6,912,2.876153594
6,913,3.434906197
6,914,5.315159731
6,915,1.890724524
6,916,3.374126955
6,917,1.903074263
6,918,2.106780068
6,919,3.227067024
6,920,5.533453917
6,921,3.867555633
6,922,6.105393608
6,923,3.64295647
6,924,2.651484944
6,925,1.889416921
6,926,1.399158249
6,927,1
6,928,3.590163952
6,929,1.903074263
6,930,1.890724524
6,931,1.086773133
6,932,2.063955936
6,933,1.185174569
6,934,4.763776906
6,935,2.496312916
6,936,6.512151315
6,937,1.08396294
6,938,3.343999697
6,939,2.021877616
6,940,3.743349483
6,941,2.961619124
6,942,1.052528078
6,943,1.889416921
6,944,2.134546223
6,945,1.544086075
6,946,2.421975377
6,947,1
6,948,2.207991697
6,949,2.595206789
6,950,7.677343021
6,951,6.928157197
6,952,2.08716953
6,953,2.022817128
6,954,2.961545226
6,955,2.587140621
6,956,2.653729573
6,957,3.722881897
6,958,3.091969452
6,959,3.376937148
6,960,2.739963106
6,961,1.08396294
6,962,2.493502723
6,963,3.273379954
6,964,1.08396294
6,965,7.435995002
6,966,5.580458948
6,967,1.686527902
6,968,2.879766249
6,969,1.686527902
6,970,2.27698805
6,971,1.890829902
6,972,1.890829902
6,973,2.868012706
6,974,5.591211566
6,975,3.729268922
6,976,3.392779503
6,977,2.021877616
6,978,4.35318044
6,979,2.081078633
6,980,1.490618484
6,981,6.760553759
6,982,3.762067954
6,983,2.968197991
6,984,4.624804827
6,985,1.544086075
6,986,2.737324422
6,987,5.284802828
6,988,3.261828148
6,989,3.477865145
6,990,4.463480774
6,991,4.324076894
6,992,3.920957093
6,993,2.348285657
6,994,1.052528078
6,995,2.075345206
6,996,3.230393287
6,997,3.261255715
6,998,4.016272464
6,999,3.551973686
6,1000,2.755230442
6,1001,0.9990604876
6,1002,2.802319354
6,1003,3.016837939
6,1004,2.238854125
6,1005,2.883067259
6,1006,3.26913744
6,1007,4.9910006
6,1008,5.267635404
6,1009,2.08716953
6,1010,1.929098049
6,1011,3.674606279
6,1012,2.557013363
6,1013,1.984362423
6,1014,1.490618484
6,1015,3.360964754
6,1016,1.399158249
6,1017,4.79780328
6,1018,2.505237787
6,1019,0.9062809215
6,1020,3.927026118
6,1021,1.216036997
6,1022,2.378412916
6,1023,3.549533519
6,1024,1.052528078
6,1025,3.256233815
6,1026,1.052528078
6,1027,3.878604073
6,1028,4.40664803
6,1029,1.052528078
6,1030,5.199959123
6,1031,3.27431698
6,1032,4.04800202
6,1033,3.628048946
6,1034,4.249635962
6,1035,1.086773133
6,1036,1.086773133
6,1037,2.063955936
6,1038,1.920851783
6,1039,1.08396294
6,1040,1.08396294
6,1041,2.106780068
6,1042,1.08396294
6,1043,1.890724524
6,1044,1.086773133
6,1045,4.116483946
6,1046,2.233416687
6,1047,2.248576618
6,1048,2.745582127
6,1049,1.052528078
6,1050,2.248576618
6,1051,3.123074726
6,1052,0.9090911145
6,1053,0.9090911145
6,1054,0.9090911145
6,1055,1.185174569
6,1056,2.580046858
6,1057,1
6,1058,1.345690659
6,1059,2.081078633
6,1060,1.490618484
6,1061,1.490618484
6,1062,2.671507093
6,1063,1.490618484
6,1064,5.691356389
6,1065,3.305439102
6,1066,2.022817128
6,1067,1.984362423
6,1068,2.587140621
6,1069,1.713042506
6,1070,1.345690659
6,1071,1.490618484
6,1072,1.216036997
6,1073,2.022817128
6,1074,3.064753771
6,1075,1.185174569
6,1076,1.399158249
6,1077,1
6,1078,3.60277813
6,1079,0.9062809215
6,1080,0.9062809215
6,1081,4.768459264
6,1082,3.206178176
6,1083,2.069152324
6,1084,1.232263481
6,1085,1.232263481
6,1086,3.047088844
6,1087,4.948274453
6,1088,3.604648811
6,1089,4.025366345
6,1090,1.490618484
6,1091,1.216036997
6,1092,1.185174569
6,1093,1.399158249
6,1094,1
6,1095,2.594714352
6,1096,2.248576618
6,1097,1.889416921
6,1098,3.602863986
6,1099,2.19604854
6,1100,0.9090911145
6,1101,3.079512265
6,1102,5.713825612
6,1103,2.233416687
6,1104,2.075345206
6,1105,1.889416921
6,1106,1.399158249
6,1107,1
6,1108,1.345690659
6,1109,0.9990604876
6,1110,0.9990604876
6,1111,2.802319354
6,1112,3.589488879
6,1113,4.021123831
6,1114,2.233416687
6,1115,2.075345206
6,1116,3.225759422
6,1117,1.889416921
6,1118,1.399158249
6,1119,1
6,1120,0.9090911145
6,1121,2.318630898
6,1122,0.9090911145
6,1123,0.9090911145
6,1124,0.9090911145
6,1125,2.089979723
6,1126,0.9090911145
6,1127,2.102329462
6,1128,0.9062809215
6,1129,1.713042506
6,1130,2.368507787
6,1131,0.9990604876
6,1132,0.9990604876
6,1133,0.9990604876
6,1134,0.9990604876
6,1135,0.9990604876
6,1136,0.9990604876
6,1137,0.9990604876
6,1138,2.021877616
6,1139,2.195109028
6,1140,2.562460875
6,1141,1.345690659
6,1142,1.216036997
6,1143,1
6,1144,0.9090911145
6,1145,0.9090911145
6,1146,1
6,1147,1
6,1148,1.185174569
6,1149,1
6,1150,3.61753148
6,1151,4.490971662
6,1152,1.890829902
6,1153,2.19604854
6,1154,0.9090911145
6,1155,0.9090911145
6,1156,0.9090911145
6,1157,0.9090911145
6,1158,0.9090911145
6,1159,1.886273918
6,1160,1.743169765
6,1161,0.9062809215
6,1162,1.713042506
6,1163,1.216036997
6,1164,2.193238347
6,1165,0.9062809215
6,1166,2.08716953
6,1167,0.9062809215
6,1168,0.9062809215
6,1169,0.9062809215
6,1170,2.08716953
6,1171,0.9062809215
6,1172,0.9062809215
6,1173,2.08716953
6,1174,0.9062809215
6,1175,0.9062809215
6,1176,0.9062809215
6,1177,1.929098049
6,1178,0.9062809215
6,1179,0.9062809215
6,1180,2.08716953
6,1181,1.713042506
6,1182,2.238854125
6,1183,2.087570967
6,1184,2.19604854
6,1185,0.9090911145
6,1186,0.9090911145
6,1187,0.9090911145
6,1188,0.9090911145
6,1189,0.9090911145
6,1190,1.886273918
6,1191,1.743169765
6,1192,0.9062809215
6,1193,0.9062809215
6,1194,0.9062809215
6,1195,4.486327711
6,1196,2.163111088
6,1197,2.653369761
6,1198,1.052528078
6,1199,1.052528078
6,1200,1.052528078
6,1201,1.052528078
6,1202,1.052528078
6,1203,1.052528078
6,1204,2.233416687
6,1205,1.052528078
6,1206,1.052528078
6,1207,1.052528078
6,1208,2.912234049
6,1209,2.595206789
6,1210,1
6,1211,2.803258867
6,1212,3.297946551
6,1213,2.106780068
6,1214,2.249884221
6,1215,1.086773133
6,1216,1.086773133
6,1217,2.063955936
6,1218,1.920851783
6,1219,1.08396294
6,1220,1.903074263
6,1221,1.08396294
6,1222,1.08396294
6,1223,1.890724524
6,1224,2.180888608
6,1225,1
6,1226,1.185174569
6,1227,1.399158249
6,1228,1
6,1229,1.345690659
6,1230,0.9990604876
6,1231,0.9990604876
6,1232,0.9990604876
6,1233,0.9990604876
6,1234,0.9990604876
6,1235,0.9990604876
6,1236,2.408600271
6,1237,1.835949331
6,1238,2.081078633
6,1239,1.490618484
6,1240,1.490618484
6,1241,1.490618484
6,1242,1.216036997
6,1243,2.594714352
6,1244,2.429225236
6,1245,2.862178411
6,1246,2.043067088
6,1247,1
6,1248,1.185174569
6,1249,1
6,1250,1.216036997
6,1251,1
6,1252,1.345690659
6,1253,1.216036997
6,1254,1
6,1255,1
6,1256,1.345690659
6,1257,1.216036997
6,1258,1.185174569
6,1259,1.399158249
6,1260,1
6,1261,1.216036997
6,1262,1.185174569
6,1263,1.052528078
6,1264,1.052528078
6,1265,1.052528078
6,1266,1.052528078
6,1267,1.052528078
6,1268,1.052528078
6,1269,1.052528078
6,1270,1.889416921
6,1271,1.399158249
6,1272,1
6,1273,1.185174569
6,1274,1.399158249
6,1275,1
6,1276,1
6,1277,1.345690659
6,1278,1.216036997
6,1279,1.185174569
6,1280,1.052528078
6,1281,3.182181671
6,1282,0.9990604876
6,1283,0.9990604876
6,1284,0.9990604876
6,1285,0.9990604876
6,1286,0.9990604876
6,1287,0.9990604876
6,1288,0.9990604876
6,1289,0.9990604876
6,1290,0.9990604876
6,1291,2.021877616
6,1292,2.195109028
6,1293,2.562460875
6,1294,0.9090911145
6,1295,0.9090911145
6,1296,0.9090911145
6,1297,0.9090911145
6,1298,0.9090911145
6,1299,0.9090911145
6,1300,0.9090911145
6,1301,0.9090911145
6,1302,0.9090911145
6,1303,0.9090911145
6,1304,0.9090911145
6,1305,0.9090911145
6,1306,0.9090911145
6,1307,0.9090911145
6,1308,0.9090911145
6,1309,0.9090911145
6,1310,0.9090911145
6,1311,0.9090911145
6,1312,0.9090911145
6,1313,0.9090911145
6,1314,0.9090911145
6,1315,0.9090911145
6,1316,0.9090911145
6,1317,0.9090911145
6,1318,0.9090911145
6,1319,0.9090911145
6,1320,0.9090911145
6,1321,0.9090911145
6,1322,1.216036997
6,1323,2.193238347
6,1324,0.9062809215
6,1325,0.9062809215
6,1326,0.9062809215
6,1327,0.9062809215
6,1328,0.9062809215
6,1329,0.9062809215
6,1330,0.9062809215
6,1331,0.9062809215
6,1332,0.9062809215
6,1333,0.9062809215
6,1334,0.9062809215
6,1335,0.9062809215
6,1336,0.9062809215
6,1337,0.9062809215
6,1338,0.9062809215
6,1339,0.9062809215
6,1340,0.9062809215
6,1341,0.9062809215
6,1342,0.9062809215
6,1343,0.9062809215
6,1344,0.9062809215
6,1345,0.9062809215
6,1346,0.9062809215
6,1347,0.9062809215
6,1348,0.9062809215
6,1349,0.9062809215
6,1350,0.9062809215
6,1351,2.08716953
6,1352,2.315820705
6,1353,0.9062809215
6,1354,0.9062809215
6,1355,0.9062809215
6,1356,0.9062809215
6,1357,0.9062809215
6,1358,0.9062809215
6,1359,0.9062809215
6,1360,0.9062809215
6,1361,0.9062809215
6,1362,0.9062809215
6,1363,0.9062809215
6,1364,0.9062809215
6,1365,0.9062809215
6,1366,0.9062809215
6,1367,0.9062809215
6,1368,0.9062809215
6,1369,0.9062809215
6,1370,0.9062809215
6,1371,0.9062809215
6,1372,0.9062809215
6,1373,0.9062809215
6,1374,0.9062809215
6,1375,0.9062809215
6,1376,0.9062809215
6,1377,0.9062809215
6,1378,2.08716953
6,1379,0.9062809215
6,1380,0.9062809215
6,1381,0.9062809215
6,1382,0.9062809215
6,1383,0.9062809215
6,1384,0.9062809215
6,1385,0.9062809215
6,1386,0.9062809215
6,1387,0.9062809215
6,1388,0.9062809215
6,1389,0.9062809215
6,1390,0.9062809215
6,1391,0.9062809215
6,1392,0.9062809215
6,1393,0.9062809215
6,1394,0.9062809215
6,1395,0.9062809215
6,1396,0.9062809215
6,1397,0.9062809215
6,1398,0.9062809215
6,1399,0.9062809215
6,1400,0.9062809215
6,1401,1.713042506
6,1402,1.345690659
6,1403,2.081078633
6,1404,1.490618484
6,1405,1.490618484
6,1406,1.490618484
6,1407,1.216036997
6,1408,1.185174569
6,1409,1
6,1410,1.185174569
6,1411,1.399158249
6,1412,1
6,1413,1.216036997
6,1414,1
6,1415,1.216036997
6,1416,1.185174569
6,1417,2.409539783
6,1418,1
6,1419,1
6,1420,1.216036997
6,1421,1.185174569
6,1422,1
6,1423,1.345690659
6,1424,1.216036997
6,1425,1
6,1426,1
6,1427,1.345690659
6,1428,1.216036997
6,1429,1
6,1430,1
6,1431,1
6,1432,1.743169765
6,1433,0.9062809215
6,1434,0.9062809215
6,1435,0.9062809215
6,1436,0.9062809215
6,1437,0.9062809215
6,1438,0.9062809215
6,1439,0.9062809215
6,1440,0.9062809215
6,1441,2.08716953
6,1442,0.9062809215
6,1443,0.9062809215
6,1444,0.9062809215
6,1445,0.9062809215
6,1446,0.9062809215
6,1447,0.9062809215
6,1448,0.9062809215
6,1449,0.9062809215
6,1450,0.9062809215
6,1451,0.9062809215
6,1452,0.9062809215
6,1453,0.9062809215
6,1454,0.9062809215
6,1455,0.9062809215
6,1456,0.9062809215
6,1457,0.9062809215
6,1458,0.9062809215
6,1459,0.9062809215
6,1460,0.9062809215
6,1461,0.9062809215
6,1462,0.9062809215
6,1463,0.9062809215
6,1464,0.9062809215
6,1465,0.9062809215
6,1466,0.9062809215
6,1467,0.9062809215
6,1468,0.9062809215
6,1469,2.08716953
6,1470,0.9062809215
6,1471,0.9062809215
6,1472,0.9062809215
6,1473,0.9062809215
6,1474,0.9062809215
6,1475,0.9062809215
6,1476,0.9062809215
6,1477,0.9062809215
6,1478,0.9062809215
6,1479,0.9062809215
6,1480,0.9062809215
6,1481,0.9062809215
6,1482,0.9062809215
6,1483,0.9062809215
6,1484,0.9062809215
6,1485,0.9062809215
6,1486,0.9062809215
6,1487,0.9062809215
6,1488,0.9062809215
6,1489,0.9062809215
6,1490,0.9062809215
6,1491,0.9062809215
6,1492,0.9062809215
6,1493,0.9062809215
6,1494,0.9062809215
6,1495,1.929098049
6,1496,2.072202203
6,1497,0.9090911145
6,1498,0.9090911145
6,1499,0.9090911145
6,1500,0.9090911145
6,1501,0.9090911145
6,1502,0.9090911145
6,1503,0.9090911145
6,1504,0.9090911145
6,1505,0.9090911145
6,1506,0.9090911145
6,1507,0.9090911145
6,1508,0.9090911145
6,1509,0.9090911145
6,1510,0.9090911145
6,1511,0.9090911145
6,1512,0.9090911145
6,1513,0.9090911145
6,1514,0.9090911145
6,1515,0.9090911145
6,1516,0.9090911145
6,1517,0.9090911145
6,1518,0.9090911145
6,1519,0.9090911145
6,1520,0.9090911145
6,1521,0.9090911145
6,1522,0.9090911145
6,1523,0.9090911145
6,1524,0.9090911145
6,1525,0.9090911145
6,1526,0.9090911145
6,1527,0.9090911145
6,1528,0.9090911145
6,1529,0.9090911145
6,1530,0.9090911145
6,1531,0.9090911145
6,1532,0.9090911145
6,1533,0.9090911145
6,1534,0.9090911145
6,1535,0.9090911145
6,1536,0.9090911145
6,1537,0.9090911145
6,1538,0.9090911145
6,1539,0.9090911145
6,1540,0.9090911145
6,1541,0.9090911145
6,1542,0.9090911145
6,1543,0.9090911145
6,1544,0.9090911145
6,1545,0.9090911145
6,1546,0.9090911145
6,1547,0.9090911145
6,1548,0.9090911145
6,1549,0.9090911145
6,1550,0.9090911145
6,1551,0.9090911145
6,1552,0.9090911145
6,1553,0.9090911145
6,1554,0.9090911145
6,1555,0.9090911145
6,1556,0.9090911145
6,1557,0.9090911145
6,1558,1.886273918
6,1559,1.743169765
6,1560,0.9062809215
6,1561,0.9062809215
6,1562,0.9062809215
6,1563,0.9062809215
6,1564,0.9062809215
6,1565,0.9062809215
6,1566,0.9062809215
6,1567,0.9062809215
6,1568,0.9062809215
6,1569,0.9062809215
6,1570,0.9062809215
6,1571,0.9062809215
6,1572,0.9062809215
6,1573,0.9062809215
6,1574,0.9062809215
6,1575,0.9062809215
6,1576,0.9062809215
6,1577,0.9062809215
6,1578,0.9062809215
6,1579,0.9062809215
6,1580,0.9062809215
6,1581,0.9062809215
6,1582,0.9062809215
6,1583,0.9062809215
6,1584,0.9062809215
6,1585,0.9062809215
6,1586,0.9062809215
6,1587,0.9062809215
6,1588,0.9062809215
6,1589,0.9062809215
6,1590,0.9062809215
6,1591,0.9062809215
6,1592,0.9062809215
6,1593,0.9062809215
6,1594,0.9062809215
6,1595,0.9062809215
6,1596,0.9062809215
6,1597,0.9062809215
6,1598,0.9062809215
6,1599,0.9062809215
6,1600,0.9062809215
6,1601,0.9062809215
6,1602,0.9062809215
6,1603,0.9062809215
6,1604,0.9062809215
6,1605,0.9062809215
6,1606,0.9062809215
6,1607,0.9062809215
6,1608,0.9062809215
6,1609,0.9062809215
6,1610,0.9062809215
6,1611,0.9062809215
6,1612,0.9062809215
6,1613,0.9062809215
6,1614,0.9062809215
6,1615,0.9062809215
6,1616,0.9062809215
6,1617,0.9062809215
6,1618,0.9062809215
6,1619,0.9062809215
6,1620,0.9062809215
6,1621,0.9062809215
6,1622,0.9062809215
6,1623,0.9062809215
6,1624,0.9062809215
6,1625,0.9062809215
6,1626,0.9062809215
6,1627,0.9062809215
6,1628,0.9062809215
6,1629,0.9062809215
6,1630,0.9062809215
6,1631,0.9062809215
6,1632,0.9062809215
6,1633,0.9062809215
6,1634,0.9062809215
6,1635,0.9062809215
6,1636,0.9062809215
6,1637,0.9062809215
6,1638,0.9062809215
6,1639,0.9062809215
6,1640,0.9062809215
6,1641,0.9062809215
6,1642,0.9062809215
6,1643,0.9062809215
6,1644,0.9062809215
6,1645,0.9062809215
6,1646,0.9062809215
6,1647,0.9062809215
6,1648,0.9062809215
6,1649,0.9062809215
6,1650,0.9062809215
6,1651,0.9062809215
6,1652,0.9062809215
6,1653,0.9062809215
6,1654,0.9062809215
6,1655,0.9062809215
6,1656,0.9062809215
6,1657,0.9062809215
6,1658,0.9062809215
6,1659,0.9062809215
6,1660,0.9062809215
6,1661,0.9062809215
6,1662,0.9062809215
6,1663,0.9062809215
6,1664,0.9062809215
6,1665,0.9062809215
6,1666,0.9062809215
6,1667,0.9062809215
6,1668,0.9062809215
6,1669,0.9062809215
6,1670,0.9062809215
6,1671,0.9062809215
6,1672,0.9062809215
6,1673,0.9062809215
6,1674,0.9062809215
6,1675,0.9062809215
6,1676,0.9062809215
6,1677,0.9062809215
6,1678,0.9062809215
6,1679,0.9062809215
6,1680,0.9062809215
6,1681,0.9062809215
6,1682,0.9062809215
6,1683,0.9062809215
6,1684,0.9062809215
6,1685,0.9062809215
6,1686,0.9062809215
6,1687,0.9062809215
6,1688,0.9062809215
6,1689,0.9062809215
6,1690,0.9062809215
6,1691,0.9062809215
6,1692,0.9062809215
6,1693,0.9062809215
6,1694,0.9062809215
6,1695,0.9062809215
6,1696,0.9062809215
6,1697,0.9062809215
6,1698,0.9062809215
6,1699,0.9062809215
6,1700,0.9062809215
6,1701,0.9062809215
6,1702,0.9062809215
6,1703,0.9062809215
6,1704,0.9062809215
6,1705,0.9062809215
6,1706,0.9062809215
6,1707,0.9062809215
6,1708,0.9062809215
6,1709,0.9062809215
6,1710,0.9062809215
6,1711,0.9062809215
6,1712,0.9062809215
6,1713,0.9062809215
6,1714,0.9062809215
6,1715,0.9062809215
6,1716,0.9062809215
6,1717,0.9062809215
6,1718,0.9062809215
6,1719,0.9062809215
6,1720,0.9062809215
6,1721,0.9062809215
6,1722,0.9062809215
6,1723,0.9062809215
6,1724,0.9062809215
6,1725,0.9062809215
6,1726,0.9062809215
6,1727,0.9062809215
6,1728,0.9062809215
6,1729,0.9062809215
6,1730,0.9062809215
6,1731,0.9062809215
6,1732,0.9062809215
6,1733,0.9062809215
6,1734,0.9062809215
6,1735,0.9062809215
6,1736,0.9062809215
6,1737,0.9062809215
6,1738,0.9062809215
6,1739,0.9062809215
6,1740,0.9062809215
6,1741,0.9062809215
6,1742,0.9062809215
6,1743,0.9062809215
6,1744,0.9062809215
6,1745,0.9062809215
6,1746,0.9062809215
6,1747,0.9062809215
6,1748,0.9062809215
6,1749,0.9062809215
6,1750,0.9062809215
6,1751,0.9062809215
6,1752,0.9062809215
6,1753,0.9062809215
6,1754,0.9062809215
6,1755,0.9062809215
6,1756,0.9062809215
6,1757,0.9062809215
6,1758,0.9062809215
6,1759,0.9062809215
6,1760,0.9062809215
6,1761,0.9062809215
6,1762,0.9062809215
6,1763,0.9062809215
6,1764,0.9062809215
6,1765,0.9062809215
6,1766,0.9062809215
6,1767,0.9062809215
6,1768,0.9062809215
6,1769,0.9062809215
6,1770,0.9062809215
6,1771,0.9062809215
6,1772,0.9062809215
6,1773,0.9062809215
6,1774,0.9062809215
6,1775,0.9062809215
6,1776,0.9062809215
6,1777,0.9062809215
6,1778,0.9062809215
6,1779,0.9062809215
6,1780,0.9062809215
6,1781,0.9062809215
6,1782,0.9062809215
6,1783,0.9062809215
6,1784,0.9062809215
6,1785,0.9062809215
6,1786,0.9062809215
6,1787,0.9062809215
6,1788,0.9062809215
6,1789,0.9062809215
6,1790,0.9062809215
6,1791,0.9062809215
6,1792,0.9062809215
6,1793,0.9062809215
6,1794,0.9062809215
6,1795,0.9062809215
6,1796,0.9062809215
6,1797,0.9062809215
6,1798,0.9062809215
6,1799,0.9062809215
6,1800,0.9062809215
6,1801,0.9062809215
6,1802,0.9062809215
6,1803,0.9062809215
6,1804,0.9062809215
6,1805,0.9062809215
6,1806,0.9062809215
6,1807,0.9062809215
6,1808,0.9062809215
6,1809,0.9062809215
6,1810,0.9062809215
6,1811,0.9062809215
6,1812,0.9062809215
6,1813,0.9062809215
6,1814,0.9062809215
6,1815,0.9062809215
6,1816,0.9062809215
6,1817,0.9062809215
6,1818,0.9062809215
6,1819,0.9062809215
6,1820,0.9062809215
6,1821,0.9062809215
6,1822,0.9062809215
6,1823,0.9062809215
6,1824,0.9062809215
6,1825,0.9062809215
6,1826,0.9062809215
6,1827,0.9062809215
6,1828,0.9062809215
6,1829,0.9062809215
6,1830,0.9062809215
6,1831,0.9062809215
6,1832,0.9062809215
6,1833,0.9062809215
6,1834,0.9062809215
6,1835,0.9062809215
6,1836,0.9062809215
6,1837,0.9062809215
6,1838,0.9062809215
6,1839,0.9062809215
6,1840,0.9062809215
6,1841,0.9062809215
6,1842,0.9062809215
6,1843,0.9062809215
6,1844,0.9062809215
6,1845,0.9062809215
6,1846,0.9062809215
6,1847,0.9062809215
6,1848,0.9062809215
6,1849,0.9062809215
6,1850,0.9062809215
6,1851,0.9062809215
6,1852,0.9062809215
6,1853,0.9062809215
6,1854,0.9062809215
6,1855,0.9062809215
6,1856,0.9062809215
6,1857,0.9062809215
6,1858,0.9062809215
6,1859,0.9062809215
6,1860,0.9062809215
6,1861,0.9062809215
6,1862,0.9062809215
6,1863,0.9062809215
6,1864,0.9062809215
6,1865,0.9062809215
6,1866,0.9062809215
6,1867,0.9062809215
6,1868,0.9062809215
6,1869,0.9062809215
6,1870,0.9062809215
6,1871,0.9062809215
6,1872,0.9062809215
6,1873,0.9062809215
6,1874,0.9062809215
6,1875,0.9062809215
6,1876,0.9062809215
6,1877,0.9062809215
6,1878,0.9062809215
6,1879,0.9062809215
6,1880,0.9062809215
6,1881,0.9062809215
6,1882,0.9062809215
6,1883,0.9062809215
6,1884,0.9062809215
6,1885,0.9062809215
6,1886,0.9062809215
6,1887,0.9062809215
6,1888,0.9062809215
6,1889,0.9062809215
6,1890,0.9062809215
6,1891,0.9062809215
6,1892,0.9062809215
6,1893,0.9062809215
6,1894,0.9062809215
6,1895,0.9062809215
6,1896,0.9062809215
6,1897,0.9062809215
6,1898,0.9062809215
6,1899,0.9062809215
6,1900,0.9062809215
6,1901,0.9062809215
6,1902,0.9062809215
6,1903,0.9062809215
6,1904,0.9062809215
6,1905,0.9062809215
6,1906,0.9062809215
6,1907,0.9062809215
6,1908,0.9062809215
6,1909,0.9062809215
6,1910,0.9062809215
6,1911,0.9062809215
6,1912,0.9062809215
6,1913,0.9062809215
6,1914,0.9062809215
6,1915,0.9062809215
6,1916,0.9062809215
6,1917,0.9062809215
6,1918,0.9062809215
6,1919,0.9062809215
6,1920,0.9062809215
6,1921,0.9062809215
6,1922,0.9062809215
6,1923,0.9062809215
6,1924,0.9062809215
6,1925,0.9062809215
6,1926,0.9062809215
6,1927,0.9062809215
6,1928,0.9062809215
6,1929,0.9062809215
6,1930,0.9062809215
6,1931,0.9062809215
6,1932,0.9062809215
6,1933,0.9062809215
6,1934,0.9062809215
6,1935,0.9062809215
6,1936,0.9062809215
6,1937,0.9062809215
6,1938,0.9062809215
6,1939,0.9062809215
6,1940,0.9062809215
6,1941,0.9062809215
6,1942,0.9062809215
6,1943,0.9062809215
6,1944,0.9062809215
6,1945,0.9062809215
6,1946,0.9062809215
6,1947,0.9062809215
6,1948,0.9062809215
6,1949,0.9062809215
6,1950,0.9062809215
6,1951,0.9062809215
6,1952,0.9062809215
6,1953,0.9062809215
6,1954,0.9062809215
6,1955,0.9062809215
6,1956,0.9062809215
6,1957,0.9062809215
6,1958,0.9062809215
6,1959,0.9062809215
6,1960,0.9062809215
6,1961,0.9062809215
6,1962,0.9062809215
6,1963,0.9062809215
6,1964,0.9062809215
6,1965,0.9062809215
6,1966,0.9062809215
6,1967,0.9062809215
6,1968,0.9062809215
6,1969,0.9062809215
6,1970,0.9062809215
6,1971,0.9062809215
6,1972,0.9062809215
6,1973,0.9062809215
6,1974,0.9062809215
6,1975,0.9062809215
6,1976,0.9062809215
6,1977,0.9062809215
6,1978,0.9062809215
6,1979,0.9062809215
6,1980,0.9062809215
6,1981,0.9062809215
6,1982,0.9062809215
6,1983,0.9062809215
6,1984,0.9062809215
6,1985,0.9062809215
6,1986,0.9062809215
6,1987,0.9062809215
6,1988,0.9062809215
6,1989,0.9062809215
6,1990,0.9062809215
6,1991,0.9062809215
6,1992,0.9062809215
6,1993,0.9062809215
6,1994,0.9062809215
6,1995,0.9062809215
6,1996,0.9062809215
6,1997,0.9062809215
6,1998,0.9062809215
6,1999,0.9062809215
6,2000,0.9062809215
6,2001,0.9062809215
6,2002,0.9062809215
6,2003,0.9062809215
6,2004,0.9062809215
6,2005,0.9062809215
6,2006,0.9062809215
6,2007,0.9062809215
6,2008,0.9062809215
6,2009,0.9062809215
6,2010,0.9062809215
6,2011,0.9062809215
6,2012,0.9062809215
6,2013,0.9062809215
6,2014,0.9062809215
6,2015,0.9062809215
6,2016,0.9062809215
6,2017,0.9062809215
6,2018,0.9062809215
6,2019,0.9062809215
6,2020,0.9062809215
6,2021,0.9062809215
6,2022,0.9062809215
6,2023,0.9062809215
6,2024,0.9062809215
6,2025,0.9062809215
6,2026,0.9062809215
6,2027,0.9062809215
6,2028,0.9062809215
6,2029,0.9062809215
6,2030,0.9062809215
6,2031,0.9062809215
6,2032,0.9062809215
6,2033,0.9062809215
6,2034,0.9062809215
6,2035,0.9062809215
6,2036,0.9062809215
6,2037,0.9062809215
6,2038,0.9062809215
6,2039,0.9062809215
6,2040,0.9062809215
6,2041,0.9062809215
6,2042,0.9062809215
6,2043,0.9062809215
6,2044,0.9062809215
6,2045,0.9062809215
6,2046,0.9062809215
6,2047,0.9062809215
6,2048,0.9062809215
6,2049,0.9062809215
6,2050,0.9062809215
6,2051,0.9062809215
6,2052,0.9062809215
6,2053,0.9062809215
6,2054,0.9062809215
6,2055,0.9062809215
6,2056,0.9062809215
6,2057,0.9062809215
6,2058,0.9062809215
6,2059,0.9062809215
6,2060,0.9062809215
6,2061,0.9062809215
6,2062,0.9062809215
6,2063,0.9062809215
6,2064,0.9062809215
6,2065,0.9062809215
6,2066,0.9062809215
6,2067,0.9062809215
6,2068,0.9062809215
6,2069,0.9062809215
6,2070,0.9062809215
6,2071,0.9062809215
6,2072,0.9062809215
6,2073,0.9062809215
6,2074,0.9062809215
6,2075,0.9062809215
6,2076,0.9062809215
6,2077,0.9062809215
6,2078,0.9062809215
6,2079,0.9062809215
6,2080,0.9062809215
6,2081,0.9062809215
6,2082,0.9062809215
6,2083,0.9062809215
6,2084,0.9062809215
6,2085,0.9062809215
6,2086,0.9062809215
6,2087,0.9062809215
6,2088,0.9062809215
6,2089,0.9062809215
6,2090,0.9062809215
6,2091,0.9062809215
6,2092,0.9062809215
6,2093,0.9062809215
6,2094,0.9062809215
6,2095,0.9062809215
6,2096,0.9062809215
6,2097,0.9062809215
6,2098,0.9062809215
6,2099,0.9062809215
6,2100,0.9062809215
6,2101,0.9062809215
6,2102,0.9062809215
6,2103,0.9062809215
6,2104,0.9062809215
6,2105,0.9062809215
6,2106,0.9062809215
6,2107,0.9062809215
6,2108,0.9062809215
6,2109,0.9062809215
6,2110,0.9062809215
6,2111,0.9062809215
6,2112,0.9062809215
6,2113,0.9062809215
6,2114,0.9062809215
6,2115,0.9062809215
6,2116,0.9062809215
6,2117,0.9062809215
6,2118,0.9062809215
6,2119,0.9062809215
6,2120,0.9062809215
6,2121,0.9062809215
6,2122,0.9062809215
6,2123,0.9062809215
6,2124,0.9062809215
6,2125,0.9062809215
6,2126,0.9062809215
6,2127,0.9062809215
6,2128,0.9062809215
6,2129,0.9062809215
6,2130,0.9062809215
6,2131,0.9062809215
6,2132,0.9062809215
6,2133,0.9062809215
6,2134,0.9062809215
6,2135,0.9062809215
6,2136,0.9062809215
6,2137,0.9062809215
6,2138,0.9062809215
6,2139,0.9062809215
6,2140,0.9062809215
6,2141,0.9062809215
6,2142,0.9062809215
6,2143,0.9062809215
6,2144,0.9062809215
6,2145,0.9062809215
6,2146,0.9062809215
6,2147,0.9062809215
6,2148,0.9062809215
6,2149,0.9062809215
6,2150,0.9062809215
6,2151,0.9062809215
6,2152,0.9062809215
6,2153,0.9062809215
6,2154,0.9062809215
6,2155,0.9062809215
6,2156,0.9062809215
6,2157,0.9062809215
6,2158,0.9062809215
6,2159,0.9062809215
6,2160,0.9062809215
6,2161,0.9062809215
6,2162,0.9062809215
6,2163,0.9062809215
6,2164,0.9062809215
6,2165,0.9062809215
6,2166,0.9062809215
6,2167,0.9062809215
6,2168,0.9062809215
6,2169,0.9062809215
6,2170,0.9062809215
6,2171,0.9062809215
6,2172,0.9062809215
6,2173,0.9062809215
6,2174,0.9062809215
6,2175,0.9062809215
6,2176,0.9062809215
6,2177,0.9062809215
6,2178,0.9062809215
6,2179,0.9062809215
6,2180,0.9062809215
6,2181,0.9062809215
6,2182,0.9062809215
6,2183,0.9062809215
6,2184,0.9062809215
6,2185,0.9062809215
6,2186,0.9062809215
6,2187,0.9062809215
6,2188,0.9062809215
6,2189,0.9062809215
6,2190,0.9062809215
6,2191,0.9062809215
6,2192,0.9062809215
6,2193,0.9062809215
6,2194,0.9062809215
6,2195,0.9062809215
6,2196,0.9062809215
6,2197,0.9062809215
6,2198,0.9062809215
6,2199,0.9062809215
6,2200,0.9062809215
6,2201,0.9062809215
6,2202,0.9062809215
6,2203,0.9062809215
6,2204,0.9062809215
6,2205,0.9062809215
6,2206,0.9062809215
6,2207,0.9062809215
6,2208,0.9062809215
6,2209,0.9062809215
6,2210,0.9062809215
6,2211,0.9062809215
6,2212,0.9062809215
6,2213,0.9062809215
6,2214,0.9062809215
6,2215,0.9062809215
6,2216,0.9062809215
6,2217,0.9062809215
6,2218,0.9062809215
6,2219,0.9062809215
6,2220,0.9062809215
6,2221,0.9062809215
6,2222,0.9062809215
6,2223,0.9062809215
6,2224,0.9062809215
6,2225,0.9062809215
6,2226,0.9062809215
6,2227,0.9062809215
6,2228,0.9062809215
6,2229,0.9062809215
6,2230,0.9062809215
6,2231,0.9062809215
6,2232,0.9062809215
6,2233,0.9062809215
6,2234,0.9062809215
6,2235,0.9062809215
6,2236,0.9062809215
6,2237,0.9062809215
6,2238,0.9062809215
6,2239,0.9062809215
6,2240,0.9062809215
6,2241,0.9062809215
6,2242,0.9062809215
6,2243,0.9062809215
6,2244,0.9062809215
6,2245,0.9062809215
6,2246,0.9062809215
6,2247,0.9062809215
6,2248,0.9062809215
6,2249,0.9062809215
6,2250,0.9062809215
6,2251,0.9062809215
6,2252,0.9062809215
6,2253,0.9062809215
6,2254,0.9062809215
6,2255,0.9062809215
6,2256,0.9062809215
6,2257,0.9062809215
6,2258,0.9062809215
6,2259,0.9062809215
6,2260,0.9062809215
6,2261,0.9062809215
6,2262,0.9062809215
6,2263,0.9062809215
6,2264,0.9062809215
6,2265,0.9062809215
6,2266,0.9062809215
6,2267,0.9062809215
6,2268,0.9062809215
6,2269,0.9062809215
6,2270,0.9062809215
6,2271,0.9062809215
6,2272,0.9062809215
6,2273,0.9062809215
6,2274,0.9062809215
6,2275,0.9062809215
6,2276,0.9062809215
6,2277,0.9062809215
6,2278,0.9062809215
6,2279,0.9062809215
6,2280,0.9062809215
6,2281,0.9062809215
6,2282,0.9062809215
6,2283,0.9062809215
6,2284,0.9062809215
6,2285,0.9062809215
6,2286,0.9062809215
6,2287,0.9062809215
6,2288,0.9062809215
6,2289,0.9062809215
6,2290,0.9062809215
6,2291,0.9062809215
6,2292,0.9062809215
6,2293,0.9062809215
6,2294,0.9062809215
6,2295,0.9062809215
6,2296,0.9062809215
6,2297,0.9062809215
6,2298,0.9062809215
6,2299,0.9062809215
6,2300,0.9062809215
6,2301,0.9062809215
6,2302,0.9062809215
6,2303,0.9062809215
6,2304,0.9062809215
6,2305,0.9062809215
6,2306,0.9062809215
6,2307,0.9062809215
6,2308,0.9062809215
6,2309,0.9062809215
6,2310,0.9062809215
6,2311,0.9062809215
6,2312,0.9062809215
6,2313,0.9062809215
6,2314,0.9062809215
6,2315,0.9062809215
6,2316,0.9062809215
6,2317,0.9062809215
6,2318,0.9062809215
6,2319,0.9062809215
6,2320,0.9062809215
6,2321,0.9062809215
6,2322,0.9062809215
6,2323,0.9062809215
6,2324,0.9062809215
6,2325,0.9062809215
6,2326,0.9062809215
6,2327,0.9062809215
6,2328,0.9062809215
6,2329,0.9062809215
6,2330,0.9062809215
6,2331,0.9062809215
6,2332,0.9062809215
6,2333,0.9062809215
6,2334,0.9062809215
6,2335,0.9062809215
6,2336,0.9062809215
6,2337,0.9062809215
6,2338,0.9062809215
6,2339,0.9062809215
6,2340,0.9062809215
6,2341,0.9062809215
6,2342,0.9062809215
6,2343,0.9062809215
6,2344,0.9062809215
6,2345,0.9062809215
6,2346,0.9062809215
6,2347,0.9062809215
6,2348,0.9062809215
6,2349,0.9062809215
6,2350,0.9062809215
6,2351,0.9062809215
6,2352,0.9062809215
6,2353,0.9062809215
6,2354,0.9062809215
6,2355,0.9062809215
6,2356,0.9062809215
6,2357,0.9062809215
6,2358,0.9062809215
6,2359,0.9062809215
6,2360,0.9062809215
6,2361,0.9062809215
6,2362,0.9062809215
6,2363,0.9062809215
6,2364,0.9062809215
6,2365,0.9062809215
6,2366,0.9062809215
6,2367,0.9062809215
6,2368,0.9062809215
6,2369,0.9062809215
6,2370,0.9062809215
6,2371,0.9062809215
6,2372,0.9062809215
6,2373,0.9062809215
6,2374,0.9062809215
6,2375,0.9062809215
6,2376,0.9062809215
6,2377,0.9062809215
6,2378,0.9062809215
6,2379,0.9062809215
6,2380,0.9062809215
6,2381,0.9062809215
6,2382,0.9062809215
6,2383,0.9062809215
6,2384,0.9062809215
6,2385,0.9062809215
6,2386,0.9062809215
6,2387,0.9062809215
6,2388,0.9062809215
6,2389,0.9062809215
6,2390,0.9062809215
6,2391,0.9062809215
6,2392,0.9062809215
6,2393,0.9062809215
6,2394,0.9062809215
6,2395,0.9062809215
6,2396,0.9062809215
6,2397,0.9062809215
6,2398,0.9062809215
6,2399,0.9062809215
6,2400,0.9062809215
6,2401,0.9062809215
6,2402,0.9062809215
6,2403,0.9062809215
6,2404,0.9062809215
6,2405,0.9062809215
6,2406,0.9062809215
6,2407,0.9062809215
6,2408,0.9062809215
6,2409,0.9062809215
6,2410,0.9062809215
6,2411,0.9062809215
6,2412,0.9062809215
6,2413,0.9062809215
6,2414,0.9062809215
6,2415,0.9062809215
6,2416,0.9062809215
6,2417,0.9062809215
6,2418,0.9062809215
6,2419,0.9062809215
6,2420,0.9062809215
6,2421,0.9062809215
6,2422,0.9062809215
6,2423,0.9062809215
6,2424,0.9062809215
6,2425,0.9062809215
6,2426,0.9062809215
6,2427,0.9062809215
6,2428,0.9062809215
6,2429,0.9062809215
6,2430,0.9062809215
6,2431,0.9062809215
6,2432,0.9062809215
6,2433,0.9062809215
6,2434,0.9062809215
6,2435,0.9062809215
6,2436,0.9062809215
6,2437,0.9062809215
6,2438,0.9062809215
6,2439,0.9062809215
6,2440,0.9062809215
6,2441,0.9062809215
6,2442,0.9062809215
6,2443,0.9062809215
6,2444,0.9062809215
6,2445,0.9062809215
6,2446,0.9062809215
6,2447,0.9062809215
6,2448,0.9062809215
6,2449,0.9062809215
6,2450,0.9062809215
6,2451,0.9062809215
6,2452,0.9062809215
6,2453,0.9062809215
6,2454,0.9062809215
6,2455,0.9062809215
6,2456,0.9062809215
6,2457,0.9062809215
6,2458,0.9062809215
6,2459,0.9062809215
6,2460,0.9062809215
6,2461,0.9062809215
6,2462,0.9062809215
6,2463,0.9062809215
6,2464,0.9062809215
6,2465,0.9062809215
6,2466,0.9062809215
6,2467,0.9062809215
6,2468,0.9062809215
6,2469,0.9062809215
6,2470,0.9062809215
6,2471,0.9062809215
6,2472,0.9062809215
6,2473,0.9062809215
6,2474,0.9062809215
6,2475,0.9062809215
6,2476,0.9062809215
6,2477,0.9062809215
6,2478,0.9062809215
6,2479,0.9062809215
6,2480,0.9062809215
6,2481,0.9062809215
6,2482,0.9062809215
6,2483,0.9062809215
6,2484,0.9062809215
6,2485,0.9062809215
6,2486,0.9062809215
6,2487,0.9062809215
6,2488,0.9062809215
6,2489,0.9062809215
6,2490,0.9062809215
6,2491,0.9062809215
6,2492,0.9062809215
6,2493,0.9062809215
6,2494,0.9062809215
6,2495,0.9062809215
6,2496,0.9062809215
6,2497,0.9062809215
6,2498,0.9062809215
6,2499,0.9062809215
6,2500,0.9062809215
6,2501,0.9062809215
6,2502,0.9062809215
6,2503,0.9062809215
6,2504,0.9062809215
6,2505,0.9062809215
6,2506,0.9062809215
6,2507,0.9062809215
6,2508,0.9062809215
6,2509,0.9062809215
6,2510,0.9062809215
6,2511,0.9062809215
6,2512,0.9062809215
6,2513,0.9062809215
6,2514,0.9062809215
6,2515,0.9062809215
6,2516,0.9062809215
6,2517,0.9062809215
6,2518,0.9062809215
6,2519,0.9062809215
6,2520,0.9062809215
6,2521,0.9062809215
6,2522,0.9062809215
6,2523,0.9062809215
6,2524,0.9062809215
6,2525,0.9062809215
6,2526,0.9062809215
6,2527,0.9062809215
6,2528,0.9062809215
6,2529,0.9062809215
6,2530,0.9062809215
6,2531,0.9062809215
6,2532,0.9062809215
6,2533,0.9062809215
6,2534,0.9062809215
6,2535,0.9062809215
6,2536,0.9062809215
6,2537,0.9062809215
6,2538,0.9062809215
6,2539,0.9062809215
6,2540,0.9062809215
6,2541,0.9062809215
6,2542,0.9062809215
6,2543,0.9062809215
6,2544,0.9062809215
6,2545,0.9062809215
6,2546,0.9062809215
6,2547,0.9062809215
6,2548,0.9062809215
6,2549,0.9062809215
6,2550,0.9062809215
6,2551,0.9062809215
6,2552,0.9062809215
6,2553,0.9062809215
6,2554,0.9062809215
6,2555,0.9062809215
6,2556,0.9062809215
6,2557,0.9062809215
6,2558,0.9062809215
6,2559,0.9062809215
6,2560,0.9062809215
6,2561,0.9062809215
6,2562,0.9062809215
6,2563,0.9062809215
6,2564,0.9062809215
6,2565,0.9062809215
6,2566,0.9062809215
6,2567,0.9062809215
6,2568,0.9062809215
6,2569,0.9062809215
6,2570,0.9062809215
6,2571,0.9062809215
6,2572,0.9062809215
6,2573,0.9062809215
6,2574,0.9062809215
6,2575,0.9062809215
6,2576,0.9062809215
6,2577,0.9062809215
6,2578,0.9062809215
6,2579,0.9062809215
6,2580,0.9062809215
6,2581,0.9062809215
6,2582,0.9062809215
6,2583,0.9062809215
6,2584,0.9062809215
6,2585,0.9062809215
6,2586,0.9062809215
6,2587,0.9062809215
6,2588,0.9062809215
6,2589,0.9062809215
6,2590,0.9062809215
6,2591,0.9062809215
6,2592,0.9062809215
6,2593,0.9062809215
6,2594,0.9062809215
6,2595,0.9062809215
6,2596,0.9062809215
6,2597,0.9062809215
6,2598,0.9062809215
6,2599,0.9062809215
6,2600,0.9062809215
6,2601,0.9062809215
6,2602,0.9062809215
6,2603,0.9062809215
6,2604,0.9062809215
6,2605,0.9062809215
6,2606,0.9062809215
6,2607,0.9062809215
6,2608,0.9062809215
6,2609,0.9062809215
6,2610,0.9062809215
6,2611,0.9062809215
6,2612,0.9062809215
6,2613,0.9062809215
6,2614,0.9062809215
6,2615,0.9062809215
6,2616,0.9062809215
6,2617,0.9062809215
6,2618,0.9062809215
6,2619,0.9062809215
6,2620,0.9062809215
6,2621,0.9062809215
6,2622,0.9062809215
6,2623,0.9062809215
6,2624,0.9062809215
6,2625,0.9062809215
6,2626,0.9062809215
6,2627,0.9062809215
6,2628,0.9062809215
6,2629,0.9062809215
6,2630,0.9062809215
6,2631,0.9062809215
6,2632,0.9062809215
6,2633,0.9062809215
6,2634,0.9062809215
6,2635,0.9062809215
6,2636,0.9062809215
6,2637,0.9062809215
6,2638,0.9062809215
6,2639,0.9062809215
6,2640,0.9062809215
6,2641,0.9062809215
6,2642,0.9062809215
6,2643,0.9062809215
6,2644,0.9062809215
6,2645,0.9062809215
6,2646,0.9062809215
6,2647,0.9062809215
6,2648,0.9062809215
6,2649,0.9062809215
6,2650,0.9062809215
6,2651,0.9062809215
6,2652,0.9062809215
6,2653,0.9062809215
6,2654,0.9062809215
6,2655,0.9062809215
6,2656,0.9062809215
6,2657,0.9062809215
6,2658,0.9062809215
6,2659,0.9062809215
6,2660,0.9062809215
6,2661,0.9062809215
6,2662,0.9062809215
6,2663,0.9062809215
6,2664,0.9062809215
6,2665,0.9062809215
6,2666,0.9062809215
6,2667,0.9062809215
6,2668,0.9062809215
6,2669,0.9062809215
6,2670,0.9062809215
6,2671,0.9062809215
6,2672,0.9062809215
6,2673,0.9062809215
6,2674,0.9062809215
6,2675,0.9062809215
6,2676,0.9062809215
6,2677,0.9062809215
6,2678,0.9062809215
6,2679,0.9062809215
6,2680,0.9062809215
6,2681,0.9062809215
6,2682,0.9062809215
6,2683,0.9062809215
6,2684,0.9062809215
6,2685,0.9062809215
6,2686,0.9062809215
6,2687,0.9062809215
6,2688,0.9062809215
6,2689,0.9062809215
6,2690,0.9062809215
6,2691,0.9062809215
6,2692,0.9062809215
6,2693,0.9062809215
6,2694,0.9062809215
6,2695,0.9062809215
6,2696,0.9062809215
6,2697,0.9062809215
6,2698,0.9062809215
6,2699,0.9062809215
6,2700,0.9062809215
6,2701,0.9062809215
6,2702,0.9062809215
6,2703,0.9062809215
6,2704,0.9062809215
6,2705,0.9062809215
6,2706,0.9062809215
6,2707,0.9062809215
6,2708,0.9062809215
6,2709,0.9062809215
6,2710,0.9062809215
6,2711,0.9062809215
6,2712,0.9062809215
6,2713,0.9062809215
6,2714,0.9062809215
6,2715,0.9062809215
6,2716,0.9062809215
6,2717,0.9062809215
6,2718,0.9062809215
6,2719,0.9062809215
6,2720,0.9062809215
6,2721,0.9062809215
6,2722,0.9062809215
6,2723,0.9062809215
6,2724,0.9062809215
6,2725,0.9062809215
6,2726,0.9062809215
6,2727,0.9062809215
6,2728,0.9062809215
6,2729,0.9062809215
6,2730,0.9062809215
6,2731,0.9062809215
6,2732,0.9062809215
6,2733,0.9062809215
6,2734,0.9062809215
6,2735,0.9062809215
6,2736,0.9062809215
6,2737,0.9062809215
6,2738,0.9062809215
6,2739,0.9062809215
6,2740,0.9062809215
6,2741,0.9062809215
6,2742,0.9062809215
6,2743,0.9062809215
6,2744,0.9062809215
6,2745,0.9062809215
6,2746,0.9062809215
6,2747,0.9062809215
6,2748,0.9062809215
6,2749,0.9062809215
6,2750,0.9062809215
6,2751,0.9062809215
6,2752,0.9062809215
6,2753,0.9062809215
6,2754,0.9062809215
6,2755,0.9062809215
6,2756,0.9062809215
6,2757,0.9062809215
6,2758,0.9062809215
6,2759,0.9062809215
6,2760,0.9062809215
6,2761,0.9062809215
6,2762,0.9062809215
6,2763,0.9062809215
6,2764,0.9062809215
6,2765,0.9062809215
6,2766,0.9062809215
6,2767,0.9062809215
6,2768,0.9062809215
6,2769,0.9062809215
6,2770,0.9062809215
6,2771,0.9062809215
6,2772,0.9062809215
6,2773,0.9062809215
6,2774,0.9062809215
6,2775,0.9062809215
6,2776,0.9062809215
6,2777,0.9062809215
6,2778,0.9062809215
6,2779,0.9062809215
6,2780,0.9062809215
6,2781,0.9062809215
6,2782,0.9062809215
6,2783,0.9062809215
6,2784,0.9062809215
6,2785,0.9062809215
6,2786,0.9062809215
6,2787,0.9062809215
6,2788,0.9062809215
6,2789,0.9062809215
6,2790,0.9062809215
6,2791,0.9062809215
6,2792,0.9062809215
6,2793,0.9062809215
6,2794,0.9062809215
6,2795,0.9062809215
6,2796,0.9062809215
6,2797,0.9062809215
6,2798,0.9062809215
6,2799,0.9062809215
6,2800,0.9062809215
6,2801,0.9062809215
6,2802,0.9062809215
6,2803,0.9062809215
6,2804,0.9062809215
6,2805,0.9062809215
6,2806,0.9062809215
6,2807,0.9062809215
6,2808,0.9062809215
6,2809,0.9062809215
6,2810,0.9062809215
6,2811,0.9062809215
6,2812,0.9062809215
6,2813,0.9062809215
6,2814,0.9062809215
6,2815,0.9062809215
6,2816,0.9062809215
6,2817,0.9062809215
6,2818,0.9062809215
6,2819,0.9062809215
6,2820,0.9062809215
6,2821,0.9062809215
6,2822,0.9062809215
6,2823,0.9062809215
6,2824,0.9062809215
6,2825,0.9062809215
6,2826,0.9062809215
6,2827,0.9062809215
6,2828,0.9062809215
6,2829,0.9062809215
6,2830,0.9062809215
6,2831,0.9062809215
6,2832,0.9062809215
6,2833,0.9062809215
6,2834,0.9062809215
6,2835,0.9062809215
6,2836,0.9062809215
6,2837,0.9062809215
6,2838,0.9062809215
6,2839,0.9062809215
6,2840,0.9062809215
6,2841,0.9062809215
6,2842,0.9062809215
6,2843,0.9062809215
6,2844,0.9062809215
6,2845,0.9062809215
6,2846,0.9062809215
6,2847,0.9062809215
6,2848,0.9062809215
6,2849,0.9062809215
6,2850,0.9062809215
6,2851,0.9062809215
6,2852,0.9062809215
6,2853,0.9062809215
6,2854,0.9062809215
6,2855,0.9062809215
6,2856,0.9062809215
6,2857,0.9062809215
6,2858,0.9062809215
6,2859,0.9062809215
6,2860,0.9062809215
6,2861,0.9062809215
6,2862,0.9062809215
6,2863,0.9062809215
6,2864,0.9062809215
6,2865,0.9062809215
6,2866,0.9062809215
6,2867,0.9062809215
6,2868,0.9062809215
6,2869,0.9062809215
6,2870,0.9062809215
6,2871,0.9062809215
6,2872,0.9062809215
6,2873,0.9062809215
6,2874,0.9062809215
6,2875,0.9062809215
6,2876,0.9062809215
6,2877,0.9062809215
6,2878,0.9062809215
6,2879,0.9062809215
6,2880,0.9062809215
6,2881,0.9062809215
6,2882,0.9062809215
6,2883,0.9062809215
6,2884,0.9062809215
6,2885,0.9062809215
6,2886,0.9062809215
6,2887,0.9062809215
6,2888,0.9062809215
6,2889,0.9062809215
6,2890,0.9062809215
6,2891,0.9062809215
6,2892,0.9062809215
6,2893,0.9062809215
6,2894,0.9062809215
6,2895,0.9062809215
6,2896,0.9062809215
6,2897,0.9062809215
6,2898,0.9062809215
6,2899,0.9062809215
6,2900,0.9062809215
6,2901,0.9062809215
6,2902,0.9062809215
6,2903,0.9062809215
6,2904,0.9062809215
6,2905,0.9062809215
6,2906,0.9062809215
6,2907,0.9062809215
6,2908,0.9062809215
6,2909,0.9062809215
6,2910,0.9062809215
6,2911,0.9062809215
6,2912,0.9062809215
6,2913,0.9062809215
6,2914,0.9062809215
6,2915,0.9062809215
6,2916,0.9062809215
6,2917,0.9062809215
6,2918,0.9062809215
6,2919,0.9062809215
6,2920,0.9062809215
6,2921,0.9062809215
6,2922,0.9062809215
6,2923,0.9062809215
6,2924,0.9062809215
6,2925,0.9062809215
6,2926,0.9062809215
6,2927,0.9062809215
6,2928,0.9062809215
6,2929,0.9062809215
6,2930,0.9062809215
6,2931,0.9062809215
6,2932,0.9062809215
6,2933,0.9062809215
6,2934,0.9062809215
6,2935,0.9062809215
6,2936,0.9062809215
6,2937,0.9062809215
6,2938,0.9062809215
6,2939,0.9062809215
6,2940,0.9062809215
6,2941,0.9062809215
6,2942,0.9062809215
6,2943,0.9062809215
6,2944,0.9062809215
6,2945,0.9062809215
6,2946,0.9062809215
6,2947,0.9062809215
6,2948,0.9062809215
6,2949,0.9062809215
6,2950,0.9062809215
6,2951,0.9062809215
6,2952,0.9062809215
6,2953,0.9062809215
6,2954,0.9062809215
6,2955,0.9062809215
6,2956,0.9062809215
6,2957,0.9062809215
6,2958,0.9062809215
6,2959,0.9062809215
6,2960,0.9062809215
6,2961,0.9062809215
6,2962,0.9062809215
6,2963,0.9062809215
6,2964,0.9062809215
6,2965,0.9062809215
6,2966,0.9062809215
6,2967,0.9062809215
6,2968,0.9062809215
6,2969,0.9062809215
6,2970,0.9062809215
6,2971,0.9062809215
6,2972,0.9062809215
6,2973,0.9062809215
6,2974,0.9062809215
6,2975,0.9062809215
6,2976,0.9062809215
6,2977,0.9062809215
6,2978,0.9062809215
6,2979,0.9062809215
6,2980,0.9062809215
6,2981,0.9062809215
6,2982,0.9062809215
6,2983,0.9062809215
6,2984,0.9062809215
6,2985,0.9062809215
6,2986,0.9062809215
6,2987,0.9062809215
6,2988,0.9062809215
6,2989,0.9062809215
6,2990,0.9062809215
6,2991,0.9062809215
6,2992,0.9062809215
6,2993,0.9062809215
6,2994,0.9062809215
6,2995,0.9062809215
6,2996,0.9062809215
6,2997,0.9062809215
6,2998,0.9062809215
6,2999,0.9062809215
6,3000,0.9062809215
6,3001,0.9062809215
6,3002,0.9062809215
6,3003,0.9062809215
6,3004,0.9062809215
6,3005,0.9062809215
6,3006,0.9062809215
6,3007,0.9062809215
6,3008,0.9062809215
6,3009,0.9062809215
6,3010,0.9062809215
6,3011,0.9062809215
6,3012,0.9062809215
6,3013,0.9062809215
6,3014,0.9062809215
6,3015,0.9062809215
6,3016,0.9062809215
6,3017,0.9062809215
6,3018,0.9062809215
6,3019,0.9062809215
6,3020,0.9062809215
6,3021,0.9062809215
6,3022,0.9062809215
6,3023,0.9062809215
6,3024,0.9062809215
6,3025,0.9062809215
6,3026,0.9062809215
6,3027,0.9062809215
6,3028,0.9062809215
6,3029,0.9062809215
6,3030,0.9062809215
6,3031,0.9062809215
6,3032,0.9062809215
6,3033,0.9062809215
6,3034,0.9062809215
6,3035,0.9062809215
6,3036,0.9062809215
6,3037,0.9062809215
6,3038,0.9062809215
6,3039,0.9062809215
6,3040,0.9062809215
6,3041,0.9062809215
6,3042,0.9062809215
6,3043,0.9062809215
6,3044,0.9062809215
6,3045,0.9062809215
6,3046,0.9062809215
6,3047,0.9062809215
6,3048,0.9062809215
6,3049,0.9062809215
6,3050,0.9062809215
6,3051,0.9062809215
6,3052,0.9062809215
6,3053,0.9062809215
6,3054,0.9062809215
6,3055,0.9062809215
6,3056,0.9062809215
6,3057,0.9062809215
6,3058,0.9062809215
6,3059,0.9062809215
6,3060,0.9062809215
6,3061,0.9062809215
6,3062,0.9062809215
6,3063,0.9062809215
6,3064,0.9062809215
6,3065,0.9062809215
6,3066,0.9062809215
6,3067,0.9062809215
6,3068,0.9062809215
6,3069,0.9062809215
6,3070,0.9062809215
6,3071,0.9062809215
6,3072,0.9062809215
6,3073,0.9062809215
6,3074,0.9062809215
6,3075,0.9062809215
6,3076,0.9062809215
6,3077,0.9062809215
6,3078,0.9062809215
6,3079,0.9062809215
6,3080,0.9062809215
6,3081,0.9062809215
6,3082,0.9062809215
6,3083,0.9062809215
6,3084,0.9062809215
6,3085,0.9062809215
6,3086,0.9062809215
6,3087,0.9062809215
6,3088,0.9062809215
6,3089,0.9062809215
6,3090,0.9062809215
6,3091,0.9062809215
6,3092,0.9062809215
6,3093,0.9062809215
6,3094,0.9062809215
6,3095,0.9062809215
6,3096,0.9062809215
6,3097,0.9062809215
6,3098,0.9062809215
6,3099,0.9062809215
6,3100,0.9062809215
6,3101,0.9062809215
6,3102,0.9062809215
6,3103,0.9062809215
6,3104,0.9062809215
6,3105,0.9062809215
6,3106,0.9062809215
6,3107,0.9062809215
6,3108,0.9062809215
6,3109,0.9062809215
6,3110,0.9062809215
6,3111,0.9062809215
6,3112,0.9062809215
6,3113,0.9062809215
6,3114,0.9062809215
6,3115,0.9062809215
6,3116,0.9062809215
6,3117,0.9062809215
6,3118,0.9062809215
6,3119,0.9062809215
6,3120,0.9062809215
6,3121,0.9062809215
6,3122,0.9062809215
6,3123,0.9062809215
6,3124,0.9062809215
6,3125,0.9062809215
6,3126,0.9062809215
6,3127,0.9062809215
6,3128,0.9062809215
6,3129,0.9062809215
6,3130,0.9062809215
6,3131,0.9062809215
6,3132,0.9062809215
6,3133,0.9062809215
6,3134,0.9062809215
6,3135,0.9062809215
6,3136,0.9062809215
6,3137,0.9062809215
6,3138,0.9062809215
6,3139,0.9062809215
6,3140,0.9062809215
6,3141,0.9062809215
6,3142,0.9062809215
6,3143,0.9062809215
6,3144,0.9062809215
6,3145,0.9062809215
6,3146,0.9062809215
6,3147,0.9062809215
6,3148,0.9062809215
6,3149,0.9062809215
6,3150,0.9062809215
6,3151,0.9062809215
6,3152,0.9062809215
6,3153,0.9062809215
6,3154,0.9062809215
6,3155,0.9062809215
6,3156,0.9062809215
6,3157,0.9062809215
6,3158,0.9062809215
6,3159,0.9062809215
6,3160,0.9062809215
6,3161,0.9062809215
6,3162,0.9062809215
6,3163,0.9062809215
6,3164,0.9062809215
6,3165,0.9062809215
6,3166,0.9062809215
6,3167,0.9062809215
6,3168,0.9062809215
6,3169,0.9062809215
6,3170,0.9062809215
6,3171,0.9062809215
6,3172,0.9062809215
6,3173,0.9062809215
6,3174,0.9062809215
6,3175,0.9062809215
6,3176,0.9062809215
6,3177,0.9062809215
6,3178,0.9062809215
6,3179,0.9062809215
6,3180,0.9062809215
6,3181,0.9062809215
6,3182,0.9062809215
6,3183,0.9062809215
6,3184,0.9062809215
6,3185,0.9062809215
6,3186,0.9062809215
6,3187,0.9062809215
6,3188,0.9062809215
6,3189,0.9062809215
6,3190,0.9062809215
6,3191,0.9062809215
6,3192,0.9062809215
6,3193,0.9062809215
6,3194,0.9062809215
6,3195,0.9062809215
6,3196,0.9062809215
6,3197,0.9062809215
6,3198,0.9062809215
6,3199,0.9062809215
6,3200,0.9062809215
6,3201,0.9062809215
6,3202,0.9062809215
6,3203,0.9062809215
6,3204,0.9062809215
6,3205,0.9062809215
6,3206,0.9062809215
6,3207,0.9062809215
6,3208,0.9062809215
6,3209,0.9062809215
6,3210,0.9062809215
6,3211,0.9062809215
6,3212,0.9062809215
6,3213,0.9062809215
6,3214,0.9062809215
6,3215,0.9062809215
6,3216,0.9062809215
6,3217,0.9062809215
6,3218,0.9062809215
6,3219,0.9062809215
6,3220,0.9062809215
6,3221,0.9062809215
6,3222,0.9062809215
6,3223,0.9062809215
6,3224,0.9062809215
6,3225,0.9062809215
6,3226,0.9062809215
6,3227,0.9062809215
6,3228,0.9062809215
6,3229,0.9062809215
6,3230,0.9062809215
6,3231,0.9062809215
6,3232,0.9062809215
6,3233,0.9062809215
6,3234,0.9062809215
6,3235,0.9062809215
6,3236,0.9062809215
6,3237,0.9062809215
6,3238,0.9062809215
6,3239,0.9062809215
6,3240,0.9062809215
6,3241,0.9062809215
6,3242,0.9062809215
6,3243,0.9062809215
6,3244,0.9062809215
6,3245,0.9062809215
6,3246,0.9062809215
6,3247,0.9062809215
6,3248,0.9062809215
6,3249,0.9062809215
6,3250,0.9062809215
6,3251,0.9062809215
6,3252,0.9062809215
6,3253,0.9062809215
6,3254,0.9062809215
6,3255,0.9062809215
6,3256,0.9062809215
6,3257,0.9062809215
6,3258,0.9062809215
6,3259,0.9062809215
6,3260,0.9062809215
6,3261,0.9062809215
6,3262,0.9062809215
6,3263,0.9062809215
6,3264,0.9062809215
6,3265,0.9062809215
6,3266,0.9062809215
6,3267,0.9062809215
6,3268,0.9062809215
6,3269,0.9062809215
6,3270,0.9062809215
6,3271,0.9062809215
6,3272,0.9062809215
6,3273,0.9062809215
6,3274,0.9062809215
6,3275,0.9062809215
6,3276,0.9062809215
6,3277,0.9062809215
6,3278,0.9062809215
6,3279,0.9062809215
6,3280,0.9062809215
6,3281,0.9062809215
6,3282,0.9062809215
6,3283,0.9062809215
6,3284,0.9062809215
6,3285,0.9062809215
6,3286,0.9062809215
6,3287,0.9062809215
6,3288,0.9062809215
6,3289,0.9062809215
6,3290,0.9062809215
6,3291,0.9062809215
6,3292,0.9062809215
6,3293,0.9062809215
6,3294,0.9062809215
6,3295,0.9062809215
6,3296,0.9062809215
6,3297,0.9062809215
6,3298,0.9062809215
6,3299,0.9062809215
6,3300,0.9062809215
6,3301,0.9062809215
6,3302,0.9062809215
6,3303,0.9062809215
6,3304,0.9062809215
6,3305,0.9062809215
6,3306,0.9062809215
6,3307,0.9062809215
6,3308,0.9062809215
6,3309,0.9062809215
6,3310,0.9062809215
6,3311,0.9062809215
6,3312,0.9062809215
6,3313,0.9062809215
6,3314,0.9062809215
6,3315,0.9062809215
6,3316,0.9062809215
6,3317,0.9062809215
6,3318,0.9062809215
6,3319,0.9062809215
6,3320,0.9062809215
6,3321,0.9062809215
6,3322,0.9062809215
6,3323,0.9062809215
6,3324,0.9062809215
6,3325,0.9062809215
6,3326,0.9062809215
6,3327,0.9062809215
6,3328,0.9062809215
6,3329,0.9062809215
6,3330,0.9062809215
6,3331,0.9062809215
6,3332,0.9062809215
6,3333,0.9062809215
6,3334,0.9062809215
6,3335,0.9062809215
6,3336,0.9062809215
6,3337,0.9062809215
6,3338,0.9062809215
6,3339,0.9062809215
6,3340,0.9062809215
6,3341,0.9062809215
6,3342,0.9062809215
6,3343,0.9062809215
6,3344,0.9062809215
6,3345,0.9062809215
6,3346,0.9062809215
6,3347,0.9062809215
6,3348,0.9062809215
6,3349,0.9062809215
6,3350,0.9062809215
6,3351,0.9062809215
6,3352,0.9062809215
6,3353,0.9062809215
6,3354,0.9062809215
6,3355,0.9062809215
6,3356,0.9062809215
6,3357,0.9062809215
6,3358,0.9062809215
6,3359,0.9062809215
6,3360,0.9062809215
6,3361,0.9062809215
6,3362,0.9062809215
6,3363,0.9062809215
6,3364,0.9062809215
6,3365,0.9062809215
6,3366,0.9062809215
6,3367,0.9062809215
6,3368,0.9062809215
6,3369,0.9062809215
6,3370,0.9062809215
6,3371,0.9062809215
6,3372,0.9062809215
6,3373,0.9062809215
6,3374,0.9062809215
6,3375,0.9062809215
6,3376,0.9062809215
6,3377,0.9062809215
6,3378,0.9062809215
6,3379,0.9062809215
6,3380,0.9062809215
6,3381,0.9062809215
6,3382,0.9062809215
6,3383,0.9062809215
6,3384,0.9062809215
6,3385,0.9062809215
6,3386,0.9062809215
6,3387,0.9062809215
6,3388,0.9062809215
6,3389,0.9062809215
6,3390,0.9062809215
6,3391,0.9062809215
6,3392,0.9062809215
6,3393,0.9062809215
6,3394,0.9062809215
6,3395,0.9062809215
6,3396,0.9062809215
6,3397,0.9062809215
6,3398,0.9062809215
6,3399,0.9062809215
6,3400,0.9062809215
6,3401,0.9062809215
6,3402,0.9062809215
6,3403,0.9062809215
6,3404,0.9062809215
6,3405,0.9062809215
6,3406,0.9062809215
6,3407,0.9062809215
6,3408,0.9062809215
6,3409,0.9062809215
6,3410,0.9062809215
6,3411,0.9062809215
6,3412,0.9062809215
6,3413,0.9062809215
6,3414,0.9062809215
6,3415,0.9062809215
6,3416,0.9062809215
6,3417,0.9062809215
6,3418,0.9062809215
6,3419,0.9062809215
6,3420,0.9062809215
6,3421,0.9062809215
6,3422,0.9062809215
6,3423,0.9062809215
6,3424,0.9062809215
6,3425,0.9062809215
6,3426,0.9062809215
6,3427,0.9062809215
6,3428,0.9062809215
6,3429,0.9062809215
6,3430,0.9062809215
6,3431,0.9062809215
6,3432,0.9062809215
6,3433,0.9062809215
6,3434,0.9062809215
6,3435,0.9062809215
6,3436,0.9062809215
6,3437,0.9062809215
6,3438,0.9062809215
6,3439,0.9062809215
6,3440,0.9062809215
6,3441,0.9062809215
6,3442,0.9062809215
6,3443,0.9062809215
6,3444,0.9062809215
6,3445,0.9062809215
6,3446,0.9062809215
6,3447,0.9062809215
6,3448,0.9062809215
6,3449,0.9062809215
6,3450,0.9062809215
6,3451,0.9062809215
6,3452,0.9062809215
6,3453,0.9062809215
6,3454,0.9062809215
6,3455,0.9062809215
6,3456,0.9062809215
6,3457,0.9062809215
6,3458,0.9062809215
6,3459,0.9062809215
6,3460,0.9062809215
6,3461,0.9062809215
6,3462,0.9062809215
6,3463,0.9062809215
6,3464,0.9062809215
6,3465,0.9062809215
6,3466,0.9062809215
6,3467,0.9062809215
6,3468,0.9062809215
6,3469,0.9062809215
6,3470,0.9062809215
6,3471,0.9062809215
6,3472,0.9062809215
6,3473,0.9062809215
6,3474,0.9062809215
6,3475,0.9062809215
6,3476,0.9062809215
6,3477,0.9062809215
6,3478,0.9062809215
6,3479,0.9062809215
6,3480,0.9062809215
6,3481,0.9062809215
6,3482,0.9062809215
6,3483,0.9062809215
6,3484,0.9062809215
6,3485,0.9062809215
6,3486,0.9062809215
6,3487,0.9062809215
6,3488,0.9062809215
6,3489,0.9062809215
6,3490,0.9062809215
6,3491,0.9062809215
6,3492,0.9062809215
6,3493,0.9062809215
6,3494,0.9062809215
6,3495,0.9062809215
6,3496,0.9062809215
6,3497,0.9062809215
6,3498,0.9062809215
6,3499,0.9062809215
6,3500,0.9062809215
6,3501,0.9062809215
6,3502,0.9062809215
6,3503,0.9062809215
6,3504,0.9062809215
6,3505,0.9062809215
6,3506,0.9062809215
6,3507,0.9062809215
6,3508,0.9062809215
6,3509,0.9062809215
6,3510,0.9062809215
6,3511,0.9062809215
6,3512,0.9062809215
6,3513,0.9062809215
6,3514,0.9062809215
6,3515,0.9062809215
6,3516,0.9062809215
6,3517,0.9062809215
6,3518,0.9062809215
6,3519,0.9062809215
6,3520,0.9062809215
6,3521,0.9062809215
6,3522,0.9062809215
6,3523,0.9062809215
6,3524,0.9062809215
6,3525,0.9062809215
6,3526,0.9062809215
6,3527,0.9062809215
6,3528,0.9062809215
6,3529,0.9062809215
6,3530,0.9062809215
6,3531,0.9062809215
6,3532,0.9062809215
6,3533,0.9062809215
6,3534,0.9062809215
6,3535,0.9062809215
6,3536,0.9062809215
6,3537,0.9062809215
6,3538,0.9062809215
6,3539,0.9062809215
6,3540,0.9062809215
6,3541,0.9062809215
6,3542,0.9062809215
6,3543,0.9062809215
6,3544,0.9062809215
6,3545,0.9062809215
6,3546,0.9062809215
6,3547,0.9062809215
6,3548,0.9062809215
6,3549,0.9062809215
6,3550,0.9062809215
6,3551,0.9062809215
6,3552,0.9062809215
6,3553,0.9062809215
6,3554,0.9062809215
6,3555,0.9062809215
6,3556,0.9062809215
6,3557,0.9062809215
6,3558,0.9062809215
6,3559,0.9062809215
6,3560,0.9062809215
6,3561,0.9062809215
6,3562,0.9062809215
6,3563,0.9062809215
6,3564,0.9062809215
6,3565,0.9062809215
6,3566,0.9062809215
6,3567,0.9062809215
6,3568,0.9062809215
6,3569,0.9062809215
6,3570,0.9062809215
6,3571,0.9062809215
6,3572,0.9062809215
6,3573,0.9062809215
6,3574,0.9062809215
6,3575,0.9062809215
6,3576,0.9062809215
6,3577,0.9062809215
6,3578,0.9062809215
6,3579,0.9062809215
6,3580,0.9062809215
6,3581,0.9062809215
6,3582,0.9062809215
6,3583,0.9062809215
6,3584,0.9062809215
6,3585,0.9062809215
6,3586,0.9062809215
6,3587,0.9062809215
6,3588,0.9062809215
6,3589,0.9062809215
6,3590,0.9062809215
6,3591,0.9062809215
6,3592,0.9062809215
6,3593,0.9062809215
6,3594,0.9062809215
6,3595,0.9062809215
6,3596,0.9062809215
6,3597,0.9062809215
6,3598,0.9062809215
6,3599,0.9062809215
6,3600,0.9062809215
6,3601,0.9062809215
6,3602,0.9062809215
6,3603,0.9062809215
6,3604,0.9062809215
6,3605,0.9062809215
6,3606,0.9062809215
6,3607,0.9062809215
6,3608,0.9062809215
6,3609,0.9062809215
6,3610,0.9062809215
6,3611,0.9062809215
6,3612,0.9062809215
6,3613,0.9062809215
6,3614,0.9062809215
6,3615,0.9062809215
6,3616,0.9062809215
6,3617,0.9062809215
6,3618,0.9062809215
6,3619,0.9062809215
6,3620,0.9062809215
6,3621,0.9062809215
6,3622,0.9062809215
6,3623,0.9062809215
6,3624,0.9062809215
6,3625,0.9062809215
6,3626,0.9062809215
6,3627,0.9062809215
6,3628,0.9062809215
6,3629,0.9062809215
6,3630,0.9062809215
6,3631,0.9062809215
6,3632,0.9062809215
6,3633,0.9062809215
6,3634,0.9062809215
6,3635,0.9062809215
6,3636,0.9062809215
6,3637,0.9062809215
6,3638,0.9062809215
6,3639,0.9062809215
6,3640,0.9062809215
6,3641,0.9062809215
6,3642,0.9062809215
6,3643,0.9062809215
6,3644,0.9062809215
6,3645,0.9062809215
6,3646,0.9062809215
6,3647,0.9062809215
6,3648,0.9062809215
6,3649,0.9062809215
6,3650,0.9062809215
6,3651,0.9062809215
6,3652,0.9062809215
6,3653,0.9062809215
6,3654,0.9062809215
6,3655,0.9062809215
6,3656,0.9062809215
6,3657,0.9062809215
6,3658,0.9062809215
6,3659,0.9062809215
6,3660,0.9062809215
6,3661,0.9062809215
6,3662,0.9062809215
6,3663,0.9062809215
6,3664,0.9062809215
6,3665,0.9062809215
6,3666,0.9062809215
6,3667,0.9062809215
6,3668,0.9062809215
6,3669,0.9062809215
6,3670,0.9062809215
6,3671,0.9062809215
6,3672,0.9062809215
6,3673,0.9062809215
6,3674,0.9062809215
6,3675,0.9062809215
6,3676,0.9062809215
6,3677,0.9062809215
6,3678,0.9062809215
6,3679,0.9062809215
6,3680,0.9062809215
6,3681,0.9062809215
6,3682,0.9062809215
6,3683,0.9062809215
6,3684,0.9062809215
6,3685,0.9062809215
6,3686,0.9062809215
6,3687,0.9062809215
6,3688,0.9062809215
6,3689,0.9062809215
6,3690,0.9062809215
6,3691,0.9062809215
6,3692,0.9062809215
6,3693,0.9062809215
6,3694,0.9062809215
6,3695,0.9062809215
6,3696,0.9062809215
6,3697,0.9062809215
6,3698,0.9062809215
6,3699,0.9062809215
6,3700,0.9062809215
6,3701,0.9062809215
6,3702,0.9062809215
6,3703,0.9062809215
6,3704,0.9062809215
6,3705,0.9062809215
6,3706,0.9062809215
6,3707,0.9062809215
6,3708,0.9062809215
6,3709,0.9062809215
6,3710,0.9062809215
6,3711,0.9062809215
6,3712,0.9062809215
6,3713,0.9062809215
6,3714,0.9062809215
6,3715,0.9062809215
6,3716,0.9062809215
6,3717,0.9062809215
6,3718,0.9062809215
6,3719,0.9062809215
6,3720,0.9062809215
6,3721,0.9062809215
6,3722,0.9062809215
6,3723,0.9062809215
6,3724,0.9062809215
6,3725,0.9062809215
6,3726,0.9062809215
6,3727,0.9062809215
6,3728,0.9062809215
6,3729,0.9062809215
6,3730,0.9062809215
6,3731,0.9062809215
6,3732,0.9062809215
6,3733,0.9062809215
6,3734,0.9062809215
6,3735,0.9062809215
6,3736,0.9062809215
6,3737,0.9062809215
6,3738,0.9062809215
6,3739,0.9062809215
6,3740,0.9062809215
6,3741,0.9062809215
6,3742,0.9062809215
6,3743,0.9062809215
6,3744,0.9062809215
6,3745,0.9062809215
6,3746,0.9062809215
6,3747,0.9062809215
6,3748,0.9062809215
6,3749,0.9062809215
6,3750,0.9062809215
6,3751,0.9062809215
6,3752,0.9062809215
6,3753,0.9062809215
6,3754,0.9062809215
6,3755,0.9062809215
6,3756,0.9062809215
6,3757,0.9062809215
6,3758,0.9062809215
6,3759,0.9062809215
6,3760,0.9062809215
6,3761,0.9062809215
6,3762,0.9062809215
6,3763,0.9062809215
6,3764,0.9062809215
6,3765,0.9062809215
6,3766,0.9062809215
6,3767,0.9062809215
6,3768,0.9062809215
6,3769,0.9062809215
6,3770,0.9062809215
6,3771,0.9062809215
6,3772,0.9062809215
6,3773,0.9062809215
6,3774,0.9062809215
6,3775,0.9062809215
6,3776,0.9062809215
6,3777,0.9062809215
6,3778,0.9062809215
6,3779,0.9062809215
6,3780,0.9062809215
6,3781,0.9062809215
6,3782,0.9062809215
6,3783,0.9062809215
6,3784,0.9062809215
6,3785,0.9062809215
6,3786,0.9062809215
6,3787,0.9062809215
6,3788,0.9062809215
6,3789,0.9062809215
6,3790,0.9062809215
6,3791,0.9062809215
6,3792,0.9062809215
6,3793,0.9062809215
6,3794,0.9062809215
6,3795,0.9062809215
6,3796,0.9062809215
6,3797,0.9062809215
6,3798,0.9062809215
6,3799,0.9062809215
6,3800,0.9062809215
6,3801,0.9062809215
6,3802,0.9062809215
6,3803,0.9062809215
6,3804,0.9062809215
6,3805,0.9062809215
6,3806,0.9062809215
6,3807,0.9062809215
6,3808,0.9062809215
6,3809,0.9062809215
6,3810,0.9062809215
6,3811,0.9062809215
6,3812,0.9062809215
6,3813,0.9062809215
6,3814,0.9062809215
6,3815,0.9062809215
6,3816,0.9062809215
6,3817,0.9062809215
6,3818,0.9062809215
6,3819,0.9062809215
6,3820,0.9062809215
6,3821,0.9062809215
6,3822,0.9062809215
6,3823,0.9062809215
6,3824,0.9062809215
6,3825,0.9062809215
6,3826,0.9062809215
6,3827,0.9062809215
6,3828,0.9062809215
6,3829,0.9062809215
6,3830,0.9062809215
6,3831,0.9062809215
6,3832,0.9062809215
6,3833,0.9062809215
6,3834,0.9062809215
6,3835,0.9062809215
6,3836,0.9062809215
6,3837,0.9062809215
6,3838,0.9062809215
6,3839,0.9062809215
6,3840,0.9062809215
6,3841,0.9062809215
6,3842,0.9062809215
6,3843,0.9062809215
6,3844,0.9062809215
6,3845,0.9062809215
6,3846,0.9062809215
6,3847,0.9062809215
6,3848,0.9062809215
6,3849,0.9062809215
6,3850,0.9062809215
6,3851,0.9062809215
6,3852,0.9062809215
6,3853,0.9062809215
6,3854,0.9062809215
6,3855,0.9062809215
6,3856,0.9062809215
6,3857,0.9062809215
6,3858,0.9062809215
6,3859,0.9062809215
6,3860,0.9062809215
6,3861,0.9062809215
6,3862,0.9062809215
6,3863,0.9062809215
6,3864,0.9062809215
6,3865,0.9062809215
6,3866,0.9062809215
6,3867,0.9062809215
6,3868,0.9062809215
6,3869,0.9062809215
6,3870,0.9062809215
6,3871,0.9062809215
6,3872,0.9062809215
6,3873,0.9062809215
6,3874,0.9062809215
6,3875,0.9062809215
6,3876,0.9062809215
6,3877,0.9062809215
6,3878,0.9062809215
6,3879,0.9062809215
6,3880,0.9062809215
6,3881,0.9062809215
6,3882,0.9062809215
6,3883,0.9062809215
6,3884,0.9062809215
6,3885,0.9062809215
6,3886,0.9062809215
6,3887,0.9062809215
6,3888,0.9062809215
6,3889,0.9062809215
6,3890,0.9062809215
6,3891,0.9062809215
6,3892,0.9062809215
6,3893,0.9062809215
6,3894,0.9062809215
6,3895,0.9062809215
6,3896,0.9062809215
6,3897,0.9062809215
6,3898,0.9062809215
6,3899,0.9062809215
6,3900,0.9062809215
6,3901,0.9062809215
6,3902,0.9062809215
6,3903,0.9062809215
6,3904,0.9062809215
6,3905,0.9062809215
6,3906,0.9062809215
6,3907,0.9062809215
6,3908,0.9062809215
6,3909,0.9062809215
6,3910,0.9062809215
6,3911,0.9062809215
6,3912,0.9062809215
6,3913,0.9062809215
6,3914,0.9062809215
6,3915,0.9062809215
6,3916,0.9062809215
6,3917,0.9062809215
6,3918,0.9062809215
6,3919,0.9062809215
6,3920,0.9062809215
6,3921,0.9062809215
6,3922,0.9062809215
6,3923,0.9062809215
6,3924,0.9062809215
6,3925,0.9062809215
6,3926,0.9062809215
6,3927,0.9062809215
6,3928,0.9062809215
6,3929,0.9062809215
6,3930,0.9062809215
6,3931,0.9062809215
6,3932,0.9062809215
6,3933,0.9062809215
6,3934,0.9062809215
6,3935,0.9062809215
6,3936,0.9062809215
6,3937,0.9062809215
6,3938,0.9062809215
6,3939,0.9062809215
6,3940,0.9062809215
6,3941,0.9062809215
6,3942,0.9062809215
6,3943,0.9062809215
6,3944,0.9062809215
6,3945,0.9062809215
6,3946,0.9062809215
6,3947,0.9062809215
6,3948,0.9062809215
6,3949,0.9062809215
6,3950,0.9062809215
6,3951,0.9062809215
6,3952,0.9062809215
6,3953,0.9062809215
6,3954,0.9062809215
6,3955,0.9062809215
6,3956,0.9062809215
6,3957,0.9062809215
6,3958,0.9062809215
6,3959,0.9062809215
6,3960,0.9062809215
6,3961,0.9062809215
6,3962,0.9062809215
6,3963,0.9062809215
6,3964,0.9062809215
6,3965,0.9062809215
6,3966,0.9062809215
6,3967,0.9062809215
6,3968,0.9062809215
6,3969,0.9062809215
6,3970,0.9062809215
6,3971,0.9062809215
6,3972,0.9062809215
6,3973,0.9062809215
6,3974,0.9062809215
6,3975,0.9062809215
6,3976,0.9062809215
6,3977,0.9062809215
6,3978,0.9062809215
6,3979,0.9062809215
6,3980,0.9062809215
6,3981,0.9062809215
6,3982,0.9062809215
6,3983,0.9062809215
6,3984,0.9062809215
6,3985,0.9062809215
6,3986,0.9062809215
6,3987,0.9062809215
6,3988,0.9062809215
6,3989,0.9062809215
6,3990,0.9062809215
6,3991,0.9062809215
6,3992,0.9062809215
6,3993,0.9062809215
6,3994,0.9062809215
6,3995,0.9062809215
6,3996,0.9062809215
6,3997,0.9062809215
6,3998,0.9062809215
6,3999,0.9062809215
6,4000,0.9062809215
6,4001,0.9062809215
6,4002,0.9062809215
6,4003,0.9062809215
6,4004,0.9062809215
6,4005,0.9062809215
6,4006,0.9062809215
6,4007,0.9062809215
6,4008,0.9062809215
6,4009,0.9062809215
6,4010,0.9062809215
6,4011,0.9062809215
6,4012,0.9062809215
6,4013,0.9062809215
6,4014,0.9062809215
6,4015,0.9062809215
6,4016,0.9062809215
6,4017,0.9062809215
6,4018,0.9062809215
6,4019,0.9062809215
6,4020,0.9062809215
6,4021,0.9062809215
6,4022,0.9062809215
6,4023,0.9062809215
6,4024,0.9062809215
6,4025,0.9062809215
6,4026,0.9062809215
6,4027,0.9062809215
6,4028,0.9062809215
6,4029,0.9062809215
6,4030,0.9062809215
6,4031,0.9062809215
6,4032,0.9062809215
6,4033,0.9062809215
6,4034,0.9062809215
6,4035,0.9062809215
6,4036,0.9062809215
6,4037,0.9062809215
6,4038,0.9062809215
6,4039,0.9062809215
6,4040,0.9062809215
6,4041,0.9062809215
6,4042,0.9062809215
6,4043,0.9062809215
6,4044,0.9062809215
6,4045,0.9062809215
6,4046,0.9062809215
6,4047,0.9062809215
6,4048,0.9062809215
6,4049,0.9062809215
6,4050,0.9062809215
6,4051,0.9062809215
6,4052,0.9062809215
6,4053,0.9062809215
6,4054,0.9062809215
6,4055,0.9062809215
6,4056,0.9062809215
6,4057,0.9062809215
6,4058,0.9062809215
6,4059,0.9062809215
6,4060,0.9062809215
6,4061,0.9062809215
6,4062,0.9062809215
6,4063,0.9062809215
6,4064,0.9062809215
6,4065,0.9062809215
6,4066,0.9062809215
6,4067,0.9062809215
6,4068,0.9062809215
6,4069,0.9062809215
6,4070,0.9062809215
6,4071,0.9062809215
6,4072,0.9062809215
6,4073,0.9062809215
6,4074,0.9062809215
6,4075,0.9062809215
6,4076,0.9062809215
6,4077,0.9062809215
6,4078,0.9062809215
6,4079,0.9062809215
6,4080,0.9062809215
6,4081,0.9062809215
6,4082,0.9062809215
6,4083,0.9062809215
6,4084,0.9062809215
6,4085,0.9062809215
6,4086,0.9062809215
6,4087,0.9062809215
6,4088,0.9062809215
6,4089,0.9062809215
6,4090,0.9062809215
6,4091,0.9062809215
6,4092,0.9062809215
6,4093,0.9062809215
6,4094,0.9062809215
6,4095,0.9062809215
6,4096,0.9062809215
6,4097,0.9062809215
6,4098,0.9062809215
6,4099,0.9062809215
6,4100,0.9062809215
6,4101,0.9062809215
6,4102,0.9062809215
6,4103,0.9062809215
6,4104,0.9062809215
6,4105,0.9062809215
6,4106,0.9062809215
6,4107,0.9062809215
6,4108,0.9062809215
6,4109,0.9062809215
6,4110,0.9062809215
6,4111,0.9062809215
6,4112,0.9062809215
6,4113,0.9062809215
6,4114,0.9062809215
6,4115,0.9062809215
6,4116,0.9062809215
6,4117,0.9062809215
6,4118,0.9062809215
6,4119,0.9062809215
6,4120,0.9062809215
6,4121,0.9062809215
6,4122,0.9062809215
6,4123,0.9062809215
6,4124,0.9062809215
6,4125,0.9062809215
6,4126,0.9062809215
6,4127,0.9062809215
6,4128,0.9062809215
6,4129,0.9062809215
6,4130,0.9062809215
6,4131,0.9062809215
6,4132,0.9062809215
6,4133,0.9062809215
6,4134,0.9062809215
6,4135,0.9062809215
6,4136,0.9062809215
6,4137,0.9062809215
6,4138,0.9062809215
6,4139,0.9062809215
6,4140,0.9062809215
6,4141,0.9062809215
6,4142,0.9062809215
6,4143,0.9062809215
6,4144,0.9062809215
6,4145,0.9062809215
6,4146,0.9062809215
6,4147,0.9062809215
6,4148,0.9062809215
6,4149,0.9062809215
6,4150,0.9062809215
6,4151,0.9062809215
6,4152,0.9062809215
6,4153,0.9062809215
6,4154,0.9062809215
6,4155,0.9062809215
6,4156,0.9062809215
6,4157,0.9062809215
6,4158,0.9062809215
6,4159,0.9062809215
6,4160,0.9062809215
6,4161,0.9062809215
6,4162,0.9062809215
6,4163,0.9062809215
6,4164,0.9062809215
6,4165,0.9062809215
6,4166,0.9062809215
6,4167,0.9062809215
6,4168,0.9062809215
6,4169,0.9062809215
6,4170,0.9062809215
6,4171,0.9062809215
6,4172,0.9062809215
6,4173,0.9062809215
6,4174,0.9062809215
6,4175,0.9062809215
6,4176,0.9062809215
6,4177,0.9062809215
6,4178,0.9062809215
6,4179,0.9062809215
6,4180,0.9062809215
6,4181,0.9062809215
6,4182,0.9062809215
6,4183,0.9062809215
6,4184,0.9062809215
6,4185,0.9062809215
6,4186,0.9062809215
6,4187,0.9062809215
6,4188,0.9062809215
6,4189,0.9062809215
6,4190,0.9062809215
6,4191,0.9062809215
6,4192,0.9062809215
6,4193,0.9062809215
6,4194,0.9062809215
6,4195,0.9062809215
6,4196,0.9062809215
6,4197,0.9062809215
6,4198,0.9062809215
6,4199,0.9062809215
7,0,19.15548031
7,1,4.297803431
7,2,9.708561505
7,3,8.053672162
7,4,11.12800923
7,5,12.95906411
7,6,17.77304266
7,7,14.85385049
7,8,17.81975443
7,9,13.26078812
7,10,20.43260453
7,11,9.115269758
7,12,11.06187314
7,13,19.45985039
7,14,14.07412122
7,15,13.27970274
7,16,7.144322906
7,17,14.98010926
7,18,9.046736925
7,19,6.509426978
7,20,16.68575879
7,21,20.36872972
7,22,9.403379785
7,23,23.05572946
7,24,6.281794194
7,25,14.34368209
7,26,6.488142971
7,27,13.58766874
7,28,9.552903534
7,29,10.13176241
7,30,11.60527397
7,31,6.789081909
7,32,8.229520838
7,33,6.798404329
7,34,6.727227844
7,35,17.62561072
7,36,6.642897825
7,37,7.871200922
7,38,14.35984529
7,39,5.789223518
7,40,7.03481627
7,41,24.5608178
7,42,12.90272346
7,43,7.802016213
7,44,16.14292117
7,45,7.439367718
7,46,18.61083152
7,47,4.796102333
7,48,30.06660517
7,49,10.47021827
7,50,11.3573218
7,51,12.78153309
7,52,12.19444051
7,53,12.1367982
7,54,16.32361051
7,55,6.847945693
7,56,12.00475886
7,57,13.27684385
7,58,6.834618848
7,59,10.24141369
7,60,11.96389398
7,61,15.57592257
7,62,11.81293341
7,63,22.62552631
7,64,7.00564948
7,65,12.07853525
7,66,10.70499872
7,67,15.00559808
7,68,13.36396319
7,69,9.538596887
7,70,8.30554559
7,71,15.7070517
7,72,9.437244368
7,73,11.22835248
7,74,11.83019664
7,75,8.459169653
7,76,9.574423579
7,77,14.57607155
7,78,13.83368765
7,79,12.90877656
7,80,9.874530896
7,81,11.8729807
7,82,6.623359445
7,83,25.60619662
7,84,6.668539279
7,85,11.08214698
7,86,16.82776647
7,87,7.477575769
7,88,12.94220737
7,89,11.32690785
7,90,12.05148284
7,91,8.229855256
7,92,7.401478587
7,93,9.178085536
7,94,3.446247093
7,95,9.03014145
7,96,22.67975364
7,97,4.831234969
7,98,15.07270453
7,99,12.45166018
7,100,12.14510598
7,101,10.87162002
7,102,9.124038223
7,103,15.04591212
7,104,5.658911306
7,105,8.624228608
7,106,16.43737802
7,107,9.086983668
7,108,10.16827566
7,109,7.022621402
7,110,12.25067071
7,111,9.304342734
7,112,10.94452266
7,113,11.33625278
7,114,8.482038492
7,115,11.36638003
7,116,14.27109611
7,117,10.38438686
7,118,12.25331648
7,119,18.13222312
7,120,10.99658482
7,121,10.15770028
7,122,19.33987164
7,123,11.53019089
7,124,18.20649101
7,125,9.820355041
7,126,17.29112427
7,127,7.188868716
7,128,9.954943253
7,129,10.13436213
7,130,3.574948435
7,131,12.00264146
7,132,8.088180291
7,133,9.910770755
7,134,11.65243675
7,135,16.04152404
7,136,10.78272127
7,137,14.08676389
7,138,14.93322062
7,139,6.610113737
7,140,19.04575654
7,141,15.89023255
7,142,7.48244591
7,143,15.0112786
7,144,3.628048946
7,145,9.827687425
7,146,9.631642917
7,147,8.678494519
7,148,8.44572546
7,149,14.31446285
7,150,10.32699097
7,151,15.34494888
7,152,7.904733331
7,153,8.700304294
7,154,10.32773506
7,155,8.868873624
7,156,6.253638679
7,157,6.85730929
7,158,12.07004354
7,159,10.87346834
7,160,11.43999519
7,161,11.37227907
7,162,11.541027
7,163,6.109350394
7,164,16.79291826
7,165,9.828413438
7,166,11.63030204
7,167,14.10638
7,168,6.550118259
7,169,13.23117737
7,170,7.904733331
7,171,11.77250717
7,172,4.767945696
7,173,12.12110985
7,174,7.247648485
7,175,8.535192349
7,176,20.87711933
7,177,7.997197439
7,178,5.024753507
7,179,19.30801138
7,180,5.533808062
7,181,13.11075553
7,182,8.116075984
7,183,8.804188379
7,184,7.781577045
7,185,9.853420393
7,186,17.85771124
7,187,10.33291915
7,188,21.25697582
7,189,6.16718741
7,190,15.3365681
7,191,6.701688051
7,192,11.46548419
7,193,8.62250609
7,194,14.23056075
7,195,11.81497536
7,196,8.841145629
7,197,10.81793748
7,198,10.03452223
7,199,8.801565382
7,200,7.228629281
7,201,4.10165432
7,202,19.28047608
7,203,6.058582253
7,204,12.11565214
7,205,5.36277527
7,206,7.689932721
7,207,19.48669764
7,208,6.921926131
7,209,5.371598686
7,210,17.18274839
7,211,6.190045501
7,212,8.981397864
7,213,7.905794852
7,214,15.82192027
7,215,7.899371883
7,216,9.234908078
7,217,7.166194709
7,218,13.79776601
7,219,14.17213238
7,220,6.438948644
7,221,11.32127278
7,222,7.302542763
7,223,7.101388609
7,224,7.301137018
7,225,6.682737033
7,226,7.517582668
7,227,8.937524251
7,228,8.498862064
7,229,4.036890432
7,230,14.53290275
7,231,5.956400511
7,232,6.681163318
7,233,5.989274825
7,234,7.912683719
7,235,7.444331429
7,236,9.213661886
7,237,17.82771705
7,238,10.42165116
7,239,12.68107167
7,240,10.10172392
7,241,11.73117856
7,242,7.291664274
7,243,9.696031759
7,244,10.35962457
7,245,5.563400417
7,246,16.7961632
7,247,7.017885484
7,248,12.50005344
7,249,14.70524052
7,250,7.60616685
7,251,14.04489542
7,252,11.45408277
7,253,5.502979525
7,254,6.421514301
7,255,16.57117971
7,256,11.19739442
7,257,6.950745787
7,258,8.618162432
7,259,14.86296658
7,260,9.939514324
7,261,10.24506937
7,262,3.947242523
7,263,10.51823533
7,264,5.935186366
7,265,7.010531672
7,266,8.863543657
7,267,13.30966231
7,268,5.639813398
7,269,12.61890905
7,270,10.13928316
7,271,8.394050442
7,272,4.279438978
7,273,8.347053482
7,274,5.772610063
7,275,9.401644296
7,276,11.38724798
7,277,8.835937068
7,278,6.006938335
7,279,8.852890375
7,280,6.152016955
7,281,6.30554559
7,282,7.635919524
7,283,7.181354641
7,284,10.84667477
7,285,8.158240701
7,286,6.363565351
7,287,8.811466878
7,288,14.65962469
7,289,6.540072392
7,290,24.25969421
7,291,5.261809533
7,292,8.643512499
7,293,10.71641646
7,294,9.518368439
7,295,16.27356375
7,296,11.8978394
7,297,6.150042488
7,298,13.99034451
7,299,9.430011225
7,300,4.644247805
7,301,15.75351426
7,302,11.08732961
7,303,7.735202124
7,304,6.811392308
7,305,8.40721774
7,306,6.139166393
7,307,6.854284841
7,308,4.081501995
7,309,13.04363632
7,310,13.10543228
7,311,19.22741796
7,312,10.00109149
7,313,4.04800202
7,314,9.007272966
7,315,5.215481478
7,316,13.73585287
7,317,6.043820667
7,318,9.249409902
7,319,11.06045819
7,320,11.19754017
7,321,15.13227542
7,322,5.274882476
7,323,10.84319848
7,324,3.047272035
7,325,12.03548836
7,326,10.78202392
7,327,8.654881869
7,328,8.040149086
7,329,7.243360785
7,330,13.67500723
7,331,5.367952249
7,332,14.61138465
7,333,10.03479491
7,334,7.966632887
7,335,9.48824118
7,336,12.08188442
7,337,9.906630709
7,338,6.079106385
7,339,11.00536649
7,340,9.022243765
7,341,8.768940512
7,342,8.497594211
7,343,6.451111305
7,344,6.196951545
7,345,8.226379604
7,346,8.75064134
7,347,9.511866596
7,348,7.808781361
7,349,10.58704864
7,350,6.564013186
7,351,5.315159731
7,352,10.68668653
7,353,9.686263257
7,354,16.26038816
7,355,7.593861329
7,356,8.443920334
7,357,14.15533622
7,358,5.985316314
7,359,7.513413717
7,360,13.67664901
7,361,8.923787702
7,362,4.380283528
7,363,8.106364324
7,364,6.879498702
7,365,8.323588251
7,366,13.68807851
7,367,11.7666208
7,368,7.160129002
7,369,1.889416921
7,370,14.6964497
7,371,5.996849414
7,372,15.26599107
7,373,2.106780068
7,374,11.84877609
7,375,6.422215876
7,376,9.504109764
7,377,13.87120079
7,378,5.70651632
7,379,4.548840925
7,380,9.908828817
7,381,4.651789082
7,382,2.408600271
7,383,7.16881359
7,384,8.11291343
7,385,7.636827275
7,386,8.15273012
7,387,8.767784054
7,388,9.522545165
7,389,5.404932233
7,390,7.745994268
7,391,7.400228988
7,392,10.06482823
7,393,9.835371912
7,394,9.210792106
7,395,4.363666357
7,396,5.720752976
7,397,6.829422306
7,398,13.57353615
7,399,12.84918833
7,400,10.8876198
7,401,7.895512055
7,402,7.143051151
7,403,6.116758577
7,404,11.20659911
7,405,6.172899362
7,406,15.36815193
7,407,7.763809998
7,408,8.363486501
7,409,6.458015713
7,410,9.212886255
7,411,10.45282835
7,412,7.742459071
7,413,8.226800934
7,414,5.909824265
7,415,8.960342969
7,416,6.558256425
7,417,7.008196356
7,418,13.86275013
7,419,7.934410307
7,420,7.002492751
7,421,8.475934729
7,422,9.349133406
7,423,8.888390508
7,424,7.599221012
7,425,6.619868447
7,426,13.13050342
7,427,6.303228097
7,428,6.424912939
7,429,8.744291506
7,430,5.833882943
7,431,6.012752858
7,432,10.95398133
7,433,6.520605743
7,434,14.1532614
7,435,6.162817984
7,436,7.39326254
7,437,6.083232749
7,438,11.19833656
7,439,4.366816825
7,440,14.05467153
7,441,7.078308967
7,442,7.836169913
7,443,5.269872541
7,444,3.363039778
7,445,11.45640204
7,446,5.200094451
7,447,6.618034001
7,448,5.994116191
7,449,14.05969337
7,450,5.786634483
7,451,8.761487414
7,452,4.928626253
7,453,6.028466676
7,454,7.61608786
7,455,7.63567873
7,456,11.28985623
7,457,5.313202923
7,458,6.13178151
7,459,10.79775179
7,460,13.76787054
7,461,8.270356417
7,462,8.528129098
7,463,10.13711378
7,464,12.07661479
7,465,4.370305623
7,466,4.296976469
7,467,5.420161788
7,468,8.065241396
7,469,6.169113815
7,470,4.055416758
7,471,4.708943524
7,472,11.5041993
7,473,7.688046177
7,474,10.01929938
7,475,4.232097287
7,476,3.531461304
7,477,7.444009751
7,478,4.904227468
7,479,8.312588142
7,480,4.581831614
7,481,12.43115538
7,482,5.544839654
7,483,15.56978325
7,484,8.434410088
7,485,8.239633082
7,486,6.196763242
7,487,3.957153376
7,488,5.65303698
7,489,10.15707218
7,490,3.844599314
7,491,6.636859803
7,492,5.789077597
7,493,8.504058384
7,494,2.022817128
7,495,8.082504886
7,496,5.217913104
7,497,6.979279157
7,498,7.257559268
7,499,7.950293665
7,500,9.190585993
7,501,6.072254697
7,502,4.03575766
7,503,3.572389593
7,504,10.9498355
7,505,6.334857917
7,506,3.588575263
7,507,5.930925783
7,508,8.104481066
7,509,6.516407593
7,510,4.729489543
7,511,7.705748521
7,512,8.142246033
7,513,8.364965889
7,514,9.131969497
7,515,11.52798742
7,516,6.130555244
7,517,9.44062849
7,518,6.584701542
7,519,5.179925246
7,520,4.916416372
7,521,6.244942441
7,522,7.018880276
7,523,9.274517036
7,524,8.735324524
7,525,7.329954567
7,526,9.604972916
7,527,5.51369424
7,528,11.77506136
7,529,2.089979723
7,530,4.937648654
7,531,5.971018267
7,532,5.113517628
7,533,8.931173818
7,534,8.242649413
7,535,5.512356909
7,536,6.984258137
7,537,4.648655411
7,538,3.376771758
7,539,6.747026504
7,540,6.384576495
7,541,4.712707745
7,542,4.137885872
7,543,4.389229394
7,544,7.886486956
7,545,8.174733328
7,546,6.177760991
7,547,5.44099105
7,548,6.553266681
7,549,4.134835395
7,550,5.645684204
7,551,13.54904168
7,552,2.893931114
7,553,5.377694024
7,554,6.756328427
7,555,6.170226167
7,556,3.733503089
7,557,9.644006822
7,558,9.652751877
7,559,7.91118895
7,560,5.027429442
7,561,6.798826602
7,562,15.31538417
7,563,7.942199175
7,564,6.151336295
7,565,8.382692431
7,566,7.520554665
7,567,4.848885206
7,568,7.22851668
7,569,6.399588936
7,570,8.563340076
7,571,7.265309039
7,572,4.160855337
7,573,6.258507752
7,574,7.643209481
7,575,5.497788615
7,576,6.890938148
7,577,11.29160389
7,578,5.827889444
7,579,4.181028398
7,580,6.154878996
7,581,11.01607001
7,582,4.512498518
7,583,5.438880726
7,584,3.311999372
7,585,7.536942192
7,586,1.686527902
7,587,5.933845868
7,588,6.899905198
7,589,2.869406758
7,590,5.025376057
7,591,2.740134615
7,592,5.874477641
7,593,4.340976297
7,594,9.210444448
7,595,3.047088844
7,596,7.251167802
7,597,6.055555663
7,598,12.08998082
7,599,4.892660972
7,600,4.128167477
7,601,11.97620923
7,602,8.753881138
7,603,4.167744885
7,604,4.771269457
7,605,9.409422071
7,606,4.856321781
7,607,6.761536895
7,608,5.115872913
7,609,5.918685936
7,610,6.997993703
7,611,10.39311854
7,612,3.591174919
7,613,7.396067621
7,614,5.269872541
7,615,7.591563766
7,616,8.52809971
7,617,3.581073758
7,618,4.875086878
7,619,2.462067861
7,620,4.61012674
7,621,6.12223585
7,622,7.696803764
7,623,3.457876658
7,624,8.443087622
7,625,7.16881359
7,626,7.219306929
7,627,8.942708695
7,628,9.888434894
7,629,6.93373394
7,630,5.370392485
7,631,4.138147869
7,632,5.118589452
7,633,6.398835101
7,634,7.96343732
7,635,2.087570967
7,636,5.454368287
7,637,1.052528078
7,638,6.482057107
7,639,3.688936589
7,640,0.9062809215
7,641,5.150735013
7,642,6.906963247
7,643,6.227864859
7,644,6.110451988
7,645,4.593131697
7,646,3.504841322
7,647,4.059117226
7,648,4.410286242
7,649,7.875213496
7,650,7.623904073
7,651,1.886273918
7,652,2.651484944
7,653,6.067458683
7,654,5.695482752
7,655,8.779967506
7,656,5.723821341
7,657,5.260520477
7,658,4.286185815
7,659,5.574404734
7,660,8.476198888
7,661,8.349181119
7,662,3.143988245
7,663,6.401286098
7,664,5.707426062
7,665,3.469551324
7,666,6.328665791
7,667,4.67916966
7,668,4.544314974
7,669,2.089979723
7,670,7.180670892
7,671,3.585086466
7,672,6.942204638
7,673,4.715857189
7,674,5.968183404
7,675,4.756109525
7,676,3.177865209
7,677,5.117878868
7,678,9.541235159
7,679,5.581139821
7,680,4.238438519
7,681,2.381223109
7,682,7.885003639
7,683,4.782948478
7,684,2.961545226
7,685,5.207052887
7,686,2.379148085
7,687,6.62322491
7,688,10.97198056
7,689,5.291936792
7,690,3.898235553
7,691,3.753627359
7,692,5.775079738
7,693,7.568170204
7,694,10.56044156
7,695,7.086260297
7,696,4.678677223
7,697,7.108397832
7,698,2.587140621
7,699,1.393902274
7,700,4.656963128
7,701,7.096226345
7,702,0.9990604876
7,703,4.468363624
7,704,4.204998799
7,705,9.556530718
7,706,4.291954568
7,707,6.451929849
7,708,6.812660162
7,709,2.193238347
7,710,6.42218576
7,711,2.366063177
7,712,7.643208809
7,713,5.252842552
7,714,2.861582215
7,715,2.663710705
7,716,8.914116597
7,717,9.73532734
7,718,4.501509236
7,719,8.799441331
7,720,6.52493502
7,721,2.366063177
7,722,6.01625264
7,723,2.598956866
7,724,5.925351367
7,725,3.103895761
7,726,5.713147679
7,727,5.477467285
7,728,2.862178411
7,729,4.475423999
7,730,3.733616746
7,731,10.48987437
7,732,3.77560296
7,733,4.691169164
7,734,4.940907434
7,735,5.363130238
7,736,3.148949525
7,737,4.228160643
7,738,2.541739199
7,739,4.98696302
7,740,5.099054331
7,741,4.543928386
7,742,5.388611746
7,743,6.78200508
7,744,3.797005377
7,745,1.838765087
7,746,4.461135277
7,747,2.180888608
7,748,4.258943842
7,749,6.983982624
7,750,12.19470678
7,751,6.046401836
7,752,1.984362423
7,753,5.35015704
7,754,1.216036997
7,755,3.870594389
7,756,3.794065894
7,757,4.87901635
7,758,3.735387906
7,759,2.50804798
7,760,7.566128569
7,761,4.526150866
7,762,4.207576091
7,763,3.213044099
7,764,4.87901635
7,765,4.338166104
7,766,7.625105787
7,767,1.08396294
7,768,3.49711075
7,769,8.275313163
7,770,7.253921854
7,771,9.685101852
7,772,4.455047949
7,773,2.348285657
7,774,1.052528078
7,775,3.704242284
7,776,1.086773133
7,777,2.869796555
7,778,4.248084113
7,779,7.752048704
7,780,4.861224315
7,781,3.139301142
7,782,3.926470736
7,783,4.69254135
7,784,3.75782544
7,785,3.706118528
7,786,3.65359045
7,787,6.141575148
7,788,4.155048012
7,789,6.558582633
7,790,4.919483839
7,791,4.166456265
7,792,5.012403769
7,793,3.622463583
7,794,5.575239395
7,795,8.043214093
7,796,1.185174569
7,797,6.052958765
7,798,6.263442821
7,799,5.361457123
7,800,1.393902274
7,801,2.381223109
7,802,3.092212298
7,803,0.9090911145
7,804,2.739963106
7,805,1.08396294
7,806,7.130715799
7,807,7.335623541
7,808,10.43257848
7,809,4.39487222
7,810,3.777814823
7,811,3.311999372
7,812,3.719817614
7,813,8.508133297
7,814,3.630859139
7,815,4.710296528
7,816,4.469428494
7,817,4.962191489
7,818,5.036541116
7,819,2.315820705
7,820,3.440099138
7,821,5.330496876
7,822,5.01852251
7,823,3.610523205
7,824,0.9062809215
7,825,5.028610396
7,826,2.653369761
7,827,3.798507967
7,828,3.32778457
7,829,5.305703473
7,830,5.022098237
7,831,6.663446129
7,832,8.161625765
7,833,4.442144324
7,834,1.393902274
7,835,3.518922002
7,836,4.739023525
7,837,3.819350845
7,838,3.730014291
7,839,6.341646995
7,840,4.555480192
7,841,3.32778457
7,842,4.959073302
7,843,3.999281109
7,844,5.058823772
7,845,2.954126573
7,846,1.185174569
7,847,5.377076938
7,848,8.280517144
7,849,3.771322489
7,850,4.383781882
7,851,8.687292187
7,852,2.379148085
7,853,4.942204638
7,854,3.41012869
7,855,1.232263481
7,856,1.232263481
7,857,2.641803265
7,858,6.564671226
7,859,8.67319056
7,860,3.27431698
7,861,5.206650539
7,862,4.620987747
7,863,4.492964648
7,864,5.812439541
7,865,5.404160068
7,866,4.245642379
7,867,4.815012341
7,868,5.582838992
7,869,2.179949096
7,870,3.652650938
7,871,6.23971238
7,872,4.97698782
7,873,3.330594763
7,874,3.237140124
7,875,1.399158249
7,876,3.5068449
7,877,4.374596172
7,878,4.106866831
7,879,6.841519635
7,880,6.234907412
7,881,5.476557474
7,882,3.971809121
7,883,8.218040986
7,884,4.354119952
7,885,1.929098049
7,886,7.167127138
7,887,8.010981935
7,888,5.793068665
7,889,6.493241307
7,890,2.690243856
7,891,1.929098049
7,892,3.183672533
7,893,1.490618484
7,894,1.905884456
7,895,1.086773133
7,896,2.739963106
7,897,2.249884221
7,898,1.086773133
7,899,1.086773133
7,900,4.78589335
7,901,6.1041227
7,902,2.075345206
7,903,2.595206789
7,904,4.102593832
7,905,7.45410378
7,906,6.717278404
7,907,4.34327386
7,908,4.772315122
7,909,1
7,910,2.538929006
7,911,3.051208679
7,912,3.758183343
7,913,1.890829902
7,914,6.193714839
7,915,2.409275344
7,916,4.400079703
7,917,3.109986658
7,918,2.072202203
7,919,0.9090911145
7,920,1.345690659
7,921,3.575196625
7,922,3.688907878
7,923,6.6581103
7,924,4.449970462
7,925,2.496312916
7,926,1.086773133
7,927,2.28001148
7,928,1.08396294
7,929,0.9062809215
7,930,2.379148085
7,931,2.641803265
7,932,2.069152324
7,933,4.069905972
7,934,4.364561142
7,935,1.490618484
7,936,2.409275344
7,937,1.903074263
7,938,1.890724524
7,939,1.086773133
7,940,1.905884456
7,941,2.28001148
7,942,3.596128312
7,943,2.893931114
7,944,3.61753148
7,945,5.879349872
7,946,4.365897786
7,947,3.095697936
7,948,0.9062809215
7,949,3.771322489
7,950,2.653729573
7,951,0.9990604876
7,952,2.179949096
7,953,3.621430678
7,954,2.179949096
7,955,2.021877616
7,956,2.195109028
7,957,5.719016522
7,958,1.920851783
7,959,2.249884221
7,960,4.138147869
7,961,2.180888608
7,962,1.185174569
7,963,3.330594763
7,964,1.544086075
7,965,1.544086075
7,966,2.724974683
7,967,2.566903203
7,968,4.554959978
7,969,3.295813701
7,970,4.974774715
7,971,0.9990604876
7,972,3.202766224
7,973,2.195109028
7,974,3.083390438
7,975,2.19604854
7,976,6.233668957
7,977,5.045772536
7,978,3.93611905
7,979,2.598017354
7,980,3.675433173
7,981,1.399158249
7,982,2.193238347
7,983,3.596128312
7,984,3.686126396
7,985,1.713042506
7,986,1.345690659
7,987,3.778905962
7,988,0.9990604876
7,989,4.133606642
7,990,2.462067861
7,991,4.543007371
7,992,3.189417014
7,993,1.185174569
7,994,3.615213724
7,995,4.906545224
7,996,3.535107673
7,997,2.238854125
7,998,3.280809314
7,999,3.739055911
7,1000,3.674898268
7,1001,5.476374283
7,1002,1.08396294
7,1003,2.875418425
7,1004,4.062909544
7,1005,3.082655268
7,1006,3.89616369
7,1007,2.368507787
7,1008,2.412085537
7,1009,4.094083126
7,1010,3.58096838
7,1011,1
7,1012,1.345690659
7,1013,2.238854125
7,1014,2.087570967
7,1015,7.024769319
7,1016,4.456628627
7,1017,4.142507733
7,1018,1.889416921
7,1019,2.239808153
7,1020,3.019653696
7,1021,1.838765087
7,1022,2.429225236
7,1023,2.022817128
7,1024,4.991672416
7,1025,2.315820705
7,1026,3.095697936
7,1027,0.9062809215
7,1028,2.08716953
7,1029,2.735859634
7,1030,1.984362423
7,1031,4.633710359
7,1032,5.654373624
7,1033,3.206178176
7,1034,1.232263481
7,1035,3.5068449
7,1036,3.377191239
7,1037,2.888263648
7,1038,5.203720183
7,1039,0.9990604876
7,1040,0.9990604876
7,1041,0.9990604876
7,1042,0.9990604876
7,1043,0.9990604876
7,1044,1.835949331
7,1045,2.409275344
7,1046,1.903074263
7,1047,1.08396294
7,1048,2.106780068
7,1049,1.086773133
7,1050,1.086773133
7,1051,1.086773133
7,1052,1.905884456
7,1053,1.086773133
7,1054,3.361354551
7,1055,3.86474544
7,1056,0.9062809215
7,1057,0.9062809215
7,1058,0.9062809215
7,1059,1.929098049
7,1060,5.637404642
7,1061,2.651484944
7,1062,1.889416921
7,1063,2.592396596
7,1064,2.163111088
7,1065,3.80584055
7,1066,2.195109028
7,1067,3.085833552
7,1068,2.838544329
7,1069,2.233416687
7,1070,1.052528078
7,1071,1.052528078
7,1072,1.889416921
7,1073,2.134546223
7,1074,1.544086075
7,1075,1.544086075
7,1076,1.544086075
7,1077,1.544086075
7,1078,2.566903203
7,1079,2.740134615
7,1080,3.237140124
7,1081,3.123074726
7,1082,0.9090911145
7,1083,0.9090911145
7,1084,0.9090911145
7,1085,0.9090911145
7,1086,2.089979723
7,1087,0.9090911145
7,1088,2.318630898
7,1089,1.886273918
7,1090,1.743169765
7,1091,1.929098049
7,1092,2.072202203
7,1093,0.9990604876
7,1094,0.9990604876
7,1095,0.9990604876
7,1096,0.9990604876
7,1097,0.9990604876
7,1098,0.9990604876
7,1099,2.021877616
7,1100,2.195109028
7,1101,3.085833552
7,1102,2.653369761
7,1103,1.052528078
7,1104,1.052528078
7,1105,1.889416921
7,1106,2.134546223
7,1107,1.544086075
7,1108,1.544086075
7,1109,1.544086075
7,1110,1.544086075
7,1111,2.566903203
7,1112,2.740134615
7,1113,4.264795893
7,1114,2.496312916
7,1115,1.086773133
7,1116,1.086773133
7,1117,2.089979723
7,1118,3.079512265
7,1119,0.9062809215
7,1120,0.9062809215
7,1121,1.713042506
7,1122,1.216036997
7,1123,1
7,1124,1.345690659
7,1125,1.216036997
7,1126,1.185174569
7,1127,1
7,1128,1.185174569
7,1129,2.462067861
7,1130,2.651484944
7,1131,2.233416687
7,1132,1.052528078
7,1133,1.052528078
7,1134,1.052528078
7,1135,1.052528078
7,1136,1.052528078
7,1137,2.233416687
7,1138,1.052528078
7,1139,1.052528078
7,1140,1.052528078
7,1141,1.052528078
7,1142,1.052528078
7,1143,1.052528078
7,1144,1.052528078
7,1145,1.889416921
7,1146,2.580046858
7,1147,1
7,1148,1.185174569
7,1149,1.399158249
7,1150,2.409539783
7,1151,2.27698805
7,1152,4.521517001
7,1153,3.579660777
7,1154,3.120264533
7,1155,1.713042506
7,1156,1.216036997
7,1157,1.185174569
7,1158,1.052528078
7,1159,1.052528078
7,1160,1.052528078
7,1161,1.052528078
7,1162,1.052528078
7,1163,1.052528078
7,1164,1.052528078
7,1165,1.889416921
7,1166,1.399158249
7,1167,1
7,1168,1.185174569
7,1169,1
7,1170,1.185174569
7,1171,1
7,1172,2.207991697
7,1173,1.399158249
7,1174,2.239808153
7,1175,1
7,1176,3.152709548
7,1177,2.505237787
7,1178,0.9062809215
7,1179,0.9062809215
7,1180,0.9062809215
7,1181,0.9062809215
7,1182,0.9062809215
7,1183,3.311999372
7,1184,1.345690659
7,1185,1.216036997
7,1186,1
7,1187,1.216036997
7,1188,1.185174569
7,1189,1.399158249
7,1190,2.239808153
7,1191,2.862178411
7,1192,2.043067088
7,1193,2.803258867
7,1194,1.086773133
7,1195,1.086773133
7,1196,1.905884456
7,1197,1.086773133
7,1198,1.086773133
7,1199,2.063955936
7,1200,3.762780234
7,1201,3.227067024
7,1202,1
7,1203,3.038744708
7,1204,0.9990604876
7,1205,0.9990604876
7,1206,0.9990604876
7,1207,0.9990604876
7,1208,0.9990604876
7,1209,0.9990604876
7,1210,2.869406758
7,1211,1.889416921
7,1212,1.399158249
7,1213,1
7,1214,0.9090911145
7,1215,0.9090911145
7,1216,0.9090911145
7,1217,0.9090911145
7,1218,0.9090911145
7,1219,0.9090911145
7,1220,0.9090911145
7,1221,0.9090911145
7,1222,1.886273918
7,1223,1.713042506
7,1224,1.345690659
7,1225,0.9990604876
7,1226,0.9990604876
7,1227,0.9990604876
7,1228,0.9990604876
7,1229,3.016837939
7,1230,1.216036997
7,1231,1.185174569
7,1232,1.399158249
7,1233,2.239808153
7,1234,1.838765087
7,1235,1.838765087
7,1236,1.838765087
7,1237,2.861582215
7,1238,3.625273776
7,1239,1
7,1240,1.216036997
7,1241,1.185174569
7,1242,1.399158249
7,1243,2.022817128
7,1244,0.9090911145
7,1245,0.9090911145
7,1246,0.9090911145
7,1247,0.9090911145
7,1248,0.9090911145
7,1249,0.9090911145
7,1250,0.9090911145
7,1251,0.9090911145
7,1252,1.345690659
7,1253,0.9990604876
7,1254,0.9990604876
7,1255,0.9990604876
7,1256,0.9990604876
7,1257,2.021877616
7,1258,0.9990604876
7,1259,0.9990604876
7,1260,1.835949331
7,1261,4.268981315
7,1262,3.068995544
7,1263,1.086773133
7,1264,1.086773133
7,1265,2.063955936
7,1266,1.920851783
7,1267,1.08396294
7,1268,1.08396294
7,1269,1.890724524
7,1270,1.086773133
7,1271,1.086773133
7,1272,1.086773133
7,1273,1.086773133
7,1274,1.086773133
7,1275,2.063955936
7,1276,1.920851783
7,1277,1.08396294
7,1278,1.08396294
7,1279,1.08396294
7,1280,1.08396294
7,1281,1.08396294
7,1282,1.08396294
7,1283,2.348285657
7,1284,1.052528078
7,1285,1.052528078
7,1286,1.052528078
7,1287,1.052528078
7,1288,1.052528078
7,1289,1.052528078
7,1290,1.052528078
7,1291,1.052528078
7,1292,1.052528078
7,1293,1.052528078
7,1294,1.052528078
7,1295,1.052528078
7,1296,1.052528078
7,1297,1.889416921
7,1298,1.399158249
7,1299,1
7,1300,1.185174569
7,1301,1
7,1302,0.9090911145
7,1303,0.9090911145
7,1304,0.9090911145
7,1305,0.9090911145
7,1306,0.9090911145
7,1307,3.038744708
7,1308,2.081078633
7,1309,1.490618484
7,1310,1.490618484
7,1311,1.490618484
7,1312,1.490618484
7,1313,1.490618484
7,1314,2.683856831
7,1315,2.379148085
7,1316,1
7,1317,1.185174569
7,1318,1
7,1319,3.148949525
7,1320,3.419742733
7,1321,3.064753771
7,1322,2.784131435
7,1323,1
7,1324,2.526579267
7,1325,1.216036997
7,1326,1
7,1327,1.185174569
7,1328,1
7,1329,0.9090911145
7,1330,0.9090911145
7,1331,0.9090911145
7,1332,0.9090911145
7,1333,0.9090911145
7,1334,0.9090911145
7,1335,0.9090911145
7,1336,0.9090911145
7,1337,0.9090911145
7,1338,0.9090911145
7,1339,0.9090911145
7,1340,0.9090911145
7,1341,0.9090911145
7,1342,0.9090911145
7,1343,0.9090911145
7,1344,0.9090911145
7,1345,0.9090911145
7,1346,0.9090911145
7,1347,0.9090911145
7,1348,0.9090911145
7,1349,0.9090911145
7,1350,0.9090911145
7,1351,0.9090911145
7,1352,0.9090911145
7,1353,0.9090911145
7,1354,2.102329462
7,1355,0.9062809215
7,1356,0.9062809215
7,1357,0.9062809215
7,1358,1.929098049
7,1359,2.072202203
7,1360,2.562460875
7,1361,2.961619124
7,1362,1.052528078
7,1363,1.052528078
7,1364,1.052528078
7,1365,1.052528078
7,1366,1.052528078
7,1367,1.052528078
7,1368,1.052528078
7,1369,1.052528078
7,1370,1.052528078
7,1371,1.052528078
7,1372,1.052528078
7,1373,1.052528078
7,1374,1.052528078
7,1375,1.052528078
7,1376,1.052528078
7,1377,1.052528078
7,1378,1.052528078
7,1379,1.052528078
7,1380,1.052528078
7,1381,1.052528078
7,1382,1.052528078
7,1383,1.052528078
7,1384,1.052528078
7,1385,2.462067861
7,1386,2.651484944
7,1387,1.052528078
7,1388,1.052528078
7,1389,1.052528078
7,1390,1.052528078
7,1391,1.052528078
7,1392,1.052528078
7,1393,1.052528078
7,1394,1.052528078
7,1395,1.052528078
7,1396,1.052528078
7,1397,1.052528078
7,1398,1.889416921
7,1399,1.399158249
7,1400,2.022817128
7,1401,1.984362423
7,1402,1.393902274
7,1403,1.393902274
7,1404,1.393902274
7,1405,1.393902274
7,1406,1.393902274
7,1407,1.393902274
7,1408,2.541739199
7,1409,1.216036997
7,1410,1
7,1411,1.345690659
7,1412,1.216036997
7,1413,1
7,1414,1
7,1415,1
7,1416,1.185174569
7,1417,1.399158249
7,1418,1
7,1419,1.743169765
7,1420,0.9062809215
7,1421,0.9062809215
7,1422,0.9062809215
7,1423,0.9062809215
7,1424,0.9062809215
7,1425,0.9062809215
7,1426,0.9062809215
7,1427,0.9062809215
7,1428,0.9062809215
7,1429,0.9062809215
7,1430,0.9062809215
7,1431,0.9062809215
7,1432,1.713042506
7,1433,1.216036997
7,1434,1
7,1435,1.345690659
7,1436,1.216036997
7,1437,1
7,1438,1
7,1439,1.216036997
7,1440,1.185174569
7,1441,1
7,1442,1.345690659
7,1443,1.490618484
7,1444,1.490618484
7,1445,1.490618484
7,1446,1.216036997
7,1447,1.185174569
7,1448,1
7,1449,1
7,1450,1.345690659
7,1451,1.216036997
7,1452,1
7,1453,1.216036997
7,1454,1
7,1455,1
7,1456,1
7,1457,1.345690659
7,1458,1.216036997
7,1459,1.185174569
7,1460,1.052528078
7,1461,1.052528078
7,1462,1.052528078
7,1463,1.889416921
7,1464,1.399158249
7,1465,1
7,1466,1.743169765
7,1467,0.9062809215
7,1468,0.9062809215
7,1469,0.9062809215
7,1470,0.9062809215
7,1471,0.9062809215
7,1472,0.9062809215
7,1473,0.9062809215
7,1474,0.9062809215
7,1475,0.9062809215
7,1476,0.9062809215
7,1477,1.713042506
7,1478,1.216036997
7,1479,1.185174569
7,1480,1.399158249
7,1481,1
7,1482,1
7,1483,1
7,1484,1.185174569
7,1485,1.399158249
7,1486,1
7,1487,1
7,1488,1.345690659
7,1489,0.9990604876
7,1490,0.9990604876
7,1491,0.9990604876
7,1492,0.9990604876
7,1493,0.9990604876
7,1494,0.9990604876
7,1495,0.9990604876
7,1496,0.9990604876
7,1497,0.9990604876
7,1498,0.9990604876
7,1499,0.9990604876
7,1500,0.9990604876
7,1501,0.9990604876
7,1502,0.9990604876
7,1503,0.9990604876
7,1504,1.835949331
7,1505,1.216036997
7,1506,1.185174569
7,1507,1.399158249
7,1508,2.193238347
7,1509,0.9062809215
7,1510,0.9062809215
7,1511,0.9062809215
7,1512,0.9062809215
7,1513,0.9062809215
7,1514,0.9062809215
7,1515,0.9062809215
7,1516,0.9062809215
7,1517,0.9062809215
7,1518,0.9062809215
7,1519,0.9062809215
7,1520,0.9062809215
7,1521,0.9062809215
7,1522,0.9062809215
7,1523,0.9062809215
7,1524,1.713042506
7,1525,1.216036997
7,1526,1
7,1527,1.216036997
7,1528,1
7,1529,1.345690659
7,1530,1.216036997
7,1531,1
7,1532,1.216036997
7,1533,1
7,1534,1.345690659
7,1535,1.216036997
7,1536,1
7,1537,1
7,1538,1.185174569
7,1539,1
7,1540,1
7,1541,1.216036997
7,1542,1
7,1543,1
7,1544,1.216036997
7,1545,1.185174569
7,1546,1
7,1547,1
7,1548,1
7,1549,1.345690659
7,1550,1.216036997
7,1551,1
7,1552,1
7,1553,1.216036997
7,1554,1
7,1555,1.185174569
7,1556,1.399158249
7,1557,1
7,1558,1.216036997
7,1559,1
7,1560,1.345690659
7,1561,1.216036997
7,1562,1.185174569
7,1563,1.399158249
7,1564,1
7,1565,1
7,1566,1
7,1567,1
7,1568,1.216036997
7,1569,1
7,1570,1.216036997
7,1571,1
7,1572,1.345690659
7,1573,1.216036997
7,1574,1.185174569
7,1575,1
7,1576,1
7,1577,1.185174569
7,1578,1
7,1579,1
7,1580,1.345690659
7,1581,1.216036997
7,1582,1
7,1583,1
7,1584,1.216036997
7,1585,1
7,1586,1.345690659
7,1587,1.216036997
7,1588,1.185174569
7,1589,1
7,1590,1.185174569
7,1591,1
7,1592,1.185174569
7,1593,1
7,1594,1
7,1595,1
7,1596,1.216036997
7,1597,1
7,1598,1
7,1599,1
7,1600,1.185174569
7,1601,1.399158249
7,1602,1
7,1603,1
7,1604,1
7,1605,1.216036997
7,1606,1
7,1607,1
7,1608,1
7,1609,1.185174569
7,1610,1.399158249
7,1611,1
7,1612,1
7,1613,1.185174569
7,1614,1.399158249
7,1615,1
7,1616,1.216036997
7,1617,1
7,1618,1
7,1619,1.185174569
7,1620,1.399158249
7,1621,1
7,1622,1.185174569
7,1623,1
7,1624,1
7,1625,1.185174569
7,1626,1
7,1627,1
7,1628,1.185174569
7,1629,1.399158249
7,1630,1
7,1631,1
7,1632,1
7,1633,1.185174569
7,1634,1
7,1635,1.345690659
7,1636,1.216036997
7,1637,1
7,1638,1
7,1639,1.345690659
7,1640,1.216036997
7,1641,1.185174569
7,1642,1
7,1643,1.185174569
7,1644,1
7,1645,1
7,1646,1.185174569
7,1647,1
7,1648,1.216036997
7,1649,1.185174569
7,1650,1
7,1651,1
7,1652,1
7,1653,1.216036997
7,1654,1
7,1655,1
7,1656,1.216036997
7,1657,1.185174569
7,1658,1
7,1659,1.216036997
7,1660,1.185174569
7,1661,1.399158249
7,1662,1
7,1663,1
7,1664,1
7,1665,1
7,1666,1
7,1667,1
7,1668,1
7,1669,1
7,1670,1.185174569
7,1671,1.399158249
7,1672,1
7,1673,1.216036997
7,1674,1
7,1675,1
7,1676,1
7,1677,1.185174569
7,1678,1.399158249
7,1679,1
7,1680,1
7,1681,1.185174569
7,1682,1.399158249
7,1683,1
7,1684,1.185174569
7,1685,1
7,1686,1
7,1687,1
7,1688,1
7,1689,1
7,1690,1
7,1691,1.216036997
7,1692,1.185174569
7,1693,1
7,1694,1.345690659
7,1695,1.216036997
7,1696,1
7,1697,1
7,1698,1
7,1699,1.185174569
7,1700,1
7,1701,1.185174569
7,1702,1.399158249
7,1703,1
7,1704,1
7,1705,1.185174569
7,1706,1
7,1707,1
7,1708,1
7,1709,1.185174569
7,1710,1
7,1711,1.345690659
7,1712,1.216036997
7,1713,1.185174569
7,1714,1
7,1715,1
7,1716,1.185174569
7,1717,1.399158249
7,1718,1
7,1719,1
7,1720,1
7,1721,1.216036997
7,1722,1.185174569
7,1723,1
7,1724,1
7,1725,1
7,1726,1.345690659
7,1727,1.216036997
7,1728,1
7,1729,1.216036997
7,1730,1
7,1731,1.216036997
7,1732,1
7,1733,1
7,1734,1.216036997
7,1735,1
7,1736,1.185174569
7,1737,1
7,1738,1
7,1739,1
7,1740,1
7,1741,1.345690659
7,1742,1.216036997
7,1743,1
7,1744,1
7,1745,1
7,1746,1
7,1747,1.216036997
7,1748,1
7,1749,1
7,1750,1.185174569
7,1751,1.399158249
7,1752,1
7,1753,1
7,1754,1
7,1755,1
7,1756,1.185174569
7,1757,1
7,1758,1.185174569
7,1759,1
7,1760,1
7,1761,1
7,1762,1
7,1763,1
7,1764,1.216036997
7,1765,1.185174569
7,1766,1
7,1767,1.345690659
7,1768,1.216036997
7,1769,1
7,1770,1
7,1771,1
7,1772,1
7,1773,1
7,1774,1.185174569
7,1775,1
7,1776,1
7,1777,1
7,1778,1
7,1779,1.185174569
7,1780,1
7,1781,1
7,1782,1
7,1783,1.185174569
7,1784,1.399158249
7,1785,1
7,1786,1
7,1787,1.216036997
7,1788,1
7,1789,1
7,1790,1
7,1791,1.185174569
7,1792,1
7,1793,1
7,1794,1
7,1795,1
7,1796,1
7,1797,1
7,1798,1
7,1799,1
7,1800,1.185174569
7,1801,1
7,1802,1
7,1803,1.185174569
7,1804,1
7,1805,1.216036997
7,1806,1
7,1807,1
7,1808,1
7,1809,1
7,1810,1.185174569
7,1811,1
7,1812,1
7,1813,1
7,1814,1
7,1815,1.185174569
7,1816,1
7,1817,1
7,1818,1.345690659
7,1819,1.216036997
7,1820,1
7,1821,1.185174569
7,1822,1
7,1823,1
7,1824,1.345690659
7,1825,1.216036997
7,1826,1
7,1827,1
7,1828,1.345690659
7,1829,1.216036997
7,1830,1.185174569
7,1831,1
7,1832,1
7,1833,1
7,1834,1
7,1835,1
7,1836,1
7,1837,1
7,1838,1
7,1839,1.185174569
7,1840,1
7,1841,1.185174569
7,1842,1
7,1843,1
7,1844,1
7,1845,1
7,1846,1
7,1847,1.185174569
7,1848,1.399158249
7,1849,1
7,1850,1
7,1851,1
7,1852,1
7,1853,1
7,1854,1.216036997
7,1855,1.185174569
7,1856,1
7,1857,1
7,1858,1
7,1859,1
7,1860,1.345690659
7,1861,1.216036997
7,1862,1
7,1863,1
7,1864,1
7,1865,1
7,1866,1
7,1867,1
7,1868,1
7,1869,1
7,1870,1
7,1871,1
7,1872,1
7,1873,1
7,1874,1
7,1875,1.185174569
7,1876,1
7,1877,1
7,1878,1
7,1879,1
7,1880,1
7,1881,1
7,1882,1
7,1883,1
7,1884,1.216036997
7,1885,1
7,1886,1
7,1887,1
7,1888,1
7,1889,1.216036997
7,1890,1
7,1891,1.185174569
7,1892,1
7,1893,1
7,1894,1
7,1895,1
7,1896,1.216036997
7,1897,1.185174569
7,1898,1
7,1899,1
7,1900,1
7,1901,1
7,1902,1
7,1903,1
7,1904,1
7,1905,1
7,1906,1
7,1907,1
7,1908,1
7,1909,1
7,1910,1
7,1911,1
7,1912,1.345690659
7,1913,1.216036997
7,1914,1
7,1915,1
7,1916,1
7,1917,1
7,1918,1
7,1919,1
7,1920,1.216036997
7,1921,1
7,1922,1
7,1923,1
7,1924,1.185174569
7,1925,1
7,1926,1
7,1927,1
7,1928,1
7,1929,1
7,1930,1
7,1931,1
7,1932,1
7,1933,1
7,1934,1
7,1935,1
7,1936,1
7,1937,1
7,1938,1
7,1939,1.216036997
7,1940,1
7,1941,1
7,1942,1
7,1943,1
7,1944,1
7,1945,1
7,1946,1
7,1947,1
7,1948,1
7,1949,1
7,1950,1
7,1951,1
7,1952,1
7,1953,1
7,1954,1
7,1955,1
7,1956,1
7,1957,1
7,1958,1
7,1959,1
7,1960,1
7,1961,1
7,1962,1
7,1963,1
7,1964,1.185174569
7,1965,1
7,1966,1
7,1967,1
7,1968,1
7,1969,1
7,1970,1
7,1971,1
7,1972,1
7,1973,1
7,1974,1
7,1975,1
7,1976,1
7,1977,1
7,1978,1.185174569
7,1979,1
7,1980,1
7,1981,1.185174569
7,1982,1
7,1983,1
7,1984,1
7,1985,1
7,1986,1
7,1987,1
7,1988,1
7,1989,1
7,1990,1
7,1991,1
7,1992,1.185174569
7,1993,1
7,1994,1
7,1995,1
7,1996,1
7,1997,1
7,1998,1
7,1999,1
7,2000,1
7,2001,1
7,2002,1
7,2003,1.185174569
7,2004,1
7,2005,1
7,2006,1.185174569
7,2007,1
7,2008,1
7,2009,1
7,2010,1
7,2011,1
7,2012,1
7,2013,1
7,2014,1
7,2015,1
7,2016,1
7,2017,1
7,2018,1
7,2019,1
7,2020,1
7,2021,1
7,2022,1
7,2023,1
7,2024,1
7,2025,1
7,2026,1
7,2027,1
7,2028,1
7,2029,1
7,2030,1
7,2031,1
7,2032,1
7,2033,1
7,2034,1
7,2035,1
7,2036,1
7,2037,1
7,2038,1
7,2039,1
7,2040,1
7,2041,1
7,2042,1
7,2043,1
7,2044,1
7,2045,1
7,2046,1
7,2047,1
7,2048,1
7,2049,1
7,2050,1
7,2051,1
7,2052,1
7,2053,1
7,2054,1
7,2055,1
7,2056,1.185174569
7,2057,1
7,2058,1
7,2059,1
7,2060,1
7,2061,1
7,2062,1.185174569
7,2063,1
7,2064,1.185174569
7,2065,1
7,2066,1
7,2067,1
7,2068,1
7,2069,1
7,2070,1.216036997
7,2071,1
7,2072,1
7,2073,1
7,2074,1
7,2075,1
7,2076,1.185174569
7,2077,1
7,2078,1
7,2079,1
7,2080,1
7,2081,1
7,2082,1
7,2083,1
7,2084,1
7,2085,1
7,2086,1
7,2087,1
7,2088,1
7,2089,1
7,2090,1
7,2091,1
7,2092,1
7,2093,1
7,2094,1
7,2095,1
7,2096,1
7,2097,1
7,2098,1
7,2099,1.216036997
7,2100,1.185174569
7,2101,1
7,2102,1
7,2103,1
7,2104,1
7,2105,1.185174569
7,2106,1
7,2107,1
7,2108,1
7,2109,1
7,2110,1
7,2111,1
7,2112,1
7,2113,1
7,2114,1
7,2115,1
7,2116,1
7,2117,1
7,2118,1
7,2119,1
7,2120,1.185174569
7,2121,1
7,2122,1
7,2123,1
7,2124,1
7,2125,1
7,2126,1
7,2127,1
7,2128,1
7,2129,1
7,2130,1
7,2131,1
7,2132,1.216036997
7,2133,1
7,2134,1
7,2135,1
7,2136,1
7,2137,1
7,2138,1
7,2139,1
7,2140,1
7,2141,1
7,2142,1
7,2143,1
7,2144,1
7,2145,1
7,2146,1
7,2147,1
7,2148,1
7,2149,1
7,2150,1
7,2151,1
7,2152,1
7,2153,1
7,2154,1
7,2155,1
7,2156,1
7,2157,1
7,2158,1
7,2159,1
7,2160,1
7,2161,1
7,2162,1
7,2163,1
7,2164,1
7,2165,1
7,2166,1
7,2167,1
7,2168,1
7,2169,1
7,2170,1
7,2171,1
7,2172,1
7,2173,1
7,2174,1
7,2175,1
7,2176,1
7,2177,1
7,2178,1
7,2179,1
7,2180,1
7,2181,1
7,2182,1
7,2183,1
7,2184,1
7,2185,1
7,2186,1
7,2187,1
7,2188,1
7,2189,1
7,2190,1
7,2191,1
7,2192,1
7,2193,1
7,2194,1
7,2195,1
7,2196,1
7,2197,1
7,2198,1
7,2199,1
7,2200,1
7,2201,1
7,2202,1
7,2203,1
7,2204,1
7,2205,1
7,2206,1
7,2207,1
7,2208,1
7,2209,1
7,2210,1
7,2211,1
7,2212,1
7,2213,1
7,2214,1
7,2215,1
7,2216,1
7,2217,1
7,2218,1
7,2219,1
7,2220,1
7,2221,1
7,2222,1
7,2223,1
7,2224,1.185174569
7,2225,1
7,2226,1
7,2227,1
7,2228,1
7,2229,1
7,2230,1
7,2231,1
7,2232,1
7,2233,1
7,2234,1
7,2235,1
7,2236,1
7,2237,1
7,2238,1
7,2239,1
7,2240,1
7,2241,1
7,2242,1
7,2243,1
7,2244,1
7,2245,1
7,2246,1
7,2247,1
7,2248,1
7,2249,1
7,2250,1
7,2251,1
7,2252,1
7,2253,1
7,2254,1
7,2255,1
7,2256,1
7,2257,1
7,2258,1
7,2259,1
7,2260,1
7,2261,1
7,2262,1
7,2263,1
7,2264,1
7,2265,1
7,2266,1
7,2267,1
7,2268,1
7,2269,1
7,2270,1
7,2271,1
7,2272,1
7,2273,1
7,2274,1
7,2275,1
7,2276,1
7,2277,1
7,2278,1
7,2279,1
7,2280,1
7,2281,1
7,2282,1
7,2283,1
7,2284,1
7,2285,1
7,2286,1
7,2287,1
7,2288,1
7,2289,1
7,2290,1
7,2291,1
7,2292,1
7,2293,1
7,2294,1
7,2295,1
7,2296,1
7,2297,1
7,2298,1
7,2299,1
7,2300,1
7,2301,1
7,2302,1
7,2303,1
7,2304,1
7,2305,1
7,2306,1
7,2307,1
7,2308,1
7,2309,1
7,2310,1
7,2311,1
7,2312,1
7,2313,1
7,2314,1
7,2315,1
7,2316,1
7,2317,1
7,2318,1
7,2319,1
7,2320,1
7,2321,1
7,2322,1
7,2323,1
7,2324,1
7,2325,1
7,2326,1
7,2327,1
7,2328,1
7,2329,1
7,2330,1
7,2331,1
7,2332,1
7,2333,1
7,2334,1
7,2335,1
7,2336,1
7,2337,1
7,2338,1
7,2339,1
7,2340,1
7,2341,1
7,2342,1
7,2343,1
7,2344,1
7,2345,1
7,2346,1
7,2347,1
7,2348,1
7,2349,1
7,2350,1
7,2351,1
7,2352,1
7,2353,1
7,2354,1
7,2355,1
7,2356,1
7,2357,1
7,2358,1
7,2359,1
7,2360,1
7,2361,1
7,2362,1
7,2363,1
7,2364,1
7,2365,1
7,2366,1
7,2367,1
7,2368,1
7,2369,1
7,2370,1
7,2371,1
7,2372,1
7,2373,1
7,2374,1
7,2375,1
7,2376,1
7,2377,1
7,2378,1
7,2379,1
7,2380,1
7,2381,1
7,2382,1
7,2383,1
7,2384,1
7,2385,1
7,2386,1
7,2387,1
7,2388,1
7,2389,1
7,2390,1
7,2391,1
7,2392,1
7,2393,1
7,2394,1
7,2395,1
7,2396,1
7,2397,1
7,2398,1
7,2399,1
7,2400,1
7,2401,1
7,2402,1
7,2403,1
7,2404,1
7,2405,1
7,2406,1
7,2407,1
7,2408,1
7,2409,1
7,2410,1
7,2411,1
7,2412,1
7,2413,1
7,2414,1
7,2415,1
7,2416,1
7,2417,1
7,2418,1
7,2419,1
7,2420,1
7,2421,1
7,2422,1
7,2423,1
7,2424,1
7,2425,1
7,2426,1
7,2427,1
7,2428,1
7,2429,1
7,2430,1
7,2431,1
7,2432,1
7,2433,1
7,2434,1
7,2435,1
7,2436,1
7,2437,1
7,2438,1
7,2439,1
7,2440,1
7,2441,1
7,2442,1
7,2443,1
7,2444,1
7,2445,1
7,2446,1
7,2447,1
7,2448,1
7,2449,1
7,2450,1
7,2451,1
7,2452,1
7,2453,1
7,2454,1
7,2455,1
7,2456,1
7,2457,1
7,2458,1
7,2459,1
7,2460,1
7,2461,1
7,2462,1
7,2463,1
7,2464,1
7,2465,1
7,2466,1
7,2467,1
7,2468,1
7,2469,1
7,2470,1
7,2471,1
7,2472,1
7,2473,1
7,2474,1
7,2475,1
7,2476,1
7,2477,1
7,2478,1
7,2479,1
7,2480,1
7,2481,1
7,2482,1
7,2483,1
7,2484,1
7,2485,1
7,2486,1
7,2487,1
7,2488,1
7,2489,1
7,2490,1
7,2491,1
7,2492,1
7,2493,1
7,2494,1
7,2495,1
7,2496,1
7,2497,1
7,2498,1
7,2499,1
7,2500,1
7,2501,1
7,2502,1
7,2503,1
7,2504,1
7,2505,1
7,2506,1
7,2507,1
7,2508,1
7,2509,1
7,2510,1
7,2511,1
7,2512,1
7,2513,1
7,2514,1
7,2515,1
7,2516,1
7,2517,1
7,2518,1
7,2519,1
7,2520,1
7,2521,1
7,2522,1.185174569
7,2523,1
7,2524,1
7,2525,1
7,2526,1
7,2527,1
7,2528,1
7,2529,1
7,2530,1
7,2531,1
7,2532,1
7,2533,1
7,2534,1
7,2535,1
7,2536,1
7,2537,1
7,2538,1
7,2539,1
7,2540,1
7,2541,1
7,2542,1
7,2543,1
7,2544,1
7,2545,1
7,2546,1
7,2547,1
7,2548,1
7,2549,1
7,2550,1
7,2551,1
7,2552,1
7,2553,1
7,2554,1
7,2555,1
7,2556,1
7,2557,1
7,2558,1
7,2559,1
7,2560,1
7,2561,1
7,2562,1
7,2563,1
7,2564,1
7,2565,1
7,2566,1
7,2567,1
7,2568,1
7,2569,1
7,2570,1
7,2571,1
7,2572,1
7,2573,1
7,2574,1
7,2575,1
7,2576,1
7,2577,1
7,2578,1
7,2579,1
7,2580,1
7,2581,1
7,2582,1
7,2583,1
7,2584,1
7,2585,1
7,2586,1
7,2587,1
7,2588,1
7,2589,1
7,2590,1
7,2591,1
7,2592,1
7,2593,1
7,2594,1
7,2595,1
7,2596,1
7,2597,1
7,2598,1
7,2599,1
7,2600,1
7,2601,1
7,2602,1
7,2603,1
7,2604,1
7,2605,1
7,2606,1
7,2607,1
7,2608,1
7,2609,1
7,2610,1
7,2611,1
7,2612,1
7,2613,1
7,2614,1
7,2615,1
7,2616,1
7,2617,1
7,2618,1
7,2619,1
7,2620,1
7,2621,1
7,2622,1
7,2623,1
7,2624,1
7,2625,1
7,2626,1
7,2627,1
7,2628,1
7,2629,1
7,2630,1
7,2631,1
7,2632,1
7,2633,1
7,2634,1
7,2635,1
7,2636,1
7,2637,1
7,2638,1
7,2639,1
7,2640,1
7,2641,1
7,2642,1
7,2643,1
7,2644,1
7,2645,1
7,2646,1
7,2647,1
7,2648,1
7,2649,1
7,2650,1
7,2651,1
7,2652,1
7,2653,1
7,2654,1
7,2655,1
7,2656,1
7,2657,1
7,2658,1
7,2659,1
7,2660,1
7,2661,1
7,2662,1
7,2663,1
7,2664,1
7,2665,1
7,2666,1
7,2667,1
7,2668,1
7,2669,1
7,2670,1
7,2671,1
7,2672,1
7,2673,1
7,2674,1
7,2675,1
7,2676,1
7,2677,1
7,2678,1
7,2679,1
7,2680,1
7,2681,1
7,2682,1
7,2683,1
7,2684,1
7,2685,1
7,2686,1
7,2687,1
7,2688,1
7,2689,1
7,2690,1
7,2691,1
7,2692,1
7,2693,1
7,2694,1
7,2695,1
7,2696,1
7,2697,1
7,2698,1
7,2699,1
7,2700,1
7,2701,1
7,2702,1
7,2703,1
7,2704,1
7,2705,1
7,2706,1
7,2707,1
7,2708,1
7,2709,1
7,2710,1
7,2711,1
7,2712,1
7,2713,1
7,2714,1
7,2715,1
7,2716,1
7,2717,1
7,2718,1
7,2719,1
7,2720,1
7,2721,1
7,2722,1
7,2723,1
7,2724,1
7,2725,1
7,2726,1
7,2727,1
7,2728,1
7,2729,1
7,2730,1
7,2731,1
7,2732,1
7,2733,1
7,2734,1
7,2735,1
7,2736,1
7,2737,1
7,2738,1
7,2739,1
7,2740,1
7,2741,1
7,2742,1
7,2743,1
7,2744,1
7,2745,1
7,2746,1
7,2747,1
7,2748,1
7,2749,1
7,2750,1
7,2751,1
7,2752,1
7,2753,1
7,2754,1
7,2755,1
7,2756,1
7,2757,1
7,2758,1
7,2759,1
7,2760,1
7,2761,1
7,2762,1
7,2763,1
7,2764,1
7,2765,1
7,2766,1
7,2767,1
7,2768,1
7,2769,1
7,2770,1
7,2771,1
7,2772,1
7,2773,1
7,2774,1
7,2775,1
7,2776,1
7,2777,1
7,2778,1
7,2779,1
7,2780,1
7,2781,1
7,2782,1
7,2783,1
7,2784,1
7,2785,1
7,2786,1
7,2787,1
7,2788,1
7,2789,1
7,2790,1
7,2791,1
7,2792,1
7,2793,1
7,2794,1
7,2795,1
7,2796,1
7,2797,1
7,2798,1
7,2799,1
7,2800,1
7,2801,1
7,2802,1
7,2803,1
7,2804,1
7,2805,1
7,2806,1
7,2807,1
7,2808,1
7,2809,1
7,2810,1
7,2811,1
7,2812,1
7,2813,1
7,2814,1
7,2815,1
7,2816,1
7,2817,1
7,2818,1
7,2819,1
7,2820,1
7,2821,1
7,2822,1
7,2823,1
7,2824,1
7,2825,1
7,2826,1
7,2827,1
7,2828,1
7,2829,1
7,2830,1
7,2831,1
7,2832,1
7,2833,1
7,2834,1
7,2835,1
7,2836,1
7,2837,1
7,2838,1
7,2839,1
7,2840,1
7,2841,1
7,2842,1
7,2843,1
7,2844,1
7,2845,1
7,2846,1
7,2847,1
7,2848,1
7,2849,1
7,2850,1
7,2851,1
7,2852,1
7,2853,1
7,2854,1
7,2855,1
7,2856,1
7,2857,1
7,2858,1
7,2859,1
7,2860,1
7,2861,1
7,2862,1
7,2863,1
7,2864,1
7,2865,1
7,2866,1
7,2867,1
7,2868,1
7,2869,1
7,2870,1
7,2871,1
7,2872,1
7,2873,1
7,2874,1
7,2875,1
7,2876,1
7,2877,1
7,2878,1
7,2879,1
7,2880,1
7,2881,1
7,2882,1
7,2883,1
7,2884,1
7,2885,1
7,2886,1
7,2887,1
7,2888,1
7,2889,1
7,2890,1
7,2891,1
7,2892,1
7,2893,1
7,2894,1
7,2895,1
7,2896,1
7,2897,1
7,2898,1
7,2899,1
7,2900,1
7,2901,1
7,2902,1
7,2903,1
7,2904,1
7,2905,1
7,2906,1
7,2907,1
7,2908,1
7,2909,1
7,2910,1
7,2911,1
7,2912,1
7,2913,1
7,2914,1
7,2915,1
7,2916,1
7,2917,1
7,2918,1
7,2919,1
7,2920,1
7,2921,1
7,2922,1
7,2923,1
7,2924,1
7,2925,1
7,2926,1
7,2927,1
7,2928,1
7,2929,1
7,2930,1
7,2931,1
7,2932,1
7,2933,1
7,2934,1
7,2935,1
7,2936,1
7,2937,1
7,2938,1
7,2939,1
7,2940,1
7,2941,1
7,2942,1
7,2943,1
7,2944,1
7,2945,1
7,2946,1
7,2947,1
7,2948,1
7,2949,1
7,2950,1
7,2951,1
7,2952,1
7,2953,1
7,2954,1
7,2955,1
7,2956,1
7,2957,1
7,2958,1
7,2959,1
7,2960,1
7,2961,1
7,2962,1
7,2963,1
7,2964,1
7,2965,1
7,2966,1
7,2967,1
7,2968,1
7,2969,1
7,2970,1
7,2971,1
7,2972,1
7,2973,1
7,2974,1
7,2975,1
7,2976,1
7,2977,1
7,2978,1
7,2979,1
7,2980,1
7,2981,1
7,2982,1
7,2983,1
7,2984,1
7,2985,1
7,2986,1
7,2987,1
7,2988,1
7,2989,1
7,2990,1
7,2991,1
7,2992,1
7,2993,1
7,2994,1
7,2995,1
7,2996,1
7,2997,1
7,2998,1
7,2999,1
7,3000,1
7,3001,1
7,3002,1
7,3003,1
7,3004,1
7,3005,1
7,3006,1
7,3007,1
7,3008,1
7,3009,1
7,3010,1
7,3011,1
7,3012,1
7,3013,1
7,3014,1
7,3015,1
7,3016,1
7,3017,1
7,3018,1
7,3019,1
7,3020,1
7,3021,1
7,3022,1
7,3023,1
7,3024,1
7,3025,1
7,3026,1
7,3027,1
7,3028,1
7,3029,1
7,3030,1
7,3031,1
7,3032,1
7,3033,1
7,3034,1
7,3035,1
7,3036,1
7,3037,1
7,3038,1
7,3039,1
7,3040,1
7,3041,1
7,3042,1
7,3043,1
7,3044,1
7,3045,1
7,3046,1
7,3047,1
7,3048,1
7,3049,1
7,3050,1
7,3051,1
7,3052,1
7,3053,1
7,3054,1
7,3055,1
7,3056,1
7,3057,1
7,3058,1
7,3059,1
7,3060,1
7,3061,1
7,3062,1
7,3063,1
7,3064,1
7,3065,1
7,3066,1
7,3067,1
7,3068,1
7,3069,1
7,3070,1
7,3071,1
7,3072,1
7,3073,1
7,3074,1
7,3075,1
7,3076,1
7,3077,1
7,3078,1
7,3079,1
7,3080,1
7,3081,1
7,3082,1
7,3083,1
7,3084,1
7,3085,1
7,3086,1
7,3087,1
7,3088,1
7,3089,1
7,3090,1
7,3091,1
7,3092,1
7,3093,1
7,3094,1
7,3095,1
7,3096,1
7,3097,1
7,3098,1
7,3099,1
7,3100,1
7,3101,1
7,3102,1
7,3103,1
7,3104,1
7,3105,1
7,3106,1
7,3107,1
7,3108,1
7,3109,1
7,3110,1
7,3111,1
7,3112,1
7,3113,1
7,3114,1
7,3115,1
7,3116,1
7,3117,1
7,3118,1
7,3119,1
7,3120,1
7,3121,1
7,3122,1
7,3123,1
7,3124,1
7,3125,1
7,3126,1
7,3127,1
7,3128,1
7,3129,1
7,3130,1
7,3131,1
7,3132,1
7,3133,1
7,3134,1
7,3135,1
7,3136,1
7,3137,1
7,3138,1
7,3139,1
7,3140,1
7,3141,1
7,3142,1
7,3143,1
7,3144,1
7,3145,1
7,3146,1
7,3147,1
7,3148,1
7,3149,1
7,3150,1
7,3151,1
7,3152,1
7,3153,1
7,3154,1
7,3155,1
7,3156,1
7,3157,1
7,3158,1
7,3159,1
7,3160,1
7,3161,1
7,3162,1
7,3163,1
7,3164,1
7,3165,1
7,3166,1
7,3167,1
7,3168,1
7,3169,1
7,3170,1
7,3171,1
7,3172,1
7,3173,1
7,3174,1
7,3175,1
7,3176,1
7,3177,1
7,3178,1
7,3179,1
7,3180,1
7,3181,1
7,3182,1
7,3183,1
7,3184,1
7,3185,1
7,3186,1
7,3187,1
7,3188,1
7,3189,1
7,3190,1
7,3191,1
7,3192,1
7,3193,1
7,3194,1
7,3195,1
7,3196,1
7,3197,1
7,3198,1
7,3199,1
7,3200,1
7,3201,1
7,3202,1
7,3203,1
7,3204,1
7,3205,1
7,3206,1
7,3207,1
7,3208,1
7,3209,1
7,3210,1
7,3211,1
7,3212,1
7,3213,1
7,3214,1
7,3215,1
7,3216,1
7,3217,1
7,3218,1
7,3219,1
7,3220,1
7,3221,1
7,3222,1
7,3223,1
7,3224,1
7,3225,1
7,3226,1
7,3227,1
7,3228,1
7,3229,1
7,3230,1
7,3231,1
7,3232,1
7,3233,1
7,3234,1
7,3235,1
7,3236,1
7,3237,1
7,3238,1
7,3239,1
7,3240,1
7,3241,1
7,3242,1
7,3243,1
7,3244,1
7,3245,1
7,3246,1
7,3247,1
7,3248,1
7,3249,1
7,3250,1
7,3251,1
7,3252,1
7,3253,1
7,3254,1
7,3255,1
7,3256,1
7,3257,1
7,3258,1
7,3259,1
7,3260,1
7,3261,1
7,3262,1
7,3263,1
7,3264,1
7,3265,1
7,3266,1
7,3267,1
7,3268,1
7,3269,1
7,3270,1
7,3271,1
7,3272,1
7,3273,1
7,3274,1
7,3275,1
7,3276,1
7,3277,1
7,3278,1
7,3279,1
7,3280,1
7,3281,1
7,3282,1
7,3283,1
7,3284,1
7,3285,1
7,3286,1
7,3287,1
7,3288,1
7,3289,1
7,3290,1
7,3291,1
7,3292,1
7,3293,1
7,3294,1
7,3295,1
7,3296,1
7,3297,1
7,3298,1
7,3299,1
7,3300,1
7,3301,1
7,3302,1
7,3303,1
7,3304,1
7,3305,1
7,3306,1
7,3307,1
7,3308,1
7,3309,1
7,3310,1
7,3311,1
7,3312,1
7,3313,1
7,3314,1
7,3315,1
7,3316,1
7,3317,1
7,3318,1
7,3319,1
7,3320,1
7,3321,1
7,3322,1
7,3323,1
7,3324,1
7,3325,1
7,3326,1
7,3327,1
7,3328,1
7,3329,1
7,3330,1
7,3331,1
7,3332,1
7,3333,1
7,3334,1
7,3335,1
7,3336,1
7,3337,1
7,3338,1
7,3339,1
7,3340,1
7,3341,1
7,3342,1
7,3343,1
7,3344,1
7,3345,1
7,3346,1
7,3347,1
7,3348,1
7,3349,1
7,3350,1
7,3351,1
7,3352,1
7,3353,1
7,3354,1
7,3355,1
7,3356,1
7,3357,1
7,3358,1
7,3359,1
7,3360,1
7,3361,1
7,3362,1
7,3363,1
7,3364,1
7,3365,1
7,3366,1
7,3367,1
7,3368,1
7,3369,1
7,3370,1
7,3371,1
7,3372,1
7,3373,1
7,3374,1
7,3375,1
7,3376,1
7,3377,1
7,3378,1
7,3379,1
7,3380,1
7,3381,1
7,3382,1
7,3383,1
7,3384,1
7,3385,1
7,3386,1
7,3387,1
7,3388,1
7,3389,1
7,3390,1
7,3391,1
7,3392,1
7,3393,1
7,3394,1
7,3395,1
7,3396,1
7,3397,1
7,3398,1
7,3399,1
7,3400,1
7,3401,1
7,3402,1
7,3403,1
7,3404,1
7,3405,1
7,3406,1
7,3407,1
7,3408,1
7,3409,1
7,3410,1
7,3411,1
7,3412,1
7,3413,1
7,3414,1
7,3415,1
7,3416,1
7,3417,1
7,3418,1
7,3419,1
7,3420,1
7,3421,1
7,3422,1
7,3423,1
7,3424,1
7,3425,1
7,3426,1
7,3427,1
7,3428,1
7,3429,1
7,3430,1
7,3431,1
7,3432,1
7,3433,1
7,3434,1
7,3435,1
7,3436,1
7,3437,1
7,3438,1
7,3439,1
7,3440,1
7,3441,1
7,3442,1
7,3443,1
7,3444,1
7,3445,1
7,3446,1
7,3447,1
7,3448,1
7,3449,1
7,3450,1
7,3451,1
7,3452,1
7,3453,1
7,3454,1
7,3455,1
7,3456,1
7,3457,1
7,3458,1
7,3459,1
7,3460,1
7,3461,1
7,3462,1
7,3463,1
7,3464,1
7,3465,1
7,3466,1
7,3467,1
7,3468,1
7,3469,1
7,3470,1
7,3471,1
7,3472,1
7,3473,1
7,3474,1
7,3475,1
7,3476,1
7,3477,1
7,3478,1
7,3479,1
7,3480,1
7,3481,1
7,3482,1
7,3483,1
7,3484,1
7,3485,1
7,3486,1
7,3487,1
7,3488,1
7,3489,1
7,3490,1
7,3491,1
7,3492,1
7,3493,1
7,3494,1
7,3495,1
7,3496,1
7,3497,1
7,3498,1
7,3499,1
7,3500,1
7,3501,1
7,3502,1
7,3503,1
7,3504,1
7,3505,1
7,3506,1
7,3507,1
7,3508,1
7,3509,1
7,3510,1
7,3511,1
7,3512,1
7,3513,1
7,3514,1
7,3515,1
7,3516,1
7,3517,1
7,3518,1
7,3519,1
7,3520,1
7,3521,1
7,3522,1
7,3523,1
7,3524,1
7,3525,1
7,3526,1
7,3527,1
7,3528,1
7,3529,1
7,3530,1
7,3531,1
7,3532,1
7,3533,1
7,3534,1
7,3535,1
7,3536,1
7,3537,1
7,3538,1
7,3539,1
7,3540,1
7,3541,1
7,3542,1
7,3543,1
7,3544,1
7,3545,1
7,3546,1
7,3547,1
7,3548,1
7,3549,1
7,3550,1
7,3551,1
7,3552,1
7,3553,1
7,3554,1
7,3555,1
7,3556,1
7,3557,1
7,3558,1
7,3559,1
7,3560,1
7,3561,1
7,3562,1
7,3563,1
7,3564,1
7,3565,1
7,3566,1
7,3567,1
7,3568,1
7,3569,1
7,3570,1
7,3571,1
7,3572,1
7,3573,1
7,3574,1
7,3575,1
7,3576,1
7,3577,1
7,3578,1
7,3579,1
7,3580,1
7,3581,1
7,3582,1
7,3583,1
7,3584,1
7,3585,1
7,3586,1
7,3587,1
7,3588,1
7,3589,1
7,3590,1
7,3591,1
7,3592,1
7,3593,1
7,3594,1
7,3595,1
7,3596,1
7,3597,1
7,3598,1
7,3599,1
7,3600,1
7,3601,1
7,3602,1
7,3603,1
7,3604,1
7,3605,1
7,3606,1
7,3607,1
7,3608,1
7,3609,1
7,3610,1
7,3611,1
7,3612,1
7,3613,1
7,3614,1
7,3615,1
7,3616,1
7,3617,1
7,3618,1
7,3619,1
7,3620,1
7,3621,1
7,3622,1
7,3623,1
7,3624,1
7,3625,1
7,3626,1
7,3627,1
7,3628,1
7,3629,1
7,3630,1
7,3631,1
7,3632,1
7,3633,1
7,3634,1
7,3635,1
7,3636,1
7,3637,1
7,3638,1
7,3639,1
7,3640,1
7,3641,1
7,3642,1
7,3643,1
7,3644,1
7,3645,1
7,3646,1
7,3647,1
7,3648,1
7,3649,1
7,3650,1
7,3651,1
7,3652,1
7,3653,1
7,3654,1
7,3655,1
7,3656,1
7,3657,1
7,3658,1
7,3659,1
7,3660,1
7,3661,1
7,3662,1
7,3663,1
7,3664,1
7,3665,1
7,3666,1
7,3667,1
7,3668,1
7,3669,1
7,3670,1
7,3671,1
7,3672,1
7,3673,1
7,3674,1
7,3675,1
7,3676,1
7,3677,1
7,3678,1
7,3679,1
7,3680,1
7,3681,1
7,3682,1
7,3683,1
7,3684,1
7,3685,1
7,3686,1
7,3687,1
7,3688,1
7,3689,1
7,3690,1
7,3691,1
7,3692,1
7,3693,1
7,3694,1
7,3695,1
7,3696,1
7,3697,1
7,3698,1
7,3699,1
7,3700,1
7,3701,1
7,3702,1
7,3703,1
7,3704,1
7,3705,1
7,3706,1
7,3707,1
7,3708,1
7,3709,1
7,3710,1
7,3711,1
7,3712,1
7,3713,1
7,3714,1
7,3715,1
7,3716,1
7,3717,1
7,3718,1
7,3719,1
7,3720,1
7,3721,1
7,3722,1
7,3723,1
7,3724,1
7,3725,1
7,3726,1
7,3727,1
7,3728,1
7,3729,1
7,3730,1
7,3731,1
7,3732,1
7,3733,1
7,3734,1
7,3735,1
7,3736,1
7,3737,1
7,3738,1
7,3739,1
7,3740,1
7,3741,1
7,3742,1
7,3743,1
7,3744,1
7,3745,1
7,3746,1
7,3747,1
7,3748,1
7,3749,1
7,3750,1
7,3751,1
7,3752,1
7,3753,1
7,3754,1
7,3755,1
7,3756,1
7,3757,1
7,3758,1
7,3759,1
7,3760,1
7,3761,1
7,3762,1
7,3763,1
7,3764,1
7,3765,1
7,3766,1
7,3767,1
7,3768,1
7,3769,1
7,3770,1
7,3771,1
7,3772,1
7,3773,1
7,3774,1
7,3775,1
7,3776,1
7,3777,1
7,3778,1
7,3779,1
7,3780,1
7,3781,1
7,3782,1
7,3783,1
7,3784,1
7,3785,1
7,3786,1
7,3787,1
7,3788,1
7,3789,1
7,3790,1
7,3791,1
7,3792,1
7,3793,1
7,3794,1
7,3795,1
7,3796,1
7,3797,1
7,3798,1
7,3799,1
7,3800,1
7,3801,1
7,3802,1
7,3803,1
7,3804,1
7,3805,1
7,3806,1
7,3807,1
7,3808,1
7,3809,1
7,3810,1
7,3811,1
7,3812,1
7,3813,1
7,3814,1
7,3815,1
7,3816,1
7,3817,1
7,3818,1
7,3819,1
7,3820,1
7,3821,1
7,3822,1
7,3823,1
7,3824,1
7,3825,1
7,3826,1
7,3827,1
7,3828,1
7,3829,1
7,3830,1
7,3831,1
7,3832,1
7,3833,1
7,3834,1
7,3835,1
7,3836,1
7,3837,1
7,3838,1
7,3839,1
7,3840,1
7,3841,1
7,3842,1
7,3843,1
7,3844,1
7,3845,1
7,3846,1
7,3847,1
7,3848,1
7,3849,1
7,3850,1
7,3851,1
7,3852,1
7,3853,1
7,3854,1
7,3855,1
7,3856,1
7,3857,1
7,3858,1
7,3859,1
7,3860,1
7,3861,1
7,3862,1
7,3863,1
7,3864,1
7,3865,1
7,3866,1
7,3867,1
7,3868,1
7,3869,1
7,3870,1
7,3871,1
7,3872,1
7,3873,1
7,3874,1
7,3875,1
7,3876,1
7,3877,1
7,3878,1
7,3879,1
7,3880,1
7,3881,1
7,3882,1
7,3883,1
7,3884,1
7,3885,1
7,3886,1
7,3887,1
7,3888,1
7,3889,1
7,3890,1
7,3891,1
7,3892,1
7,3893,1
7,3894,1
7,3895,1
7,3896,1
7,3897,1
7,3898,1
7,3899,1
7,3900,1
7,3901,1
7,3902,1
7,3903,1
7,3904,1
7,3905,1
7,3906,1
7,3907,1
7,3908,1
7,3909,1
7,3910,1
7,3911,1
7,3912,1
7,3913,1
7,3914,1
7,3915,1
7,3916,1
7,3917,1
7,3918,1
7,3919,1
7,3920,1
7,3921,1
7,3922,1
7,3923,1
7,3924,1
7,3925,1
7,3926,1
7,3927,1
7,3928,1
7,3929,1
7,3930,1
7,3931,1
7,3932,1
7,3933,1
7,3934,1
7,3935,1
7,3936,1
7,3937,1
7,3938,1
7,3939,1
7,3940,1
7,3941,1
7,3942,1
7,3943,1
7,3944,1
7,3945,1
7,3946,1
7,3947,1
7,3948,1
7,3949,1
7,3950,1
7,3951,1
7,3952,1
7,3953,1
7,3954,1
7,3955,1
7,3956,1
7,3957,1
7,3958,1
7,3959,1
7,3960,1
7,3961,1
7,3962,1
7,3963,1
7,3964,1
7,3965,1
7,3966,1
7,3967,1
7,3968,1
7,3969,1
7,3970,1
7,3971,1
7,3972,1
7,3973,1
7,3974,1
7,3975,1
7,3976,1
7,3977,1
7,3978,1
7,3979,1
7,3980,1
7,3981,1
7,3982,1
7,3983,1
7,3984,1
7,3985,1
7,3986,1
7,3987,1
7,3988,1
7,3989,1
7,3990,1
7,3991,1
7,3992,1
7,3993,1
7,3994,1
7,3995,1
7,3996,1
7,3997,1
7,3998,1
7,3999,1
7,4000,1
7,4001,1
7,4002,1
7,4003,1
7,4004,1
7,4005,1
7,4006,1
7,4007,1
7,4008,1
7,4009,1
7,4010,1
7,4011,1
7,4012,1
7,4013,1
7,4014,1
7,4015,1
7,4016,1
7,4017,1
7,4018,1
7,4019,1
7,4020,1
7,4021,1
7,4022,1
7,4023,1
7,4024,1
7,4025,1
7,4026,1
7,4027,1
7,4028,1
7,4029,1
7,4030,1
7,4031,1
7,4032,1
7,4033,1
7,4034,1
7,4035,1
7,4036,1
7,4037,1
7,4038,1
7,4039,1
7,4040,1
7,4041,1
7,4042,1
7,4043,1
7,4044,1
7,4045,1
7,4046,1
7,4047,1
7,4048,1
7,4049,1
7,4050,1
7,4051,1
7,4052,1
7,4053,1
7,4054,1
7,4055,1
7,4056,1
7,4057,1
7,4058,1
7,4059,1
7,4060,1
7,4061,1
7,4062,1
7,4063,1
7,4064,1
7,4065,1
7,4066,1
7,4067,1
7,4068,1
7,4069,1
7,4070,1
7,4071,1
7,4072,1
7,4073,1
7,4074,1
7,4075,1
7,4076,1
7,4077,1
7,4078,1
7,4079,1
7,4080,1
7,4081,1
7,4082,1
7,4083,1
7,4084,1
7,4085,1
7,4086,1
7,4087,1
7,4088,1
7,4089,1
7,4090,1
7,4091,1
7,4092,1
7,4093,1
7,4094,1
7,4095,1
7,4096,1
7,4097,1
7,4098,1
7,4099,1
7,4100,1
7,4101,1
7,4102,1
7,4103,1
7,4104,1
7,4105,1
7,4106,1
7,4107,1
7,4108,1
7,4109,1
7,4110,1
7,4111,1
7,4112,1
7,4113,1
7,4114,1
7,4115,1
7,4116,1
7,4117,1
7,4118,1
7,4119,1
7,4120,1
7,4121,1
7,4122,1
7,4123,1
7,4124,1
7,4125,1
7,4126,1
7,4127,1
7,4128,1
7,4129,1
7,4130,1
7,4131,1
7,4132,1
7,4133,1
7,4134,1
7,4135,1
7,4136,1
7,4137,1
7,4138,1
7,4139,1
7,4140,1
7,4141,1
7,4142,1
7,4143,1
7,4144,1
7,4145,1
7,4146,1
7,4147,1
7,4148,1
7,4149,1
7,4150,1
7,4151,1
7,4152,1
7,4153,1
7,4154,1
7,4155,1
7,4156,1
7,4157,1
7,4158,1
7,4159,1
7,4160,1
7,4161,1
7,4162,1
7,4163,1
7,4164,1
7,4165,1
7,4166,1
7,4167,1
7,4168,1
7,4169,1
7,4170,1
7,4171,1
7,4172,1
7,4173,1
7,4174,1
7,4175,1
7,4176,1
7,4177,1
7,4178,1
7,4179,1
7,4180,1
7,4181,1
7,4182,1
7,4183,1
7,4184,1
7,4185,1
7,4186,1
7,4187,1
7,4188,1
7,4189,1
7,4190,1
7,4191,1
7,4192,1
7,4193,1
7,4194,1
7,4195,1
7,4196,1
7,4197,1
7,4198,1
7,4199,1
8,0,13.31116571
8,1,7.280055461
8,2,15.9108414
8,3,24.44080747
8,4,9.722690104
8,5,20.83840353
8,6,13.50974124
8,7,30.55440945
8,8,9.592902322
8,9,9.617910865
8,10,4.556259578
8,11,15.94705208
8,12,4.136888711
8,13,11.21205
8,14,17.99785703
8,15,9.205595718
8,16,11.30906851
8,17,17.14794694
8,18,12.36836432
8,19,10.50587861
8,20,12.64656354
8,21,5.430607439
8,22,8.911953597
8,23,7.805522735
8,24,14.37956176
8,25,15.61081573
8,26,14.22836952
8,27,25.78733282
8,28,6.202766137
8,29,8.785807279
8,30,12.91857779
8,31,13.87027628
8,32,7.644130301
8,33,6.116424291
8,34,11.36270019
8,35,6.457850322
8,36,9.572757203
8,37,10.44076228
8,38,4.118537331
8,39,11.09048564
8,40,20.27725276
8,41,10.22673362
8,42,30.16171478
8,43,7.781679994
8,44,13.13366949
8,45,7.783612192
8,46,10.05381712
8,47,6.747382629
8,48,16.76035913
8,49,10.1093688
8,50,23.51285153
8,51,9.395396561
8,52,13.55261562
8,53,16.79479107
8,54,7.922685052
8,55,17.25738312
8,56,6.298767477
8,57,16.91857443
8,58,5.720752976
8,59,6.886570006
8,60,7.180954156
8,61,15.36492856
8,62,9.758970364
8,63,14.65120369
8,64,14.68263555
8,65,7.317223364
8,66,15.06094664
8,67,11.78162668
8,68,10.04527861
8,69,15.52726681
8,70,12.15834002
8,71,13.80053888
8,72,18.79393009
8,73,13.6167458
8,74,22.22737023
8,75,7.051461294
8,76,10.11856305
8,77,6.379203621
8,78,10.57357393
8,79,15.56603461
8,80,10.84594081
8,81,6.855446246
8,82,9.86030237
8,83,9.138142405
8,84,9.420173333
8,85,21.35664053
8,86,15.72754357
8,87,10.74845185
8,88,13.76712375
8,89,10.40000816
8,90,18.94825507
8,91,7.62616555
8,92,13.36488532
8,93,7.672729604
8,94,10.59638582
8,95,5.411122175
8,96,6.298170389
8,97,8.797733656
8,98,16.67590614
8,99,10.6573225
8,100,20.67603314
8,101,5.445650829
8,102,13.96298667
8,103,6.709644961
8,104,8.72045292
8,105,11.99927803
8,106,8.010734107
8,107,10.91879188
8,108,7.662396261
8,109,9.470922553
8,110,2.19604854
8,111,11.69765834
8,112,5.815255298
8,113,8.646061186
8,114,6.43011701
8,115,6.59053468
8,116,7.976057292
8,117,18.37504638
8,118,5.109232873
8,119,14.07141945
8,120,11.90216083
8,121,6.672173232
8,122,19.60654903
8,123,9.684369772
8,124,11.05661608
8,125,9.585679164
8,126,5.305252467
8,127,12.6972022
8,128,9.961003805
8,129,14.18843552
8,130,9.978452906
8,131,10.23747511
8,132,4.350583152
8,133,7.824895321
8,134,11.67336544
8,135,14.23424688
8,136,10.68618411
8,137,8.337288803
8,138,15.6215879
8,139,10.56569762
8,140,11.7286101
8,141,12.68692167
8,142,8.263745981
8,143,13.23509918
8,144,9.141354994
8,145,11.81721802
8,146,6.932064902
8,147,8.242031818
8,148,5.077216034
8,149,9.580598668
8,150,12.16121853
8,151,8.46980123
8,152,11.39284687
8,153,8.836709613
8,154,11.80521363
8,155,11.20726979
8,156,11.82414981
8,157,9.794843696
8,158,13.25959688
8,159,7.952723571
8,160,13.36620316
8,161,7.197550524
8,162,11.57835012
8,163,16.26359377
8,164,7.246095647
8,165,14.11726053
8,166,7.689021973
8,167,16.28710774
8,168,13.13368848
8,169,14.37731179
8,170,10.06855764
8,171,7.635951144
8,172,8.37119704
8,173,10.08921201
8,174,14.3661502
8,175,5.587530252
8,176,7.409614523
8,177,13.81406748
8,178,17.60516339
8,179,7.156712942
8,180,10.15872933
8,181,9.958799179
8,182,10.82399648
8,183,6.297991589
8,184,6.869042702
8,185,17.32965121
8,186,7.635293104
8,187,9.435437511
8,188,13.91547228
8,189,7.946200291
8,190,8.88946999
8,191,14.22431717
8,192,7.893313328
8,193,11.79160374
8,194,10.06730091
8,195,9.874948988
8,196,11.98242692
8,197,8.460736638
8,198,13.24933366
8,199,10.63799298
8,200,7.754927232
8,201,13.37703484
8,202,5.054018803
8,203,12.88124942
8,204,6.139005103
8,205,25.30433891
8,206,6.251059487
8,207,10.60525635
8,208,16.93039151
8,209,5.514247919
8,210,13.85701376
8,211,4.165305943
8,212,7.74491174
8,213,12.35097372
8,214,11.51760101
8,215,18.65317564
8,216,5.998725658
8,217,6.356818583
8,218,3.630859139
8,219,19.22538445
8,220,4.712507483
8,221,12.24034892
8,222,7.438183949
8,223,13.11240213
8,224,13.66429934
8,225,5.394845952
8,226,7.200660786
8,227,6.721990619
8,228,6.59164651
8,229,7.297017184
8,230,8.883355086
8,231,17.20466568
8,232,8.600688368
8,233,10.0571262
8,234,9.891861469
8,235,10.79756427
8,236,3.526193187
8,237,12.32549862
8,238,6.322138105
8,239,6.539132948
8,240,2.740134615
8,241,11.06012377
8,242,9.243404335
8,243,14.00389321
8,244,12.82970306
8,245,5.301259698
8,246,22.3485123
8,247,5.20654516
8,248,10.52951591
8,249,10.91484177
8,250,7.696940831
8,251,9.917632578
8,252,7.204201804
8,253,16.61288393
8,254,7.487909023
8,255,23.88089425
8,256,17.3571846
8,257,5.737796013
8,258,21.32431282
8,259,11.36965711
8,260,9.971416871
8,261,9.915564726
8,262,6.525759446
8,263,9.86626032
8,264,10.54145594
8,265,9.190163336
8,266,14.44501797
8,267,3.261967241
8,268,10.07828987
8,269,5.167712506
8,270,11.83559585
8,271,18.3251386
8,272,11.56678483
8,273,4.912602071
8,274,13.07007688
8,275,11.12555446
8,276,9.476976846
8,277,13.7675857
8,278,13.2668051
8,279,9.499164675
8,280,12.65664492
8,281,6.990752566
8,282,6.103589154
8,283,7.786885983
8,284,10.98146393
8,285,13.81571767
8,286,5.267635404
8,287,8.556751408
8,288,10.22013297
8,289,11.37082527
8,290,9.796286632
8,291,15.82898381
8,292,7.94386114
8,293,12.6067654
8,294,13.05755929
8,295,6.770860593
8,296,17.61759898
8,297,2.493502723
8,298,11.12940644
8,299,12.62428244
8,300,8.450209171
8,301,7.520943822
8,302,9.672272509
8,303,5.565089614
8,304,11.46454316
8,305,7.71375714
8,306,10.9526124
8,307,9.562446681
8,308,5.654368792
8,309,18.07216531
8,310,4.77218821
8,311,8.547721557
8,312,9.209764154
8,313,7.917517248
8,314,6.289431698
8,315,6.995771746
8,316,15.1905392
8,317,2.869796555
8,318,13.17123318
8,319,8.401277946
8,320,8.847459293
8,321,9.416785833
8,322,13.62720045
8,323,10.45752344
8,324,6.621661755
8,325,9.722097938
8,326,12.85980081
8,327,12.47471363
8,328,7.455066397
8,329,9.350934842
8,330,15.85698315
8,331,7.356865959
8,332,10.82444915
8,333,6.01163853
8,334,10.8988586
8,335,6.85808297
8,336,10.06522671
8,337,4.166805373
8,338,12.72984862
8,339,4.842586283
8,340,4.934999142
8,341,7.810715267
8,342,5.024734961
8,343,7.27284181
8,344,8.364965889
8,345,10.11844448
8,346,6.450082327
8,347,10.12049786
8,348,5.118683106
8,349,8.327274375
8,350,8.686131915
8,351,13.98866949
8,352,5.647198915
8,353,4.148899199
8,354,9.584027378
8,355,6.172438613
8,356,10.6738755
8,357,6.112628794
8,358,9.040134346
8,359,15.68500994
8,360,5.811843345
8,361,5.832438845
8,362,4.812573399
8,363,13.15850851
8,364,16.45309967
8,365,10.24603641
8,366,4.87901635
8,367,11.22899587
8,368,11.13175898
8,369,8.421184387
8,370,5.256621781
8,371,12.01513323
8,372,10.02159443
8,373,11.67809526
8,374,12.69914216
8,375,6.320193154
8,376,2.508801747
8,377,4.471117538
8,378,4.155048012
8,379,6.014553497
8,380,8.496429866
8,381,9.006799144
8,382,9.160194295
8,383,11.16610857
8,384,6.292607042
8,385,6.754162293
8,386,5.770201533
8,387,6.15137357
8,388,6.640976165
8,389,6.799343262
8,390,7.349973781
8,391,7.886220847
8,392,10.27675057
8,393,6.8261292
8,394,8.463638396
8,395,4.637952873
8,396,5.754305102
8,397,6.386782106
8,398,7.757909573
8,399,9.093487813
8,400,7.54397057
8,401,7.770201396
8,402,6.830973622
8,403,3.537707328
8,404,11.38161004
8,405,7.697045162
8,406,7.327367327
8,407,12.21689151
8,408,11.66683183
8,409,3.485931313
8,410,3.529008943
8,411,12.18275539
8,412,11.34839297
8,413,6.635658021
8,414,11.17354974
8,415,7.327367327
8,416,17.56195267
8,417,5.884146119
8,418,6.621680302
8,419,10.58842201
8,420,9.357506173
8,421,12.88802427
8,422,6.013064012
8,423,10.07242523
8,424,10.25235882
8,425,8.109844145
8,426,4.595072186
8,427,4.678469131
8,428,8.190091139
8,429,7.276735535
8,430,14.90404107
8,431,5.283482441
8,432,9.666046795
8,433,9.308397749
8,434,8.411669794
8,435,10.10210073
8,436,5.488927454
8,437,6.297051039
8,438,6.596623165
8,439,11.94435634
8,440,8.927287416
8,441,4.972440437
8,442,11.21558067
8,443,6.685744377
8,444,10.20561701
8,445,12.27515574
8,446,4.510636789
8,447,3.86474544
8,448,12.90710297
8,449,5.788575249
8,450,4.554020465
8,451,7.057556632
8,452,9.950370957
8,453,10.09812966
8,454,6.411855756
8,455,4.971034624
8,456,5.937198352
8,457,8.577482156
8,458,5.711367687
8,459,6.942844629
8,460,9.470753984
8,461,7.534372367
8,462,6.971654017
8,463,8.321890884
8,464,8.028495016
8,465,11.47782816
8,466,3.790762892
8,467,8.578941817
8,468,8.765915504
8,469,10.16357612
8,470,8.637221384
8,471,10.62064041
8,472,9.472295084
8,473,9.828206005
8,474,7.568863741
8,475,7.773225566
8,476,12.0271964
8,477,6.902878526
8,478,7.088024166
8,479,6.142189822
8,480,6.319166479
8,481,6.386126166
8,482,5.145420126
8,483,11.08749938
8,484,7.952839474
8,485,5.727782382
8,486,10.19183994
8,487,8.08186167
8,488,7.110997487
8,489,6.074174088
8,490,5.115960742
8,491,5.253921854
8,492,6.657497501
8,493,9.498221414
8,494,7.055494749
8,495,3.405454011
8,496,4.554592898
8,497,6.832910505
8,498,3.361354551
8,499,2.505237787
8,500,3.673747946
8,501,12.44928204
8,502,7.893313328
8,503,6.604531154
8,504,12.41121118
8,505,5.000168363
8,506,4.940386773
8,507,9.994566522
8,508,8.48553515
8,509,3.016837939
8,510,9.105614229
8,511,10.34013435
8,512,9.685874157
8,513,4.923924837
8,514,8.69072028
8,515,4.238868572
8,516,9.463230492
8,517,9.792329051
8,518,6.227811993
8,519,5.962989324
8,520,7.593041645
8,521,5.556886226
8,522,2.765986893
8,523,5.532572834
8,524,13.31285094
8,525,4.277939548
8,526,5.384568077
8,527,6.241326428
8,528,6.832710915
8,529,8.815740185
8,530,7.265649314
8,531,8.957201137
8,532,2.396925605
8,533,3.936011646
8,534,1.08396294
8,535,6.898983966
8,536,3.689551263
8,537,7.803704304
8,538,7.317144135
8,539,9.494714069
8,540,6.498880611
8,541,6.315783852
8,542,5.779001529
8,543,12.96392495
8,544,4.23490748
8,545,5.54963876
8,546,11.59451752
8,547,5.451559121
8,548,7.352618515
8,549,4.80454023
8,550,6.348746269
8,551,5.077680662
8,552,6.888516527
8,553,5.979910232
8,554,11.56545866
8,555,4.071953944
8,556,9.475624822
8,557,7.549141082
8,558,11.90206269
8,559,5.648708374
8,560,6.028466676
8,561,7.89092309
8,562,7.367878351
8,563,3.93611905
8,564,5.991686042
8,565,6.149995258
8,566,9.155121304
8,567,1.052528078
8,568,12.03276463
8,569,4.693222481
8,570,7.015567728
8,571,6.873984361
8,572,6.034015587
8,573,6.575374748
8,574,4.616222079
8,575,4.165411321
8,576,4.552379429
8,577,14.07417676
8,578,7.100432651
8,579,5.235065032
8,580,5.797732954
8,581,6.471788491
8,582,9.755822076
8,583,7.883180863
8,584,7.117102912
8,585,6.759513633
8,586,4.419356653
8,587,6.761310567
8,588,9.17509819
8,589,3.067162526
8,590,1.345690659
8,591,6.829422306
8,592,8.123852605
8,593,5.460147799
8,594,6.835936396
8,595,6.329378993
8,596,4.235861227
8,597,10.39311575
8,598,9.800987765
8,599,4.303963335
8,600,9.086912716
8,601,6.487848819
8,602,7.403216738
8,603,8.064148371
8,604,2.421975377
8,605,4.011996431
8,606,7.973200856
8,607,4.272745468
8,608,5.485249262
8,609,5.852269682
8,610,3.590428392
8,611,8.52532201
8,612,8.534468238
8,613,5.761830679
8,614,4.838072494
8,615,3.82609051
8,616,9.700555511
8,617,3.095697936
8,618,3.262625281
8,619,8.637718126
8,620,6.218637526
8,621,5.758718179
8,622,6.959678819
8,623,9.928578751
8,624,4.06577954
8,625,5.980231939
8,626,4.578084073
8,627,5.678521098
8,628,9.737291837
8,629,3.497005441
8,630,4.388757678
8,631,7.994345989
8,632,6.64368121
8,633,5.613330482
8,634,9.400397195
8,635,6.232589656
8,636,3.890907715
8,637,13.544212
8,638,7.588439852
8,639,11.44955474
8,640,3.574948435
8,641,3.300369686
8,642,9.021698239
8,643,6.754162293
8,644,9.625779095
8,645,7.274264582
8,646,4.439301235
8,647,7.473993261
8,648,5.362504805
8,649,5.471177895
8,650,7.021853697
8,651,6.346279429
8,652,6.095846927
8,653,13.64535554
8,654,5.700711177
8,655,11.67520728
8,656,5.671755196
8,657,8.155559668
8,658,4.62611243
8,659,8.6374912
8,660,6.911658741
8,661,3.244189721
8,662,6.635658021
8,663,8.836662183
8,664,3.544334197
8,665,9.775995137
8,666,6.854819745
8,667,5.214152044
8,668,4.054633516
8,669,4.693222481
8,670,4.265358416
8,671,7.076540893
8,672,5.058823772
8,673,4.762469235
8,674,8.79071212
8,675,6.570953366
8,676,6.125303318
8,677,1.929098049
8,678,3.183672533
8,679,2.814993863
8,680,6.82957641
8,681,7.151600578
8,682,3.262625281
8,683,8.801850087
8,684,5.276099763
8,685,4.449453615
8,686,8.912360978
8,687,6.683699124
8,688,3.689690355
8,689,2.562460875
8,690,9.1474236
8,691,5.387214955
8,692,7.861852802
8,693,6.293643697
8,694,5.909499068
8,695,6.984258137
8,696,6.772052866
8,697,4.976586383
8,698,7.928664169
8,699,3.884160878
8,700,1.399158249
8,701,3.262625281
8,702,2.709941226
8,703,5.161664779
8,704,5.973379792
8,705,2.526579267
8,706,2.814993863
8,707,2.28001148
8,708,6.808833308
8,709,2.08716953
8,710,7.760805631
8,711,2.574790883
8,712,5.890024787
8,713,21.08246001
8,714,6.616577381
8,715,5.751176294
8,716,5.022694432
8,717,6.983866636
8,718,9.149536572
8,719,4.613935108
8,720,8.294308341
8,721,3.518922002
8,722,3.396539525
8,723,4.528448429
8,724,5.185635181
8,725,4.725057483
8,726,3.095697936
8,727,4.895764064
8,728,4.064061246
8,729,5.574390043
8,730,7.529292071
8,731,2.318630898
8,732,9.736337877
8,733,4.400079703
8,734,4.712507483
8,735,4.340036785
8,736,3.315424239
8,737,2.089979723
8,738,4.071448418
8,739,6.23512599
8,740,6.883864065
8,741,5.715610201
8,742,2.671507093
8,743,3.432092472
8,744,4.832281293
8,745,5.696796592
8,746,3.847533484
8,747,1.052528078
8,748,3.347344942
8,749,3.361917075
8,750,8.780068661
8,751,5.285032473
8,752,6.68966979
8,753,2.912234049
8,754,5.450289047
8,755,3.206178176
8,756,4.384734203
8,757,5.931249722
8,758,2.574790883
8,759,2.381223109
8,760,4.570199787
8,761,2.255080609
8,762,4.117698157
8,763,5.519875843
8,764,3.374591583
8,765,4.933237657
8,766,7.224953985
8,767,5.603149313
8,768,8.84429586
8,769,3.898217006
8,770,4.401978526
8,771,4.861347538
8,772,4.138596455
8,773,5.515705108
8,774,1.984362423
8,775,6.937124178
8,776,4.379537814
8,777,8.642181836
8,778,4.896614178
8,779,2.051374804
8,780,6.761318913
8,781,2.682919806
8,782,1.890724524
8,783,1
8,784,5.573786314
8,785,12.78703932
8,786,4.225234244
8,787,5.00863407
8,788,4.268306242
8,789,11.39865133
8,790,5.952472516
8,791,5.878604004
8,792,6.122779776
8,793,4.332954771
8,794,1.490618484
8,795,4.61298108
8,796,1.905884456
8,797,1.086773133
8,798,1.086773133
8,799,4.338537355
8,800,3.888097522
8,801,5.801123394
8,802,4.224606148
8,803,3.759396181
8,804,4.782948478
8,805,4.303607896
8,806,2.663710705
8,807,4.382655361
8,808,5.858095553
8,809,6.46567289
8,810,2.496312916
8,811,4.330823731
8,812,4.724699651
8,813,4.776998374
8,814,3.559301524
8,815,5.59075537
8,816,3.049385006
8,817,5.731603132
8,818,3.185928216
8,819,3.176925697
8,820,5.855602958
8,821,9.332026879
8,822,3.338637833
8,823,5.456937078
8,824,7.015874565
8,825,6.548840925
8,826,6.427723132
8,827,3.838407187
8,828,1.086773133
8,829,6.643616645
8,830,4.631551664
8,831,7.723916438
8,832,4.45892479
8,833,3.967464653
8,834,4.709001645
8,835,4.381088506
8,836,8.348267997
8,837,6.111297712
8,838,4.774002612
8,839,7.247183295
8,840,3.216426726
8,841,4.901766927
8,842,2.878228618
8,843,1.052528078
8,844,4.461135277
8,845,2.043067088
8,846,3.621788509
8,847,3.869627447
8,848,2.879766249
8,849,6.18412947
8,850,3.825136482
8,851,5.190069283
8,852,2.081078633
8,853,1.490618484
8,854,1.216036997
8,855,2.878228618
8,856,4.181635067
8,857,5.652677167
8,858,7.283548026
8,859,2.86741651
8,860,3.254170854
8,861,3.854633671
8,862,5.070245288
8,863,8.229911055
8,864,2.653729573
8,865,3.246164187
8,866,1.903074263
8,867,1.08396294
8,868,5.714680557
8,869,2.412085537
8,870,1.905884456
8,871,2.063955936
8,872,1.920851783
8,873,2.163111088
8,874,3.767385845
8,875,3.047272035
8,876,4.283319127
8,877,3.572389593
8,878,3.527132699
8,879,2.379148085
8,880,4.827903962
8,881,9.365218047
8,882,3.315424239
8,883,5.328718157
8,884,1.889416921
8,885,1.399158249
8,886,1
8,887,3.401211497
8,888,1.052528078
8,889,1.232263481
8,890,3.091969452
8,891,2.089979723
8,892,1.886273918
8,893,1.929098049
8,894,1.886273918
8,895,4.396760215
8,896,4.634891381
8,897,1.216036997
8,898,2.022817128
8,899,0.9090911145
8,900,4.043637269
8,901,5.207992399
8,902,2.379148085
8,903,3.759396181
8,904,4.597020193
8,905,3.419742733
8,906,2.381223109
8,907,2.134546223
8,908,2.808698032
8,909,3.622463583
8,910,2.163111088
8,911,3.399349718
8,912,5.233279476
8,913,1.232263481
8,914,4.656963128
8,915,5.36116324
8,916,2.102329462
8,917,4.618926893
8,918,2.366063177
8,919,2.051374804
8,920,3.967651387
8,921,4.665773598
8,922,5.121524294
8,923,4.830361887
8,924,4.511483372
8,925,1.544086075
8,926,3.092212298
8,927,0.9090911145
8,928,2.318630898
8,929,4.279396737
8,930,1.345690659
8,931,0.9990604876
8,932,2.869406758
8,933,1.399158249
8,934,1
8,935,0.9090911145
8,936,3.546428631
8,937,5.420239601
8,938,3.074191932
8,939,2.069152324
8,940,2.255080609
8,941,6.055768958
8,942,4.539864368
8,943,2.598956866
8,944,0.9090911145
8,945,2.102329462
8,946,3.79981557
8,947,1
8,948,2.538929006
8,949,0.9062809215
8,950,5.80323253
8,951,4.38134294
8,952,4.526150866
8,953,1.399158249
8,954,2.409539783
8,955,5.850531912
8,956,1.086773133
8,957,1.086773133
8,958,2.878228618
8,959,2.776444555
8,960,2.318630898
8,961,2.102329462
8,962,3.970236789
8,963,2.690243856
8,964,3.091455422
8,965,3.074191932
8,966,3.405494825
8,967,1.232263481
8,968,2.069152324
8,969,2.180888608
8,970,4.043637269
8,971,2.724974683
8,972,1.399158249
8,973,1
8,974,3.546428631
8,975,0.9062809215
8,976,3.311999372
8,977,2.021877616
8,978,2.195109028
8,979,1.835949331
8,980,1.216036997
8,981,3.065884216
8,982,1.086773133
8,983,4.180465875
8,984,3.302810061
8,985,1.086773133
8,986,3.271947633
8,987,5.466339254
8,988,0.9062809215
8,989,4.107758613
8,990,1.835949331
8,991,3.838407187
8,992,1.232263481
8,993,2.233416687
8,994,5.566420695
8,995,2.803258867
8,996,4.219633316
8,997,0.9990604876
8,998,0.9990604876
8,999,3.621430678
8,1000,2.179949096
8,1001,2.021877616
8,1002,3.375997636
8,1003,2.562460875
8,1004,0.9090911145
8,1005,0.9090911145
8,1006,0.9090911145
8,1007,3.66929734
8,1008,0.9990604876
8,1009,5.043940959
8,1010,5.961147327
8,1011,1.544086075
8,1012,1.544086075
8,1013,1.544086075
8,1014,2.998115115
8,1015,2.193238347
8,1016,4.11427255
8,1017,2.562269338
8,1018,2.051374804
8,1019,2.069152324
8,1020,2.641803265
8,1021,1.232263481
8,1022,2.022817128
8,1023,5.368769221
8,1024,6.502371471
8,1025,4.121889764
8,1026,0.9090911145
8,1027,1.886273918
8,1028,1.743169765
8,1029,1.929098049
8,1030,3.08414613
8,1031,3.534196166
8,1032,1.216036997
8,1033,1.185174569
8,1034,1.052528078
8,1035,2.462067861
8,1036,3.890170569
8,1037,2.087570967
8,1038,3.489786768
8,1039,3.544334197
8,1040,2.051374804
8,1041,1.232263481
8,1042,2.051374804
8,1043,1.232263481
8,1044,2.783023422
8,1045,2.021877616
8,1046,3.172291831
8,1047,2.021877616
8,1048,2.195109028
8,1049,0.9990604876
8,1050,0.9990604876
8,1051,0.9990604876
8,1052,2.802319354
8,1053,3.016837939
8,1054,3.246164187
8,1055,1.903074263
8,1056,1.08396294
8,1057,1.890724524
8,1058,1.086773133
8,1059,1.086773133
8,1060,1.086773133
8,1061,1.086773133
8,1062,2.28001148
8,1063,2.777016989
8,1064,2.709835847
8,1065,2.366063177
8,1066,1.399158249
8,1067,2.239808153
8,1068,1.838765087
8,1069,2.861582215
8,1070,2.429225236
8,1071,4.055416758
8,1072,3.206178176
8,1073,1.232263481
8,1074,2.255080609
8,1075,2.428312021
8,1076,1.232263481
8,1077,1.232263481
8,1078,2.069152324
8,1079,2.180888608
8,1080,0.9090911145
8,1081,1.886273918
8,1082,1.743169765
8,1083,0.9062809215
8,1084,0.9062809215
8,1085,0.9062809215
8,1086,0.9062809215
8,1087,0.9062809215
8,1088,0.9062809215
8,1089,1.713042506
8,1090,1.345690659
8,1091,1.216036997
8,1092,2.409539783
8,1093,2.50804798
8,1094,1.886273918
8,1095,1.743169765
8,1096,4.662630595
8,1097,5.125150053
8,1098,1.216036997
8,1099,1.905884456
8,1100,1.086773133
8,1101,1.086773133
8,1102,2.496312916
8,1103,2.685729999
8,1104,1.086773133
8,1105,1.086773133
8,1106,1.086773133
8,1107,2.063955936
8,1108,1.903074263
8,1109,1.08396294
8,1110,4.284958208
8,1111,0.9062809215
8,1112,1.929098049
8,1113,2.072202203
8,1114,0.9090911145
8,1115,2.102329462
8,1116,1.713042506
8,1117,1.490618484
8,1118,1.216036997
8,1119,2.207991697
8,1120,1.052528078
8,1121,2.855786945
8,1122,1.052528078
8,1123,1.052528078
8,1124,1.052528078
8,1125,4.204998799
8,1126,2.653369761
8,1127,1.216036997
8,1128,1.185174569
8,1129,1.399158249
8,1130,1
8,1131,1
8,1132,1.185174569
8,1133,1.052528078
8,1134,1.052528078
8,1135,2.075345206
8,1136,3.085465461
8,1137,3.300756744
8,1138,1.086773133
8,1139,1.086773133
8,1140,1.086773133
8,1141,1.086773133
8,1142,1.086773133
8,1143,1.086773133
8,1144,1.086773133
8,1145,1.086773133
8,1146,1.086773133
8,1147,1.086773133
8,1148,2.496312916
8,1149,1.086773133
8,1150,2.878228618
8,1151,2.776444555
8,1152,1.886273918
8,1153,1
8,1154,2.803258867
8,1155,3.419742733
8,1156,2.087570967
8,1157,1.686527902
8,1158,1.686527902
8,1159,1.686527902
8,1160,1.686527902
8,1161,1.686527902
8,1162,2.27698805
8,1163,2.709941226
8,1164,1.890829902
8,1165,2.381223109
8,1166,1.232263481
8,1167,3.047088844
8,1168,1.185174569
8,1169,1.399158249
8,1170,1
8,1171,1
8,1172,2.102329462
8,1173,0.9062809215
8,1174,2.893931114
8,1175,1.345690659
8,1176,2.081078633
8,1177,3.330102326
8,1178,1.399158249
8,1179,1
8,1180,2.671507093
8,1181,1.490618484
8,1182,1.490618484
8,1183,2.409275344
8,1184,2.709835847
8,1185,2.366063177
8,1186,2.134546223
8,1187,2.737324422
8,1188,3.730014291
8,1189,1.544086075
8,1190,1.544086075
8,1191,1.544086075
8,1192,1.544086075
8,1193,1.399158249
8,1194,1
8,1195,1.216036997
8,1196,1.905884456
8,1197,1.086773133
8,1198,1
8,1199,1.185174569
8,1200,1
8,1201,1.345690659
8,1202,0.9990604876
8,1203,0.9990604876
8,1204,2.179949096
8,1205,0.9990604876
8,1206,1.835949331
8,1207,1.216036997
8,1208,1
8,1209,1.743169765
8,1210,0.9062809215
8,1211,0.9062809215
8,1212,0.9062809215
8,1213,0.9062809215
8,1214,0.9062809215
8,1215,2.508801747
8,1216,0.9990604876
8,1217,0.9990604876
8,1218,0.9990604876
8,1219,0.9990604876
8,1220,0.9990604876
8,1221,0.9990604876
8,1222,1.835949331
8,1223,1.216036997
8,1224,1
8,1225,1.345690659
8,1226,2.671507093
8,1227,1.490618484
8,1228,1.490618484
8,1229,1.490618484
8,1230,1.216036997
8,1231,1.185174569
8,1232,1
8,1233,1.345690659
8,1234,1.216036997
8,1235,1
8,1236,1.393902274
8,1237,1.393902274
8,1238,1.393902274
8,1239,2.412085537
8,1240,1.905884456
8,1241,1.086773133
8,1242,1.086773133
8,1243,1.086773133
8,1244,1.086773133
8,1245,1.086773133
8,1246,1.086773133
8,1247,2.063955936
8,1248,1.920851783
8,1249,2.493502723
8,1250,2.682919806
8,1251,2.106780068
8,1252,3.261828148
8,1253,1.08396294
8,1254,1.08396294
8,1255,1.08396294
8,1256,1.08396294
8,1257,1.08396294
8,1258,1.08396294
8,1259,3.682180009
8,1260,1.399158249
8,1261,2.022817128
8,1262,3.064753771
8,1263,2.784131435
8,1264,1
8,1265,2.538929006
8,1266,3.401965213
8,1267,2.381223109
8,1268,3.092212298
8,1269,0.9090911145
8,1270,0.9090911145
8,1271,0.9090911145
8,1272,0.9090911145
8,1273,0.9090911145
8,1274,0.9090911145
8,1275,0.9090911145
8,1276,0.9090911145
8,1277,0.9090911145
8,1278,0.9090911145
8,1279,0.9090911145
8,1280,1.886273918
8,1281,1.743169765
8,1282,2.508801747
8,1283,0.9990604876
8,1284,0.9990604876
8,1285,1.835949331
8,1286,2.238854125
8,1287,2.381223109
8,1288,3.092212298
8,1289,1.886273918
8,1290,1.743169765
8,1291,0.9062809215
8,1292,1.929098049
8,1293,0.9090911145
8,1294,0.9090911145
8,1295,0.9090911145
8,1296,0.9090911145
8,1297,0.9090911145
8,1298,0.9090911145
8,1299,0.9090911145
8,1300,0.9090911145
8,1301,0.9090911145
8,1302,0.9090911145
8,1303,0.9090911145
8,1304,0.9090911145
8,1305,0.9090911145
8,1306,0.9090911145
8,1307,0.9090911145
8,1308,0.9090911145
8,1309,0.9090911145
8,1310,0.9090911145
8,1311,1.886273918
8,1312,1.743169765
8,1313,0.9062809215
8,1314,0.9062809215
8,1315,0.9062809215
8,1316,0.9062809215
8,1317,0.9062809215
8,1318,0.9062809215
8,1319,0.9062809215
8,1320,1.713042506
8,1321,1.345690659
8,1322,2.081078633
8,1323,1.490618484
8,1324,1.490618484
8,1325,1.490618484
8,1326,1.490618484
8,1327,1.490618484
8,1328,2.513435612
8,1329,1.490618484
8,1330,1.490618484
8,1331,2.683856831
8,1332,2.653729573
8,1333,1.490618484
8,1334,1.490618484
8,1335,1.490618484
8,1336,1.490618484
8,1337,1.490618484
8,1338,1.490618484
8,1339,1.490618484
8,1340,1.490618484
8,1341,2.513435612
8,1342,2.686667024
8,1343,1.490618484
8,1344,3.648393908
8,1345,1.086773133
8,1346,1.086773133
8,1347,1.086773133
8,1348,2.063955936
8,1349,1.920851783
8,1350,1.08396294
8,1351,1.08396294
8,1352,1.08396294
8,1353,1.08396294
8,1354,1.08396294
8,1355,1.08396294
8,1356,1.08396294
8,1357,1.903074263
8,1358,1.08396294
8,1359,1.08396294
8,1360,1.08396294
8,1361,2.348285657
8,1362,2.075345206
8,1363,1.052528078
8,1364,1.052528078
8,1365,1.052528078
8,1366,1.052528078
8,1367,1.052528078
8,1368,1.052528078
8,1369,1.052528078
8,1370,1.052528078
8,1371,1.052528078
8,1372,1.052528078
8,1373,1.052528078
8,1374,1.052528078
8,1375,1.052528078
8,1376,1.052528078
8,1377,1.052528078
8,1378,1.052528078
8,1379,1.052528078
8,1380,1.052528078
8,1381,1.052528078
8,1382,1.052528078
8,1383,1.052528078
8,1384,1.052528078
8,1385,1.052528078
8,1386,1.052528078
8,1387,1.052528078
8,1388,1.052528078
8,1389,1.052528078
8,1390,1.052528078
8,1391,1.052528078
8,1392,1.052528078
8,1393,1.052528078
8,1394,1.052528078
8,1395,1.052528078
8,1396,1.052528078
8,1397,1.052528078
8,1398,1.052528078
8,1399,1.052528078
8,1400,1.052528078
8,1401,1.052528078
8,1402,1.052528078
8,1403,1.052528078
8,1404,1.052528078
8,1405,1.052528078
8,1406,1.052528078
8,1407,1.052528078
8,1408,2.075345206
8,1409,1.052528078
8,1410,1.052528078
8,1411,1.052528078
8,1412,1.052528078
8,1413,1.052528078
8,1414,1.052528078
8,1415,1.052528078
8,1416,1.052528078
8,1417,1.052528078
8,1418,1.052528078
8,1419,1.052528078
8,1420,1.052528078
8,1421,1.052528078
8,1422,1.052528078
8,1423,1.889416921
8,1424,1.399158249
8,1425,1
8,1426,2.378412916
8,1427,2.690243856
8,1428,0.9062809215
8,1429,0.9062809215
8,1430,0.9062809215
8,1431,0.9062809215
8,1432,0.9062809215
8,1433,0.9062809215
8,1434,0.9062809215
8,1435,0.9062809215
8,1436,0.9062809215
8,1437,0.9062809215
8,1438,0.9062809215
8,1439,0.9062809215
8,1440,0.9062809215
8,1441,0.9062809215
8,1442,0.9062809215
8,1443,0.9062809215
8,1444,0.9062809215
8,1445,1.929098049
8,1446,3.147473511
8,1447,1.393902274
8,1448,1.393902274
8,1449,1.393902274
8,1450,1.393902274
8,1451,2.371085078
8,1452,1.393902274
8,1453,1.393902274
8,1454,2.587140621
8,1455,2.557013363
8,1456,1.393902274
8,1457,1.393902274
8,1458,1.393902274
8,1459,1.393902274
8,1460,1.393902274
8,1461,1.393902274
8,1462,1.393902274
8,1463,1.393902274
8,1464,1.393902274
8,1465,1.393902274
8,1466,1.393902274
8,1467,1.393902274
8,1468,1.393902274
8,1469,1.984362423
8,1470,1.393902274
8,1471,1.393902274
8,1472,1.984362423
8,1473,1.393902274
8,1474,1.393902274
8,1475,1.393902274
8,1476,1.393902274
8,1477,1.393902274
8,1478,1.393902274
8,1479,1.393902274
8,1480,1.393902274
8,1481,1.393902274
8,1482,1.393902274
8,1483,1.393902274
8,1484,1.393902274
8,1485,1.393902274
8,1486,2.587140621
8,1487,2.557013363
8,1488,3.176925697
8,1489,3.047272035
8,1490,3.446430284
8,1491,3.230393287
8,1492,1.052528078
8,1493,1.889416921
8,1494,2.580046858
8,1495,1
8,1496,1.345690659
8,1497,1.216036997
8,1498,1
8,1499,1.216036997
8,1500,1
8,1501,1
8,1502,1.185174569
8,1503,1
8,1504,1.743169765
8,1505,0.9062809215
8,1506,0.9062809215
8,1507,0.9062809215
8,1508,0.9062809215
8,1509,0.9062809215
8,1510,0.9062809215
8,1511,0.9062809215
8,1512,0.9062809215
8,1513,0.9062809215
8,1514,0.9062809215
8,1515,0.9062809215
8,1516,0.9062809215
8,1517,0.9062809215
8,1518,0.9062809215
8,1519,0.9062809215
8,1520,0.9062809215
8,1521,0.9062809215
8,1522,0.9062809215
8,1523,0.9062809215
8,1524,0.9062809215
8,1525,0.9062809215
8,1526,0.9062809215
8,1527,0.9062809215
8,1528,0.9062809215
8,1529,0.9062809215
8,1530,0.9062809215
8,1531,0.9062809215
8,1532,0.9062809215
8,1533,0.9062809215
8,1534,0.9062809215
8,1535,0.9062809215
8,1536,0.9062809215
8,1537,0.9062809215
8,1538,1.713042506
8,1539,1.216036997
8,1540,1.185174569
8,1541,1
8,1542,1.216036997
8,1543,1.185174569
8,1544,1
8,1545,1
8,1546,1
8,1547,1.185174569
8,1548,1.399158249
8,1549,1
8,1550,1.216036997
8,1551,1.185174569
8,1552,1
8,1553,1.216036997
8,1554,1
8,1555,1
8,1556,1
8,1557,1
8,1558,1
8,1559,1.185174569
8,1560,1.399158249
8,1561,1
8,1562,1
8,1563,1
8,1564,1.185174569
8,1565,1
8,1566,1.185174569
8,1567,1.399158249
8,1568,1
8,1569,1
8,1570,1.216036997
8,1571,1
8,1572,1.185174569
8,1573,1
8,1574,1.345690659
8,1575,1.216036997
8,1576,1
8,1577,1
8,1578,1.216036997
8,1579,1.185174569
8,1580,1
8,1581,1.345690659
8,1582,1.216036997
8,1583,1
8,1584,1.185174569
8,1585,1
8,1586,1
8,1587,1.185174569
8,1588,1
8,1589,1.185174569
8,1590,1
8,1591,1
8,1592,1.216036997
8,1593,1
8,1594,1.216036997
8,1595,1
8,1596,1
8,1597,1
8,1598,1
8,1599,1
8,1600,1.185174569
8,1601,1
8,1602,1.185174569
8,1603,1
8,1604,1
8,1605,1
8,1606,1.185174569
8,1607,1
8,1608,1
8,1609,1.185174569
8,1610,1
8,1611,1.185174569
8,1612,1
8,1613,1
8,1614,1.185174569
8,1615,1
8,1616,1.216036997
8,1617,1
8,1618,1
8,1619,1.185174569
8,1620,1.399158249
8,1621,1
8,1622,1
8,1623,1.185174569
8,1624,1
8,1625,1
8,1626,1
8,1627,1
8,1628,1
8,1629,1.345690659
8,1630,1.216036997
8,1631,1
8,1632,1
8,1633,1
8,1634,1
8,1635,1.185174569
8,1636,1
8,1637,1
8,1638,1.216036997
8,1639,1
8,1640,1
8,1641,1
8,1642,1.185174569
8,1643,1.399158249
8,1644,1
8,1645,1.216036997
8,1646,1.185174569
8,1647,1
8,1648,1.185174569
8,1649,1.399158249
8,1650,1
8,1651,1.345690659
8,1652,1.216036997
8,1653,1
8,1654,1.185174569
8,1655,1
8,1656,1.216036997
8,1657,1
8,1658,1.185174569
8,1659,1
8,1660,1
8,1661,1
8,1662,1
8,1663,1
8,1664,1
8,1665,1
8,1666,1
8,1667,1
8,1668,1
8,1669,1.185174569
8,1670,1
8,1671,1
8,1672,1
8,1673,1
8,1674,1.185174569
8,1675,1
8,1676,1.216036997
8,1677,1
8,1678,1
8,1679,1
8,1680,1
8,1681,1
8,1682,1
8,1683,1.185174569
8,1684,1.399158249
8,1685,1
8,1686,1
8,1687,1.216036997
8,1688,1
8,1689,1.216036997
8,1690,1
8,1691,1
8,1692,1.216036997
8,1693,1.185174569
8,1694,1
8,1695,1
8,1696,1.185174569
8,1697,1
8,1698,1
8,1699,1.345690659
8,1700,1.216036997
8,1701,1
8,1702,1
8,1703,1.345690659
8,1704,1.216036997
8,1705,1.185174569
8,1706,1
8,1707,1
8,1708,1.185174569
8,1709,1
8,1710,1.185174569
8,1711,1
8,1712,1.216036997
8,1713,1
8,1714,1
8,1715,1
8,1716,1
8,1717,1
8,1718,1.185174569
8,1719,1
8,1720,1
8,1721,1
8,1722,1.345690659
8,1723,1.216036997
8,1724,1.185174569
8,1725,1
8,1726,1
8,1727,1
8,1728,1.185174569
8,1729,1
8,1730,1
8,1731,1
8,1732,1
8,1733,1
8,1734,1
8,1735,1
8,1736,1.345690659
8,1737,1.216036997
8,1738,1
8,1739,1.216036997
8,1740,1
8,1741,1
8,1742,1
8,1743,1.216036997
8,1744,1
8,1745,1
8,1746,1
8,1747,1
8,1748,1
8,1749,1
8,1750,1.185174569
8,1751,1.399158249
8,1752,1
8,1753,1
8,1754,1.185174569
8,1755,1
8,1756,1
8,1757,1
8,1758,1
8,1759,1
8,1760,1.185174569
8,1761,1
8,1762,1.185174569
8,1763,1
8,1764,1
8,1765,1
8,1766,1
8,1767,1.185174569
8,1768,1.399158249
8,1769,1
8,1770,1
8,1771,1.345690659
8,1772,1.216036997
8,1773,1
8,1774,1
8,1775,1
8,1776,1
8,1777,1
8,1778,1
8,1779,1
8,1780,1
8,1781,1
8,1782,1.185174569
8,1783,1.399158249
8,1784,1
8,1785,1
8,1786,1
8,1787,1
8,1788,1
8,1789,1
8,1790,1
8,1791,1
8,1792,1.216036997
8,1793,1
8,1794,1.185174569
8,1795,1
8,1796,1.216036997
8,1797,1
8,1798,1
8,1799,1
8,1800,1
8,1801,1
8,1802,1
8,1803,1
8,1804,1.216036997
8,1805,1
8,1806,1.216036997
8,1807,1
8,1808,1
8,1809,1
8,1810,1
8,1811,1.216036997
8,1812,1
8,1813,1
8,1814,1
8,1815,1
8,1816,1
8,1817,1
8,1818,1
8,1819,1.185174569
8,1820,1
8,1821,1
8,1822,1
8,1823,1
8,1824,1
8,1825,1
8,1826,1.185174569
8,1827,1
8,1828,1
8,1829,1
8,1830,1
8,1831,1
8,1832,1.185174569
8,1833,1
8,1834,1
8,1835,1
8,1836,1
8,1837,1.185174569
8,1838,1
8,1839,1.185174569
8,1840,1
8,1841,1.216036997
8,1842,1
8,1843,1
8,1844,1
8,1845,1
8,1846,1
8,1847,1.345690659
8,1848,1.216036997
8,1849,1
8,1850,1
8,1851,1
8,1852,1
8,1853,1
8,1854,1
8,1855,1.216036997
8,1856,1
8,1857,1
8,1858,1
8,1859,1
8,1860,1
8,1861,1
8,1862,1
8,1863,1
8,1864,1
8,1865,1
8,1866,1
8,1867,1
8,1868,1.185174569
8,1869,1
8,1870,1
8,1871,1
8,1872,1
8,1873,1
8,1874,1
8,1875,1
8,1876,1
8,1877,1
8,1878,1
8,1879,1
8,1880,1.185174569
8,1881,1.399158249
8,1882,1
8,1883,1
8,1884,1
8,1885,1.216036997
8,1886,1
8,1887,1
8,1888,1
8,1889,1
8,1890,1
8,1891,1
8,1892,1.185174569
8,1893,1
8,1894,1.345690659
8,1895,1.216036997
8,1896,1
8,1897,1
8,1898,1
8,1899,1
8,1900,1
8,1901,1.345690659
8,1902,1.216036997
8,1903,1
8,1904,1
8,1905,1
8,1906,1
8,1907,1
8,1908,1
8,1909,1
8,1910,1
8,1911,1
8,1912,1
8,1913,1
8,1914,1
8,1915,1
8,1916,1
8,1917,1
8,1918,1
8,1919,1
8,1920,1
8,1921,1.345690659
8,1922,1.216036997
8,1923,1
8,1924,1
8,1925,1
8,1926,1.185174569
8,1927,1
8,1928,1
8,1929,1
8,1930,1
8,1931,1
8,1932,1
8,1933,1
8,1934,1
8,1935,1
8,1936,1.185174569
8,1937,1
8,1938,1
8,1939,1
8,1940,1.185174569
8,1941,1
8,1942,1.216036997
8,1943,1
8,1944,1
8,1945,1
8,1946,1
8,1947,1
8,1948,1
8,1949,1
8,1950,1
8,1951,1
8,1952,1
8,1953,1.185174569
8,1954,1
8,1955,1
8,1956,1
8,1957,1.185174569
8,1958,1
8,1959,1
8,1960,1
8,1961,1
8,1962,1
8,1963,1
8,1964,1
8,1965,1.185174569
8,1966,1
8,1967,1
8,1968,1
8,1969,1
8,1970,1
8,1971,1
8,1972,1.216036997
8,1973,1
8,1974,1
8,1975,1.185174569
8,1976,1
8,1977,1.185174569
8,1978,1
8,1979,1
8,1980,1
8,1981,1
8,1982,1
8,1983,1
8,1984,1
8,1985,1
8,1986,1
8,1987,1
8,1988,1
8,1989,1.185174569
8,1990,1
8,1991,1
8,1992,1
8,1993,1.216036997
8,1994,1
8,1995,1
8,1996,1
8,1997,1
8,1998,1
8,1999,1
8,2000,1
8,2001,1
8,2002,1.216036997
8,2003,1.185174569
8,2004,1
8,2005,1
8,2006,1.185174569
8,2007,1
8,2008,1
8,2009,1
8,2010,1
8,2011,1
8,2012,1
8,2013,1
8,2014,1
8,2015,1
8,2016,1
8,2017,1
8,2018,1
8,2019,1
8,2020,1
8,2021,1
8,2022,1
8,2023,1.185174569
8,2024,1
8,2025,1
8,2026,1
8,2027,1
8,2028,1
8,2029,1.185174569
8,2030,1
8,2031,1
8,2032,1
8,2033,1
8,2034,1
8,2035,1
8,2036,1
8,2037,1
8,2038,1
8,2039,1
8,2040,1
8,2041,1
8,2042,1
8,2043,1.185174569
8,2044,1
8,2045,1
8,2046,1
8,2047,1
8,2048,1
8,2049,1
8,2050,1
8,2051,1
8,2052,1.185174569
8,2053,1
8,2054,1
8,2055,1
8,2056,1
8,2057,1
8,2058,1
8,2059,1
8,2060,1
8,2061,1
8,2062,1.345690659
8,2063,1.216036997
8,2064,1
8,2065,1
8,2066,1
8,2067,1
8,2068,1
8,2069,1.185174569
8,2070,1
8,2071,1
8,2072,1
8,2073,1.216036997
8,2074,1
8,2075,1
8,2076,1
8,2077,1
8,2078,1
8,2079,1
8,2080,1
8,2081,1
8,2082,1
8,2083,1.185174569
8,2084,1
8,2085,1
8,2086,1
8,2087,1
8,2088,1
8,2089,1
8,2090,1
8,2091,1
8,2092,1
8,2093,1
8,2094,1
8,2095,1
8,2096,1
8,2097,1
8,2098,1
8,2099,1
8,2100,1
8,2101,1
8,2102,1
8,2103,1
8,2104,1
8,2105,1
8,2106,1
8,2107,1
8,2108,1
8,2109,1
8,2110,1.185174569
8,2111,1
8,2112,1
8,2113,1
8,2114,1
8,2115,1
8,2116,1
8,2117,1
8,2118,1
8,2119,1
8,2120,1
8,2121,1
8,2122,1
8,2123,1
8,2124,1
8,2125,1
8,2126,1
8,2127,1
8,2128,1
8,2129,1
8,2130,1
8,2131,1
8,2132,1
8,2133,1
8,2134,1
8,2135,1
8,2136,1
8,2137,1
8,2138,1
8,2139,1
8,2140,1
8,2141,1
8,2142,1
8,2143,1
8,2144,1
8,2145,1
8,2146,1
8,2147,1
8,2148,1
8,2149,1
8,2150,1
8,2151,1
8,2152,1
8,2153,1
8,2154,1
8,2155,1
8,2156,1
8,2157,1
8,2158,1
8,2159,1
8,2160,1
8,2161,1
8,2162,1
8,2163,1
8,2164,1
8,2165,1
8,2166,1
8,2167,1
8,2168,1
8,2169,1
8,2170,1
8,2171,1
8,2172,1
8,2173,1
8,2174,1
8,2175,1.216036997
8,2176,1
8,2177,1
8,2178,1
8,2179,1
8,2180,1
8,2181,1
8,2182,1
8,2183,1
8,2184,1
8,2185,1
8,2186,1
8,2187,1
8,2188,1.185174569
8,2189,1
8,2190,1
8,2191,1
8,2192,1
8,2193,1
8,2194,1
8,2195,1.216036997
8,2196,1
8,2197,1
8,2198,1
8,2199,1
8,2200,1
8,2201,1
8,2202,1
8,2203,1
8,2204,1.185174569
8,2205,1
8,2206,1
8,2207,1
8,2208,1
8,2209,1
8,2210,1
8,2211,1
8,2212,1
8,2213,1
8,2214,1
8,2215,1
8,2216,1
8,2217,1
8,2218,1
8,2219,1
8,2220,1
8,2221,1
8,2222,1
8,2223,1
8,2224,1
8,2225,1
8,2226,1
8,2227,1
8,2228,1
8,2229,1
8,2230,1
8,2231,1
8,2232,1
8,2233,1
8,2234,1
8,2235,1
8,2236,1
8,2237,1
8,2238,1
8,2239,1
8,2240,1
8,2241,1
8,2242,1
8,2243,1
8,2244,1
8,2245,1
8,2246,1
8,2247,1
8,2248,1
8,2249,1
8,2250,1
8,2251,1
8,2252,1
8,2253,1
8,2254,1
8,2255,1
8,2256,1
8,2257,1
8,2258,1
8,2259,1
8,2260,1
8,2261,1
8,2262,1
8,2263,1
8,2264,1
8,2265,1
8,2266,1
8,2267,1
8,2268,1
8,2269,1
8,2270,1
8,2271,1
8,2272,1
8,2273,1
8,2274,1.216036997
8,2275,1
8,2276,1
8,2277,1
8,2278,1
8,2279,1
8,2280,1
8,2281,1
8,2282,1
8,2283,1
8,2284,1
8,2285,1
8,2286,1
8,2287,1
8,2288,1
8,2289,1
8,2290,1
8,2291,1
8,2292,1
8,2293,1
8,2294,1
8,2295,1
8,2296,1
8,2297,1
8,2298,1
8,2299,1
8,2300,1
8,2301,1
8,2302,1
8,2303,1
8,2304,1
8,2305,1
8,2306,1
8,2307,1
8,2308,1
8,2309,1
8,2310,1
8,2311,1
8,2312,1
8,2313,1
8,2314,1
8,2315,1
8,2316,1
8,2317,1
8,2318,1
8,2319,1
8,2320,1
8,2321,1
8,2322,1
8,2323,1
8,2324,1
8,2325,1
8,2326,1
8,2327,1
8,2328,1
8,2329,1
8,2330,1
8,2331,1
8,2332,1
8,2333,1
8,2334,1
8,2335,1
8,2336,1
8,2337,1
8,2338,1
8,2339,1
8,2340,1
8,2341,1
8,2342,1
8,2343,1
8,2344,1
8,2345,1
8,2346,1
8,2347,1
8,2348,1
8,2349,1
8,2350,1
8,2351,1
8,2352,1
8,2353,1
8,2354,1
8,2355,1
8,2356,1
8,2357,1
8,2358,1
8,2359,1
8,2360,1
8,2361,1
8,2362,1
8,2363,1
8,2364,1
8,2365,1
8,2366,1
8,2367,1
8,2368,1
8,2369,1
8,2370,1
8,2371,1
8,2372,1
8,2373,1
8,2374,1
8,2375,1
8,2376,1
8,2377,1
8,2378,1
8,2379,1
8,2380,1
8,2381,1
8,2382,1
8,2383,1
8,2384,1
8,2385,1
8,2386,1
8,2387,1
8,2388,1
8,2389,1
8,2390,1
8,2391,1
8,2392,1
8,2393,1
8,2394,1
8,2395,1
8,2396,1
8,2397,1
8,2398,1
8,2399,1
8,2400,1
8,2401,1
8,2402,1
8,2403,1
8,2404,1
8,2405,1
8,2406,1
8,2407,1
8,2408,1
8,2409,1
8,2410,1
8,2411,1
8,2412,1
8,2413,1
8,2414,1
8,2415,1
8,2416,1
8,2417,1
8,2418,1
8,2419,1
8,2420,1
8,2421,1
8,2422,1
8,2423,1
8,2424,1
8,2425,1
8,2426,1
8,2427,1
8,2428,1
8,2429,1
8,2430,1
8,2431,1
8,2432,1
8,2433,1
8,2434,1
8,2435,1
8,2436,1
8,2437,1
8,2438,1
8,2439,1
8,2440,1
8,2441,1
8,2442,1
8,2443,1
8,2444,1
8,2445,1
8,2446,1
8,2447,1
8,2448,1
8,2449,1
8,2450,1
8,2451,1
8,2452,1
8,2453,1
8,2454,1
8,2455,1
8,2456,1
8,2457,1
8,2458,1
8,2459,1
8,2460,1
8,2461,1
8,2462,1
8,2463,1
8,2464,1
8,2465,1
8,2466,1
8,2467,1
8,2468,1
8,2469,1
8,2470,1
8,2471,1
8,2472,1
8,2473,1
8,2474,1
8,2475,1
8,2476,1
8,2477,1
8,2478,1
8,2479,1
8,2480,1
8,2481,1
8,2482,1
8,2483,1
8,2484,1
8,2485,1
8,2486,1
8,2487,1
8,2488,1
8,2489,1
8,2490,1
8,2491,1
8,2492,1
8,2493,1
8,2494,1
8,2495,1
8,2496,1
8,2497,1
8,2498,1
8,2499,1
8,2500,1
8,2501,1
8,2502,1
8,2503,1
8,2504,1
8,2505,1
8,2506,1
8,2507,1
8,2508,1
8,2509,1
8,2510,1
8,2511,1
8,2512,1
8,2513,1
8,2514,1
8,2515,1
8,2516,1
8,2517,1
8,2518,1
8,2519,1
8,2520,1
8,2521,1
8,2522,1
8,2523,1
8,2524,1
8,2525,1
8,2526,1
8,2527,1
8,2528,1
8,2529,1
8,2530,1
8,2531,1
8,2532,1
8,2533,1
8,2534,1
8,2535,1
8,2536,1
8,2537,1
8,2538,1
8,2539,1
8,2540,1
8,2541,1
8,2542,1
8,2543,1
8,2544,1
8,2545,1
8,2546,1
8,2547,1
8,2548,1
8,2549,1
8,2550,1
8,2551,1
8,2552,1
8,2553,1
8,2554,1
8,2555,1
8,2556,1
8,2557,1
8,2558,1
8,2559,1
8,2560,1
8,2561,1
8,2562,1
8,2563,1
8,2564,1
8,2565,1
8,2566,1
8,2567,1
8,2568,1
8,2569,1
8,2570,1
8,2571,1
8,2572,1
8,2573,1
8,2574,1
8,2575,1
8,2576,1
8,2577,1
8,2578,1
8,2579,1
8,2580,1
8,2581,1
8,2582,1
8,2583,1
8,2584,1
8,2585,1
8,2586,1
8,2587,1
8,2588,1
8,2589,1
8,2590,1
8,2591,1
8,2592,1
8,2593,1
8,2594,1
8,2595,1
8,2596,1
8,2597,1
8,2598,1
8,2599,1
8,2600,1
8,2601,1
8,2602,1
8,2603,1
8,2604,1
8,2605,1
8,2606,1
8,2607,1
8,2608,1
8,2609,1
8,2610,1
8,2611,1
8,2612,1
8,2613,1
8,2614,1
8,2615,1
8,2616,1
8,2617,1
8,2618,1
8,2619,1
8,2620,1
8,2621,1
8,2622,1
8,2623,1
8,2624,1
8,2625,1
8,2626,1
8,2627,1
8,2628,1
8,2629,1
8,2630,1
8,2631,1
8,2632,1
8,2633,1
8,2634,1
8,2635,1
8,2636,1
8,2637,1
8,2638,1
8,2639,1
8,2640,1
8,2641,1
8,2642,1
8,2643,1
8,2644,1
8,2645,1
8,2646,1
8,2647,1
8,2648,1
8,2649,1
8,2650,1
8,2651,1
8,2652,1
8,2653,1
8,2654,1
8,2655,1
8,2656,1
8,2657,1
8,2658,1
8,2659,1
8,2660,1
8,2661,1
8,2662,1
8,2663,1
8,2664,1
8,2665,1
8,2666,1
8,2667,1
8,2668,1
8,2669,1
8,2670,1
8,2671,1
8,2672,1
8,2673,1
8,2674,1
8,2675,1
8,2676,1
8,2677,1
8,2678,1
8,2679,1
8,2680,1
8,2681,1
8,2682,1
8,2683,1
8,2684,1
8,2685,1
8,2686,1
8,2687,1
8,2688,1
8,2689,1
8,2690,1
8,2691,1
8,2692,1
8,2693,1
8,2694,1
8,2695,1
8,2696,1
8,2697,1
8,2698,1
8,2699,1
8,2700,1
8,2701,1
8,2702,1
8,2703,1
8,2704,1
8,2705,1
8,2706,1
8,2707,1
8,2708,1
8,2709,1
8,2710,1
8,2711,1
8,2712,1
8,2713,1
8,2714,1
8,2715,1
8,2716,1
8,2717,1
8,2718,1
8,2719,1
8,2720,1
8,2721,1
8,2722,1
8,2723,1
8,2724,1
8,2725,1
8,2726,1
8,2727,1
8,2728,1
8,2729,1
8,2730,1
8,2731,1
8,2732,1
8,2733,1
8,2734,1
8,2735,1
8,2736,1
8,2737,1
8,2738,1
8,2739,1
8,2740,1
8,2741,1
8,2742,1
8,2743,1
8,2744,1
8,2745,1
8,2746,1
8,2747,1
8,2748,1
8,2749,1
8,2750,1
8,2751,1
8,2752,1
8,2753,1
8,2754,1
8,2755,1
8,2756,1
8,2757,1
8,2758,1
8,2759,1
8,2760,1
8,2761,1
8,2762,1
8,2763,1
8,2764,1
8,2765,1
8,2766,1
8,2767,1
8,2768,1
8,2769,1
8,2770,1
8,2771,1
8,2772,1
8,2773,1
8,2774,1
8,2775,1
8,2776,1
8,2777,1
8,2778,1
8,2779,1
8,2780,1
8,2781,1
8,2782,1
8,2783,1
8,2784,1
8,2785,1
8,2786,1
8,2787,1
8,2788,1
8,2789,1
8,2790,1
8,2791,1
8,2792,1
8,2793,1
8,2794,1
8,2795,1
8,2796,1
8,2797,1
8,2798,1
8,2799,1
8,2800,1
8,2801,1
8,2802,1
8,2803,1
8,2804,1
8,2805,1
8,2806,1
8,2807,1
8,2808,1
8,2809,1
8,2810,1
8,2811,1
8,2812,1
8,2813,1
8,2814,1
8,2815,1
8,2816,1
8,2817,1
8,2818,1
8,2819,1
8,2820,1
8,2821,1
8,2822,1
8,2823,1
8,2824,1
8,2825,1
8,2826,1
8,2827,1
8,2828,1
8,2829,1
8,2830,1
8,2831,1
8,2832,1
8,2833,1
8,2834,1
8,2835,1
8,2836,1
8,2837,1
8,2838,1
8,2839,1
8,2840,1
8,2841,1
8,2842,1
8,2843,1
8,2844,1
8,2845,1
8,2846,1
8,2847,1
8,2848,1
8,2849,1
8,2850,1
8,2851,1
8,2852,1
8,2853,1
8,2854,1
8,2855,1
8,2856,1
8,2857,1
8,2858,1
8,2859,1
8,2860,1
8,2861,1
8,2862,1
8,2863,1
8,2864,1
8,2865,1
8,2866,1
8,2867,1
8,2868,1
8,2869,1
8,2870,1
8,2871,1
8,2872,1
8,2873,1
8,2874,1
8,2875,1
8,2876,1
8,2877,1
8,2878,1
8,2879,1
8,2880,1
8,2881,1
8,2882,1
8,2883,1
8,2884,1
8,2885,1
8,2886,1
8,2887,1
8,2888,1
8,2889,1
8,2890,1
8,2891,1
8,2892,1
8,2893,1
8,2894,1
8,2895,1
8,2896,1
8,2897,1
8,2898,1
8,2899,1
8,2900,1
8,2901,1
8,2902,1
8,2903,1
8,2904,1
8,2905,1
8,2906,1
8,2907,1
8,2908,1
8,2909,1
8,2910,1
8,2911,1
8,2912,1
8,2913,1
8,2914,1
8,2915,1
8,2916,1
8,2917,1
8,2918,1
8,2919,1
8,2920,1
8,2921,1
8,2922,1
8,2923,1
8,2924,1
8,2925,1
8,2926,1
8,2927,1
8,2928,1
8,2929,1
8,2930,1
8,2931,1
8,2932,1
8,2933,1
8,2934,1
8,2935,1
8,2936,1
8,2937,1
8,2938,1
8,2939,1
8,2940,1
8,2941,1
8,2942,1
8,2943,1
8,2944,1
8,2945,1
8,2946,1
8,2947,1
8,2948,1
8,2949,1
8,2950,1
8,2951,1
8,2952,1
8,2953,1
8,2954,1
8,2955,1
8,2956,1
8,2957,1
8,2958,1
8,2959,1
8,2960,1
8,2961,1
8,2962,1
8,2963,1
8,2964,1
8,2965,1
8,2966,1
8,2967,1
8,2968,1
8,2969,1
8,2970,1
8,2971,1
8,2972,1
8,2973,1
8,2974,1
8,2975,1
8,2976,1
8,2977,1
8,2978,1
8,2979,1
8,2980,1
8,2981,1
8,2982,1
8,2983,1
8,2984,1
8,2985,1
8,2986,1
8,2987,1
8,2988,1
8,2989,1
8,2990,1
8,2991,1
8,2992,1
8,2993,1
8,2994,1
8,2995,1
8,2996,1
8,2997,1
8,2998,1
8,2999,1
8,3000,1
8,3001,1
8,3002,1
8,3003,1
8,3004,1
8,3005,1
8,3006,1
8,3007,1
8,3008,1
8,3009,1
8,3010,1
8,3011,1
8,3012,1
8,3013,1
8,3014,1
8,3015,1
8,3016,1
8,3017,1
8,3018,1
8,3019,1
8,3020,1
8,3021,1
8,3022,1
8,3023,1
8,3024,1
8,3025,1
8,3026,1
8,3027,1
8,3028,1
8,3029,1
8,3030,1
8,3031,1
8,3032,1
8,3033,1
8,3034,1
8,3035,1
8,3036,1
8,3037,1
8,3038,1
8,3039,1
8,3040,1
8,3041,1
8,3042,1
8,3043,1
8,3044,1
8,3045,1
8,3046,1
8,3047,1
8,3048,1
8,3049,1
8,3050,1
8,3051,1
8,3052,1
8,3053,1
8,3054,1
8,3055,1
8,3056,1
8,3057,1
8,3058,1
8,3059,1
8,3060,1
8,3061,1
8,3062,1
8,3063,1
8,3064,1
8,3065,1
8,3066,1
8,3067,1
8,3068,1
8,3069,1
8,3070,1
8,3071,1
8,3072,1
8,3073,1
8,3074,1
8,3075,1
8,3076,1
8,3077,1
8,3078,1
8,3079,1
8,3080,1
8,3081,1
8,3082,1
8,3083,1
8,3084,1
8,3085,1
8,3086,1
8,3087,1
8,3088,1
8,3089,1
8,3090,1
8,3091,1
8,3092,1
8,3093,1
8,3094,1
8,3095,1
8,3096,1
8,3097,1
8,3098,1
8,3099,1
8,3100,1
8,3101,1
8,3102,1
8,3103,1
8,3104,1
8,3105,1
8,3106,1
8,3107,1
8,3108,1
8,3109,1
8,3110,1
8,3111,1
8,3112,1
8,3113,1
8,3114,1
8,3115,1
8,3116,1
8,3117,1
8,3118,1
8,3119,1
8,3120,1
8,3121,1
8,3122,1
8,3123,1
8,3124,1
8,3125,1
8,3126,1
8,3127,1
8,3128,1
8,3129,1
8,3130,1
8,3131,1
8,3132,1
8,3133,1
8,3134,1
8,3135,1
8,3136,1
8,3137,1
8,3138,1
8,3139,1
8,3140,1
8,3141,1
8,3142,1
8,3143,1
8,3144,1
8,3145,1
8,3146,1
8,3147,1
8,3148,1
8,3149,1
8,3150,1
8,3151,1
8,3152,1
8,3153,1
8,3154,1
8,3155,1
8,3156,1
8,3157,1
8,3158,1
8,3159,1
8,3160,1
8,3161,1
8,3162,1
8,3163,1
8,3164,1
8,3165,1
8,3166,1
8,3167,1
8,3168,1
8,3169,1
8,3170,1
8,3171,1
8,3172,1
8,3173,1
8,3174,1
8,3175,1
8,3176,1
8,3177,1
8,3178,1
8,3179,1
8,3180,1
8,3181,1
8,3182,1
8,3183,1
8,3184,1
8,3185,1
8,3186,1
8,3187,1
8,3188,1
8,3189,1
8,3190,1
8,3191,1
8,3192,1
8,3193,1
8,3194,1
8,3195,1
8,3196,1
8,3197,1
8,3198,1
8,3199,1
8,3200,1
8,3201,1
8,3202,1
8,3203,1
8,3204,1
8,3205,1
8,3206,1
8,3207,1
8,3208,1
8,3209,1
8,3210,1
8,3211,1
8,3212,1
8,3213,1
8,3214,1
8,3215,1
8,3216,1
8,3217,1
8,3218,1
8,3219,1
8,3220,1
8,3221,1
8,3222,1
8,3223,1
8,3224,1
8,3225,1
8,3226,1
8,3227,1
8,3228,1
8,3229,1
8,3230,1
8,3231,1
8,3232,1
8,3233,1
8,3234,1
8,3235,1
8,3236,1
8,3237,1
8,3238,1
8,3239,1
8,3240,1
8,3241,1
8,3242,1
8,3243,1
8,3244,1
8,3245,1
8,3246,1
8,3247,1
8,3248,1
8,3249,1
8,3250,1
8,3251,1
8,3252,1
8,3253,1
8,3254,1
8,3255,1
8,3256,1
8,3257,1
8,3258,1
8,3259,1
8,3260,1
8,3261,1
8,3262,1
8,3263,1
8,3264,1
8,3265,1
8,3266,1
8,3267,1
8,3268,1
8,3269,1
8,3270,1
8,3271,1
8,3272,1
8,3273,1
8,3274,1
8,3275,1
8,3276,1
8,3277,1
8,3278,1
8,3279,1
8,3280,1
8,3281,1
8,3282,1
8,3283,1
8,3284,1
8,3285,1
8,3286,1
8,3287,1
8,3288,1
8,3289,1
8,3290,1
8,3291,1
8,3292,1
8,3293,1
8,3294,1
8,3295,1
8,3296,1
8,3297,1
8,3298,1
8,3299,1
8,3300,1
8,3301,1
8,3302,1
8,3303,1
8,3304,1
8,3305,1
8,3306,1
8,3307,1
8,3308,1
8,3309,1
8,3310,1
8,3311,1
8,3312,1
8,3313,1
8,3314,1
8,3315,1
8,3316,1
8,3317,1
8,3318,1
8,3319,1
8,3320,1
8,3321,1
8,3322,1
8,3323,1
8,3324,1
8,3325,1
8,3326,1
8,3327,1
8,3328,1
8,3329,1
8,3330,1
8,3331,1
8,3332,1
8,3333,1
8,3334,1
8,3335,1
8,3336,1
8,3337,1
8,3338,1
8,3339,1
8,3340,1
8,3341,1
8,3342,1
8,3343,1
8,3344,1
8,3345,1
8,3346,1
8,3347,1
8,3348,1
8,3349,1
8,3350,1
8,3351,1
8,3352,1
8,3353,1
8,3354,1
8,3355,1
8,3356,1
8,3357,1
8,3358,1
8,3359,1
8,3360,1
8,3361,1
8,3362,1
8,3363,1
8,3364,1
8,3365,1
8,3366,1
8,3367,1
8,3368,1
8,3369,1
8,3370,1
8,3371,1
8,3372,1
8,3373,1
8,3374,1
8,3375,1
8,3376,1
8,3377,1
8,3378,1
8,3379,1
8,3380,1
8,3381,1
8,3382,1
8,3383,1
8,3384,1
8,3385,1
8,3386,1
8,3387,1
8,3388,1
8,3389,1
8,3390,1
8,3391,1
8,3392,1
8,3393,1
8,3394,1
8,3395,1
8,3396,1
8,3397,1
8,3398,1
8,3399,1
8,3400,1
8,3401,1
8,3402,1
8,3403,1
8,3404,1
8,3405,1
8,3406,1
8,3407,1
8,3408,1
8,3409,1
8,3410,1
8,3411,1
8,3412,1
8,3413,1
8,3414,1
8,3415,1
8,3416,1
8,3417,1
8,3418,1
8,3419,1
8,3420,1
8,3421,1
8,3422,1
8,3423,1
8,3424,1
8,3425,1
8,3426,1
8,3427,1
8,3428,1
8,3429,1
8,3430,1
8,3431,1
8,3432,1
8,3433,1
8,3434,1
8,3435,1
8,3436,1
8,3437,1
8,3438,1
8,3439,1
8,3440,1
8,3441,1
8,3442,1
8,3443,1
8,3444,1
8,3445,1
8,3446,1
8,3447,1
8,3448,1
8,3449,1
8,3450,1
8,3451,1
8,3452,1
8,3453,1
8,3454,1
8,3455,1
8,3456,1
8,3457,1
8,3458,1
8,3459,1
8,3460,1
8,3461,1
8,3462,1
8,3463,1
8,3464,1
8,3465,1
8,3466,1
8,3467,1
8,3468,1
8,3469,1
8,3470,1
8,3471,1
8,3472,1
8,3473,1
8,3474,1
8,3475,1
8,3476,1
8,3477,1
8,3478,1
8,3479,1
8,3480,1
8,3481,1
8,3482,1
8,3483,1
8,3484,1
8,3485,1
8,3486,1
8,3487,1
8,3488,1
8,3489,1
8,3490,1
8,3491,1
8,3492,1
8,3493,1
8,3494,1
8,3495,1
8,3496,1
8,3497,1
8,3498,1
8,3499,1
8,3500,1
8,3501,1
8,3502,1
8,3503,1
8,3504,1
8,3505,1
8,3506,1
8,3507,1
8,3508,1
8,3509,1
8,3510,1
8,3511,1
8,3512,1
8,3513,1
8,3514,1
8,3515,1
8,3516,1
8,3517,1
8,3518,1
8,3519,1
8,3520,1
8,3521,1
8,3522,1
8,3523,1
8,3524,1
8,3525,1
8,3526,1
8,3527,1
8,3528,1
8,3529,1
8,3530,1
8,3531,1
8,3532,1
8,3533,1
8,3534,1
8,3535,1
8,3536,1
8,3537,1
8,3538,1
8,3539,1
8,3540,1
8,3541,1
8,3542,1
8,3543,1
8,3544,1
8,3545,1
8,3546,1
8,3547,1
8,3548,1
8,3549,1
8,3550,1
8,3551,1
8,3552,1
8,3553,1
8,3554,1
8,3555,1
8,3556,1
8,3557,1
8,3558,1
8,3559,1
8,3560,1
8,3561,1
8,3562,1
8,3563,1
8,3564,1
8,3565,1
8,3566,1
8,3567,1
8,3568,1
8,3569,1
8,3570,1
8,3571,1
8,3572,1
8,3573,1
8,3574,1
8,3575,1
8,3576,1
8,3577,1
8,3578,1
8,3579,1
8,3580,1
8,3581,1
8,3582,1
8,3583,1
8,3584,1
8,3585,1
8,3586,1
8,3587,1
8,3588,1
8,3589,1
8,3590,1
8,3591,1
8,3592,1
8,3593,1
8,3594,1
8,3595,1
8,3596,1
8,3597,1
8,3598,1
8,3599,1
8,3600,1
8,3601,1
8,3602,1
8,3603,1
8,3604,1
8,3605,1
8,3606,1
8,3607,1
8,3608,1
8,3609,1
8,3610,1
8,3611,1
8,3612,1
8,3613,1
8,3614,1
8,3615,1
8,3616,1
8,3617,1
8,3618,1
8,3619,1
8,3620,1
8,3621,1
8,3622,1
8,3623,1
8,3624,1
8,3625,1
8,3626,1
8,3627,1
8,3628,1
8,3629,1
8,3630,1
8,3631,1
8,3632,1
8,3633,1
8,3634,1
8,3635,1
8,3636,1
8,3637,1
8,3638,1
8,3639,1
8,3640,1
8,3641,1
8,3642,1
8,3643,1
8,3644,1
8,3645,1
8,3646,1
8,3647,1
8,3648,1
8,3649,1
8,3650,1
8,3651,1
8,3652,1
8,3653,1
8,3654,1
8,3655,1
8,3656,1
8,3657,1
8,3658,1
8,3659,1
8,3660,1
8,3661,1
8,3662,1
8,3663,1
8,3664,1
8,3665,1
8,3666,1
8,3667,1
8,3668,1
8,3669,1
8,3670,1
8,3671,1
8,3672,1
8,3673,1
8,3674,1
8,3675,1
8,3676,1
8,3677,1
8,3678,1
8,3679,1
8,3680,1
8,3681,1
8,3682,1
8,3683,1
8,3684,1
8,3685,1
8,3686,1
8,3687,1
8,3688,1
8,3689,1
8,3690,1
8,3691,1
8,3692,1
8,3693,1
8,3694,1
8,3695,1
8,3696,1
8,3697,1
8,3698,1
8,3699,1
8,3700,1
8,3701,1
8,3702,1
8,3703,1
8,3704,1
8,3705,1
8,3706,1
8,3707,1
8,3708,1
8,3709,1
8,3710,1
8,3711,1
8,3712,1
8,3713,1
8,3714,1
8,3715,1
8,3716,1
8,3717,1
8,3718,1
8,3719,1
8,3720,1
8,3721,1
8,3722,1
8,3723,1
8,3724,1
8,3725,1
8,3726,1
8,3727,1
8,3728,1
8,3729,1
8,3730,1
8,3731,1
8,3732,1
8,3733,1
8,3734,1
8,3735,1
8,3736,1
8,3737,1
8,3738,1
8,3739,1
8,3740,1
8,3741,1
8,3742,1
8,3743,1
8,3744,1
8,3745,1
8,3746,1
8,3747,1
8,3748,1
8,3749,1
8,3750,1
8,3751,1
8,3752,1
8,3753,1
8,3754,1
8,3755,1
8,3756,1
8,3757,1
8,3758,1
8,3759,1
8,3760,1
8,3761,1
8,3762,1
8,3763,1
8,3764,1
8,3765,1
8,3766,1
8,3767,1
8,3768,1
8,3769,1
8,3770,1
8,3771,1
8,3772,1
8,3773,1
8,3774,1
8,3775,1
8,3776,1
8,3777,1
8,3778,1
8,3779,1
8,3780,1
8,3781,1
8,3782,1
8,3783,1
8,3784,1
8,3785,1
8,3786,1
8,3787,1
8,3788,1
8,3789,1
8,3790,1
8,3791,1
8,3792,1
8,3793,1
8,3794,1
8,3795,1
8,3796,1
8,3797,1
8,3798,1
8,3799,1
8,3800,1
8,3801,1
8,3802,1
8,3803,1
8,3804,1
8,3805,1
8,3806,1
8,3807,1
8,3808,1
8,3809,1
8,3810,1
8,3811,1
8,3812,1
8,3813,1
8,3814,1
8,3815,1
8,3816,1
8,3817,1
8,3818,1
8,3819,1
8,3820,1
8,3821,1
8,3822,1
8,3823,1
8,3824,1
8,3825,1
8,3826,1
8,3827,1
8,3828,1
8,3829,1
8,3830,1
8,3831,1
8,3832,1
8,3833,1
8,3834,1
8,3835,1
8,3836,1
8,3837,1
8,3838,1
8,3839,1
8,3840,1
8,3841,1
8,3842,1
8,3843,1
8,3844,1
8,3845,1
8,3846,1
8,3847,1
8,3848,1
8,3849,1
8,3850,1
8,3851,1
8,3852,1
8,3853,1
8,3854,1
8,3855,1
8,3856,1
8,3857,1
8,3858,1
8,3859,1
8,3860,1
8,3861,1
8,3862,1
8,3863,1
8,3864,1
8,3865,1
8,3866,1
8,3867,1
8,3868,1
8,3869,1
8,3870,1
8,3871,1
8,3872,1
8,3873,1
8,3874,1
8,3875,1
8,3876,1
8,3877,1
8,3878,1
8,3879,1
8,3880,1
8,3881,1
8,3882,1
8,3883,1
8,3884,1
8,3885,1
8,3886,1
8,3887,1
8,3888,1
8,3889,1
8,3890,1
8,3891,1
8,3892,1
8,3893,1
8,3894,1
8,3895,1
8,3896,1
8,3897,1
8,3898,1
8,3899,1
8,3900,1
8,3901,1
8,3902,1
8,3903,1
8,3904,1
8,3905,1
8,3906,1
8,3907,1
8,3908,1
8,3909,1
8,3910,1
8,3911,1
8,3912,1
8,3913,1
8,3914,1
8,3915,1
8,3916,1
8,3917,1
8,3918,1
8,3919,1
8,3920,1
8,3921,1
8,3922,1
8,3923,1
8,3924,1
8,3925,1
8,3926,1
8,3927,1
8,3928,1
8,3929,1
8,3930,1
8,3931,1
8,3932,1
8,3933,1
8,3934,1
8,3935,1
8,3936,1
8,3937,1
8,3938,1
8,3939,1
8,3940,1
8,3941,1
8,3942,1
8,3943,1
8,3944,1
8,3945,1
8,3946,1
8,3947,1
8,3948,1
8,3949,1
8,3950,1
8,3951,1
8,3952,1
8,3953,1
8,3954,1
8,3955,1
8,3956,1
8,3957,1
8,3958,1
8,3959,1
8,3960,1
8,3961,1
8,3962,1
8,3963,1
8,3964,1
8,3965,1
8,3966,1
8,3967,1
8,3968,1
8,3969,1
8,3970,1
8,3971,1
8,3972,1
8,3973,1
8,3974,1
8,3975,1
8,3976,1
8,3977,1
8,3978,1
8,3979,1
8,3980,1
8,3981,1
8,3982,1
8,3983,1
8,3984,1
8,3985,1
8,3986,1
8,3987,1
8,3988,1
8,3989,1
8,3990,1
8,3991,1
8,3992,1
8,3993,1
8,3994,1
8,3995,1
8,3996,1
8,3997,1
8,3998,1
8,3999,1
8,4000,1
8,4001,1
8,4002,1
8,4003,1
8,4004,1
8,4005,1
8,4006,1
8,4007,1
8,4008,1
8,4009,1
8,4010,1
8,4011,1
8,4012,1
8,4013,1
8,4014,1
8,4015,1
8,4016,1
8,4017,1
8,4018,1
8,4019,1
8,4020,1
8,4021,1
8,4022,1
8,4023,1
8,4024,1
8,4025,1
8,4026,1
8,4027,1
8,4028,1
8,4029,1
8,4030,1
8,4031,1
8,4032,1
8,4033,1
8,4034,1
8,4035,1
8,4036,1
8,4037,1
8,4038,1
8,4039,1
8,4040,1
8,4041,1
8,4042,1
8,4043,1
8,4044,1
8,4045,1
8,4046,1
8,4047,1
8,4048,1
8,4049,1
8,4050,1
8,4051,1
8,4052,1
8,4053,1
8,4054,1
8,4055,1
8,4056,1
8,4057,1
8,4058,1
8,4059,1
8,4060,1
8,4061,1
8,4062,1
8,4063,1
8,4064,1
8,4065,1
8,4066,1
8,4067,1
8,4068,1
8,4069,1
8,4070,1
8,4071,1
8,4072,1
8,4073,1
8,4074,1
8,4075,1
8,4076,1
8,4077,1
8,4078,1
8,4079,1
8,4080,1
8,4081,1
8,4082,1
8,4083,1
8,4084,1
8,4085,1
8,4086,1
8,4087,1
8,4088,1
8,4089,1
8,4090,1
8,4091,1
8,4092,1
8,4093,1
8,4094,1
8,4095,1
8,4096,1
8,4097,1
8,4098,1
8,4099,1
8,4100,1
8,4101,1
8,4102,1
8,4103,1
8,4104,1
8,4105,1
8,4106,1
8,4107,1
8,4108,1
8,4109,1
8,4110,1
8,4111,1
8,4112,1
8,4113,1
8,4114,1
8,4115,1
8,4116,1
8,4117,1
8,4118,1
8,4119,1
8,4120,1
8,4121,1
8,4122,1
8,4123,1
8,4124,1
8,4125,1
8,4126,1
8,4127,1
8,4128,1
8,4129,1
8,4130,1
8,4131,1
8,4132,1
8,4133,1
8,4134,1
8,4135,1
8,4136,1
8,4137,1
8,4138,1
8,4139,1
8,4140,1
8,4141,1
8,4142,1
8,4143,1
8,4144,1
8,4145,1
8,4146,1
8,4147,1
8,4148,1
8,4149,1
8,4150,1
8,4151,1
8,4152,1
8,4153,1
8,4154,1
8,4155,1
8,4156,1
8,4157,1
8,4158,1
8,4159,1
8,4160,1
8,4161,1
8,4162,1
8,4163,1
8,4164,1
8,4165,1
8,4166,1
8,4167,1
8,4168,1
8,4169,1
8,4170,1
8,4171,1
8,4172,1
8,4173,1
8,4174,1
8,4175,1
8,4176,1
8,4177,1
8,4178,1
8,4179,1
8,4180,1
8,4181,1
8,4182,1
8,4183,1
8,4184,1
8,4185,1
8,4186,1
8,4187,1
8,4188,1
8,4189,1
8,4190,1
8,4191,1
8,4192,1
8,4193,1
8,4194,1
8,4195,1
8,4196,1
8,4197,1
8,4198,1
8,4199,1
