seed,sweep,energy
1,0,13.09454377
1,1,21.36462399
1,2,11.96739675
1,3,15.175104
1,4,14.0646303
1,5,10.76708509
1,6,9.526404924
1,7,8.45104475
1,8,13.37079719
1,9,11.19337561
1,10,31.94249331
1,11,8.259863941
1,12,7.781427882
1,13,10.48410279
1,14,8.720308989
1,15,20.35149733
1,16,12.98525913
1,17,14.90008652
1,18,10.04776039
1,19,11.39934395
1,20,11.73657874
1,21,8.644755477
1,22,7.729252242
1,23,10.6905815
1,24,14.71325194
1,25,8.905718339
1,26,6.470605254
1,27,15.28740324
1,28,7.636032503
1,29,35.79538294
1,30,7.620541599
1,31,17.12728882
1,32,9.854326827
1,33,13.64203853
1,34,21.31107501
1,35,7.592165334
1,36,7.422029968
1,37,6.362173686
1,38,15.80840094
1,39,6.182585869
1,40,33.09744252
1,41,14.28152718
1,42,13.34293307
1,43,6.661997978
1,44,6.383490097
1,45,14.61389593
1,46,7.550448413
1,47,10.62586217
1,48,13.01290983
1,49,9.971431456
1,50,9.591775778
1,51,20.64168608
1,52,10.35842983
1,53,15.43264346
1,54,7.115710328
1,55,22.71526922
1,56,10.45226345
1,57,15.11643879
1,58,7.802755895
1,59,19.41353568
1,60,7.971993694
1,61,22.82921789
1,62,6.493605134
1,63,14.71603838
1,64,9.185162038
1,65,10.18051982
1,66,7.525150916
1,67,14.4244803
1,68,16.64317078
1,69,4.831175176
1,70,12.42648383
1,71,18.11234719
1,72,8.330295523
1,73,5.744205288
1,74,13.47429727
1,75,8.066434978
1,76,15.10872783
1,77,8.135124615
1,78,5.14725104
1,79,9.127825346
1,80,14.89192315
1,81,15.64848112
1,82,11.47562654
1,83,14.59437849
1,84,11.62044321
1,85,11.22356732
1,86,6.649328882
1,87,14.35164987
1,88,6.20515981
1,89,19.68210014
1,90,15.65187912
1,91,23.47969031
1,92,10.96472525
1,93,16.46955203
1,94,13.31207164
1,95,11.9311849
1,96,21.92184364
1,97,18.6038483
1,98,11.53781423
1,99,10.65869899
1,100,15.61084612
1,101,6.46097466
1,102,16.74580285
1,103,10.50448353
1,104,18.19499781
1,105,6.797314845
1,106,14.46320079
1,107,8.716629095
1,108,20.70376472
1,109,7.905680932
1,110,11.23820468
1,111,9.908450534
1,112,6.624367752
1,113,19.39247312
1,114,5.183111427
1,115,23.09028259
1,116,11.06319107
1,117,7.974043339
1,118,12.02138171
1,119,9.338147125
1,120,7.393706111
1,121,11.04945397
1,122,9.020525406
1,123,18.20857338
1,124,15.10600025
1,125,12.4503867
1,126,2.504946477
1,127,11.96902116
1,128,7.778691953
1,129,14.13960939
1,130,7.63460046
1,131,10.55863723
1,132,10.45981873
1,133,6.463582581
1,134,9.043245054
1,135,8.814327783
1,136,11.1039737
1,137,9.336502239
1,138,17.44916237
1,139,9.869935174
1,140,16.14215801
1,141,7.50411835
1,142,8.063967779
1,143,8.883918782
1,144,14.05329301
1,145,6.703307056
1,146,8.630183286
1,147,12.02562768
1,148,10.29980502
1,149,11.95693497
1,150,6.467204161
1,151,6.433403751
1,152,5.707386942
1,153,7.591049415
1,154,9.435118954
1,155,10.43861316
1,156,13.95926978
1,157,11.25133249
1,158,7.066314461
1,159,14.50486385
1,160,15.55264881
1,161,8.279469267
1,162,10.07455412
1,163,18.73994882
1,164,8.676851246
1,165,22.16188914
1,166,8.295693794
1,167,11.21898034
1,168,10.48687036
1,169,5.165826736
1,170,12.69861842
1,171,6.919439032
1,172,12.44816585
1,173,15.71571956
1,174,9.016323319
1,175,16.08425834
1,176,6.363748474
1,177,12.69771688
1,178,4.731429518
1,179,9.761538457
1,180,17.5569849
1,181,7.844024411
1,182,12.83606262
1,183,10.97249652
1,184,12.95216541
1,185,9.783998187
1,186,9.32459073
1,187,9.313783218
1,188,23.28376924
1,189,10.10113966
1,190,14.297164
1,191,5.286588274
1,192,7.783818252
1,193,10.20967755
1,194,8.803991856
1,195,6.912345859
1,196,21.35727028
1,197,10.33583254
1,198,7.77005968
1,199,8.945398611
1,200,11.98124871
1,201,12.32324098
1,202,6.848556414
1,203,12.60088458
1,204,7.529273623
1,205,8.143809127
1,206,7.664750422
1,207,8.20076538
1,208,18.64496496
1,209,5.273673741
1,210,17.28764645
1,211,10.87395419
1,212,12.39706164
1,213,3.112221761
1,214,11.51493422
1,215,10.09389445
1,216,17.05152141
1,217,6.411200687
1,218,12.90364195
1,219,6.962182635
1,220,10.12626143
1,221,14.56336235
1,222,7.612873345
1,223,12.23357646
1,224,6.584458931
1,225,10.75915396
1,226,15.66702861
1,227,7.172012867
1,228,16.76137145
1,229,4.289432358
1,230,7.974798789
1,231,8.365190464
1,232,6.756353272
1,233,9.673972053
1,234,9.502612026
1,235,11.5937743
1,236,5.308606536
1,237,15.09267603
1,238,4.655175247
1,239,16.0648401
1,240,11.82900929
1,241,15.7779144
1,242,5.555468076
1,243,17.68682349
1,244,19.79446941
1,245,19.19899554
1,246,11.92939858
1,247,10.43563758
1,248,10.31094001
1,249,5.350951128
1,250,12.30701077
1,251,5.879711802
1,252,9.680659864
1,253,5.880690068
1,254,12.34707722
1,255,12.9393589
1,256,5.926477874
1,257,11.72745387
1,258,6.036176917
1,259,12.82573231
1,260,11.65958806
1,261,9.392872525
1,262,7.466219186
1,263,10.85524226
1,264,10.16235991
1,265,9.658992567
1,266,5.451026089
1,267,7.33052895
1,268,14.06699607
1,269,14.07945158
1,270,7.562493545
1,271,12.54332463
1,272,7.354666245
1,273,9.840213294
1,274,13.2119078
1,275,12.19325868
1,276,14.89990009
1,277,8.892642251
1,278,12.05957577
1,279,7.299424163
1,280,13.23824986
1,281,8.799715544
1,282,13.20601129
1,283,5.5161925
1,284,8.12151814
1,285,8.023914339
1,286,8.549883227
1,287,11.71098783
1,288,7.213425711
1,289,9.004524324
1,290,26.05621005
1,291,4.319414453
1,292,12.76646676
1,293,7.124582647
1,294,8.253136045
1,295,8.06353954
1,296,11.29335501
1,297,14.95589368
1,298,13.35738491
1,299,6.758470311
1,300,13.15776805
1,301,6.102636741
1,302,5.585982418
1,303,5.380140896
1,304,8.057207149
1,305,3.671899496
1,306,15.57925398
1,307,9.222605835
1,308,2.68063772
1,309,8.513022805
1,310,7.283589411
1,311,9.486176389
1,312,12.00791292
1,313,5.893966852
1,314,7.777003155
1,315,6.804173312
1,316,5.558989955
1,317,13.30024923
1,318,12.28055117
1,319,8.563894384
1,320,12.9516526
1,321,9.723378269
1,322,9.729985046
1,323,11.7304917
1,324,6.143269659
1,325,13.77218665
1,326,7.105399045
1,327,8.616111359
1,328,12.09299261
1,329,8.292665297
1,330,8.777804243
1,331,7.558149842
1,332,6.740115211
1,333,8.866822901
1,334,8.004449436
1,335,4.558368092
1,336,7.21055157
1,337,6.741978279
1,338,13.54112834
1,339,9.016051966
1,340,6.101327526
1,341,17.10040528
1,342,10.30811432
1,343,8.71222367
1,344,11.66616626
1,345,11.82999608
1,346,6.295160463
1,347,12.90160196
1,348,6.263407579
1,349,14.8083249
1,350,9.52014374
1,351,8.534515242
1,352,8.845703023
1,353,5.997408324
1,354,6.327560995
1,355,5.527023397
1,356,10.64599656
1,357,6.941363042
1,358,12.46372003
1,359,3.874529806
1,360,5.776700035
1,361,3.37517045
1,362,7.935521267
1,363,4.7861001
1,364,16.81958379
1,365,11.55446296
1,366,5.683581037
1,367,6.829835783
1,368,8.269092451
1,369,4.314893926
1,370,4.625988258
1,371,5.726138922
1,372,12.81810103
1,373,8.310559256
1,374,10.55389006
1,375,10.11990027
1,376,7.756872288
1,377,8.331507656
1,378,6.831032562
1,379,13.99069201
1,380,5.561013506
1,381,3.151902034
1,382,6.76530462
1,383,7.478883139
1,384,6.634272886
1,385,7.418707791
1,386,8.891233876
1,387,8.437387696
1,388,3.807602906
1,389,6.717960126
1,390,9.009004431
1,391,10.85440003
1,392,7.928247097
1,393,5.423465778
1,394,5.523194605
1,395,11.97412072
1,396,11.73627359
1,397,9.344068352
1,398,5.132220743
1,399,3.376744481
1,400,7.004567694
1,401,7.083994762
1,402,7.83363852
1,403,3.158220091
1,404,4.553614664
1,405,4.432756668
1,406,7.46570156
1,407,4.905016987
1,408,7.309906346
1,409,5.761803965
1,410,9.622508842
1,411,6.0621061
1,412,11.17152158
1,413,2.616939786
1,414,7.72815027
1,415,10.40738584
1,416,7.112800347
1,417,10.40225104
1,418,4.482399182
1,419,2.39344445
1,420,9.024347227
1,421,6.710649776
1,422,12.57409023
1,423,7.579423358
1,424,10.46370345
1,425,11.14115732
1,426,7.639060528
1,427,6.039359107
1,428,8.251731322
1,429,8.606141802
1,430,6.864209047
1,431,7.211996176
1,432,9.813385352
1,433,8.265782897
1,434,8.383490097
1,435,4.392427103
1,436,8.767519779
1,437,11.18609302
1,438,10.81153793
1,439,7.042890598
1,440,9.42063039
1,441,5.419159629
1,442,14.44466317
1,443,4.013081846
1,444,7.109592678
1,445,11.97565474
1,446,11.57680089
1,447,10.70076316
1,448,10.2155712
1,449,7.485275543
1,450,5.164879236
1,451,9.456863229
1,452,7.028133565
1,453,7.576327969
1,454,6.221534025
1,455,22.43418841
1,456,4.44838211
1,457,13.2296672
1,458,8.323324556
1,459,4.347794943
1,460,17.07393248
1,461,8.701349261
1,462,5.78454642
1,463,7.125850811
1,464,7.264400013
1,465,7.572872311
1,466,6.565473192
1,467,8.835080388
1,468,4.06189143
1,469,6.719438347
1,470,6.406638716
1,471,7.924817593
1,472,8.011743234
1,473,13.2431199
1,474,4.658868262
1,475,12.10603157
1,476,10.46375955
1,477,9.74613136
1,478,5.663496341
1,479,6.205758511
1,480,8.026309417
1,481,6.442890282
1,482,4.289432358
1,483,6.130193615
1,484,8.883194474
1,485,10.05759163
1,486,4.071739759
1,487,6.435021084
1,488,7.271417926
1,489,5.767468547
1,490,7.860255841
1,491,12.29885069
1,492,7.642218634
1,493,4.310355484
1,494,10.57928338
1,495,4.59523918
1,496,8.29593463
1,497,7.044158074
1,498,7.604632467
1,499,14.7281125
1,500,9.742572314
1,501,7.35909124
1,502,7.046636585
1,503,5.135288468
1,504,6.223562883
1,505,7.106881299
1,506,4.721080861
1,507,4.478692744
1,508,3.292107287
1,509,8.790676392
1,510,1.23694941
1,511,4.697706225
1,512,9.026209992
1,513,7.89192628
1,514,8.157459136
1,515,7.154805872
1,516,5.838629921
1,517,5.118425534
1,518,7.41272902
1,519,3.1196205
1,520,3.407087922
1,521,10.30465868
1,522,5.520467085
1,523,2.451810846
1,524,9.562116327
1,525,9.676105512
1,526,9.356477352
1,527,8.118079108
1,528,7.475435778
1,529,5.699259671
1,530,4.786692408
1,531,5.452095154
1,532,4.687928542
1,533,6.873377223
1,534,4.222302536
1,535,10.9833928
1,536,6.293541468
1,537,6.312313993
1,538,7.581499469
1,539,8.530271091
1,540,4.736546653
1,541,4.734686044
1,542,7.543204486
1,543,4.182053592
1,544,9.2267424
1,545,5.155842983
1,546,10.40819962
1,547,8.75086215
1,548,10.86176379
1,549,6.294822771
1,550,5.294547535
1,551,6.659240485
1,552,6.160407518
1,553,5.84410113
1,554,6.962511625
1,555,6.537406082
1,556,8.533634192
1,557,7.579102149
1,558,8.032958108
1,559,4.946909878
1,560,4.954223443
1,561,4.36041972
1,562,3.235857559
1,563,5.927690482
1,564,5.734955697
1,565,7.15853724
1,566,9.187091714
1,567,6.406638716
1,568,1.579875265
1,569,3.748207784
1,570,7.32556652
1,571,4.845567563
1,572,5.584845642
1,573,5.161338394
1,574,5.307904754
1,575,2.872219958
1,576,7.538588496
1,577,5.110005565
1,578,3.958656594
1,579,8.037155051
1,580,8.76447297
1,581,8.713080748
1,582,4.414108044
1,583,5.747462459
1,584,6.391646343
1,585,5.90259445
1,586,4.519610377
1,587,4.924770147
1,588,6.667242947
1,589,6.352975824
1,590,6.801658614
1,591,4.55355629
1,592,1.862780077
1,593,4.5278058
1,594,5.309978754
1,595,4.527326833
1,596,3.48739228
1,597,2.679582367
1,598,3.22543462
1,599,6.711844156
1,600,8.259863941
1,601,4.318467021
1,602,7.963297981
1,603,3.265829753
1,604,8.627096803
1,605,3.019998982
1,606,3.167028778
1,607,6.205344372
1,608,6.495479825
1,609,1
1,610,4.620099669
1,611,7.339135992
1,612,5.844423582
1,613,4.938425548
1,614,3.77358426
1,615,8.227547368
1,616,4.277987902
1,617,3.886424259
1,618,2.717464533
1,619,3.858232302
1,620,6.887666456
1,621,4.751395351
1,622,4.69523066
1,623,11.8201745
1,624,4.395507503
1,625,5.335514048
1,626,8.3527719
1,627,4.341366819
1,628,1.708814921
1,629,5.017468716
1,630,2.943905932
1,631,4.245283357
1,632,7.106325111
1,633,4.743693921
1,634,3.9565662
1,635,5.664025071
1,636,7.205299244
1,637,6.314953068
1,638,9.477656719
1,639,3.272015952
1,640,5.047068793
1,641,3.167028778
1,642,4.441968276
1,643,5.775246615
1,644,5.676111856
1,645,1.517232684
1,646,3.464052276
1,647,10.7000595
1,648,8.248585419
1,649,3.814256113
1,650,4.920699447
1,651,3.928251072
1,652,8.27629991
1,653,6.707272142
1,654,10.29954461
1,655,6.225625937
1,656,3.864378185
1,657,6.561231418
1,658,5.844423582
1,659,8.769319913
1,660,5.642617783
1,661,6.994172857
1,662,4.723004434
1,663,4.757223516
1,664,3.368852393
1,665,5.165454679
1,666,3.019738845
1,667,6.148754711
1,668,5.183539057
1,669,6.849056198
1,670,10.32776259
1,671,9.420974849
1,672,3.268638937
1,673,1.253108752
1,674,5.421339248
1,675,1.882358519
1,676,6.245185183
1,677,3.668015962
1,678,5.129582247
1,679,2.717464533
1,680,5.164901884
1,681,7.920359758
1,682,6.250962948
1,683,8.713718513
1,684,4.203206265
1,685,4.200436527
1,686,7.425980971
1,687,7.466833093
1,688,4.414108044
1,689,5.907666318
1,690,5.152365625
1,691,7.750909802
1,692,1.405010854
1,693,6.35266755
1,694,8.263043317
1,695,2.814379752
1,696,4.695369834
1,697,3.309758131
1,698,7.07395972
1,699,6.709607785
1,700,7.878244878
1,701,5.3158768
1,702,5.574102686
1,703,3.637266884
1,704,4.149813668
1,705,8.024875477
1,706,6.822159784
1,707,7.14501828
1,708,7.307292565
1,709,11.36630415
1,710,2.843161956
1,711,1.85112727
1,712,3.327180133
1,713,3.081060613
1,714,6.140390471
1,715,2.597429393
1,716,0.9090911145
1,717,3.021312876
1,718,1.467653435
1,719,5.15229721
1,720,4.581136891
1,721,1.882358519
1,722,4.706147116
1,723,4.079730367
1,724,2.292507442
1,725,5.080821442
1,726,2.66410206
1,727,6.178487004
1,728,5.902686597
1,729,2.375469075
1,730,5.202759473
1,731,4.028074354
1,732,4.151185818
1,733,4.55717185
1,734,9.359621524
1,735,11.46316202
1,736,7.038416585
1,737,3.758644285
1,738,1.862780077
1,739,1.216950359
1,740,2.863161007
1,741,3.402241047
1,742,5.515229261
1,743,6.08983203
1,744,1.517232684
1,745,3.821036683
1,746,1.405010854
1,747,2.800518426
1,748,5.178681517
1,749,4.457475359
1,750,7.111624992
1,751,1.870913994
1,752,4.659146338
1,753,6.377412697
1,754,2.69009958
1,755,3.425009836
1,756,8.605836868
1,757,4.111883691
1,758,3.955209233
1,759,4.275723418
1,760,5.927783996
1,761,1.870913994
1,762,5.069572718
1,763,3.530396021
1,764,2.691673611
1,765,3.094287451
1,766,1.08057851
1,767,4.93294351
1,768,8.880424804
1,769,6.102479121
1,770,3.213384273
1,771,2.044668456
1,772,4.138914842
1,773,4.851606772
1,774,3.669925544
1,775,1.854530824
1,776,3.924306591
1,777,4.563964193
1,778,3.665313808
1,779,6.912827226
1,780,1.061482239
1,781,4.619016853
1,782,3.717161097
1,783,7.155036667
1,784,6.236010607
1,785,2.876285766
1,786,5.044833669
1,787,5.865815509
1,788,2.78015139
1,789,3.122061698
1,790,5.326243297
1,791,5.273919002
1,792,5.556510068
1,793,4.441567491
1,794,3.815641879
1,795,6.516718212
1,796,6.612517546
1,797,3.871126252
1,798,2.827883378
1,799,7.807931216
1,800,6.123003166
1,801,5.123396048
1,802,5.676111856
1,803,3.305129131
1,804,8.255302686
1,805,2.902763587
1,806,5.665930193
1,807,4.463220217
1,808,3.892766285
1,809,7.829951777
1,810,2.782582497
1,811,3.238622013
1,812,3.828893397
1,813,5.549100937
1,814,5.04491288
1,815,4.52418754
1,816,4.85266566
1,817,5.950734708
1,818,2.431743381
1,819,5.801986249
1,820,5.941707467
1,821,4.831080892
1,822,2.280854635
1,823,3.709828209
1,824,3.607740061
1,825,2.735547448
1,826,5.007977671
1,827,5.615585874
1,828,2.380355395
1,829,1.08057851
1,830,2.107311037
1,831,5.080821442
1,832,4.998348013
1,833,4.95614004
1,834,6.285452151
1,835,2.924809661
1,836,3.213384273
1,837,3.314590923
1,838,6.231632401
1,839,3.886409538
1,840,7.3319281
1,841,5.478877654
1,842,4.647258757
1,843,6.42744511
1,844,5.500619049
1,845,2.606607792
1,846,2.66792956
1,847,2.824394675
1,848,1.061482239
1,849,1.061482239
1,850,2.717464533
1,851,3.644230256
1,852,7.742114372
1,853,5.884377167
1,854,2.834378803
1,855,5.038647538
1,856,1.854530824
1,857,1.253108752
1,858,5.297771801
1,859,2.78015139
1,860,4.306770105
1,861,3.98128459
1,862,4.559942123
1,863,2.42887929
1,864,5.379999362
1,865,7.203913477
1,866,4.680842646
1,867,4.885979563
1,868,3.809275578
1,869,1.40220167
1,870,1.40220167
1,871,4.19980898
1,872,5.895118897
1,873,3.78000504
1,874,3.069616088
1,875,5.76079106
1,876,5.923266476
1,877,4.362256502
1,878,2.522016121
1,879,3.82469042
1,880,2.631058472
1,881,6.249951856
1,882,3.08099213
1,883,3.799769442
1,884,2.438564791
1,885,3.284977074
1,886,1.06305627
1,887,5.609645825
1,888,4.245283357
1,889,3.896014012
1,890,5.15322696
1,891,4.49138402
1,892,3.03431903
1,893,5.066058902
1,894,5.04670636
1,895,4.39206304
1,896,1.06305627
1,897,1.06305627
1,898,2.261758364
1,899,1.849553239
1,900,2.889512604
1,901,5.65411005
1,902,6.500900679
1,903,3.367771712
1,904,4.389657364
1,905,5.230153463
1,906,5.979516843
1,907,4.744360913
1,908,6.132506939
1,909,9.154069738
1,910,4.026308684
1,911,3.965625219
1,912,3.341541372
1,913,0.9075170835
1,914,1.708814921
1,915,2.451810846
1,916,4.30525934
1,917,3.777535638
1,918,3.578554384
1,919,6.245652259
1,920,4.642766116
1,921,1.85112727
1,922,2.036323675
1,923,1.898077134
1,924,1.849553239
1,925,3.529135606
1,926,2.088214766
1,927,3.214958303
1,928,5.950895343
1,929,1.08057851
1,930,1.917173405
1,931,1.579875265
1,932,1.579875265
1,933,4.091815355
1,934,3.363681161
1,935,3.510513118
1,936,1.253108752
1,937,1.875987758
1,938,3.390493888
1,939,5.925284738
1,940,2.658911632
1,941,2.871358622
1,942,4.579700644
1,943,1.579875265
1,944,1.467653435
1,945,2.198702094
1,946,4.733835263
1,947,3.100276832
1,948,5.959297692
1,949,10.74786217
1,950,4.894804258
1,951,3.720762119
1,952,1
1,953,2.616939786
1,954,4.732545506
1,955,6.874292151
1,956,1.579875265
1,957,2.375508521
1,958,2.850538146
1,959,2.056067097
1,960,2.056067097
1,961,1
1,962,2.243682886
1,963,2.280854635
1,964,1.917173405
1,965,2.778577359
1,966,4.100256247
1,967,2.088214766
1,968,3.987799711
1,969,1.898077134
1,970,4.05291764
1,971,3.664478274
1,972,3.633709767
1,973,1.06305627
1,974,2.261758364
1,975,1.061482239
1,976,2.871358622
1,977,5.60643317
1,978,2.78015139
1,979,3.123635729
1,980,3.173214978
1,981,4.498517274
1,982,7.391515558
1,983,3.642931466
1,984,2.791804196
1,985,2.606607792
1,986,4.59001369
1,987,2.628617273
1,988,1.690834655
1,989,2.315326066
1,990,2.664058758
1,991,2.849255163
1,992,4.026265382
1,993,3.410492939
1,994,2.02502041
1,995,2.263681936
1,996,2.200276125
1,997,3.316164954
1,998,3.886424259
1,999,1.061482239
1,1000,1.061482239
1,1001,2.088214766
1,1002,1.061482239
1,1003,1.061482239
1,1004,1.061482239
1,1005,1.06305627
1,1006,0.9090911145
1,1007,3.25786704
1,1008,1.744111979
1,1009,2.56841589
1,1010,4.662600806
1,1011,2.22986486
1,1012,1.017935929
1,1013,3.597811125
1,1014,1.917173405
1,1015,1.467653435
1,1016,1
1,1017,1.216950359
1,1018,2.666355529
1,1019,2.163405036
1,1020,3.187593351
1,1021,3.08099213
1,1022,3.649248681
1,1023,4.788437744
1,1024,1.06305627
1,1025,1.06305627
1,1026,1.216950359
1,1027,1.467653435
1,1028,3.256343222
1,1029,2.198702094
1,1030,1.849553239
1,1031,1.061482239
1,1032,1.061482239
1,1033,3.627607185
1,1034,4.878399192
1,1035,1.467653435
1,1036,1
1,1037,1.405010854
1,1038,1.253108752
1,1039,2.375508521
1,1040,5.227874868
1,1041,3.86906313
1,1042,3.649248681
1,1043,3.491003158
1,1044,3.796132358
1,1045,2.68063772
1,1046,4.865566614
1,1047,2.834378803
1,1048,2.273484532
1,1049,1.870913994
1,1050,1
1,1051,1.405010854
1,1052,1.253108752
1,1053,1.061482239
1,1054,1.061482239
1,1055,1.061482239
1,1056,2.088214766
1,1057,5.605586155
1,1058,3.473417152
1,1059,2.200276125
1,1060,1.85112727
1,1061,2.438564791
1,1062,2.655982294
1,1063,2.121020046
1,1064,0.9090911145
1,1065,0.9090911145
1,1066,2.522016121
1,1067,1.882358519
1,1068,1.744111979
1,1069,1.93424961
1,1070,0.9090911145
1,1071,4.946909878
1,1072,2.69009958
1,1073,0.9075170835
1,1074,2.920743853
1,1075,2.026693081
1,1076,3.792735004
1,1077,1.08057851
1,1078,1.08057851
1,1079,1.08057851
1,1080,1.917173405
1,1081,2.606607792
1,1082,1.579875265
1,1083,2.494385962
1,1084,1
1,1085,0.9090911145
1,1086,5.155842983
1,1087,1.870913994
1,1088,5.478731102
1,1089,2.664058758
1,1090,2.849255163
1,1091,2.782582497
1,1092,5.8739245
1,1093,5.626249921
1,1094,1.579875265
1,1095,1.579875265
1,1096,1.579875265
1,1097,2.791804196
1,1098,1.467653435
1,1099,1
1,1100,1.744111979
1,1101,0.9075170835
1,1102,0.9075170835
1,1103,1.708814921
1,1104,2.465037684
1,1105,1
1,1106,3.468913714
1,1107,2.315326066
1,1108,2.200276125
1,1109,1.882358519
1,1110,1.744111979
1,1111,2.872219958
1,1112,1.017935929
1,1113,1.017935929
1,1114,1.017935929
1,1115,1.854530824
1,1116,2.451810846
1,1117,1.849553239
1,1118,1.061482239
1,1119,1.061482239
1,1120,2.876285766
1,1121,1.061482239
1,1122,1.862780077
1,1123,1.216950359
1,1124,2.204366676
1,1125,2.606607792
1,1126,2.78015139
1,1127,3.123635729
1,1128,5.081554514
1,1129,3.670973698
1,1130,5.177554151
1,1131,0.9090911145
1,1132,0.9090911145
1,1133,3.126041405
1,1134,1.08057851
1,1135,1.917173405
1,1136,3.416295607
1,1137,1.579875265
1,1138,2.606607792
1,1139,2.78015139
1,1140,1.467653435
1,1141,3.473760657
1,1142,1
1,1143,1.405010854
1,1144,2.39344445
1,1145,2.829875365
1,1146,1.08057851
1,1147,2.107311037
1,1148,2.280854635
1,1149,2.736560804
1,1150,1
1,1151,1.216950359
1,1152,1
1,1153,1
1,1154,1.216950359
1,1155,2.679582367
1,1156,1
1,1157,3.252247348
1,1158,2.631058472
1,1159,3.051752936
1,1160,1.23694941
1,1161,2.073544305
1,1162,1.23694941
1,1163,1.23694941
1,1164,1.23694941
1,1165,2.073544305
1,1166,1
1,1167,0.9090911145
1,1168,0.9090911145
1,1169,3.081060613
1,1170,0.9075170835
1,1171,0.9075170835
1,1172,2.283025604
1,1173,2.119446015
1,1174,0.9075170835
1,1175,0.9075170835
1,1176,0.9075170835
1,1177,0.9075170835
1,1178,0.9075170835
1,1179,0.9075170835
1,1180,1.93424961
1,1181,5.372873611
1,1182,1.875987758
1,1183,1.875987758
1,1184,1.875987758
1,1185,1.875987758
1,1186,1.875987758
1,1187,2.200276125
1,1188,1.85112727
1,1189,1.06305627
1,1190,1.85112727
1,1191,2.438564791
1,1192,2.660485663
1,1193,2.261758364
1,1194,1.061482239
1,1195,1.061482239
1,1196,2.088214766
1,1197,2.226461306
1,1198,2.438564791
1,1199,3.284977074
1,1200,1.06305627
1,1201,3.411832195
1,1202,3.495506528
1,1203,2.088214766
1,1204,2.226461306
1,1205,1.85112727
1,1206,1.06305627
1,1207,1.06305627
1,1208,1.06305627
1,1209,1.06305627
1,1210,1.06305627
1,1211,1.06305627
1,1212,2.036323675
1,1213,1.862780077
1,1214,2.211928932
1,1215,2.431743381
1,1216,2.453384877
1,1217,1.85112727
1,1218,1.06305627
1,1219,1.06305627
1,1220,2.438564791
1,1221,2.660485663
1,1222,1.06305627
1,1223,1.06305627
1,1224,1.06305627
1,1225,1.06305627
1,1226,2.438564791
1,1227,2.660485663
1,1228,1.06305627
1,1229,1.06305627
1,1230,1.06305627
1,1231,1.06305627
1,1232,1.06305627
1,1233,1.06305627
1,1234,2.375508521
1,1235,2.026732527
1,1236,2.093405193
1,1237,1.690834655
1,1238,1.690834655
1,1239,1.690834655
1,1240,1.690834655
1,1241,1.690834655
1,1242,1.690834655
1,1243,2.66410206
1,1244,2.597429393
1,1245,1
1,1246,1.405010854
1,1247,1.253108752
1,1248,2.026732527
1,1249,2.026693081
1,1250,1.40220167
1,1251,2.026693081
1,1252,1.40220167
1,1253,1.40220167
1,1254,1.40220167
1,1255,2.375469075
1,1256,2.780519375
1,1257,2.615365322
1,1258,1.017935929
1,1259,1.017935929
1,1260,1.017935929
1,1261,1.017935929
1,1262,1.017935929
1,1263,1.854530824
1,1264,1.253108752
1,1265,1.216950359
1,1266,1.23694941
1,1267,2.073544305
1,1268,2.211928932
1,1269,1.744111979
1,1270,0.9075170835
1,1271,3.47817058
1,1272,2.119446015
1,1273,0.9075170835
1,1274,0.9075170835
1,1275,0.9075170835
1,1276,0.9075170835
1,1277,0.9075170835
1,1278,2.735547448
1,1279,2.026693081
1,1280,1.40220167
1,1281,1.40220167
1,1282,2.375469075
1,1283,2.614130602
1,1284,1.40220167
1,1285,1.40220167
1,1286,2.375469075
1,1287,2.780519375
1,1288,1.253108752
1,1289,1
1,1290,1.253108752
1,1291,1.216950359
1,1292,1
1,1293,1.405010854
1,1294,1.253108752
1,1295,1.216950359
1,1296,1.08057851
1,1297,1.08057851
1,1298,1.08057851
1,1299,1.08057851
1,1300,1.08057851
1,1301,1.08057851
1,1302,1.08057851
1,1303,1.08057851
1,1304,2.456087031
1,1305,1.08057851
1,1306,1.08057851
1,1307,1.08057851
1,1308,1.08057851
1,1309,1.08057851
1,1310,1.08057851
1,1311,1.08057851
1,1312,2.107311037
1,1313,1.08057851
1,1314,1.08057851
1,1315,1.08057851
1,1316,1.08057851
1,1317,1.08057851
1,1318,1.917173405
1,1319,1.467653435
1,1320,1
1,1321,1.253108752
1,1322,2.198702094
1,1323,1.849553239
1,1324,1.061482239
1,1325,1.061482239
1,1326,1.061482239
1,1327,1.061482239
1,1328,1.061482239
1,1329,1.061482239
1,1330,1.061482239
1,1331,1.061482239
1,1332,3.278432529
1,1333,3.375333968
1,1334,1
1,1335,1
1,1336,1.405010854
1,1337,1.253108752
1,1338,1.216950359
1,1339,1.467653435
1,1340,1
1,1341,0.9090911145
1,1342,0.9090911145
1,1343,0.9090911145
1,1344,0.9090911145
1,1345,0.9090911145
1,1346,0.9090911145
1,1347,0.9090911145
1,1348,0.9090911145
1,1349,1.882358519
1,1350,1.744111979
1,1351,0.9075170835
1,1352,0.9075170835
1,1353,0.9075170835
1,1354,0.9075170835
1,1355,0.9075170835
1,1356,0.9075170835
1,1357,0.9075170835
1,1358,0.9075170835
1,1359,1.708814921
1,1360,1.405010854
1,1361,1.253108752
1,1362,1.216950359
1,1363,1.467653435
1,1364,1
1,1365,1.216950359
1,1366,1
1,1367,2.603712948
1,1368,1.017935929
1,1369,1.017935929
1,1370,1.017935929
1,1371,1.017935929
1,1372,1.017935929
1,1373,1.017935929
1,1374,1.017935929
1,1375,1.017935929
1,1376,1.017935929
1,1377,1.017935929
1,1378,1.017935929
1,1379,1.017935929
1,1380,1.017935929
1,1381,1.854530824
1,1382,1.253108752
1,1383,1.216950359
1,1384,1
1,1385,1
1,1386,1
1,1387,1.216950359
1,1388,1
1,1389,1.216950359
1,1390,1.467653435
1,1391,2.02502041
1,1392,1.23694941
1,1393,1.23694941
1,1394,1.23694941
1,1395,2.073544305
1,1396,1.23694941
1,1397,1.23694941
1,1398,1.23694941
1,1399,1.23694941
1,1400,2.02502041
1,1401,1.23694941
1,1402,1.23694941
1,1403,1.23694941
1,1404,2.263681936
1,1405,1.23694941
1,1406,1.23694941
1,1407,1.23694941
1,1408,1.23694941
1,1409,1.23694941
1,1410,1.23694941
1,1411,2.02502041
1,1412,1.23694941
1,1413,1.23694941
1,1414,1.23694941
1,1415,1.23694941
1,1416,1.23694941
1,1417,1.23694941
1,1418,1.23694941
1,1419,1.23694941
1,1420,1.23694941
1,1421,1.23694941
1,1422,1.23694941
1,1423,1.23694941
1,1424,1.23694941
1,1425,1.23694941
1,1426,1.23694941
1,1427,1.23694941
1,1428,1.23694941
1,1429,1.23694941
1,1430,1.23694941
1,1431,1.23694941
1,1432,1.23694941
1,1433,1.23694941
1,1434,1.23694941
1,1435,1.23694941
1,1436,1.23694941
1,1437,1.23694941
1,1438,2.073544305
1,1439,1.23694941
1,1440,1.23694941
1,1441,1.23694941
1,1442,1.23694941
1,1443,1.23694941
1,1444,1.23694941
1,1445,1.23694941
1,1446,1.23694941
1,1447,1.23694941
1,1448,1.23694941
1,1449,1.23694941
1,1450,1.23694941
1,1451,1.23694941
1,1452,1.23694941
1,1453,1.23694941
1,1454,1.23694941
1,1455,1.23694941
1,1456,1.23694941
1,1457,1.23694941
1,1458,1.23694941
1,1459,1.23694941
1,1460,1.23694941
1,1461,1.23694941
1,1462,1.23694941
1,1463,1.23694941
1,1464,1.23694941
1,1465,1.23694941
1,1466,1.23694941
1,1467,1.23694941
1,1468,1.23694941
1,1469,1.23694941
1,1470,1.23694941
1,1471,1.23694941
1,1472,1.23694941
1,1473,1.23694941
1,1474,1.23694941
1,1475,1.23694941
1,1476,1.23694941
1,1477,1.23694941
1,1478,1.23694941
1,1479,2.02502041
1,1480,1.23694941
1,1481,1.23694941
1,1482,1.23694941
1,1483,1.23694941
1,1484,1.23694941
1,1485,1.23694941
1,1486,1.23694941
1,1487,1.23694941
1,1488,1.23694941
1,1489,1.23694941
1,1490,1.23694941
1,1491,1.23694941
1,1492,1.23694941
1,1493,1.23694941
1,1494,1.23694941
1,1495,1.23694941
1,1496,1.23694941
1,1497,1.23694941
1,1498,1.23694941
1,1499,1.23694941
1,1500,2.073544305
1,1501,1.23694941
1,1502,1.23694941
1,1503,2.073544305
1,1504,1.23694941
1,1505,1.23694941
1,1506,1.23694941
1,1507,1.23694941
1,1508,1.23694941
1,1509,1.23694941
1,1510,1.23694941
1,1511,1.23694941
1,1512,1.23694941
1,1513,1.23694941
1,1514,1.23694941
1,1515,1.23694941
1,1516,1.23694941
1,1517,1.23694941
1,1518,1.23694941
1,1519,1.23694941
1,1520,1.23694941
1,1521,1.23694941
1,1522,1.23694941
1,1523,1.23694941
1,1524,1.23694941
1,1525,1.23694941
1,1526,1.23694941
1,1527,1.23694941
1,1528,1.23694941
1,1529,1.23694941
1,1530,1.23694941
1,1531,1.23694941
1,1532,1.23694941
1,1533,1.23694941
1,1534,1.23694941
1,1535,1.23694941
1,1536,1.23694941
1,1537,1.23694941
1,1538,1.23694941
1,1539,1.23694941
1,1540,1.23694941
1,1541,1.23694941
1,1542,1.23694941
1,1543,1.23694941
1,1544,1.23694941
1,1545,1.23694941
1,1546,1.23694941
1,1547,1.23694941
1,1548,1.23694941
1,1549,1.23694941
1,1550,1.23694941
1,1551,1.23694941
1,1552,1.23694941
1,1553,1.23694941
1,1554,1.23694941
1,1555,1.23694941
1,1556,1.23694941
1,1557,1
1,1558,1.216950359
1,1559,1
1,1560,1
1,1561,1.216950359
1,1562,1.467653435
1,1563,1
1,1564,1.405010854
1,1565,1.253108752
1,1566,1
1,1567,1.216950359
1,1568,1
1,1569,1.216950359
1,1570,1
1,1571,1.216950359
1,1572,1
1,1573,1.405010854
1,1574,1.253108752
1,1575,1
1,1576,1
1,1577,1
1,1578,1
1,1579,1
1,1580,1.405010854
1,1581,1.253108752
1,1582,1
1,1583,1
1,1584,1
1,1585,1.216950359
1,1586,1
1,1587,1.405010854
1,1588,1.253108752
1,1589,1.216950359
1,1590,1
1,1591,1
1,1592,1
1,1593,1.216950359
1,1594,1
1,1595,1.405010854
1,1596,1.253108752
1,1597,1.216950359
1,1598,1.467653435
1,1599,1
1,1600,1
1,1601,1
1,1602,1
1,1603,1
1,1604,1.216950359
1,1605,1.467653435
1,1606,1
1,1607,1
1,1608,1.405010854
1,1609,1.253108752
1,1610,1
1,1611,1
1,1612,1
1,1613,1
1,1614,1.253108752
1,1615,1
1,1616,1
1,1617,1
1,1618,1
1,1619,1.253108752
1,1620,1
1,1621,1.405010854
1,1622,1.253108752
1,1623,1
1,1624,1
1,1625,1.216950359
1,1626,1
1,1627,1
1,1628,1.253108752
1,1629,1
1,1630,1
1,1631,1.216950359
1,1632,1
1,1633,1
1,1634,1
1,1635,1.216950359
1,1636,1
1,1637,1.253108752
1,1638,1.216950359
1,1639,1.467653435
1,1640,1
1,1641,1
1,1642,1.405010854
1,1643,1.253108752
1,1644,1.216950359
1,1645,1
1,1646,1
1,1647,1
1,1648,1
1,1649,1
1,1650,1
1,1651,1
1,1652,1
1,1653,1
1,1654,1
1,1655,0.9090911145
1,1656,0.9090911145
1,1657,0.9090911145
1,1658,0.9090911145
1,1659,0.9090911145
1,1660,0.9090911145
1,1661,0.9090911145
1,1662,0.9090911145
1,1663,0.9090911145
1,1664,0.9090911145
1,1665,0.9090911145
1,1666,0.9090911145
1,1667,0.9090911145
1,1668,0.9090911145
1,1669,0.9090911145
1,1670,0.9090911145
1,1671,0.9090911145
1,1672,0.9090911145
1,1673,0.9090911145
1,1674,0.9090911145
1,1675,0.9090911145
1,1676,0.9090911145
1,1677,0.9090911145
1,1678,0.9090911145
1,1679,0.9090911145
1,1680,0.9090911145
1,1681,0.9090911145
1,1682,0.9090911145
1,1683,0.9090911145
1,1684,0.9090911145
1,1685,0.9090911145
1,1686,0.9090911145
1,1687,0.9090911145
1,1688,0.9090911145
1,1689,0.9090911145
1,1690,0.9090911145
1,1691,0.9090911145
1,1692,0.9090911145
1,1693,0.9090911145
1,1694,0.9090911145
1,1695,0.9090911145
1,1696,0.9090911145
1,1697,0.9090911145
1,1698,0.9090911145
1,1699,0.9090911145
1,1700,0.9090911145
1,1701,0.9090911145
1,1702,0.9090911145
1,1703,0.9090911145
1,1704,0.9090911145
1,1705,0.9090911145
1,1706,0.9090911145
1,1707,0.9090911145
1,1708,0.9090911145
1,1709,0.9090911145
1,1710,0.9090911145
1,1711,0.9090911145
1,1712,0.9090911145
1,1713,0.9090911145
1,1714,0.9090911145
1,1715,0.9090911145
1,1716,0.9090911145
1,1717,0.9090911145
1,1718,0.9090911145
1,1719,0.9090911145
1,1720,0.9090911145
1,1721,0.9090911145
1,1722,0.9090911145
1,1723,0.9090911145
1,1724,0.9090911145
1,1725,0.9090911145
1,1726,0.9090911145
1,1727,0.9090911145
1,1728,0.9090911145
1,1729,0.9090911145
1,1730,0.9090911145
1,1731,0.9090911145
1,1732,0.9090911145
1,1733,0.9090911145
1,1734,0.9090911145
1,1735,0.9090911145
1,1736,0.9090911145
1,1737,0.9090911145
1,1738,0.9090911145
1,1739,0.9090911145
1,1740,0.9090911145
1,1741,0.9090911145
1,1742,0.9090911145
1,1743,0.9090911145
1,1744,0.9090911145
1,1745,0.9090911145
1,1746,0.9090911145
1,1747,0.9090911145
1,1748,0.9090911145
1,1749,0.9090911145
1,1750,0.9090911145
1,1751,0.9090911145
1,1752,0.9090911145
1,1753,0.9090911145
1,1754,0.9090911145
1,1755,0.9090911145
1,1756,0.9090911145
1,1757,0.9090911145
1,1758,0.9090911145
1,1759,0.9090911145
1,1760,0.9090911145
1,1761,0.9090911145
1,1762,0.9090911145
1,1763,0.9090911145
1,1764,0.9090911145
1,1765,0.9090911145
1,1766,0.9090911145
1,1767,0.9090911145
1,1768,0.9090911145
1,1769,0.9090911145
1,1770,0.9090911145
1,1771,0.9090911145
1,1772,0.9090911145
1,1773,0.9090911145
1,1774,0.9090911145
1,1775,0.9090911145
1,1776,0.9090911145
1,1777,0.9090911145
1,1778,0.9090911145
1,1779,0.9090911145
1,1780,0.9090911145
1,1781,0.9090911145
1,1782,0.9090911145
1,1783,0.9090911145
1,1784,0.9090911145
1,1785,0.9090911145
1,1786,0.9090911145
1,1787,0.9090911145
1,1788,0.9090911145
1,1789,0.9090911145
1,1790,0.9090911145
1,1791,0.9090911145
1,1792,0.9090911145
1,1793,0.9090911145
1,1794,0.9090911145
1,1795,0.9090911145
1,1796,0.9090911145
1,1797,0.9090911145
1,1798,0.9090911145
1,1799,0.9090911145
1,1800,0.9090911145
1,1801,0.9090911145
1,1802,0.9090911145
1,1803,0.9090911145
1,1804,0.9090911145
1,1805,0.9090911145
1,1806,0.9090911145
1,1807,0.9090911145
1,1808,0.9090911145
1,1809,0.9090911145
1,1810,0.9090911145
1,1811,0.9090911145
1,1812,0.9090911145
1,1813,0.9090911145
1,1814,0.9090911145
1,1815,0.9090911145
1,1816,0.9090911145
1,1817,0.9090911145
1,1818,0.9090911145
1,1819,0.9090911145
1,1820,0.9090911145
1,1821,0.9090911145
1,1822,0.9090911145
1,1823,0.9090911145
1,1824,0.9090911145
1,1825,0.9090911145
1,1826,0.9090911145
1,1827,0.9090911145
1,1828,0.9090911145
1,1829,0.9090911145
1,1830,0.9090911145
1,1831,0.9090911145
1,1832,0.9090911145
1,1833,0.9090911145
1,1834,0.9090911145
1,1835,0.9090911145
1,1836,0.9090911145
1,1837,0.9090911145
1,1838,0.9090911145
1,1839,0.9090911145
1,1840,0.9090911145
1,1841,0.9090911145
1,1842,0.9090911145
1,1843,0.9090911145
1,1844,0.9090911145
1,1845,0.9090911145
1,1846,0.9090911145
1,1847,0.9090911145
1,1848,0.9090911145
1,1849,0.9090911145
1,1850,0.9090911145
1,1851,0.9090911145
1,1852,0.9090911145
1,1853,0.9090911145
1,1854,0.9090911145
1,1855,0.9090911145
1,1856,0.9090911145
1,1857,0.9090911145
1,1858,0.9090911145
1,1859,0.9090911145
1,1860,0.9090911145
1,1861,0.9090911145
1,1862,0.9090911145
1,1863,0.9090911145
1,1864,0.9090911145
1,1865,0.9090911145
1,1866,0.9090911145
1,1867,0.9090911145
1,1868,0.9090911145
1,1869,0.9090911145
1,1870,0.9090911145
1,1871,0.9090911145
1,1872,0.9090911145
1,1873,0.9090911145
1,1874,0.9090911145
1,1875,0.9090911145
1,1876,0.9090911145
1,1877,0.9090911145
1,1878,0.9090911145
1,1879,0.9090911145
1,1880,0.9090911145
1,1881,0.9090911145
1,1882,0.9090911145
1,1883,0.9090911145
1,1884,0.9090911145
1,1885,0.9090911145
1,1886,0.9090911145
1,1887,0.9090911145
1,1888,0.9090911145
1,1889,0.9090911145
1,1890,0.9090911145
1,1891,0.9090911145
1,1892,0.9090911145
1,1893,0.9090911145
1,1894,0.9090911145
1,1895,0.9090911145
1,1896,0.9090911145
1,1897,0.9090911145
1,1898,0.9090911145
1,1899,0.9090911145
1,1900,0.9090911145
1,1901,0.9090911145
1,1902,0.9090911145
1,1903,0.9090911145
1,1904,0.9090911145
1,1905,0.9090911145
1,1906,0.9090911145
1,1907,0.9090911145
1,1908,0.9090911145
1,1909,0.9090911145
1,1910,0.9090911145
1,1911,0.9090911145
1,1912,0.9090911145
1,1913,0.9090911145
1,1914,0.9090911145
1,1915,0.9090911145
1,1916,0.9090911145
1,1917,0.9090911145
1,1918,0.9090911145
1,1919,0.9090911145
1,1920,0.9090911145
1,1921,0.9090911145
1,1922,0.9090911145
1,1923,0.9090911145
1,1924,0.9090911145
1,1925,0.9090911145
1,1926,0.9090911145
1,1927,0.9090911145
1,1928,0.9090911145
1,1929,0.9090911145
1,1930,0.9090911145
1,1931,0.9090911145
1,1932,0.9090911145
1,1933,0.9090911145
1,1934,0.9090911145
1,1935,0.9090911145
1,1936,0.9090911145
1,1937,0.9090911145
1,1938,0.9090911145
1,1939,0.9090911145
1,1940,0.9090911145
1,1941,0.9090911145
1,1942,0.9090911145
1,1943,0.9090911145
1,1944,0.9090911145
1,1945,0.9090911145
1,1946,0.9090911145
1,1947,0.9090911145
1,1948,0.9090911145
1,1949,0.9090911145
1,1950,0.9090911145
1,1951,0.9090911145
1,1952,0.9090911145
1,1953,0.9090911145
1,1954,0.9090911145
1,1955,0.9090911145
1,1956,0.9090911145
1,1957,0.9090911145
1,1958,0.9090911145
1,1959,0.9090911145
1,1960,0.9090911145
1,1961,0.9090911145
1,1962,0.9090911145
1,1963,0.9090911145
1,1964,0.9090911145
1,1965,0.9090911145
1,1966,0.9090911145
1,1967,0.9090911145
1,1968,0.9090911145
1,1969,0.9090911145
1,1970,0.9090911145
1,1971,0.9090911145
1,1972,0.9090911145
1,1973,0.9090911145
1,1974,0.9090911145
1,1975,0.9090911145
1,1976,0.9090911145
1,1977,0.9090911145
1,1978,0.9090911145
1,1979,0.9090911145
1,1980,0.9090911145
1,1981,0.9090911145
1,1982,0.9090911145
1,1983,0.9090911145
1,1984,0.9090911145
1,1985,0.9090911145
1,1986,0.9090911145
1,1987,0.9090911145
1,1988,0.9090911145
1,1989,0.9090911145
1,1990,0.9090911145
1,1991,0.9090911145
1,1992,0.9090911145
1,1993,0.9090911145
1,1994,0.9090911145
1,1995,0.9090911145
1,1996,0.9090911145
1,1997,0.9090911145
1,1998,0.9090911145
1,1999,0.9090911145
1,2000,0.9090911145
1,2001,0.9090911145
1,2002,0.9090911145
1,2003,0.9090911145
1,2004,0.9090911145
1,2005,0.9090911145
1,2006,0.9090911145
1,2007,0.9090911145
1,2008,0.9090911145
1,2009,0.9090911145
1,2010,0.9090911145
1,2011,0.9090911145
1,2012,0.9090911145
1,2013,0.9090911145
1,2014,0.9090911145
1,2015,0.9090911145
1,2016,0.9090911145
1,2017,0.9090911145
1,2018,0.9090911145
1,2019,0.9090911145
1,2020,0.9090911145
1,2021,0.9090911145
1,2022,0.9090911145
1,2023,0.9090911145
1,2024,0.9090911145
1,2025,0.9090911145
1,2026,0.9090911145
1,2027,0.9090911145
1,2028,0.9090911145
1,2029,0.9090911145
1,2030,0.9090911145
1,2031,0.9090911145
1,2032,0.9090911145
1,2033,0.9090911145
1,2034,0.9090911145
1,2035,0.9090911145
1,2036,0.9090911145
1,2037,0.9090911145
1,2038,0.9090911145
1,2039,0.9090911145
1,2040,0.9090911145
1,2041,0.9090911145
1,2042,0.9090911145
1,2043,0.9090911145
1,2044,0.9090911145
1,2045,0.9090911145
1,2046,0.9090911145
1,2047,0.9090911145
1,2048,0.9090911145
1,2049,0.9090911145
1,2050,0.9090911145
1,2051,0.9090911145
1,2052,0.9090911145
1,2053,0.9090911145
1,2054,0.9090911145
1,2055,0.9090911145
1,2056,0.9090911145
1,2057,0.9090911145
1,2058,0.9090911145
1,2059,0.9090911145
1,2060,0.9090911145
1,2061,0.9090911145
1,2062,0.9090911145
1,2063,0.9090911145
1,2064,0.9090911145
1,2065,0.9090911145
1,2066,0.9090911145
1,2067,0.9090911145
1,2068,0.9090911145
1,2069,0.9090911145
1,2070,0.9090911145
1,2071,0.9090911145
1,2072,0.9090911145
1,2073,0.9090911145
1,2074,0.9090911145
1,2075,0.9090911145
1,2076,0.9090911145
1,2077,0.9090911145
1,2078,0.9090911145
1,2079,0.9090911145
1,2080,0.9090911145
1,2081,0.9090911145
1,2082,0.9090911145
1,2083,0.9090911145
1,2084,0.9090911145
1,2085,0.9090911145
1,2086,0.9090911145
1,2087,0.9090911145
1,2088,0.9090911145
1,2089,0.9090911145
1,2090,0.9090911145
1,2091,0.9090911145
1,2092,0.9090911145
1,2093,0.9090911145
1,2094,0.9090911145
1,2095,0.9090911145
1,2096,0.9090911145
1,2097,0.9090911145
1,2098,0.9090911145
1,2099,0.9090911145
1,2100,0.9090911145
1,2101,0.9090911145
1,2102,0.9090911145
1,2103,0.9090911145
1,2104,0.9090911145
1,2105,0.9090911145
1,2106,0.9090911145
1,2107,0.9090911145
1,2108,0.9090911145
1,2109,0.9090911145
1,2110,0.9090911145
1,2111,0.9090911145
1,2112,0.9090911145
1,2113,0.9090911145
1,2114,0.9090911145
1,2115,0.9090911145
1,2116,0.9090911145
1,2117,0.9090911145
1,2118,0.9090911145
1,2119,0.9090911145
1,2120,0.9090911145
1,2121,0.9090911145
1,2122,0.9090911145
1,2123,0.9090911145
1,2124,0.9090911145
1,2125,0.9090911145
1,2126,0.9090911145
1,2127,0.9090911145
1,2128,0.9090911145
1,2129,0.9090911145
1,2130,0.9090911145
1,2131,0.9090911145
1,2132,0.9090911145
1,2133,0.9090911145
1,2134,0.9090911145
1,2135,0.9090911145
1,2136,0.9090911145
1,2137,0.9090911145
1,2138,0.9090911145
1,2139,0.9090911145
1,2140,0.9090911145
1,2141,0.9090911145
1,2142,0.9090911145
1,2143,0.9090911145
1,2144,0.9090911145
1,2145,0.9090911145
1,2146,0.9090911145
1,2147,0.9090911145
1,2148,0.9090911145
1,2149,0.9090911145
1,2150,0.9090911145
1,2151,0.9090911145
1,2152,0.9090911145
1,2153,0.9090911145
1,2154,0.9090911145
1,2155,0.9090911145
1,2156,0.9090911145
1,2157,0.9090911145
1,2158,0.9090911145
1,2159,0.9090911145
1,2160,0.9090911145
1,2161,0.9090911145
1,2162,0.9090911145
1,2163,0.9090911145
1,2164,0.9090911145
1,2165,0.9090911145
1,2166,0.9090911145
1,2167,0.9090911145
1,2168,0.9090911145
1,2169,0.9090911145
1,2170,0.9090911145
1,2171,0.9090911145
1,2172,0.9090911145
1,2173,0.9090911145
1,2174,0.9090911145
1,2175,0.9090911145
1,2176,0.9090911145
1,2177,0.9090911145
1,2178,0.9090911145
1,2179,0.9090911145
1,2180,0.9090911145
1,2181,0.9090911145
1,2182,0.9090911145
1,2183,0.9090911145
1,2184,0.9090911145
1,2185,0.9090911145
1,2186,0.9090911145
1,2187,0.9090911145
1,2188,0.9090911145
1,2189,0.9090911145
1,2190,0.9090911145
1,2191,0.9090911145
1,2192,0.9090911145
1,2193,0.9090911145
1,2194,0.9090911145
1,2195,0.9090911145
1,2196,0.9090911145
1,2197,0.9090911145
1,2198,0.9090911145
1,2199,0.9090911145
1,2200,0.9090911145
1,2201,0.9090911145
1,2202,0.9090911145
1,2203,0.9090911145
1,2204,0.9090911145
1,2205,0.9090911145
1,2206,0.9090911145
1,2207,0.9090911145
1,2208,0.9090911145
1,2209,0.9090911145
1,2210,0.9090911145
1,2211,0.9090911145
1,2212,0.9090911145
1,2213,0.9090911145
1,2214,0.9090911145
1,2215,0.9090911145
1,2216,0.9090911145
1,2217,0.9090911145
1,2218,0.9090911145
1,2219,0.9090911145
1,2220,0.9090911145
1,2221,0.9090911145
1,2222,0.9090911145
1,2223,0.9090911145
1,2224,0.9090911145
1,2225,0.9090911145
1,2226,0.9090911145
1,2227,0.9090911145
1,2228,0.9090911145
1,2229,0.9090911145
1,2230,0.9090911145
1,2231,0.9090911145
1,2232,0.9090911145
1,2233,0.9090911145
1,2234,0.9090911145
1,2235,0.9090911145
1,2236,0.9090911145
1,2237,0.9090911145
1,2238,0.9090911145
1,2239,0.9090911145
1,2240,0.9090911145
1,2241,0.9090911145
1,2242,0.9090911145
1,2243,0.9090911145
1,2244,0.9090911145
1,2245,0.9090911145
1,2246,0.9090911145
1,2247,0.9090911145
1,2248,0.9090911145
1,2249,0.9090911145
1,2250,0.9090911145
1,2251,0.9090911145
1,2252,0.9090911145
1,2253,0.9090911145
1,2254,0.9090911145
1,2255,0.9090911145
1,2256,0.9090911145
1,2257,0.9090911145
1,2258,0.9090911145
1,2259,0.9090911145
1,2260,0.9090911145
1,2261,0.9090911145
1,2262,0.9090911145
1,2263,0.9090911145
1,2264,0.9090911145
1,2265,0.9090911145
1,2266,0.9090911145
1,2267,0.9090911145
1,2268,0.9090911145
1,2269,0.9090911145
1,2270,0.9090911145
1,2271,0.9090911145
1,2272,0.9090911145
1,2273,0.9090911145
1,2274,0.9090911145
1,2275,0.9090911145
1,2276,0.9090911145
1,2277,0.9090911145
1,2278,0.9090911145
1,2279,0.9090911145
1,2280,0.9090911145
1,2281,0.9090911145
1,2282,0.9090911145
1,2283,0.9090911145
1,2284,0.9090911145
1,2285,0.9090911145
1,2286,0.9090911145
1,2287,0.9090911145
1,2288,0.9090911145
1,2289,0.9090911145
1,2290,0.9090911145
1,2291,0.9090911145
1,2292,0.9090911145
1,2293,0.9090911145
1,2294,0.9090911145
1,2295,0.9090911145
1,2296,0.9090911145
1,2297,0.9090911145
1,2298,0.9090911145
1,2299,0.9090911145
1,2300,0.9090911145
1,2301,0.9090911145
1,2302,0.9090911145
1,2303,0.9090911145
1,2304,0.9090911145
1,2305,0.9090911145
1,2306,0.9090911145
1,2307,0.9090911145
1,2308,0.9090911145
1,2309,0.9090911145
1,2310,0.9090911145
1,2311,0.9090911145
1,2312,0.9090911145
1,2313,0.9090911145
1,2314,0.9090911145
1,2315,0.9090911145
1,2316,0.9090911145
1,2317,0.9090911145
1,2318,0.9090911145
1,2319,0.9090911145
1,2320,0.9090911145
1,2321,0.9090911145
1,2322,0.9090911145
1,2323,0.9090911145
1,2324,0.9090911145
1,2325,0.9090911145
1,2326,0.9090911145
1,2327,0.9090911145
1,2328,0.9090911145
1,2329,0.9090911145
1,2330,0.9090911145
1,2331,0.9090911145
1,2332,0.9090911145
1,2333,0.9090911145
1,2334,0.9090911145
1,2335,0.9090911145
1,2336,0.9090911145
1,2337,0.9090911145
1,2338,0.9090911145
1,2339,0.9090911145
1,2340,0.9090911145
1,2341,0.9090911145
1,2342,0.9090911145
1,2343,0.9090911145
1,2344,0.9090911145
1,2345,0.9090911145
1,2346,0.9090911145
1,2347,0.9090911145
1,2348,0.9090911145
1,2349,0.9090911145
1,2350,0.9090911145
1,2351,0.9090911145
1,2352,0.9090911145
1,2353,0.9090911145
1,2354,0.9090911145
1,2355,0.9090911145
1,2356,0.9090911145
1,2357,0.9090911145
1,2358,0.9090911145
1,2359,0.9090911145
1,2360,0.9090911145
1,2361,0.9090911145
1,2362,0.9090911145
1,2363,0.9090911145
1,2364,0.9090911145
1,2365,0.9090911145
1,2366,0.9090911145
1,2367,0.9090911145
1,2368,0.9090911145
1,2369,0.9090911145
1,2370,0.9090911145
1,2371,0.9090911145
1,2372,0.9090911145
1,2373,0.9090911145
1,2374,0.9090911145
1,2375,0.9090911145
1,2376,0.9090911145
1,2377,0.9090911145
1,2378,0.9090911145
1,2379,0.9090911145
1,2380,0.9090911145
1,2381,0.9090911145
1,2382,0.9090911145
1,2383,0.9090911145
1,2384,0.9090911145
1,2385,0.9090911145
1,2386,0.9090911145
1,2387,0.9090911145
1,2388,0.9090911145
1,2389,0.9090911145
1,2390,0.9090911145
1,2391,0.9090911145
1,2392,0.9090911145
1,2393,0.9090911145
1,2394,0.9090911145
1,2395,0.9090911145
1,2396,0.9090911145
1,2397,0.9090911145
1,2398,0.9090911145
1,2399,0.9090911145
1,2400,0.9090911145
1,2401,0.9090911145
1,2402,0.9090911145
1,2403,0.9090911145
1,2404,0.9090911145
1,2405,0.9090911145
1,2406,0.9090911145
1,2407,0.9090911145
1,2408,0.9090911145
1,2409,0.9090911145
1,2410,0.9090911145
1,2411,0.9090911145
1,2412,0.9090911145
1,2413,0.9090911145
1,2414,0.9090911145
1,2415,0.9090911145
1,2416,0.9090911145
1,2417,0.9090911145
1,2418,0.9090911145
1,2419,0.9090911145
1,2420,0.9090911145
1,2421,0.9090911145
1,2422,0.9090911145
1,2423,0.9090911145
1,2424,0.9090911145
1,2425,0.9090911145
1,2426,0.9090911145
1,2427,0.9090911145
1,2428,0.9090911145
1,2429,0.9090911145
1,2430,0.9090911145
1,2431,0.9090911145
1,2432,0.9090911145
1,2433,0.9090911145
1,2434,0.9090911145
1,2435,0.9090911145
1,2436,0.9090911145
1,2437,0.9090911145
1,2438,0.9090911145
1,2439,0.9090911145
1,2440,0.9090911145
1,2441,0.9090911145
1,2442,0.9090911145
1,2443,0.9090911145
1,2444,0.9090911145
1,2445,0.9090911145
1,2446,0.9090911145
1,2447,0.9090911145
1,2448,0.9090911145
1,2449,0.9090911145
1,2450,0.9090911145
1,2451,0.9090911145
1,2452,0.9090911145
1,2453,0.9090911145
1,2454,0.9090911145
1,2455,0.9090911145
1,2456,0.9090911145
1,2457,0.9090911145
1,2458,0.9090911145
1,2459,0.9090911145
1,2460,0.9090911145
1,2461,0.9090911145
1,2462,0.9090911145
1,2463,0.9090911145
1,2464,0.9090911145
1,2465,0.9090911145
1,2466,0.9090911145
1,2467,0.9090911145
1,2468,0.9090911145
1,2469,0.9090911145
1,2470,0.9090911145
1,2471,0.9090911145
1,2472,0.9090911145
1,2473,0.9090911145
1,2474,0.9090911145
1,2475,0.9090911145
1,2476,0.9090911145
1,2477,0.9090911145
1,2478,0.9090911145
1,2479,0.9090911145
1,2480,0.9090911145
1,2481,0.9090911145
1,2482,0.9090911145
1,2483,0.9090911145
1,2484,0.9090911145
1,2485,0.9090911145
1,2486,0.9090911145
1,2487,0.9090911145
1,2488,0.9090911145
1,2489,0.9090911145
1,2490,0.9090911145
1,2491,0.9090911145
1,2492,0.9090911145
1,2493,0.9090911145
1,2494,0.9090911145
1,2495,0.9090911145
1,2496,0.9090911145
1,2497,0.9090911145
1,2498,0.9090911145
1,2499,0.9090911145
1,2500,0.9090911145
1,2501,0.9090911145
1,2502,0.9090911145
1,2503,0.9090911145
1,2504,0.9090911145
1,2505,0.9090911145
1,2506,0.9090911145
1,2507,0.9090911145
1,2508,0.9090911145
1,2509,0.9090911145
1,2510,0.9090911145
1,2511,0.9090911145
1,2512,0.9090911145
1,2513,0.9090911145
1,2514,0.9090911145
1,2515,0.9090911145
1,2516,0.9090911145
1,2517,0.9090911145
1,2518,0.9090911145
1,2519,0.9090911145
1,2520,0.9090911145
1,2521,0.9090911145
1,2522,0.9090911145
1,2523,0.9090911145
1,2524,0.9090911145
1,2525,0.9090911145
1,2526,0.9090911145
1,2527,0.9090911145
1,2528,0.9090911145
1,2529,0.9090911145
1,2530,0.9090911145
1,2531,0.9090911145
1,2532,0.9090911145
1,2533,0.9090911145
1,2534,0.9090911145
1,2535,0.9090911145
1,2536,0.9090911145
1,2537,0.9090911145
1,2538,0.9090911145
1,2539,0.9090911145
1,2540,0.9090911145
1,2541,0.9090911145
1,2542,0.9090911145
1,2543,0.9090911145
1,2544,0.9090911145
1,2545,0.9090911145
1,2546,0.9090911145
1,2547,0.9090911145
1,2548,0.9090911145
1,2549,0.9090911145
1,2550,0.9090911145
1,2551,0.9090911145
1,2552,0.9090911145
1,2553,0.9090911145
1,2554,0.9090911145
1,2555,0.9090911145
1,2556,0.9090911145
1,2557,0.9090911145
1,2558,0.9090911145
1,2559,0.9090911145
1,2560,0.9090911145
1,2561,0.9090911145
1,2562,0.9090911145
1,2563,0.9090911145
1,2564,0.9090911145
1,2565,0.9090911145
1,2566,0.9090911145
1,2567,0.9090911145
1,2568,0.9090911145
1,2569,0.9090911145
1,2570,0.9090911145
1,2571,0.9090911145
1,2572,0.9090911145
1,2573,0.9090911145
1,2574,0.9090911145
1,2575,0.9090911145
1,2576,0.9090911145
1,2577,0.9090911145
1,2578,0.9090911145
1,2579,0.9090911145
1,2580,0.9090911145
1,2581,0.9090911145
1,2582,0.9090911145
1,2583,0.9090911145
1,2584,0.9090911145
1,2585,0.9090911145
1,2586,0.9090911145
1,2587,0.9090911145
1,2588,0.9090911145
1,2589,0.9090911145
1,2590,0.9090911145
1,2591,0.9090911145
1,2592,0.9090911145
1,2593,0.9090911145
1,2594,0.9090911145
1,2595,0.9090911145
1,2596,0.9090911145
1,2597,0.9090911145
1,2598,0.9090911145
1,2599,0.9090911145
1,2600,0.9090911145
1,2601,0.9090911145
1,2602,0.9090911145
1,2603,0.9090911145
1,2604,0.9090911145
1,2605,0.9090911145
1,2606,0.9090911145
1,2607,0.9090911145
1,2608,0.9090911145
1,2609,0.9090911145
1,2610,0.9090911145
1,2611,0.9090911145
1,2612,0.9090911145
1,2613,0.9090911145
1,2614,0.9090911145
1,2615,0.9090911145
1,2616,0.9090911145
1,2617,0.9090911145
1,2618,0.9090911145
1,2619,0.9090911145
1,2620,0.9090911145
1,2621,0.9090911145
1,2622,0.9090911145
1,2623,0.9090911145
1,2624,0.9090911145
1,2625,0.9090911145
1,2626,0.9090911145
1,2627,0.9090911145
1,2628,0.9090911145
1,2629,0.9090911145
1,2630,0.9090911145
1,2631,0.9090911145
1,2632,0.9090911145
1,2633,0.9090911145
1,2634,0.9090911145
1,2635,0.9090911145
1,2636,0.9090911145
1,2637,0.9090911145
1,2638,0.9090911145
1,2639,0.9090911145
1,2640,0.9090911145
1,2641,0.9090911145
1,2642,0.9090911145
1,2643,0.9090911145
1,2644,0.9090911145
1,2645,0.9090911145
1,2646,0.9090911145
1,2647,0.9090911145
1,2648,0.9090911145
1,2649,0.9090911145
1,2650,0.9090911145
1,2651,0.9090911145
1,2652,0.9090911145
1,2653,0.9090911145
1,2654,0.9090911145
1,2655,0.9090911145
1,2656,0.9090911145
1,2657,0.9090911145
1,2658,0.9090911145
1,2659,0.9090911145
1,2660,0.9090911145
1,2661,0.9090911145
1,2662,0.9090911145
1,2663,0.9090911145
1,2664,0.9090911145
1,2665,0.9090911145
1,2666,0.9090911145
1,2667,0.9090911145
1,2668,0.9090911145
1,2669,0.9090911145
1,2670,0.9090911145
1,2671,0.9090911145
1,2672,0.9090911145
1,2673,0.9090911145
1,2674,0.9090911145
1,2675,0.9090911145
1,2676,0.9090911145
1,2677,0.9090911145
1,2678,0.9090911145
1,2679,0.9090911145
1,2680,0.9090911145
1,2681,0.9090911145
1,2682,0.9090911145
1,2683,0.9090911145
1,2684,0.9090911145
1,2685,0.9090911145
1,2686,0.9090911145
1,2687,0.9090911145
1,2688,0.9090911145
1,2689,0.9090911145
1,2690,0.9090911145
1,2691,0.9090911145
1,2692,0.9090911145
1,2693,0.9090911145
1,2694,0.9090911145
1,2695,0.9090911145
1,2696,0.9090911145
1,2697,0.9090911145
1,2698,0.9090911145
1,2699,0.9090911145
1,2700,0.9090911145
1,2701,0.9090911145
1,2702,0.9090911145
1,2703,0.9090911145
1,2704,0.9090911145
1,2705,0.9090911145
1,2706,0.9090911145
1,2707,0.9090911145
1,2708,0.9090911145
1,2709,0.9090911145
1,2710,0.9090911145
1,2711,0.9090911145
1,2712,0.9090911145
1,2713,0.9090911145
1,2714,0.9090911145
1,2715,0.9090911145
1,2716,0.9090911145
1,2717,0.9090911145
1,2718,0.9090911145
1,2719,0.9090911145
1,2720,0.9090911145
1,2721,0.9090911145
1,2722,0.9090911145
1,2723,0.9090911145
1,2724,0.9090911145
1,2725,0.9090911145
1,2726,0.9090911145
1,2727,0.9090911145
1,2728,0.9090911145
1,2729,0.9090911145
1,2730,0.9090911145
1,2731,0.9090911145
1,2732,0.9090911145
1,2733,0.9090911145
1,2734,0.9090911145
1,2735,0.9090911145
1,2736,0.9090911145
1,2737,0.9090911145
1,2738,0.9090911145
1,2739,0.9090911145
1,2740,0.9090911145
1,2741,0.9090911145
1,2742,0.9090911145
1,2743,0.9090911145
1,2744,0.9090911145
1,2745,0.9090911145
1,2746,0.9090911145
1,2747,0.9090911145
1,2748,0.9090911145
1,2749,0.9090911145
1,2750,0.9090911145
1,2751,0.9090911145
1,2752,0.9090911145
1,2753,0.9090911145
1,2754,0.9090911145
1,2755,0.9090911145
1,2756,0.9090911145
1,2757,0.9090911145
1,2758,0.9090911145
1,2759,0.9090911145
1,2760,0.9090911145
1,2761,0.9090911145
1,2762,0.9090911145
1,2763,0.9090911145
1,2764,0.9090911145
1,2765,0.9090911145
1,2766,0.9090911145
1,2767,0.9090911145
1,2768,0.9090911145
1,2769,0.9090911145
1,2770,0.9090911145
1,2771,0.9090911145
1,2772,0.9090911145
1,2773,0.9090911145
1,2774,0.9090911145
1,2775,0.9090911145
1,2776,0.9090911145
1,2777,0.9090911145
1,2778,0.9090911145
1,2779,0.9090911145
1,2780,0.9090911145
1,2781,0.9090911145
1,2782,0.9090911145
1,2783,0.9090911145
1,2784,0.9090911145
1,2785,0.9090911145
1,2786,0.9090911145
1,2787,0.9090911145
1,2788,0.9090911145
1,2789,0.9090911145
1,2790,0.9090911145
1,2791,0.9090911145
1,2792,0.9090911145
1,2793,0.9090911145
1,2794,0.9090911145
1,2795,0.9090911145
1,2796,0.9090911145
1,2797,0.9090911145
1,2798,0.9090911145
1,2799,0.9090911145
1,2800,0.9090911145
1,2801,0.9090911145
1,2802,0.9090911145
1,2803,0.9090911145
1,2804,0.9090911145
1,2805,0.9090911145
1,2806,0.9090911145
1,2807,0.9090911145
1,2808,0.9090911145
1,2809,0.9090911145
1,2810,0.9090911145
1,2811,0.9090911145
1,2812,0.9090911145
1,2813,0.9090911145
1,2814,0.9090911145
1,2815,0.9090911145
1,2816,0.9090911145
1,2817,0.9090911145
1,2818,0.9090911145
1,2819,0.9090911145
1,2820,0.9090911145
1,2821,0.9090911145
1,2822,0.9090911145
1,2823,0.9090911145
1,2824,0.9090911145
1,2825,0.9090911145
1,2826,0.9090911145
1,2827,0.9090911145
1,2828,0.9090911145
1,2829,0.9090911145
1,2830,0.9090911145
1,2831,0.9090911145
1,2832,0.9090911145
1,2833,0.9090911145
1,2834,0.9090911145
1,2835,0.9090911145
1,2836,0.9090911145
1,2837,0.9090911145
1,2838,0.9090911145
1,2839,0.9090911145
1,2840,0.9090911145
1,2841,0.9090911145
1,2842,0.9090911145
1,2843,0.9090911145
1,2844,0.9090911145
1,2845,0.9090911145
1,2846,0.9090911145
1,2847,0.9090911145
1,2848,0.9090911145
1,2849,0.9090911145
1,2850,0.9090911145
1,2851,0.9090911145
1,2852,0.9090911145
1,2853,0.9090911145
1,2854,0.9090911145
1,2855,0.9090911145
1,2856,0.9090911145
1,2857,0.9090911145
1,2858,0.9090911145
1,2859,0.9090911145
1,2860,0.9090911145
1,2861,0.9090911145
1,2862,0.9090911145
1,2863,0.9090911145
1,2864,0.9090911145
1,2865,0.9090911145
1,2866,0.9090911145
1,2867,0.9090911145
1,2868,0.9090911145
1,2869,0.9090911145
1,2870,0.9090911145
1,2871,0.9090911145
1,2872,0.9090911145
1,2873,0.9090911145
1,2874,0.9090911145
1,2875,0.9090911145
1,2876,0.9090911145
1,2877,0.9090911145
1,2878,0.9090911145
1,2879,0.9090911145
1,2880,0.9090911145
1,2881,0.9090911145
1,2882,0.9090911145
1,2883,0.9090911145
1,2884,0.9090911145
1,2885,0.9090911145
1,2886,0.9090911145
1,2887,0.9090911145
1,2888,0.9090911145
1,2889,0.9090911145
1,2890,0.9090911145
1,2891,0.9090911145
1,2892,0.9090911145
1,2893,0.9090911145
1,2894,0.9090911145
1,2895,0.9090911145
1,2896,0.9090911145
1,2897,0.9090911145
1,2898,0.9090911145
1,2899,0.9090911145
1,2900,0.9090911145
1,2901,0.9090911145
1,2902,0.9090911145
1,2903,0.9090911145
1,2904,0.9090911145
1,2905,0.9090911145
1,2906,0.9090911145
1,2907,0.9090911145
1,2908,0.9090911145
1,2909,0.9090911145
1,2910,0.9090911145
1,2911,0.9090911145
1,2912,0.9090911145
1,2913,0.9090911145
1,2914,0.9090911145
1,2915,0.9090911145
1,2916,0.9090911145
1,2917,0.9090911145
1,2918,0.9090911145
1,2919,0.9090911145
1,2920,0.9090911145
1,2921,0.9090911145
1,2922,0.9090911145
1,2923,0.9090911145
1,2924,0.9090911145
1,2925,0.9090911145
1,2926,0.9090911145
1,2927,0.9090911145
1,2928,0.9090911145
1,2929,0.9090911145
1,2930,0.9090911145
1,2931,0.9090911145
1,2932,0.9090911145
1,2933,0.9090911145
1,2934,0.9090911145
1,2935,0.9090911145
1,2936,0.9090911145
1,2937,0.9090911145
1,2938,0.9090911145
1,2939,0.9090911145
1,2940,0.9090911145
1,2941,0.9090911145
1,2942,0.9090911145
1,2943,0.9090911145
1,2944,0.9090911145
1,2945,0.9090911145
1,2946,0.9090911145
1,2947,0.9090911145
1,2948,0.9090911145
1,2949,0.9090911145
1,2950,0.9090911145
1,2951,0.9090911145
1,2952,0.9090911145
1,2953,0.9090911145
1,2954,0.9090911145
1,2955,0.9090911145
1,2956,0.9090911145
1,2957,0.9090911145
1,2958,0.9090911145
1,2959,0.9090911145
1,2960,0.9090911145
1,2961,0.9090911145
1,2962,0.9090911145
1,2963,0.9090911145
1,2964,0.9090911145
1,2965,0.9090911145
1,2966,0.9090911145
1,2967,0.9090911145
1,2968,0.9090911145
1,2969,0.9090911145
1,2970,0.9090911145
1,2971,0.9090911145
1,2972,0.9090911145
1,2973,0.9090911145
1,2974,0.9090911145
1,2975,0.9090911145
1,2976,0.9090911145
1,2977,0.9090911145
1,2978,0.9090911145
1,2979,0.9090911145
1,2980,0.9090911145
1,2981,0.9090911145
1,2982,0.9090911145
1,2983,0.9090911145
1,2984,0.9090911145
1,2985,0.9090911145
1,2986,0.9090911145
1,2987,0.9090911145
1,2988,0.9090911145
1,2989,0.9090911145
1,2990,0.9090911145
1,2991,0.9090911145
1,2992,0.9090911145
1,2993,0.9090911145
1,2994,0.9090911145
1,2995,0.9090911145
1,2996,0.9090911145
1,2997,0.9090911145
1,2998,0.9090911145
1,2999,0.9090911145
1,3000,0.9090911145
1,3001,0.9090911145
1,3002,0.9090911145
1,3003,0.9090911145
1,3004,0.9090911145
1,3005,0.9090911145
1,3006,0.9090911145
1,3007,0.9090911145
1,3008,0.9090911145
1,3009,0.9090911145
1,3010,0.9090911145
1,3011,0.9090911145
1,3012,0.9090911145
1,3013,0.9090911145
1,3014,0.9090911145
1,3015,0.9090911145
1,3016,0.9090911145
1,3017,0.9090911145
1,3018,0.9090911145
1,3019,0.9090911145
1,3020,0.9090911145
1,3021,0.9090911145
1,3022,0.9090911145
1,3023,0.9090911145
1,3024,0.9090911145
1,3025,0.9090911145
1,3026,0.9090911145
1,3027,0.9090911145
1,3028,0.9090911145
1,3029,0.9090911145
1,3030,0.9090911145
1,3031,0.9090911145
1,3032,0.9090911145
1,3033,0.9090911145
1,3034,0.9090911145
1,3035,0.9090911145
1,3036,0.9090911145
1,3037,0.9090911145
1,3038,0.9090911145
1,3039,0.9090911145
1,3040,0.9090911145
1,3041,0.9090911145
1,3042,0.9090911145
1,3043,0.9090911145
1,3044,0.9090911145
1,3045,0.9090911145
1,3046,0.9090911145
1,3047,0.9090911145
1,3048,0.9090911145
1,3049,0.9090911145
1,3050,0.9090911145
1,3051,0.9090911145
1,3052,0.9090911145
1,3053,0.9090911145
1,3054,0.9090911145
1,3055,0.9090911145
1,3056,0.9090911145
1,3057,0.9090911145
1,3058,0.9090911145
1,3059,0.9090911145
1,3060,0.9090911145
1,3061,0.9090911145
1,3062,0.9090911145
1,3063,0.9090911145
1,3064,0.9090911145
1,3065,0.9090911145
1,3066,0.9090911145
1,3067,0.9090911145
1,3068,0.9090911145
1,3069,0.9090911145
1,3070,0.9090911145
1,3071,0.9090911145
1,3072,0.9090911145
1,3073,0.9090911145
1,3074,0.9090911145
1,3075,0.9090911145
1,3076,0.9090911145
1,3077,0.9090911145
1,3078,0.9090911145
1,3079,0.9090911145
1,3080,0.9090911145
1,3081,0.9090911145
1,3082,0.9090911145
1,3083,0.9090911145
1,3084,0.9090911145
1,3085,0.9090911145
1,3086,0.9090911145
1,3087,0.9090911145
1,3088,0.9090911145
1,3089,0.9090911145
1,3090,0.9090911145
1,3091,0.9090911145
1,3092,0.9090911145
1,3093,0.9090911145
1,3094,0.9090911145
1,3095,0.9090911145
1,3096,0.9090911145
1,3097,0.9090911145
1,3098,0.9090911145
1,3099,0.9090911145
1,3100,0.9090911145
1,3101,0.9090911145
1,3102,0.9090911145
1,3103,0.9090911145
1,3104,0.9090911145
1,3105,0.9090911145
1,3106,0.9090911145
1,3107,0.9090911145
1,3108,0.9090911145
1,3109,0.9090911145
1,3110,0.9090911145
1,3111,0.9090911145
1,3112,0.9090911145
1,3113,0.9090911145
1,3114,0.9090911145
1,3115,0.9090911145
1,3116,0.9090911145
1,3117,0.9090911145
1,3118,0.9090911145
1,3119,0.9090911145
1,3120,0.9090911145
1,3121,0.9090911145
1,3122,0.9090911145
1,3123,0.9090911145
1,3124,0.9090911145
1,3125,0.9090911145
1,3126,0.9090911145
1,3127,0.9090911145
1,3128,0.9090911145
1,3129,0.9090911145
1,3130,0.9090911145
1,3131,0.9090911145
1,3132,0.9090911145
1,3133,0.9090911145
1,3134,0.9090911145
1,3135,0.9090911145
1,3136,0.9090911145
1,3137,0.9090911145
1,3138,0.9090911145
1,3139,0.9090911145
1,3140,0.9090911145
1,3141,0.9090911145
1,3142,0.9090911145
1,3143,0.9090911145
1,3144,0.9090911145
1,3145,0.9090911145
1,3146,0.9090911145
1,3147,0.9090911145
1,3148,0.9090911145
1,3149,0.9090911145
1,3150,0.9090911145
1,3151,0.9090911145
1,3152,0.9090911145
1,3153,0.9090911145
1,3154,0.9090911145
1,3155,0.9090911145
1,3156,0.9090911145
1,3157,0.9090911145
1,3158,0.9090911145
1,3159,0.9090911145
1,3160,0.9090911145
1,3161,0.9090911145
1,3162,0.9090911145
1,3163,0.9090911145
1,3164,0.9090911145
1,3165,0.9090911145
1,3166,0.9090911145
1,3167,0.9090911145
1,3168,0.9090911145
1,3169,0.9090911145
1,3170,0.9090911145
1,3171,0.9090911145
1,3172,0.9090911145
1,3173,0.9090911145
1,3174,0.9090911145
1,3175,0.9090911145
1,3176,0.9090911145
1,3177,0.9090911145
1,3178,0.9090911145
1,3179,0.9090911145
1,3180,0.9090911145
1,3181,0.9090911145
1,3182,0.9090911145
1,3183,0.9090911145
1,3184,0.9090911145
1,3185,0.9090911145
1,3186,0.9090911145
1,3187,0.9090911145
1,3188,0.9090911145
1,3189,0.9090911145
1,3190,0.9090911145
1,3191,0.9090911145
1,3192,0.9090911145
1,3193,0.9090911145
1,3194,0.9090911145
1,3195,0.9090911145
1,3196,0.9090911145
1,3197,0.9090911145
1,3198,0.9090911145
1,3199,0.9090911145
1,3200,0.9090911145
1,3201,0.9090911145
1,3202,0.9090911145
1,3203,0.9090911145
1,3204,0.9090911145
1,3205,0.9090911145
1,3206,0.9090911145
1,3207,0.9090911145
1,3208,0.9090911145
1,3209,0.9090911145
1,3210,0.9090911145
1,3211,0.9090911145
1,3212,0.9090911145
1,3213,0.9090911145
1,3214,0.9090911145
1,3215,0.9090911145
1,3216,0.9090911145
1,3217,0.9090911145
1,3218,0.9090911145
1,3219,0.9090911145
1,3220,0.9090911145
1,3221,0.9090911145
1,3222,0.9090911145
1,3223,0.9090911145
1,3224,0.9090911145
1,3225,0.9090911145
1,3226,0.9090911145
1,3227,0.9090911145
1,3228,0.9090911145
1,3229,0.9090911145
1,3230,0.9090911145
1,3231,0.9090911145
1,3232,0.9090911145
1,3233,0.9090911145
1,3234,0.9090911145
1,3235,0.9090911145
1,3236,0.9090911145
1,3237,0.9090911145
1,3238,0.9090911145
1,3239,0.9090911145
1,3240,0.9090911145
1,3241,0.9090911145
1,3242,0.9090911145
1,3243,0.9090911145
1,3244,0.9090911145
1,3245,0.9090911145
1,3246,0.9090911145
1,3247,0.9090911145
1,3248,0.9090911145
1,3249,0.9090911145
1,3250,0.9090911145
1,3251,0.9090911145
1,3252,0.9090911145
1,3253,0.9090911145
1,3254,0.9090911145
1,3255,0.9090911145
1,3256,0.9090911145
1,3257,0.9090911145
1,3258,0.9090911145
1,3259,0.9090911145
1,3260,0.9090911145
1,3261,0.9090911145
1,3262,0.9090911145
1,3263,0.9090911145
1,3264,0.9090911145
1,3265,0.9090911145
1,3266,0.9090911145
1,3267,0.9090911145
1,3268,0.9090911145
1,3269,0.9090911145
1,3270,0.9090911145
1,3271,0.9090911145
1,3272,0.9090911145
1,3273,0.9090911145
1,3274,0.9090911145
1,3275,0.9090911145
1,3276,0.9090911145
1,3277,0.9090911145
1,3278,0.9090911145
1,3279,0.9090911145
1,3280,0.9090911145
1,3281,0.9090911145
1,3282,0.9090911145
1,3283,0.9090911145
1,3284,0.9090911145
1,3285,0.9090911145
1,3286,0.9090911145
1,3287,0.9090911145
1,3288,0.9090911145
1,3289,0.9090911145
1,3290,0.9090911145
1,3291,0.9090911145
1,3292,0.9090911145
1,3293,0.9090911145
1,3294,0.9090911145
1,3295,0.9090911145
1,3296,0.9090911145
1,3297,0.9090911145
1,3298,0.9090911145
1,3299,0.9090911145
1,3300,0.9090911145
1,3301,0.9090911145
1,3302,0.9090911145
1,3303,0.9090911145
1,3304,0.9090911145
1,3305,0.9090911145
1,3306,0.9090911145
1,3307,0.9090911145
1,3308,0.9090911145
1,3309,0.9090911145
1,3310,0.9090911145
1,3311,0.9090911145
1,3312,0.9090911145
1,3313,0.9090911145
1,3314,0.9090911145
1,3315,0.9090911145
1,3316,0.9090911145
1,3317,0.9090911145
1,3318,0.9090911145
1,3319,0.9090911145
1,3320,0.9090911145
1,3321,0.9090911145
1,3322,0.9090911145
1,3323,0.9090911145
1,3324,0.9090911145
1,3325,0.9090911145
1,3326,0.9090911145
1,3327,0.9090911145
1,3328,0.9090911145
1,3329,0.9090911145
1,3330,0.9090911145
1,3331,0.9090911145
1,3332,0.9090911145
1,3333,0.9090911145
1,3334,0.9090911145
1,3335,0.9090911145
1,3336,0.9090911145
1,3337,0.9090911145
1,3338,0.9090911145
1,3339,0.9090911145
1,3340,0.9090911145
1,3341,0.9090911145
1,3342,0.9090911145
1,3343,0.9090911145
1,3344,0.9090911145
1,3345,0.9090911145
1,3346,0.9090911145
1,3347,0.9090911145
1,3348,0.9090911145
1,3349,0.9090911145
1,3350,0.9090911145
1,3351,0.9090911145
1,3352,0.9090911145
1,3353,0.9090911145
1,3354,0.9090911145
1,3355,0.9090911145
1,3356,0.9090911145
1,3357,0.9090911145
1,3358,0.9090911145
1,3359,0.9090911145
1,3360,0.9090911145
1,3361,0.9090911145
1,3362,0.9090911145
1,3363,0.9090911145
1,3364,0.9090911145
1,3365,0.9090911145
1,3366,0.9090911145
1,3367,0.9090911145
1,3368,0.9090911145
1,3369,0.9090911145
1,3370,0.9090911145
1,3371,0.9090911145
1,3372,0.9090911145
1,3373,0.9090911145
1,3374,0.9090911145
1,3375,0.9090911145
1,3376,0.9090911145
1,3377,0.9090911145
1,3378,0.9090911145
1,3379,0.9090911145
1,3380,0.9090911145
1,3381,0.9090911145
1,3382,0.9090911145
1,3383,0.9090911145
1,3384,0.9090911145
1,3385,0.9090911145
1,3386,0.9090911145
1,3387,0.9090911145
1,3388,0.9090911145
1,3389,0.9090911145
1,3390,0.9090911145
1,3391,0.9090911145
1,3392,0.9090911145
1,3393,0.9090911145
1,3394,0.9090911145
1,3395,0.9090911145
1,3396,0.9090911145
1,3397,0.9090911145
1,3398,0.9090911145
1,3399,0.9090911145
1,3400,0.9090911145
1,3401,0.9090911145
1,3402,0.9090911145
1,3403,0.9090911145
1,3404,0.9090911145
1,3405,0.9090911145
1,3406,0.9090911145
1,3407,0.9090911145
1,3408,0.9090911145
1,3409,0.9090911145
1,3410,0.9090911145
1,3411,0.9090911145
1,3412,0.9090911145
1,3413,0.9090911145
1,3414,0.9090911145
1,3415,0.9090911145
1,3416,0.9090911145
1,3417,0.9090911145
1,3418,0.9090911145
1,3419,0.9090911145
1,3420,0.9090911145
1,3421,0.9090911145
1,3422,0.9090911145
1,3423,0.9090911145
1,3424,0.9090911145
1,3425,0.9090911145
1,3426,0.9090911145
1,3427,0.9090911145
1,3428,0.9090911145
1,3429,0.9090911145
1,3430,0.9090911145
1,3431,0.9090911145
1,3432,0.9090911145
1,3433,0.9090911145
1,3434,0.9090911145
1,3435,0.9090911145
1,3436,0.9090911145
1,3437,0.9090911145
1,3438,0.9090911145
1,3439,0.9090911145
1,3440,0.9090911145
1,3441,0.9090911145
1,3442,0.9090911145
1,3443,0.9090911145
1,3444,0.9090911145
1,3445,0.9090911145
1,3446,0.9090911145
1,3447,0.9090911145
1,3448,0.9090911145
1,3449,0.9090911145
1,3450,0.9090911145
1,3451,0.9090911145
1,3452,0.9090911145
1,3453,0.9090911145
1,3454,0.9090911145
1,3455,0.9090911145
1,3456,0.9090911145
1,3457,0.9090911145
1,3458,0.9090911145
1,3459,0.9090911145
1,3460,0.9090911145
1,3461,0.9090911145
1,3462,0.9090911145
1,3463,0.9090911145
1,3464,0.9090911145
1,3465,0.9090911145
1,3466,0.9090911145
1,3467,0.9090911145
1,3468,0.9090911145
1,3469,0.9090911145
1,3470,0.9090911145
1,3471,0.9090911145
1,3472,0.9090911145
1,3473,0.9090911145
1,3474,0.9090911145
1,3475,0.9090911145
1,3476,0.9090911145
1,3477,0.9090911145
1,3478,0.9090911145
1,3479,0.9090911145
1,3480,0.9090911145
1,3481,0.9090911145
1,3482,0.9090911145
1,3483,0.9090911145
1,3484,0.9090911145
1,3485,0.9090911145
1,3486,0.9090911145
1,3487,0.9090911145
1,3488,0.9090911145
1,3489,0.9090911145
1,3490,0.9090911145
1,3491,0.9090911145
1,3492,0.9090911145
1,3493,0.9090911145
1,3494,0.9090911145
1,3495,0.9090911145
1,3496,0.9090911145
1,3497,0.9090911145
1,3498,0.9090911145
1,3499,0.9090911145
1,3500,0.9090911145
1,3501,0.9090911145
1,3502,0.9090911145
1,3503,0.9090911145
1,3504,0.9090911145
1,3505,0.9090911145
1,3506,0.9090911145
1,3507,0.9090911145
1,3508,0.9090911145
1,3509,0.9090911145
1,3510,0.9090911145
1,3511,0.9090911145
1,3512,0.9090911145
1,3513,0.9090911145
1,3514,0.9090911145
1,3515,0.9090911145
1,3516,0.9090911145
1,3517,0.9090911145
1,3518,0.9090911145
1,3519,0.9090911145
1,3520,0.9090911145
1,3521,0.9090911145
1,3522,0.9090911145
1,3523,0.9090911145
1,3524,0.9090911145
1,3525,0.9090911145
1,3526,0.9090911145
1,3527,0.9090911145
1,3528,0.9090911145
1,3529,0.9090911145
1,3530,0.9090911145
1,3531,0.9090911145
1,3532,0.9090911145
1,3533,0.9090911145
1,3534,0.9090911145
1,3535,0.9090911145
1,3536,0.9090911145
1,3537,0.9090911145
1,3538,0.9090911145
1,3539,0.9090911145
1,3540,0.9090911145
1,3541,0.9090911145
1,3542,0.9090911145
1,3543,0.9090911145
1,3544,0.9090911145
1,3545,0.9090911145
1,3546,0.9090911145
1,3547,0.9090911145
1,3548,0.9090911145
1,3549,0.9090911145
1,3550,0.9090911145
1,3551,0.9090911145
1,3552,0.9090911145
1,3553,0.9090911145
1,3554,0.9090911145
1,3555,0.9090911145
1,3556,0.9090911145
1,3557,0.9090911145
1,3558,0.9090911145
1,3559,0.9090911145
1,3560,0.9090911145
1,3561,0.9090911145
1,3562,0.9090911145
1,3563,0.9090911145
1,3564,0.9090911145
1,3565,0.9090911145
1,3566,0.9090911145
1,3567,0.9090911145
1,3568,0.9090911145
1,3569,0.9090911145
1,3570,0.9090911145
1,3571,0.9090911145
1,3572,0.9090911145
1,3573,0.9090911145
1,3574,0.9090911145
1,3575,0.9090911145
1,3576,0.9090911145
1,3577,0.9090911145
1,3578,0.9090911145
1,3579,0.9090911145
1,3580,0.9090911145
1,3581,0.9090911145
1,3582,0.9090911145
1,3583,0.9090911145
1,3584,0.9090911145
1,3585,0.9090911145
1,3586,0.9090911145
1,3587,0.9090911145
1,3588,0.9090911145
1,3589,0.9090911145
1,3590,0.9090911145
1,3591,0.9090911145
1,3592,0.9090911145
1,3593,0.9090911145
1,3594,0.9090911145
1,3595,0.9090911145
1,3596,0.9090911145
1,3597,0.9090911145
1,3598,0.9090911145
1,3599,0.9090911145
1,3600,0.9090911145
1,3601,0.9090911145
1,3602,0.9090911145
1,3603,0.9090911145
1,3604,0.9090911145
1,3605,0.9090911145
1,3606,0.9090911145
1,3607,0.9090911145
1,3608,0.9090911145
1,3609,0.9090911145
1,3610,0.9090911145
1,3611,0.9090911145
1,3612,0.9090911145
1,3613,0.9090911145
1,3614,0.9090911145
1,3615,0.9090911145
1,3616,0.9090911145
1,3617,0.9090911145
1,3618,0.9090911145
1,3619,0.9090911145
1,3620,0.9090911145
1,3621,0.9090911145
1,3622,0.9090911145
1,3623,0.9090911145
1,3624,0.9090911145
1,3625,0.9090911145
1,3626,0.9090911145
1,3627,0.9090911145
1,3628,0.9090911145
1,3629,0.9090911145
1,3630,0.9090911145
1,3631,0.9090911145
1,3632,0.9090911145
1,3633,0.9090911145
1,3634,0.9090911145
1,3635,0.9090911145
1,3636,0.9090911145
1,3637,0.9090911145
1,3638,0.9090911145
1,3639,0.9090911145
1,3640,0.9090911145
1,3641,0.9090911145
1,3642,0.9090911145
1,3643,0.9090911145
1,3644,0.9090911145
1,3645,0.9090911145
1,3646,0.9090911145
1,3647,0.9090911145
1,3648,0.9090911145
1,3649,0.9090911145
1,3650,0.9090911145
1,3651,0.9090911145
1,3652,0.9090911145
1,3653,0.9090911145
1,3654,0.9090911145
1,3655,0.9090911145
1,3656,0.9090911145
1,3657,0.9090911145
1,3658,0.9090911145
1,3659,0.9090911145
1,3660,0.9090911145
1,3661,0.9090911145
1,3662,0.9090911145
1,3663,0.9090911145
1,3664,0.9090911145
1,3665,0.9090911145
1,3666,0.9090911145
1,3667,0.9090911145
1,3668,0.9090911145
1,3669,0.9090911145
1,3670,0.9090911145
1,3671,0.9090911145
1,3672,0.9090911145
1,3673,0.9090911145
1,3674,0.9090911145
1,3675,0.9090911145
1,3676,0.9090911145
1,3677,0.9090911145
1,3678,0.9090911145
1,3679,0.9090911145
1,3680,0.9090911145
1,3681,0.9090911145
1,3682,0.9090911145
1,3683,0.9090911145
1,3684,0.9090911145
1,3685,0.9090911145
1,3686,0.9090911145
1,3687,0.9090911145
1,3688,0.9090911145
1,3689,0.9090911145
1,3690,0.9090911145
1,3691,0.9090911145
1,3692,0.9090911145
1,3693,0.9090911145
1,3694,0.9090911145
1,3695,0.9090911145
1,3696,0.9090911145
1,3697,0.9090911145
1,3698,0.9090911145
1,3699,0.9090911145
1,3700,0.9090911145
1,3701,0.9090911145
1,3702,0.9090911145
1,3703,0.9090911145
1,3704,0.9090911145
1,3705,0.9090911145
1,3706,0.9090911145
1,3707,0.9090911145
1,3708,0.9090911145
1,3709,0.9090911145
1,3710,0.9090911145
1,3711,0.9090911145
1,3712,0.9090911145
1,3713,0.9090911145
1,3714,0.9090911145
1,3715,0.9090911145
1,3716,0.9090911145
1,3717,0.9090911145
1,3718,0.9090911145
1,3719,0.9090911145
1,3720,0.9090911145
1,3721,0.9090911145
1,3722,0.9090911145
1,3723,0.9090911145
1,3724,0.9090911145
1,3725,0.9090911145
1,3726,0.9090911145
1,3727,0.9090911145
1,3728,0.9090911145
1,3729,0.9090911145
1,3730,0.9090911145
1,3731,0.9090911145
1,3732,0.9090911145
1,3733,0.9090911145
1,3734,0.9090911145
1,3735,0.9090911145
1,3736,0.9090911145
1,3737,0.9090911145
1,3738,0.9090911145
1,3739,0.9090911145
1,3740,0.9090911145
1,3741,0.9090911145
1,3742,0.9090911145
1,3743,0.9090911145
1,3744,0.9090911145
1,3745,0.9090911145
1,3746,0.9090911145
1,3747,0.9090911145
1,3748,0.9090911145
1,3749,0.9090911145
1,3750,0.9090911145
1,3751,0.9090911145
1,3752,0.9090911145
1,3753,0.9090911145
1,3754,0.9090911145
1,3755,0.9090911145
1,3756,0.9090911145
1,3757,0.9090911145
1,3758,0.9090911145
1,3759,0.9090911145
1,3760,0.9090911145
1,3761,0.9090911145
1,3762,0.9090911145
1,3763,0.9090911145
1,3764,0.9090911145
1,3765,0.9090911145
1,3766,0.9090911145
1,3767,0.9090911145
1,3768,0.9090911145
1,3769,0.9090911145
1,3770,0.9090911145
1,3771,0.9090911145
1,3772,0.9090911145
1,3773,0.9090911145
1,3774,0.9090911145
1,3775,0.9090911145
1,3776,0.9090911145
1,3777,0.9090911145
1,3778,0.9090911145
1,3779,0.9090911145
1,3780,0.9090911145
1,3781,0.9090911145
1,3782,0.9090911145
1,3783,0.9090911145
1,3784,0.9090911145
1,3785,0.9090911145
1,3786,0.9090911145
1,3787,0.9090911145
1,3788,0.9090911145
1,3789,0.9090911145
1,3790,0.9090911145
1,3791,0.9090911145
1,3792,0.9090911145
1,3793,0.9090911145
1,3794,0.9090911145
1,3795,0.9090911145
1,3796,0.9090911145
1,3797,0.9090911145
1,3798,0.9090911145
1,3799,0.9090911145
1,3800,0.9090911145
1,3801,0.9090911145
1,3802,0.9090911145
1,3803,0.9090911145
1,3804,0.9090911145
1,3805,0.9090911145
1,3806,0.9090911145
1,3807,0.9090911145
1,3808,0.9090911145
1,3809,0.9090911145
1,3810,0.9090911145
1,3811,0.9090911145
1,3812,0.9090911145
1,3813,0.9090911145
1,3814,0.9090911145
1,3815,0.9090911145
1,3816,0.9090911145
1,3817,0.9090911145
1,3818,0.9090911145
1,3819,0.9090911145
1,3820,0.9090911145
1,3821,0.9090911145
1,3822,0.9090911145
1,3823,0.9090911145
1,3824,0.9090911145
1,3825,0.9090911145
1,3826,0.9090911145
1,3827,0.9090911145
1,3828,0.9090911145
1,3829,0.9090911145
1,3830,0.9090911145
1,3831,0.9090911145
1,3832,0.9090911145
1,3833,0.9090911145
1,3834,0.9090911145
1,3835,0.9090911145
1,3836,0.9090911145
1,3837,0.9090911145
1,3838,0.9090911145
1,3839,0.9090911145
1,3840,0.9090911145
1,3841,0.9090911145
1,3842,0.9090911145
1,3843,0.9090911145
1,3844,0.9090911145
1,3845,0.9090911145
1,3846,0.9090911145
1,3847,0.9090911145
1,3848,0.9090911145
1,3849,0.9090911145
1,3850,0.9090911145
1,3851,0.9090911145
1,3852,0.9090911145
1,3853,0.9090911145
1,3854,0.9090911145
1,3855,0.9090911145
1,3856,0.9090911145
1,3857,0.9090911145
1,3858,0.9090911145
1,3859,0.9090911145
1,3860,0.9090911145
1,3861,0.9090911145
1,3862,0.9090911145
1,3863,0.9090911145
1,3864,0.9090911145
1,3865,0.9090911145
1,3866,0.9090911145
1,3867,0.9090911145
1,3868,0.9090911145
1,3869,0.9090911145
1,3870,0.9090911145
1,3871,0.9090911145
1,3872,0.9090911145
1,3873,0.9090911145
1,3874,0.9090911145
1,3875,0.9090911145
1,3876,0.9090911145
1,3877,0.9090911145
1,3878,0.9090911145
1,3879,0.9090911145
1,3880,0.9090911145
1,3881,0.9090911145
1,3882,0.9090911145
1,3883,0.9090911145
1,3884,0.9090911145
1,3885,0.9090911145
1,3886,0.9090911145
1,3887,0.9090911145
1,3888,0.9090911145
1,3889,0.9090911145
1,3890,0.9090911145
1,3891,0.9090911145
1,3892,0.9090911145
1,3893,0.9090911145
1,3894,0.9090911145
1,3895,0.9090911145
1,3896,0.9090911145
1,3897,0.9090911145
1,3898,0.9090911145
1,3899,0.9090911145
1,3900,0.9090911145
1,3901,0.9090911145
1,3902,0.9090911145
1,3903,0.9090911145
1,3904,0.9090911145
1,3905,0.9090911145
1,3906,0.9090911145
1,3907,0.9090911145
1,3908,0.9090911145
1,3909,0.9090911145
1,3910,0.9090911145
1,3911,0.9090911145
1,3912,0.9090911145
1,3913,0.9090911145
1,3914,0.9090911145
1,3915,0.9090911145
1,3916,0.9090911145
1,3917,0.9090911145
1,3918,0.9090911145
1,3919,0.9090911145
1,3920,0.9090911145
1,3921,0.9090911145
1,3922,0.9090911145
1,3923,0.9090911145
1,3924,0.9090911145
1,3925,0.9090911145
1,3926,0.9090911145
1,3927,0.9090911145
1,3928,0.9090911145
1,3929,0.9090911145
1,3930,0.9090911145
1,3931,0.9090911145
1,3932,0.9090911145
1,3933,0.9090911145
1,3934,0.9090911145
1,3935,0.9090911145
1,3936,0.9090911145
1,3937,0.9090911145
1,3938,0.9090911145
1,3939,0.9090911145
1,3940,0.9090911145
1,3941,0.9090911145
1,3942,0.9090911145
1,3943,0.9090911145
1,3944,0.9090911145
1,3945,0.9090911145
1,3946,0.9090911145
1,3947,0.9090911145
1,3948,0.9090911145
1,3949,0.9090911145
1,3950,0.9090911145
1,3951,0.9090911145
1,3952,0.9090911145
1,3953,0.9090911145
1,3954,0.9090911145
1,3955,0.9090911145
1,3956,0.9090911145
1,3957,0.9090911145
1,3958,0.9090911145
1,3959,0.9090911145
1,3960,0.9090911145
1,3961,0.9090911145
1,3962,0.9090911145
1,3963,0.9090911145
1,3964,0.9090911145
1,3965,0.9090911145
1,3966,0.9090911145
1,3967,0.9090911145
1,3968,0.9090911145
1,3969,0.9090911145
1,3970,0.9090911145
1,3971,0.9090911145
1,3972,0.9090911145
1,3973,0.9090911145
1,3974,0.9090911145
1,3975,0.9090911145
1,3976,0.9090911145
1,3977,0.9090911145
1,3978,0.9090911145
1,3979,0.9090911145
1,3980,0.9090911145
1,3981,0.9090911145
1,3982,0.9090911145
1,3983,0.9090911145
1,3984,0.9090911145
1,3985,0.9090911145
1,3986,0.9090911145
1,3987,0.9090911145
1,3988,0.9090911145
1,3989,0.9090911145
1,3990,0.9090911145
1,3991,0.9090911145
1,3992,0.9090911145
1,3993,0.9090911145
1,3994,0.9090911145
1,3995,0.9090911145
1,3996,0.9090911145
1,3997,0.9090911145
1,3998,0.9090911145
1,3999,0.9090911145
1,4000,0.9090911145
1,4001,0.9090911145
1,4002,0.9090911145
1,4003,0.9090911145
1,4004,0.9090911145
1,4005,0.9090911145
1,4006,0.9090911145
1,4007,0.9090911145
1,4008,0.9090911145
1,4009,0.9090911145
1,4010,0.9090911145
1,4011,0.9090911145
1,4012,0.9090911145
1,4013,0.9090911145
1,4014,0.9090911145
1,4015,0.9090911145
1,4016,0.9090911145
1,4017,0.9090911145
1,4018,0.9090911145
1,4019,0.9090911145
1,4020,0.9090911145
1,4021,0.9090911145
1,4022,0.9090911145
1,4023,0.9090911145
1,4024,0.9090911145
1,4025,0.9090911145
1,4026,0.9090911145
1,4027,0.9090911145
1,4028,0.9090911145
1,4029,0.9090911145
1,4030,0.9090911145
1,4031,0.9090911145
1,4032,0.9090911145
1,4033,0.9090911145
1,4034,0.9090911145
1,4035,0.9090911145
1,4036,0.9090911145
1,4037,0.9090911145
1,4038,0.9090911145
1,4039,0.9090911145
1,4040,0.9090911145
1,4041,0.9090911145
1,4042,0.9090911145
1,4043,0.9090911145
1,4044,0.9090911145
1,4045,0.9090911145
1,4046,0.9090911145
1,4047,0.9090911145
1,4048,0.9090911145
1,4049,0.9090911145
1,4050,0.9090911145
1,4051,0.9090911145
1,4052,0.9090911145
1,4053,0.9090911145
1,4054,0.9090911145
1,4055,0.9090911145
1,4056,0.9090911145
1,4057,0.9090911145
1,4058,0.9090911145
1,4059,0.9090911145
1,4060,0.9090911145
1,4061,0.9090911145
1,4062,0.9090911145
1,4063,0.9090911145
1,4064,0.9090911145
1,4065,0.9090911145
1,4066,0.9090911145
1,4067,0.9090911145
1,4068,0.9090911145
1,4069,0.9090911145
1,4070,0.9090911145
1,4071,0.9090911145
1,4072,0.9090911145
1,4073,0.9090911145
1,4074,0.9090911145
1,4075,0.9090911145
1,4076,0.9090911145
1,4077,0.9090911145
1,4078,0.9090911145
1,4079,0.9090911145
1,4080,0.9090911145
1,4081,0.9090911145
1,4082,0.9090911145
1,4083,0.9090911145
1,4084,0.9090911145
1,4085,0.9090911145
1,4086,0.9090911145
1,4087,0.9090911145
1,4088,0.9090911145
1,4089,0.9090911145
1,4090,0.9090911145
1,4091,0.9090911145
1,4092,0.9090911145
1,4093,0.9090911145
1,4094,0.9090911145
1,4095,0.9090911145
1,4096,0.9090911145
1,4097,0.9090911145
1,4098,0.9090911145
1,4099,0.9090911145
1,4100,0.9090911145
1,4101,0.9090911145
1,4102,0.9090911145
1,4103,0.9090911145
1,4104,0.9090911145
1,4105,0.9090911145
1,4106,0.9090911145
1,4107,0.9090911145
1,4108,0.9090911145
1,4109,0.9090911145
1,4110,0.9090911145
1,4111,0.9090911145
1,4112,0.9090911145
1,4113,0.9090911145
1,4114,0.9090911145
1,4115,0.9090911145
1,4116,0.9090911145
1,4117,0.9090911145
1,4118,0.9090911145
1,4119,0.9090911145
1,4120,0.9090911145
1,4121,0.9090911145
1,4122,0.9090911145
1,4123,0.9090911145
1,4124,0.9090911145
1,4125,0.9090911145
1,4126,0.9090911145
1,4127,0.9090911145
1,4128,0.9090911145
1,4129,0.9090911145
1,4130,0.9090911145
1,4131,0.9090911145
1,4132,0.9090911145
1,4133,0.9090911145
1,4134,0.9090911145
1,4135,0.9090911145
1,4136,0.9090911145
1,4137,0.9090911145
1,4138,0.9090911145
1,4139,0.9090911145
1,4140,0.9090911145
1,4141,0.9090911145
1,4142,0.9090911145
1,4143,0.9090911145
1,4144,0.9090911145
1,4145,0.9090911145
1,4146,0.9090911145
1,4147,0.9090911145
1,4148,0.9090911145
1,4149,0.9090911145
1,4150,0.9090911145
1,4151,0.9090911145
1,4152,0.9090911145
1,4153,0.9090911145
1,4154,0.9090911145
1,4155,0.9090911145
1,4156,0.9090911145
1,4157,0.9090911145
1,4158,0.9090911145
1,4159,0.9090911145
1,4160,0.9090911145
1,4161,0.9090911145
1,4162,0.9090911145
1,4163,0.9090911145
1,4164,0.9090911145
1,4165,0.9090911145
1,4166,0.9090911145
1,4167,0.9090911145
1,4168,0.9090911145
1,4169,0.9090911145
1,4170,0.9090911145
1,4171,0.9090911145
1,4172,0.9090911145
1,4173,0.9090911145
1,4174,0.9090911145
1,4175,0.9090911145
1,4176,0.9090911145
1,4177,0.9090911145
1,4178,0.9090911145
1,4179,0.9090911145
1,4180,0.9090911145
1,4181,0.9090911145
1,4182,0.9090911145
1,4183,0.9090911145
1,4184,0.9090911145
1,4185,0.9090911145
1,4186,0.9090911145
1,4187,0.9090911145
1,4188,0.9090911145
1,4189,0.9090911145
1,4190,0.9090911145
1,4191,0.9090911145
1,4192,0.9090911145
1,4193,0.9090911145
1,4194,0.9090911145
1,4195,0.9090911145
1,4196,0.9090911145
1,4197,0.9090911145
1,4198,0.9090911145
1,4199,0.9090911145
2,0,15.54527272
2,1,4.831214622
2,2,18.4984621
2,3,6.869347069
2,4,12.25872165
2,5,9.999318219
2,6,5.90374195
2,7,11.30368156
2,8,14.74130301
2,9,5.319200454
2,10,15.27351169
2,11,13.31672853
2,12,21.51948538
2,13,5.81973193
2,14,16.05002047
2,15,8.251729591
2,16,8.137550953
2,17,9.617800489
2,18,14.34564121
2,19,10.19030338
2,20,18.09615652
2,21,5.68537746
2,22,14.45031634
2,23,13.7109854
2,24,16.6552495
2,25,13.7832461
2,26,12.48392979
2,27,11.30425307
2,28,6.737168373
2,29,17.39970774
2,30,8.662389771
2,31,14.15211338
2,32,3.272246399
2,33,8.735130182
2,34,9.422394093
2,35,18.48045175
2,36,27.55416442
2,37,11.51262505
2,38,12.78181476
2,39,18.70868148
2,40,14.25125215
2,41,8.954143594
2,42,14.79767863
2,43,18.36435563
2,44,12.25096629
2,45,9.714818856
2,46,7.234641736
2,47,27.65121782
2,48,7.285610753
2,49,19.40863365
2,50,13.86566534
2,51,13.28716616
2,52,7.238743459
2,53,20.64296654
2,54,9.784872735
2,55,16.96921572
2,56,4.281545019
2,57,19.64154294
2,58,8.244883316
2,59,6.929686984
2,60,9.320954351
2,61,10.57642244
2,62,6.265064426
2,63,14.97819225
2,64,8.760856642
2,65,10.07356905
2,66,12.64905226
2,67,16.68024218
2,68,19.81249748
2,69,10.32902513
2,70,13.6422074
2,71,17.71233613
2,72,7.242185267
2,73,11.17768792
2,74,15.26204456
2,75,7.383971929
2,76,13.55562462
2,77,6.969795534
2,78,8.830687415
2,79,6.572905385
2,80,21.06064104
2,81,9.045640813
2,82,17.42002697
2,83,15.22561639
2,84,17.14710496
2,85,11.61674212
2,86,5.53512809
2,87,9.161036089
2,88,9.025234782
2,89,13.88771415
2,90,20.11434717
2,91,8.694403286
2,92,9.769756182
2,93,10.658131
2,94,13.32733944
2,95,6.880522368
2,96,11.40832993
2,97,14.30063399
2,98,9.093413125
2,99,9.231338992
2,100,10.19010598
2,101,15.17708254
2,102,10.46214052
2,103,8.407213189
2,104,13.41466819
2,105,13.17417294
2,106,9.759354578
2,107,4.43031547
2,108,13.22497733
2,109,12.10818765
2,110,10.38664316
2,111,6.827484648
2,112,5.417731786
2,113,7.27079031
2,114,8.657542828
2,115,12.0613759
2,116,8.245140943
2,117,11.26135763
2,118,10.74937872
2,119,14.1388074
2,120,7.439024291
2,121,8.446172877
2,122,5.246379145
2,123,12.37655132
2,124,7.634506176
2,125,21.04202438
2,126,5.032965614
2,127,6.779934189
2,128,12.40081845
2,129,7.388171622
2,130,16.60103891
2,131,8.130193478
2,132,20.88494257
2,133,11.40292567
2,134,25.09555823
2,135,6.677764831
2,136,13.11832563
2,137,10.53233395
2,138,7.544095283
2,139,11.08931394
2,140,11.85583048
2,141,15.9187324
2,142,9.681622231
2,143,13.68695859
2,144,9.129989686
2,145,12.77156315
2,146,9.408339334
2,147,16.38065053
2,148,8.846823919
2,149,5.541270083
2,150,8.461263204
2,151,8.601914272
2,152,14.26183968
2,153,7.692939648
2,154,16.03754325
2,155,7.240376598
2,156,5.081783969
2,157,6.433776043
2,158,17.50545834
2,159,20.81341661
2,160,8.238013293
2,161,9.207233242
2,162,9.959219221
2,163,18.45266989
2,164,6.308199571
2,165,11.10697643
2,166,8.281013983
2,167,10.84860615
2,168,9.944520039
2,169,7.487944135
2,170,6.195321942
2,171,12.79478661
2,172,5.652492285
2,173,19.32945591
2,174,13.21577689
2,175,15.7365847
2,176,5.298868057
2,177,13.33737449
2,178,4.685316796
2,179,9.120517256
2,180,6.27344495
2,181,12.74994808
2,182,8.822297869
2,183,10.02868224
2,184,18.74433752
2,185,6.216413878
2,186,11.37548746
2,187,13.21565807
2,188,11.5890277
2,189,7.660867258
2,190,7.807705383
2,191,3.880913845
2,192,15.10677839
2,193,5.454261426
2,194,13.19638193
2,195,15.01313919
2,196,13.49028119
2,197,12.7058424
2,198,11.19107135
2,199,9.382592699
2,200,8.52864303
2,201,4.799943926
2,202,13.35267639
2,203,6.240112676
2,204,12.68032085
2,205,8.794404542
2,206,7.482834516
2,207,7.561838214
2,208,7.144709356
2,209,6.826185688
2,210,9.247863422
2,211,12.15721576
2,212,5.312159815
2,213,6.281595865
2,214,9.070847279
2,215,8.323908129
2,216,18.85596498
2,217,5.856568378
2,218,12.59453801
2,219,3.728813904
2,220,14.97540222
2,221,7.261976081
2,222,11.54744395
2,223,6.761421087
2,224,14.55237906
2,225,9.584350433
2,226,7.346560531
2,227,9.049680276
2,228,10.96835617
2,229,6.465722351
2,230,10.81756366
2,231,13.03851747
2,232,4.802160802
2,233,11.6023628
2,234,7.186512533
2,235,15.27544991
2,236,11.70590002
2,237,7.678610455
2,238,10.5857454
2,239,9.599265051
2,240,10.37269885
2,241,11.03518918
2,242,8.932482281
2,243,10.75095221
2,244,7.218352923
2,245,13.53963684
2,246,7.743090513
2,247,9.800315345
2,248,3.718449439
2,249,6.482324982
2,250,19.98338224
2,251,5.919578944
2,252,11.34279752
2,253,3.054806949
2,254,8.435535589
2,255,8.201915637
2,256,5.407048408
2,257,14.29896935
2,258,7.439645262
2,259,14.7271202
2,260,9.667736465
2,261,10.42473095
2,262,7.759525947
2,263,17.12991039
2,264,1.06305627
2,265,17.65633834
2,266,8.602414022
2,267,17.32338631
2,268,5.15587227
2,269,13.74770967
2,270,9.033614893
2,271,5.097375232
2,272,11.32081997
2,273,7.501595122
2,274,11.0262382
2,275,7.880675553
2,276,10.26235598
2,277,3.184784167
2,278,4.79808725
2,279,5.507444954
2,280,8.138094434
2,281,8.862974735
2,282,10.57971345
2,283,12.09757374
2,284,7.574102617
2,285,8.545221561
2,286,6.340959187
2,287,12.61256207
2,288,8.02027685
2,289,8.277023091
2,290,8.701263206
2,291,7.536527542
2,292,14.61892427
2,293,5.803172928
2,294,8.759311448
2,295,9.983975422
2,296,15.05402186
2,297,4.362778488
2,298,9.826349965
2,299,4.385706293
2,300,10.49042064
2,301,6.617429178
2,302,8.391162122
2,303,5.909513449
2,304,5.580288885
2,305,5.232076967
2,306,7.487936555
2,307,6.991053124
2,308,9.373575608
2,309,13.29186923
2,310,5.514359795
2,311,14.35328582
2,312,5.526882068
2,313,9.601876797
2,314,13.40209416
2,315,6.211511665
2,316,6.721839315
2,317,7.439048129
2,318,7.97667757
2,319,6.67763056
2,320,4.569128517
2,321,7.571662176
2,322,4.827207783
2,323,8.113031178
2,324,8.761828651
2,325,11.86943631
2,326,9.455199305
2,327,10.68663858
2,328,11.29029841
2,329,9.083748616
2,330,10.22731696
2,331,3.807602906
2,332,8.647511239
2,333,10.66758665
2,334,8.925571366
2,335,15.12220731
2,336,6.099378413
2,337,10.52617588
2,338,6.258834925
2,339,8.43452007
2,340,12.06675013
2,341,9.593455022
2,342,11.75751057
2,343,4.315138268
2,344,8.863830634
2,345,3.571581668
2,346,7.623576619
2,347,7.398511005
2,348,11.51759231
2,349,7.503743559
2,350,7.30050719
2,351,7.838111139
2,352,8.738406847
2,353,14.40101748
2,354,6.355865133
2,355,5.099958171
2,356,4.893030276
2,357,8.561646769
2,358,16.68146778
2,359,9.832669826
2,360,8.150580583
2,361,7.462354586
2,362,7.078560517
2,363,9.213051461
2,364,7.343321643
2,365,8.726582575
2,366,11.49249356
2,367,7.963583543
2,368,8.952165912
2,369,5.41184621
2,370,11.30081715
2,371,6.978070958
2,372,9.147733074
2,373,12.98761989
2,374,8.477238074
2,375,9.152351041
2,376,8.311434027
2,377,11.2342235
2,378,3.652904678
2,379,7.798026449
2,380,10.23961035
2,381,5.262743202
2,382,12.35456695
2,383,7.068407031
2,384,7.479743871
2,385,5.671440706
2,386,6.095458459
2,387,10.3506453
2,388,6.902744522
2,389,10.13236872
2,390,7.746929338
2,391,4.564032607
2,392,9.80933903
2,393,7.171861502
2,394,6.256848456
2,395,6.102756381
2,396,10.93370163
2,397,7.133577642
2,398,6.864301195
2,399,5.422343955
2,400,7.534759773
2,401,7.635638244
2,402,8.066004969
2,403,6.451531431
2,404,13.40492291
2,405,4.802160802
2,406,12.09223417
2,407,7.113012588
2,408,12.05776882
2,409,4.915347801
2,410,6.154558779
2,411,5.494167203
2,412,11.42759608
2,413,2.614130602
2,414,4.78886555
2,415,13.6609807
2,416,5.368564983
2,417,11.38074147
2,418,11.03134764
2,419,11.57087947
2,420,8.263593213
2,421,8.242103844
2,422,5.697582586
2,423,9.131716697
2,424,9.285532352
2,425,10.32057411
2,426,5.274461005
2,427,10.38385402
2,428,3.552529673
2,429,8.31378738
2,430,2.292507442
2,431,7.424893188
2,432,4.907049871
2,433,9.100820355
2,434,13.01172079
2,435,7.708905452
2,436,2.597429393
2,437,3.31972214
2,438,6.885737296
2,439,6.669795008
2,440,6.570733526
2,441,10.58584237
2,442,6.985798686
2,443,11.33859024
2,444,6.029297534
2,445,5.103184155
2,446,8.069270064
2,447,3.122061698
2,448,12.30312936
2,449,5.200323013
2,450,7.020008054
2,451,6.412272369
2,452,7.401784768
2,453,7.649446183
2,454,10.87229641
2,455,7.493399967
2,456,10.27194142
2,457,8.478969541
2,458,6.752465091
2,459,15.85103908
2,460,8.780957716
2,461,9.158364314
2,462,6.233557739
2,463,8.276648431
2,464,6.373063262
2,465,7.209248724
2,466,9.40094672
2,467,11.71245748
2,468,5.033299519
2,469,10.22845398
2,470,12.62222443
2,471,3.273107734
2,472,7.085884239
2,473,5.978853415
2,474,11.40420948
2,475,6.700206417
2,476,8.221415101
2,477,11.72111018
2,478,2.600903764
2,479,8.690462936
2,480,10.02332262
2,481,6.033179804
2,482,13.79217503
2,483,5.087954563
2,484,12.69672646
2,485,9.616161903
2,486,5.712841147
2,487,5.176659304
2,488,5.744043359
2,489,9.923099716
2,490,4.961110554
2,491,9.667761577
2,492,13.89631149
2,493,6.480313635
2,494,4.77336628
2,495,12.07747899
2,496,6.131054951
2,497,6.561865092
2,498,6.781127394
2,499,8.661530902
2,500,7.004010484
2,501,9.185400415
2,502,9.577006422
2,503,9.970265461
2,504,9.196184936
2,505,6.422458686
2,506,6.814268539
2,507,5.256810229
2,508,9.106144336
2,509,4.107271523
2,510,9.982028468
2,511,5.610004477
2,512,1.849553239
2,513,6.057986024
2,514,10.00541041
2,515,6.450158859
2,516,2.02502041
2,517,6.935346783
2,518,9.861312514
2,519,6.180577398
2,520,6.246632222
2,521,6.876741913
2,522,4.524113746
2,523,7.707913935
2,524,7.170002186
2,525,8.339954748
2,526,7.600685446
2,527,7.166061781
2,528,5.763377996
2,529,4.587840442
2,530,6.619755989
2,531,5.081554514
2,532,8.494047029
2,533,14.48228526
2,534,8.173621134
2,535,5.098213641
2,536,8.371534866
2,537,4.745138528
2,538,5.053041211
2,539,3.629249699
2,540,6.853687363
2,541,6.969270637
2,542,6.88932377
2,543,5.744256202
2,544,8.262540258
2,545,4.468915061
2,546,14.89232853
2,547,13.08462807
2,548,6.506476466
2,549,7.46720146
2,550,10.72505418
2,551,9.820439845
2,552,3.796131487
2,553,3.789393363
2,554,1.467653435
2,555,4.281501718
2,556,6.628231115
2,557,4.766002409
2,558,7.867507959
2,559,6.276784063
2,560,6.046333217
2,561,8.573952851
2,562,5.339559709
2,563,5.690367442
2,564,6.212712783
2,565,2.61245793
2,566,5.195628383
2,567,3.633709767
2,568,5.020437389
2,569,7.615074991
2,570,4.170282089
2,571,6.347051622
2,572,5.504916284
2,573,10.16355776
2,574,5.396646843
2,575,1.467653435
2,576,6.935346783
2,577,11.37997851
2,578,12.9504971
2,579,5.018907131
2,580,3.641960195
2,581,7.063689881
2,582,11.20963158
2,583,7.03133712
2,584,5.55662541
2,585,4.529448245
2,586,6.407020043
2,587,2.416513788
2,588,1.08057851
2,589,8.324893895
2,590,7.354666245
2,591,4.407593293
2,592,10.95574213
2,593,5.727456337
2,594,4.833890076
2,595,6.381225681
2,596,3.717019837
2,597,9.548883737
2,598,4.404729203
2,599,3.502950424
2,600,6.808850931
2,601,6.727158261
2,602,7.913581819
2,603,11.09925935
2,604,7.699628574
2,605,7.865276352
2,606,3.292681926
2,607,4.716306766
2,608,11.84808568
2,609,5.256224458
2,610,9.869545121
2,611,8.520581069
2,612,4.699388986
2,613,3.941537663
2,614,14.78782317
2,615,7.0967601
2,616,6.952942492
2,617,5.197684517
2,618,6.350136983
2,619,9.5589322
2,620,3.366043209
2,621,5.442182466
2,622,6.985963246
2,623,4.967792847
2,624,7.122419907
2,625,9.243160351
2,626,6.521259661
2,627,10.2716423
2,628,4.48072651
2,629,9.134531367
2,630,3.928251072
2,631,6.136042022
2,632,3.652904678
2,633,5.674448
2,634,5.690815591
2,635,2.800518426
2,636,5.323269985
2,637,3.864378185
2,638,6.527262998
2,639,4.995926311
2,640,9.589720144
2,641,3.755863916
2,642,11.54983117
2,643,6.056494591
2,644,6.999394935
2,645,5.368185332
2,646,4.029395167
2,647,4.470718046
2,648,6.905865028
2,649,6.639605941
2,650,10.10726663
2,651,4.048898487
2,652,5.04816498
2,653,8.112241899
2,654,3.5757452
2,655,11.12444436
2,656,3.592284327
2,657,6.882798556
2,658,6.058113017
2,659,7.061959751
2,660,3.637326163
2,661,4.238669527
2,662,8.471269901
2,663,7.991810264
2,664,6.509206949
2,665,8.583199876
2,666,6.652357196
2,667,6.73720775
2,668,7.949509041
2,669,1.917173405
2,670,1.467653435
2,671,9.890435764
2,672,4.575237232
2,673,6.435479561
2,674,4.6488185
2,675,5.206743486
2,676,3.862760852
2,677,3.199728711
2,678,8.524417409
2,679,10.57482719
2,680,5.242174705
2,681,7.13969683
2,682,5.842535633
2,683,5.482805475
2,684,6.857516086
2,685,5.006141725
2,686,8.247185905
2,687,6.132594383
2,688,4.395507503
2,689,3.448556663
2,690,6.223522697
2,691,8.257926183
2,692,5.661333601
2,693,7.831967966
2,694,5.34724753
2,695,8.684150527
2,696,10.06053515
2,697,5.538874043
2,698,9.175153754
2,699,4.949999071
2,700,4.140111622
2,701,5.092669617
2,702,5.483276548
2,703,1.854530824
2,704,3.663739777
2,705,5.758162045
2,706,7.171734324
2,707,5.591966372
2,708,5.682646977
2,709,0.9075170835
2,710,4.785366181
2,711,8.557806943
2,712,2.902763587
2,713,4.320084354
2,714,7.783861622
2,715,7.195488393
2,716,5.7718952
2,717,4.071474043
2,718,2.088214766
2,719,3.530396021
2,720,4.012660199
2,721,1.23694941
2,722,1.23694941
2,723,7.425860481
2,724,6.361663236
2,725,3.230039345
2,726,6.498879638
2,727,4.631851743
2,728,3.717019837
2,729,4.606977171
2,730,3.982773437
2,731,0.9075170835
2,732,3.187593351
2,733,5.57894956
2,734,5.261918059
2,735,6.499356339
2,736,5.063016687
2,737,4.47386178
2,738,6.2795968
2,739,3.641960195
2,740,8.509086163
2,741,6.652424436
2,742,7.506068762
2,743,7.402615911
2,744,7.575419978
2,745,5.476042844
2,746,5.748388027
2,747,6.718762821
2,748,8.581827742
2,749,6.462592425
2,750,1.517232684
2,751,4.932885068
2,752,4.224365658
2,753,4.764359964
2,754,5.132985802
2,755,5.024038373
2,756,5.061344016
2,757,2.263681936
2,758,4.075557014
2,759,2.944388104
2,760,5.342000151
2,761,5.810670865
2,762,5.985200052
2,763,7.225156008
2,764,4.41080551
2,765,5.429654947
2,766,3.651232007
2,767,4.329378462
2,768,4.214052107
2,769,4.934414823
2,770,2.292507442
2,771,4.181297269
2,772,8.248542118
2,773,6.057675928
2,774,5.616425383
2,775,2.198702094
2,776,4.401902977
2,777,3.03431903
2,778,5.273673741
2,779,5.793583243
2,780,6.414254699
2,781,2.416513788
2,782,6.549309073
2,783,5.135288468
2,784,4.210271652
2,785,3.81721591
2,786,5.041344965
2,787,3.761705217
2,788,1.862780077
2,789,4.507806749
2,790,3.225395175
2,791,4.380012692
2,792,4.654313911
2,793,4.895182335
2,794,3.717161097
2,795,8.632081329
2,796,4.205159947
2,797,4.436501669
2,798,4.451785665
2,799,1.854530824
2,800,3.168456621
2,801,5.591922467
2,802,2.380355395
2,803,1.08057851
2,804,1
2,805,1.405010854
2,806,1.017935929
2,807,1.017935929
2,808,4.915582381
2,809,6.281873941
2,810,8.596482577
2,811,5.032965614
2,812,5.294547535
2,813,3.953663531
2,814,1.579875265
2,815,2.897646521
2,816,4.527730143
2,817,3.841112279
2,818,1.08057851
2,819,7.010232276
2,820,6.343122447
2,821,4.802321341
2,822,3.642931466
2,823,6.37086165
2,824,4.73191169
2,825,4.113483085
2,826,3.481074222
2,827,3.115875499
2,828,3.858774939
2,829,3.731777299
2,830,3.478543372
2,831,3.987799711
2,832,1.898077134
2,833,5.558989955
2,834,6.858884252
2,835,4.924671506
2,836,2.261758364
2,837,3.505535533
2,838,2.119446015
2,839,2.56841589
2,840,1.017935929
2,841,4.43031547
2,842,6.001474132
2,843,5.351630745
2,844,6.912345859
2,845,2.68063772
2,846,1.253108752
2,847,4.047169984
2,848,0.9075170835
2,849,3.019738845
2,850,3.657790998
2,851,6.711337476
2,852,4.026308684
2,853,2.204366676
2,854,4.434559653
2,855,3.270441921
2,856,3.972855167
2,857,3.468067056
2,858,2.675981276
2,859,3.098353259
2,860,1.849553239
2,861,2.717464533
2,862,2.119446015
2,863,0.9075170835
2,864,3.945764263
2,865,5.065044167
2,866,7.333517869
2,867,4.446684557
2,868,3.410631025
2,869,4.999671311
2,870,2.717508808
2,871,1.882358519
2,872,3.791160973
2,873,6.597322085
2,874,3.707334337
2,875,4.996040131
2,876,3.809315023
2,877,2.121020046
2,878,1.405010854
2,879,5.261125869
2,880,4.088076611
2,881,3.649248681
2,882,5.005388103
2,883,6.235682937
2,884,6.065937022
2,885,2.616939786
2,886,3.420176976
2,887,6.381785753
2,888,2.417226484
2,889,2.736560804
2,890,1.08057851
2,891,2.456087031
2,892,2.863628083
2,893,2.465037684
2,894,2.026732527
2,895,4.095845441
2,896,3.928251072
2,897,5.03953366
2,898,6.091249212
2,899,2.495405405
2,900,3.574210614
2,901,4.31013557
2,902,1.06305627
2,903,3.327180133
2,904,2.107793208
2,905,0.9075170835
2,906,2.56841589
2,907,1.017935929
2,908,3.856607892
2,909,3.739615841
2,910,2.660485663
2,911,7.0788436
2,912,4.346081806
2,913,4.265848846
2,914,5.218495924
2,915,5.273673741
2,916,4.046692063
2,917,5.215552605
2,918,1.253108752
2,919,1.216950359
2,920,1.467653435
2,921,3.648993053
2,922,3.522137932
2,923,9.901913618
2,924,6.028238646
2,925,2.375469075
2,926,3.621961145
2,927,3.813201131
2,928,2.772719197
2,929,4.034260553
2,930,1.517232684
2,931,1.216950359
2,932,3.300217059
2,933,8.443191764
2,934,7.424680277
2,935,3.430140985
2,936,3.86906313
2,937,4.892931567
2,938,2.292507442
2,939,1.08057851
2,940,1.08057851
2,941,2.863628083
2,942,3.479744611
2,943,3.094287451
2,944,4.198373473
2,945,2.416513788
2,946,3.035296989
2,947,0.9075170835
2,948,1.708814921
2,949,5.404149382
2,950,2.163405036
2,951,5.336969452
2,952,4.06199007
2,953,4.421272076
2,954,6.230156646
2,955,2.416513788
2,956,3.619191406
2,957,6.115081193
2,958,4.253411687
2,959,0.9090911145
2,960,3.31972214
2,961,3.56148065
2,962,4.341366819
2,963,0.9075170835
2,964,1.708814921
2,965,1.405010854
2,966,6.797030571
2,967,3.238288598
2,968,2.495405405
2,969,1.405010854
2,970,2.243682886
2,971,3.363681161
2,972,4.452549274
2,973,2.465037684
2,974,2.415652453
2,975,3.312185247
2,976,3.325606102
2,977,1.862780077
2,978,3.587437452
2,979,3.626931658
2,980,2.866033758
2,981,4.766726576
2,982,5.60643317
2,983,3.616746285
2,984,3.425009836
2,985,4.326652989
2,986,1
2,987,1.405010854
2,988,1.017935929
2,989,2.39344445
2,990,3.451960218
2,991,3.353653026
2,992,2.543965211
2,993,3.943943339
2,994,3.51402816
2,995,2.664058758
2,996,2.902763587
2,997,1.690834655
2,998,3.473417152
2,999,1.875987758
2,1000,2.849255163
2,1001,3.98128459
2,1002,5.565293931
2,1003,1.061482239
2,1004,1.061482239
2,1005,2.876285766
2,1006,2.226461306
2,1007,2.036323675
2,1008,1.898077134
2,1009,2.088214766
2,1010,2.226461306
2,1011,4.300447538
2,1012,4.41530975
2,1013,1.849553239
2,1014,2.088214766
2,1015,1.061482239
2,1016,1.061482239
2,1017,1.061482239
2,1018,2.163405036
2,1019,2.044668456
2,1020,2.465037684
2,1021,1
2,1022,1.405010854
2,1023,1.017935929
2,1024,4.993485112
2,1025,3.832983949
2,1026,3.869894483
2,1027,3.473760657
2,1028,2.597429393
2,1029,2.603712948
2,1030,4.263776083
2,1031,2.926684352
2,1032,1.06305627
2,1033,3.933970196
2,1034,3.809358325
2,1035,0.9090911145
2,1036,2.506520508
2,1037,3.060993148
2,1038,1.253108752
2,1039,1.216950359
2,1040,2.107311037
2,1041,3.11744953
2,1042,4.322337823
2,1043,3.69265551
2,1044,3.425009836
2,1045,2.22986486
2,1046,1.854530824
2,1047,1.253108752
2,1048,1
2,1049,2.026732527
2,1050,3.238622013
2,1051,1.40220167
2,1052,1.40220167
2,1053,3.5757452
2,1054,2.780519375
2,1055,1.017935929
2,1056,1.017935929
2,1057,1.854530824
2,1058,1.517232684
2,1059,2.850538146
2,1060,1.06305627
2,1061,2.438564791
2,1062,4.690287241
2,1063,3.495506528
2,1064,1.061482239
2,1065,3.213384273
2,1066,1.253108752
2,1067,1.216950359
2,1068,1.467653435
2,1069,1
2,1070,1.40220167
2,1071,5.467613853
2,1072,2.375508521
2,1073,2.944388104
2,1074,0.9075170835
2,1075,3.716832107
2,1076,4.402027049
2,1077,3.851721572
2,1078,3.869855037
2,1079,3.575784645
2,1080,5.302981417
2,1081,3.925765212
2,1082,1.08057851
2,1083,1.08057851
2,1084,2.107311037
2,1085,3.739615841
2,1086,1.875987758
2,1087,1.875987758
2,1088,1.875987758
2,1089,1.875987758
2,1090,1.875987758
2,1091,1.216950359
2,1092,2.273484532
2,1093,2.056067097
2,1094,2.056067097
2,1095,2.056067097
2,1096,2.056067097
2,1097,2.056067097
2,1098,3.035296989
2,1099,2.072496151
2,1100,0.9090911145
2,1101,1.744111979
2,1102,1.93424961
2,1103,3.045763555
2,1104,3.508939087
2,1105,2.416513788
2,1106,3.601422004
2,1107,3.478543372
2,1108,3.014532306
2,1109,2.036323675
2,1110,1.898077134
2,1111,1.061482239
2,1112,2.43699076
2,1113,1.061482239
2,1114,1.061482239
2,1115,1.061482239
2,1116,3.814256113
2,1117,5.569214919
2,1118,4.13909421
2,1119,1.467653435
2,1120,2.273484532
2,1121,1
2,1122,1.405010854
2,1123,1.017935929
2,1124,1.017935929
2,1125,1.017935929
2,1126,1.017935929
2,1127,1.017935929
2,1128,2.829875365
2,1129,1.467653435
2,1130,2.273484532
2,1131,3.069616088
2,1132,6.25750217
2,1133,4.966637785
2,1134,2.68063772
2,1135,1.517232684
2,1136,1.517232684
2,1137,1.517232684
2,1138,1.517232684
2,1139,2.465037684
2,1140,1.216950359
2,1141,1
2,1142,1.253108752
2,1143,1
2,1144,1.405010854
2,1145,1.253108752
2,1146,1.216950359
2,1147,2.666355529
2,1148,2.654408263
2,1149,4.599175531
2,1150,4.290816944
2,1151,3.828893397
2,1152,1.85112727
2,1153,2.036323675
2,1154,1.898077134
2,1155,1.061482239
2,1156,2.088214766
2,1157,2.226461306
2,1158,2.675981276
2,1159,3.143634711
2,1160,3.899951757
2,1161,1.898077134
2,1162,1.061482239
2,1163,2.088214766
2,1164,1.06305627
2,1165,1.06305627
2,1166,1.06305627
2,1167,1.85112727
2,1168,1.06305627
2,1169,1.06305627
2,1170,2.261758364
2,1171,1.061482239
2,1172,3.22506176
2,1173,1.061482239
2,1174,1.061482239
2,1175,2.889512604
2,1176,3.629155415
2,1177,1.08057851
2,1178,1.08057851
2,1179,1.08057851
2,1180,1.08057851
2,1181,4.142608026
2,1182,2.743280301
2,1183,1.579875265
2,1184,2.778577359
2,1185,4.212478077
2,1186,1.862780077
2,1187,2.211928932
2,1188,1
2,1189,0.9090911145
2,1190,0.9090911145
2,1191,0.9090911145
2,1192,0.9090911145
2,1193,2.107793208
2,1194,0.9075170835
2,1195,0.9075170835
2,1196,0.9075170835
2,1197,1.708814921
2,1198,3.035691249
2,1199,1.06305627
2,1200,1.06305627
2,1201,1.06305627
2,1202,1.06305627
2,1203,2.036323675
2,1204,1.898077134
2,1205,1.061482239
2,1206,2.088214766
2,1207,1.061482239
2,1208,1.849553239
2,1209,1.061482239
2,1210,1.061482239
2,1211,2.889512604
2,1212,3.629155415
2,1213,1.467653435
2,1214,1
2,1215,1.875987758
2,1216,1.875987758
2,1217,2.849255163
2,1218,2.999532856
2,1219,1.23694941
2,1220,2.073544305
2,1221,1.23694941
2,1222,2.073544305
2,1223,2.211928932
2,1224,1.216950359
2,1225,1.467653435
2,1226,1
2,1227,1.216950359
2,1228,1.467653435
2,1229,2.026732527
2,1230,2.093405193
2,1231,1.690834655
2,1232,3.288593471
2,1233,1.216950359
2,1234,1
2,1235,1.253108752
2,1236,1.06305627
2,1237,1.06305627
2,1238,1.06305627
2,1239,1.06305627
2,1240,1.06305627
2,1241,1.06305627
2,1242,1.06305627
2,1243,2.036323675
2,1244,1.898077134
2,1245,1.061482239
2,1246,1.061482239
2,1247,1.061482239
2,1248,1.061482239
2,1249,1.061482239
2,1250,1.061482239
2,1251,1.061482239
2,1252,1.061482239
2,1253,2.088214766
2,1254,1.061482239
2,1255,1.061482239
2,1256,1.061482239
2,1257,1.061482239
2,1258,1.061482239
2,1259,1.061482239
2,1260,1.061482239
2,1261,1.061482239
2,1262,1.862780077
2,1263,1.898077134
2,1264,1.061482239
2,1265,1.061482239
2,1266,2.163405036
2,1267,2.981777467
2,1268,1.08057851
2,1269,1.08057851
2,1270,1.08057851
2,1271,1.08057851
2,1272,1.08057851
2,1273,1.08057851
2,1274,1.08057851
2,1275,1.08057851
2,1276,1.08057851
2,1277,1.08057851
2,1278,1.08057851
2,1279,1.08057851
2,1280,1.08057851
2,1281,1.467653435
2,1282,1
2,1283,0.9090911145
2,1284,2.107793208
2,1285,0.9075170835
2,1286,1.93424961
2,1287,0.9075170835
2,1288,0.9075170835
2,1289,0.9075170835
2,1290,0.9075170835
2,1291,0.9075170835
2,1292,0.9075170835
2,1293,1.708814921
2,1294,1.253108752
2,1295,1
2,1296,1.216950359
2,1297,1
2,1298,1.216950359
2,1299,1
2,1300,1
2,1301,1
2,1302,1.216950359
2,1303,1.467653435
2,1304,1
2,1305,1.405010854
2,1306,1.253108752
2,1307,1.216950359
2,1308,1
2,1309,0.9090911145
2,1310,0.9090911145
2,1311,1.882358519
2,1312,1.744111979
2,1313,0.9075170835
2,1314,0.9075170835
2,1315,0.9075170835
2,1316,0.9075170835
2,1317,3.084323442
2,1318,1.405010854
2,1319,1.253108752
2,1320,1
2,1321,1
2,1322,1
2,1323,0.9090911145
2,1324,0.9090911145
2,1325,0.9090911145
2,1326,0.9090911145
2,1327,0.9090911145
2,1328,0.9090911145
2,1329,0.9090911145
2,1330,0.9090911145
2,1331,0.9090911145
2,1332,0.9090911145
2,1333,0.9090911145
2,1334,0.9090911145
2,1335,0.9090911145
2,1336,0.9090911145
2,1337,0.9090911145
2,1338,0.9090911145
2,1339,0.9090911145
2,1340,0.9090911145
2,1341,0.9090911145
2,1342,0.9090911145
2,1343,0.9090911145
2,1344,0.9090911145
2,1345,0.9090911145
2,1346,0.9090911145
2,1347,0.9090911145
2,1348,0.9090911145
2,1349,0.9090911145
2,1350,0.9090911145
2,1351,0.9090911145
2,1352,0.9090911145
2,1353,0.9090911145
2,1354,0.9090911145
2,1355,0.9090911145
2,1356,0.9090911145
2,1357,0.9090911145
2,1358,2.691673611
2,1359,2.121020046
2,1360,0.9090911145
2,1361,0.9090911145
2,1362,0.9090911145
2,1363,0.9090911145
2,1364,0.9090911145
2,1365,0.9090911145
2,1366,0.9090911145
2,1367,0.9090911145
2,1368,0.9090911145
2,1369,0.9090911145
2,1370,0.9090911145
2,1371,0.9090911145
2,1372,0.9090911145
2,1373,1.882358519
2,1374,1.744111979
2,1375,0.9075170835
2,1376,0.9075170835
2,1377,0.9075170835
2,1378,0.9075170835
2,1379,0.9075170835
2,1380,0.9075170835
2,1381,0.9075170835
2,1382,0.9075170835
2,1383,0.9075170835
2,1384,0.9075170835
2,1385,0.9075170835
2,1386,0.9075170835
2,1387,0.9075170835
2,1388,0.9075170835
2,1389,0.9075170835
2,1390,0.9075170835
2,1391,0.9075170835
2,1392,0.9075170835
2,1393,0.9075170835
2,1394,0.9075170835
2,1395,0.9075170835
2,1396,0.9075170835
2,1397,0.9075170835
2,1398,0.9075170835
2,1399,0.9075170835
2,1400,0.9075170835
2,1401,0.9075170835
2,1402,0.9075170835
2,1403,0.9075170835
2,1404,0.9075170835
2,1405,0.9075170835
2,1406,0.9075170835
2,1407,0.9075170835
2,1408,0.9075170835
2,1409,0.9075170835
2,1410,0.9075170835
2,1411,0.9075170835
2,1412,0.9075170835
2,1413,0.9075170835
2,1414,0.9075170835
2,1415,0.9075170835
2,1416,0.9075170835
2,1417,0.9075170835
2,1418,0.9075170835
2,1419,0.9075170835
2,1420,0.9075170835
2,1421,0.9075170835
2,1422,0.9075170835
2,1423,0.9075170835
2,1424,0.9075170835
2,1425,0.9075170835
2,1426,0.9075170835
2,1427,0.9075170835
2,1428,0.9075170835
2,1429,0.9075170835
2,1430,0.9075170835
2,1431,0.9075170835
2,1432,2.56841589
2,1433,1.017935929
2,1434,1.017935929
2,1435,1.017935929
2,1436,1.017935929
2,1437,1.017935929
2,1438,1.017935929
2,1439,1.017935929
2,1440,1.017935929
2,1441,1.017935929
2,1442,1.017935929
2,1443,2.044668456
2,1444,1.017935929
2,1445,1.017935929
2,1446,1.017935929
2,1447,1.017935929
2,1448,1.017935929
2,1449,1.017935929
2,1450,1.017935929
2,1451,1.017935929
2,1452,1.017935929
2,1453,1.017935929
2,1454,1.017935929
2,1455,1.017935929
2,1456,1.017935929
2,1457,1.017935929
2,1458,1.017935929
2,1459,1.017935929
2,1460,1.017935929
2,1461,1.017935929
2,1462,1.017935929
2,1463,1.017935929
2,1464,1.017935929
2,1465,1.017935929
2,1466,1.017935929
2,1467,1.017935929
2,1468,1.017935929
2,1469,1.017935929
2,1470,1.017935929
2,1471,1.017935929
2,1472,1.017935929
2,1473,1.017935929
2,1474,1.017935929
2,1475,1.017935929
2,1476,1.017935929
2,1477,1.017935929
2,1478,1.017935929
2,1479,1.017935929
2,1480,1.017935929
2,1481,1.017935929
2,1482,1.017935929
2,1483,1.017935929
2,1484,1.017935929
2,1485,1.017935929
2,1486,1.017935929
2,1487,1.017935929
2,1488,1.017935929
2,1489,1.017935929
2,1490,1.017935929
2,1491,1.017935929
2,1492,1.017935929
2,1493,1.017935929
2,1494,1.017935929
2,1495,1.017935929
2,1496,1.017935929
2,1497,1.017935929
2,1498,1.017935929
2,1499,1.854530824
2,1500,1.253108752
2,1501,1
2,1502,1.216950359
2,1503,1
2,1504,1
2,1505,1
2,1506,1.216950359
2,1507,1.467653435
2,1508,1
2,1509,1.216950359
2,1510,1.467653435
2,1511,1
2,1512,1.216950359
2,1513,1.467653435
2,1514,1
2,1515,1
2,1516,1
2,1517,0.9090911145
2,1518,0.9090911145
2,1519,0.9090911145
2,1520,0.9090911145
2,1521,0.9090911145
2,1522,0.9090911145
2,1523,0.9090911145
2,1524,0.9090911145
2,1525,0.9090911145
2,1526,0.9090911145
2,1527,0.9090911145
2,1528,0.9090911145
2,1529,0.9090911145
2,1530,0.9090911145
2,1531,0.9090911145
2,1532,0.9090911145
2,1533,0.9090911145
2,1534,0.9090911145
2,1535,0.9090911145
2,1536,0.9090911145
2,1537,0.9090911145
2,1538,0.9090911145
2,1539,0.9090911145
2,1540,0.9090911145
2,1541,0.9090911145
2,1542,0.9090911145
2,1543,0.9090911145
2,1544,0.9090911145
2,1545,0.9090911145
2,1546,0.9090911145
2,1547,0.9090911145
2,1548,0.9090911145
2,1549,0.9090911145
2,1550,0.9090911145
2,1551,0.9090911145
2,1552,0.9090911145
2,1553,0.9090911145
2,1554,0.9090911145
2,1555,0.9090911145
2,1556,0.9090911145
2,1557,0.9090911145
2,1558,0.9090911145
2,1559,0.9090911145
2,1560,0.9090911145
2,1561,0.9090911145
2,1562,0.9090911145
2,1563,0.9090911145
2,1564,0.9090911145
2,1565,0.9090911145
2,1566,0.9090911145
2,1567,0.9090911145
2,1568,0.9090911145
2,1569,0.9090911145
2,1570,0.9090911145
2,1571,0.9090911145
2,1572,0.9090911145
2,1573,0.9090911145
2,1574,0.9090911145
2,1575,0.9090911145
2,1576,0.9090911145
2,1577,0.9090911145
2,1578,0.9090911145
2,1579,0.9090911145
2,1580,0.9090911145
2,1581,0.9090911145
2,1582,0.9090911145
2,1583,0.9090911145
2,1584,0.9090911145
2,1585,0.9090911145
2,1586,0.9090911145
2,1587,0.9090911145
2,1588,0.9090911145
2,1589,0.9090911145
2,1590,0.9090911145
2,1591,0.9090911145
2,1592,0.9090911145
2,1593,0.9090911145
2,1594,0.9090911145
2,1595,0.9090911145
2,1596,0.9090911145
2,1597,0.9090911145
2,1598,0.9090911145
2,1599,0.9090911145
2,1600,0.9090911145
2,1601,0.9090911145
2,1602,0.9090911145
2,1603,0.9090911145
2,1604,0.9090911145
2,1605,0.9090911145
2,1606,0.9090911145
2,1607,0.9090911145
2,1608,0.9090911145
2,1609,0.9090911145
2,1610,0.9090911145
2,1611,0.9090911145
2,1612,0.9090911145
2,1613,0.9090911145
2,1614,0.9090911145
2,1615,0.9090911145
2,1616,0.9090911145
2,1617,0.9090911145
2,1618,0.9090911145
2,1619,0.9090911145
2,1620,0.9090911145
2,1621,0.9090911145
2,1622,0.9090911145
2,1623,0.9090911145
2,1624,0.9090911145
2,1625,0.9090911145
2,1626,0.9090911145
2,1627,0.9090911145
2,1628,0.9090911145
2,1629,0.9090911145
2,1630,0.9090911145
2,1631,0.9090911145
2,1632,0.9090911145
2,1633,0.9090911145
2,1634,0.9090911145
2,1635,0.9090911145
2,1636,0.9090911145
2,1637,0.9090911145
2,1638,0.9090911145
2,1639,0.9090911145
2,1640,0.9090911145
2,1641,0.9090911145
2,1642,0.9090911145
2,1643,0.9090911145
2,1644,0.9090911145
2,1645,0.9090911145
2,1646,0.9090911145
2,1647,0.9090911145
2,1648,0.9090911145
2,1649,0.9090911145
2,1650,0.9090911145
2,1651,0.9090911145
2,1652,0.9090911145
2,1653,0.9090911145
2,1654,0.9090911145
2,1655,0.9090911145
2,1656,0.9090911145
2,1657,0.9090911145
2,1658,0.9090911145
2,1659,0.9090911145
2,1660,0.9090911145
2,1661,0.9090911145
2,1662,0.9090911145
2,1663,0.9090911145
2,1664,0.9090911145
2,1665,0.9090911145
2,1666,0.9090911145
2,1667,0.9090911145
2,1668,0.9090911145
2,1669,0.9090911145
2,1670,0.9090911145
2,1671,0.9090911145
2,1672,0.9090911145
2,1673,0.9090911145
2,1674,0.9090911145
2,1675,0.9090911145
2,1676,0.9090911145
2,1677,0.9090911145
2,1678,0.9090911145
2,1679,0.9090911145
2,1680,0.9090911145
2,1681,0.9090911145
2,1682,0.9090911145
2,1683,0.9090911145
2,1684,0.9090911145
2,1685,0.9090911145
2,1686,0.9090911145
2,1687,0.9090911145
2,1688,0.9090911145
2,1689,0.9090911145
2,1690,0.9090911145
2,1691,0.9090911145
2,1692,0.9090911145
2,1693,0.9090911145
2,1694,0.9090911145
2,1695,0.9090911145
2,1696,0.9090911145
2,1697,0.9090911145
2,1698,0.9090911145
2,1699,0.9090911145
2,1700,0.9090911145
2,1701,0.9090911145
2,1702,0.9090911145
2,1703,0.9090911145
2,1704,0.9090911145
2,1705,0.9090911145
2,1706,0.9090911145
2,1707,0.9090911145
2,1708,0.9090911145
2,1709,0.9090911145
2,1710,0.9090911145
2,1711,0.9090911145
2,1712,0.9090911145
2,1713,0.9090911145
2,1714,0.9090911145
2,1715,0.9090911145
2,1716,0.9090911145
2,1717,0.9090911145
2,1718,0.9090911145
2,1719,0.9090911145
2,1720,0.9090911145
2,1721,0.9090911145
2,1722,0.9090911145
2,1723,0.9090911145
2,1724,0.9090911145
2,1725,0.9090911145
2,1726,0.9090911145
2,1727,0.9090911145
2,1728,0.9090911145
2,1729,0.9090911145
2,1730,0.9090911145
2,1731,0.9090911145
2,1732,0.9090911145
2,1733,0.9090911145
2,1734,0.9090911145
2,1735,0.9090911145
2,1736,0.9090911145
2,1737,0.9090911145
2,1738,0.9090911145
2,1739,0.9090911145
2,1740,0.9090911145
2,1741,0.9090911145
2,1742,0.9090911145
2,1743,0.9090911145
2,1744,0.9090911145
2,1745,0.9090911145
2,1746,0.9090911145
2,1747,0.9090911145
2,1748,0.9090911145
2,1749,0.9090911145
2,1750,0.9090911145
2,1751,0.9090911145
2,1752,0.9090911145
2,1753,0.9090911145
2,1754,0.9090911145
2,1755,0.9090911145
2,1756,0.9090911145
2,1757,0.9090911145
2,1758,0.9090911145
2,1759,0.9090911145
2,1760,0.9090911145
2,1761,0.9090911145
2,1762,0.9090911145
2,1763,0.9090911145
2,1764,0.9090911145
2,1765,0.9090911145
2,1766,0.9090911145
2,1767,0.9090911145
2,1768,0.9090911145
2,1769,0.9090911145
2,1770,0.9090911145
2,1771,0.9090911145
2,1772,0.9090911145
2,1773,0.9090911145
2,1774,0.9090911145
2,1775,0.9090911145
2,1776,0.9090911145
2,1777,0.9090911145
2,1778,0.9090911145
2,1779,0.9090911145
2,1780,0.9090911145
2,1781,0.9090911145
2,1782,0.9090911145
2,1783,0.9090911145
2,1784,0.9090911145
2,1785,0.9090911145
2,1786,0.9090911145
2,1787,0.9090911145
2,1788,0.9090911145
2,1789,0.9090911145
2,1790,0.9090911145
2,1791,0.9090911145
2,1792,0.9090911145
2,1793,0.9090911145
2,1794,0.9090911145
2,1795,0.9090911145
2,1796,0.9090911145
2,1797,0.9090911145
2,1798,0.9090911145
2,1799,0.9090911145
2,1800,0.9090911145
2,1801,0.9090911145
2,1802,0.9090911145
2,1803,0.9090911145
2,1804,0.9090911145
2,1805,0.9090911145
2,1806,0.9090911145
2,1807,0.9090911145
2,1808,0.9090911145
2,1809,0.9090911145
2,1810,0.9090911145
2,1811,0.9090911145
2,1812,0.9090911145
2,1813,0.9090911145
2,1814,0.9090911145
2,1815,0.9090911145
2,1816,0.9090911145
2,1817,0.9090911145
2,1818,0.9090911145
2,1819,0.9090911145
2,1820,0.9090911145
2,1821,0.9090911145
2,1822,0.9090911145
2,1823,0.9090911145
2,1824,0.9090911145
2,1825,0.9090911145
2,1826,0.9090911145
2,1827,0.9090911145
2,1828,0.9090911145
2,1829,0.9090911145
2,1830,0.9090911145
2,1831,0.9090911145
2,1832,0.9090911145
2,1833,0.9090911145
2,1834,0.9090911145
2,1835,0.9090911145
2,1836,0.9090911145
2,1837,0.9090911145
2,1838,0.9090911145
2,1839,0.9090911145
2,1840,0.9090911145
2,1841,0.9090911145
2,1842,0.9090911145
2,1843,0.9090911145
2,1844,0.9090911145
2,1845,0.9090911145
2,1846,0.9090911145
2,1847,0.9090911145
2,1848,0.9090911145
2,1849,0.9090911145
2,1850,0.9090911145
2,1851,0.9090911145
2,1852,0.9090911145
2,1853,0.9090911145
2,1854,0.9090911145
2,1855,0.9090911145
2,1856,0.9090911145
2,1857,0.9090911145
2,1858,0.9090911145
2,1859,0.9090911145
2,1860,0.9090911145
2,1861,0.9090911145
2,1862,0.9090911145
2,1863,0.9090911145
2,1864,0.9090911145
2,1865,0.9090911145
2,1866,0.9090911145
2,1867,0.9090911145
2,1868,0.9090911145
2,1869,0.9090911145
2,1870,0.9090911145
2,1871,0.9090911145
2,1872,0.9090911145
2,1873,0.9090911145
2,1874,0.9090911145
2,1875,0.9090911145
2,1876,0.9090911145
2,1877,0.9090911145
2,1878,0.9090911145
2,1879,0.9090911145
2,1880,0.9090911145
2,1881,0.9090911145
2,1882,0.9090911145
2,1883,0.9090911145
2,1884,0.9090911145
2,1885,0.9090911145
2,1886,0.9090911145
2,1887,0.9090911145
2,1888,0.9090911145
2,1889,0.9090911145
2,1890,0.9090911145
2,1891,0.9090911145
2,1892,0.9090911145
2,1893,0.9090911145
2,1894,0.9090911145
2,1895,0.9090911145
2,1896,0.9090911145
2,1897,0.9090911145
2,1898,0.9090911145
2,1899,0.9090911145
2,1900,0.9090911145
2,1901,0.9090911145
2,1902,0.9090911145
2,1903,0.9090911145
2,1904,0.9090911145
2,1905,0.9090911145
2,1906,0.9090911145
2,1907,0.9090911145
2,1908,0.9090911145
2,1909,0.9090911145
2,1910,0.9090911145
2,1911,0.9090911145
2,1912,0.9090911145
2,1913,0.9090911145
2,1914,0.9090911145
2,1915,0.9090911145
2,1916,0.9090911145
2,1917,0.9090911145
2,1918,0.9090911145
2,1919,0.9090911145
2,1920,0.9090911145
2,1921,0.9090911145
2,1922,0.9090911145
2,1923,0.9090911145
2,1924,0.9090911145
2,1925,0.9090911145
2,1926,0.9090911145
2,1927,0.9090911145
2,1928,0.9090911145
2,1929,0.9090911145
2,1930,0.9090911145
2,1931,0.9090911145
2,1932,0.9090911145
2,1933,0.9090911145
2,1934,0.9090911145
2,1935,0.9090911145
2,1936,0.9090911145
2,1937,0.9090911145
2,1938,0.9090911145
2,1939,0.9090911145
2,1940,0.9090911145
2,1941,0.9090911145
2,1942,0.9090911145
2,1943,0.9090911145
2,1944,0.9090911145
2,1945,0.9090911145
2,1946,0.9090911145
2,1947,0.9090911145
2,1948,0.9090911145
2,1949,0.9090911145
2,1950,0.9090911145
2,1951,0.9090911145
2,1952,0.9090911145
2,1953,0.9090911145
2,1954,0.9090911145
2,1955,0.9090911145
2,1956,0.9090911145
2,1957,0.9090911145
2,1958,0.9090911145
2,1959,0.9090911145
2,1960,0.9090911145
2,1961,0.9090911145
2,1962,0.9090911145
2,1963,0.9090911145
2,1964,0.9090911145
2,1965,0.9090911145
2,1966,0.9090911145
2,1967,0.9090911145
2,1968,0.9090911145
2,1969,0.9090911145
2,1970,0.9090911145
2,1971,0.9090911145
2,1972,0.9090911145
2,1973,0.9090911145
2,1974,0.9090911145
2,1975,0.9090911145
2,1976,0.9090911145
2,1977,0.9090911145
2,1978,0.9090911145
2,1979,0.9090911145
2,1980,0.9090911145
2,1981,0.9090911145
2,1982,0.9090911145
2,1983,0.9090911145
2,1984,0.9090911145
2,1985,0.9090911145
2,1986,0.9090911145
2,1987,0.9090911145
2,1988,0.9090911145
2,1989,0.9090911145
2,1990,0.9090911145
2,1991,0.9090911145
2,1992,0.9090911145
2,1993,0.9090911145
2,1994,0.9090911145
2,1995,0.9090911145
2,1996,0.9090911145
2,1997,0.9090911145
2,1998,0.9090911145
2,1999,0.9090911145
2,2000,0.9090911145
2,2001,0.9090911145
2,2002,0.9090911145
2,2003,0.9090911145
2,2004,0.9090911145
2,2005,0.9090911145
2,2006,0.9090911145
2,2007,0.9090911145
2,2008,0.9090911145
2,2009,0.9090911145
2,2010,0.9090911145
2,2011,0.9090911145
2,2012,0.9090911145
2,2013,0.9090911145
2,2014,0.9090911145
2,2015,0.9090911145
2,2016,0.9090911145
2,2017,0.9090911145
2,2018,0.9090911145
2,2019,0.9090911145
2,2020,0.9090911145
2,2021,0.9090911145
2,2022,0.9090911145
2,2023,0.9090911145
2,2024,0.9090911145
2,2025,0.9090911145
2,2026,0.9090911145
2,2027,0.9090911145
2,2028,0.9090911145
2,2029,0.9090911145
2,2030,0.9090911145
2,2031,0.9090911145
2,2032,0.9090911145
2,2033,0.9090911145
2,2034,0.9090911145
2,2035,0.9090911145
2,2036,0.9090911145
2,2037,0.9090911145
2,2038,0.9090911145
2,2039,0.9090911145
2,2040,0.9090911145
2,2041,0.9090911145
2,2042,0.9090911145
2,2043,0.9090911145
2,2044,0.9090911145
2,2045,0.9090911145
2,2046,0.9090911145
2,2047,0.9090911145
2,2048,0.9090911145
2,2049,0.9090911145
2,2050,0.9090911145
2,2051,0.9090911145
2,2052,0.9090911145
2,2053,0.9090911145
2,2054,0.9090911145
2,2055,0.9090911145
2,2056,0.9090911145
2,2057,0.9090911145
2,2058,0.9090911145
2,2059,0.9090911145
2,2060,0.9090911145
2,2061,0.9090911145
2,2062,0.9090911145
2,2063,0.9090911145
2,2064,0.9090911145
2,2065,0.9090911145
2,2066,0.9090911145
2,2067,0.9090911145
2,2068,0.9090911145
2,2069,0.9090911145
2,2070,0.9090911145
2,2071,0.9090911145
2,2072,0.9090911145
2,2073,0.9090911145
2,2074,0.9090911145
2,2075,0.9090911145
2,2076,0.9090911145
2,2077,0.9090911145
2,2078,0.9090911145
2,2079,0.9090911145
2,2080,0.9090911145
2,2081,0.9090911145
2,2082,0.9090911145
2,2083,0.9090911145
2,2084,0.9090911145
2,2085,0.9090911145
2,2086,0.9090911145
2,2087,0.9090911145
2,2088,0.9090911145
2,2089,0.9090911145
2,2090,0.9090911145
2,2091,0.9090911145
2,2092,0.9090911145
2,2093,0.9090911145
2,2094,0.9090911145
2,2095,0.9090911145
2,2096,0.9090911145
2,2097,0.9090911145
2,2098,0.9090911145
2,2099,0.9090911145
2,2100,0.9090911145
2,2101,0.9090911145
2,2102,0.9090911145
2,2103,0.9090911145
2,2104,0.9090911145
2,2105,0.9090911145
2,2106,0.9090911145
2,2107,0.9090911145
2,2108,0.9090911145
2,2109,0.9090911145
2,2110,0.9090911145
2,2111,0.9090911145
2,2112,0.9090911145
2,2113,0.9090911145
2,2114,0.9090911145
2,2115,0.9090911145
2,2116,0.9090911145
2,2117,0.9090911145
2,2118,0.9090911145
2,2119,0.9090911145
2,2120,0.9090911145
2,2121,0.9090911145
2,2122,0.9090911145
2,2123,0.9090911145
2,2124,0.9090911145
2,2125,0.9090911145
2,2126,0.9090911145
2,2127,0.9090911145
2,2128,0.9090911145
2,2129,0.9090911145
2,2130,0.9090911145
2,2131,0.9090911145
2,2132,0.9090911145
2,2133,0.9090911145
2,2134,0.9090911145
2,2135,0.9090911145
2,2136,0.9090911145
2,2137,0.9090911145
2,2138,0.9090911145
2,2139,0.9090911145
2,2140,0.9090911145
2,2141,0.9090911145
2,2142,0.9090911145
2,2143,0.9090911145
2,2144,0.9090911145
2,2145,0.9090911145
2,2146,0.9090911145
2,2147,0.9090911145
2,2148,0.9090911145
2,2149,0.9090911145
2,2150,0.9090911145
2,2151,0.9090911145
2,2152,0.9090911145
2,2153,0.9090911145
2,2154,0.9090911145
2,2155,0.9090911145
2,2156,0.9090911145
2,2157,0.9090911145
2,2158,0.9090911145
2,2159,0.9090911145
2,2160,0.9090911145
2,2161,0.9090911145
2,2162,0.9090911145
2,2163,0.9090911145
2,2164,0.9090911145
2,2165,0.9090911145
2,2166,0.9090911145
2,2167,0.9090911145
2,2168,0.9090911145
2,2169,0.9090911145
2,2170,0.9090911145
2,2171,0.9090911145
2,2172,0.9090911145
2,2173,0.9090911145
2,2174,0.9090911145
2,2175,0.9090911145
2,2176,0.9090911145
2,2177,0.9090911145
2,2178,0.9090911145
2,2179,0.9090911145
2,2180,0.9090911145
2,2181,0.9090911145
2,2182,0.9090911145
2,2183,0.9090911145
2,2184,0.9090911145
2,2185,0.9090911145
2,2186,0.9090911145
2,2187,0.9090911145
2,2188,0.9090911145
2,2189,0.9090911145
2,2190,0.9090911145
2,2191,0.9090911145
2,2192,0.9090911145
2,2193,0.9090911145
2,2194,0.9090911145
2,2195,0.9090911145
2,2196,0.9090911145
2,2197,0.9090911145
2,2198,0.9090911145
2,2199,0.9090911145
2,2200,0.9090911145
2,2201,0.9090911145
2,2202,0.9090911145
2,2203,0.9090911145
2,2204,0.9090911145
2,2205,0.9090911145
2,2206,0.9090911145
2,2207,0.9090911145
2,2208,0.9090911145
2,2209,0.9090911145
2,2210,0.9090911145
2,2211,0.9090911145
2,2212,0.9090911145
2,2213,0.9090911145
2,2214,0.9090911145
2,2215,0.9090911145
2,2216,0.9090911145
2,2217,0.9090911145
2,2218,0.9090911145
2,2219,0.9090911145
2,2220,0.9090911145
2,2221,0.9090911145
2,2222,0.9090911145
2,2223,0.9090911145
2,2224,0.9090911145
2,2225,0.9090911145
2,2226,0.9090911145
2,2227,0.9090911145
2,2228,0.9090911145
2,2229,0.9090911145
2,2230,0.9090911145
2,2231,0.9090911145
2,2232,0.9090911145
2,2233,0.9090911145
2,2234,0.9090911145
2,2235,0.9090911145
2,2236,0.9090911145
2,2237,0.9090911145
2,2238,0.9090911145
2,2239,0.9090911145
2,2240,0.9090911145
2,2241,0.9090911145
2,2242,0.9090911145
2,2243,0.9090911145
2,2244,0.9090911145
2,2245,0.9090911145
2,2246,0.9090911145
2,2247,0.9090911145
2,2248,0.9090911145
2,2249,0.9090911145
2,2250,0.9090911145
2,2251,0.9090911145
2,2252,0.9090911145
2,2253,0.9090911145
2,2254,0.9090911145
2,2255,0.9090911145
2,2256,0.9090911145
2,2257,0.9090911145
2,2258,0.9090911145
2,2259,0.9090911145
2,2260,0.9090911145
2,2261,0.9090911145
2,2262,0.9090911145
2,2263,0.9090911145
2,2264,0.9090911145
2,2265,0.9090911145
2,2266,0.9090911145
2,2267,0.9090911145
2,2268,0.9090911145
2,2269,0.9090911145
2,2270,0.9090911145
2,2271,0.9090911145
2,2272,0.9090911145
2,2273,0.9090911145
2,2274,0.9090911145
2,2275,0.9090911145
2,2276,0.9090911145
2,2277,0.9090911145
2,2278,0.9090911145
2,2279,0.9090911145
2,2280,0.9090911145
2,2281,0.9090911145
2,2282,0.9090911145
2,2283,0.9090911145
2,2284,0.9090911145
2,2285,0.9090911145
2,2286,0.9090911145
2,2287,0.9090911145
2,2288,0.9090911145
2,2289,0.9090911145
2,2290,0.9090911145
2,2291,0.9090911145
2,2292,0.9090911145
2,2293,0.9090911145
2,2294,0.9090911145
2,2295,0.9090911145
2,2296,0.9090911145
2,2297,0.9090911145
2,2298,0.9090911145
2,2299,0.9090911145
2,2300,0.9090911145
2,2301,0.9090911145
2,2302,0.9090911145
2,2303,0.9090911145
2,2304,0.9090911145
2,2305,0.9090911145
2,2306,0.9090911145
2,2307,0.9090911145
2,2308,0.9090911145
2,2309,0.9090911145
2,2310,0.9090911145
2,2311,0.9090911145
2,2312,0.9090911145
2,2313,0.9090911145
2,2314,0.9090911145
2,2315,0.9090911145
2,2316,0.9090911145
2,2317,0.9090911145
2,2318,0.9090911145
2,2319,0.9090911145
2,2320,0.9090911145
2,2321,0.9090911145
2,2322,0.9090911145
2,2323,0.9090911145
2,2324,0.9090911145
2,2325,0.9090911145
2,2326,0.9090911145
2,2327,0.9090911145
2,2328,0.9090911145
2,2329,0.9090911145
2,2330,0.9090911145
2,2331,0.9090911145
2,2332,0.9090911145
2,2333,0.9090911145
2,2334,0.9090911145
2,2335,0.9090911145
2,2336,0.9090911145
2,2337,0.9090911145
2,2338,0.9090911145
2,2339,0.9090911145
2,2340,0.9090911145
2,2341,0.9090911145
2,2342,0.9090911145
2,2343,0.9090911145
2,2344,0.9090911145
2,2345,0.9090911145
2,2346,0.9090911145
2,2347,0.9090911145
2,2348,0.9090911145
2,2349,0.9090911145
2,2350,0.9090911145
2,2351,0.9090911145
2,2352,0.9090911145
2,2353,0.9090911145
2,2354,0.9090911145
2,2355,0.9090911145
2,2356,0.9090911145
2,2357,0.9090911145
2,2358,0.9090911145
2,2359,0.9090911145
2,2360,0.9090911145
2,2361,0.9090911145
2,2362,0.9090911145
2,2363,0.9090911145
2,2364,0.9090911145
2,2365,0.9090911145
2,2366,0.9090911145
2,2367,0.9090911145
2,2368,0.9090911145
2,2369,0.9090911145
2,2370,0.9090911145
2,2371,0.9090911145
2,2372,0.9090911145
2,2373,0.9090911145
2,2374,0.9090911145
2,2375,0.9090911145
2,2376,0.9090911145
2,2377,0.9090911145
2,2378,0.9090911145
2,2379,0.9090911145
2,2380,0.9090911145
2,2381,0.9090911145
2,2382,0.9090911145
2,2383,0.9090911145
2,2384,0.9090911145
2,2385,0.9090911145
2,2386,0.9090911145
2,2387,0.9090911145
2,2388,0.9090911145
2,2389,0.9090911145
2,2390,0.9090911145
2,2391,0.9090911145
2,2392,0.9090911145
2,2393,0.9090911145
2,2394,0.9090911145
2,2395,0.9090911145
2,2396,0.9090911145
2,2397,0.9090911145
2,2398,0.9090911145
2,2399,0.9090911145
2,2400,0.9090911145
2,2401,0.9090911145
2,2402,0.9090911145
2,2403,0.9090911145
2,2404,0.9090911145
2,2405,0.9090911145
2,2406,0.9090911145
2,2407,0.9090911145
2,2408,0.9090911145
2,2409,0.9090911145
2,2410,0.9090911145
2,2411,0.9090911145
2,2412,0.9090911145
2,2413,0.9090911145
2,2414,0.9090911145
2,2415,0.9090911145
2,2416,0.9090911145
2,2417,0.9090911145
2,2418,0.9090911145
2,2419,0.9090911145
2,2420,0.9090911145
2,2421,0.9090911145
2,2422,0.9090911145
2,2423,0.9090911145
2,2424,0.9090911145
2,2425,0.9090911145
2,2426,0.9090911145
2,2427,0.9090911145
2,2428,0.9090911145
2,2429,0.9090911145
2,2430,0.9090911145
2,2431,0.9090911145
2,2432,0.9090911145
2,2433,0.9090911145
2,2434,0.9090911145
2,2435,0.9090911145
2,2436,0.9090911145
2,2437,0.9090911145
2,2438,0.9090911145
2,2439,0.9090911145
2,2440,0.9090911145
2,2441,0.9090911145
2,2442,0.9090911145
2,2443,0.9090911145
2,2444,0.9090911145
2,2445,0.9090911145
2,2446,0.9090911145
2,2447,0.9090911145
2,2448,0.9090911145
2,2449,0.9090911145
2,2450,0.9090911145
2,2451,0.9090911145
2,2452,0.9090911145
2,2453,0.9090911145
2,2454,0.9090911145
2,2455,0.9090911145
2,2456,0.9090911145
2,2457,0.9090911145
2,2458,0.9090911145
2,2459,0.9090911145
2,2460,0.9090911145
2,2461,0.9090911145
2,2462,0.9090911145
2,2463,0.9090911145
2,2464,0.9090911145
2,2465,0.9090911145
2,2466,0.9090911145
2,2467,0.9090911145
2,2468,0.9090911145
2,2469,0.9090911145
2,2470,0.9090911145
2,2471,0.9090911145
2,2472,0.9090911145
2,2473,0.9090911145
2,2474,0.9090911145
2,2475,0.9090911145
2,2476,0.9090911145
2,2477,0.9090911145
2,2478,0.9090911145
2,2479,0.9090911145
2,2480,0.9090911145
2,2481,0.9090911145
2,2482,0.9090911145
2,2483,0.9090911145
2,2484,0.9090911145
2,2485,0.9090911145
2,2486,0.9090911145
2,2487,0.9090911145
2,2488,0.9090911145
2,2489,0.9090911145
2,2490,0.9090911145
2,2491,0.9090911145
2,2492,0.9090911145
2,2493,0.9090911145
2,2494,0.9090911145
2,2495,0.9090911145
2,2496,0.9090911145
2,2497,0.9090911145
2,2498,0.9090911145
2,2499,0.9090911145
2,2500,0.9090911145
2,2501,0.9090911145
2,2502,0.9090911145
2,2503,0.9090911145
2,2504,0.9090911145
2,2505,0.9090911145
2,2506,0.9090911145
2,2507,0.9090911145
2,2508,0.9090911145
2,2509,0.9090911145
2,2510,0.9090911145
2,2511,0.9090911145
2,2512,0.9090911145
2,2513,0.9090911145
2,2514,0.9090911145
2,2515,0.9090911145
2,2516,0.9090911145
2,2517,0.9090911145
2,2518,0.9090911145
2,2519,0.9090911145
2,2520,0.9090911145
2,2521,0.9090911145
2,2522,0.9090911145
2,2523,0.9090911145
2,2524,0.9090911145
2,2525,0.9090911145
2,2526,0.9090911145
2,2527,0.9090911145
2,2528,0.9090911145
2,2529,0.9090911145
2,2530,0.9090911145
2,2531,0.9090911145
2,2532,0.9090911145
2,2533,0.9090911145
2,2534,0.9090911145
2,2535,0.9090911145
2,2536,0.9090911145
2,2537,0.9090911145
2,2538,0.9090911145
2,2539,0.9090911145
2,2540,0.9090911145
2,2541,0.9090911145
2,2542,0.9090911145
2,2543,0.9090911145
2,2544,0.9090911145
2,2545,0.9090911145
2,2546,0.9090911145
2,2547,0.9090911145
2,2548,0.9090911145
2,2549,0.9090911145
2,2550,0.9090911145
2,2551,0.9090911145
2,2552,0.9090911145
2,2553,0.9090911145
2,2554,0.9090911145
2,2555,0.9090911145
2,2556,0.9090911145
2,2557,0.9090911145
2,2558,0.9090911145
2,2559,0.9090911145
2,2560,0.9090911145
2,2561,0.9090911145
2,2562,0.9090911145
2,2563,0.9090911145
2,2564,0.9090911145
2,2565,0.9090911145
2,2566,0.9090911145
2,2567,0.9090911145
2,2568,0.9090911145
2,2569,0.9090911145
2,2570,0.9090911145
2,2571,0.9090911145
2,2572,0.9090911145
2,2573,0.9090911145
2,2574,0.9090911145
2,2575,0.9090911145
2,2576,0.9090911145
2,2577,0.9090911145
2,2578,0.9090911145
2,2579,0.9090911145
2,2580,0.9090911145
2,2581,0.9090911145
2,2582,0.9090911145
2,2583,0.9090911145
2,2584,0.9090911145
2,2585,0.9090911145
2,2586,0.9090911145
2,2587,0.9090911145
2,2588,0.9090911145
2,2589,0.9090911145
2,2590,0.9090911145
2,2591,0.9090911145
2,2592,0.9090911145
2,2593,0.9090911145
2,2594,0.9090911145
2,2595,0.9090911145
2,2596,0.9090911145
2,2597,0.9090911145
2,2598,0.9090911145
2,2599,0.9090911145
2,2600,0.9090911145
2,2601,0.9090911145
2,2602,0.9090911145
2,2603,0.9090911145
2,2604,0.9090911145
2,2605,0.9090911145
2,2606,0.9090911145
2,2607,0.9090911145
2,2608,0.9090911145
2,2609,0.9090911145
2,2610,0.9090911145
2,2611,0.9090911145
2,2612,0.9090911145
2,2613,0.9090911145
2,2614,0.9090911145
2,2615,0.9090911145
2,2616,0.9090911145
2,2617,0.9090911145
2,2618,0.9090911145
2,2619,0.9090911145
2,2620,0.9090911145
2,2621,0.9090911145
2,2622,0.9090911145
2,2623,0.9090911145
2,2624,0.9090911145
2,2625,0.9090911145
2,2626,0.9090911145
2,2627,0.9090911145
2,2628,0.9090911145
2,2629,0.9090911145
2,2630,0.9090911145
2,2631,0.9090911145
2,2632,0.9090911145
2,2633,0.9090911145
2,2634,0.9090911145
2,2635,0.9090911145
2,2636,0.9090911145
2,2637,0.9090911145
2,2638,0.9090911145
2,2639,0.9090911145
2,2640,0.9090911145
2,2641,0.9090911145
2,2642,0.9090911145
2,2643,0.9090911145
2,2644,0.9090911145
2,2645,0.9090911145
2,2646,0.9090911145
2,2647,0.9090911145
2,2648,0.9090911145
2,2649,0.9090911145
2,2650,0.9090911145
2,2651,0.9090911145
2,2652,0.9090911145
2,2653,0.9090911145
2,2654,0.9090911145
2,2655,0.9090911145
2,2656,0.9090911145
2,2657,0.9090911145
2,2658,0.9090911145
2,2659,0.9090911145
2,2660,0.9090911145
2,2661,0.9090911145
2,2662,0.9090911145
2,2663,0.9090911145
2,2664,0.9090911145
2,2665,0.9090911145
2,2666,0.9090911145
2,2667,0.9090911145
2,2668,0.9090911145
2,2669,0.9090911145
2,2670,0.9090911145
2,2671,0.9090911145
2,2672,0.9090911145
2,2673,0.9090911145
2,2674,0.9090911145
2,2675,0.9090911145
2,2676,0.9090911145
2,2677,0.9090911145
2,2678,0.9090911145
2,2679,0.9090911145
2,2680,0.9090911145
2,2681,0.9090911145
2,2682,0.9090911145
2,2683,0.9090911145
2,2684,0.9090911145
2,2685,0.9090911145
2,2686,0.9090911145
2,2687,0.9090911145
2,2688,0.9090911145
2,2689,0.9090911145
2,2690,0.9090911145
2,2691,0.9090911145
2,2692,0.9090911145
2,2693,0.9090911145
2,2694,0.9090911145
2,2695,0.9090911145
2,2696,0.9090911145
2,2697,0.9090911145
2,2698,0.9090911145
2,2699,0.9090911145
2,2700,0.9090911145
2,2701,0.9090911145
2,2702,0.9090911145
2,2703,0.9090911145
2,2704,0.9090911145
2,2705,0.9090911145
2,2706,0.9090911145
2,2707,0.9090911145
2,2708,0.9090911145
2,2709,0.9090911145
2,2710,0.9090911145
2,2711,0.9090911145
2,2712,0.9090911145
2,2713,0.9090911145
2,2714,0.9090911145
2,2715,0.9090911145
2,2716,0.9090911145
2,2717,0.9090911145
2,2718,0.9090911145
2,2719,0.9090911145
2,2720,0.9090911145
2,2721,0.9090911145
2,2722,0.9090911145
2,2723,0.9090911145
2,2724,0.9090911145
2,2725,0.9090911145
2,2726,0.9090911145
2,2727,0.9090911145
2,2728,0.9090911145
2,2729,0.9090911145
2,2730,0.9090911145
2,2731,0.9090911145
2,2732,0.9090911145
2,2733,0.9090911145
2,2734,0.9090911145
2,2735,0.9090911145
2,2736,0.9090911145
2,2737,0.9090911145
2,2738,0.9090911145
2,2739,0.9090911145
2,2740,0.9090911145
2,2741,0.9090911145
2,2742,0.9090911145
2,2743,0.9090911145
2,2744,0.9090911145
2,2745,0.9090911145
2,2746,0.9090911145
2,2747,0.9090911145
2,2748,0.9090911145
2,2749,0.9090911145
2,2750,0.9090911145
2,2751,0.9090911145
2,2752,0.9090911145
2,2753,0.9090911145
2,2754,0.9090911145
2,2755,0.9090911145
2,2756,0.9090911145
2,2757,0.9090911145
2,2758,0.9090911145
2,2759,0.9090911145
2,2760,0.9090911145
2,2761,0.9090911145
2,2762,0.9090911145
2,2763,0.9090911145
2,2764,0.9090911145
2,2765,0.9090911145
2,2766,0.9090911145
2,2767,0.9090911145
2,2768,0.9090911145
2,2769,0.9090911145
2,2770,0.9090911145
2,2771,0.9090911145
2,2772,0.9090911145
2,2773,0.9090911145
2,2774,0.9090911145
2,2775,0.9090911145
2,2776,0.9090911145
2,2777,0.9090911145
2,2778,0.9090911145
2,2779,0.9090911145
2,2780,0.9090911145
2,2781,0.9090911145
2,2782,0.9090911145
2,2783,0.9090911145
2,2784,0.9090911145
2,2785,0.9090911145
2,2786,0.9090911145
2,2787,0.9090911145
2,2788,0.9090911145
2,2789,0.9090911145
2,2790,0.9090911145
2,2791,0.9090911145
2,2792,0.9090911145
2,2793,0.9090911145
2,2794,0.9090911145
2,2795,0.9090911145
2,2796,0.9090911145
2,2797,0.9090911145
2,2798,0.9090911145
2,2799,0.9090911145
2,2800,0.9090911145
2,2801,0.9090911145
2,2802,0.9090911145
2,2803,0.9090911145
2,2804,0.9090911145
2,2805,0.9090911145
2,2806,0.9090911145
2,2807,0.9090911145
2,2808,0.9090911145
2,2809,0.9090911145
2,2810,0.9090911145
2,2811,0.9090911145
2,2812,0.9090911145
2,2813,0.9090911145
2,2814,0.9090911145
2,2815,0.9090911145
2,2816,0.9090911145
2,2817,0.9090911145
2,2818,0.9090911145
2,2819,0.9090911145
2,2820,0.9090911145
2,2821,0.9090911145
2,2822,0.9090911145
2,2823,0.9090911145
2,2824,0.9090911145
2,2825,0.9090911145
2,2826,0.9090911145
2,2827,0.9090911145
2,2828,0.9090911145
2,2829,0.9090911145
2,2830,0.9090911145
2,2831,0.9090911145
2,2832,0.9090911145
2,2833,0.9090911145
2,2834,0.9090911145
2,2835,0.9090911145
2,2836,0.9090911145
2,2837,0.9090911145
2,2838,0.9090911145
2,2839,0.9090911145
2,2840,0.9090911145
2,2841,0.9090911145
2,2842,0.9090911145
2,2843,0.9090911145
2,2844,0.9090911145
2,2845,0.9090911145
2,2846,0.9090911145
2,2847,0.9090911145
2,2848,0.9090911145
2,2849,0.9090911145
2,2850,0.9090911145
2,2851,0.9090911145
2,2852,0.9090911145
2,2853,0.9090911145
2,2854,0.9090911145
2,2855,0.9090911145
2,2856,0.9090911145
2,2857,0.9090911145
2,2858,0.9090911145
2,2859,0.9090911145
2,2860,0.9090911145
2,2861,0.9090911145
2,2862,0.9090911145
2,2863,0.9090911145
2,2864,0.9090911145
2,2865,0.9090911145
2,2866,0.9090911145
2,2867,0.9090911145
2,2868,0.9090911145
2,2869,0.9090911145
2,2870,0.9090911145
2,2871,0.9090911145
2,2872,0.9090911145
2,2873,0.9090911145
2,2874,0.9090911145
2,2875,0.9090911145
2,2876,0.9090911145
2,2877,0.9090911145
2,2878,0.9090911145
2,2879,0.9090911145
2,2880,0.9090911145
2,2881,0.9090911145
2,2882,0.9090911145
2,2883,0.9090911145
2,2884,0.9090911145
2,2885,0.9090911145
2,2886,0.9090911145
2,2887,0.9090911145
2,2888,0.9090911145
2,2889,0.9090911145
2,2890,0.9090911145
2,2891,0.9090911145
2,2892,0.9090911145
2,2893,0.9090911145
2,2894,0.9090911145
2,2895,0.9090911145
2,2896,0.9090911145
2,2897,0.9090911145
2,2898,0.9090911145
2,2899,0.9090911145
2,2900,0.9090911145
2,2901,0.9090911145
2,2902,0.9090911145
2,2903,0.9090911145
2,2904,0.9090911145
2,2905,0.9090911145
2,2906,0.9090911145
2,2907,0.9090911145
2,2908,0.9090911145
2,2909,0.9090911145
2,2910,0.9090911145
2,2911,0.9090911145
2,2912,0.9090911145
2,2913,0.9090911145
2,2914,0.9090911145
2,2915,0.9090911145
2,2916,0.9090911145
2,2917,0.9090911145
2,2918,0.9090911145
2,2919,0.9090911145
2,2920,0.9090911145
2,2921,0.9090911145
2,2922,0.9090911145
2,2923,0.9090911145
2,2924,0.9090911145
2,2925,0.9090911145
2,2926,0.9090911145
2,2927,0.9090911145
2,2928,0.9090911145
2,2929,0.9090911145
2,2930,0.9090911145
2,2931,0.9090911145
2,2932,0.9090911145
2,2933,0.9090911145
2,2934,0.9090911145
2,2935,0.9090911145
2,2936,0.9090911145
2,2937,0.9090911145
2,2938,0.9090911145
2,2939,0.9090911145
2,2940,0.9090911145
2,2941,0.9090911145
2,2942,0.9090911145
2,2943,0.9090911145
2,2944,0.9090911145
2,2945,0.9090911145
2,2946,0.9090911145
2,2947,0.9090911145
2,2948,0.9090911145
2,2949,0.9090911145
2,2950,0.9090911145
2,2951,0.9090911145
2,2952,0.9090911145
2,2953,0.9090911145
2,2954,0.9090911145
2,2955,0.9090911145
2,2956,0.9090911145
2,2957,0.9090911145
2,2958,0.9090911145
2,2959,0.9090911145
2,2960,0.9090911145
2,2961,0.9090911145
2,2962,0.9090911145
2,2963,0.9090911145
2,2964,0.9090911145
2,2965,0.9090911145
2,2966,0.9090911145
2,2967,0.9090911145
2,2968,0.9090911145
2,2969,0.9090911145
2,2970,0.9090911145
2,2971,0.9090911145
2,2972,0.9090911145
2,2973,0.9090911145
2,2974,0.9090911145
2,2975,0.9090911145
2,2976,0.9090911145
2,2977,0.9090911145
2,2978,0.9090911145
2,2979,0.9090911145
2,2980,0.9090911145
2,2981,0.9090911145
2,2982,0.9090911145
2,2983,0.9090911145
2,2984,0.9090911145
2,2985,0.9090911145
2,2986,0.9090911145
2,2987,0.9090911145
2,2988,0.9090911145
2,2989,0.9090911145
2,2990,0.9090911145
2,2991,0.9090911145
2,2992,0.9090911145
2,2993,0.9090911145
2,2994,0.9090911145
2,2995,0.9090911145
2,2996,0.9090911145
2,2997,0.9090911145
2,2998,0.9090911145
2,2999,0.9090911145
2,3000,0.9090911145
2,3001,0.9090911145
2,3002,0.9090911145
2,3003,0.9090911145
2,3004,0.9090911145
2,3005,0.9090911145
2,3006,0.9090911145
2,3007,0.9090911145
2,3008,0.9090911145
2,3009,0.9090911145
2,3010,0.9090911145
2,3011,0.9090911145
2,3012,0.9090911145
2,3013,0.9090911145
2,3014,0.9090911145
2,3015,0.9090911145
2,3016,0.9090911145
2,3017,0.9090911145
2,3018,0.9090911145
2,3019,0.9090911145
2,3020,0.9090911145
2,3021,0.9090911145
2,3022,0.9090911145
2,3023,0.9090911145
2,3024,0.9090911145
2,3025,0.9090911145
2,3026,0.9090911145
2,3027,0.9090911145
2,3028,0.9090911145
2,3029,0.9090911145
2,3030,0.9090911145
2,3031,0.9090911145
2,3032,0.9090911145
2,3033,0.9090911145
2,3034,0.9090911145
2,3035,0.9090911145
2,3036,0.9090911145
2,3037,0.9090911145
2,3038,0.9090911145
2,3039,0.9090911145
2,3040,0.9090911145
2,3041,0.9090911145
2,3042,0.9090911145
2,3043,0.9090911145
2,3044,0.9090911145
2,3045,0.9090911145
2,3046,0.9090911145
2,3047,0.9090911145
2,3048,0.9090911145
2,3049,0.9090911145
2,3050,0.9090911145
2,3051,0.9090911145
2,3052,0.9090911145
2,3053,0.9090911145
2,3054,0.9090911145
2,3055,0.9090911145
2,3056,0.9090911145
2,3057,0.9090911145
2,3058,0.9090911145
2,3059,0.9090911145
2,3060,0.9090911145
2,3061,0.9090911145
2,3062,0.9090911145
2,3063,0.9090911145
2,3064,0.9090911145
2,3065,0.9090911145
2,3066,0.9090911145
2,3067,0.9090911145
2,3068,0.9090911145
2,3069,0.9090911145
2,3070,0.9090911145
2,3071,0.9090911145
2,3072,0.9090911145
2,3073,0.9090911145
2,3074,0.9090911145
2,3075,0.9090911145
2,3076,0.9090911145
2,3077,0.9090911145
2,3078,0.9090911145
2,3079,0.9090911145
2,3080,0.9090911145
2,3081,0.9090911145
2,3082,0.9090911145
2,3083,0.9090911145
2,3084,0.9090911145
2,3085,0.9090911145
2,3086,0.9090911145
2,3087,0.9090911145
2,3088,0.9090911145
2,3089,0.9090911145
2,3090,0.9090911145
2,3091,0.9090911145
2,3092,0.9090911145
2,3093,0.9090911145
2,3094,0.9090911145
2,3095,0.9090911145
2,3096,0.9090911145
2,3097,0.9090911145
2,3098,0.9090911145
2,3099,0.9090911145
2,3100,0.9090911145
2,3101,0.9090911145
2,3102,0.9090911145
2,3103,0.9090911145
2,3104,0.9090911145
2,3105,0.9090911145
2,3106,0.9090911145
2,3107,0.9090911145
2,3108,0.9090911145
2,3109,0.9090911145
2,3110,0.9090911145
2,3111,0.9090911145
2,3112,0.9090911145
2,3113,0.9090911145
2,3114,0.9090911145
2,3115,0.9090911145
2,3116,0.9090911145
2,3117,0.9090911145
2,3118,0.9090911145
2,3119,0.9090911145
2,3120,0.9090911145
2,3121,0.9090911145
2,3122,0.9090911145
2,3123,0.9090911145
2,3124,0.9090911145
2,3125,0.9090911145
2,3126,0.9090911145
2,3127,0.9090911145
2,3128,0.9090911145
2,3129,0.9090911145
2,3130,0.9090911145
2,3131,0.9090911145
2,3132,0.9090911145
2,3133,0.9090911145
2,3134,0.9090911145
2,3135,0.9090911145
2,3136,0.9090911145
2,3137,0.9090911145
2,3138,0.9090911145
2,3139,0.9090911145
2,3140,0.9090911145
2,3141,0.9090911145
2,3142,0.9090911145
2,3143,0.9090911145
2,3144,0.9090911145
2,3145,0.9090911145
2,3146,0.9090911145
2,3147,0.9090911145
2,3148,0.9090911145
2,3149,0.9090911145
2,3150,0.9090911145
2,3151,0.9090911145
2,3152,0.9090911145
2,3153,0.9090911145
2,3154,0.9090911145
2,3155,0.9090911145
2,3156,0.9090911145
2,3157,0.9090911145
2,3158,0.9090911145
2,3159,0.9090911145
2,3160,0.9090911145
2,3161,0.9090911145
2,3162,0.9090911145
2,3163,0.9090911145
2,3164,0.9090911145
2,3165,0.9090911145
2,3166,0.9090911145
2,3167,0.9090911145
2,3168,0.9090911145
2,3169,0.9090911145
2,3170,0.9090911145
2,3171,0.9090911145
2,3172,0.9090911145
2,3173,0.9090911145
2,3174,0.9090911145
2,3175,0.9090911145
2,3176,0.9090911145
2,3177,0.9090911145
2,3178,0.9090911145
2,3179,0.9090911145
2,3180,0.9090911145
2,3181,0.9090911145
2,3182,0.9090911145
2,3183,0.9090911145
2,3184,0.9090911145
2,3185,0.9090911145
2,3186,0.9090911145
2,3187,0.9090911145
2,3188,0.9090911145
2,3189,0.9090911145
2,3190,0.9090911145
2,3191,0.9090911145
2,3192,0.9090911145
2,3193,0.9090911145
2,3194,0.9090911145
2,3195,0.9090911145
2,3196,0.9090911145
2,3197,0.9090911145
2,3198,0.9090911145
2,3199,0.9090911145
2,3200,0.9090911145
2,3201,0.9090911145
2,3202,0.9090911145
2,3203,0.9090911145
2,3204,0.9090911145
2,3205,0.9090911145
2,3206,0.9090911145
2,3207,0.9090911145
2,3208,0.9090911145
2,3209,0.9090911145
2,3210,0.9090911145
2,3211,0.9090911145
2,3212,0.9090911145
2,3213,0.9090911145
2,3214,0.9090911145
2,3215,0.9090911145
2,3216,0.9090911145
2,3217,0.9090911145
2,3218,0.9090911145
2,3219,0.9090911145
2,3220,0.9090911145
2,3221,0.9090911145
2,3222,0.9090911145
2,3223,0.9090911145
2,3224,0.9090911145
2,3225,0.9090911145
2,3226,0.9090911145
2,3227,0.9090911145
2,3228,0.9090911145
2,3229,0.9090911145
2,3230,0.9090911145
2,3231,0.9090911145
2,3232,0.9090911145
2,3233,0.9090911145
2,3234,0.9090911145
2,3235,0.9090911145
2,3236,0.9090911145
2,3237,0.9090911145
2,3238,0.9090911145
2,3239,0.9090911145
2,3240,0.9090911145
2,3241,0.9090911145
2,3242,0.9090911145
2,3243,0.9090911145
2,3244,0.9090911145
2,3245,0.9090911145
2,3246,0.9090911145
2,3247,0.9090911145
2,3248,0.9090911145
2,3249,0.9090911145
2,3250,0.9090911145
2,3251,0.9090911145
2,3252,0.9090911145
2,3253,0.9090911145
2,3254,0.9090911145
2,3255,0.9090911145
2,3256,0.9090911145
2,3257,0.9090911145
2,3258,0.9090911145
2,3259,0.9090911145
2,3260,0.9090911145
2,3261,0.9090911145
2,3262,0.9090911145
2,3263,0.9090911145
2,3264,0.9090911145
2,3265,0.9090911145
2,3266,0.9090911145
2,3267,0.9090911145
2,3268,0.9090911145
2,3269,0.9090911145
2,3270,0.9090911145
2,3271,0.9090911145
2,3272,0.9090911145
2,3273,0.9090911145
2,3274,0.9090911145
2,3275,0.9090911145
2,3276,0.9090911145
2,3277,0.9090911145
2,3278,0.9090911145
2,3279,0.9090911145
2,3280,0.9090911145
2,3281,0.9090911145
2,3282,0.9090911145
2,3283,0.9090911145
2,3284,0.9090911145
2,3285,0.9090911145
2,3286,0.9090911145
2,3287,0.9090911145
2,3288,0.9090911145
2,3289,0.9090911145
2,3290,0.9090911145
2,3291,0.9090911145
2,3292,0.9090911145
2,3293,0.9090911145
2,3294,0.9090911145
2,3295,0.9090911145
2,3296,0.9090911145
2,3297,0.9090911145
2,3298,0.9090911145
2,3299,0.9090911145
2,3300,0.9090911145
2,3301,0.9090911145
2,3302,0.9090911145
2,3303,0.9090911145
2,3304,0.9090911145
2,3305,0.9090911145
2,3306,0.9090911145
2,3307,0.9090911145
2,3308,0.9090911145
2,3309,0.9090911145
2,3310,0.9090911145
2,3311,0.9090911145
2,3312,0.9090911145
2,3313,0.9090911145
2,3314,0.9090911145
2,3315,0.9090911145
2,3316,0.9090911145
2,3317,0.9090911145
2,3318,0.9090911145
2,3319,0.9090911145
2,3320,0.9090911145
2,3321,0.9090911145
2,3322,0.9090911145
2,3323,0.9090911145
2,3324,0.9090911145
2,3325,0.9090911145
2,3326,0.9090911145
2,3327,0.9090911145
2,3328,0.9090911145
2,3329,0.9090911145
2,3330,0.9090911145
2,3331,0.9090911145
2,3332,0.9090911145
2,3333,0.9090911145
2,3334,0.9090911145
2,3335,0.9090911145
2,3336,0.9090911145
2,3337,0.9090911145
2,3338,0.9090911145
2,3339,0.9090911145
2,3340,0.9090911145
2,3341,0.9090911145
2,3342,0.9090911145
2,3343,0.9090911145
2,3344,0.9090911145
2,3345,0.9090911145
2,3346,0.9090911145
2,3347,0.9090911145
2,3348,0.9090911145
2,3349,0.9090911145
2,3350,0.9090911145
2,3351,0.9090911145
2,3352,0.9090911145
2,3353,0.9090911145
2,3354,0.9090911145
2,3355,0.9090911145
2,3356,0.9090911145
2,3357,0.9090911145
2,3358,0.9090911145
2,3359,0.9090911145
2,3360,0.9090911145
2,3361,0.9090911145
2,3362,0.9090911145
2,3363,0.9090911145
2,3364,0.9090911145
2,3365,0.9090911145
2,3366,0.9090911145
2,3367,0.9090911145
2,3368,0.9090911145
2,3369,0.9090911145
2,3370,0.9090911145
2,3371,0.9090911145
2,3372,0.9090911145
2,3373,0.9090911145
2,3374,0.9090911145
2,3375,0.9090911145
2,3376,0.9090911145
2,3377,0.9090911145
2,3378,0.9090911145
2,3379,0.9090911145
2,3380,0.9090911145
2,3381,0.9090911145
2,3382,0.9090911145
2,3383,0.9090911145
2,3384,0.9090911145
2,3385,0.9090911145
2,3386,0.9090911145
2,3387,0.9090911145
2,3388,0.9090911145
2,3389,0.9090911145
2,3390,0.9090911145
2,3391,0.9090911145
2,3392,0.9090911145
2,3393,0.9090911145
2,3394,0.9090911145
2,3395,0.9090911145
2,3396,0.9090911145
2,3397,0.9090911145
2,3398,0.9090911145
2,3399,0.9090911145
2,3400,0.9090911145
2,3401,0.9090911145
2,3402,0.9090911145
2,3403,0.9090911145
2,3404,0.9090911145
2,3405,0.9090911145
2,3406,0.9090911145
2,3407,0.9090911145
2,3408,0.9090911145
2,3409,0.9090911145
2,3410,0.9090911145
2,3411,0.9090911145
2,3412,0.9090911145
2,3413,0.9090911145
2,3414,0.9090911145
2,3415,0.9090911145
2,3416,0.9090911145
2,3417,0.9090911145
2,3418,0.9090911145
2,3419,0.9090911145
2,3420,0.9090911145
2,3421,0.9090911145
2,3422,0.9090911145
2,3423,0.9090911145
2,3424,0.9090911145
2,3425,0.9090911145
2,3426,0.9090911145
2,3427,0.9090911145
2,3428,0.9090911145
2,3429,0.9090911145
2,3430,0.9090911145
2,3431,0.9090911145
2,3432,0.9090911145
2,3433,0.9090911145
2,3434,0.9090911145
2,3435,0.9090911145
2,3436,0.9090911145
2,3437,0.9090911145
2,3438,0.9090911145
2,3439,0.9090911145
2,3440,0.9090911145
2,3441,0.9090911145
2,3442,0.9090911145
2,3443,0.9090911145
2,3444,0.9090911145
2,3445,0.9090911145
2,3446,0.9090911145
2,3447,0.9090911145
2,3448,0.9090911145
2,3449,0.9090911145
2,3450,0.9090911145
2,3451,0.9090911145
2,3452,0.9090911145
2,3453,0.9090911145
2,3454,0.9090911145
2,3455,0.9090911145
2,3456,0.9090911145
2,3457,0.9090911145
2,3458,0.9090911145
2,3459,0.9090911145
2,3460,0.9090911145
2,3461,0.9090911145
2,3462,0.9090911145
2,3463,0.9090911145
2,3464,0.9090911145
2,3465,0.9090911145
2,3466,0.9090911145
2,3467,0.9090911145
2,3468,0.9090911145
2,3469,0.9090911145
2,3470,0.9090911145
2,3471,0.9090911145
2,3472,0.9090911145
2,3473,0.9090911145
2,3474,0.9090911145
2,3475,0.9090911145
2,3476,0.9090911145
2,3477,0.9090911145
2,3478,0.9090911145
2,3479,0.9090911145
2,3480,0.9090911145
2,3481,0.9090911145
2,3482,0.9090911145
2,3483,0.9090911145
2,3484,0.9090911145
2,3485,0.9090911145
2,3486,0.9090911145
2,3487,0.9090911145
2,3488,0.9090911145
2,3489,0.9090911145
2,3490,0.9090911145
2,3491,0.9090911145
2,3492,0.9090911145
2,3493,0.9090911145
2,3494,0.9090911145
2,3495,0.9090911145
2,3496,0.9090911145
2,3497,0.9090911145
2,3498,0.9090911145
2,3499,0.9090911145
2,3500,0.9090911145
2,3501,0.9090911145
2,3502,0.9090911145
2,3503,0.9090911145
2,3504,0.9090911145
2,3505,0.9090911145
2,3506,0.9090911145
2,3507,0.9090911145
2,3508,0.9090911145
2,3509,0.9090911145
2,3510,0.9090911145
2,3511,0.9090911145
2,3512,0.9090911145
2,3513,0.9090911145
2,3514,0.9090911145
2,3515,0.9090911145
2,3516,0.9090911145
2,3517,0.9090911145
2,3518,0.9090911145
2,3519,0.9090911145
2,3520,0.9090911145
2,3521,0.9090911145
2,3522,0.9090911145
2,3523,0.9090911145
2,3524,0.9090911145
2,3525,0.9090911145
2,3526,0.9090911145
2,3527,0.9090911145
2,3528,0.9090911145
2,3529,0.9090911145
2,3530,0.9090911145
2,3531,0.9090911145
2,3532,0.9090911145
2,3533,0.9090911145
2,3534,0.9090911145
2,3535,0.9090911145
2,3536,0.9090911145
2,3537,0.9090911145
2,3538,0.9090911145
2,3539,0.9090911145
2,3540,0.9090911145
2,3541,0.9090911145
2,3542,0.9090911145
2,3543,0.9090911145
2,3544,0.9090911145
2,3545,0.9090911145
2,3546,0.9090911145
2,3547,0.9090911145
2,3548,0.9090911145
2,3549,0.9090911145
2,3550,0.9090911145
2,3551,0.9090911145
2,3552,0.9090911145
2,3553,0.9090911145
2,3554,0.9090911145
2,3555,0.9090911145
2,3556,0.9090911145
2,3557,0.9090911145
2,3558,0.9090911145
2,3559,0.9090911145
2,3560,0.9090911145
2,3561,0.9090911145
2,3562,0.9090911145
2,3563,0.9090911145
2,3564,0.9090911145
2,3565,0.9090911145
2,3566,0.9090911145
2,3567,0.9090911145
2,3568,0.9090911145
2,3569,0.9090911145
2,3570,0.9090911145
2,3571,0.9090911145
2,3572,0.9090911145
2,3573,0.9090911145
2,3574,0.9090911145
2,3575,0.9090911145
2,3576,0.9090911145
2,3577,0.9090911145
2,3578,0.9090911145
2,3579,0.9090911145
2,3580,0.9090911145
2,3581,0.9090911145
2,3582,0.9090911145
2,3583,0.9090911145
2,3584,0.9090911145
2,3585,0.9090911145
2,3586,0.9090911145
2,3587,0.9090911145
2,3588,0.9090911145
2,3589,0.9090911145
2,3590,0.9090911145
2,3591,0.9090911145
2,3592,0.9090911145
2,3593,0.9090911145
2,3594,0.9090911145
2,3595,0.9090911145
2,3596,0.9090911145
2,3597,0.9090911145
2,3598,0.9090911145
2,3599,0.9090911145
2,3600,0.9090911145
2,3601,0.9090911145
2,3602,0.9090911145
2,3603,0.9090911145
2,3604,0.9090911145
2,3605,0.9090911145
2,3606,0.9090911145
2,3607,0.9090911145
2,3608,0.9090911145
2,3609,0.9090911145
2,3610,0.9090911145
2,3611,0.9090911145
2,3612,0.9090911145
2,3613,0.9090911145
2,3614,0.9090911145
2,3615,0.9090911145
2,3616,0.9090911145
2,3617,0.9090911145
2,3618,0.9090911145
2,3619,0.9090911145
2,3620,0.9090911145
2,3621,0.9090911145
2,3622,0.9090911145
2,3623,0.9090911145
2,3624,0.9090911145
2,3625,0.9090911145
2,3626,0.9090911145
2,3627,0.9090911145
2,3628,0.9090911145
2,3629,0.9090911145
2,3630,0.9090911145
2,3631,0.9090911145
2,3632,0.9090911145
2,3633,0.9090911145
2,3634,0.9090911145
2,3635,0.9090911145
2,3636,0.9090911145
2,3637,0.9090911145
2,3638,0.9090911145
2,3639,0.9090911145
2,3640,0.9090911145
2,3641,0.9090911145
2,3642,0.9090911145
2,3643,0.9090911145
2,3644,0.9090911145
2,3645,0.9090911145
2,3646,0.9090911145
2,3647,0.9090911145
2,3648,0.9090911145
2,3649,0.9090911145
2,3650,0.9090911145
2,3651,0.9090911145
2,3652,0.9090911145
2,3653,0.9090911145
2,3654,0.9090911145
2,3655,0.9090911145
2,3656,0.9090911145
2,3657,0.9090911145
2,3658,0.9090911145
2,3659,0.9090911145
2,3660,0.9090911145
2,3661,0.9090911145
2,3662,0.9090911145
2,3663,0.9090911145
2,3664,0.9090911145
2,3665,0.9090911145
2,3666,0.9090911145
2,3667,0.9090911145
2,3668,0.9090911145
2,3669,0.9090911145
2,3670,0.9090911145
2,3671,0.9090911145
2,3672,0.9090911145
2,3673,0.9090911145
2,3674,0.9090911145
2,3675,0.9090911145
2,3676,0.9090911145
2,3677,0.9090911145
2,3678,0.9090911145
2,3679,0.9090911145
2,3680,0.9090911145
2,3681,0.9090911145
2,3682,0.9090911145
2,3683,0.9090911145
2,3684,0.9090911145
2,3685,0.9090911145
2,3686,0.9090911145
2,3687,0.9090911145
2,3688,0.9090911145
2,3689,0.9090911145
2,3690,0.9090911145
2,3691,0.9090911145
2,3692,0.9090911145
2,3693,0.9090911145
2,3694,0.9090911145
2,3695,0.9090911145
2,3696,0.9090911145
2,3697,0.9090911145
2,3698,0.9090911145
2,3699,0.9090911145
2,3700,0.9090911145
2,3701,0.9090911145
2,3702,0.9090911145
2,3703,0.9090911145
2,3704,0.9090911145
2,3705,0.9090911145
2,3706,0.9090911145
2,3707,0.9090911145
2,3708,0.9090911145
2,3709,0.9090911145
2,3710,0.9090911145
2,3711,0.9090911145
2,3712,0.9090911145
2,3713,0.9090911145
2,3714,0.9090911145
2,3715,0.9090911145
2,3716,0.9090911145
2,3717,0.9090911145
2,3718,0.9090911145
2,3719,0.9090911145
2,3720,0.9090911145
2,3721,0.9090911145
2,3722,0.9090911145
2,3723,0.9090911145
2,3724,0.9090911145
2,3725,0.9090911145
2,3726,0.9090911145
2,3727,0.9090911145
2,3728,0.9090911145
2,3729,0.9090911145
2,3730,0.9090911145
2,3731,0.9090911145
2,3732,0.9090911145
2,3733,0.9090911145
2,3734,0.9090911145
2,3735,0.9090911145
2,3736,0.9090911145
2,3737,0.9090911145
2,3738,0.9090911145
2,3739,0.9090911145
2,3740,0.9090911145
2,3741,0.9090911145
2,3742,0.9090911145
2,3743,0.9090911145
2,3744,0.9090911145
2,3745,0.9090911145
2,3746,0.9090911145
2,3747,0.9090911145
2,3748,0.9090911145
2,3749,0.9090911145
2,3750,0.9090911145
2,3751,0.9090911145
2,3752,0.9090911145
2,3753,0.9090911145
2,3754,0.9090911145
2,3755,0.9090911145
2,3756,0.9090911145
2,3757,0.9090911145
2,3758,0.9090911145
2,3759,0.9090911145
2,3760,0.9090911145
2,3761,0.9090911145
2,3762,0.9090911145
2,3763,0.9090911145
2,3764,0.9090911145
2,3765,0.9090911145
2,3766,0.9090911145
2,3767,0.9090911145
2,3768,0.9090911145
2,3769,0.9090911145
2,3770,0.9090911145
2,3771,0.9090911145
2,3772,0.9090911145
2,3773,0.9090911145
2,3774,0.9090911145
2,3775,0.9090911145
2,3776,0.9090911145
2,3777,0.9090911145
2,3778,0.9090911145
2,3779,0.9090911145
2,3780,0.9090911145
2,3781,0.9090911145
2,3782,0.9090911145
2,3783,0.9090911145
2,3784,0.9090911145
2,3785,0.9090911145
2,3786,0.9090911145
2,3787,0.9090911145
2,3788,0.9090911145
2,3789,0.9090911145
2,3790,0.9090911145
2,3791,0.9090911145
2,3792,0.9090911145
2,3793,0.9090911145
2,3794,0.9090911145
2,3795,0.9090911145
2,3796,0.9090911145
2,3797,0.9090911145
2,3798,0.9090911145
2,3799,0.9090911145
2,3800,0.9090911145
2,3801,0.9090911145
2,3802,0.9090911145
2,3803,0.9090911145
2,3804,0.9090911145
2,3805,0.9090911145
2,3806,0.9090911145
2,3807,0.9090911145
2,3808,0.9090911145
2,3809,0.9090911145
2,3810,0.9090911145
2,3811,0.9090911145
2,3812,0.9090911145
2,3813,0.9090911145
2,3814,0.9090911145
2,3815,0.9090911145
2,3816,0.9090911145
2,3817,0.9090911145
2,3818,0.9090911145
2,3819,0.9090911145
2,3820,0.9090911145
2,3821,0.9090911145
2,3822,0.9090911145
2,3823,0.9090911145
2,3824,0.9090911145
2,3825,0.9090911145
2,3826,0.9090911145
2,3827,0.9090911145
2,3828,0.9090911145
2,3829,0.9090911145
2,3830,0.9090911145
2,3831,0.9090911145
2,3832,0.9090911145
2,3833,0.9090911145
2,3834,0.9090911145
2,3835,0.9090911145
2,3836,0.9090911145
2,3837,0.9090911145
2,3838,0.9090911145
2,3839,0.9090911145
2,3840,0.9090911145
2,3841,0.9090911145
2,3842,0.9090911145
2,3843,0.9090911145
2,3844,0.9090911145
2,3845,0.9090911145
2,3846,0.9090911145
2,3847,0.9090911145
2,3848,0.9090911145
2,3849,0.9090911145
2,3850,0.9090911145
2,3851,0.9090911145
2,3852,0.9090911145
2,3853,0.9090911145
2,3854,0.9090911145
2,3855,0.9090911145
2,3856,0.9090911145
2,3857,0.9090911145
2,3858,0.9090911145
2,3859,0.9090911145
2,3860,0.9090911145
2,3861,0.9090911145
2,3862,0.9090911145
2,3863,0.9090911145
2,3864,0.9090911145
2,3865,0.9090911145
2,3866,0.9090911145
2,3867,0.9090911145
2,3868,0.9090911145
2,3869,0.9090911145
2,3870,0.9090911145
2,3871,0.9090911145
2,3872,0.9090911145
2,3873,0.9090911145
2,3874,0.9090911145
2,3875,0.9090911145
2,3876,0.9090911145
2,3877,0.9090911145
2,3878,0.9090911145
2,3879,0.9090911145
2,3880,0.9090911145
2,3881,0.9090911145
2,3882,0.9090911145
2,3883,0.9090911145
2,3884,0.9090911145
2,3885,0.9090911145
2,3886,0.9090911145
2,3887,0.9090911145
2,3888,0.9090911145
2,3889,0.9090911145
2,3890,0.9090911145
2,3891,0.9090911145
2,3892,0.9090911145
2,3893,0.9090911145
2,3894,0.9090911145
2,3895,0.9090911145
2,3896,0.9090911145
2,3897,0.9090911145
2,3898,0.9090911145
2,3899,0.9090911145
2,3900,0.9090911145
2,3901,0.9090911145
2,3902,0.9090911145
2,3903,0.9090911145
2,3904,0.9090911145
2,3905,0.9090911145
2,3906,0.9090911145
2,3907,0.9090911145
2,3908,0.9090911145
2,3909,0.9090911145
2,3910,0.9090911145
2,3911,0.9090911145
2,3912,0.9090911145
2,3913,0.9090911145
2,3914,0.9090911145
2,3915,0.9090911145
2,3916,0.9090911145
2,3917,0.9090911145
2,3918,0.9090911145
2,3919,0.9090911145
2,3920,0.9090911145
2,3921,0.9090911145
2,3922,0.9090911145
2,3923,0.9090911145
2,3924,0.9090911145
2,3925,0.9090911145
2,3926,0.9090911145
2,3927,0.9090911145
2,3928,0.9090911145
2,3929,0.9090911145
2,3930,0.9090911145
2,3931,0.9090911145
2,3932,0.9090911145
2,3933,0.9090911145
2,3934,0.9090911145
2,3935,0.9090911145
2,3936,0.9090911145
2,3937,0.9090911145
2,3938,0.9090911145
2,3939,0.9090911145
2,3940,0.9090911145
2,3941,0.9090911145
2,3942,0.9090911145
2,3943,0.9090911145
2,3944,0.9090911145
2,3945,0.9090911145
2,3946,0.9090911145
2,3947,0.9090911145
2,3948,0.9090911145
2,3949,0.9090911145
2,3950,0.9090911145
2,3951,0.9090911145
2,3952,0.9090911145
2,3953,0.9090911145
2,3954,0.9090911145
2,3955,0.9090911145
2,3956,0.9090911145
2,3957,0.9090911145
2,3958,0.9090911145
2,3959,0.9090911145
2,3960,0.9090911145
2,3961,0.9090911145
2,3962,0.9090911145
2,3963,0.9090911145
2,3964,0.9090911145
2,3965,0.9090911145
2,3966,0.9090911145
2,3967,0.9090911145
2,3968,0.9090911145
2,3969,0.9090911145
2,3970,0.9090911145
2,3971,0.9090911145
2,3972,0.9090911145
2,3973,0.9090911145
2,3974,0.9090911145
2,3975,0.9090911145
2,3976,0.9090911145
2,3977,0.9090911145
2,3978,0.9090911145
2,3979,0.9090911145
2,3980,0.9090911145
2,3981,0.9090911145
2,3982,0.9090911145
2,3983,0.9090911145
2,3984,0.9090911145
2,3985,0.9090911145
2,3986,0.9090911145
2,3987,0.9090911145
2,3988,0.9090911145
2,3989,0.9090911145
2,3990,0.9090911145
2,3991,0.9090911145
2,3992,0.9090911145
2,3993,0.9090911145
2,3994,0.9090911145
2,3995,0.9090911145
2,3996,0.9090911145
2,3997,0.9090911145
2,3998,0.9090911145
2,3999,0.9090911145
2,4000,0.9090911145
2,4001,0.9090911145
2,4002,0.9090911145
2,4003,0.9090911145
2,4004,0.9090911145
2,4005,0.9090911145
2,4006,0.9090911145
2,4007,0.9090911145
2,4008,0.9090911145
2,4009,0.9090911145
2,4010,0.9090911145
2,4011,0.9090911145
2,4012,0.9090911145
2,4013,0.9090911145
2,4014,0.9090911145
2,4015,0.9090911145
2,4016,0.9090911145
2,4017,0.9090911145
2,4018,0.9090911145
2,4019,0.9090911145
2,4020,0.9090911145
2,4021,0.9090911145
2,4022,0.9090911145
2,4023,0.9090911145
2,4024,0.9090911145
2,4025,0.9090911145
2,4026,0.9090911145
2,4027,0.9090911145
2,4028,0.9090911145
2,4029,0.9090911145
2,4030,0.9090911145
2,4031,0.9090911145
2,4032,0.9090911145
2,4033,0.9090911145
2,4034,0.9090911145
2,4035,0.9090911145
2,4036,0.9090911145
2,4037,0.9090911145
2,4038,0.9090911145
2,4039,0.9090911145
2,4040,0.9090911145
2,4041,0.9090911145
2,4042,0.9090911145
2,4043,0.9090911145
2,4044,0.9090911145
2,4045,0.9090911145
2,4046,0.9090911145
2,4047,0.9090911145
2,4048,0.9090911145
2,4049,0.9090911145
2,4050,0.9090911145
2,4051,0.9090911145
2,4052,0.9090911145
2,4053,0.9090911145
2,4054,0.9090911145
2,4055,0.9090911145
2,4056,0.9090911145
2,4057,0.9090911145
2,4058,0.9090911145
2,4059,0.9090911145
2,4060,0.9090911145
2,4061,0.9090911145
2,4062,0.9090911145
2,4063,0.9090911145
2,4064,0.9090911145
2,4065,0.9090911145
2,4066,0.9090911145
2,4067,0.9090911145
2,4068,0.9090911145
2,4069,0.9090911145
2,4070,0.9090911145
2,4071,0.9090911145
2,4072,0.9090911145
2,4073,0.9090911145
2,4074,0.9090911145
2,4075,0.9090911145
2,4076,0.9090911145
2,4077,0.9090911145
2,4078,0.9090911145
2,4079,0.9090911145
2,4080,0.9090911145
2,4081,0.9090911145
2,4082,0.9090911145
2,4083,0.9090911145
2,4084,0.9090911145
2,4085,0.9090911145
2,4086,0.9090911145
2,4087,0.9090911145
2,4088,0.9090911145
2,4089,0.9090911145
2,4090,0.9090911145
2,4091,0.9090911145
2,4092,0.9090911145
2,4093,0.9090911145
2,4094,0.9090911145
2,4095,0.9090911145
2,4096,0.9090911145
2,4097,0.9090911145
2,4098,0.9090911145
2,4099,0.9090911145
2,4100,0.9090911145
2,4101,0.9090911145
2,4102,0.9090911145
2,4103,0.9090911145
2,4104,0.9090911145
2,4105,0.9090911145
2,4106,0.9090911145
2,4107,0.9090911145
2,4108,0.9090911145
2,4109,0.9090911145
2,4110,0.9090911145
2,4111,0.9090911145
2,4112,0.9090911145
2,4113,0.9090911145
2,4114,0.9090911145
2,4115,0.9090911145
2,4116,0.9090911145
2,4117,0.9090911145
2,4118,0.9090911145
2,4119,0.9090911145
2,4120,0.9090911145
2,4121,0.9090911145
2,4122,0.9090911145
2,4123,0.9090911145
2,4124,0.9090911145
2,4125,0.9090911145
2,4126,0.9090911145
2,4127,0.9090911145
2,4128,0.9090911145
2,4129,0.9090911145
2,4130,0.9090911145
2,4131,0.9090911145
2,4132,0.9090911145
2,4133,0.9090911145
2,4134,0.9090911145
2,4135,0.9090911145
2,4136,0.9090911145
2,4137,0.9090911145
2,4138,0.9090911145
2,4139,0.9090911145
2,4140,0.9090911145
2,4141,0.9090911145
2,4142,0.9090911145
2,4143,0.9090911145
2,4144,0.9090911145
2,4145,0.9090911145
2,4146,0.9090911145
2,4147,0.9090911145
2,4148,0.9090911145
2,4149,0.9090911145
2,4150,0.9090911145
2,4151,0.9090911145
2,4152,0.9090911145
2,4153,0.9090911145
2,4154,0.9090911145
2,4155,0.9090911145
2,4156,0.9090911145
2,4157,0.9090911145
2,4158,0.9090911145
2,4159,0.9090911145
2,4160,0.9090911145
2,4161,0.9090911145
2,4162,0.9090911145
2,4163,0.9090911145
2,4164,0.9090911145
2,4165,0.9090911145
2,4166,0.9090911145
2,4167,0.9090911145
2,4168,0.9090911145
2,4169,0.9090911145
2,4170,0.9090911145
2,4171,0.9090911145
2,4172,0.9090911145
2,4173,0.9090911145
2,4174,0.9090911145
2,4175,0.9090911145
2,4176,0.9090911145
2,4177,0.9090911145
2,4178,0.9090911145
2,4179,0.9090911145
2,4180,0.9090911145
2,4181,0.9090911145
2,4182,0.9090911145
2,4183,0.9090911145
2,4184,0.9090911145
2,4185,0.9090911145
2,4186,0.9090911145
2,4187,0.9090911145
2,4188,0.9090911145
2,4189,0.9090911145
2,4190,0.9090911145
2,4191,0.9090911145
2,4192,0.9090911145
2,4193,0.9090911145
2,4194,0.9090911145
2,4195,0.9090911145
2,4196,0.9090911145
2,4197,0.9090911145
2,4198,0.9090911145
2,4199,0.9090911145
3,0,11.48687189
3,1,8.059211397
3,2,8.931732452
3,3,8.284297261
3,4,12.73434252
3,5,11.61116309
3,6,18.29196696
3,7,21.72213852
3,8,11.89834621
3,9,16.73281062
3,10,6.968175769
3,11,7.847202639
3,12,22.26707719
3,13,10.52960577
3,14,7.894117197
3,15,8.329867853
3,16,16.28019157
3,17,8.285357867
3,18,15.76154972
3,19,6.831032562
3,20,15.65931202
3,21,6.097889566
3,22,14.01898662
3,23,4.684115557
3,24,20.71939335
3,25,12.23372026
3,26,8.348252793
3,27,14.71321243
3,28,11.06084464
3,29,8.43870531
3,30,12.97080678
3,31,10.50051354
3,32,15.50441738
3,33,9.391937994
3,34,12.41758325
3,35,15.66636051
3,36,5.7856118
3,37,9.683763847
3,38,11.89392341
3,39,10.70880007
3,40,4.385143909
3,41,9.743100507
3,42,5.778127878
3,43,8.653771479
3,44,8.589347249
3,45,5.93282163
3,46,25.05982374
3,47,4.361021781
3,48,19.25870919
3,49,5.904942751
3,50,12.57088451
3,51,14.81464486
3,52,14.304101
3,53,10.78102756
3,54,9.82810851
3,55,0.9075170835
3,56,12.56845693
3,57,12.04892391
3,58,12.4166982
3,59,9.599769948
3,60,9.632153469
3,61,13.43387354
3,62,12.94368182
3,63,11.41100592
3,64,8.045085002
3,65,7.460126586
3,66,12.38247783
3,67,15.81364569
3,68,20.62737316
3,69,6.681709465
3,70,32.88431029
3,71,17.82796567
3,72,6.397909187
3,73,8.784624258
3,74,19.67155485
3,75,15.25826815
3,76,16.9731523
3,77,5.777575015
3,78,24.26840047
3,79,9.036667023
3,80,11.55926996
3,81,12.62539082
3,82,9.827266926
3,83,18.02701948
3,84,10.81888372
3,85,14.19957211
3,86,9.092936655
3,87,5.507046161
3,88,21.70498766
3,89,4.912020316
3,90,12.75425749
3,91,7.591922467
3,92,17.69722725
3,93,10.76178528
3,94,21.98877043
3,95,9.276621019
3,96,7.963219338
3,97,17.93641467
3,98,5.485728776
3,99,15.10689302
3,100,9.336266853
3,101,6.192419273
3,102,16.70072351
3,103,5.038412763
3,104,15.68072362
3,105,5.193542512
3,106,11.99357567
3,107,15.10346271
3,108,15.23576971
3,109,21.54735743
3,110,10.57564147
3,111,16.77927492
3,112,13.0739818
3,113,9.800422348
3,114,12.83014054
3,115,11.98978585
3,116,8.226738303
3,117,15.09769352
3,118,8.617174876
3,119,9.035473886
3,120,12.33713229
3,121,6.190281071
3,122,13.90506618
3,123,11.51173396
3,124,8.641930445
3,125,13.06182146
3,126,8.747392893
3,127,11.34304187
3,128,9.937818901
3,129,7.380287448
3,130,11.28654867
3,131,8.531223601
3,132,10.76245684
3,133,10.01688532
3,134,12.91965274
3,135,6.584458931
3,136,9.371255175
3,137,4.084700881
3,138,6.060711497
3,139,10.9341687
3,140,12.58723531
3,141,5.872001708
3,142,9.893776861
3,143,10.37182307
3,144,4.695369834
3,145,7.461040915
3,146,17.11842032
3,147,11.2813381
3,148,4.065608101
3,149,12.92614902
3,150,5.83768869
3,151,11.67537286
3,152,12.0636761
3,153,6.313820249
3,154,17.98485631
3,155,17.43106771
3,156,10.24314075
3,157,17.64126367
3,158,5.271522533
3,159,8.556693792
3,160,13.2743294
3,161,13.12644644
3,162,4.415678185
3,163,10.85113949
3,164,7.132766504
3,165,10.21523129
3,166,15.68932843
3,167,14.71099098
3,168,15.60507929
3,169,8.98864738
3,170,5.123716305
3,171,15.69815925
3,172,3.804387811
3,173,14.95844883
3,174,5.887281719
3,175,18.6870051
3,176,11.77866247
3,177,13.5193064
3,178,10.54318898
3,179,8.581967664
3,180,11.32696286
3,181,3.019738845
3,182,12.22567827
3,183,4.976930524
3,184,11.09365432
3,185,11.57607599
3,186,8.881761445
3,187,17.9414149
3,188,12.53980192
3,189,8.959220634
3,190,21.82659711
3,191,10.15167514
3,192,5.46844657
3,193,13.33271058
3,194,5.923440112
3,195,6.431201497
3,196,7.818591424
3,197,5.906167613
3,198,13.19839441
3,199,7.161897493
3,200,4.84163356
3,201,4.947951525
3,202,18.38268315
3,203,11.47681687
3,204,16.82166474
3,205,13.95741172
3,206,9.64737071
3,207,8.346269398
3,208,7.629550928
3,209,4.91572193
3,210,10.70740547
3,211,11.71797414
3,212,5.870866046
3,213,7.772614631
3,214,8.767875375
3,215,7.489969438
3,216,12.53915743
3,217,8.061292256
3,218,11.35341995
3,219,10.67451195
3,220,11.89929158
3,221,12.18097006
3,222,20.11212999
3,223,13.11005445
3,224,8.729273336
3,225,11.36897234
3,226,11.48010424
3,227,10.85083387
3,228,10.90412869
3,229,9.012795101
3,230,10.43551048
3,231,11.2673598
3,232,9.99941822
3,233,15.26538198
3,234,11.96435954
3,235,4.707212457
3,236,15.23950824
3,237,10.29229853
3,238,5.560366354
3,239,14.17278202
3,240,9.130594948
3,241,11.11569983
3,242,9.985260043
3,243,10.93517342
3,244,9.915846235
3,245,1.849553239
3,246,9.652127686
3,247,13.98659339
3,248,6.511773061
3,249,7.02993699
3,250,6.585335607
3,251,8.535741053
3,252,9.088753107
3,253,9.914267186
3,254,7.693453925
3,255,7.116289119
3,256,11.76596185
3,257,6.161987755
3,258,4.890868513
3,259,8.89714562
3,260,14.23637133
3,261,10.23174164
3,262,4.248441174
3,263,27.84713787
3,264,11.13996764
3,265,7.31676191
3,266,6.491797708
3,267,1.849553239
3,268,9.337045968
3,269,6.375001862
3,270,6.215806241
3,271,6.69545041
3,272,5.104942699
3,273,7.226596276
3,274,7.717691694
3,275,11.67964635
3,276,6.144824665
3,277,8.875921098
3,278,7.765078109
3,279,6.636598918
3,280,7.088717568
3,281,12.29314991
3,282,7.415389245
3,283,27.09970842
3,284,10.2140168
3,285,8.446536574
3,286,19.71471482
3,287,9.333726266
3,288,6.833208407
3,289,9.978005645
3,290,6.922129696
3,291,7.919201073
3,292,10.85479228
3,293,7.966107204
3,294,7.134201419
3,295,7.489778981
3,296,10.26982835
3,297,9.239400457
3,298,9.780011912
3,299,9.74733166
3,300,6.263785724
3,301,14.09322499
3,302,12.95739971
3,303,9.658607991
3,304,13.24204698
3,305,10.37402329
3,306,14.26372763
3,307,6.750802974
3,308,6.142235165
3,309,7.730886097
3,310,4.648221995
3,311,20.30521069
3,312,10.68426147
3,313,10.39553158
3,314,6.985469696
3,315,8.068938224
3,316,10.2427443
3,317,11.63134829
3,318,6.146398696
3,319,7.683443247
3,320,10.45879747
3,321,7.852085497
3,322,7.022973246
3,323,6.181438734
3,324,7.584339904
3,325,11.43424193
3,326,6.561602562
3,327,6.712095904
3,328,6.339388813
3,329,9.470600271
3,330,5.285765291
3,331,4.322184191
3,332,6.131223957
3,333,4.6119617
3,334,5.758352036
3,335,8.664924907
3,336,13.69485675
3,337,9.153427012
3,338,4.608965206
3,339,7.848135988
3,340,6.354077626
3,341,15.61260069
3,342,12.83192714
3,343,13.39227806
3,344,8.869307486
3,345,4.598314195
3,346,13.45065526
3,347,4.752805797
3,348,15.10341904
3,349,11.13276423
3,350,7.005581135
3,351,5.319200454
3,352,9.844568005
3,353,6.185504917
3,354,4.464399988
3,355,14.35322657
3,356,16.54312859
3,357,4.540149518
3,358,7.298774996
3,359,6.323288715
3,360,8.547497681
3,361,6.291544066
3,362,15.06716178
3,363,7.05410503
3,364,16.11262107
3,365,7.861352097
3,366,3.630445475
3,367,23.62974905
3,368,9.032851662
3,369,10.52255948
3,370,12.44359742
3,371,7.644221389
3,372,7.542377613
3,373,11.18927115
3,374,6.216457715
3,375,10.30117777
3,376,10.93589271
3,377,10.15811502
3,378,6.935346783
3,379,5.518632816
3,380,8.842609565
3,381,6.694842704
3,382,10.47496263
3,383,12.61261112
3,384,7.913724927
3,385,7.849414947
3,386,12.94162473
3,387,3.841112279
3,388,6.054259535
3,389,6.573542579
3,390,8.335384664
3,391,10.72368164
3,392,2.628617273
3,393,12.66043106
3,394,8.060678628
3,395,4.625285961
3,396,6.768767989
3,397,7.620142631
3,398,4.942958364
3,399,12.59254761
3,400,8.913303746
3,401,5.323269985
3,402,7.15853724
3,403,5.990948997
3,404,10.12138917
3,405,9.502521598
3,406,6.587651574
3,407,9.998906766
3,408,6.802881795
3,409,11.77732365
3,410,5.657457025
3,411,10.53212306
3,412,9.483979215
3,413,7.876897743
3,414,4.413660397
3,415,5.538690218
3,416,13.39674147
3,417,6.399546894
3,418,7.94995929
3,419,7.690582919
3,420,3.888615274
3,421,11.53033285
3,422,8.4156378
3,423,10.14722588
3,424,4.275626797
3,425,6.766927938
3,426,8.302493283
3,427,13.2421766
3,428,5.451065535
3,429,7.962445706
3,430,2.163405036
3,431,5.552449892
3,432,7.18860657
3,433,11.36367743
3,434,6.390571561
3,435,9.859921422
3,436,7.388209101
3,437,9.319492107
3,438,15.47315748
3,439,8.829488422
3,440,9.062155215
3,441,8.102033982
3,442,6.548898383
3,443,10.67797526
3,444,2.660485663
3,445,8.061617141
3,446,10.65023917
3,447,13.57738983
3,448,6.078440611
3,449,6.486966944
3,450,6.216988517
3,451,5.475999542
3,452,10.9315417
3,453,9.676098441
3,454,8.510757474
3,455,5.455473965
3,456,7.22421924
3,457,5.676111856
3,458,6.231529622
3,459,4.075557014
3,460,3.060993148
3,461,6.186224719
3,462,5.890179835
3,463,11.2402517
3,464,6.204227365
3,465,7.94795461
3,466,5.029220614
3,467,6.487826834
3,468,6.976241637
3,469,4.071739759
3,470,3.069616088
3,471,14.62311211
3,472,6.262352597
3,473,7.747754142
3,474,6.847352512
3,475,6.196665109
3,476,9.533967828
3,477,9.382687484
3,478,6.354201572
3,479,4.845104889
3,480,8.81459746
3,481,7.116826391
3,482,7.237233478
3,483,9.225444545
3,484,5.680673645
3,485,6.932740928
3,486,5.478264026
3,487,6.873377223
3,488,9.626036942
3,489,7.16787045
3,490,7.013229861
3,491,7.891167758
3,492,12.33479882
3,493,8.677832737
3,494,5.301126742
3,495,7.17782356
3,496,2.198702094
3,497,8.514637152
3,498,6.955996436
3,499,8.180299322
3,500,12.54285711
3,501,8.556295802
3,502,7.293913558
3,503,6.450426804
3,504,7.94249474
3,505,6.203701926
3,506,4.329378462
3,507,6.46558676
3,508,6.381566524
3,509,9.103013471
3,510,5.591922467
3,511,8.678643847
3,512,3.994814987
3,513,5.44440358
3,514,8.748628115
3,515,9.688844257
3,516,5.248105917
3,517,13.15688622
3,518,2.678007903
3,519,7.499349265
3,520,8.356223414
3,521,5.660196605
3,522,13.4664907
3,523,5.709499151
3,524,7.461734167
3,525,8.513487749
3,526,7.0202907
3,527,7.390524735
3,528,7.297113214
3,529,8.481982348
3,530,4.739150236
3,531,6.301513388
3,532,7.516666586
3,533,9.521981559
3,534,3.917655508
3,535,8.196476658
3,536,4.827962521
3,537,4.245307227
3,538,10.18407694
3,539,5.705942033
3,540,2.603712948
3,541,15.50967887
3,542,4.27701176
3,543,3.717161097
3,544,9.779129348
3,545,5.884470159
3,546,5.460306825
3,547,7.961749751
3,548,6.071645407
3,549,8.665170549
3,550,10.03876379
3,551,3.053232918
3,552,5.884092884
3,553,5.769839066
3,554,6.337874095
3,555,3.588589426
3,556,5.392228322
3,557,7.517526032
3,558,8.044295458
3,559,6.13950783
3,560,3.799769442
3,561,3.641357435
3,562,4.552054784
3,563,4.034260553
3,564,8.156423004
3,565,5.728006267
3,566,8.452150543
3,567,8.031047761
3,568,3.708770516
3,569,8.121165095
3,570,4.72653173
3,571,9.610553679
3,572,6.621698005
3,573,5.540073792
3,574,5.40077193
3,575,6.625704939
3,576,6.695724562
3,577,6.460609761
3,578,4.445528093
3,579,2.843161956
3,580,3.069616088
3,581,4.957468252
3,582,8.946107616
3,583,10.48653925
3,584,7.065378938
3,585,6.457874371
3,586,6.301149194
3,587,6.279374066
3,588,5.515583194
3,589,9.720470751
3,590,1
3,591,6.91822517
3,592,6.836878927
3,593,4.545365411
3,594,7.235021178
3,595,7.70649476
3,596,4.690099443
3,597,4.31013557
3,598,6.027403111
3,599,2.451810846
3,600,7.133670566
3,601,5.153466595
3,602,4.939429613
3,603,3.411832195
3,604,5.204220258
3,605,6.053473054
3,606,10.04428618
3,607,9.115660562
3,608,7.056030061
3,609,6.962511625
3,610,7.232062884
3,611,7.777397347
3,612,6.127724155
3,613,8.035994116
3,614,8.493087328
3,615,5.293657999
3,616,9.120602872
3,617,5.722022398
3,618,5.612414693
3,619,5.973822716
3,620,10.5744544
3,621,3.791559635
3,622,3.316164954
3,623,4.679776316
3,624,6.667523455
3,625,3.273585655
3,626,5.562193209
3,627,5.967907406
3,628,6.036930231
3,629,6.410882095
3,630,3.812734055
3,631,7.547362278
3,632,5.3366862
3,633,3.616789913
3,634,7.433833864
3,635,3.770297092
3,636,6.365868587
3,637,4.148227718
3,638,7.522098349
3,639,4.631851743
3,640,7.692115375
3,641,4.263776083
3,642,6.419324911
3,643,6.33011976
3,644,6.493268853
3,645,2.044668456
3,646,7.119655435
3,647,5.169011062
3,648,8.99644816
3,649,1.690834655
3,650,6.791049321
3,651,7.427141673
3,652,3.273585655
3,653,6.685170039
3,654,4.72653173
3,655,3.250703008
3,656,5.833003378
3,657,5.684664765
3,658,7.582272074
3,659,3.272246399
3,660,7.556908661
3,661,6.71890894
3,662,6.749795018
3,663,4.687693768
3,664,11.19026638
3,665,5.518116546
3,666,13.22954028
3,667,8.348985379
3,668,4.814735683
3,669,9.842784049
3,670,3.842987403
3,671,6.152471695
3,672,3.238622013
3,673,3.25786704
3,674,5.177961715
3,675,5.03427566
3,676,6.954757359
3,677,6.872864741
3,678,3.234283528
3,679,3.312185247
3,680,5.784878221
3,681,6.48509635
3,682,3.814256113
3,683,4.847626732
3,684,5.205628302
3,685,3.021312876
3,686,9.849587605
3,687,2.22986486
3,688,4.256771872
3,689,11.89902643
3,690,10.83974422
3,691,4.257692487
3,692,6.527187215
3,693,6.814667201
3,694,7.068124517
3,695,3.99050629
3,696,8.581967664
3,697,4.298978925
3,698,6.71742495
3,699,2.283025604
3,700,7.17298894
3,701,4.712883246
3,702,4.026265382
3,703,7.29115353
3,704,3.964051188
3,705,3.827463795
3,706,9.27700455
3,707,7.661005413
3,708,1.253108752
3,709,2.243682886
3,710,3.734542077
3,711,2.660485663
3,712,5.485728776
3,713,5.73413863
3,714,5.453166627
3,715,4.739150236
3,716,7.208413189
3,717,5.534601781
3,718,3.485413464
3,719,3.801796069
3,720,8.486276053
3,721,6.822491955
3,722,6.057496495
3,723,7.938220497
3,724,3.728813904
3,725,2.616939786
3,726,2.044668456
3,727,2.218212053
3,728,4.309175781
3,729,6.442576364
3,730,7.300828399
3,731,7.769775406
3,732,2.834378803
3,733,4.86510394
3,734,9.019959331
3,735,3.273585655
3,736,3.345242918
3,737,4.294416955
3,738,3.126041405
3,739,1.08057851
3,740,5.544361075
3,741,7.135841195
3,742,4.366785854
3,743,6.569110208
3,744,4.983342028
3,745,1
3,746,8.475226658
3,747,3.112221761
3,748,4.343641125
3,749,6.113911808
3,750,3.349171171
3,751,6.695724562
3,752,4.341511247
3,753,4.029916784
3,754,7.766753385
3,755,7.334557917
3,756,4.867191024
3,757,4.844024209
3,758,3.616746285
3,759,11.23127968
3,760,10.13419793
3,761,5.119713877
3,762,4.851551433
3,763,6.778508807
3,764,4.102424648
3,765,4.590057318
3,766,6.279005607
3,767,4.828718844
3,768,6.948066262
3,769,6.334851897
3,770,2.218212053
3,771,5.513442388
3,772,2.093405193
3,773,1.690834655
3,774,4.073048074
3,775,2.827883378
3,776,3.353653026
3,777,5.974982613
3,778,5.290095803
3,779,3.640814867
3,780,4.649796026
3,781,6.071292044
3,782,0.9075170835
3,783,4.76488195
3,784,5.404329048
3,785,11.34394285
3,786,7.434439572
3,787,10.89786243
3,788,5.741239022
3,789,3.525322257
3,790,5.492362725
3,791,4.065608101
3,792,2.735547448
3,793,2.417226484
3,794,2.929090097
3,795,7.519356604
3,796,4.921038244
3,797,7.238371918
3,798,7.760367217
3,799,1.917173405
3,800,1
3,801,0.9090911145
3,802,5.239389589
3,803,6.010533602
3,804,6.861237297
3,805,2.876285766
3,806,4.956185202
3,807,4.792560451
3,808,1.08057851
3,809,9.067008832
3,810,5.71683197
3,811,7.493587697
3,812,9.749117291
3,813,2.283025604
3,814,4.913181529
3,815,6.782673096
3,816,6.900773325
3,817,4.810813666
3,818,3.798195411
3,819,5.662549286
3,820,7.298161368
3,821,3.238661458
3,822,0.9090911145
3,823,4.587840442
3,824,4.616198871
3,825,3.424407077
3,826,3.238288598
3,827,5.153466595
3,828,4.350623055
3,829,6.716079069
3,830,4.475745907
3,831,3.473760657
3,832,7.497539211
3,833,5.017468716
3,834,3.856593878
3,835,6.176154604
3,836,3.531679004
3,837,2.072496151
3,838,4.527371109
3,839,5.862591243
3,840,2.416513788
3,841,2.417226484
3,842,6.300129751
3,843,2.22986486
3,844,6.085629958
3,845,4.916823831
3,846,9.400588037
3,847,4.211889417
3,848,2.628617273
3,849,3.726131644
3,850,3.345242918
3,851,5.26768436
3,852,5.139619482
3,853,5.565293931
3,854,1.061482239
3,855,4.935276159
3,856,4.302192873
3,857,1.06305627
3,858,2.736560804
3,859,2.456087031
3,860,2.678007903
3,861,1.917173405
3,862,4.429801296
3,863,7.358964969
3,864,5.292501547
3,865,5.850660057
3,866,5.568197641
3,867,2.543965211
3,868,3.468913714
3,869,4.320084354
3,870,4.013081846
3,871,2.163405036
3,872,2.026693081
3,873,3.5757452
3,874,3.1196205
3,875,6.8891376
3,876,3.252247348
3,877,4.100256247
3,878,1.061482239
3,879,6.481971415
3,880,6.432540821
3,881,2.854239691
3,882,2.66410206
3,883,7.842269476
3,884,5.173938706
3,885,1.579875265
3,886,3.706314894
3,887,2.200276125
3,888,3.797706389
3,889,3.365330513
3,890,6.62987356
3,891,4.253411687
3,892,1.882358519
3,893,3.662904243
3,894,6.62713749
3,895,3.988433527
3,896,4.615025905
3,897,3.76083443
3,898,4.456500719
3,899,3.353653026
3,900,5.685151378
3,901,5.993014313
3,902,7.260593455
3,903,3.726408159
3,904,1.06305627
3,905,3.859187757
3,906,1.061482239
3,907,1.862780077
3,908,2.42887929
3,909,1
3,910,2.107793208
3,911,5.136343821
3,912,5.446989635
3,913,1.870913994
3,914,4.85266566
3,915,4.332976842
3,916,2.999960486
3,917,1.40220167
3,918,1.40220167
3,919,2.605286979
3,920,2.107793208
3,921,0.9075170835
3,922,2.872219958
3,923,1.405010854
3,924,3.32917212
3,925,2.606607792
3,926,5.423779461
3,927,1.23694941
3,928,2.263681936
3,929,3.27382043
3,930,1.06305627
3,931,2.036323675
3,932,3.712880661
3,933,5.097375232
3,934,2.056067097
3,935,2.056067097
3,936,5.671197771
3,937,2.543965211
3,938,3.690776213
3,939,4.151185818
3,940,3.213384273
3,941,1.862780077
3,942,4.693003154
3,943,4.240525
3,944,3.619191406
3,945,1
3,946,1.216950359
3,947,5.613917093
3,948,2.861615305
3,949,1.23694941
3,950,2.02502041
3,951,2.073544305
3,952,2.263681936
3,953,1.23694941
3,954,3.501073273
3,955,4.309642857
3,956,2.026732527
3,957,2.107793208
3,958,2.970573285
3,959,3.278432529
3,960,6.166554253
3,961,3.03431903
3,962,1.870913994
3,963,4.761756775
3,964,7.127541072
3,965,6.280560039
3,966,3.333687194
3,967,2.107311037
3,968,3.11744953
3,969,4.906685302
3,970,0.9090911145
3,971,0.9090911145
3,972,0.9090911145
3,973,1.744111979
3,974,0.9075170835
3,975,1.708814921
3,976,1.253108752
3,977,3.442384979
3,978,4.936989297
3,979,4.954062904
3,980,6.078254544
3,981,0.9075170835
3,982,1.93424961
3,983,0.9075170835
3,984,2.504946477
3,985,2.69009958
3,986,0.9075170835
3,987,0.9075170835
3,988,2.283025604
3,989,4.341366819
3,990,1.216950359
3,991,2.02502041
3,992,1.23694941
3,993,1.23694941
3,994,4.625285961
3,995,4.89085443
3,996,3.173704
3,997,3.424407077
3,998,2.854239691
3,999,4.488869595
3,1000,2.107793208
3,1001,0.9075170835
3,1002,1.405010854
3,1003,1.017935929
3,1004,2.141724095
3,1005,1.517232684
3,1006,1.517232684
3,1007,1.517232684
3,1008,1.517232684
3,1009,3.49177021
3,1010,5.955287872
3,1011,1.517232684
3,1012,1.253108752
3,1013,2.198702094
3,1014,1.849553239
3,1015,3.213384273
3,1016,3.62844272
3,1017,2.026732527
3,1018,2.026693081
3,1019,3.869855037
3,1020,3.575784645
3,1021,3.376744481
3,1022,1
3,1023,3.060993148
3,1024,1.517232684
3,1025,1.517232684
3,1026,3.288405741
3,1027,1.849553239
3,1028,1.862780077
3,1029,1.06305627
3,1030,3.411832195
3,1031,3.495506528
3,1032,2.380355395
3,1033,2.861615305
3,1034,2.211928932
3,1035,3.787603856
3,1036,2.292507442
3,1037,1.08057851
3,1038,1.467653435
3,1039,1
3,1040,1
3,1041,5.790818339
3,1042,3.892566652
3,1043,1.253108752
3,1044,1.875987758
3,1045,1.875987758
3,1046,1.875987758
3,1047,1.216950359
3,1048,2.494385962
3,1049,1
3,1050,1.216950359
3,1051,4.898457996
3,1052,3.312185247
3,1053,1.061482239
3,1054,2.650851077
3,1055,2.902763587
3,1056,2.315326066
3,1057,2.664058758
3,1058,1.875987758
3,1059,2.902763587
3,1060,1.690834655
3,1061,1.690834655
3,1062,1.690834655
3,1063,4.350623055
3,1064,4.036337689
3,1065,4.275723418
3,1066,2.073544305
3,1067,2.211928932
3,1068,1.405010854
3,1069,1.253108752
3,1070,1.898077134
3,1071,3.898091149
3,1072,2.163405036
3,1073,2.431743381
3,1074,2.453384877
3,1075,1.85112727
3,1076,2.036323675
3,1077,2.924809661
3,1078,1.061482239
3,1079,1.061482239
3,1080,1.862780077
3,1081,2.261758364
3,1082,1.849553239
3,1083,1.061482239
3,1084,2.380355395
3,1085,1.08057851
3,1086,3.292681926
3,1087,2.204366676
3,1088,2.778577359
3,1089,4.780151321
3,1090,4.210271652
3,1091,4.625285961
3,1092,4.054259535
3,1093,3.511002141
3,1094,3.842987403
3,1095,2.02502041
3,1096,1.23694941
3,1097,1.23694941
3,1098,2.211928932
3,1099,1.253108752
3,1100,1.898077134
3,1101,1.849553239
3,1102,1.862780077
3,1103,1.06305627
3,1104,4.907661375
3,1105,1.06305627
3,1106,1.06305627
3,1107,2.211928932
3,1108,1.216950359
3,1109,1.579875265
3,1110,4.448938026
3,1111,1.23694941
3,1112,1.23694941
3,1113,4.427261457
3,1114,4.335325048
3,1115,2.417226484
3,1116,1.23694941
3,1117,1.23694941
3,1118,1.23694941
3,1119,1.23694941
3,1120,3.449052826
3,1121,3.707334337
3,1122,1
3,1123,2.279841279
3,1124,2.273484532
3,1125,3.151902034
3,1126,1.253108752
3,1127,4.092938049
3,1128,2.66792956
3,1129,4.031490815
3,1130,2.506520508
3,1131,0.9090911145
3,1132,0.9090911145
3,1133,0.9090911145
3,1134,0.9090911145
3,1135,0.9090911145
3,1136,0.9090911145
3,1137,1.882358519
3,1138,3.526694476
3,1139,2.119446015
3,1140,0.9075170835
3,1141,0.9075170835
3,1142,0.9075170835
3,1143,3.084323442
3,1144,3.002440248
3,1145,1.017935929
3,1146,1.017935929
3,1147,1.017935929
3,1148,1.017935929
3,1149,1.017935929
3,1150,1.017935929
3,1151,1.017935929
3,1152,1.017935929
3,1153,1.017935929
3,1154,1.017935929
3,1155,3.333687194
3,1156,1.08057851
3,1157,1.08057851
3,1158,1.08057851
3,1159,1.08057851
3,1160,1.08057851
3,1161,1.08057851
3,1162,1.08057851
3,1163,1.08057851
3,1164,2.107311037
3,1165,4.432756668
3,1166,1.017935929
3,1167,1.017935929
3,1168,1.017935929
3,1169,1.017935929
3,1170,1.017935929
3,1171,1.017935929
3,1172,2.39344445
3,1173,1.017935929
3,1174,1.854530824
3,1175,1.253108752
3,1176,1.216950359
3,1177,2.056067097
3,1178,2.056067097
3,1179,2.056067097
3,1180,2.056067097
3,1181,2.056067097
3,1182,2.211928932
3,1183,1.216950359
3,1184,2.198702094
3,1185,3.314590923
3,1186,1.061482239
3,1187,2.654408263
3,1188,0.9075170835
3,1189,1.93424961
3,1190,2.072496151
3,1191,0.9090911145
3,1192,0.9090911145
3,1193,1.882358519
3,1194,1.744111979
3,1195,0.9075170835
3,1196,0.9075170835
3,1197,0.9075170835
3,1198,2.56841589
3,1199,1.017935929
3,1200,2.612925006
3,1201,1.253108752
3,1202,1
3,1203,1.405010854
3,1204,2.279841279
3,1205,2.093405193
3,1206,1.690834655
3,1207,1.690834655
3,1208,1.690834655
3,1209,1.690834655
3,1210,1.690834655
3,1211,1.690834655
3,1212,1.690834655
3,1213,1.690834655
3,1214,1.690834655
3,1215,1.690834655
3,1216,1.690834655
3,1217,2.889536749
3,1218,2.854239691
3,1219,1.690834655
3,1220,1.690834655
3,1221,1.690834655
3,1222,1.690834655
3,1223,2.66410206
3,1224,2.814379752
3,1225,1
3,1226,1.405010854
3,1227,1.017935929
3,1228,2.22986486
3,1229,1.017935929
3,1230,1.017935929
3,1231,3.470059043
3,1232,2.107311037
3,1233,1.08057851
3,1234,2.943905932
3,1235,1.467653435
3,1236,1
3,1237,1.405010854
3,1238,1.253108752
3,1239,1
3,1240,2.198702094
3,1241,1.849553239
3,1242,1.061482239
3,1243,1.061482239
3,1244,1.849553239
3,1245,1.061482239
3,1246,1.862780077
3,1247,2.211928932
3,1248,1
3,1249,1
3,1250,1.405010854
3,1251,1.017935929
3,1252,1.017935929
3,1253,1.017935929
3,1254,1.017935929
3,1255,1.017935929
3,1256,1.017935929
3,1257,1.017935929
3,1258,1.017935929
3,1259,1.017935929
3,1260,3.13015769
3,1261,3.380860766
3,1262,1.517232684
3,1263,1.517232684
3,1264,1.517232684
3,1265,1.517232684
3,1266,1.517232684
3,1267,1.517232684
3,1268,1.517232684
3,1269,1.253108752
3,1270,1.85112727
3,1271,1.06305627
3,1272,1.06305627
3,1273,1.85112727
3,1274,1.06305627
3,1275,1.06305627
3,1276,1.06305627
3,1277,1.06305627
3,1278,1.06305627
3,1279,1.06305627
3,1280,1.06305627
3,1281,1.06305627
3,1282,1.06305627
3,1283,1.06305627
3,1284,1.06305627
3,1285,1.06305627
3,1286,1.06305627
3,1287,1.06305627
3,1288,4.071634747
3,1289,2.654408263
3,1290,1.708814921
3,1291,2.603712948
3,1292,0.9075170835
3,1293,1.708814921
3,1294,1.405010854
3,1295,1.253108752
3,1296,1
3,1297,1.216950359
3,1298,1
3,1299,1.744111979
3,1300,0.9075170835
3,1301,0.9075170835
3,1302,0.9075170835
3,1303,1.708814921
3,1304,1.405010854
3,1305,1.253108752
3,1306,2.375508521
3,1307,1.690834655
3,1308,2.902763587
3,1309,1.690834655
3,1310,2.315326066
3,1311,2.664058758
3,1312,1.875987758
3,1313,1.875987758
3,1314,1.875987758
3,1315,1.875987758
3,1316,1.875987758
3,1317,1.875987758
3,1318,1.875987758
3,1319,1.875987758
3,1320,1.875987758
3,1321,1.875987758
3,1322,2.849255163
3,1323,2.999532856
3,1324,1.23694941
3,1325,1.23694941
3,1326,1.23694941
3,1327,1.23694941
3,1328,1.23694941
3,1329,1.23694941
3,1330,1.23694941
3,1331,2.263681936
3,1332,3.225296534
3,1333,2.892931703
3,1334,1.23694941
3,1335,1.23694941
3,1336,1.23694941
3,1337,1.23694941
3,1338,1.23694941
3,1339,1.23694941
3,1340,1.23694941
3,1341,1.23694941
3,1342,1.23694941
3,1343,1.23694941
3,1344,1.23694941
3,1345,1.23694941
3,1346,2.073544305
3,1347,1.23694941
3,1348,1.23694941
3,1349,1.23694941
3,1350,1.23694941
3,1351,1.23694941
3,1352,1.23694941
3,1353,1.23694941
3,1354,1.23694941
3,1355,1.23694941
3,1356,1.23694941
3,1357,1.23694941
3,1358,1.23694941
3,1359,2.073544305
3,1360,1.23694941
3,1361,1.23694941
3,1362,1.23694941
3,1363,1.23694941
3,1364,1.23694941
3,1365,1.23694941
3,1366,2.263681936
3,1367,1.23694941
3,1368,1.23694941
3,1369,1.23694941
3,1370,1.23694941
3,1371,1.23694941
3,1372,1.23694941
3,1373,1.23694941
3,1374,1.23694941
3,1375,1.23694941
3,1376,1.23694941
3,1377,1.23694941
3,1378,1.23694941
3,1379,1.23694941
3,1380,1.23694941
3,1381,1.23694941
3,1382,2.073544305
3,1383,1.23694941
3,1384,1.23694941
3,1385,1.23694941
3,1386,1.23694941
3,1387,1.23694941
3,1388,1.23694941
3,1389,1.23694941
3,1390,1.23694941
3,1391,1.23694941
3,1392,1.23694941
3,1393,1.23694941
3,1394,1.23694941
3,1395,2.02502041
3,1396,1.23694941
3,1397,2.073544305
3,1398,1.23694941
3,1399,1.23694941
3,1400,1.23694941
3,1401,1.23694941
3,1402,1.23694941
3,1403,1.23694941
3,1404,1.23694941
3,1405,1.23694941
3,1406,1.23694941
3,1407,1.23694941
3,1408,1.23694941
3,1409,1.23694941
3,1410,1.23694941
3,1411,1.23694941
3,1412,1.23694941
3,1413,1.23694941
3,1414,1.23694941
3,1415,1.23694941
3,1416,1.23694941
3,1417,1.23694941
3,1418,1.23694941
3,1419,1.23694941
3,1420,2.263681936
3,1421,2.437225534
3,1422,1.23694941
3,1423,1.23694941
3,1424,1.23694941
3,1425,1.23694941
3,1426,1.23694941
3,1427,1.23694941
3,1428,1.23694941
3,1429,1.23694941
3,1430,1.23694941
3,1431,1.23694941
3,1432,1.23694941
3,1433,1.23694941
3,1434,1.23694941
3,1435,1.23694941
3,1436,1.23694941
3,1437,1.23694941
3,1438,1.23694941
3,1439,1.23694941
3,1440,1.23694941
3,1441,1.23694941
3,1442,1.23694941
3,1443,1.23694941
3,1444,1.23694941
3,1445,1.23694941
3,1446,1.23694941
3,1447,1.23694941
3,1448,1.23694941
3,1449,1.23694941
3,1450,1.23694941
3,1451,1.23694941
3,1452,1.23694941
3,1453,2.02502041
3,1454,1.23694941
3,1455,2.02502041
3,1456,2.263681936
3,1457,1.23694941
3,1458,2.073544305
3,1459,1.23694941
3,1460,1.23694941
3,1461,1.23694941
3,1462,1.23694941
3,1463,1.23694941
3,1464,1.23694941
3,1465,1.23694941
3,1466,1.23694941
3,1467,1.23694941
3,1468,1.23694941
3,1469,1.23694941
3,1470,1.23694941
3,1471,1.23694941
3,1472,1.23694941
3,1473,1.23694941
3,1474,1.23694941
3,1475,1.23694941
3,1476,1.23694941
3,1477,1.23694941
3,1478,2.073544305
3,1479,1.23694941
3,1480,1.23694941
3,1481,1.23694941
3,1482,1.23694941
3,1483,1.23694941
3,1484,2.02502041
3,1485,1.23694941
3,1486,1.23694941
3,1487,1.23694941
3,1488,1.23694941
3,1489,1.23694941
3,1490,1.23694941
3,1491,1.23694941
3,1492,1.23694941
3,1493,1.23694941
3,1494,1.23694941
3,1495,1.23694941
3,1496,1.23694941
3,1497,1.23694941
3,1498,1.23694941
3,1499,1.23694941
3,1500,1.23694941
3,1501,1.23694941
3,1502,1.23694941
3,1503,1.23694941
3,1504,1.23694941
3,1505,1.23694941
3,1506,1.23694941
3,1507,1.23694941
3,1508,1.23694941
3,1509,1.23694941
3,1510,1.23694941
3,1511,1.23694941
3,1512,1.23694941
3,1513,1.23694941
3,1514,1.23694941
3,1515,1.23694941
3,1516,1.23694941
3,1517,1.23694941
3,1518,1.23694941
3,1519,1.23694941
3,1520,1.23694941
3,1521,1.23694941
3,1522,1.23694941
3,1523,1.23694941
3,1524,1.23694941
3,1525,1.23694941
3,1526,1.23694941
3,1527,1.23694941
3,1528,1.23694941
3,1529,1.23694941
3,1530,1.23694941
3,1531,1.23694941
3,1532,1.23694941
3,1533,1.23694941
3,1534,1.23694941
3,1535,1.23694941
3,1536,1.23694941
3,1537,1.23694941
3,1538,1.23694941
3,1539,1.23694941
3,1540,1.23694941
3,1541,1.23694941
3,1542,1.23694941
3,1543,1.23694941
3,1544,2.02502041
3,1545,1.23694941
3,1546,1.23694941
3,1547,1.23694941
3,1548,1.23694941
3,1549,1.23694941
3,1550,1.23694941
3,1551,1.23694941
3,1552,1.23694941
3,1553,1.23694941
3,1554,1.23694941
3,1555,1.23694941
3,1556,1.23694941
3,1557,1.23694941
3,1558,1.23694941
3,1559,1.23694941
3,1560,1.23694941
3,1561,1.23694941
3,1562,1.23694941
3,1563,1.23694941
3,1564,1.23694941
3,1565,1.23694941
3,1566,1.23694941
3,1567,1.23694941
3,1568,1.23694941
3,1569,1.23694941
3,1570,1.23694941
3,1571,1.23694941
3,1572,1.23694941
3,1573,1.23694941
3,1574,1.23694941
3,1575,1.23694941
3,1576,1.23694941
3,1577,1.23694941
3,1578,2.073544305
3,1579,1.23694941
3,1580,1.23694941
3,1581,1.23694941
3,1582,1.23694941
3,1583,1.23694941
3,1584,1.23694941
3,1585,1.23694941
3,1586,1.23694941
3,1587,1.23694941
3,1588,1.23694941
3,1589,1.23694941
3,1590,1.23694941
3,1591,1.23694941
3,1592,1.23694941
3,1593,1.23694941
3,1594,1.23694941
3,1595,1.23694941
3,1596,1.23694941
3,1597,1.23694941
3,1598,1.23694941
3,1599,1.23694941
3,1600,1.23694941
3,1601,1.23694941
3,1602,1.23694941
3,1603,1.23694941
3,1604,1.23694941
3,1605,1.23694941
3,1606,1.23694941
3,1607,1.23694941
3,1608,1.23694941
3,1609,1.23694941
3,1610,1.23694941
3,1611,1.23694941
3,1612,1.23694941
3,1613,1.23694941
3,1614,1.23694941
3,1615,1.23694941
3,1616,1.23694941
3,1617,1.23694941
3,1618,1.23694941
3,1619,1.23694941
3,1620,1.23694941
3,1621,1.23694941
3,1622,1.23694941
3,1623,1.23694941
3,1624,1.23694941
3,1625,1.23694941
3,1626,1.23694941
3,1627,1.23694941
3,1628,1.23694941
3,1629,1.23694941
3,1630,1.23694941
3,1631,1.23694941
3,1632,1.23694941
3,1633,1.23694941
3,1634,1.23694941
3,1635,1.23694941
3,1636,1.23694941
3,1637,1.23694941
3,1638,1.23694941
3,1639,1.23694941
3,1640,1.23694941
3,1641,1.23694941
3,1642,1.23694941
3,1643,1.23694941
3,1644,1.23694941
3,1645,1.23694941
3,1646,1.23694941
3,1647,1.23694941
3,1648,1.23694941
3,1649,1.23694941
3,1650,1.23694941
3,1651,1.23694941
3,1652,1.23694941
3,1653,1.23694941
3,1654,1.23694941
3,1655,1.23694941
3,1656,1.23694941
3,1657,1.23694941
3,1658,1.23694941
3,1659,1.23694941
3,1660,1.23694941
3,1661,1.23694941
3,1662,1.23694941
3,1663,1.23694941
3,1664,1.23694941
3,1665,1.23694941
3,1666,1.23694941
3,1667,1.23694941
3,1668,1.23694941
3,1669,1.23694941
3,1670,1.23694941
3,1671,1.23694941
3,1672,1.23694941
3,1673,1.23694941
3,1674,1.23694941
3,1675,1.23694941
3,1676,1.23694941
3,1677,1.23694941
3,1678,1.23694941
3,1679,1.23694941
3,1680,1.23694941
3,1681,1.23694941
3,1682,1.23694941
3,1683,1.23694941
3,1684,1.23694941
3,1685,1.23694941
3,1686,1.23694941
3,1687,1.23694941
3,1688,1.23694941
3,1689,1.23694941
3,1690,1.23694941
3,1691,1.23694941
3,1692,1.23694941
3,1693,1.23694941
3,1694,1.23694941
3,1695,1.23694941
3,1696,1.23694941
3,1697,1.23694941
3,1698,1.23694941
3,1699,1.23694941
3,1700,1.23694941
3,1701,1.23694941
3,1702,1.23694941
3,1703,1.23694941
3,1704,1.23694941
3,1705,1.23694941
3,1706,1.23694941
3,1707,1.23694941
3,1708,1.23694941
3,1709,1.23694941
3,1710,1.23694941
3,1711,1.23694941
3,1712,1.23694941
3,1713,1.23694941
3,1714,1.23694941
3,1715,1.23694941
3,1716,1.23694941
3,1717,1.23694941
3,1718,1.23694941
3,1719,1.23694941
3,1720,1.23694941
3,1721,1.23694941
3,1722,1.23694941
3,1723,1.23694941
3,1724,1.23694941
3,1725,1.23694941
3,1726,1.23694941
3,1727,1.23694941
3,1728,1.23694941
3,1729,1.23694941
3,1730,1.23694941
3,1731,1.23694941
3,1732,1.23694941
3,1733,1.23694941
3,1734,1.23694941
3,1735,1.23694941
3,1736,1.23694941
3,1737,1.23694941
3,1738,1.23694941
3,1739,1.23694941
3,1740,1.23694941
3,1741,1.23694941
3,1742,1.23694941
3,1743,1.23694941
3,1744,1.23694941
3,1745,1.23694941
3,1746,1.23694941
3,1747,1.23694941
3,1748,1.23694941
3,1749,1.23694941
3,1750,1.23694941
3,1751,1.23694941
3,1752,1.23694941
3,1753,1.23694941
3,1754,1.23694941
3,1755,1.23694941
3,1756,1.23694941
3,1757,1.23694941
3,1758,1.23694941
3,1759,1.23694941
3,1760,1.23694941
3,1761,1.23694941
3,1762,1.23694941
3,1763,1.23694941
3,1764,1.23694941
3,1765,1.23694941
3,1766,1.23694941
3,1767,1.23694941
3,1768,1.23694941
3,1769,1.23694941
3,1770,1.23694941
3,1771,1.23694941
3,1772,1.23694941
3,1773,1.23694941
3,1774,1.23694941
3,1775,1.23694941
3,1776,1.23694941
3,1777,1.23694941
3,1778,1.23694941
3,1779,1.23694941
3,1780,1.23694941
3,1781,1.23694941
3,1782,1.23694941
3,1783,1.23694941
3,1784,1.23694941
3,1785,1.23694941
3,1786,1.23694941
3,1787,1.23694941
3,1788,1.23694941
3,1789,1.23694941
3,1790,1.23694941
3,1791,1.23694941
3,1792,1.23694941
3,1793,1.23694941
3,1794,1.23694941
3,1795,1.23694941
3,1796,1.23694941
3,1797,1.23694941
3,1798,1.23694941
3,1799,1.23694941
3,1800,1.23694941
3,1801,1.23694941
3,1802,1.23694941
3,1803,1.23694941
3,1804,1.23694941
3,1805,1.23694941
3,1806,1.23694941
3,1807,1.23694941
3,1808,1.23694941
3,1809,1.23694941
3,1810,1.23694941
3,1811,1.23694941
3,1812,1.23694941
3,1813,1.23694941
3,1814,1.23694941
3,1815,1.23694941
3,1816,1.23694941
3,1817,1.23694941
3,1818,1.23694941
3,1819,1.23694941
3,1820,1.23694941
3,1821,1.23694941
3,1822,1.23694941
3,1823,1.23694941
3,1824,1.23694941
3,1825,1.23694941
3,1826,1.23694941
3,1827,1.23694941
3,1828,1.23694941
3,1829,1.23694941
3,1830,1.23694941
3,1831,1.23694941
3,1832,1.23694941
3,1833,1.23694941
3,1834,1.23694941
3,1835,1.23694941
3,1836,1.23694941
3,1837,1.23694941
3,1838,1.23694941
3,1839,1.23694941
3,1840,1.23694941
3,1841,1.23694941
3,1842,1.23694941
3,1843,1.23694941
3,1844,1.23694941
3,1845,1.23694941
3,1846,1.23694941
3,1847,1.23694941
3,1848,1.23694941
3,1849,1.23694941
3,1850,1.23694941
3,1851,1.23694941
3,1852,1.23694941
3,1853,1.23694941
3,1854,1.23694941
3,1855,1.23694941
3,1856,1.23694941
3,1857,1.23694941
3,1858,1.23694941
3,1859,1.23694941
3,1860,1.23694941
3,1861,1.23694941
3,1862,1.23694941
3,1863,1.23694941
3,1864,1.23694941
3,1865,1.23694941
3,1866,1.23694941
3,1867,1.23694941
3,1868,1.23694941
3,1869,1.23694941
3,1870,1.23694941
3,1871,1.23694941
3,1872,1.23694941
3,1873,1.23694941
3,1874,1.23694941
3,1875,1.23694941
3,1876,1.23694941
3,1877,1.23694941
3,1878,1.23694941
3,1879,1.23694941
3,1880,1.23694941
3,1881,1.23694941
3,1882,1.23694941
3,1883,1.23694941
3,1884,1.23694941
3,1885,1.23694941
3,1886,1.23694941
3,1887,1.23694941
3,1888,1.23694941
3,1889,1.23694941
3,1890,1.23694941
3,1891,1.23694941
3,1892,1.23694941
3,1893,1.23694941
3,1894,1.23694941
3,1895,1.23694941
3,1896,1.23694941
3,1897,1.23694941
3,1898,1.23694941
3,1899,1.23694941
3,1900,1.23694941
3,1901,1.23694941
3,1902,1.23694941
3,1903,1.23694941
3,1904,1.23694941
3,1905,1.23694941
3,1906,1.23694941
3,1907,1.23694941
3,1908,1.23694941
3,1909,1.23694941
3,1910,1.23694941
3,1911,1.23694941
3,1912,1.23694941
3,1913,1.23694941
3,1914,1.23694941
3,1915,1.23694941
3,1916,1.23694941
3,1917,1.23694941
3,1918,1.23694941
3,1919,1.23694941
3,1920,1.23694941
3,1921,1.23694941
3,1922,1.23694941
3,1923,1.23694941
3,1924,1.23694941
3,1925,1.23694941
3,1926,1.23694941
3,1927,1.23694941
3,1928,1.23694941
3,1929,1.23694941
3,1930,1.23694941
3,1931,1.23694941
3,1932,1.23694941
3,1933,1.23694941
3,1934,1.23694941
3,1935,1.23694941
3,1936,1.23694941
3,1937,1.23694941
3,1938,1.23694941
3,1939,1.23694941
3,1940,1.23694941
3,1941,1.23694941
3,1942,1.23694941
3,1943,1.23694941
3,1944,1.23694941
3,1945,1.23694941
3,1946,1.23694941
3,1947,1.23694941
3,1948,1.23694941
3,1949,1.23694941
3,1950,1.23694941
3,1951,1.23694941
3,1952,1.23694941
3,1953,1.23694941
3,1954,1.23694941
3,1955,1.23694941
3,1956,1.23694941
3,1957,1.23694941
3,1958,1.23694941
3,1959,1.23694941
3,1960,1.23694941
3,1961,1.23694941
3,1962,1.23694941
3,1963,1.23694941
3,1964,1.23694941
3,1965,1.23694941
3,1966,1.23694941
3,1967,1.23694941
3,1968,1.23694941
3,1969,1.23694941
3,1970,1.23694941
3,1971,1.23694941
3,1972,1.23694941
3,1973,1.23694941
3,1974,1.23694941
3,1975,1.23694941
3,1976,1.23694941
3,1977,1.23694941
3,1978,1.23694941
3,1979,1.23694941
3,1980,1.23694941
3,1981,1.23694941
3,1982,1.23694941
3,1983,1.23694941
3,1984,1.23694941
3,1985,1.23694941
3,1986,1.23694941
3,1987,1.23694941
3,1988,1.23694941
3,1989,1.23694941
3,1990,1.23694941
3,1991,1.23694941
3,1992,1.23694941
3,1993,1.23694941
3,1994,1.23694941
3,1995,1.23694941
3,1996,1.23694941
3,1997,1.23694941
3,1998,1.23694941
3,1999,1.23694941
3,2000,1.23694941
3,2001,1.23694941
3,2002,1.23694941
3,2003,1.23694941
3,2004,1.23694941
3,2005,1.23694941
3,2006,1.23694941
3,2007,1.23694941
3,2008,1.23694941
3,2009,1.23694941
3,2010,1.23694941
3,2011,1.23694941
3,2012,1.23694941
3,2013,1.23694941
3,2014,1.23694941
3,2015,1.23694941
3,2016,1.23694941
3,2017,1.23694941
3,2018,1.23694941
3,2019,1.23694941
3,2020,1.23694941
3,2021,1.23694941
3,2022,1.23694941
3,2023,1.23694941
3,2024,1.23694941
3,2025,1.23694941
3,2026,1.23694941
3,2027,1.23694941
3,2028,1.23694941
3,2029,1.23694941
3,2030,1.23694941
3,2031,1.23694941
3,2032,1.23694941
3,2033,1.23694941
3,2034,1.23694941
3,2035,1.23694941
3,2036,1.23694941
3,2037,1.23694941
3,2038,1.23694941
3,2039,1.23694941
3,2040,1.23694941
3,2041,1.23694941
3,2042,1.23694941
3,2043,1.23694941
3,2044,1.23694941
3,2045,1.23694941
3,2046,1.23694941
3,2047,1.23694941
3,2048,1.23694941
3,2049,1.23694941
3,2050,1.23694941
3,2051,1.23694941
3,2052,1.23694941
3,2053,1.23694941
3,2054,1.23694941
3,2055,1.23694941
3,2056,1.23694941
3,2057,1.23694941
3,2058,1.23694941
3,2059,1.23694941
3,2060,1.23694941
3,2061,1.23694941
3,2062,1.23694941
3,2063,1.23694941
3,2064,1.23694941
3,2065,1.23694941
3,2066,1.23694941
3,2067,1.23694941
3,2068,1.23694941
3,2069,1.23694941
3,2070,1.23694941
3,2071,1.23694941
3,2072,1.23694941
3,2073,1.23694941
3,2074,1.23694941
3,2075,1.23694941
3,2076,1.23694941
3,2077,1.23694941
3,2078,1.23694941
3,2079,1.23694941
3,2080,1.23694941
3,2081,1.23694941
3,2082,1.23694941
3,2083,1.23694941
3,2084,1.23694941
3,2085,1.23694941
3,2086,1.23694941
3,2087,1.23694941
3,2088,1.23694941
3,2089,1.23694941
3,2090,1.23694941
3,2091,1.23694941
3,2092,1.23694941
3,2093,1.23694941
3,2094,1.23694941
3,2095,1.23694941
3,2096,1.23694941
3,2097,1.23694941
3,2098,1.23694941
3,2099,1.23694941
3,2100,1.23694941
3,2101,1.23694941
3,2102,1.23694941
3,2103,1.23694941
3,2104,1.23694941
3,2105,1.23694941
3,2106,1.23694941
3,2107,1.23694941
3,2108,1.23694941
3,2109,1.23694941
3,2110,1.23694941
3,2111,1.23694941
3,2112,1.23694941
3,2113,1.23694941
3,2114,1.23694941
3,2115,1.23694941
3,2116,1.23694941
3,2117,1.23694941
3,2118,1.23694941
3,2119,1.23694941
3,2120,1.23694941
3,2121,1.23694941
3,2122,1.23694941
3,2123,1.23694941
3,2124,1.23694941
3,2125,1.23694941
3,2126,1.23694941
3,2127,1.23694941
3,2128,1.23694941
3,2129,1.23694941
3,2130,1.23694941
3,2131,1.23694941
3,2132,1.23694941
3,2133,1.23694941
3,2134,1.23694941
3,2135,1.23694941
3,2136,1.23694941
3,2137,1.23694941
3,2138,1.23694941
3,2139,1.23694941
3,2140,1.23694941
3,2141,1.23694941
3,2142,1.23694941
3,2143,1.23694941
3,2144,1.23694941
3,2145,1.23694941
3,2146,1.23694941
3,2147,1.23694941
3,2148,1.23694941
3,2149,1.23694941
3,2150,1.23694941
3,2151,1.23694941
3,2152,1.23694941
3,2153,1.23694941
3,2154,1.23694941
3,2155,1.23694941
3,2156,1.23694941
3,2157,1.23694941
3,2158,1.23694941
3,2159,1.23694941
3,2160,1.23694941
3,2161,1.23694941
3,2162,1.23694941
3,2163,1.23694941
3,2164,1.23694941
3,2165,1.23694941
3,2166,1.23694941
3,2167,1.23694941
3,2168,1.23694941
3,2169,1.23694941
3,2170,1.23694941
3,2171,1.23694941
3,2172,1.23694941
3,2173,1.23694941
3,2174,1.23694941
3,2175,1.23694941
3,2176,1.23694941
3,2177,1.23694941
3,2178,1.23694941
3,2179,1.23694941
3,2180,1.23694941
3,2181,1.23694941
3,2182,1.23694941
3,2183,1.23694941
3,2184,1.23694941
3,2185,1.23694941
3,2186,1.23694941
3,2187,1.23694941
3,2188,1.23694941
3,2189,1.23694941
3,2190,1.23694941
3,2191,1.23694941
3,2192,1.23694941
3,2193,1.23694941
3,2194,1.23694941
3,2195,1.23694941
3,2196,1.23694941
3,2197,1.23694941
3,2198,1.23694941
3,2199,1.23694941
3,2200,1.23694941
3,2201,1.23694941
3,2202,1.23694941
3,2203,1.23694941
3,2204,1.23694941
3,2205,1.23694941
3,2206,1.23694941
3,2207,1.23694941
3,2208,1.23694941
3,2209,1.23694941
3,2210,1.23694941
3,2211,1.23694941
3,2212,1.23694941
3,2213,1.23694941
3,2214,1.23694941
3,2215,1.23694941
3,2216,1.23694941
3,2217,1.23694941
3,2218,1.23694941
3,2219,1.23694941
3,2220,1.23694941
3,2221,1.23694941
3,2222,1.23694941
3,2223,1.23694941
3,2224,1.23694941
3,2225,1.23694941
3,2226,1.23694941
3,2227,1.23694941
3,2228,1.23694941
3,2229,1.23694941
3,2230,1.23694941
3,2231,1.23694941
3,2232,1.23694941
3,2233,1.23694941
3,2234,1.23694941
3,2235,1.23694941
3,2236,1.23694941
3,2237,1.23694941
3,2238,1.23694941
3,2239,1.23694941
3,2240,1.23694941
3,2241,1.23694941
3,2242,1.23694941
3,2243,1.23694941
3,2244,1.23694941
3,2245,1.23694941
3,2246,1.23694941
3,2247,1.23694941
3,2248,1.23694941
3,2249,1.23694941
3,2250,1.23694941
3,2251,1.23694941
3,2252,1.23694941
3,2253,1.23694941
3,2254,1.23694941
3,2255,1.23694941
3,2256,1.23694941
3,2257,1.23694941
3,2258,1.23694941
3,2259,1.23694941
3,2260,1.23694941
3,2261,1.23694941
3,2262,1.23694941
3,2263,1.23694941
3,2264,1.23694941
3,2265,1.23694941
3,2266,1.23694941
3,2267,1.23694941
3,2268,1.23694941
3,2269,1.23694941
3,2270,1.23694941
3,2271,1.23694941
3,2272,1.23694941
3,2273,1.23694941
3,2274,1.23694941
3,2275,1.23694941
3,2276,1.23694941
3,2277,1.23694941
3,2278,1.23694941
3,2279,1.23694941
3,2280,1.23694941
3,2281,1.23694941
3,2282,1.23694941
3,2283,1.23694941
3,2284,1.23694941
3,2285,1.23694941
3,2286,1.23694941
3,2287,1.23694941
3,2288,1.23694941
3,2289,1.23694941
3,2290,1.23694941
3,2291,1.23694941
3,2292,1.23694941
3,2293,1.23694941
3,2294,1.23694941
3,2295,1.23694941
3,2296,1.23694941
3,2297,1.23694941
3,2298,1.23694941
3,2299,1.23694941
3,2300,1.23694941
3,2301,1.23694941
3,2302,1.23694941
3,2303,1.23694941
3,2304,1.23694941
3,2305,1.23694941
3,2306,1.23694941
3,2307,1.23694941
3,2308,1.23694941
3,2309,1.23694941
3,2310,1.23694941
3,2311,1.23694941
3,2312,1.23694941
3,2313,1.23694941
3,2314,1.23694941
3,2315,1.23694941
3,2316,1.23694941
3,2317,1.23694941
3,2318,1.23694941
3,2319,1.23694941
3,2320,1.23694941
3,2321,1.23694941
3,2322,1.23694941
3,2323,1.23694941
3,2324,1.23694941
3,2325,1.23694941
3,2326,1.23694941
3,2327,1.23694941
3,2328,1.23694941
3,2329,1.23694941
3,2330,1.23694941
3,2331,1.23694941
3,2332,1.23694941
3,2333,1.23694941
3,2334,1.23694941
3,2335,1.23694941
3,2336,1.23694941
3,2337,1.23694941
3,2338,1.23694941
3,2339,1.23694941
3,2340,1.23694941
3,2341,1.23694941
3,2342,1.23694941
3,2343,1.23694941
3,2344,1.23694941
3,2345,1.23694941
3,2346,1.23694941
3,2347,1.23694941
3,2348,1.23694941
3,2349,1.23694941
3,2350,1.23694941
3,2351,1.23694941
3,2352,1.23694941
3,2353,1.23694941
3,2354,1.23694941
3,2355,1.23694941
3,2356,1.23694941
3,2357,1.23694941
3,2358,1.23694941
3,2359,1.23694941
3,2360,1.23694941
3,2361,1.23694941
3,2362,1.23694941
3,2363,1.23694941
3,2364,1.23694941
3,2365,1.23694941
3,2366,1.23694941
3,2367,1.23694941
3,2368,1.23694941
3,2369,1.23694941
3,2370,1.23694941
3,2371,1.23694941
3,2372,1.23694941
3,2373,1.23694941
3,2374,1.23694941
3,2375,1.23694941
3,2376,1.23694941
3,2377,1.23694941
3,2378,1.23694941
3,2379,1.23694941
3,2380,1.23694941
3,2381,1.23694941
3,2382,1.23694941
3,2383,1.23694941
3,2384,1.23694941
3,2385,1.23694941
3,2386,1.23694941
3,2387,1.23694941
3,2388,1.23694941
3,2389,1.23694941
3,2390,1.23694941
3,2391,1.23694941
3,2392,1.23694941
3,2393,1.23694941
3,2394,1.23694941
3,2395,1.23694941
3,2396,1.23694941
3,2397,1.23694941
3,2398,1.23694941
3,2399,1.23694941
3,2400,1.23694941
3,2401,1.23694941
3,2402,1.23694941
3,2403,1.23694941
3,2404,1.23694941
3,2405,1.23694941
3,2406,1.23694941
3,2407,1.23694941
3,2408,1.23694941
3,2409,1.23694941
3,2410,1.23694941
3,2411,1.23694941
3,2412,1.23694941
3,2413,1.23694941
3,2414,1.23694941
3,2415,1.23694941
3,2416,1.23694941
3,2417,1.23694941
3,2418,1.23694941
3,2419,1.23694941
3,2420,1.23694941
3,2421,1.23694941
3,2422,1.23694941
3,2423,1.23694941
3,2424,1.23694941
3,2425,1.23694941
3,2426,1.23694941
3,2427,1.23694941
3,2428,1.23694941
3,2429,1.23694941
3,2430,1.23694941
3,2431,1.23694941
3,2432,1.23694941
3,2433,1.23694941
3,2434,1.23694941
3,2435,1.23694941
3,2436,1.23694941
3,2437,1.23694941
3,2438,1.23694941
3,2439,1.23694941
3,2440,1.23694941
3,2441,1.23694941
3,2442,1.23694941
3,2443,1.23694941
3,2444,1.23694941
3,2445,1.23694941
3,2446,1.23694941
3,2447,1.23694941
3,2448,1.23694941
3,2449,1.23694941
3,2450,1.23694941
3,2451,1.23694941
3,2452,1.23694941
3,2453,1.23694941
3,2454,1.23694941
3,2455,1.23694941
3,2456,1.23694941
3,2457,1.23694941
3,2458,1.23694941
3,2459,1.23694941
3,2460,1.23694941
3,2461,1.23694941
3,2462,1.23694941
3,2463,1.23694941
3,2464,1.23694941
3,2465,1.23694941
3,2466,1.23694941
3,2467,1.23694941
3,2468,1.23694941
3,2469,1.23694941
3,2470,1.23694941
3,2471,1.23694941
3,2472,1.23694941
3,2473,1.23694941
3,2474,1.23694941
3,2475,1.23694941
3,2476,1.23694941
3,2477,1.23694941
3,2478,1.23694941
3,2479,1.23694941
3,2480,1.23694941
3,2481,1.23694941
3,2482,1.23694941
3,2483,1.23694941
3,2484,1.23694941
3,2485,1.23694941
3,2486,1.23694941
3,2487,1.23694941
3,2488,1.23694941
3,2489,1.23694941
3,2490,1.23694941
3,2491,1.23694941
3,2492,1.23694941
3,2493,1.23694941
3,2494,1.23694941
3,2495,1.23694941
3,2496,1.23694941
3,2497,1.23694941
3,2498,1.23694941
3,2499,1.23694941
3,2500,1.23694941
3,2501,1.23694941
3,2502,1.23694941
3,2503,1.23694941
3,2504,1.23694941
3,2505,1.23694941
3,2506,1.23694941
3,2507,1.23694941
3,2508,1.23694941
3,2509,1.23694941
3,2510,1.23694941
3,2511,1.23694941
3,2512,1.23694941
3,2513,1.23694941
3,2514,1.23694941
3,2515,1.23694941
3,2516,1.23694941
3,2517,1.23694941
3,2518,1.23694941
3,2519,1.23694941
3,2520,1.23694941
3,2521,1.23694941
3,2522,1.23694941
3,2523,1.23694941
3,2524,1.23694941
3,2525,1.23694941
3,2526,1.23694941
3,2527,1.23694941
3,2528,1.23694941
3,2529,1.23694941
3,2530,1.23694941
3,2531,1.23694941
3,2532,1.23694941
3,2533,1.23694941
3,2534,1.23694941
3,2535,1.23694941
3,2536,1.23694941
3,2537,1.23694941
3,2538,1.23694941
3,2539,1.23694941
3,2540,1.23694941
3,2541,1.23694941
3,2542,1.23694941
3,2543,1.23694941
3,2544,1.23694941
3,2545,1.23694941
3,2546,1.23694941
3,2547,1.23694941
3,2548,1.23694941
3,2549,1.23694941
3,2550,1.23694941
3,2551,1.23694941
3,2552,1.23694941
3,2553,1.23694941
3,2554,1.23694941
3,2555,1.23694941
3,2556,1.23694941
3,2557,1.23694941
3,2558,1.23694941
3,2559,1.23694941
3,2560,1.23694941
3,2561,1.23694941
3,2562,1.23694941
3,2563,1.23694941
3,2564,1.23694941
3,2565,1.23694941
3,2566,1.23694941
3,2567,1.23694941
3,2568,1.23694941
3,2569,1.23694941
3,2570,1.23694941
3,2571,1.23694941
3,2572,1.23694941
3,2573,1.23694941
3,2574,1.23694941
3,2575,1.23694941
3,2576,1.23694941
3,2577,1.23694941
3,2578,1.23694941
3,2579,1.23694941
3,2580,1.23694941
3,2581,1.23694941
3,2582,1.23694941
3,2583,1.23694941
3,2584,1.23694941
3,2585,1.23694941
3,2586,1.23694941
3,2587,1.23694941
3,2588,1.23694941
3,2589,1.23694941
3,2590,1.23694941
3,2591,1.23694941
3,2592,1.23694941
3,2593,1.23694941
3,2594,1.23694941
3,2595,1.23694941
3,2596,1.23694941
3,2597,1.23694941
3,2598,1.23694941
3,2599,1.23694941
3,2600,1.23694941
3,2601,1.23694941
3,2602,1.23694941
3,2603,1.23694941
3,2604,1.23694941
3,2605,1.23694941
3,2606,1.23694941
3,2607,1.23694941
3,2608,1.23694941
3,2609,1.23694941
3,2610,1.23694941
3,2611,1.23694941
3,2612,1.23694941
3,2613,1.23694941
3,2614,1.23694941
3,2615,1.23694941
3,2616,1.23694941
3,2617,1.23694941
3,2618,1.23694941
3,2619,1.23694941
3,2620,1.23694941
3,2621,1.23694941
3,2622,1.23694941
3,2623,1.23694941
3,2624,1.23694941
3,2625,1.23694941
3,2626,1.23694941
3,2627,1.23694941
3,2628,1.23694941
3,2629,1.23694941
3,2630,1.23694941
3,2631,1.23694941
3,2632,1.23694941
3,2633,1.23694941
3,2634,1.23694941
3,2635,1.23694941
3,2636,1.23694941
3,2637,1.23694941
3,2638,1.23694941
3,2639,1.23694941
3,2640,1.23694941
3,2641,1.23694941
3,2642,1.23694941
3,2643,1.23694941
3,2644,1.23694941
3,2645,1.23694941
3,2646,1.23694941
3,2647,1.23694941
3,2648,1.23694941
3,2649,1.23694941
3,2650,1.23694941
3,2651,1.23694941
3,2652,1.23694941
3,2653,1.23694941
3,2654,1.23694941
3,2655,1.23694941
3,2656,1.23694941
3,2657,1.23694941
3,2658,1.23694941
3,2659,1.23694941
3,2660,1.23694941
3,2661,1.23694941
3,2662,1.23694941
3,2663,1.23694941
3,2664,1.23694941
3,2665,1.23694941
3,2666,1.23694941
3,2667,1.23694941
3,2668,1.23694941
3,2669,1.23694941
3,2670,1.23694941
3,2671,1.23694941
3,2672,1.23694941
3,2673,1.23694941
3,2674,1.23694941
3,2675,1.23694941
3,2676,1.23694941
3,2677,1.23694941
3,2678,1.23694941
3,2679,1.23694941
3,2680,1.23694941
3,2681,1.23694941
3,2682,1.23694941
3,2683,1.23694941
3,2684,1.23694941
3,2685,1.23694941
3,2686,1.23694941
3,2687,1.23694941
3,2688,1.23694941
3,2689,1.23694941
3,2690,1.23694941
3,2691,1.23694941
3,2692,1.23694941
3,2693,1.23694941
3,2694,1.23694941
3,2695,1.23694941
3,2696,1.23694941
3,2697,1.23694941
3,2698,1.23694941
3,2699,1.23694941
3,2700,1.23694941
3,2701,1.23694941
3,2702,1.23694941
3,2703,1.23694941
3,2704,1.23694941
3,2705,1.23694941
3,2706,1.23694941
3,2707,1.23694941
3,2708,1.23694941
3,2709,1.23694941
3,2710,1.23694941
3,2711,1.23694941
3,2712,1.23694941
3,2713,1.23694941
3,2714,1.23694941
3,2715,1.23694941
3,2716,1.23694941
3,2717,1.23694941
3,2718,1.23694941
3,2719,1.23694941
3,2720,1.23694941
3,2721,1.23694941
3,2722,1.23694941
3,2723,1.23694941
3,2724,1.23694941
3,2725,1.23694941
3,2726,1.23694941
3,2727,1.23694941
3,2728,1.23694941
3,2729,1.23694941
3,2730,1.23694941
3,2731,1.23694941
3,2732,1.23694941
3,2733,1.23694941
3,2734,1.23694941
3,2735,1.23694941
3,2736,1.23694941
3,2737,1.23694941
3,2738,1.23694941
3,2739,1.23694941
3,2740,1.23694941
3,2741,1.23694941
3,2742,1.23694941
3,2743,1.23694941
3,2744,1.23694941
3,2745,1.23694941
3,2746,1.23694941
3,2747,1.23694941
3,2748,1.23694941
3,2749,1.23694941
3,2750,1.23694941
3,2751,1.23694941
3,2752,1.23694941
3,2753,1.23694941
3,2754,1.23694941
3,2755,1.23694941
3,2756,1.23694941
3,2757,1.23694941
3,2758,1.23694941
3,2759,1.23694941
3,2760,1.23694941
3,2761,1.23694941
3,2762,1.23694941
3,2763,1.23694941
3,2764,1.23694941
3,2765,1.23694941
3,2766,1.23694941
3,2767,1.23694941
3,2768,1.23694941
3,2769,1.23694941
3,2770,1.23694941
3,2771,1.23694941
3,2772,1.23694941
3,2773,1.23694941
3,2774,1.23694941
3,2775,1.23694941
3,2776,1.23694941
3,2777,1.23694941
3,2778,1.23694941
3,2779,1.23694941
3,2780,1.23694941
3,2781,1.23694941
3,2782,1.23694941
3,2783,1.23694941
3,2784,1.23694941
3,2785,1.23694941
3,2786,1.23694941
3,2787,1.23694941
3,2788,1.23694941
3,2789,1.23694941
3,2790,1.23694941
3,2791,1.23694941
3,2792,1.23694941
3,2793,1.23694941
3,2794,1.23694941
3,2795,1.23694941
3,2796,1.23694941
3,2797,1.23694941
3,2798,1.23694941
3,2799,1.23694941
3,2800,1.23694941
3,2801,1.23694941
3,2802,1.23694941
3,2803,1.23694941
3,2804,1.23694941
3,2805,1.23694941
3,2806,1.23694941
3,2807,1.23694941
3,2808,1.23694941
3,2809,1.23694941
3,2810,1.23694941
3,2811,1.23694941
3,2812,1.23694941
3,2813,1.23694941
3,2814,1.23694941
3,2815,1.23694941
3,2816,1.23694941
3,2817,1.23694941
3,2818,1.23694941
3,2819,1.23694941
3,2820,1.23694941
3,2821,1.23694941
3,2822,1.23694941
3,2823,1.23694941
3,2824,1.23694941
3,2825,1.23694941
3,2826,1.23694941
3,2827,1.23694941
3,2828,1.23694941
3,2829,1.23694941
3,2830,1.23694941
3,2831,1.23694941
3,2832,1.23694941
3,2833,1.23694941
3,2834,1.23694941
3,2835,1.23694941
3,2836,1.23694941
3,2837,1.23694941
3,2838,1.23694941
3,2839,1.23694941
3,2840,1.23694941
3,2841,1.23694941
3,2842,1.23694941
3,2843,1.23694941
3,2844,1.23694941
3,2845,1.23694941
3,2846,1.23694941
3,2847,1.23694941
3,2848,1.23694941
3,2849,1.23694941
3,2850,1.23694941
3,2851,1.23694941
3,2852,1.23694941
3,2853,1.23694941
3,2854,1.23694941
3,2855,1.23694941
3,2856,1.23694941
3,2857,1.23694941
3,2858,1.23694941
3,2859,1.23694941
3,2860,1.23694941
3,2861,1.23694941
3,2862,1.23694941
3,2863,1.23694941
3,2864,1.23694941
3,2865,1.23694941
3,2866,1.23694941
3,2867,1.23694941
3,2868,1.23694941
3,2869,1.23694941
3,2870,1.23694941
3,2871,1.23694941
3,2872,1.23694941
3,2873,1.23694941
3,2874,1.23694941
3,2875,1.23694941
3,2876,1.23694941
3,2877,1.23694941
3,2878,1.23694941
3,2879,1.23694941
3,2880,1.23694941
3,2881,1.23694941
3,2882,1.23694941
3,2883,1.23694941
3,2884,1.23694941
3,2885,1.23694941
3,2886,1.23694941
3,2887,1.23694941
3,2888,1.23694941
3,2889,1.23694941
3,2890,1.23694941
3,2891,1.23694941
3,2892,1.23694941
3,2893,1.23694941
3,2894,1.23694941
3,2895,1.23694941
3,2896,1.23694941
3,2897,1.23694941
3,2898,1.23694941
3,2899,1.23694941
3,2900,1.23694941
3,2901,1.23694941
3,2902,1.23694941
3,2903,1.23694941
3,2904,1.23694941
3,2905,1.23694941
3,2906,1.23694941
3,2907,1.23694941
3,2908,1.23694941
3,2909,1.23694941
3,2910,1.23694941
3,2911,1.23694941
3,2912,1.23694941
3,2913,1.23694941
3,2914,1.23694941
3,2915,1.23694941
3,2916,1.23694941
3,2917,1.23694941
3,2918,1.23694941
3,2919,1.23694941
3,2920,1.23694941
3,2921,1.23694941
3,2922,1.23694941
3,2923,1.23694941
3,2924,1.23694941
3,2925,1.23694941
3,2926,1.23694941
3,2927,1.23694941
3,2928,1.23694941
3,2929,1.23694941
3,2930,1.23694941
3,2931,1.23694941
3,2932,1.23694941
3,2933,1.23694941
3,2934,1.23694941
3,2935,1.23694941
3,2936,1.23694941
3,2937,1.23694941
3,2938,1.23694941
3,2939,1.23694941
3,2940,1.23694941
3,2941,1.23694941
3,2942,1.23694941
3,2943,1.23694941
3,2944,1.23694941
3,2945,1.23694941
3,2946,1.23694941
3,2947,1.23694941
3,2948,1.23694941
3,2949,1.23694941
3,2950,1.23694941
3,2951,1.23694941
3,2952,1.23694941
3,2953,1.23694941
3,2954,1.23694941
3,2955,1.23694941
3,2956,1.23694941
3,2957,1.23694941
3,2958,1.23694941
3,2959,1.23694941
3,2960,1.23694941
3,2961,1.23694941
3,2962,1.23694941
3,2963,1.23694941
3,2964,1.23694941
3,2965,1.23694941
3,2966,1.23694941
3,2967,1.23694941
3,2968,1.23694941
3,2969,1.23694941
3,2970,1.23694941
3,2971,1.23694941
3,2972,1.23694941
3,2973,1.23694941
3,2974,1.23694941
3,2975,1.23694941
3,2976,1.23694941
3,2977,1.23694941
3,2978,1.23694941
3,2979,1.23694941
3,2980,1.23694941
3,2981,1.23694941
3,2982,1.23694941
3,2983,1.23694941
3,2984,1.23694941
3,2985,1.23694941
3,2986,1.23694941
3,2987,1.23694941
3,2988,1.23694941
3,2989,1.23694941
3,2990,1.23694941
3,2991,1.23694941
3,2992,1.23694941
3,2993,1.23694941
3,2994,1.23694941
3,2995,1.23694941
3,2996,1.23694941
3,2997,1.23694941
3,2998,1.23694941
3,2999,1.23694941
3,3000,1.23694941
3,3001,1.23694941
3,3002,1.23694941
3,3003,1.23694941
3,3004,1.23694941
3,3005,1.23694941
3,3006,1.23694941
3,3007,1.23694941
3,3008,1.23694941
3,3009,1.23694941
3,3010,1.23694941
3,3011,1.23694941
3,3012,1.23694941
3,3013,1.23694941
3,3014,1.23694941
3,3015,1.23694941
3,3016,1.23694941
3,3017,1.23694941
3,3018,1.23694941
3,3019,1.23694941
3,3020,1.23694941
3,3021,1.23694941
3,3022,1.23694941
3,3023,1.23694941
3,3024,1.23694941
3,3025,1.23694941
3,3026,1.23694941
3,3027,1.23694941
3,3028,1.23694941
3,3029,1.23694941
3,3030,1.23694941
3,3031,1.23694941
3,3032,1.23694941
3,3033,1.23694941
3,3034,1.23694941
3,3035,1.23694941
3,3036,1.23694941
3,3037,1.23694941
3,3038,1.23694941
3,3039,1.23694941
3,3040,1.23694941
3,3041,1.23694941
3,3042,1.23694941
3,3043,1.23694941
3,3044,1.23694941
3,3045,1.23694941
3,3046,1.23694941
3,3047,1.23694941
3,3048,1.23694941
3,3049,1.23694941
3,3050,1.23694941
3,3051,1.23694941
3,3052,1.23694941
3,3053,1.23694941
3,3054,1.23694941
3,3055,1.23694941
3,3056,1.23694941
3,3057,1.23694941
3,3058,1.23694941
3,3059,1.23694941
3,3060,1.23694941
3,3061,1.23694941
3,3062,1.23694941
3,3063,1.23694941
3,3064,1.23694941
3,3065,1.23694941
3,3066,1.23694941
3,3067,1.23694941
3,3068,1.23694941
3,3069,1.23694941
3,3070,1.23694941
3,3071,1.23694941
3,3072,1.23694941
3,3073,1.23694941
3,3074,1.23694941
3,3075,1.23694941
3,3076,1.23694941
3,3077,1.23694941
3,3078,1.23694941
3,3079,1.23694941
3,3080,1.23694941
3,3081,1.23694941
3,3082,1.23694941
3,3083,1.23694941
3,3084,1.23694941
3,3085,1.23694941
3,3086,1.23694941
3,3087,1.23694941
3,3088,1.23694941
3,3089,1.23694941
3,3090,1.23694941
3,3091,1.23694941
3,3092,1.23694941
3,3093,1.23694941
3,3094,1.23694941
3,3095,1.23694941
3,3096,1.23694941
3,3097,1.23694941
3,3098,1.23694941
3,3099,1.23694941
3,3100,1.23694941
3,3101,1.23694941
3,3102,1.23694941
3,3103,1.23694941
3,3104,1.23694941
3,3105,1.23694941
3,3106,1.23694941
3,3107,1.23694941
3,3108,1.23694941
3,3109,1.23694941
3,3110,1.23694941
3,3111,1.23694941
3,3112,1.23694941
3,3113,1.23694941
3,3114,1.23694941
3,3115,1.23694941
3,3116,1.23694941
3,3117,1.23694941
3,3118,1.23694941
3,3119,1.23694941
3,3120,1.23694941
3,3121,1.23694941
3,3122,1.23694941
3,3123,1.23694941
3,3124,1.23694941
3,3125,1.23694941
3,3126,1.23694941
3,3127,1.23694941
3,3128,1.23694941
3,3129,1.23694941
3,3130,1.23694941
3,3131,1.23694941
3,3132,1.23694941
3,3133,1.23694941
3,3134,1.23694941
3,3135,1.23694941
3,3136,1.23694941
3,3137,1.23694941
3,3138,1.23694941
3,3139,1.23694941
3,3140,1.23694941
3,3141,1.23694941
3,3142,1.23694941
3,3143,1.23694941
3,3144,1.23694941
3,3145,1.23694941
3,3146,1.23694941
3,3147,1.23694941
3,3148,1.23694941
3,3149,1.23694941
3,3150,1.23694941
3,3151,1.23694941
3,3152,1.23694941
3,3153,1.23694941
3,3154,1.23694941
3,3155,1.23694941
3,3156,1.23694941
3,3157,1.23694941
3,3158,1.23694941
3,3159,1.23694941
3,3160,1.23694941
3,3161,1.23694941
3,3162,1.23694941
3,3163,1.23694941
3,3164,1.23694941
3,3165,1.23694941
3,3166,1.23694941
3,3167,1.23694941
3,3168,1.23694941
3,3169,1.23694941
3,3170,1.23694941
3,3171,1.23694941
3,3172,1.23694941
3,3173,1.23694941
3,3174,1.23694941
3,3175,1.23694941
3,3176,1.23694941
3,3177,1.23694941
3,3178,1.23694941
3,3179,1.23694941
3,3180,1.23694941
3,3181,1.23694941
3,3182,1.23694941
3,3183,1.23694941
3,3184,1.23694941
3,3185,1.23694941
3,3186,1.23694941
3,3187,1.23694941
3,3188,1.23694941
3,3189,1.23694941
3,3190,1.23694941
3,3191,1.23694941
3,3192,1.23694941
3,3193,1.23694941
3,3194,1.23694941
3,3195,1.23694941
3,3196,1.23694941
3,3197,1.23694941
3,3198,1.23694941
3,3199,1.23694941
3,3200,1.23694941
3,3201,1.23694941
3,3202,1.23694941
3,3203,1.23694941
3,3204,1.23694941
3,3205,1.23694941
3,3206,1.23694941
3,3207,1.23694941
3,3208,1.23694941
3,3209,1.23694941
3,3210,1.23694941
3,3211,1.23694941
3,3212,1.23694941
3,3213,1.23694941
3,3214,1.23694941
3,3215,1.23694941
3,3216,1.23694941
3,3217,1.23694941
3,3218,1.23694941
3,3219,1.23694941
3,3220,1.23694941
3,3221,1.23694941
3,3222,1.23694941
3,3223,1.23694941
3,3224,1.23694941
3,3225,1.23694941
3,3226,1.23694941
3,3227,1.23694941
3,3228,1.23694941
3,3229,1.23694941
3,3230,1.23694941
3,3231,1.23694941
3,3232,1.23694941
3,3233,1.23694941
3,3234,1.23694941
3,3235,1.23694941
3,3236,1.23694941
3,3237,1.23694941
3,3238,1.23694941
3,3239,1.23694941
3,3240,1.23694941
3,3241,1.23694941
3,3242,1.23694941
3,3243,1.23694941
3,3244,1.23694941
3,3245,1.23694941
3,3246,1.23694941
3,3247,1.23694941
3,3248,1.23694941
3,3249,1.23694941
3,3250,1.23694941
3,3251,1.23694941
3,3252,1.23694941
3,3253,1.23694941
3,3254,1.23694941
3,3255,1.23694941
3,3256,1.23694941
3,3257,1.23694941
3,3258,1.23694941
3,3259,1.23694941
3,3260,1.23694941
3,3261,1.23694941
3,3262,1.23694941
3,3263,1.23694941
3,3264,1.23694941
3,3265,1.23694941
3,3266,1.23694941
3,3267,1.23694941
3,3268,1.23694941
3,3269,1.23694941
3,3270,1.23694941
3,3271,1.23694941
3,3272,1.23694941
3,3273,1.23694941
3,3274,1.23694941
3,3275,1.23694941
3,3276,1.23694941
3,3277,1.23694941
3,3278,1.23694941
3,3279,1.23694941
3,3280,1.23694941
3,3281,1.23694941
3,3282,1.23694941
3,3283,1.23694941
3,3284,1.23694941
3,3285,1.23694941
3,3286,1.23694941
3,3287,1.23694941
3,3288,1.23694941
3,3289,1.23694941
3,3290,1.23694941
3,3291,1.23694941
3,3292,1.23694941
3,3293,1.23694941
3,3294,1.23694941
3,3295,1.23694941
3,3296,1.23694941
3,3297,1.23694941
3,3298,1.23694941
3,3299,1.23694941
3,3300,1.23694941
3,3301,1.23694941
3,3302,1.23694941
3,3303,1.23694941
3,3304,1.23694941
3,3305,1.23694941
3,3306,1.23694941
3,3307,1.23694941
3,3308,1.23694941
3,3309,1.23694941
3,3310,1.23694941
3,3311,1.23694941
3,3312,1.23694941
3,3313,1.23694941
3,3314,1.23694941
3,3315,1.23694941
3,3316,1.23694941
3,3317,1.23694941
3,3318,1.23694941
3,3319,1.23694941
3,3320,1.23694941
3,3321,1.23694941
3,3322,1.23694941
3,3323,1.23694941
3,3324,1.23694941
3,3325,1.23694941
3,3326,1.23694941
3,3327,1.23694941
3,3328,1.23694941
3,3329,1.23694941
3,3330,1.23694941
3,3331,1.23694941
3,3332,1.23694941
3,3333,1.23694941
3,3334,1.23694941
3,3335,1.23694941
3,3336,1.23694941
3,3337,1.23694941
3,3338,1.23694941
3,3339,1.23694941
3,3340,1.23694941
3,3341,1.23694941
3,3342,1.23694941
3,3343,1.23694941
3,3344,1.23694941
3,3345,1.23694941
3,3346,1.23694941
3,3347,1.23694941
3,3348,1.23694941
3,3349,1.23694941
3,3350,1.23694941
3,3351,1.23694941
3,3352,1.23694941
3,3353,1.23694941
3,3354,1.23694941
3,3355,1.23694941
3,3356,1.23694941
3,3357,1.23694941
3,3358,1.23694941
3,3359,1.23694941
3,3360,1.23694941
3,3361,1.23694941
3,3362,1.23694941
3,3363,1.23694941
3,3364,1.23694941
3,3365,1.23694941
3,3366,1.23694941
3,3367,1.23694941
3,3368,1.23694941
3,3369,1.23694941
3,3370,1.23694941
3,3371,1.23694941
3,3372,1.23694941
3,3373,1.23694941
3,3374,1.23694941
3,3375,1.23694941
3,3376,1.23694941
3,3377,1.23694941
3,3378,1.23694941
3,3379,1.23694941
3,3380,1.23694941
3,3381,1.23694941
3,3382,1.23694941
3,3383,1.23694941
3,3384,1.23694941
3,3385,1.23694941
3,3386,1.23694941
3,3387,1.23694941
3,3388,1.23694941
3,3389,1.23694941
3,3390,1.23694941
3,3391,1.23694941
3,3392,1.23694941
3,3393,1.23694941
3,3394,1.23694941
3,3395,1.23694941
3,3396,1.23694941
3,3397,1.23694941
3,3398,1.23694941
3,3399,1.23694941
3,3400,1.23694941
3,3401,1.23694941
3,3402,1.23694941
3,3403,1.23694941
3,3404,1.23694941
3,3405,1.23694941
3,3406,1.23694941
3,3407,1.23694941
3,3408,1.23694941
3,3409,1.23694941
3,3410,1.23694941
3,3411,1.23694941
3,3412,1.23694941
3,3413,1.23694941
3,3414,1.23694941
3,3415,1.23694941
3,3416,1.23694941
3,3417,1.23694941
3,3418,1.23694941
3,3419,1.23694941
3,3420,1.23694941
3,3421,1.23694941
3,3422,1.23694941
3,3423,1.23694941
3,3424,1.23694941
3,3425,1.23694941
3,3426,1.23694941
3,3427,1.23694941
3,3428,1.23694941
3,3429,1.23694941
3,3430,1.23694941
3,3431,1.23694941
3,3432,1.23694941
3,3433,1.23694941
3,3434,1.23694941
3,3435,1.23694941
3,3436,1.23694941
3,3437,1.23694941
3,3438,1.23694941
3,3439,1.23694941
3,3440,1.23694941
3,3441,1.23694941
3,3442,1.23694941
3,3443,1.23694941
3,3444,1.23694941
3,3445,1.23694941
3,3446,1.23694941
3,3447,1.23694941
3,3448,1.23694941
3,3449,1.23694941
3,3450,1.23694941
3,3451,1.23694941
3,3452,1.23694941
3,3453,1.23694941
3,3454,1.23694941
3,3455,1.23694941
3,3456,1.23694941
3,3457,1.23694941
3,3458,1.23694941
3,3459,1.23694941
3,3460,1.23694941
3,3461,1.23694941
3,3462,1.23694941
3,3463,1.23694941
3,3464,1.23694941
3,3465,1.23694941
3,3466,1.23694941
3,3467,1.23694941
3,3468,1.23694941
3,3469,1.23694941
3,3470,1.23694941
3,3471,1.23694941
3,3472,1.23694941
3,3473,1.23694941
3,3474,1.23694941
3,3475,1.23694941
3,3476,1.23694941
3,3477,1.23694941
3,3478,1.23694941
3,3479,1.23694941
3,3480,1.23694941
3,3481,1.23694941
3,3482,1.23694941
3,3483,1.23694941
3,3484,1.23694941
3,3485,1.23694941
3,3486,1.23694941
3,3487,1.23694941
3,3488,1.23694941
3,3489,1.23694941
3,3490,1.23694941
3,3491,1.23694941
3,3492,1.23694941
3,3493,1.23694941
3,3494,1.23694941
3,3495,1.23694941
3,3496,1.23694941
3,3497,1.23694941
3,3498,1.23694941
3,3499,1.23694941
3,3500,1.23694941
3,3501,1.23694941
3,3502,1.23694941
3,3503,1.23694941
3,3504,1.23694941
3,3505,1.23694941
3,3506,1.23694941
3,3507,1.23694941
3,3508,1.23694941
3,3509,1.23694941
3,3510,1.23694941
3,3511,1.23694941
3,3512,1.23694941
3,3513,1.23694941
3,3514,1.23694941
3,3515,1.23694941
3,3516,1.23694941
3,3517,1.23694941
3,3518,1.23694941
3,3519,1.23694941
3,3520,1.23694941
3,3521,1.23694941
3,3522,1.23694941
3,3523,1.23694941
3,3524,1.23694941
3,3525,1.23694941
3,3526,1.23694941
3,3527,1.23694941
3,3528,1.23694941
3,3529,1.23694941
3,3530,1.23694941
3,3531,1.23694941
3,3532,1.23694941
3,3533,1.23694941
3,3534,1.23694941
3,3535,1.23694941
3,3536,1.23694941
3,3537,1.23694941
3,3538,1.23694941
3,3539,1.23694941
3,3540,1.23694941
3,3541,1.23694941
3,3542,1.23694941
3,3543,1.23694941
3,3544,1.23694941
3,3545,1.23694941
3,3546,1.23694941
3,3547,1.23694941
3,3548,1.23694941
3,3549,1.23694941
3,3550,1.23694941
3,3551,1.23694941
3,3552,1.23694941
3,3553,1.23694941
3,3554,1.23694941
3,3555,1.23694941
3,3556,1.23694941
3,3557,1.23694941
3,3558,1.23694941
3,3559,1.23694941
3,3560,1.23694941
3,3561,1.23694941
3,3562,1.23694941
3,3563,1.23694941
3,3564,1.23694941
3,3565,1.23694941
3,3566,1.23694941
3,3567,1.23694941
3,3568,1.23694941
3,3569,1.23694941
3,3570,1.23694941
3,3571,1.23694941
3,3572,1.23694941
3,3573,1.23694941
3,3574,1.23694941
3,3575,1.23694941
3,3576,1.23694941
3,3577,1.23694941
3,3578,1.23694941
3,3579,1.23694941
3,3580,1.23694941
3,3581,1.23694941
3,3582,1.23694941
3,3583,1.23694941
3,3584,1.23694941
3,3585,1.23694941
3,3586,1.23694941
3,3587,1.23694941
3,3588,1.23694941
3,3589,1.23694941
3,3590,1.23694941
3,3591,1.23694941
3,3592,1.23694941
3,3593,1.23694941
3,3594,1.23694941
3,3595,1.23694941
3,3596,1.23694941
3,3597,1.23694941
3,3598,1.23694941
3,3599,1.23694941
3,3600,1.23694941
3,3601,1.23694941
3,3602,1.23694941
3,3603,1.23694941
3,3604,1.23694941
3,3605,1.23694941
3,3606,1.23694941
3,3607,1.23694941
3,3608,1.23694941
3,3609,1.23694941
3,3610,1.23694941
3,3611,1.23694941
3,3612,1.23694941
3,3613,1.23694941
3,3614,1.23694941
3,3615,1.23694941
3,3616,1.23694941
3,3617,1.23694941
3,3618,1.23694941
3,3619,1.23694941
3,3620,1.23694941
3,3621,1.23694941
3,3622,1.23694941
3,3623,1.23694941
3,3624,1.23694941
3,3625,1.23694941
3,3626,1.23694941
3,3627,1.23694941
3,3628,1.23694941
3,3629,1.23694941
3,3630,1.23694941
3,3631,1.23694941
3,3632,1.23694941
3,3633,1.23694941
3,3634,1.23694941
3,3635,1.23694941
3,3636,1.23694941
3,3637,1.23694941
3,3638,1.23694941
3,3639,1.23694941
3,3640,1.23694941
3,3641,1.23694941
3,3642,1.23694941
3,3643,1.23694941
3,3644,1.23694941
3,3645,1.23694941
3,3646,1.23694941
3,3647,1.23694941
3,3648,1.23694941
3,3649,1.23694941
3,3650,1.23694941
3,3651,1.23694941
3,3652,1.23694941
3,3653,1.23694941
3,3654,1.23694941
3,3655,1.23694941
3,3656,1.23694941
3,3657,1.23694941
3,3658,1.23694941
3,3659,1.23694941
3,3660,1.23694941
3,3661,1.23694941
3,3662,1.23694941
3,3663,1.23694941
3,3664,1.23694941
3,3665,1.23694941
3,3666,1.23694941
3,3667,1.23694941
3,3668,1.23694941
3,3669,1.23694941
3,3670,1.23694941
3,3671,1.23694941
3,3672,1.23694941
3,3673,1.23694941
3,3674,1.23694941
3,3675,1.23694941
3,3676,1.23694941
3,3677,1.23694941
3,3678,1.23694941
3,3679,1.23694941
3,3680,1.23694941
3,3681,1.23694941
3,3682,1.23694941
3,3683,1.23694941
3,3684,1.23694941
3,3685,1.23694941
3,3686,1.23694941
3,3687,1.23694941
3,3688,1.23694941
3,3689,1.23694941
3,3690,1.23694941
3,3691,1.23694941
3,3692,1.23694941
3,3693,1.23694941
3,3694,1.23694941
3,3695,1.23694941
3,3696,1.23694941
3,3697,1.23694941
3,3698,1.23694941
3,3699,1.23694941
3,3700,1.23694941
3,3701,1.23694941
3,3702,1.23694941
3,3703,1.23694941
3,3704,1.23694941
3,3705,1.23694941
3,3706,1.23694941
3,3707,1.23694941
3,3708,1.23694941
3,3709,1.23694941
3,3710,1.23694941
3,3711,1.23694941
3,3712,1.23694941
3,3713,1.23694941
3,3714,1.23694941
3,3715,1.23694941
3,3716,1.23694941
3,3717,1.23694941
3,3718,1.23694941
3,3719,1.23694941
3,3720,1.23694941
3,3721,1.23694941
3,3722,1.23694941
3,3723,1.23694941
3,3724,1.23694941
3,3725,1.23694941
3,3726,1.23694941
3,3727,1.23694941
3,3728,1.23694941
3,3729,1.23694941
3,3730,1.23694941
3,3731,1.23694941
3,3732,1.23694941
3,3733,1.23694941
3,3734,1.23694941
3,3735,1.23694941
3,3736,1.23694941
3,3737,1.23694941
3,3738,1.23694941
3,3739,1.23694941
3,3740,1.23694941
3,3741,1.23694941
3,3742,1.23694941
3,3743,1.23694941
3,3744,1.23694941
3,3745,1.23694941
3,3746,1.23694941
3,3747,1.23694941
3,3748,1.23694941
3,3749,1.23694941
3,3750,1.23694941
3,3751,1.23694941
3,3752,1.23694941
3,3753,1.23694941
3,3754,1.23694941
3,3755,1.23694941
3,3756,1.23694941
3,3757,1.23694941
3,3758,1.23694941
3,3759,1.23694941
3,3760,1.23694941
3,3761,1.23694941
3,3762,1.23694941
3,3763,1.23694941
3,3764,1.23694941
3,3765,1.23694941
3,3766,1.23694941
3,3767,1.23694941
3,3768,1.23694941
3,3769,1.23694941
3,3770,1.23694941
3,3771,1.23694941
3,3772,1.23694941
3,3773,1.23694941
3,3774,1.23694941
3,3775,1.23694941
3,3776,1.23694941
3,3777,1.23694941
3,3778,1.23694941
3,3779,1.23694941
3,3780,1.23694941
3,3781,1.23694941
3,3782,1.23694941
3,3783,1.23694941
3,3784,1.23694941
3,3785,1.23694941
3,3786,1.23694941
3,3787,1.23694941
3,3788,1.23694941
3,3789,1.23694941
3,3790,1.23694941
3,3791,1.23694941
3,3792,1.23694941
3,3793,1.23694941
3,3794,1.23694941
3,3795,1.23694941
3,3796,1.23694941
3,3797,1.23694941
3,3798,1.23694941
3,3799,1.23694941
3,3800,1.23694941
3,3801,1.23694941
3,3802,1.23694941
3,3803,1.23694941
3,3804,1.23694941
3,3805,1.23694941
3,3806,1.23694941
3,3807,1.23694941
3,3808,1.23694941
3,3809,1.23694941
3,3810,1.23694941
3,3811,1.23694941
3,3812,1.23694941
3,3813,1.23694941
3,3814,1.23694941
3,3815,1.23694941
3,3816,1.23694941
3,3817,1.23694941
3,3818,1.23694941
3,3819,1.23694941
3,3820,1.23694941
3,3821,1.23694941
3,3822,1.23694941
3,3823,1.23694941
3,3824,1.23694941
3,3825,1.23694941
3,3826,1.23694941
3,3827,1.23694941
3,3828,1.23694941
3,3829,1.23694941
3,3830,1.23694941
3,3831,1.23694941
3,3832,1.23694941
3,3833,1.23694941
3,3834,1.23694941
3,3835,1.23694941
3,3836,1.23694941
3,3837,1.23694941
3,3838,1.23694941
3,3839,1.23694941
3,3840,1.23694941
3,3841,1.23694941
3,3842,1.23694941
3,3843,1.23694941
3,3844,1.23694941
3,3845,1.23694941
3,3846,1.23694941
3,3847,1.23694941
3,3848,1.23694941
3,3849,1.23694941
3,3850,1.23694941
3,3851,1.23694941
3,3852,1.23694941
3,3853,1.23694941
3,3854,1.23694941
3,3855,1.23694941
3,3856,1.23694941
3,3857,1.23694941
3,3858,1.23694941
3,3859,1.23694941
3,3860,1.23694941
3,3861,1.23694941
3,3862,1.23694941
3,3863,1.23694941
3,3864,1.23694941
3,3865,1.23694941
3,3866,1.23694941
3,3867,1.23694941
3,3868,1.23694941
3,3869,1.23694941
3,3870,1.23694941
3,3871,1.23694941
3,3872,1.23694941
3,3873,1.23694941
3,3874,1.23694941
3,3875,1.23694941
3,3876,1.23694941
3,3877,1.23694941
3,3878,1.23694941
3,3879,1.23694941
3,3880,1.23694941
3,3881,1.23694941
3,3882,1.23694941
3,3883,1.23694941
3,3884,1.23694941
3,3885,1.23694941
3,3886,1.23694941
3,3887,1.23694941
3,3888,1.23694941
3,3889,1.23694941
3,3890,1.23694941
3,3891,1.23694941
3,3892,1.23694941
3,3893,1.23694941
3,3894,1.23694941
3,3895,1.23694941
3,3896,1.23694941
3,3897,1.23694941
3,3898,1.23694941
3,3899,1.23694941
3,3900,1.23694941
3,3901,1.23694941
3,3902,1.23694941
3,3903,1.23694941
3,3904,1.23694941
3,3905,1.23694941
3,3906,1.23694941
3,3907,1.23694941
3,3908,1.23694941
3,3909,1.23694941
3,3910,1.23694941
3,3911,1.23694941
3,3912,1.23694941
3,3913,1.23694941
3,3914,1.23694941
3,3915,1.23694941
3,3916,1.23694941
3,3917,1.23694941
3,3918,1.23694941
3,3919,1.23694941
3,3920,1.23694941
3,3921,1.23694941
3,3922,1.23694941
3,3923,1.23694941
3,3924,1.23694941
3,3925,1.23694941
3,3926,1.23694941
3,3927,1.23694941
3,3928,1.23694941
3,3929,1.23694941
3,3930,1.23694941
3,3931,1.23694941
3,3932,1.23694941
3,3933,1.23694941
3,3934,1.23694941
3,3935,1.23694941
3,3936,1.23694941
3,3937,1.23694941
3,3938,1.23694941
3,3939,1.23694941
3,3940,1.23694941
3,3941,1.23694941
3,3942,1.23694941
3,3943,1.23694941
3,3944,1.23694941
3,3945,1.23694941
3,3946,1.23694941
3,3947,1.23694941
3,3948,1.23694941
3,3949,1.23694941
3,3950,1.23694941
3,3951,1.23694941
3,3952,1.23694941
3,3953,1.23694941
3,3954,1.23694941
3,3955,1.23694941
3,3956,1.23694941
3,3957,1.23694941
3,3958,1.23694941
3,3959,1.23694941
3,3960,1.23694941
3,3961,1.23694941
3,3962,1.23694941
3,3963,1.23694941
3,3964,1.23694941
3,3965,1.23694941
3,3966,1.23694941
3,3967,1.23694941
3,3968,1.23694941
3,3969,1.23694941
3,3970,1.23694941
3,3971,1.23694941
3,3972,1.23694941
3,3973,1.23694941
3,3974,1.23694941
3,3975,1.23694941
3,3976,1.23694941
3,3977,1.23694941
3,3978,1.23694941
3,3979,1.23694941
3,3980,1.23694941
3,3981,1.23694941
3,3982,1.23694941
3,3983,1.23694941
3,3984,1.23694941
3,3985,1.23694941
3,3986,1.23694941
3,3987,1.23694941
3,3988,1.23694941
3,3989,1.23694941
3,3990,1.23694941
3,3991,1.23694941
3,3992,1.23694941
3,3993,1.23694941
3,3994,1.23694941
3,3995,1.23694941
3,3996,1.23694941
3,3997,1.23694941
3,3998,1.23694941
3,3999,1.23694941
3,4000,1.23694941
3,4001,1.23694941
3,4002,1.23694941
3,4003,1.23694941
3,4004,1.23694941
3,4005,1.23694941
3,4006,1.23694941
3,4007,1.23694941
3,4008,1.23694941
3,4009,1.23694941
3,4010,1.23694941
3,4011,1.23694941
3,4012,1.23694941
3,4013,1.23694941
3,4014,1.23694941
3,4015,1.23694941
3,4016,1.23694941
3,4017,1.23694941
3,4018,1.23694941
3,4019,1.23694941
3,4020,1.23694941
3,4021,1.23694941
3,4022,1.23694941
3,4023,1.23694941
3,4024,1.23694941
3,4025,1.23694941
3,4026,1.23694941
3,4027,1.23694941
3,4028,1.23694941
3,4029,1.23694941
3,4030,1.23694941
3,4031,1.23694941
3,4032,1.23694941
3,4033,1.23694941
3,4034,1.23694941
3,4035,1.23694941
3,4036,1.23694941
3,4037,1.23694941
3,4038,1.23694941
3,4039,1.23694941
3,4040,1.23694941
3,4041,1.23694941
3,4042,1.23694941
3,4043,1.23694941
3,4044,1.23694941
3,4045,1.23694941
3,4046,1.23694941
3,4047,1.23694941
3,4048,1.23694941
3,4049,1.23694941
3,4050,1.23694941
3,4051,1.23694941
3,4052,1.23694941
3,4053,1.23694941
3,4054,1.23694941
3,4055,1.23694941
3,4056,1.23694941
3,4057,1.23694941
3,4058,1.23694941
3,4059,1.23694941
3,4060,1.23694941
3,4061,1.23694941
3,4062,1.23694941
3,4063,1.23694941
3,4064,1.23694941
3,4065,1.23694941
3,4066,1.23694941
3,4067,1.23694941
3,4068,1.23694941
3,4069,1.23694941
3,4070,1.23694941
3,4071,1.23694941
3,4072,1.23694941
3,4073,1.23694941
3,4074,1.23694941
3,4075,1.23694941
3,4076,1.23694941
3,4077,1.23694941
3,4078,1.23694941
3,4079,1.23694941
3,4080,1.23694941
3,4081,1.23694941
3,4082,1.23694941
3,4083,1.23694941
3,4084,1.23694941
3,4085,1.23694941
3,4086,1.23694941
3,4087,1.23694941
3,4088,1.23694941
3,4089,1.23694941
3,4090,1.23694941
3,4091,1.23694941
3,4092,1.23694941
3,4093,1.23694941
3,4094,1.23694941
3,4095,1.23694941
3,4096,1.23694941
3,4097,1.23694941
3,4098,1.23694941
3,4099,1.23694941
3,4100,1.23694941
3,4101,1.23694941
3,4102,1.23694941
3,4103,1.23694941
3,4104,1.23694941
3,4105,1.23694941
3,4106,1.23694941
3,4107,1.23694941
3,4108,1.23694941
3,4109,1.23694941
3,4110,1.23694941
3,4111,1.23694941
3,4112,1.23694941
3,4113,1.23694941
3,4114,1.23694941
3,4115,1.23694941
3,4116,1.23694941
3,4117,1.23694941
3,4118,1.23694941
3,4119,1.23694941
3,4120,1.23694941
3,4121,1.23694941
3,4122,1.23694941
3,4123,1.23694941
3,4124,1.23694941
3,4125,1.23694941
3,4126,1.23694941
3,4127,1.23694941
3,4128,1.23694941
3,4129,1.23694941
3,4130,1.23694941
3,4131,1.23694941
3,4132,1.23694941
3,4133,1.23694941
3,4134,1.23694941
3,4135,1.23694941
3,4136,1.23694941
3,4137,1.23694941
3,4138,1.23694941
3,4139,1.23694941
3,4140,1.23694941
3,4141,1.23694941
3,4142,1.23694941
3,4143,1.23694941
3,4144,1.23694941
3,4145,1.23694941
3,4146,1.23694941
3,4147,1.23694941
3,4148,1.23694941
3,4149,1.23694941
3,4150,1.23694941
3,4151,1.23694941
3,4152,1.23694941
3,4153,1.23694941
3,4154,1.23694941
3,4155,1.23694941
3,4156,1.23694941
3,4157,1.23694941
3,4158,1.23694941
3,4159,1.23694941
3,4160,1.23694941
3,4161,1.23694941
3,4162,1.23694941
3,4163,1.23694941
3,4164,1.23694941
3,4165,1.23694941
3,4166,1.23694941
3,4167,1.23694941
3,4168,1.23694941
3,4169,1.23694941
3,4170,1.23694941
3,4171,1.23694941
3,4172,1.23694941
3,4173,1.23694941
3,4174,1.23694941
3,4175,1.23694941
3,4176,1.23694941
3,4177,1.23694941
3,4178,1.23694941
3,4179,1.23694941
3,4180,1.23694941
3,4181,1.23694941
3,4182,1.23694941
3,4183,1.23694941
3,4184,1.23694941
3,4185,1.23694941
3,4186,1.23694941
3,4187,1.23694941
3,4188,1.23694941
3,4189,1.23694941
3,4190,1.23694941
3,4191,1.23694941
3,4192,1.23694941
3,4193,1.23694941
3,4194,1.23694941
3,4195,1.23694941
3,4196,1.23694941
3,4197,1.23694941
3,4198,1.23694941
3,4199,1.23694941
4,0,19.64745944
4,1,8.495878481
4,2,14.34771052
4,3,16.05414348
4,4,10.93634825
4,5,18.12511676
4,6,12.28070868
4,7,10.98106657
4,8,22.68552675
4,9,16.89176446
4,10,6.790479157
4,11,16.73565683
4,12,7.126157435
4,13,20.57759426
4,14,10.40079272
4,15,19.39738554
4,16,10.23970349
4,17,13.52368416
4,18,12.2704245
4,19,18.11872375
4,20,0.9075170835
4,21,18.21410188
4,22,4.234393342
4,23,9.863563791
4,24,20.5956041
4,25,9.391810017
4,26,15.65251838
4,27,8.70981158
4,28,19.39212923
4,29,13.97400613
4,30,12.30604117
4,31,12.4641279
4,32,16.51402705
4,33,7.748615211
4,34,15.61885974
4,35,7.605107966
4,36,11.59272924
4,37,18.15863717
4,38,12.23385806
4,39,8.299467263
4,40,11.87956881
4,41,8.072193777
4,42,23.1278819
4,43,9.003115637
4,44,16.33842615
4,45,10.63391675
4,46,14.76124189
4,47,14.35110307
4,48,13.10079496
4,49,10.68416008
4,50,19.56978681
4,51,6.790479157
4,52,12.00556631
4,53,9.035899933
4,54,20.05586908
4,55,15.01975331
4,56,25.05803599
4,57,5.932819871
4,58,14.08098564
4,59,11.88860877
4,60,8.518892813
4,61,11.05175652
4,62,10.19038856
4,63,4.606891987
4,64,8.210508332
4,65,11.28189225
4,66,8.224617797
4,67,10.76111586
4,68,14.71785977
4,69,12.6029002
4,70,28.18554571
4,71,7.759313037
4,72,16.23552481
4,73,8.916315861
4,74,7.514009464
4,75,12.2898658
4,76,13.25115268
4,77,5.081823414
4,78,22.75945158
4,79,6.375001862
4,80,12.27649695
4,81,9.312248318
4,82,7.823763097
4,83,9.338221406
4,84,5.959972016
4,85,23.87801607
4,86,6.982035975
4,87,13.55493202
4,88,9.764917666
4,89,10.66540752
4,90,25.4176586
4,91,12.06457945
4,92,6.711337476
4,93,21.17717692
4,94,6.043701458
4,95,11.36387719
4,96,11.18886372
4,97,8.744424221
4,98,7.345463473
4,99,8.522889116
4,100,11.9398555
4,101,5.315397833
4,102,14.98450252
4,103,14.69907289
4,104,19.22401473
4,105,13.84126949
4,106,13.05635025
4,107,12.53239481
4,108,5.472623812
4,109,15.94417646
4,110,5.69768564
4,111,13.60513867
4,112,10.57109695
4,113,7.790369367
4,114,6.509581303
4,115,7.680963121
4,116,6.069156015
4,117,11.28337741
4,118,14.11501437
4,119,4.376808236
4,120,13.70527335
4,121,8.966345093
4,122,12.8160459
4,123,7.075137163
4,124,9.104485087
4,125,8.205375088
4,126,17.17506441
4,127,5.189670419
4,128,21.77481844
4,129,7.029389203
4,130,8.925783366
4,131,6.140857547
4,132,10.53992054
4,133,13.66335787
4,134,7.836192076
4,135,12.65831773
4,136,7.038373249
4,137,8.785384972
4,138,24.72764166
4,139,7.947103382
4,140,6.115450163
4,141,9.601173921
4,142,10.72832454
4,143,22.08617827
4,144,6.702046709
4,145,14.3094169
4,146,7.876853907
4,147,20.12905301
4,148,8.395202657
4,149,12.31389875
4,150,9.986497266
4,151,3.681101344
4,152,16.73849149
4,153,10.1292195
4,154,9.242126393
4,155,4.500334673
4,156,13.22976754
4,157,13.34438113
4,158,4.525882227
4,159,7.559035323
4,160,7.059096332
4,161,9.19165872
4,162,7.193246999
4,163,13.50148737
4,164,10.59259859
4,165,13.51745382
4,166,6.421780698
4,167,8.013717859
4,168,9.3519055
4,169,21.71042071
4,170,8.387082754
4,171,7.106975583
4,172,9.643300232
4,173,8.348866421
4,174,14.97307345
4,175,3.431575618
4,176,9.883255207
4,177,7.966498215
4,178,5.137448512
4,179,9.696745212
4,180,8.352975687
4,181,9.962318488
4,182,5.321496054
4,183,13.22018214
4,184,10.46577442
4,185,3.783504773
4,186,12.73621885
4,187,9.783504568
4,188,13.07529976
4,189,7.221955779
4,190,12.75865573
4,191,10.84169897
4,192,15.02954835
4,193,7.584802578
4,194,12.04750754
4,195,11.50790354
4,196,10.15598923
4,197,8.940990181
4,198,7.87641007
4,199,6.780838826
4,200,6.522325041
4,201,9.054897611
4,202,5.589735581
4,203,8.658070158
4,204,13.73896242
4,205,5.425816678
4,206,7.773332524
4,207,7.529359177
4,208,11.47223327
4,209,11.23151703
4,210,11.9020885
4,211,9.720121209
4,212,14.22007127
4,213,8.380874074
4,214,11.82742151
4,215,6.627626148
4,216,5.265480762
4,217,10.26173856
4,218,6.632683012
4,219,12.901052
4,220,7.127770805
4,221,8.084828208
4,222,10.13024825
4,223,8.619011911
4,224,4.901475175
4,225,8.920326586
4,226,4.830118365
4,227,14.15183003
4,228,4.597430195
4,229,8.511540994
4,230,6.508947487
4,231,9.484233968
4,232,6.699085118
4,233,6.696630113
4,234,11.79271175
4,235,10.78800401
4,236,11.25481365
4,237,10.52095488
4,238,5.54361743
4,239,17.59022409
4,240,10.14408128
4,241,4.809907935
4,242,6.651877928
4,243,23.54968677
4,244,7.912883015
4,245,12.11821083
4,246,8.897420075
4,247,8.552589257
4,248,12.48050216
4,249,12.08199326
4,250,17.4912682
4,251,7.329396872
4,252,11.39084891
4,253,9.285168522
4,254,17.0236059
4,255,17.47098108
4,256,7.388546997
4,257,9.534844713
4,258,3.890375705
4,259,9.460210135
4,260,10.52220113
4,261,5.38816872
4,262,12.89155216
4,263,8.234621251
4,264,7.022713008
4,265,10.18142568
4,266,6.09686989
4,267,8.140276519
4,268,6.993486507
4,269,7.926808657
4,270,8.069368789
4,271,10.59974241
4,272,7.658956856
4,273,9.81586106
4,274,8.033085452
4,275,12.24523509
4,276,13.77367811
4,277,8.921794207
4,278,19.12242722
4,279,7.891561108
4,280,6.992627155
4,281,13.06333262
4,282,11.47480846
4,283,10.77916167
4,284,6.262416255
4,285,11.12222014
4,286,4.987794796
4,287,13.01872494
4,288,11.30688012
4,289,5.290517449
4,290,15.18039604
4,291,5.71973568
4,292,5.781283591
4,293,8.835718725
4,294,4.173983635
4,295,12.43345751
4,296,6.543881352
4,297,9.81844881
4,298,6.020173398
4,299,11.48050358
4,300,6.086786786
4,301,16.82896246
4,302,8.696502386
4,303,7.091652202
4,304,6.685316659
4,305,13.48794871
4,306,7.609030704
4,307,5.964730304
4,308,7.478178774
4,309,9.0283648
4,310,7.261090328
4,311,5.386509267
4,312,6.967744672
4,313,7.524209685
4,314,16.83560458
4,315,8.621759763
4,316,10.97625706
4,317,7.518510738
4,318,8.905216048
4,319,10.70089035
4,320,6.431704555
4,321,9.405315548
4,322,11.14129679
4,323,13.06706707
4,324,8.559941451
4,325,12.0226696
4,326,8.327674502
4,327,9.416349511
4,328,18.36253325
4,329,11.08649622
4,330,4.807077349
4,331,8.091977145
4,332,16.04942471
4,333,8.408798665
4,334,7.493678044
4,335,8.924527399
4,336,2.211928932
4,337,10.48423525
4,338,4.225704914
4,339,6.000455132
4,340,7.800408406
4,341,8.763666128
4,342,2.736560804
4,343,21.90614409
4,344,12.69131408
4,345,10.72280198
4,346,4.812387697
4,347,3.053232918
4,348,12.78742007
4,349,7.59096133
4,350,6.034793816
4,351,10.66044761
4,352,7.007981576
4,353,4.842001614
4,354,4.59077692
4,355,6.106363468
4,356,11.59551311
4,357,7.048978688
4,358,6.051489797
4,359,10.57940192
4,360,9.570449568
4,361,9.225369857
4,362,7.755824333
4,363,10.03474071
4,364,9.802833009
4,365,10.77524486
4,366,13.10076595
4,367,6.230836063
4,368,7.454883451
4,369,9.906542131
4,370,8.514039741
4,371,5.933115967
4,372,5.195091111
4,373,11.71186298
4,374,9.78298265
4,375,8.187173094
4,376,5.811403024
4,377,12.84228663
4,378,5.644160902
4,379,7.81833278
4,380,8.048832538
4,381,16.35430945
4,382,9.416754123
4,383,8.881751804
4,384,15.70944379
4,385,9.44923764
4,386,6.297635879
4,387,9.499309682
4,388,5.514359795
4,389,6.650254679
4,390,9.114578151
4,391,4.555868133
4,392,4.500163693
4,393,14.31719624
4,394,7.768319017
4,395,8.19372519
4,396,9.035014727
4,397,8.954397827
4,398,9.566021795
4,399,10.29319335
4,400,7.110532826
4,401,8.678977302
4,402,5.141235054
4,403,2.736560804
4,404,6.027865854
4,405,8.588075318
4,406,3.554462738
4,407,11.73990799
4,408,5.360156649
4,409,7.384020611
4,410,8.677611335
4,411,13.69883649
4,412,5.015166054
4,413,7.926808657
4,414,8.63913029
4,415,6.575704039
4,416,6.175023614
4,417,6.818208407
4,418,5.624536852
4,419,7.265963578
4,420,6.178566717
4,421,8.702603876
4,422,11.69026929
4,423,10.86176751
4,424,2.044668456
4,425,11.91449329
4,426,12.12239096
4,427,9.476200699
4,428,16.70688557
4,429,7.015545075
4,430,8.785913946
4,431,6.868162295
4,432,3.961062269
4,433,6.159445167
4,434,12.07199973
4,435,3.637326163
4,436,8.325686235
4,437,4.421272076
4,438,7.615103703
4,439,9.505704432
4,440,5.059437976
4,441,8.663104865
4,442,5.60154685
4,443,10.88452658
4,444,8.915349001
4,445,4.907448464
4,446,8.87706766
4,447,9.349191273
4,448,2.61245793
4,449,4.86510394
4,450,10.90581035
4,451,10.53535793
4,452,13.07046195
4,453,10.35591544
4,454,6.018658168
4,455,10.06482143
4,456,9.916969408
4,457,6.12797368
4,458,6.455071048
4,459,1.517232684
4,460,7.134101824
4,461,6.666381193
4,462,7.615571085
4,463,8.547488149
4,464,2.827883378
4,465,8.966238546
4,466,7.603953016
4,467,10.89455584
4,468,6.656326825
4,469,6.457063035
4,470,13.54432932
4,471,10.24625922
4,472,5.421339248
4,473,1.405010854
4,474,5.499349265
4,475,8.898361306
4,476,9.765819058
4,477,13.6725353
4,478,3.907784946
4,479,10.48991483
4,480,5.123716305
4,481,6.956692834
4,482,5.682278626
4,483,14.56840202
4,484,3.580288885
4,485,6.696387044
4,486,10.09884959
4,487,6.457874371
4,488,9.963569392
4,489,12.49207476
4,490,4.492245355
4,491,8.733216859
4,492,9.578408829
4,493,13.89201355
4,494,2.926684352
4,495,7.583860938
4,496,10.41433165
4,497,5.087049925
4,498,4.300447538
4,499,5.017596443
4,500,4.972763361
4,501,11.41784639
4,502,4.691673474
4,503,6.535460613
4,504,5.739110118
4,505,11.14328138
4,506,4.326620095
4,507,6.435001641
4,508,6.776067609
4,509,6.006527478
4,510,6.76899106
4,511,3.367771712
4,512,6.76740511
4,513,5.236909827
4,514,7.450691181
4,515,3.475029556
4,516,7.689079031
4,517,6.005686727
4,518,5.541226782
4,519,3.67265646
4,520,8.576005605
4,521,7.176678163
4,522,4.888276333
4,523,5.007879031
4,524,4.702794004
4,525,6.162902654
4,526,10.49994448
4,527,13.45722966
4,528,7.356895657
4,529,8.307251639
4,530,5.842899895
4,531,1.862780077
4,532,9.208413189
4,533,10.13174753
4,534,10.01251424
4,535,5.701016181
4,536,5.002072194
4,537,4.86413708
4,538,8.225958855
4,539,6.496418709
4,540,6.38139884
4,541,9.734224418
4,542,8.216406733
4,543,5.518245903
4,544,7.24992218
4,545,6.137578911
4,546,4.225446339
4,547,6.146747133
4,548,3.479744611
4,549,3.927863709
4,550,10.01624117
4,551,9.90842089
4,552,8.739012013
4,553,6.90925138
4,554,7.078926454
4,555,3.11744953
4,556,9.435685461
4,557,5.871720554
4,558,3.184784167
4,559,1.08057851
4,560,7.729944119
4,561,7.291152545
4,562,3.511002141
4,563,9.053168641
4,564,8.706350984
4,565,9.409111762
4,566,5.844247682
4,567,7.846155583
4,568,7.76628188
4,569,8.566803349
4,570,8.203205696
4,571,6.127748425
4,572,3.123635729
4,573,3.1196205
4,574,9.988630819
4,575,7.222556748
4,576,7.328373106
4,577,3.831334596
4,578,11.3157029
4,579,6.550586571
4,580,2.273484532
4,581,4.961110554
4,582,9.805455858
4,583,6.281570752
4,584,4.72936118
4,585,3.911284747
4,586,4.623137499
4,587,10.41467784
4,588,7.278790806
4,589,4.632727253
4,590,4.013943182
4,591,2.093405193
4,592,7.056797526
4,593,5.503344616
4,594,3.264123863
4,595,2.107793208
4,596,4.279468418
4,597,4.046692063
4,598,5.859289044
4,599,10.448692
4,600,6.539353662
4,601,7.559453522
4,602,4.373980125
4,603,6.946456305
4,604,4.742178332
4,605,5.071189982
4,606,5.617722358
4,607,8.600273484
4,608,4.383769512
4,609,6.825182423
4,610,4.678490006
4,611,3.880715937
4,612,5.347166422
4,613,9.251860136
4,614,5.258400303
4,615,5.534325965
4,616,2.834378803
4,617,9.108388164
4,618,5.862740494
4,619,2.456087031
4,620,4.391057633
4,621,4.837602288
4,622,6.545262693
4,623,4.486941997
4,624,3.990534619
4,625,8.887466754
4,626,5.924082382
4,627,7.864882092
4,628,5.854322256
4,629,2.243682886
4,630,10.02106125
4,631,3.538874111
4,632,5.857765226
4,633,4.480825151
4,634,4.750678971
4,635,4.515404387
4,636,3.292681926
4,637,8.437387696
4,638,5.024121991
4,639,3.754649101
4,640,4.434406021
4,641,6.242185439
4,642,6.316817431
4,643,5.671357959
4,644,2.614130602
4,645,7.725051874
4,646,8.106845047
4,647,4.155834864
4,648,8.152153034
4,649,5.663496341
4,650,4.521548976
4,651,5.515578872
4,652,4.907610461
4,653,4.517696239
4,654,7.768319017
4,655,6.759655471
4,656,7.925447468
4,657,3.767935692
4,658,5.554606741
4,659,7.675138345
4,660,5.027570378
4,661,4.158334823
4,662,2.204366676
4,663,5.177261288
4,664,5.559585789
4,665,4.911064929
4,666,3.685644159
4,667,5.21285114
4,668,8.850279754
4,669,8.227607531
4,670,3.31972214
4,671,11.03483001
4,672,5.704886982
4,673,10.15335223
4,674,6.631851606
4,675,7.727951998
4,676,5.794510429
4,677,5.588250008
4,678,4.24620466
4,679,3.615954378
4,680,6.701871315
4,681,7.873437449
4,682,4.185972061
4,683,3.47817058
4,684,3.780344822
4,685,4.947935949
4,686,3.953663531
4,687,6.765831079
4,688,5.630633136
4,689,5.662456294
4,690,6.573726102
4,691,2.95604091
4,692,4.720467165
4,693,5.361742599
4,694,5.032198524
4,695,7.17506083
4,696,5.779603907
4,697,4.409037899
4,698,3.630445475
4,699,4.331878421
4,700,6.079756944
4,701,4.799943926
4,702,8.588248113
4,703,6.020173398
4,704,5.325386653
4,705,1.579875265
4,706,5.195091111
4,707,2.970573285
4,708,6.207482382
4,709,2.280854635
4,710,4.947090189
4,711,6.293660563
4,712,3.187593351
4,713,5.57894956
4,714,4.825028422
4,715,8.987490859
4,716,3.22506176
4,717,4.341511247
4,718,6.37180428
4,719,8.643748218
4,720,4.597386023
4,721,6.557113408
4,722,4.247728478
4,723,6.376668687
4,724,8.939511003
4,725,2.284599635
4,726,3.002440248
4,727,7.01821489
4,728,5.893320859
4,729,10.40370011
4,730,5.489952743
4,731,6.500196518
4,732,5.141854235
4,733,3.592284327
4,734,4.487826902
4,735,5.489364466
4,736,3.225395175
4,737,1.40220167
4,738,6.297566207
4,739,5.932396165
4,740,4.657489101
4,741,4.690472304
4,742,6.955118804
4,743,2.791804196
4,744,7.349887479
4,745,5.859188559
4,746,8.607773581
4,747,5.42876399
4,748,3.681002703
4,749,4.738952397
4,750,1.744111979
4,751,2.283025604
4,752,6.017092467
4,753,12.32988912
4,754,3.455611817
4,755,3.941537663
4,756,3.726131644
4,757,5.946384469
4,758,7.442750849
4,759,5.444403649
4,760,7.897057429
4,761,2.292507442
4,762,5.750052342
4,763,3.518762371
4,764,1.898077134
4,765,5.680673577
4,766,8.195365175
4,767,3.841112279
4,768,9.207691287
4,769,5.970747701
4,770,4.339937217
4,771,2.650851077
4,772,1.06305627
4,773,9.237258055
4,774,3.76083443
4,775,4.843575645
4,776,4.55235512
4,777,4.919169321
4,778,1.917173405
4,779,2.494385962
4,780,7.359764593
4,781,7.89377693
4,782,5.017711785
4,783,7.72815027
4,784,10.47679132
4,785,3.982773437
4,786,4.571619075
4,787,3.622449803
4,788,7.217993736
4,789,4.814735683
4,790,2.650851077
4,791,5.250240572
4,792,4.714166228
4,793,3.368852393
4,794,2.453384877
4,795,5.26193278
4,796,3.51718834
4,797,3.94747638
4,798,5.051713422
4,799,2.61245793
4,800,5.322197636
4,801,6.711151925
4,802,5.146730465
4,803,12.44714888
4,804,2.565606706
4,805,4.68586542
4,806,6.378986728
4,807,5.395135782
4,808,3.29981518
4,809,1.061482239
4,810,2.226461306
4,811,8.003579261
4,812,3.312185247
4,813,2.827883378
4,814,1.253108752
4,815,3.886424259
4,816,5.990948997
4,817,9.270416603
4,818,2.279841279
4,819,3.292107287
4,820,6.129686822
4,821,4.662600806
4,822,3.512576171
4,823,4.477952331
4,824,3.312185247
4,825,1.862780077
4,826,3.098353259
4,827,2.717464533
4,828,7.286786993
4,829,5.795993332
4,830,1.23694941
4,831,3.729526599
4,832,5.318965748
4,833,3.056609933
4,834,3.780344822
4,835,4.205383886
4,836,7.104719429
4,837,2.198702094
4,838,2.872219958
4,839,4.071481115
4,840,7.644374547
4,841,3.251496279
4,842,3.707334337
4,843,4.597386023
4,844,4.211889417
4,845,1.40220167
4,846,3.184784167
4,847,3.430140985
4,848,2.522016121
4,849,6.114838994
4,850,1.517232684
4,851,4.407593293
4,852,3.066672598
4,853,3.797705518
4,854,1.85112727
4,855,3.859187757
4,856,1.862780077
4,857,2.243682886
4,858,8.083706386
4,859,3.019738845
4,860,3.716832107
4,861,3.045763555
4,862,3.98106132
4,863,4.125564684
4,864,6.45611712
4,865,4.526593216
4,866,3.653496491
4,867,2.056067097
4,868,2.654408263
4,869,0.9075170835
4,870,2.735547448
4,871,5.805782785
4,872,3.98820952
4,873,6.378938114
4,874,3.945987533
4,875,7.654474682
4,876,6.014089734
4,877,4.908068939
4,878,2.119446015
4,879,1.690834655
4,880,1.690834655
4,881,4.895201262
4,882,4.562733886
4,883,4.371723054
4,884,0.9090911145
4,885,7.641844417
4,886,4.356349354
4,887,3.880913845
4,888,3.358611016
4,889,4.292989545
4,890,1.93424961
4,891,4.756772178
4,892,3.699755902
4,893,5.736116472
4,894,4.234595155
4,895,6.839560797
4,896,7.090213762
4,897,3.380860766
4,898,2.465037684
4,899,2.415652453
4,900,3.536284611
4,901,3.268638937
4,902,1.253108752
4,903,1.06305627
4,904,4.580781324
4,905,2.612925006
4,906,3.82469042
4,907,3.657790998
4,908,4.198563939
4,909,3.807602906
4,910,4.01053367
4,911,7.044928186
4,912,4.029172774
4,913,2.218212053
4,914,3.966752585
4,915,1.517232684
4,916,2.543965211
4,917,2.107793208
4,918,1.708814921
4,919,3.340426188
4,920,6.243640775
4,921,5.567833578
4,922,2.772719197
4,923,5.293164029
4,924,4.156170415
4,925,5.061442656
4,926,3.463723286
4,927,1.061482239
4,928,1.85112727
4,929,1.06305627
4,930,1.85112727
4,931,2.261758364
4,932,1.061482239
4,933,1.06305627
4,934,1.06305627
4,935,3.554059428
4,936,2.119446015
4,937,3.171640947
4,938,2.68063772
4,939,4.299840261
4,940,3.066672598
4,941,2.897646521
4,942,3.082842926
4,943,1.870913994
4,944,1.870913994
4,945,4.483679168
4,946,3.026185113
4,947,3.664478274
4,948,1.06305627
4,949,1.06305627
4,950,1.85112727
4,951,1.862780077
4,952,3.629155415
4,953,4.688022757
4,954,2.924809661
4,955,3.256810229
4,956,3.455661763
4,957,4.277027066
4,958,4.713304892
4,959,6.442655273
4,960,2.743280301
4,961,1.917173405
4,962,2.494385962
4,963,1
4,964,4.366990917
4,965,0.9075170835
4,966,2.416513788
4,967,2.981777467
4,968,1.017935929
4,969,1.854530824
4,970,1.253108752
4,971,3.292107287
4,972,4.690301324
4,973,3.563054681
4,974,3.718449439
4,975,0.9090911145
4,976,2.506520508
4,977,0.9090911145
4,978,4.113457722
4,979,1.579875265
4,980,2.791804196
4,981,1.467653435
4,982,1
4,983,1
4,984,0.9090911145
4,985,0.9090911145
4,986,1.708814921
4,987,3.440307843
4,988,4.991277265
4,989,3.975001838
4,990,5.004663936
4,991,4.721065123
4,992,3.965625219
4,993,2.506520508
4,994,6.219979594
4,995,2.261758364
4,996,1.061482239
4,997,2.43699076
4,998,3.46020947
4,999,2.42887929
4,1000,2.204366676
4,1001,2.606607792
4,1002,3.831334596
4,1003,3.681002703
4,1004,2.929090097
4,1005,3.885847154
4,1006,1.017935929
4,1007,3.420176976
4,1008,3.191479458
4,1009,3.916012995
4,1010,2.380355395
4,1011,1.917173405
4,1012,1.467653435
4,1013,1
4,1014,0.9090911145
4,1015,0.9090911145
4,1016,0.9090911145
4,1017,0.9090911145
4,1018,1.882358519
4,1019,1.708814921
4,1020,1.405010854
4,1021,3.58063152
4,1022,3.681002703
4,1023,3.765684992
4,1024,3.094287451
4,1025,1.744111979
4,1026,2.283025604
4,1027,3.930735726
4,1028,2.431743381
4,1029,2.218212053
4,1030,3.86906313
4,1031,3.799769442
4,1032,3.642931466
4,1033,4.031490815
4,1034,4.761756775
4,1035,2.504946477
4,1036,1.708814921
4,1037,2.603712948
4,1038,6.612596318
4,1039,4.533963318
4,1040,3.91969518
4,1041,2.782582497
4,1042,2.121020046
4,1043,1.882358519
4,1044,0.9075170835
4,1045,1.93424961
4,1046,3.045763555
4,1047,3.508939087
4,1048,2.68063772
4,1049,1.017935929
4,1050,2.866033758
4,1051,1.08057851
4,1052,2.107311037
4,1053,2.280854635
4,1054,1.08057851
4,1055,1.08057851
4,1056,1.08057851
4,1057,1.917173405
4,1058,1.467653435
4,1059,1
4,1060,2.431743381
4,1061,1.017935929
4,1062,1.017935929
4,1063,3.116736835
4,1064,1.216950359
4,1065,1.467653435
4,1066,2.200276125
4,1067,0.9090911145
4,1068,0.9090911145
4,1069,3.045763555
4,1070,1.405010854
4,1071,2.044668456
4,1072,2.218212053
4,1073,1.017935929
4,1074,5.805539716
4,1075,2.292507442
4,1076,1.08057851
4,1077,1.08057851
4,1078,1.08057851
4,1079,2.292507442
4,1080,1.08057851
4,1081,2.107311037
4,1082,3.22967136
4,1083,4.626172083
4,1084,5.053052678
4,1085,4.787713577
4,1086,3.131011919
4,1087,0.9090911145
4,1088,0.9090911145
4,1089,0.9090911145
4,1090,0.9090911145
4,1091,0.9090911145
4,1092,0.9090911145
4,1093,3.25786704
4,1094,3.341541372
4,1095,0.9075170835
4,1096,0.9075170835
4,1097,0.9075170835
4,1098,0.9075170835
4,1099,0.9075170835
4,1100,2.56841589
4,1101,1.017935929
4,1102,1.017935929
4,1103,3.230039345
4,1104,2.451810846
4,1105,1.849553239
4,1106,1.862780077
4,1107,2.59245888
4,1108,1
4,1109,1.216950359
4,1110,2.107311037
4,1111,3.11744953
4,1112,2.056067097
4,1113,1
4,1114,0.9090911145
4,1115,0.9090911145
4,1116,0.9090911145
4,1117,0.9090911145
4,1118,0.9090911145
4,1119,0.9090911145
4,1120,2.284599635
4,1121,0.9090911145
4,1122,1.744111979
4,1123,0.9075170835
4,1124,1.708814921
4,1125,1.405010854
4,1126,2.279841279
4,1127,3.066672598
4,1128,2.814379752
4,1129,2.666355529
4,1130,3.455706101
4,1131,1.253108752
4,1132,1
4,1133,2.770844506
4,1134,2.072496151
4,1135,1.882358519
4,1136,1.744111979
4,1137,3.146178542
4,1138,2.072496151
4,1139,3.510513118
4,1140,2.141724095
4,1141,1.517232684
4,1142,1.253108752
4,1143,4.357529057
4,1144,1.690834655
4,1145,1.690834655
4,1146,3.51402816
4,1147,2.380355395
4,1148,2.861615305
4,1149,6.059624078
4,1150,4.326620095
4,1151,4.058974421
4,1152,2.850538146
4,1153,1.216950359
4,1154,1.467653435
4,1155,1
4,1156,1.216950359
4,1157,1
4,1158,2.770844506
4,1159,2.072496151
4,1160,0.9090911145
4,1161,3.496528567
4,1162,3.131011919
4,1163,2.691673611
4,1164,2.121020046
4,1165,0.9090911145
4,1166,2.944388104
4,1167,0.9075170835
4,1168,2.119446015
4,1169,0.9075170835
4,1170,0.9075170835
4,1171,0.9075170835
4,1172,0.9075170835
4,1173,0.9075170835
4,1174,2.119446015
4,1175,1.708814921
4,1176,2.431743381
4,1177,2.218212053
4,1178,1.854530824
4,1179,2.279841279
4,1180,3.468913714
4,1181,1.690834655
4,1182,1.690834655
4,1183,1.690834655
4,1184,1.690834655
4,1185,1.690834655
4,1186,1.690834655
4,1187,2.315326066
4,1188,1.216950359
4,1189,1
4,1190,1.216950359
4,1191,1
4,1192,1.253108752
4,1193,1.216950359
4,1194,1
4,1195,1.405010854
4,1196,1.253108752
4,1197,1.216950359
4,1198,1.467653435
4,1199,1
4,1200,4.462825957
4,1201,2.68063772
4,1202,1.517232684
4,1203,1.517232684
4,1204,1.517232684
4,1205,2.715934777
4,1206,2.68063772
4,1207,1.517232684
4,1208,1.253108752
4,1209,1.216950359
4,1210,2.273484532
4,1211,1
4,1212,1.405010854
4,1213,2.141724095
4,1214,1.517232684
4,1215,1.517232684
4,1216,1.517232684
4,1217,2.628617273
4,1218,1.216950359
4,1219,1
4,1220,2.198702094
4,1221,2.650851077
4,1222,1.06305627
4,1223,1.06305627
4,1224,1.06305627
4,1225,1.06305627
4,1226,1.06305627
4,1227,2.036323675
4,1228,1.898077134
4,1229,1.061482239
4,1230,1.849553239
4,1231,1.061482239
4,1232,1.061482239
4,1233,1.862780077
4,1234,2.211928932
4,1235,2.198702094
4,1236,0.9075170835
4,1237,0.9075170835
4,1238,0.9075170835
4,1239,0.9075170835
4,1240,0.9075170835
4,1241,2.283025604
4,1242,1.708814921
4,1243,1.253108752
4,1244,2.198702094
4,1245,1.849553239
4,1246,1.061482239
4,1247,1.061482239
4,1248,2.088214766
4,1249,2.226461306
4,1250,1.85112727
4,1251,1.06305627
4,1252,1.85112727
4,1253,1.06305627
4,1254,1.06305627
4,1255,3.049829364
4,1256,1.061482239
4,1257,1.849553239
4,1258,1.862780077
4,1259,1.06305627
4,1260,1.06305627
4,1261,1.216950359
4,1262,2.204366676
4,1263,1.579875265
4,1264,1.579875265
4,1265,1.579875265
4,1266,1.579875265
4,1267,1.579875265
4,1268,1.579875265
4,1269,1.579875265
4,1270,1.579875265
4,1271,1.579875265
4,1272,2.494385962
4,1273,2.200276125
4,1274,0.9090911145
4,1275,0.9090911145
4,1276,0.9090911145
4,1277,0.9090911145
4,1278,0.9090911145
4,1279,0.9090911145
4,1280,0.9090911145
4,1281,0.9090911145
4,1282,0.9090911145
4,1283,0.9090911145
4,1284,0.9090911145
4,1285,0.9090911145
4,1286,0.9090911145
4,1287,2.107793208
4,1288,0.9075170835
4,1289,0.9075170835
4,1290,0.9075170835
4,1291,2.119446015
4,1292,0.9075170835
4,1293,0.9075170835
4,1294,0.9075170835
4,1295,0.9075170835
4,1296,0.9075170835
4,1297,0.9075170835
4,1298,0.9075170835
4,1299,0.9075170835
4,1300,0.9075170835
4,1301,1.93424961
4,1302,0.9075170835
4,1303,0.9075170835
4,1304,0.9075170835
4,1305,1.708814921
4,1306,1.405010854
4,1307,1.253108752
4,1308,1
4,1309,3.151902034
4,1310,1.017935929
4,1311,1.017935929
4,1312,1.017935929
4,1313,1.017935929
4,1314,1.017935929
4,1315,1.017935929
4,1316,1.017935929
4,1317,1.017935929
4,1318,1.017935929
4,1319,1.017935929
4,1320,1.017935929
4,1321,1.854530824
4,1322,1.253108752
4,1323,1
4,1324,1.216950359
4,1325,1.467653435
4,1326,1
4,1327,2.616939786
4,1328,2.141724095
4,1329,1.517232684
4,1330,1.517232684
4,1331,1.517232684
4,1332,1.517232684
4,1333,1.517232684
4,1334,1.253108752
4,1335,1
4,1336,1.405010854
4,1337,1.253108752
4,1338,1
4,1339,1.405010854
4,1340,2.465037684
4,1341,1.216950359
4,1342,1
4,1343,1.405010854
4,1344,1.253108752
4,1345,1.216950359
4,1346,2.273484532
4,1347,3.62416192
4,1348,2.999960486
4,1349,2.628617273
4,1350,3.448556663
4,1351,1.06305627
4,1352,1.06305627
4,1353,1.06305627
4,1354,1.06305627
4,1355,1.06305627
4,1356,1.06305627
4,1357,1.06305627
4,1358,1.06305627
4,1359,2.261758364
4,1360,1.061482239
4,1361,1.862780077
4,1362,1.898077134
4,1363,1.061482239
4,1364,1.061482239
4,1365,1.061482239
4,1366,1.061482239
4,1367,1.862780077
4,1368,2.924809661
4,1369,1.061482239
4,1370,1.061482239
4,1371,1.061482239
4,1372,1.061482239
4,1373,1.061482239
4,1374,1.061482239
4,1375,1.061482239
4,1376,1.061482239
4,1377,1.061482239
4,1378,1.061482239
4,1379,1.061482239
4,1380,1.061482239
4,1381,1.061482239
4,1382,1.862780077
4,1383,2.211928932
4,1384,1
4,1385,1.216950359
4,1386,1
4,1387,0.9090911145
4,1388,0.9090911145
4,1389,0.9090911145
4,1390,0.9090911145
4,1391,0.9090911145
4,1392,0.9090911145
4,1393,0.9090911145
4,1394,0.9090911145
4,1395,0.9090911145
4,1396,0.9090911145
4,1397,0.9090911145
4,1398,0.9090911145
4,1399,0.9090911145
4,1400,2.121020046
4,1401,0.9090911145
4,1402,0.9090911145
4,1403,0.9090911145
4,1404,0.9090911145
4,1405,0.9090911145
4,1406,0.9090911145
4,1407,0.9090911145
4,1408,0.9090911145
4,1409,0.9090911145
4,1410,0.9090911145
4,1411,0.9090911145
4,1412,0.9090911145
4,1413,0.9090911145
4,1414,0.9090911145
4,1415,0.9090911145
4,1416,0.9090911145
4,1417,0.9090911145
4,1418,0.9090911145
4,1419,0.9090911145
4,1420,0.9090911145
4,1421,1.882358519
4,1422,1.708814921
4,1423,1.405010854
4,1424,1.253108752
4,1425,1
4,1426,1
4,1427,1.405010854
4,1428,1.017935929
4,1429,1.017935929
4,1430,1.017935929
4,1431,1.017935929
4,1432,1.017935929
4,1433,1.017935929
4,1434,1.017935929
4,1435,1.017935929
4,1436,1.017935929
4,1437,1.017935929
4,1438,1.017935929
4,1439,1.017935929
4,1440,1.017935929
4,1441,1.017935929
4,1442,1.017935929
4,1443,1.017935929
4,1444,1.017935929
4,1445,1.017935929
4,1446,1.017935929
4,1447,1.017935929
4,1448,1.854530824
4,1449,1.253108752
4,1450,1.216950359
4,1451,2.204366676
4,1452,1.579875265
4,1453,1.579875265
4,1454,1.579875265
4,1455,1.579875265
4,1456,1.467653435
4,1457,1
4,1458,1
4,1459,1.216950359
4,1460,1
4,1461,1
4,1462,1
4,1463,1
4,1464,1
4,1465,1
4,1466,1.405010854
4,1467,1.253108752
4,1468,1
4,1469,1.216950359
4,1470,1
4,1471,1.405010854
4,1472,1.253108752
4,1473,1
4,1474,1
4,1475,1.744111979
4,1476,0.9075170835
4,1477,0.9075170835
4,1478,0.9075170835
4,1479,0.9075170835
4,1480,0.9075170835
4,1481,0.9075170835
4,1482,0.9075170835
4,1483,0.9075170835
4,1484,0.9075170835
4,1485,0.9075170835
4,1486,0.9075170835
4,1487,0.9075170835
4,1488,0.9075170835
4,1489,0.9075170835
4,1490,0.9075170835
4,1491,0.9075170835
4,1492,0.9075170835
4,1493,0.9075170835
4,1494,0.9075170835
4,1495,0.9075170835
4,1496,0.9075170835
4,1497,0.9075170835
4,1498,0.9075170835
4,1499,0.9075170835
4,1500,0.9075170835
4,1501,0.9075170835
4,1502,0.9075170835
4,1503,0.9075170835
4,1504,0.9075170835
4,1505,0.9075170835
4,1506,0.9075170835
4,1507,0.9075170835
4,1508,0.9075170835
4,1509,0.9075170835
4,1510,0.9075170835
4,1511,0.9075170835
4,1512,0.9075170835
4,1513,0.9075170835
4,1514,0.9075170835
4,1515,0.9075170835
4,1516,0.9075170835
4,1517,0.9075170835
4,1518,0.9075170835
4,1519,0.9075170835
4,1520,0.9075170835
4,1521,0.9075170835
4,1522,0.9075170835
4,1523,0.9075170835
4,1524,0.9075170835
4,1525,0.9075170835
4,1526,0.9075170835
4,1527,0.9075170835
4,1528,0.9075170835
4,1529,0.9075170835
4,1530,0.9075170835
4,1531,0.9075170835
4,1532,0.9075170835
4,1533,0.9075170835
4,1534,0.9075170835
4,1535,0.9075170835
4,1536,0.9075170835
4,1537,0.9075170835
4,1538,0.9075170835
4,1539,0.9075170835
4,1540,0.9075170835
4,1541,0.9075170835
4,1542,0.9075170835
4,1543,0.9075170835
4,1544,0.9075170835
4,1545,0.9075170835
4,1546,0.9075170835
4,1547,0.9075170835
4,1548,0.9075170835
4,1549,0.9075170835
4,1550,0.9075170835
4,1551,0.9075170835
4,1552,0.9075170835
4,1553,0.9075170835
4,1554,1.708814921
4,1555,1.253108752
4,1556,1
4,1557,1
4,1558,1
4,1559,1
4,1560,1
4,1561,1
4,1562,1.216950359
4,1563,1
4,1564,1.216950359
4,1565,2.198702094
4,1566,1.849553239
4,1567,1.061482239
4,1568,1.061482239
4,1569,1.061482239
4,1570,1.061482239
4,1571,1.061482239
4,1572,1.061482239
4,1573,1.061482239
4,1574,1.061482239
4,1575,1.061482239
4,1576,1.061482239
4,1577,1.061482239
4,1578,1.061482239
4,1579,1.061482239
4,1580,1.061482239
4,1581,1.061482239
4,1582,1.061482239
4,1583,1.061482239
4,1584,1.061482239
4,1585,1.061482239
4,1586,1.061482239
4,1587,1.061482239
4,1588,1.061482239
4,1589,1.061482239
4,1590,1.061482239
4,1591,1.061482239
4,1592,1.061482239
4,1593,1.061482239
4,1594,1.061482239
4,1595,1.061482239
4,1596,1.061482239
4,1597,1.061482239
4,1598,1.849553239
4,1599,1.061482239
4,1600,1.061482239
4,1601,1.061482239
4,1602,1.061482239
4,1603,1.061482239
4,1604,1.061482239
4,1605,1.061482239
4,1606,1.061482239
4,1607,1.061482239
4,1608,1.061482239
4,1609,1.061482239
4,1610,1.061482239
4,1611,1.061482239
4,1612,1.061482239
4,1613,1.061482239
4,1614,1.061482239
4,1615,1.061482239
4,1616,1.061482239
4,1617,1.061482239
4,1618,1.061482239
4,1619,1.061482239
4,1620,1.061482239
4,1621,1.061482239
4,1622,1.061482239
4,1623,1.061482239
4,1624,1.061482239
4,1625,1.061482239
4,1626,1.061482239
4,1627,1.061482239
4,1628,1.061482239
4,1629,1.061482239
4,1630,1.061482239
4,1631,1.061482239
4,1632,1.061482239
4,1633,1.061482239
4,1634,1.061482239
4,1635,1.061482239
4,1636,1.061482239
4,1637,1.061482239
4,1638,1.061482239
4,1639,1.061482239
4,1640,1.061482239
4,1641,1.061482239
4,1642,1.061482239
4,1643,1.061482239
4,1644,1.061482239
4,1645,1.061482239
4,1646,1.061482239
4,1647,1.061482239
4,1648,1.061482239
4,1649,1.061482239
4,1650,1.061482239
4,1651,1.061482239
4,1652,1.061482239
4,1653,1.061482239
4,1654,1.061482239
4,1655,1.061482239
4,1656,1.061482239
4,1657,1.061482239
4,1658,1.061482239
4,1659,1.061482239
4,1660,1.061482239
4,1661,1.061482239
4,1662,1.061482239
4,1663,1.061482239
4,1664,1.061482239
4,1665,1.061482239
4,1666,1.061482239
4,1667,1.061482239
4,1668,1.061482239
4,1669,1.061482239
4,1670,1.061482239
4,1671,1.061482239
4,1672,1.061482239
4,1673,1.061482239
4,1674,1.061482239
4,1675,1.061482239
4,1676,1.061482239
4,1677,1.061482239
4,1678,1.061482239
4,1679,1.061482239
4,1680,1.061482239
4,1681,1.061482239
4,1682,1.061482239
4,1683,1.061482239
4,1684,1.061482239
4,1685,1.061482239
4,1686,1.061482239
4,1687,1.061482239
4,1688,1.061482239
4,1689,1.061482239
4,1690,1.061482239
4,1691,1.061482239
4,1692,1.061482239
4,1693,1.061482239
4,1694,1.061482239
4,1695,1.061482239
4,1696,1.061482239
4,1697,1.061482239
4,1698,1.061482239
4,1699,1.061482239
4,1700,1.061482239
4,1701,1.061482239
4,1702,1.061482239
4,1703,1.061482239
4,1704,1.061482239
4,1705,1.061482239
4,1706,1.061482239
4,1707,1.061482239
4,1708,1.061482239
4,1709,1.061482239
4,1710,1.061482239
4,1711,1.061482239
4,1712,1.061482239
4,1713,1.061482239
4,1714,1.061482239
4,1715,1.061482239
4,1716,1.061482239
4,1717,1.061482239
4,1718,1.061482239
4,1719,1.061482239
4,1720,1.061482239
4,1721,1.061482239
4,1722,1.061482239
4,1723,1.061482239
4,1724,1.061482239
4,1725,1.061482239
4,1726,1.061482239
4,1727,1.061482239
4,1728,1.061482239
4,1729,1.061482239
4,1730,1.061482239
4,1731,1.061482239
4,1732,1.061482239
4,1733,1.061482239
4,1734,1.061482239
4,1735,1.061482239
4,1736,1.061482239
4,1737,1.061482239
4,1738,1.061482239
4,1739,1.061482239
4,1740,1.061482239
4,1741,1.061482239
4,1742,1.061482239
4,1743,1.061482239
4,1744,1.061482239
4,1745,1.061482239
4,1746,1.061482239
4,1747,1.061482239
4,1748,1.061482239
4,1749,1.061482239
4,1750,1.061482239
4,1751,1.061482239
4,1752,1.061482239
4,1753,1.061482239
4,1754,1.061482239
4,1755,1.061482239
4,1756,1.061482239
4,1757,1.061482239
4,1758,1.061482239
4,1759,1.061482239
4,1760,1.061482239
4,1761,1.061482239
4,1762,1.061482239
4,1763,1.061482239
4,1764,1.061482239
4,1765,1.061482239
4,1766,1.061482239
4,1767,1.061482239
4,1768,1.061482239
4,1769,1.061482239
4,1770,1.061482239
4,1771,1.061482239
4,1772,1.061482239
4,1773,1.061482239
4,1774,1.061482239
4,1775,1.061482239
4,1776,1.061482239
4,1777,1.061482239
4,1778,1.061482239
4,1779,1.061482239
4,1780,1.061482239
4,1781,1.061482239
4,1782,1.061482239
4,1783,1.061482239
4,1784,1.061482239
4,1785,1.061482239
4,1786,1.061482239
4,1787,1.061482239
4,1788,1.061482239
4,1789,1.061482239
4,1790,1.061482239
4,1791,1.061482239
4,1792,1.061482239
4,1793,1.061482239
4,1794,1.061482239
4,1795,1.061482239
4,1796,1.061482239
4,1797,1.061482239
4,1798,1.061482239
4,1799,1.061482239
4,1800,1.061482239
4,1801,1.061482239
4,1802,1.061482239
4,1803,1.061482239
4,1804,1.061482239
4,1805,1.061482239
4,1806,1.061482239
4,1807,1.061482239
4,1808,1.061482239
4,1809,1.061482239
4,1810,1.061482239
4,1811,1.061482239
4,1812,1.061482239
4,1813,1.061482239
4,1814,1.061482239
4,1815,1.061482239
4,1816,1.061482239
4,1817,1.061482239
4,1818,1.061482239
4,1819,1.061482239
4,1820,1.061482239
4,1821,1.061482239
4,1822,1.061482239
4,1823,1.061482239
4,1824,1.061482239
4,1825,1.061482239
4,1826,1.061482239
4,1827,1.061482239
4,1828,1.061482239
4,1829,1.061482239
4,1830,1.061482239
4,1831,1.061482239
4,1832,1.061482239
4,1833,1.061482239
4,1834,1.061482239
4,1835,1.061482239
4,1836,1.061482239
4,1837,1.061482239
4,1838,1.061482239
4,1839,1.061482239
4,1840,1.061482239
4,1841,1.061482239
4,1842,1.061482239
4,1843,1.061482239
4,1844,1.061482239
4,1845,1.061482239
4,1846,1.061482239
4,1847,1.061482239
4,1848,1.061482239
4,1849,1.061482239
4,1850,1.061482239
4,1851,1.061482239
4,1852,1.061482239
4,1853,1.061482239
4,1854,1.061482239
4,1855,1.061482239
4,1856,1.061482239
4,1857,1.061482239
4,1858,1.061482239
4,1859,1.061482239
4,1860,1.061482239
4,1861,1.061482239
4,1862,1.061482239
4,1863,1.061482239
4,1864,1.061482239
4,1865,1.061482239
4,1866,1.061482239
4,1867,1.061482239
4,1868,1.061482239
4,1869,1.061482239
4,1870,1.061482239
4,1871,1.061482239
4,1872,1.061482239
4,1873,1.061482239
4,1874,1.061482239
4,1875,1.061482239
4,1876,1.061482239
4,1877,1.061482239
4,1878,1.061482239
4,1879,1.061482239
4,1880,1.061482239
4,1881,1.061482239
4,1882,1.061482239
4,1883,1.061482239
4,1884,1.061482239
4,1885,1.061482239
4,1886,1.061482239
4,1887,1.061482239
4,1888,1.061482239
4,1889,1.061482239
4,1890,1.061482239
4,1891,1.061482239
4,1892,1.061482239
4,1893,1.061482239
4,1894,1.061482239
4,1895,1.061482239
4,1896,1.061482239
4,1897,1.061482239
4,1898,1.061482239
4,1899,1.061482239
4,1900,1.061482239
4,1901,1.061482239
4,1902,1.061482239
4,1903,1.061482239
4,1904,1.061482239
4,1905,1.061482239
4,1906,1.061482239
4,1907,1.061482239
4,1908,1.061482239
4,1909,1.061482239
4,1910,1.061482239
4,1911,1.061482239
4,1912,1.061482239
4,1913,1.061482239
4,1914,1.061482239
4,1915,1.061482239
4,1916,1.061482239
4,1917,1.061482239
4,1918,1.061482239
4,1919,1.061482239
4,1920,1.061482239
4,1921,1.061482239
4,1922,1.061482239
4,1923,1.061482239
4,1924,1.061482239
4,1925,1.061482239
4,1926,1.061482239
4,1927,1.061482239
4,1928,1.061482239
4,1929,1.061482239
4,1930,1.061482239
4,1931,1.061482239
4,1932,1.061482239
4,1933,1.061482239
4,1934,1.061482239
4,1935,1.061482239
4,1936,1.061482239
4,1937,1.061482239
4,1938,1.061482239
4,1939,1.061482239
4,1940,1.061482239
4,1941,1.061482239
4,1942,1.061482239
4,1943,1.061482239
4,1944,1.061482239
4,1945,1.061482239
4,1946,1.061482239
4,1947,1.061482239
4,1948,1.061482239
4,1949,1.061482239
4,1950,1.061482239
4,1951,1.061482239
4,1952,1.061482239
4,1953,1.061482239
4,1954,1.061482239
4,1955,1.061482239
4,1956,1.061482239
4,1957,1.061482239
4,1958,1.061482239
4,1959,1.061482239
4,1960,1.061482239
4,1961,1.061482239
4,1962,1.061482239
4,1963,1.061482239
4,1964,1.061482239
4,1965,1.061482239
4,1966,1.061482239
4,1967,1.061482239
4,1968,1.061482239
4,1969,1.061482239
4,1970,1.061482239
4,1971,1.061482239
4,1972,1.061482239
4,1973,1.061482239
4,1974,1.061482239
4,1975,1.061482239
4,1976,1.061482239
4,1977,1.061482239
4,1978,1.061482239
4,1979,1.061482239
4,1980,1.061482239
4,1981,1.061482239
4,1982,1.061482239
4,1983,1.061482239
4,1984,1.061482239
4,1985,1.061482239
4,1986,1.061482239
4,1987,1.061482239
4,1988,1.061482239
4,1989,1.061482239
4,1990,1.061482239
4,1991,1.061482239
4,1992,1.061482239
4,1993,1.061482239
4,1994,1.061482239
4,1995,1.061482239
4,1996,1.061482239
4,1997,1.061482239
4,1998,1.061482239
4,1999,1.061482239
4,2000,1.061482239
4,2001,1.061482239
4,2002,1.061482239
4,2003,1.061482239
4,2004,1.061482239
4,2005,1.061482239
4,2006,1.061482239
4,2007,1.061482239
4,2008,1.061482239
4,2009,1.061482239
4,2010,1.061482239
4,2011,1.061482239
4,2012,1.061482239
4,2013,1.061482239
4,2014,1.061482239
4,2015,1.061482239
4,2016,1.061482239
4,2017,1.061482239
4,2018,1.061482239
4,2019,1.061482239
4,2020,1.061482239
4,2021,1.061482239
4,2022,1.061482239
4,2023,1.061482239
4,2024,1.061482239
4,2025,1.061482239
4,2026,1.061482239
4,2027,1.061482239
4,2028,1.061482239
4,2029,1.061482239
4,2030,1.061482239
4,2031,1.061482239
4,2032,1.061482239
4,2033,1.061482239
4,2034,1.061482239
4,2035,1.061482239
4,2036,1.061482239
4,2037,1.061482239
4,2038,1.061482239
4,2039,1.061482239
4,2040,1.061482239
4,2041,1.061482239
4,2042,1.061482239
4,2043,1.061482239
4,2044,1.061482239
4,2045,1.061482239
4,2046,1.061482239
4,2047,1.061482239
4,2048,1.061482239
4,2049,1.061482239
4,2050,1.061482239
4,2051,1.061482239
4,2052,1.061482239
4,2053,1.061482239
4,2054,1.061482239
4,2055,1.061482239
4,2056,1.061482239
4,2057,1.061482239
4,2058,1.061482239
4,2059,1.061482239
4,2060,1.061482239
4,2061,1.061482239
4,2062,1.061482239
4,2063,1.061482239
4,2064,1.061482239
4,2065,1.061482239
4,2066,1.061482239
4,2067,1.061482239
4,2068,1.061482239
4,2069,1.061482239
4,2070,1.061482239
4,2071,1.061482239
4,2072,1.061482239
4,2073,1.061482239
4,2074,1.061482239
4,2075,1.061482239
4,2076,1.061482239
4,2077,1.061482239
4,2078,1.061482239
4,2079,1.061482239
4,2080,1.061482239
4,2081,1.061482239
4,2082,1.061482239
4,2083,1.061482239
4,2084,1.061482239
4,2085,1.061482239
4,2086,1.061482239
4,2087,1.061482239
4,2088,1.061482239
4,2089,1.061482239
4,2090,1.061482239
4,2091,1.061482239
4,2092,1.061482239
4,2093,1.061482239
4,2094,1.061482239
4,2095,1.061482239
4,2096,1.061482239
4,2097,1.061482239
4,2098,1.061482239
4,2099,1.061482239
4,2100,1.061482239
4,2101,1.061482239
4,2102,1.061482239
4,2103,1.061482239
4,2104,1.061482239
4,2105,1.061482239
4,2106,1.061482239
4,2107,1.061482239
4,2108,1.061482239
4,2109,1.061482239
4,2110,1.061482239
4,2111,1.061482239
4,2112,1.061482239
4,2113,1.061482239
4,2114,1.061482239
4,2115,1.061482239
4,2116,1.061482239
4,2117,1.061482239
4,2118,1.061482239
4,2119,1.061482239
4,2120,1.061482239
4,2121,1.061482239
4,2122,1.061482239
4,2123,1.061482239
4,2124,1.061482239
4,2125,1.061482239
4,2126,1.061482239
4,2127,1.061482239
4,2128,1.061482239
4,2129,1.061482239
4,2130,1.061482239
4,2131,1.061482239
4,2132,1.061482239
4,2133,1.061482239
4,2134,1.061482239
4,2135,1.061482239
4,2136,1.061482239
4,2137,1.061482239
4,2138,1.061482239
4,2139,1.061482239
4,2140,1.061482239
4,2141,1.061482239
4,2142,1.061482239
4,2143,1.061482239
4,2144,1.061482239
4,2145,1.061482239
4,2146,1.061482239
4,2147,1.061482239
4,2148,1.061482239
4,2149,1.061482239
4,2150,1.061482239
4,2151,1.061482239
4,2152,1.061482239
4,2153,1.061482239
4,2154,1.061482239
4,2155,1.061482239
4,2156,1.061482239
4,2157,1.061482239
4,2158,1.061482239
4,2159,1.061482239
4,2160,1.061482239
4,2161,1.061482239
4,2162,1.061482239
4,2163,1.061482239
4,2164,1.061482239
4,2165,1.061482239
4,2166,1.061482239
4,2167,1.061482239
4,2168,1.061482239
4,2169,1.061482239
4,2170,1.061482239
4,2171,1.061482239
4,2172,1.061482239
4,2173,1.061482239
4,2174,1.061482239
4,2175,1.061482239
4,2176,1.061482239
4,2177,1.061482239
4,2178,1.061482239
4,2179,1.061482239
4,2180,1.061482239
4,2181,1.061482239
4,2182,1.061482239
4,2183,1.061482239
4,2184,1.061482239
4,2185,1.061482239
4,2186,1.061482239
4,2187,1.061482239
4,2188,1.061482239
4,2189,1.061482239
4,2190,1.061482239
4,2191,1.061482239
4,2192,1.061482239
4,2193,1.061482239
4,2194,1.061482239
4,2195,1.061482239
4,2196,1.061482239
4,2197,1.061482239
4,2198,1.061482239
4,2199,1.061482239
4,2200,1.061482239
4,2201,1.061482239
4,2202,1.061482239
4,2203,1.061482239
4,2204,1.061482239
4,2205,1.061482239
4,2206,1.061482239
4,2207,1.061482239
4,2208,1.061482239
4,2209,1.061482239
4,2210,1.061482239
4,2211,1.061482239
4,2212,1.061482239
4,2213,1.061482239
4,2214,1.061482239
4,2215,1.061482239
4,2216,1.061482239
4,2217,1.061482239
4,2218,1.061482239
4,2219,1.061482239
4,2220,1.061482239
4,2221,1.061482239
4,2222,1.061482239
4,2223,1.061482239
4,2224,1.061482239
4,2225,1.061482239
4,2226,1.061482239
4,2227,1.061482239
4,2228,1.061482239
4,2229,1.061482239
4,2230,1.061482239
4,2231,1.061482239
4,2232,1.061482239
4,2233,1.061482239
4,2234,1.061482239
4,2235,1.061482239
4,2236,1.061482239
4,2237,1.061482239
4,2238,1.061482239
4,2239,1.061482239
4,2240,1.061482239
4,2241,1.061482239
4,2242,1.061482239
4,2243,1.061482239
4,2244,1.061482239
4,2245,1.061482239
4,2246,1.061482239
4,2247,1.061482239
4,2248,1.061482239
4,2249,1.061482239
4,2250,1.061482239
4,2251,1.061482239
4,2252,1.061482239
4,2253,1.061482239
4,2254,1.061482239
4,2255,1.061482239
4,2256,1.061482239
4,2257,1.061482239
4,2258,1.061482239
4,2259,1.061482239
4,2260,1.061482239
4,2261,1.061482239
4,2262,1.061482239
4,2263,1.061482239
4,2264,1.061482239
4,2265,1.061482239
4,2266,1.061482239
4,2267,1.061482239
4,2268,1.061482239
4,2269,1.061482239
4,2270,1.061482239
4,2271,1.061482239
4,2272,1.061482239
4,2273,1.061482239
4,2274,1.061482239
4,2275,1.061482239
4,2276,1.061482239
4,2277,1.061482239
4,2278,1.061482239
4,2279,1.061482239
4,2280,1.061482239
4,2281,1.061482239
4,2282,1.061482239
4,2283,1.061482239
4,2284,1.061482239
4,2285,1.061482239
4,2286,1.061482239
4,2287,1.061482239
4,2288,1.061482239
4,2289,1.061482239
4,2290,1.061482239
4,2291,1.061482239
4,2292,1.061482239
4,2293,1.061482239
4,2294,1.061482239
4,2295,1.061482239
4,2296,1.061482239
4,2297,1.061482239
4,2298,1.061482239
4,2299,1.061482239
4,2300,1.061482239
4,2301,1.061482239
4,2302,1.061482239
4,2303,1.061482239
4,2304,1.061482239
4,2305,1.061482239
4,2306,1.061482239
4,2307,1.061482239
4,2308,1.061482239
4,2309,1.061482239
4,2310,1.061482239
4,2311,1.061482239
4,2312,1.061482239
4,2313,1.061482239
4,2314,1.061482239
4,2315,1.061482239
4,2316,1.061482239
4,2317,1.061482239
4,2318,1.061482239
4,2319,1.061482239
4,2320,1.061482239
4,2321,1.061482239
4,2322,1.061482239
4,2323,1.061482239
4,2324,1.061482239
4,2325,1.061482239
4,2326,1.061482239
4,2327,1.061482239
4,2328,1.061482239
4,2329,1.061482239
4,2330,1.061482239
4,2331,1.061482239
4,2332,1.061482239
4,2333,1.061482239
4,2334,1.061482239
4,2335,1.061482239
4,2336,1.061482239
4,2337,1.061482239
4,2338,1.061482239
4,2339,1.061482239
4,2340,1.061482239
4,2341,1.061482239
4,2342,1.061482239
4,2343,1.061482239
4,2344,1.061482239
4,2345,1.061482239
4,2346,1.061482239
4,2347,1.061482239
4,2348,1.061482239
4,2349,1.061482239
4,2350,1.061482239
4,2351,1.061482239
4,2352,1.061482239
4,2353,1.061482239
4,2354,1.061482239
4,2355,1.061482239
4,2356,1.061482239
4,2357,1.061482239
4,2358,1.061482239
4,2359,1.061482239
4,2360,1.061482239
4,2361,1.061482239
4,2362,1.061482239
4,2363,1.061482239
4,2364,1.061482239
4,2365,1.061482239
4,2366,1.061482239
4,2367,1.061482239
4,2368,1.061482239
4,2369,1.061482239
4,2370,1.061482239
4,2371,1.061482239
4,2372,1.061482239
4,2373,1.061482239
4,2374,1.061482239
4,2375,1.061482239
4,2376,1.061482239
4,2377,1.061482239
4,2378,1.061482239
4,2379,1.061482239
4,2380,1.061482239
4,2381,1.061482239
4,2382,1.061482239
4,2383,1.061482239
4,2384,1.061482239
4,2385,1.061482239
4,2386,1.061482239
4,2387,1.061482239
4,2388,1.061482239
4,2389,1.061482239
4,2390,1.061482239
4,2391,1.061482239
4,2392,1.061482239
4,2393,1.061482239
4,2394,1.061482239
4,2395,1.061482239
4,2396,1.061482239
4,2397,1.061482239
4,2398,1.061482239
4,2399,1.061482239
4,2400,1.061482239
4,2401,1.061482239
4,2402,1.061482239
4,2403,1.061482239
4,2404,1.061482239
4,2405,1.061482239
4,2406,1.061482239
4,2407,1.061482239
4,2408,1.061482239
4,2409,1.061482239
4,2410,1.061482239
4,2411,1.061482239
4,2412,1.061482239
4,2413,1.061482239
4,2414,1.061482239
4,2415,1.061482239
4,2416,1.061482239
4,2417,1.061482239
4,2418,1.061482239
4,2419,1.061482239
4,2420,1.061482239
4,2421,1.061482239
4,2422,1.061482239
4,2423,1.061482239
4,2424,1.061482239
4,2425,1.061482239
4,2426,1.061482239
4,2427,1.061482239
4,2428,1.061482239
4,2429,1.061482239
4,2430,1.061482239
4,2431,1.061482239
4,2432,1.061482239
4,2433,1.061482239
4,2434,1.061482239
4,2435,1.061482239
4,2436,1.061482239
4,2437,1.061482239
4,2438,1.061482239
4,2439,1.061482239
4,2440,1.061482239
4,2441,1.061482239
4,2442,1.061482239
4,2443,1.061482239
4,2444,1.061482239
4,2445,1.061482239
4,2446,1.061482239
4,2447,1.061482239
4,2448,1.061482239
4,2449,1.061482239
4,2450,1.061482239
4,2451,1.061482239
4,2452,1.061482239
4,2453,1.061482239
4,2454,1.061482239
4,2455,1.061482239
4,2456,1.061482239
4,2457,1.061482239
4,2458,1.061482239
4,2459,1.061482239
4,2460,1.061482239
4,2461,1.061482239
4,2462,1.061482239
4,2463,1.061482239
4,2464,1.061482239
4,2465,1.061482239
4,2466,1.061482239
4,2467,1.061482239
4,2468,1.061482239
4,2469,1.061482239
4,2470,1.061482239
4,2471,1.061482239
4,2472,1.061482239
4,2473,1.061482239
4,2474,1.061482239
4,2475,1.061482239
4,2476,1.061482239
4,2477,1.061482239
4,2478,1.061482239
4,2479,1.061482239
4,2480,1.061482239
4,2481,1.061482239
4,2482,1.061482239
4,2483,1.061482239
4,2484,1.061482239
4,2485,1.061482239
4,2486,1.061482239
4,2487,1.061482239
4,2488,1.061482239
4,2489,1.061482239
4,2490,1.061482239
4,2491,1.061482239
4,2492,1.061482239
4,2493,1.061482239
4,2494,1.061482239
4,2495,1.061482239
4,2496,1.061482239
4,2497,1.061482239
4,2498,1.061482239
4,2499,1.061482239
4,2500,1.061482239
4,2501,1.061482239
4,2502,1.061482239
4,2503,1.061482239
4,2504,1.061482239
4,2505,1.061482239
4,2506,1.061482239
4,2507,1.061482239
4,2508,1.061482239
4,2509,1.061482239
4,2510,1.061482239
4,2511,1.061482239
4,2512,1.061482239
4,2513,1.061482239
4,2514,1.061482239
4,2515,1.061482239
4,2516,1.061482239
4,2517,1.061482239
4,2518,1.061482239
4,2519,1.061482239
4,2520,1.061482239
4,2521,1.061482239
4,2522,1.061482239
4,2523,1.061482239
4,2524,1.061482239
4,2525,1.061482239
4,2526,1.061482239
4,2527,1.061482239
4,2528,1.061482239
4,2529,1.061482239
4,2530,1.061482239
4,2531,1.061482239
4,2532,1.061482239
4,2533,1.061482239
4,2534,1.061482239
4,2535,1.061482239
4,2536,1.061482239
4,2537,1.061482239
4,2538,1.061482239
4,2539,1.061482239
4,2540,1.061482239
4,2541,1.061482239
4,2542,1.061482239
4,2543,1.061482239
4,2544,1.061482239
4,2545,1.061482239
4,2546,1.061482239
4,2547,1.061482239
4,2548,1.061482239
4,2549,1.061482239
4,2550,1.061482239
4,2551,1.061482239
4,2552,1.061482239
4,2553,1.061482239
4,2554,1.061482239
4,2555,1.061482239
4,2556,1.061482239
4,2557,1.061482239
4,2558,1.061482239
4,2559,1.061482239
4,2560,1.061482239
4,2561,1.061482239
4,2562,1.061482239
4,2563,1.061482239
4,2564,1.061482239
4,2565,1.061482239
4,2566,1.061482239
4,2567,1.061482239
4,2568,1.061482239
4,2569,1.061482239
4,2570,1.061482239
4,2571,1.061482239
4,2572,1.061482239
4,2573,1.061482239
4,2574,1.061482239
4,2575,1.061482239
4,2576,1.061482239
4,2577,1.061482239
4,2578,1.061482239
4,2579,1.061482239
4,2580,1.061482239
4,2581,1.061482239
4,2582,1.061482239
4,2583,1.061482239
4,2584,1.061482239
4,2585,1.061482239
4,2586,1.061482239
4,2587,1.061482239
4,2588,1.061482239
4,2589,1.061482239
4,2590,1.061482239
4,2591,1.061482239
4,2592,1.061482239
4,2593,1.061482239
4,2594,1.061482239
4,2595,1.061482239
4,2596,1.061482239
4,2597,1.061482239
4,2598,1.061482239
4,2599,1.061482239
4,2600,1.061482239
4,2601,1.061482239
4,2602,1.061482239
4,2603,1.061482239
4,2604,1.061482239
4,2605,1.061482239
4,2606,1.061482239
4,2607,1.061482239
4,2608,1.061482239
4,2609,1.061482239
4,2610,1.061482239
4,2611,1.061482239
4,2612,1.061482239
4,2613,1.061482239
4,2614,1.061482239
4,2615,1.061482239
4,2616,1.061482239
4,2617,1.061482239
4,2618,1.061482239
4,2619,1.061482239
4,2620,1.061482239
4,2621,1.061482239
4,2622,1.061482239
4,2623,1.061482239
4,2624,1.061482239
4,2625,1.061482239
4,2626,1.061482239
4,2627,1.061482239
4,2628,1.061482239
4,2629,1.061482239
4,2630,1.061482239
4,2631,1.061482239
4,2632,1.061482239
4,2633,1.061482239
4,2634,1.061482239
4,2635,1.061482239
4,2636,1.061482239
4,2637,1.061482239
4,2638,1.061482239
4,2639,1.061482239
4,2640,1.061482239
4,2641,1.061482239
4,2642,1.061482239
4,2643,1.061482239
4,2644,1.061482239
4,2645,1.061482239
4,2646,1.061482239
4,2647,1.061482239
4,2648,1.061482239
4,2649,1.061482239
4,2650,1.061482239
4,2651,1.061482239
4,2652,1.061482239
4,2653,1.061482239
4,2654,1.061482239
4,2655,1.061482239
4,2656,1.061482239
4,2657,1.061482239
4,2658,1.061482239
4,2659,1.061482239
4,2660,1.061482239
4,2661,1.061482239
4,2662,1.061482239
4,2663,1.061482239
4,2664,1.061482239
4,2665,1.061482239
4,2666,1.061482239
4,2667,1.061482239
4,2668,1.061482239
4,2669,1.061482239
4,2670,1.061482239
4,2671,1.061482239
4,2672,1.061482239
4,2673,1.061482239
4,2674,1.061482239
4,2675,1.061482239
4,2676,1.061482239
4,2677,1.061482239
4,2678,1.061482239
4,2679,1.061482239
4,2680,1.061482239
4,2681,1.061482239
4,2682,1.061482239
4,2683,1.061482239
4,2684,1.061482239
4,2685,1.061482239
4,2686,1.061482239
4,2687,1.061482239
4,2688,1.061482239
4,2689,1.061482239
4,2690,1.061482239
4,2691,1.061482239
4,2692,1.061482239
4,2693,1.061482239
4,2694,1.061482239
4,2695,1.061482239
4,2696,1.061482239
4,2697,1.061482239
4,2698,1.061482239
4,2699,1.061482239
4,2700,1.061482239
4,2701,1.061482239
4,2702,1.061482239
4,2703,1.061482239
4,2704,1.061482239
4,2705,1.061482239
4,2706,1.061482239
4,2707,1.061482239
4,2708,1.061482239
4,2709,1.061482239
4,2710,1.061482239
4,2711,1.061482239
4,2712,1.061482239
4,2713,1.061482239
4,2714,1.061482239
4,2715,1.061482239
4,2716,1.061482239
4,2717,1.061482239
4,2718,1.061482239
4,2719,1.061482239
4,2720,1.061482239
4,2721,1.061482239
4,2722,1.061482239
4,2723,1.061482239
4,2724,1.061482239
4,2725,1.061482239
4,2726,1.061482239
4,2727,1.061482239
4,2728,1.061482239
4,2729,1.061482239
4,2730,1.061482239
4,2731,1.061482239
4,2732,1.061482239
4,2733,1.061482239
4,2734,1.061482239
4,2735,1.061482239
4,2736,1.061482239
4,2737,1.061482239
4,2738,1.061482239
4,2739,1.061482239
4,2740,1.061482239
4,2741,1.061482239
4,2742,1.061482239
4,2743,1.061482239
4,2744,1.061482239
4,2745,1.061482239
4,2746,1.061482239
4,2747,1.061482239
4,2748,1.061482239
4,2749,1.061482239
4,2750,1.061482239
4,2751,1.061482239
4,2752,1.061482239
4,2753,1.061482239
4,2754,1.061482239
4,2755,1.061482239
4,2756,1.061482239
4,2757,1.061482239
4,2758,1.061482239
4,2759,1.061482239
4,2760,1.061482239
4,2761,1.061482239
4,2762,1.061482239
4,2763,1.061482239
4,2764,1.061482239
4,2765,1.061482239
4,2766,1.061482239
4,2767,1.061482239
4,2768,1.061482239
4,2769,1.061482239
4,2770,1.061482239
4,2771,1.061482239
4,2772,1.061482239
4,2773,1.061482239
4,2774,1.061482239
4,2775,1.061482239
4,2776,1.061482239
4,2777,1.061482239
4,2778,1.061482239
4,2779,1.061482239
4,2780,1.061482239
4,2781,1.061482239
4,2782,1.061482239
4,2783,1.061482239
4,2784,1.061482239
4,2785,1.061482239
4,2786,1.061482239
4,2787,1.061482239
4,2788,1.061482239
4,2789,1.061482239
4,2790,1.061482239
4,2791,1.061482239
4,2792,1.061482239
4,2793,1.061482239
4,2794,1.061482239
4,2795,1.061482239
4,2796,1.061482239
4,2797,1.061482239
4,2798,1.061482239
4,2799,1.061482239
4,2800,1.061482239
4,2801,1.061482239
4,2802,1.061482239
4,2803,1.061482239
4,2804,1.061482239
4,2805,1.061482239
4,2806,1.061482239
4,2807,1.061482239
4,2808,1.061482239
4,2809,1.061482239
4,2810,1.061482239
4,2811,1.061482239
4,2812,1.061482239
4,2813,1.061482239
4,2814,1.061482239
4,2815,1.061482239
4,2816,1.061482239
4,2817,1.061482239
4,2818,1.061482239
4,2819,1.061482239
4,2820,1.061482239
4,2821,1.061482239
4,2822,1.061482239
4,2823,1.061482239
4,2824,1.061482239
4,2825,1.061482239
4,2826,1.061482239
4,2827,1.061482239
4,2828,1.061482239
4,2829,1.061482239
4,2830,1.061482239
4,2831,1.061482239
4,2832,1.061482239
4,2833,1.061482239
4,2834,1.061482239
4,2835,1.061482239
4,2836,1.061482239
4,2837,1.061482239
4,2838,1.061482239
4,2839,1.061482239
4,2840,1.061482239
4,2841,1.061482239
4,2842,1.061482239
4,2843,1.061482239
4,2844,1.061482239
4,2845,1.061482239
4,2846,1.061482239
4,2847,1.061482239
4,2848,1.061482239
4,2849,1.061482239
4,2850,1.061482239
4,2851,1.061482239
4,2852,1.061482239
4,2853,1.061482239
4,2854,1.061482239
4,2855,1.061482239
4,2856,1.061482239
4,2857,1.061482239
4,2858,1.061482239
4,2859,1.061482239
4,2860,1.061482239
4,2861,1.061482239
4,2862,1.061482239
4,2863,1.061482239
4,2864,1.061482239
4,2865,1.061482239
4,2866,1.061482239
4,2867,1.061482239
4,2868,1.061482239
4,2869,1.061482239
4,2870,1.061482239
4,2871,1.061482239
4,2872,1.061482239
4,2873,1.061482239
4,2874,1.061482239
4,2875,1.061482239
4,2876,1.061482239
4,2877,1.061482239
4,2878,1.061482239
4,2879,1.061482239
4,2880,1.061482239
4,2881,1.061482239
4,2882,1.061482239
4,2883,1.061482239
4,2884,1.061482239
4,2885,1.061482239
4,2886,1.061482239
4,2887,1.061482239
4,2888,1.061482239
4,2889,1.061482239
4,2890,1.061482239
4,2891,1.061482239
4,2892,1.061482239
4,2893,1.061482239
4,2894,1.061482239
4,2895,1.061482239
4,2896,1.061482239
4,2897,1.061482239
4,2898,1.061482239
4,2899,1.061482239
4,2900,1.061482239
4,2901,1.061482239
4,2902,1.061482239
4,2903,1.061482239
4,2904,1.061482239
4,2905,1.061482239
4,2906,1.061482239
4,2907,1.061482239
4,2908,1.061482239
4,2909,1.061482239
4,2910,1.061482239
4,2911,1.061482239
4,2912,1.061482239
4,2913,1.061482239
4,2914,1.061482239
4,2915,1.061482239
4,2916,1.061482239
4,2917,1.061482239
4,2918,1.061482239
4,2919,1.061482239
4,2920,1.061482239
4,2921,1.061482239
4,2922,1.061482239
4,2923,1.061482239
4,2924,1.061482239
4,2925,1.061482239
4,2926,1.061482239
4,2927,1.061482239
4,2928,1.061482239
4,2929,1.061482239
4,2930,1.061482239
4,2931,1.061482239
4,2932,1.061482239
4,2933,1.061482239
4,2934,1.061482239
4,2935,1.061482239
4,2936,1.061482239
4,2937,1.061482239
4,2938,1.061482239
4,2939,1.061482239
4,2940,1.061482239
4,2941,1.061482239
4,2942,1.061482239
4,2943,1.061482239
4,2944,1.061482239
4,2945,1.061482239
4,2946,1.061482239
4,2947,1.061482239
4,2948,1.061482239
4,2949,1.061482239
4,2950,1.061482239
4,2951,1.061482239
4,2952,1.061482239
4,2953,1.061482239
4,2954,1.061482239
4,2955,1.061482239
4,2956,1.061482239
4,2957,1.061482239
4,2958,1.061482239
4,2959,1.061482239
4,2960,1.061482239
4,2961,1.061482239
4,2962,1.061482239
4,2963,1.061482239
4,2964,1.061482239
4,2965,1.061482239
4,2966,1.061482239
4,2967,1.061482239
4,2968,1.061482239
4,2969,1.061482239
4,2970,1.061482239
4,2971,1.061482239
4,2972,1.061482239
4,2973,1.061482239
4,2974,1.061482239
4,2975,1.061482239
4,2976,1.061482239
4,2977,1.061482239
4,2978,1.061482239
4,2979,1.061482239
4,2980,1.061482239
4,2981,1.061482239
4,2982,1.061482239
4,2983,1.061482239
4,2984,1.061482239
4,2985,1.061482239
4,2986,1.061482239
4,2987,1.061482239
4,2988,1.061482239
4,2989,1.061482239
4,2990,1.061482239
4,2991,1.061482239
4,2992,1.061482239
4,2993,1.061482239
4,2994,1.061482239
4,2995,1.061482239
4,2996,1.061482239
4,2997,1.061482239
4,2998,1.061482239
4,2999,1.061482239
4,3000,1.061482239
4,3001,1.061482239
4,3002,1.061482239
4,3003,1.061482239
4,3004,1.061482239
4,3005,1.061482239
4,3006,1.061482239
4,3007,1.061482239
4,3008,1.061482239
4,3009,1.061482239
4,3010,1.061482239
4,3011,1.061482239
4,3012,1.061482239
4,3013,1.061482239
4,3014,1.061482239
4,3015,1.061482239
4,3016,1.061482239
4,3017,1.061482239
4,3018,1.061482239
4,3019,1.061482239
4,3020,1.061482239
4,3021,1.061482239
4,3022,1.061482239
4,3023,1.061482239
4,3024,1.061482239
4,3025,1.061482239
4,3026,1.061482239
4,3027,1.061482239
4,3028,1.061482239
4,3029,1.061482239
4,3030,1.061482239
4,3031,1.061482239
4,3032,1.061482239
4,3033,1.061482239
4,3034,1.061482239
4,3035,1.061482239
4,3036,1.061482239
4,3037,1.061482239
4,3038,1.061482239
4,3039,1.061482239
4,3040,1.061482239
4,3041,1.061482239
4,3042,1.061482239
4,3043,1.061482239
4,3044,1.061482239
4,3045,1.061482239
4,3046,1.061482239
4,3047,1.061482239
4,3048,1.061482239
4,3049,1.061482239
4,3050,1.061482239
4,3051,1.061482239
4,3052,1.061482239
4,3053,1.061482239
4,3054,1.061482239
4,3055,1.061482239
4,3056,1.061482239
4,3057,1.061482239
4,3058,1.061482239
4,3059,1.061482239
4,3060,1.061482239
4,3061,1.061482239
4,3062,1.061482239
4,3063,1.061482239
4,3064,1.061482239
4,3065,1.061482239
4,3066,1.061482239
4,3067,1.061482239
4,3068,1.061482239
4,3069,1.061482239
4,3070,1.061482239
4,3071,1.061482239
4,3072,1.061482239
4,3073,1.061482239
4,3074,1.061482239
4,3075,1.061482239
4,3076,1.061482239
4,3077,1.061482239
4,3078,1.061482239
4,3079,1.061482239
4,3080,1.061482239
4,3081,1.061482239
4,3082,1.061482239
4,3083,1.061482239
4,3084,1.061482239
4,3085,1.061482239
4,3086,1.061482239
4,3087,1.061482239
4,3088,1.061482239
4,3089,1.061482239
4,3090,1.061482239
4,3091,1.061482239
4,3092,1.061482239
4,3093,1.061482239
4,3094,1.061482239
4,3095,1.061482239
4,3096,1.061482239
4,3097,1.061482239
4,3098,1.061482239
4,3099,1.061482239
4,3100,1.061482239
4,3101,1.061482239
4,3102,1.061482239
4,3103,1.061482239
4,3104,1.061482239
4,3105,1.061482239
4,3106,1.061482239
4,3107,1.061482239
4,3108,1.061482239
4,3109,1.061482239
4,3110,1.061482239
4,3111,1.061482239
4,3112,1.061482239
4,3113,1.061482239
4,3114,1.061482239
4,3115,1.061482239
4,3116,1.061482239
4,3117,1.061482239
4,3118,1.061482239
4,3119,1.061482239
4,3120,1.061482239
4,3121,1.061482239
4,3122,1.061482239
4,3123,1.061482239
4,3124,1.061482239
4,3125,1.061482239
4,3126,1.061482239
4,3127,1.061482239
4,3128,1.061482239
4,3129,1.061482239
4,3130,1.061482239
4,3131,1.061482239
4,3132,1.061482239
4,3133,1.061482239
4,3134,1.061482239
4,3135,1.061482239
4,3136,1.061482239
4,3137,1.061482239
4,3138,1.061482239
4,3139,1.061482239
4,3140,1.061482239
4,3141,1.061482239
4,3142,1.061482239
4,3143,1.061482239
4,3144,1.061482239
4,3145,1.061482239
4,3146,1.061482239
4,3147,1.061482239
4,3148,1.061482239
4,3149,1.061482239
4,3150,1.061482239
4,3151,1.061482239
4,3152,1.061482239
4,3153,1.061482239
4,3154,1.061482239
4,3155,1.061482239
4,3156,1.061482239
4,3157,1.061482239
4,3158,1.061482239
4,3159,1.061482239
4,3160,1.061482239
4,3161,1.061482239
4,3162,1.061482239
4,3163,1.061482239
4,3164,1.061482239
4,3165,1.061482239
4,3166,1.061482239
4,3167,1.061482239
4,3168,1.061482239
4,3169,1.061482239
4,3170,1.061482239
4,3171,1.061482239
4,3172,1.061482239
4,3173,1.061482239
4,3174,1.061482239
4,3175,1.061482239
4,3176,1.061482239
4,3177,1.061482239
4,3178,1.061482239
4,3179,1.061482239
4,3180,1.061482239
4,3181,1.061482239
4,3182,1.061482239
4,3183,1.061482239
4,3184,1.061482239
4,3185,1.061482239
4,3186,1.061482239
4,3187,1.061482239
4,3188,1.061482239
4,3189,1.061482239
4,3190,1.061482239
4,3191,1.061482239
4,3192,1.061482239
4,3193,1.061482239
4,3194,1.061482239
4,3195,1.061482239
4,3196,1.061482239
4,3197,1.061482239
4,3198,1.061482239
4,3199,1.061482239
4,3200,1.061482239
4,3201,1.061482239
4,3202,1.061482239
4,3203,1.061482239
4,3204,1.061482239
4,3205,1.061482239
4,3206,1.061482239
4,3207,1.061482239
4,3208,1.061482239
4,3209,1.061482239
4,3210,1.061482239
4,3211,1.061482239
4,3212,1.061482239
4,3213,1.061482239
4,3214,1.061482239
4,3215,1.061482239
4,3216,1.061482239
4,3217,1.061482239
4,3218,1.061482239
4,3219,1.061482239
4,3220,1.061482239
4,3221,1.061482239
4,3222,1.061482239
4,3223,1.061482239
4,3224,1.061482239
4,3225,1.061482239
4,3226,1.061482239
4,3227,1.061482239
4,3228,1.061482239
4,3229,1.061482239
4,3230,1.061482239
4,3231,1.061482239
4,3232,1.061482239
4,3233,1.061482239
4,3234,1.061482239
4,3235,1.061482239
4,3236,1.061482239
4,3237,1.061482239
4,3238,1.061482239
4,3239,1.061482239
4,3240,1.061482239
4,3241,1.061482239
4,3242,1.061482239
4,3243,1.061482239
4,3244,1.061482239
4,3245,1.061482239
4,3246,1.061482239
4,3247,1.061482239
4,3248,1.061482239
4,3249,1.061482239
4,3250,1.061482239
4,3251,1.061482239
4,3252,1.061482239
4,3253,1.061482239
4,3254,1.061482239
4,3255,1.061482239
4,3256,1.061482239
4,3257,1.061482239
4,3258,1.061482239
4,3259,1.061482239
4,3260,1.061482239
4,3261,1.061482239
4,3262,1.061482239
4,3263,1.061482239
4,3264,1.061482239
4,3265,1.061482239
4,3266,1.061482239
4,3267,1.061482239
4,3268,1.061482239
4,3269,1.061482239
4,3270,1.061482239
4,3271,1.061482239
4,3272,1.061482239
4,3273,1.061482239
4,3274,1.061482239
4,3275,1.061482239
4,3276,1.061482239
4,3277,1.061482239
4,3278,1.061482239
4,3279,1.061482239
4,3280,1.061482239
4,3281,1.061482239
4,3282,1.061482239
4,3283,1.061482239
4,3284,1.061482239
4,3285,1.061482239
4,3286,1.061482239
4,3287,1.061482239
4,3288,1.061482239
4,3289,1.061482239
4,3290,1.061482239
4,3291,1.061482239
4,3292,1.061482239
4,3293,1.061482239
4,3294,1.061482239
4,3295,1.061482239
4,3296,1.061482239
4,3297,1.061482239
4,3298,1.061482239
4,3299,1.061482239
4,3300,1.061482239
4,3301,1.061482239
4,3302,1.061482239
4,3303,1.061482239
4,3304,1.061482239
4,3305,1.061482239
4,3306,1.061482239
4,3307,1.061482239
4,3308,1.061482239
4,3309,1.061482239
4,3310,1.061482239
4,3311,1.061482239
4,3312,1.061482239
4,3313,1.061482239
4,3314,1.061482239
4,3315,1.061482239
4,3316,1.061482239
4,3317,1.061482239
4,3318,1.061482239
4,3319,1.061482239
4,3320,1.061482239
4,3321,1.061482239
4,3322,1.061482239
4,3323,1.061482239
4,3324,1.061482239
4,3325,1.061482239
4,3326,1.061482239
4,3327,1.061482239
4,3328,1.061482239
4,3329,1.061482239
4,3330,1.061482239
4,3331,1.061482239
4,3332,1.061482239
4,3333,1.061482239
4,3334,1.061482239
4,3335,1.061482239
4,3336,1.061482239
4,3337,1.061482239
4,3338,1.061482239
4,3339,1.061482239
4,3340,1.061482239
4,3341,1.061482239
4,3342,1.061482239
4,3343,1.061482239
4,3344,1.061482239
4,3345,1.061482239
4,3346,1.061482239
4,3347,1.061482239
4,3348,1.061482239
4,3349,1.061482239
4,3350,1.061482239
4,3351,1.061482239
4,3352,1.061482239
4,3353,1.061482239
4,3354,1.061482239
4,3355,1.061482239
4,3356,1.061482239
4,3357,1.061482239
4,3358,1.061482239
4,3359,1.061482239
4,3360,1.061482239
4,3361,1.061482239
4,3362,1.061482239
4,3363,1.061482239
4,3364,1.061482239
4,3365,1.061482239
4,3366,1.061482239
4,3367,1.061482239
4,3368,1.061482239
4,3369,1.061482239
4,3370,1.061482239
4,3371,1.061482239
4,3372,1.061482239
4,3373,1.061482239
4,3374,1.061482239
4,3375,1.061482239
4,3376,1.061482239
4,3377,1.061482239
4,3378,1.061482239
4,3379,1.061482239
4,3380,1.061482239
4,3381,1.061482239
4,3382,1.061482239
4,3383,1.061482239
4,3384,1.061482239
4,3385,1.061482239
4,3386,1.061482239
4,3387,1.061482239
4,3388,1.061482239
4,3389,1.061482239
4,3390,1.061482239
4,3391,1.061482239
4,3392,1.061482239
4,3393,1.061482239
4,3394,1.061482239
4,3395,1.061482239
4,3396,1.061482239
4,3397,1.061482239
4,3398,1.061482239
4,3399,1.061482239
4,3400,1.061482239
4,3401,1.061482239
4,3402,1.061482239
4,3403,1.061482239
4,3404,1.061482239
4,3405,1.061482239
4,3406,1.061482239
4,3407,1.061482239
4,3408,1.061482239
4,3409,1.061482239
4,3410,1.061482239
4,3411,1.061482239
4,3412,1.061482239
4,3413,1.061482239
4,3414,1.061482239
4,3415,1.061482239
4,3416,1.061482239
4,3417,1.061482239
4,3418,1.061482239
4,3419,1.061482239
4,3420,1.061482239
4,3421,1.061482239
4,3422,1.061482239
4,3423,1.061482239
4,3424,1.061482239
4,3425,1.061482239
4,3426,1.061482239
4,3427,1.061482239
4,3428,1.061482239
4,3429,1.061482239
4,3430,1.061482239
4,3431,1.061482239
4,3432,1.061482239
4,3433,1.061482239
4,3434,1.061482239
4,3435,1.061482239
4,3436,1.061482239
4,3437,1.061482239
4,3438,1.061482239
4,3439,1.061482239
4,3440,1.061482239
4,3441,1.061482239
4,3442,1.061482239
4,3443,1.061482239
4,3444,1.061482239
4,3445,1.061482239
4,3446,1.061482239
4,3447,1.061482239
4,3448,1.061482239
4,3449,1.061482239
4,3450,1.061482239
4,3451,1.061482239
4,3452,1.061482239
4,3453,1.061482239
4,3454,1.061482239
4,3455,1.061482239
4,3456,1.061482239
4,3457,1.061482239
4,3458,1.061482239
4,3459,1.061482239
4,3460,1.061482239
4,3461,1.061482239
4,3462,1.061482239
4,3463,1.061482239
4,3464,1.061482239
4,3465,1.061482239
4,3466,1.061482239
4,3467,1.061482239
4,3468,1.061482239
4,3469,1.061482239
4,3470,1.061482239
4,3471,1.061482239
4,3472,1.061482239
4,3473,1.061482239
4,3474,1.061482239
4,3475,1.061482239
4,3476,1.061482239
4,3477,1.061482239
4,3478,1.061482239
4,3479,1.061482239
4,3480,1.061482239
4,3481,1.061482239
4,3482,1.061482239
4,3483,1.061482239
4,3484,1.061482239
4,3485,1.061482239
4,3486,1.061482239
4,3487,1.061482239
4,3488,1.061482239
4,3489,1.061482239
4,3490,1.061482239
4,3491,1.061482239
4,3492,1.061482239
4,3493,1.061482239
4,3494,1.061482239
4,3495,1.061482239
4,3496,1.061482239
4,3497,1.061482239
4,3498,1.061482239
4,3499,1.061482239
4,3500,1.061482239
4,3501,1.061482239
4,3502,1.061482239
4,3503,1.061482239
4,3504,1.061482239
4,3505,1.061482239
4,3506,1.061482239
4,3507,1.061482239
4,3508,1.061482239
4,3509,1.061482239
4,3510,1.061482239
4,3511,1.061482239
4,3512,1.061482239
4,3513,1.061482239
4,3514,1.061482239
4,3515,1.061482239
4,3516,1.061482239
4,3517,1.061482239
4,3518,1.061482239
4,3519,1.061482239
4,3520,1.061482239
4,3521,1.061482239
4,3522,1.061482239
4,3523,1.061482239
4,3524,1.061482239
4,3525,1.061482239
4,3526,1.061482239
4,3527,1.061482239
4,3528,1.061482239
4,3529,1.061482239
4,3530,1.061482239
4,3531,1.061482239
4,3532,1.061482239
4,3533,1.061482239
4,3534,1.061482239
4,3535,1.061482239
4,3536,1.061482239
4,3537,1.061482239
4,3538,1.061482239
4,3539,1.061482239
4,3540,1.061482239
4,3541,1.061482239
4,3542,1.061482239
4,3543,1.061482239
4,3544,1.061482239
4,3545,1.061482239
4,3546,1.061482239
4,3547,1.061482239
4,3548,1.061482239
4,3549,1.061482239
4,3550,1.061482239
4,3551,1.061482239
4,3552,1.061482239
4,3553,1.061482239
4,3554,1.061482239
4,3555,1.061482239
4,3556,1.061482239
4,3557,1.061482239
4,3558,1.061482239
4,3559,1.061482239
4,3560,1.061482239
4,3561,1.061482239
4,3562,1.061482239
4,3563,1.061482239
4,3564,1.061482239
4,3565,1.061482239
4,3566,1.061482239
4,3567,1.061482239
4,3568,1.061482239
4,3569,1.061482239
4,3570,1.061482239
4,3571,1.061482239
4,3572,1.061482239
4,3573,1.061482239
4,3574,1.061482239
4,3575,1.061482239
4,3576,1.061482239
4,3577,1.061482239
4,3578,1.061482239
4,3579,1.061482239
4,3580,1.061482239
4,3581,1.061482239
4,3582,1.061482239
4,3583,1.061482239
4,3584,1.061482239
4,3585,1.061482239
4,3586,1.061482239
4,3587,1.061482239
4,3588,1.061482239
4,3589,1.061482239
4,3590,1.061482239
4,3591,1.061482239
4,3592,1.061482239
4,3593,1.061482239
4,3594,1.061482239
4,3595,1.061482239
4,3596,1.061482239
4,3597,1.061482239
4,3598,1.061482239
4,3599,1.061482239
4,3600,1.061482239
4,3601,1.061482239
4,3602,1.061482239
4,3603,1.061482239
4,3604,1.061482239
4,3605,1.061482239
4,3606,1.061482239
4,3607,1.061482239
4,3608,1.061482239
4,3609,1.061482239
4,3610,1.061482239
4,3611,1.061482239
4,3612,1.061482239
4,3613,1.061482239
4,3614,1.061482239
4,3615,1.061482239
4,3616,1.061482239
4,3617,1.061482239
4,3618,1.061482239
4,3619,1.061482239
4,3620,1.061482239
4,3621,1.061482239
4,3622,1.061482239
4,3623,1.061482239
4,3624,1.061482239
4,3625,1.061482239
4,3626,1.061482239
4,3627,1.061482239
4,3628,1.061482239
4,3629,1.061482239
4,3630,1.061482239
4,3631,1.061482239
4,3632,1.061482239
4,3633,1.061482239
4,3634,1.061482239
4,3635,1.061482239
4,3636,1.061482239
4,3637,1.061482239
4,3638,1.061482239
4,3639,1.061482239
4,3640,1.061482239
4,3641,1.061482239
4,3642,1.061482239
4,3643,1.061482239
4,3644,1.061482239
4,3645,1.061482239
4,3646,1.061482239
4,3647,1.061482239
4,3648,1.061482239
4,3649,1.061482239
4,3650,1.061482239
4,3651,1.061482239
4,3652,1.061482239
4,3653,1.061482239
4,3654,1.061482239
4,3655,1.061482239
4,3656,1.061482239
4,3657,1.061482239
4,3658,1.061482239
4,3659,1.061482239
4,3660,1.061482239
4,3661,1.061482239
4,3662,1.061482239
4,3663,1.061482239
4,3664,1.061482239
4,3665,1.061482239
4,3666,1.061482239
4,3667,1.061482239
4,3668,1.061482239
4,3669,1.061482239
4,3670,1.061482239
4,3671,1.061482239
4,3672,1.061482239
4,3673,1.061482239
4,3674,1.061482239
4,3675,1.061482239
4,3676,1.061482239
4,3677,1.061482239
4,3678,1.061482239
4,3679,1.061482239
4,3680,1.061482239
4,3681,1.061482239
4,3682,1.061482239
4,3683,1.061482239
4,3684,1.061482239
4,3685,1.061482239
4,3686,1.061482239
4,3687,1.061482239
4,3688,1.061482239
4,3689,1.061482239
4,3690,1.061482239
4,3691,1.061482239
4,3692,1.061482239
4,3693,1.061482239
4,3694,1.061482239
4,3695,1.061482239
4,3696,1.061482239
4,3697,1.061482239
4,3698,1.061482239
4,3699,1.061482239
4,3700,1.061482239
4,3701,1.061482239
4,3702,1.061482239
4,3703,1.061482239
4,3704,1.061482239
4,3705,1.061482239
4,3706,1.061482239
4,3707,1.061482239
4,3708,1.061482239
4,3709,1.061482239
4,3710,1.061482239
4,3711,1.061482239
4,3712,1.061482239
4,3713,1.061482239
4,3714,1.061482239
4,3715,1.061482239
4,3716,1.061482239
4,3717,1.061482239
4,3718,1.061482239
4,3719,1.061482239
4,3720,1.061482239
4,3721,1.061482239
4,3722,1.061482239
4,3723,1.061482239
4,3724,1.061482239
4,3725,1.061482239
4,3726,1.061482239
4,3727,1.061482239
4,3728,1.061482239
4,3729,1.061482239
4,3730,1.061482239
4,3731,1.061482239
4,3732,1.061482239
4,3733,1.061482239
4,3734,1.061482239
4,3735,1.061482239
4,3736,1.061482239
4,3737,1.061482239
4,3738,1.061482239
4,3739,1.061482239
4,3740,1.061482239
4,3741,1.061482239
4,3742,1.061482239
4,3743,1.061482239
4,3744,1.061482239
4,3745,1.061482239
4,3746,1.061482239
4,3747,1.061482239
4,3748,1.061482239
4,3749,1.061482239
4,3750,1.061482239
4,3751,1.061482239
4,3752,1.061482239
4,3753,1.061482239
4,3754,1.061482239
4,3755,1.061482239
4,3756,1.061482239
4,3757,1.061482239
4,3758,1.061482239
4,3759,1.061482239
4,3760,1.061482239
4,3761,1.061482239
4,3762,1.061482239
4,3763,1.061482239
4,3764,1.061482239
4,3765,1.061482239
4,3766,1.061482239
4,3767,1.061482239
4,3768,1.061482239
4,3769,1.061482239
4,3770,1.061482239
4,3771,1.061482239
4,3772,1.061482239
4,3773,1.061482239
4,3774,1.061482239
4,3775,1.061482239
4,3776,1.061482239
4,3777,1.061482239
4,3778,1.061482239
4,3779,1.061482239
4,3780,1.061482239
4,3781,1.061482239
4,3782,1.061482239
4,3783,1.061482239
4,3784,1.061482239
4,3785,1.061482239
4,3786,1.061482239
4,3787,1.061482239
4,3788,1.061482239
4,3789,1.061482239
4,3790,1.061482239
4,3791,1.061482239
4,3792,1.061482239
4,3793,1.061482239
4,3794,1.061482239
4,3795,1.061482239
4,3796,1.061482239
4,3797,1.061482239
4,3798,1.061482239
4,3799,1.061482239
4,3800,1.061482239
4,3801,1.061482239
4,3802,1.061482239
4,3803,1.061482239
4,3804,1.061482239
4,3805,1.061482239
4,3806,1.061482239
4,3807,1.061482239
4,3808,1.061482239
4,3809,1.061482239
4,3810,1.061482239
4,3811,1.061482239
4,3812,1.061482239
4,3813,1.061482239
4,3814,1.061482239
4,3815,1.061482239
4,3816,1.061482239
4,3817,1.061482239
4,3818,1.061482239
4,3819,1.061482239
4,3820,1.061482239
4,3821,1.061482239
4,3822,1.061482239
4,3823,1.061482239
4,3824,1.061482239
4,3825,1.061482239
4,3826,1.061482239
4,3827,1.061482239
4,3828,1.061482239
4,3829,1.061482239
4,3830,1.061482239
4,3831,1.061482239
4,3832,1.061482239
4,3833,1.061482239
4,3834,1.061482239
4,3835,1.061482239
4,3836,1.061482239
4,3837,1.061482239
4,3838,1.061482239
4,3839,1.061482239
4,3840,1.061482239
4,3841,1.061482239
4,3842,1.061482239
4,3843,1.061482239
4,3844,1.061482239
4,3845,1.061482239
4,3846,1.061482239
4,3847,1.061482239
4,3848,1.061482239
4,3849,1.061482239
4,3850,1.061482239
4,3851,1.061482239
4,3852,1.061482239
4,3853,1.061482239
4,3854,1.061482239
4,3855,1.061482239
4,3856,1.061482239
4,3857,1.061482239
4,3858,1.061482239
4,3859,1.061482239
4,3860,1.061482239
4,3861,1.061482239
4,3862,1.061482239
4,3863,1.061482239
4,3864,1.061482239
4,3865,1.061482239
4,3866,1.061482239
4,3867,1.061482239
4,3868,1.061482239
4,3869,1.061482239
4,3870,1.061482239
4,3871,1.061482239
4,3872,1.061482239
4,3873,1.061482239
4,3874,1.061482239
4,3875,1.061482239
4,3876,1.061482239
4,3877,1.061482239
4,3878,1.061482239
4,3879,1.061482239
4,3880,1.061482239
4,3881,1.061482239
4,3882,1.061482239
4,3883,1.061482239
4,3884,1.061482239
4,3885,1.061482239
4,3886,1.061482239
4,3887,1.061482239
4,3888,1.061482239
4,3889,1.061482239
4,3890,1.061482239
4,3891,1.061482239
4,3892,1.061482239
4,3893,1.061482239
4,3894,1.061482239
4,3895,1.061482239
4,3896,1.061482239
4,3897,1.061482239
4,3898,1.061482239
4,3899,1.061482239
4,3900,1.061482239
4,3901,1.061482239
4,3902,1.061482239
4,3903,1.061482239
4,3904,1.061482239
4,3905,1.061482239
4,3906,1.061482239
4,3907,1.061482239
4,3908,1.061482239
4,3909,1.061482239
4,3910,1.061482239
4,3911,1.061482239
4,3912,1.061482239
4,3913,1.061482239
4,3914,1.061482239
4,3915,1.061482239
4,3916,1.061482239
4,3917,1.061482239
4,3918,1.061482239
4,3919,1.061482239
4,3920,1.061482239
4,3921,1.061482239
4,3922,1.061482239
4,3923,1.061482239
4,3924,1.061482239
4,3925,1.061482239
4,3926,1.061482239
4,3927,1.061482239
4,3928,1.061482239
4,3929,1.061482239
4,3930,1.061482239
4,3931,1.061482239
4,3932,1.061482239
4,3933,1.061482239
4,3934,1.061482239
4,3935,1.061482239
4,3936,1.061482239
4,3937,1.061482239
4,3938,1.061482239
4,3939,1.061482239
4,3940,1.061482239
4,3941,1.061482239
4,3942,1.061482239
4,3943,1.061482239
4,3944,1.061482239
4,3945,1.061482239
4,3946,1.061482239
4,3947,1.061482239
4,3948,1.061482239
4,3949,1.061482239
4,3950,1.061482239
4,3951,1.061482239
4,3952,1.061482239
4,3953,1.061482239
4,3954,1.061482239
4,3955,1.061482239
4,3956,1.061482239
4,3957,1.061482239
4,3958,1.061482239
4,3959,1.061482239
4,3960,1.061482239
4,3961,1.061482239
4,3962,1.061482239
4,3963,1.061482239
4,3964,1.061482239
4,3965,1.061482239
4,3966,1.061482239
4,3967,1.061482239
4,3968,1.061482239
4,3969,1.061482239
4,3970,1.061482239
4,3971,1.061482239
4,3972,1.061482239
4,3973,1.061482239
4,3974,1.061482239
4,3975,1.061482239
4,3976,1.061482239
4,3977,1.061482239
4,3978,1.061482239
4,3979,1.061482239
4,3980,1.061482239
4,3981,1.061482239
4,3982,1.061482239
4,3983,1.061482239
4,3984,1.061482239
4,3985,1.061482239
4,3986,1.061482239
4,3987,1.061482239
4,3988,1.061482239
4,3989,1.061482239
4,3990,1.061482239
4,3991,1.061482239
4,3992,1.061482239
4,3993,1.061482239
4,3994,1.061482239
4,3995,1.061482239
4,3996,1.061482239
4,3997,1.061482239
4,3998,1.061482239
4,3999,1.061482239
4,4000,1.061482239
4,4001,1.061482239
4,4002,1.061482239
4,4003,1.061482239
4,4004,1.061482239
4,4005,1.061482239
4,4006,1.061482239
4,4007,1.061482239
4,4008,1.061482239
4,4009,1.061482239
4,4010,1.061482239
4,4011,1.061482239
4,4012,1.061482239
4,4013,1.061482239
4,4014,1.061482239
4,4015,1.061482239
4,4016,1.061482239
4,4017,1.061482239
4,4018,1.061482239
4,4019,1.061482239
4,4020,1.061482239
4,4021,1.061482239
4,4022,1.061482239
4,4023,1.061482239
4,4024,1.061482239
4,4025,1.061482239
4,4026,1.061482239
4,4027,1.061482239
4,4028,1.061482239
4,4029,1.061482239
4,4030,1.061482239
4,4031,1.061482239
4,4032,1.061482239
4,4033,1.061482239
4,4034,1.061482239
4,4035,1.061482239
4,4036,1.061482239
4,4037,1.061482239
4,4038,1.061482239
4,4039,1.061482239
4,4040,1.061482239
4,4041,1.061482239
4,4042,1.061482239
4,4043,1.061482239
4,4044,1.061482239
4,4045,1.061482239
4,4046,1.061482239
4,4047,1.061482239
4,4048,1.061482239
4,4049,1.061482239
4,4050,1.061482239
4,4051,1.061482239
4,4052,1.061482239
4,4053,1.061482239
4,4054,1.061482239
4,4055,1.061482239
4,4056,1.061482239
4,4057,1.061482239
4,4058,1.061482239
4,4059,1.061482239
4,4060,1.061482239
4,4061,1.061482239
4,4062,1.061482239
4,4063,1.061482239
4,4064,1.061482239
4,4065,1.061482239
4,4066,1.061482239
4,4067,1.061482239
4,4068,1.061482239
4,4069,1.061482239
4,4070,1.061482239
4,4071,1.061482239
4,4072,1.061482239
4,4073,1.061482239
4,4074,1.061482239
4,4075,1.061482239
4,4076,1.061482239
4,4077,1.061482239
4,4078,1.061482239
4,4079,1.061482239
4,4080,1.061482239
4,4081,1.061482239
4,4082,1.061482239
4,4083,1.061482239
4,4084,1.061482239
4,4085,1.061482239
4,4086,1.061482239
4,4087,1.061482239
4,4088,1.061482239
4,4089,1.061482239
4,4090,1.061482239
4,4091,1.061482239
4,4092,1.061482239
4,4093,1.061482239
4,4094,1.061482239
4,4095,1.061482239
4,4096,1.061482239
4,4097,1.061482239
4,4098,1.061482239
4,4099,1.061482239
4,4100,1.061482239
4,4101,1.061482239
4,4102,1.061482239
4,4103,1.061482239
4,4104,1.061482239
4,4105,1.061482239
4,4106,1.061482239
4,4107,1.061482239
4,4108,1.061482239
4,4109,1.061482239
4,4110,1.061482239
4,4111,1.061482239
4,4112,1.061482239
4,4113,1.061482239
4,4114,1.061482239
4,4115,1.061482239
4,4116,1.061482239
4,4117,1.061482239
4,4118,1.061482239
4,4119,1.061482239
4,4120,1.061482239
4,4121,1.061482239
4,4122,1.061482239
4,4123,1.061482239
4,4124,1.061482239
4,4125,1.061482239
4,4126,1.061482239
4,4127,1.061482239
4,4128,1.061482239
4,4129,1.061482239
4,4130,1.061482239
4,4131,1.061482239
4,4132,1.061482239
4,4133,1.061482239
4,4134,1.061482239
4,4135,1.061482239
4,4136,1.061482239
4,4137,1.061482239
4,4138,1.061482239
4,4139,1.061482239
4,4140,1.061482239
4,4141,1.061482239
4,4142,1.061482239
4,4143,1.061482239
4,4144,1.061482239
4,4145,1.061482239
4,4146,1.061482239
4,4147,1.061482239
4,4148,1.061482239
4,4149,1.061482239
4,4150,1.061482239
4,4151,1.061482239
4,4152,1.061482239
4,4153,1.061482239
4,4154,1.061482239
4,4155,1.061482239
4,4156,1.061482239
4,4157,1.061482239
4,4158,1.061482239
4,4159,1.061482239
4,4160,1.061482239
4,4161,1.061482239
4,4162,1.061482239
4,4163,1.061482239
4,4164,1.061482239
4,4165,1.061482239
4,4166,1.061482239
4,4167,1.061482239
4,4168,1.061482239
4,4169,1.061482239
4,4170,1.061482239
4,4171,1.061482239
4,4172,1.061482239
4,4173,1.061482239
4,4174,1.061482239
4,4175,1.061482239
4,4176,1.061482239
4,4177,1.061482239
4,4178,1.061482239
4,4179,1.061482239
4,4180,1.061482239
4,4181,1.061482239
4,4182,1.061482239
4,4183,1.061482239
4,4184,1.061482239
4,4185,1.061482239
4,4186,1.061482239
4,4187,1.061482239
4,4188,1.061482239
4,4189,1.061482239
4,4190,1.061482239
4,4191,1.061482239
4,4192,1.061482239
4,4193,1.061482239
4,4194,1.061482239
4,4195,1.061482239
4,4196,1.061482239
4,4197,1.061482239
4,4198,1.061482239
4,4199,1.061482239
5,0,19.12814539
5,1,3.787603856
5,2,13.27444283
5,3,8.96208875
5,4,12.42364069
5,5,9.160346216
5,6,8.952017264
5,7,8.832705165
5,8,15.84151369
5,9,8.394551091
5,10,9.858844216
5,11,17.84671846
5,12,11.07829111
5,13,12.82312703
5,14,12.49597058
5,15,12.31528893
5,16,2.924809661
5,17,7.234243945
5,18,9.354874349
5,19,17.39702553
5,20,5.177261288
5,21,14.93828212
5,22,9.774034178
5,23,9.217127188
5,24,20.49287223
5,25,7.298200997
5,26,14.30892946
5,27,8.378918686
5,28,16.6158738
5,29,17.42158712
5,30,6.958562184
5,31,9.470821911
5,32,12.9864603
5,33,9.856430155
5,34,6.666190358
5,35,16.33373328
5,36,6.697973599
5,37,4.753229143
5,38,15.12200294
5,39,11.10286725
5,40,13.39087428
5,41,15.22600401
5,42,6.251315971
5,43,18.49032832
5,44,16.00499783
5,45,21.06020792
5,46,13.46067249
5,47,11.49948204
5,48,13.06446886
5,49,12.47121001
5,50,12.20890763
5,51,9.689192005
5,52,22.58420181
5,53,8.95506244
5,54,9.518853472
5,55,3.714755352
5,56,12.93150218
5,57,11.32653755
5,58,11.84179853
5,59,6.392202893
5,60,15.65943752
5,61,10.07221483
5,62,12.01954493
5,63,5.625319185
5,64,10.34041811
5,65,9.602946982
5,66,10.74565223
5,67,10.04784729
5,68,16.00729021
5,69,8.382777402
5,70,8.932013841
5,71,10.11183001
5,72,9.858918279
5,73,3.627581384
5,74,5.978879216
5,75,9.207252414
5,76,5.285999997
5,77,4.890868513
5,78,12.74334933
5,79,12.48316655
5,80,15.59182338
5,81,12.77408249
5,82,15.62812112
5,83,5.109453573
5,84,10.64486204
5,85,8.028151138
5,86,15.28642284
5,87,10.37105662
5,88,11.97314925
5,89,6.699330566
5,90,14.08163
5,91,6.98439701
5,92,6.989419137
5,93,15.9780499
5,94,8.574147478
5,95,12.00353606
5,96,13.82596092
5,97,21.5276304
5,98,11.33885741
5,99,13.92159839
5,100,3.862804154
5,101,12.57500503
5,102,12.29270603
5,103,11.82956391
5,104,8.435382025
5,105,7.434857128
5,106,14.25195185
5,107,9.511076178
5,108,8.785117808
5,109,4.700895243
5,110,11.04681808
5,111,12.38345045
5,112,5.237009026
5,113,9.525214192
5,114,8.275409665
5,115,11.23091568
5,116,18.01980534
5,117,7.504458342
5,118,19.42901122
5,119,5.651330579
5,120,16.65389907
5,121,8.866214814
5,122,5.344958575
5,123,9.121725133
5,124,14.55181709
5,125,5.726138922
5,126,8.764285309
5,127,6.106338356
5,128,5.33511217
5,129,3.931705711
5,130,12.7484122
5,131,11.06479608
5,132,12.45329683
5,133,9.153412189
5,134,9.05697379
5,135,11.72204465
5,136,9.337882221
5,137,17.06802062
5,138,12.08222566
5,139,7.166774476
5,140,10.53907643
5,141,12.73248822
5,142,8.610988745
5,143,6.817879787
5,144,9.536847671
5,145,6.225583924
5,146,14.63217186
5,147,12.24684412
5,148,18.82080695
5,149,10.97901375
5,150,10.94879343
5,151,15.56820327
5,152,7.270042483
5,153,7.312641394
5,154,14.23658355
5,155,13.2740354
5,156,7.964144498
5,157,10.45784079
5,158,12.08743173
5,159,3.066672598
5,160,13.13819888
5,161,3.026185113
5,162,12.31772156
5,163,6.204447183
5,164,11.17705617
5,165,10.83964675
5,166,3.214958303
5,167,7.10388865
5,168,7.554219666
5,169,11.27220625
5,170,7.059036912
5,171,8.735144628
5,172,8.625541968
5,173,17.82807984
5,174,8.883389876
5,175,13.08660838
5,176,7.43444431
5,177,10.70375444
5,178,12.93635288
5,179,12.25852639
5,180,8.485563158
5,181,10.59457254
5,182,11.39288123
5,183,15.01717916
5,184,13.77694537
5,185,13.4461006
5,186,10.70898688
5,187,8.445443502
5,188,7.201392009
5,189,13.70378199
5,190,7.284052085
5,191,5.557434921
5,192,10.45944574
5,193,4.20023661
5,194,9.957815063
5,195,5.116191764
5,196,11.65733458
5,197,6.876781359
5,198,11.37428884
5,199,8.261992059
5,200,6.023622656
5,201,12.57322477
5,202,7.458102978
5,203,11.13205147
5,204,11.99371001
5,205,10.44804966
5,206,7.451738716
5,207,6.132134147
5,208,6.681152371
5,209,4.568047837
5,210,7.976214309
5,211,20.20336815
5,212,9.715463269
5,213,7.377406162
5,214,16.67859293
5,215,16.85939697
5,216,7.634486802
5,217,11.61317999
5,218,7.546766683
5,219,10.20557767
5,220,5.993056394
5,221,10.85317671
5,222,9.263296684
5,223,7.630811275
5,224,15.42507998
5,225,9.880775485
5,226,10.05832941
5,227,15.7002723
5,228,11.43931705
5,229,16.18445133
5,230,15.22068172
5,231,15.0279813
5,232,11.1295755
5,233,6.262035429
5,234,5.343372694
5,235,10.54703054
5,236,8.01251351
5,237,5.78620617
5,238,4.324743499
5,239,14.57674322
5,240,7.392890766
5,241,26.89304701
5,242,7.865176886
5,243,16.91647426
5,244,9.437434886
5,245,7.103005476
5,246,17.77708261
5,247,11.89352475
5,248,11.51861548
5,249,15.26853108
5,250,8.892510657
5,251,6.108468234
5,252,14.11640216
5,253,5.294523389
5,254,14.21505815
5,255,7.402137897
5,256,9.589890016
5,257,9.948359738
5,258,4.76935559
5,259,11.70784538
5,260,7.555294314
5,261,20.23731727
5,262,6.160874702
5,263,13.46557781
5,264,8.72275605
5,265,10.2331916
5,266,13.94094797
5,267,4.251837656
5,268,9.544774627
5,269,12.17415629
5,270,12.67492023
5,271,7.052953435
5,272,3.053232918
5,273,3.888347832
5,274,15.18888858
5,275,8.061617141
5,276,4.519143232
5,277,8.704436017
5,278,10.68731928
5,279,12.55437809
5,280,6.213558689
5,281,10.3259529
5,282,7.889573443
5,283,11.45421214
5,284,10.12465862
5,285,6.50747488
5,286,6.570095189
5,287,7.419436062
5,288,9.772274728
5,289,9.465631051
5,290,11.27866871
5,291,8.51273768
5,292,14.55942675
5,293,7.278790806
5,294,8.645561937
5,295,5.363214016
5,296,8.26815084
5,297,11.57070451
5,298,7.542741943
5,299,12.871509
5,300,9.739284652
5,301,5.185651266
5,302,8.086271997
5,303,5.600954859
5,304,7.812418296
5,305,11.52605657
5,306,8.099827489
5,307,5.406024073
5,308,8.02418402
5,309,9.341138678
5,310,9.595597424
5,311,8.116651698
5,312,3.03431903
5,313,6.349629788
5,314,6.782607307
5,315,10.24781319
5,316,9.37268566
5,317,12.82699519
5,318,5.923280558
5,319,7.644264759
5,320,6.61734556
5,321,17.1364607
5,322,11.52726028
5,323,12.22908429
5,324,8.181030766
5,325,15.33352115
5,326,6.138487144
5,327,9.317276813
5,328,5.598884666
5,329,3.143634711
5,330,7.273914576
5,331,4.30308792
5,332,9.780680361
5,333,7.995504996
5,334,9.202187544
5,335,9.375802881
5,336,8.6227731
5,337,10.30239121
5,338,9.631080548
5,339,13.70027971
5,340,6.866417327
5,341,9.024441511
5,342,6.178167416
5,343,8.951613488
5,344,11.69103223
5,345,6.854240493
5,346,9.287988406
5,347,8.543399112
5,348,6.671113748
5,349,7.575400603
5,350,9.018725003
5,351,7.704981197
5,352,6.0963091
5,353,6.470605254
5,354,12.40333165
5,355,12.54987465
5,356,17.64322064
5,357,10.74797379
5,358,5.423917986
5,359,9.519053105
5,360,13.24157756
5,361,8.197278538
5,362,9.035943235
5,363,8.885766583
5,364,14.09818395
5,365,16.9003147
5,366,4.480567868
5,367,5.165454679
5,368,10.2119095
5,369,5.607963063
5,370,3.25786704
5,371,12.09188791
5,372,2.226461306
5,373,10.71861062
5,374,5.513416922
5,375,10.52781626
5,376,5.642244401
5,377,6.245017573
5,378,11.64948636
5,379,5.554404296
5,380,6.986365125
5,381,7.092528289
5,382,9.018608905
5,383,4.975382768
5,384,5.396743464
5,385,7.86988504
5,386,12.91766547
5,387,12.90870481
5,388,5.822323672
5,389,7.421063003
5,390,8.632439775
5,391,4.095845441
5,392,14.03318554
5,393,4.066266255
5,394,8.565043252
5,395,9.967396823
5,396,6.485101267
5,397,8.364923021
5,398,7.633261204
5,399,5.589834398
5,400,11.87436284
5,401,7.994900034
5,402,10.00546576
5,403,8.817328952
5,404,4.758509825
5,405,5.879358741
5,406,4.964097946
5,407,8.463668879
5,408,9.104041781
5,409,8.391547634
5,410,6.381785753
5,411,7.966498215
5,412,5.043263528
5,413,6.950909192
5,414,9.124001253
5,415,7.886000348
5,416,6.668089962
5,417,6.297036293
5,418,6.961476924
5,419,5.413027971
5,420,7.576273969
5,421,10.33800477
5,422,9.41713376
5,423,6.740050681
5,424,15.95575929
5,425,7.975833283
5,426,14.76068365
5,427,5.548877497
5,428,10.56105453
5,429,8.009693661
5,430,10.13020388
5,431,7.871883393
5,432,9.843225944
5,433,7.10623458
5,434,9.677180852
5,435,8.473010861
5,436,6.274242824
5,437,5.395844787
5,438,7.010786354
5,439,8.354476526
5,440,6.546071497
5,441,5.14157159
5,442,5.010197704
5,443,6.467149323
5,444,6.711337476
5,445,6.670683368
5,446,4.322337823
5,447,8.407044532
5,448,6.956100526
5,449,11.14204596
5,450,8.698972221
5,451,6.002542925
5,452,10.06754592
5,453,3.856607892
5,454,11.59594579
5,455,2.69009958
5,456,7.370586757
5,457,5.121495123
5,458,13.00628251
5,459,4.592789698
5,460,4.723470798
5,461,5.752243357
5,462,7.159013294
5,463,6.953832494
5,464,7.134819934
5,465,4.824988977
5,466,4.757223516
5,467,7.645288812
5,468,8.30746705
5,469,16.76720797
5,470,6.959848494
5,471,5.958090018
5,472,6.744948002
5,473,6.412868933
5,474,13.38024291
5,475,9.850754204
5,476,4.614997701
5,477,8.12633192
5,478,8.632107935
5,479,7.826035815
5,480,10.6931535
5,481,5.588791602
5,482,8.996948366
5,483,9.462611018
5,484,6.546094046
5,485,5.846870868
5,486,14.81972557
5,487,5.058128989
5,488,5.871863925
5,489,3.238622013
5,490,9.624234642
5,491,11.70945738
5,492,9.330329317
5,493,7.343372557
5,494,4.924938949
5,495,7.424340928
5,496,7.809227179
5,497,6.70212461
5,498,7.639828229
5,499,6.461566473
5,500,6.317431127
5,501,3.574171169
5,502,6.544104995
5,503,4.504036219
5,504,18.99030693
5,505,5.97537463
5,506,8.945131475
5,507,5.441392938
5,508,8.235131702
5,509,7.175476993
5,510,12.75131674
5,511,6.094995198
5,512,5.836685426
5,513,7.088294397
5,514,6.363962755
5,515,7.169637524
5,516,7.966107165
5,517,7.801555094
5,518,5.351461943
5,519,8.569383135
5,520,5.887234613
5,521,7.235640358
5,522,11.39317948
5,523,6.209398597
5,524,4.178954149
5,525,16.94064246
5,526,7.396508621
5,527,7.540772336
5,528,3.021312876
5,529,7.96739696
5,530,3.485413464
5,531,5.626249921
5,532,7.385539706
5,533,5.589400693
5,534,6.164374071
5,535,7.139807143
5,536,6.264760995
5,537,7.500206725
5,538,7.761029553
5,539,4.586266411
5,540,5.488991605
5,541,2.889536749
5,542,8.685492491
5,543,9.270890653
5,544,9.438655788
5,545,2.072496151
5,546,5.151862519
5,547,7.4887682
5,548,10.04675552
5,549,10.50636469
5,550,5.302938047
5,551,8.353645012
5,552,6.701487415
5,553,5.338445482
5,554,6.848527578
5,555,8.876930075
5,556,1.517232684
5,557,4.404496451
5,558,7.033479454
5,559,5.979516843
5,560,5.490908806
5,561,11.32040495
5,562,8.598394703
5,563,8.415497342
5,564,6.217142149
5,565,10.52970892
5,566,5.924549458
5,567,4.343641125
5,568,6.922874957
5,569,7.847871143
5,570,5.87794613
5,571,12.40549538
5,572,11.8422503
5,573,7.419209979
5,574,7.779528078
5,575,7.339135992
5,576,8.958203395
5,577,6.29653739
5,578,7.19575787
5,579,6.231987598
5,580,6.077667245
5,581,5.897269654
5,582,6.031775831
5,583,4.320433896
5,584,7.136682571
5,585,6.754324854
5,586,7.440303617
5,587,9.746696381
5,588,4.041804297
5,589,4.181297269
5,590,6.88993094
5,591,7.21551611
5,592,9.175964176
5,593,5.635199565
5,594,5.092842776
5,595,6.159319667
5,596,9.044672897
5,597,7.767014466
5,598,5.663141897
5,599,6.027933025
5,600,4.26658926
5,601,10.87209708
5,602,9.061068725
5,603,2.872932653
5,604,8.493546083
5,605,7.065043246
5,606,6.393723479
5,607,3.22967136
5,608,4.924621231
5,609,5.668910508
5,610,2.280854635
5,611,7.825466416
5,612,6.030683767
5,613,7.150208707
5,614,5.480836232
5,615,3.962936961
5,616,3.639190457
5,617,7.891561108
5,618,7.963348963
5,619,9.929398846
5,620,4.951111506
5,621,6.107885163
5,622,4.496791569
5,623,8.226004014
5,624,6.144499649
5,625,6.149655492
5,626,5.218574632
5,627,10.41210519
5,628,9.532379142
5,629,6.942933183
5,630,4.03015149
5,631,10.27498632
5,632,5.258400303
5,633,7.524775645
5,634,6.426148238
5,635,12.02207751
5,636,6.13359479
5,637,4.029877338
5,638,5.055861863
5,639,5.624797933
5,640,6.871061757
5,641,9.450994137
5,642,7.640529645
5,643,3.791520189
5,644,7.251680704
5,645,7.319915217
5,646,4.748213542
5,647,7.039568558
5,648,6.565408662
5,649,4.895201262
5,650,5.007879031
5,651,7.705376443
5,652,5.969152447
5,653,1.882358519
5,654,6.144640841
5,655,6.599448911
5,656,4.974061955
5,657,8.370337686
5,658,5.836685426
5,659,8.50240251
5,660,4.244127524
5,661,1.017935929
5,662,5.499349265
5,663,11.14193068
5,664,2.614130602
5,665,4.851606772
5,666,3.987799711
5,667,8.146327777
5,668,5.422578661
5,669,3.192800271
5,670,5.285532921
5,671,5.282995411
5,672,6.235175072
5,673,6.350545149
5,674,7.856289163
5,675,3.438871163
5,676,9.022918636
5,677,6.475466692
5,678,5.447355425
5,679,6.423570205
5,680,3.804387811
5,681,6.112281414
5,682,4.031451369
5,683,3.641960195
5,684,3.886409538
5,685,3.514602799
5,686,3.693088056
5,687,5.97842087
5,688,4.694748489
5,689,5.339370334
5,690,3.712049391
5,691,1.40220167
5,692,4.182053592
5,693,9.073094962
5,694,4.936851142
5,695,6.283118913
5,696,5.339370334
5,697,6.735229705
5,698,5.886875835
5,699,3.937172388
5,700,4.51214599
5,701,4.527730143
5,702,5.970128589
5,703,5.904360119
5,704,5.395624804
5,705,5.198986402
5,706,7.729108226
5,707,7.992076363
5,708,4.933804846
5,709,3.864378185
5,710,3.081060613
5,711,7.471745214
5,712,5.861724958
5,713,7.582655429
5,714,6.553595667
5,715,3.239856733
5,716,2.243682886
5,717,6.480313635
5,718,3.491003158
5,719,4.247728478
5,720,7.336644793
5,721,1.06305627
5,722,5.447129184
5,723,7.553912671
5,724,5.442006566
5,725,8.356915292
5,726,5.292501547
5,727,4.306833371
5,728,2.95604091
5,729,2.283025604
5,730,10.16814328
5,731,4.918259131
5,732,4.587098949
5,733,4.898925072
5,734,6.035994986
5,735,2.66410206
5,736,6.178487004
5,737,5.018440056
5,738,7.773516349
5,739,2.283025604
5,740,3.716875409
5,741,2.56841589
5,742,3.893923619
5,743,4.03015149
5,744,7.43391698
5,745,5.278570183
5,746,0.9090911145
5,747,1.882358519
5,748,5.017596443
5,749,5.999495888
5,750,0.9090911145
5,751,3.368852393
5,752,6.775024813
5,753,7.799612093
5,754,5.7948335
5,755,2.121020046
5,756,3.25786704
5,757,8.518463747
5,758,4.07796269
5,759,3.292681926
5,760,7.453019938
5,761,3.753418794
5,762,4.549776217
5,763,5.760426529
5,764,5.140180004
5,765,11.18374913
5,766,3.362457762
5,767,4.764359964
5,768,10.60877109
5,769,4.668948934
5,770,4.597386023
5,771,4.156317035
5,772,3.171640947
5,773,7.065506773
5,774,5.671440706
5,775,7.115651355
5,776,4.312497886
5,777,6.898988279
5,778,5.340111701
5,779,5.547526906
5,780,1
5,781,0.9090911145
5,782,5.338445482
5,783,3.801796069
5,784,2.679582367
5,785,1
5,786,2.989669556
5,787,1.08057851
5,788,3.300217059
5,789,4.536322086
5,790,3.221920804
5,791,4.371917071
5,792,6.767587843
5,793,3.455611817
5,794,5.406024073
5,795,7.214868928
5,796,3.002440248
5,797,5.016554451
5,798,6.845249888
5,799,4.091815355
5,800,5.325840808
5,801,6.851174158
5,802,5.106368481
5,803,3.168456621
5,804,5.15587227
5,805,1.870913994
5,806,3.002440248
5,807,2.198702094
5,808,3.446982632
5,809,4.37836334
5,810,6.971068878
5,811,3.734542077
5,812,4.865849197
5,813,6.174465738
5,814,4.468788015
5,815,5.39688155
5,816,2.999960486
5,817,3.380860766
5,818,3.32917212
5,819,4.121617002
5,820,4.90603643
5,821,4.534704754
5,822,2.889512604
5,823,2.093405193
5,824,4.541817497
5,825,2.872219958
5,826,6.690838242
5,827,4.387869475
5,828,3.490058093
5,829,3.051752936
5,830,3.410492939
5,831,2.026732527
5,832,2.999960486
5,833,5.244571651
5,834,4.27341067
5,835,3.530709637
5,836,1
5,837,1.405010854
5,838,3.234886219
5,839,7.058649468
5,840,3.313759278
5,841,4.047169984
5,842,2.565606706
5,843,3.167028778
5,844,5.625460445
5,845,5.03980116
5,846,3.961775
5,847,5.126564999
5,848,2.056067097
5,849,5.352264561
5,850,4.261618746
5,851,3.11744953
5,852,6.105387396
5,853,1.708814921
5,854,5.413071273
5,855,3.321739928
5,856,4.609377461
5,857,4.385706293
5,858,2.597429393
5,859,3.571581668
5,860,5.419159629
5,861,3.021312876
5,862,5.950955096
5,863,4.326620095
5,864,4.883828427
5,865,2.850538146
5,866,2.655982294
5,867,3.060993148
5,868,4.542253025
5,869,3.449052826
5,870,3.485413464
5,871,6.127112345
5,872,3.363681161
5,873,4.924671506
5,874,1.898077134
5,875,2.119446015
5,876,2.735547448
5,877,6.527766285
5,878,5.046866548
5,879,5.307774372
5,880,3.928251072
5,881,3.368852393
5,882,7.213424322
5,883,3.943943339
5,884,4.668948934
5,885,4.547070256
5,886,3.595148417
5,887,2.218212053
5,888,3.495283526
5,889,5.975211113
5,890,2.743280301
5,891,1.579875265
5,892,4.277396089
5,893,1.40220167
5,894,3.574171169
5,895,3.448004671
5,896,5.239389589
5,897,5.000395108
5,898,3.386042259
5,899,3.422200652
5,900,4.475745907
5,901,3.410492939
5,902,6.701678251
5,903,5.390654291
5,904,6.502540664
5,905,0.9075170835
5,906,4.518173246
5,907,2.431743381
5,908,3.426652282
5,909,4.654339712
5,910,4.26673588
5,911,2.715934777
5,912,5.478170443
5,913,3.8238907
5,914,3.510513118
5,915,2.465037684
5,916,3.252247348
5,917,4.921665859
5,918,5.273560224
5,919,4.480567868
5,920,1.854530824
5,921,3.340426188
5,922,2.68063772
5,923,2.39344445
5,924,1.253108752
5,925,3.252247348
5,926,4.463622095
5,927,4.181837813
5,928,5.071189982
5,929,8.572386777
5,930,6.178333805
5,931,5.241101706
5,932,3.616789913
5,933,3.615954378
5,934,3.649248681
5,935,1.898077134
5,936,2.871358622
5,937,3.894933332
5,938,5.301273733
5,939,2.056067097
5,940,1.870913994
5,941,6.248250648
5,942,4.638434593
5,943,1.23694941
5,944,5.055295971
5,945,2.504946477
5,946,4.066503529
5,947,4.048898487
5,948,2.43699076
5,949,1.061482239
5,950,1.467653435
5,951,3.256343222
5,952,2.056067097
5,953,1
5,954,2.107793208
5,955,0.9075170835
5,956,2.283025604
5,957,6.097209882
5,958,4.080153174
5,959,2.612925006
5,960,3.268638937
5,961,5.701016181
5,962,1.690834655
5,963,2.889536749
5,964,4.036337689
5,965,3.717161097
5,966,1.06305627
5,967,1.898077134
5,968,1.061482239
5,969,4.146540756
5,970,3.51402816
5,971,3.827463795
5,972,7.233273678
5,973,3.878284028
5,974,2.736560804
5,975,3.745986602
5,976,1.708814921
5,977,2.431743381
5,978,7.191255314
5,979,4.894804258
5,980,2.284599635
5,981,0.9090911145
5,982,3.483301729
5,983,3.129437888
5,984,3.146178542
5,985,3.857907771
5,986,1.40220167
5,987,2.614130602
5,988,2.375469075
5,989,3.979221469
5,990,3.739153488
5,991,2.543965211
5,992,2.717508808
5,993,1.517232684
5,994,1.253108752
5,995,1.216950359
5,996,3.416295607
5,997,1.579875265
5,998,4.626211529
5,999,2.243682886
5,1000,5.32539286
5,1001,4.905904542
5,1002,2.902763587
5,1003,1.690834655
5,1004,1.690834655
5,1005,4.7446372
5,1006,4.063437131
5,1007,3.763279248
5,1008,2.438564791
5,1009,3.284977074
5,1010,3.28000656
5,1011,1.579875265
5,1012,2.606607792
5,1013,2.66792956
5,1014,3.681002703
5,1015,2.929090097
5,1016,0.9090911145
5,1017,0.9090911145
5,1018,2.451810846
5,1019,1.849553239
5,1020,1.061482239
5,1021,1.061482239
5,1022,4.738168513
5,1023,3.578714854
5,1024,3.173704
5,1025,2.43699076
5,1026,5.837546193
5,1027,2.675981276
5,1028,3.123635729
5,1029,0.9090911145
5,1030,0.9090911145
5,1031,3.29981518
5,1032,2.465037684
5,1033,3.368852393
5,1034,4.061178734
5,1035,1.06305627
5,1036,4.47386178
5,1037,2.658911632
5,1038,2.088214766
5,1039,2.226461306
5,1040,1.06305627
5,1041,1.06305627
5,1042,4.084861584
5,1043,3.745986602
5,1044,2.95604091
5,1045,0.9075170835
5,1046,2.504946477
5,1047,0.9075170835
5,1048,1.93424961
5,1049,3.284425082
5,1050,5.107942512
5,1051,1.253108752
5,1052,3.442384979
5,1053,2.655982294
5,1054,0.9090911145
5,1055,2.691673611
5,1056,3.893204828
5,1057,3.780344822
5,1058,3.234886219
5,1059,1.08057851
5,1060,1.08057851
5,1061,3.319239968
5,1062,1.08057851
5,1063,2.456087031
5,1064,1.08057851
5,1065,1.08057851
5,1066,2.456087031
5,1067,1.917173405
5,1068,4.239663665
5,1069,2.743280301
5,1070,1.467653435
5,1071,2.198702094
5,1072,0.9075170835
5,1073,2.163405036
5,1074,2.263681936
5,1075,1.23694941
5,1076,1.23694941
5,1077,3.449052826
5,1078,2.834378803
5,1079,1.23694941
5,1080,3.019998982
5,1081,2.981777467
5,1082,1
5,1083,0.9090911145
5,1084,3.081060613
5,1085,3.158220091
5,1086,0.9075170835
5,1087,1.708814921
5,1088,2.279841279
5,1089,2.093405193
5,1090,1.690834655
5,1091,2.315326066
5,1092,4.77628052
5,1093,5.880745978
5,1094,3.809358325
5,1095,4.731528227
5,1096,2.283025604
5,1097,2.56841589
5,1098,1.017935929
5,1099,1.017935929
5,1100,1.017935929
5,1101,1.017935929
5,1102,1.017935929
5,1103,1.854530824
5,1104,1.253108752
5,1105,1.216950359
5,1106,1.467653435
5,1107,1
5,1108,1.253108752
5,1109,1.216950359
5,1110,1.08057851
5,1111,1.08057851
5,1112,1.08057851
5,1113,1.08057851
5,1114,1.08057851
5,1115,3.700222978
5,1116,1.405010854
5,1117,1.253108752
5,1118,1.06305627
5,1119,1.06305627
5,1120,1.06305627
5,1121,1.06305627
5,1122,1.06305627
5,1123,1.85112727
5,1124,1.06305627
5,1125,1.06305627
5,1126,1.06305627
5,1127,2.438564791
5,1128,2.660485663
5,1129,1.06305627
5,1130,3.327180133
5,1131,4.148545436
5,1132,4.148780142
5,1133,1.061482239
5,1134,1.061482239
5,1135,1.061482239
5,1136,1.061482239
5,1137,2.088214766
5,1138,1.061482239
5,1139,1.061482239
5,1140,1.061482239
5,1141,1.061482239
5,1142,3.238288598
5,1143,3.527254998
5,1144,4.071634747
5,1145,3.122061698
5,1146,2.163405036
5,1147,1
5,1148,1.216950359
5,1149,1.467653435
5,1150,2.198702094
5,1151,2.876285766
5,1152,1.06305627
5,1153,2.824394675
5,1154,1.898077134
5,1155,1.061482239
5,1156,1.061482239
5,1157,1.061482239
5,1158,1.061482239
5,1159,1.061482239
5,1160,1.061482239
5,1161,1.862780077
5,1162,2.42887929
5,1163,1.467653435
5,1164,1
5,1165,2.415652453
5,1166,3.858774939
5,1167,2.283025604
5,1168,1.708814921
5,1169,1.253108752
5,1170,1.898077134
5,1171,1.061482239
5,1172,1.061482239
5,1173,2.088214766
5,1174,1.061482239
5,1175,3.325606102
5,1176,3.173704
5,1177,4.225704914
5,1178,3.587437452
5,1179,3.478543372
5,1180,3.014532306
5,1181,1.06305627
5,1182,1.06305627
5,1183,1.06305627
5,1184,1.06305627
5,1185,1.06305627
5,1186,1.06305627
5,1187,1.06305627
5,1188,2.036323675
5,1189,1.862780077
5,1190,1.06305627
5,1191,1.06305627
5,1192,1.06305627
5,1193,1.85112727
5,1194,1.06305627
5,1195,1.85112727
5,1196,1.06305627
5,1197,4.318780637
5,1198,2.211928932
5,1199,2.026732527
5,1200,2.093405193
5,1201,2.664058758
5,1202,1.875987758
5,1203,1.875987758
5,1204,1.875987758
5,1205,1.875987758
5,1206,1.875987758
5,1207,1.875987758
5,1208,1.875987758
5,1209,1.875987758
5,1210,1.875987758
5,1211,1.875987758
5,1212,1
5,1213,1.405010854
5,1214,2.22986486
5,1215,1.017935929
5,1216,1.017935929
5,1217,1.017935929
5,1218,1.017935929
5,1219,1.017935929
5,1220,1.017935929
5,1221,1.017935929
5,1222,1.017935929
5,1223,2.22986486
5,1224,1.017935929
5,1225,2.044668456
5,1226,3.988394081
5,1227,4.322184191
5,1228,2.273484532
5,1229,0.9090911145
5,1230,2.107793208
5,1231,0.9075170835
5,1232,0.9075170835
5,1233,0.9075170835
5,1234,0.9075170835
5,1235,1.708814921
5,1236,1.405010854
5,1237,1.253108752
5,1238,1.216950359
5,1239,1
5,1240,1
5,1241,1.216950359
5,1242,1
5,1243,0.9090911145
5,1244,0.9090911145
5,1245,0.9090911145
5,1246,0.9090911145
5,1247,0.9090911145
5,1248,0.9090911145
5,1249,0.9090911145
5,1250,0.9090911145
5,1251,0.9090911145
5,1252,3.094287451
5,1253,1.744111979
5,1254,0.9075170835
5,1255,0.9075170835
5,1256,0.9075170835
5,1257,0.9075170835
5,1258,0.9075170835
5,1259,1.93424961
5,1260,3.256810229
5,1261,3.303759661
5,1262,3.554462738
5,1263,1.690834655
5,1264,1.690834655
5,1265,2.66410206
5,1266,2.597429393
5,1267,0.9090911145
5,1268,0.9090911145
5,1269,2.107793208
5,1270,0.9075170835
5,1271,0.9075170835
5,1272,0.9075170835
5,1273,0.9075170835
5,1274,2.69009958
5,1275,2.119446015
5,1276,1.708814921
5,1277,2.465037684
5,1278,1.216950359
5,1279,1.467653435
5,1280,1
5,1281,2.616939786
5,1282,1.253108752
5,1283,1
5,1284,1.405010854
5,1285,2.141724095
5,1286,1.517232684
5,1287,1.517232684
5,1288,1.517232684
5,1289,1.517232684
5,1290,1.517232684
5,1291,1.517232684
5,1292,1.517232684
5,1293,2.543965211
5,1294,2.717508808
5,1295,0.9090911145
5,1296,1.882358519
5,1297,1.744111979
5,1298,0.9075170835
5,1299,0.9075170835
5,1300,0.9075170835
5,1301,0.9075170835
5,1302,0.9075170835
5,1303,0.9075170835
5,1304,0.9075170835
5,1305,2.119446015
5,1306,0.9075170835
5,1307,0.9075170835
5,1308,0.9075170835
5,1309,0.9075170835
5,1310,1.708814921
5,1311,1.405010854
5,1312,1.253108752
5,1313,1
5,1314,1
5,1315,1.405010854
5,1316,1.253108752
5,1317,1
5,1318,1.216950359
5,1319,1
5,1320,1.216950359
5,1321,1.08057851
5,1322,1.917173405
5,1323,1.467653435
5,1324,1
5,1325,0.9090911145
5,1326,0.9090911145
5,1327,0.9090911145
5,1328,0.9090911145
5,1329,0.9090911145
5,1330,0.9090911145
5,1331,0.9090911145
5,1332,0.9090911145
5,1333,0.9090911145
5,1334,0.9090911145
5,1335,0.9090911145
5,1336,0.9090911145
5,1337,0.9090911145
5,1338,2.107793208
5,1339,0.9075170835
5,1340,1.708814921
5,1341,1.253108752
5,1342,1
5,1343,1
5,1344,1.216950359
5,1345,1.467653435
5,1346,1
5,1347,2.431743381
5,1348,1.253108752
5,1349,1.216950359
5,1350,2.494385962
5,1351,1
5,1352,1.405010854
5,1353,1.253108752
5,1354,1
5,1355,1
5,1356,1
5,1357,1.405010854
5,1358,1.253108752
5,1359,1.216950359
5,1360,1.467653435
5,1361,1
5,1362,2.431743381
5,1363,1.253108752
5,1364,1
5,1365,1.216950359
5,1366,1
5,1367,1.253108752
5,1368,1.216950359
5,1369,1
5,1370,1.405010854
5,1371,1.017935929
5,1372,1.017935929
5,1373,1.017935929
5,1374,1.017935929
5,1375,1.017935929
5,1376,1.017935929
5,1377,1.017935929
5,1378,1.017935929
5,1379,1.017935929
5,1380,1.017935929
5,1381,1.017935929
5,1382,1.017935929
5,1383,1.017935929
5,1384,1.017935929
5,1385,1.017935929
5,1386,1.017935929
5,1387,1.017935929
5,1388,1.017935929
5,1389,1.017935929
5,1390,1.017935929
5,1391,1.017935929
5,1392,1.017935929
5,1393,1.017935929
5,1394,1.017935929
5,1395,1.017935929
5,1396,1.017935929
5,1397,1.017935929
5,1398,1.017935929
5,1399,1.017935929
5,1400,1.017935929
5,1401,1.017935929
5,1402,1.017935929
5,1403,1.017935929
5,1404,1.017935929
5,1405,1.017935929
5,1406,1.017935929
5,1407,1.017935929
5,1408,1.017935929
5,1409,1.017935929
5,1410,1.017935929
5,1411,1.017935929
5,1412,1.017935929
5,1413,1.854530824
5,1414,1.253108752
5,1415,1
5,1416,1
5,1417,1.253108752
5,1418,1.216950359
5,1419,1
5,1420,1.405010854
5,1421,1.253108752
5,1422,1
5,1423,1.405010854
5,1424,1.253108752
5,1425,1.216950359
5,1426,1
5,1427,0.9090911145
5,1428,0.9090911145
5,1429,0.9090911145
5,1430,0.9090911145
5,1431,0.9090911145
5,1432,0.9090911145
5,1433,0.9090911145
5,1434,0.9090911145
5,1435,0.9090911145
5,1436,0.9090911145
5,1437,0.9090911145
5,1438,0.9090911145
5,1439,0.9090911145
5,1440,0.9090911145
5,1441,0.9090911145
5,1442,3.159794122
5,1443,0.9090911145
5,1444,0.9090911145
5,1445,0.9090911145
5,1446,0.9090911145
5,1447,0.9090911145
5,1448,0.9090911145
5,1449,0.9090911145
5,1450,0.9090911145
5,1451,0.9090911145
5,1452,0.9090911145
5,1453,0.9090911145
5,1454,0.9090911145
5,1455,0.9090911145
5,1456,0.9090911145
5,1457,0.9090911145
5,1458,0.9090911145
5,1459,0.9090911145
5,1460,0.9090911145
5,1461,0.9090911145
5,1462,0.9090911145
5,1463,0.9090911145
5,1464,0.9090911145
5,1465,0.9090911145
5,1466,0.9090911145
5,1467,0.9090911145
5,1468,3.893204828
5,1469,2.565606706
5,1470,1.40220167
5,1471,1.40220167
5,1472,1.40220167
5,1473,1.40220167
5,1474,1.40220167
5,1475,1.40220167
5,1476,1.40220167
5,1477,1.40220167
5,1478,1.40220167
5,1479,1.40220167
5,1480,1.40220167
5,1481,1.40220167
5,1482,1.40220167
5,1483,1.40220167
5,1484,1.40220167
5,1485,1.40220167
5,1486,1.40220167
5,1487,1.40220167
5,1488,1.40220167
5,1489,1.40220167
5,1490,1.40220167
5,1491,1.40220167
5,1492,1.40220167
5,1493,1.40220167
5,1494,1.40220167
5,1495,1.40220167
5,1496,1.40220167
5,1497,1.40220167
5,1498,1.40220167
5,1499,1.40220167
5,1500,1.40220167
5,1501,1.40220167
5,1502,1.40220167
5,1503,1.40220167
5,1504,1.40220167
5,1505,1.40220167
5,1506,1.40220167
5,1507,1.40220167
5,1508,1.40220167
5,1509,1.40220167
5,1510,1.40220167
5,1511,1.40220167
5,1512,1.40220167
5,1513,1.40220167
5,1514,1.40220167
5,1515,1.40220167
5,1516,1.40220167
5,1517,1.40220167
5,1518,1.40220167
5,1519,2.026693081
5,1520,1.40220167
5,1521,1.40220167
5,1522,1.40220167
5,1523,1.40220167
5,1524,2.026693081
5,1525,1.40220167
5,1526,1.40220167
5,1527,1.40220167
5,1528,1.40220167
5,1529,1.40220167
5,1530,2.026693081
5,1531,1.40220167
5,1532,1.40220167
5,1533,1.40220167
5,1534,1.40220167
5,1535,1.40220167
5,1536,1.40220167
5,1537,1.40220167
5,1538,1.40220167
5,1539,1.40220167
5,1540,1.40220167
5,1541,2.026693081
5,1542,1.40220167
5,1543,1.40220167
5,1544,1.40220167
5,1545,1.40220167
5,1546,1.40220167
5,1547,1.40220167
5,1548,1.40220167
5,1549,1.40220167
5,1550,1.40220167
5,1551,2.026693081
5,1552,1.40220167
5,1553,1.40220167
5,1554,1.40220167
5,1555,1.40220167
5,1556,1.40220167
5,1557,1.40220167
5,1558,1.40220167
5,1559,1.40220167
5,1560,1.40220167
5,1561,1.40220167
5,1562,1.40220167
5,1563,1.40220167
5,1564,1.40220167
5,1565,1.40220167
5,1566,1.40220167
5,1567,1.40220167
5,1568,1.40220167
5,1569,1.40220167
5,1570,1.40220167
5,1571,1.40220167
5,1572,1.40220167
5,1573,1.40220167
5,1574,1.40220167
5,1575,1.40220167
5,1576,1.40220167
5,1577,2.026693081
5,1578,1.40220167
5,1579,1.40220167
5,1580,1.40220167
5,1581,1.40220167
5,1582,1.40220167
5,1583,1.40220167
5,1584,1.40220167
5,1585,1.40220167
5,1586,1.40220167
5,1587,1.40220167
5,1588,1.40220167
5,1589,1.40220167
5,1590,1.40220167
5,1591,1.40220167
5,1592,1.40220167
5,1593,1.40220167
5,1594,1.40220167
5,1595,1.40220167
5,1596,1.40220167
5,1597,1.40220167
5,1598,1.40220167
5,1599,1.40220167
5,1600,1.40220167
5,1601,1.40220167
5,1602,1.40220167
5,1603,1.40220167
5,1604,1.40220167
5,1605,1.40220167
5,1606,1.40220167
5,1607,1.40220167
5,1608,1.40220167
5,1609,1.40220167
5,1610,1.40220167
5,1611,1.40220167
5,1612,1.40220167
5,1613,1.40220167
5,1614,1.40220167
5,1615,1.40220167
5,1616,1.40220167
5,1617,1.40220167
5,1618,1.40220167
5,1619,1.40220167
5,1620,1.40220167
5,1621,1.40220167
5,1622,1.40220167
5,1623,1.40220167
5,1624,1.40220167
5,1625,1.40220167
5,1626,1.40220167
5,1627,1.40220167
5,1628,1.40220167
5,1629,1.40220167
5,1630,1.40220167
5,1631,1.40220167
5,1632,1.40220167
5,1633,1.40220167
5,1634,1.40220167
5,1635,1.40220167
5,1636,2.026693081
5,1637,1.40220167
5,1638,1.40220167
5,1639,1.40220167
5,1640,1.40220167
5,1641,1.40220167
5,1642,1.40220167
5,1643,1.40220167
5,1644,1.40220167
5,1645,1.40220167
5,1646,1.40220167
5,1647,1.40220167
5,1648,1.40220167
5,1649,1.40220167
5,1650,1.40220167
5,1651,1.40220167
5,1652,1.40220167
5,1653,1.40220167
5,1654,1.40220167
5,1655,1.40220167
5,1656,1.40220167
5,1657,1.40220167
5,1658,1.40220167
5,1659,1.40220167
5,1660,1.40220167
5,1661,1.40220167
5,1662,1.40220167
5,1663,1.40220167
5,1664,1.40220167
5,1665,1.40220167
5,1666,1.40220167
5,1667,1.40220167
5,1668,1.40220167
5,1669,1.40220167
5,1670,1.40220167
5,1671,1.40220167
5,1672,1.40220167
5,1673,1.40220167
5,1674,1.40220167
5,1675,1.40220167
5,1676,1.40220167
5,1677,2.026693081
5,1678,1.40220167
5,1679,1.40220167
5,1680,1.40220167
5,1681,1.40220167
5,1682,2.026693081
5,1683,1.40220167
5,1684,1.40220167
5,1685,1.40220167
5,1686,1.40220167
5,1687,1.40220167
5,1688,1.40220167
5,1689,1.40220167
5,1690,1.40220167
5,1691,1.40220167
5,1692,1.40220167
5,1693,1.40220167
5,1694,1.40220167
5,1695,1.40220167
5,1696,1.40220167
5,1697,1.40220167
5,1698,1.40220167
5,1699,1.40220167
5,1700,1.40220167
5,1701,1.40220167
5,1702,1.40220167
5,1703,1.40220167
5,1704,1.40220167
5,1705,1.40220167
5,1706,1.40220167
5,1707,1.40220167
5,1708,1.40220167
5,1709,1.40220167
5,1710,1.40220167
5,1711,1.40220167
5,1712,1.40220167
5,1713,1.40220167
5,1714,1.40220167
5,1715,1.40220167
5,1716,1.40220167
5,1717,1.40220167
5,1718,1.40220167
5,1719,1.40220167
5,1720,1.40220167
5,1721,1.40220167
5,1722,1.40220167
5,1723,1.40220167
5,1724,1.40220167
5,1725,1.40220167
5,1726,1.40220167
5,1727,1.40220167
5,1728,1.40220167
5,1729,1.40220167
5,1730,1.40220167
5,1731,1.40220167
5,1732,1.40220167
5,1733,1.40220167
5,1734,1.40220167
5,1735,1.40220167
5,1736,1.40220167
5,1737,1.40220167
5,1738,1.40220167
5,1739,1.40220167
5,1740,1.40220167
5,1741,1.40220167
5,1742,1.40220167
5,1743,1.40220167
5,1744,1.40220167
5,1745,1.40220167
5,1746,1.40220167
5,1747,1.40220167
5,1748,1.40220167
5,1749,1.40220167
5,1750,1.40220167
5,1751,1.40220167
5,1752,1.40220167
5,1753,1.40220167
5,1754,1.40220167
5,1755,1.40220167
5,1756,1.40220167
5,1757,1.40220167
5,1758,1.40220167
5,1759,1.40220167
5,1760,1.40220167
5,1761,1.40220167
5,1762,1.40220167
5,1763,1.40220167
5,1764,1.40220167
5,1765,1.40220167
5,1766,1.40220167
5,1767,1.40220167
5,1768,1.40220167
5,1769,1.40220167
5,1770,1.40220167
5,1771,1.40220167
5,1772,1.40220167
5,1773,1.40220167
5,1774,1.40220167
5,1775,1.40220167
5,1776,1.40220167
5,1777,1.40220167
5,1778,1.40220167
5,1779,1.40220167
5,1780,1.40220167
5,1781,1.40220167
5,1782,1.40220167
5,1783,1.40220167
5,1784,1.40220167
5,1785,1.40220167
5,1786,1.40220167
5,1787,1.40220167
5,1788,1.40220167
5,1789,1.40220167
5,1790,1.40220167
5,1791,1.40220167
5,1792,1.40220167
5,1793,1.40220167
5,1794,1.40220167
5,1795,1.40220167
5,1796,1.40220167
5,1797,1.40220167
5,1798,1.40220167
5,1799,1.40220167
5,1800,1.40220167
5,1801,1.40220167
5,1802,1.40220167
5,1803,1.40220167
5,1804,1.40220167
5,1805,1.40220167
5,1806,1.40220167
5,1807,1.40220167
5,1808,1.40220167
5,1809,1.40220167
5,1810,1.40220167
5,1811,1.40220167
5,1812,1.40220167
5,1813,1.40220167
5,1814,1.40220167
5,1815,1.40220167
5,1816,1.40220167
5,1817,1.40220167
5,1818,1.40220167
5,1819,1.40220167
5,1820,1.40220167
5,1821,1.40220167
5,1822,1.40220167
5,1823,1.40220167
5,1824,1.40220167
5,1825,1.40220167
5,1826,1.40220167
5,1827,1.40220167
5,1828,1.40220167
5,1829,1.40220167
5,1830,1.40220167
5,1831,1.40220167
5,1832,1.40220167
5,1833,1.40220167
5,1834,1.40220167
5,1835,1.40220167
5,1836,1.40220167
5,1837,1.40220167
5,1838,1.40220167
5,1839,1.40220167
5,1840,1.40220167
5,1841,1.40220167
5,1842,1.40220167
5,1843,1.40220167
5,1844,1.40220167
5,1845,1.40220167
5,1846,1.40220167
5,1847,1.40220167
5,1848,1.40220167
5,1849,1.40220167
5,1850,1.40220167
5,1851,1.40220167
5,1852,1.40220167
5,1853,1.40220167
5,1854,1.40220167
5,1855,1.40220167
5,1856,1.40220167
5,1857,1.40220167
5,1858,1.40220167
5,1859,1.40220167
5,1860,1.40220167
5,1861,1.40220167
5,1862,1.40220167
5,1863,1.40220167
5,1864,1.40220167
5,1865,1.40220167
5,1866,1.40220167
5,1867,1.40220167
5,1868,1.40220167
5,1869,1.40220167
5,1870,1.40220167
5,1871,1.40220167
5,1872,1.40220167
5,1873,1.40220167
5,1874,1.40220167
5,1875,1.40220167
5,1876,1.40220167
5,1877,1.40220167
5,1878,1.40220167
5,1879,1.40220167
5,1880,1.40220167
5,1881,1.40220167
5,1882,1.40220167
5,1883,1.40220167
5,1884,1.40220167
5,1885,1.40220167
5,1886,1.40220167
5,1887,1.40220167
5,1888,1.40220167
5,1889,1.40220167
5,1890,1.40220167
5,1891,1.40220167
5,1892,1.40220167
5,1893,1.40220167
5,1894,1.40220167
5,1895,1.40220167
5,1896,1.40220167
5,1897,1.40220167
5,1898,1.40220167
5,1899,1.40220167
5,1900,1.40220167
5,1901,1.40220167
5,1902,1.40220167
5,1903,1.40220167
5,1904,1.40220167
5,1905,1.40220167
5,1906,1.40220167
5,1907,1.40220167
5,1908,1.40220167
5,1909,1.40220167
5,1910,1.40220167
5,1911,1.40220167
5,1912,1.40220167
5,1913,1.40220167
5,1914,1.40220167
5,1915,1.40220167
5,1916,1.40220167
5,1917,1.40220167
5,1918,1.40220167
5,1919,1.40220167
5,1920,1.40220167
5,1921,1.40220167
5,1922,1.40220167
5,1923,1.40220167
5,1924,1.40220167
5,1925,1.40220167
5,1926,1.40220167
5,1927,1.40220167
5,1928,1.40220167
5,1929,1.40220167
5,1930,1.40220167
5,1931,1.40220167
5,1932,1.40220167
5,1933,1.40220167
5,1934,1.40220167
5,1935,1.40220167
5,1936,1.40220167
5,1937,1.40220167
5,1938,1.40220167
5,1939,1.40220167
5,1940,1.40220167
5,1941,1.40220167
5,1942,1.40220167
5,1943,1.40220167
5,1944,1.40220167
5,1945,1.40220167
5,1946,1.40220167
5,1947,1.40220167
5,1948,1.40220167
5,1949,1.40220167
5,1950,1.40220167
5,1951,1.40220167
5,1952,1.40220167
5,1953,1.40220167
5,1954,1.40220167
5,1955,1.40220167
5,1956,1.40220167
5,1957,1.40220167
5,1958,1.40220167
5,1959,1.40220167
5,1960,1.40220167
5,1961,1.40220167
5,1962,1.40220167
5,1963,1.40220167
5,1964,1.40220167
5,1965,1.40220167
5,1966,1.40220167
5,1967,1.40220167
5,1968,1.40220167
5,1969,1.40220167
5,1970,1.40220167
5,1971,1.40220167
5,1972,1.40220167
5,1973,1.40220167
5,1974,1.40220167
5,1975,1.40220167
5,1976,1.40220167
5,1977,1.40220167
5,1978,1.40220167
5,1979,1.40220167
5,1980,1.40220167
5,1981,1.40220167
5,1982,1.40220167
5,1983,1.40220167
5,1984,1.40220167
5,1985,1.40220167
5,1986,1.40220167
5,1987,1.40220167
5,1988,1.40220167
5,1989,1.40220167
5,1990,1.40220167
5,1991,1.40220167
5,1992,1.40220167
5,1993,1.40220167
5,1994,1.40220167
5,1995,1.40220167
5,1996,1.40220167
5,1997,1.40220167
5,1998,1.40220167
5,1999,1.40220167
5,2000,1.40220167
5,2001,1.40220167
5,2002,1.40220167
5,2003,1.40220167
5,2004,1.40220167
5,2005,1.40220167
5,2006,1.40220167
5,2007,1.40220167
5,2008,1.40220167
5,2009,1.40220167
5,2010,1.40220167
5,2011,1.40220167
5,2012,1.40220167
5,2013,1.40220167
5,2014,1.40220167
5,2015,1.40220167
5,2016,1.40220167
5,2017,1.40220167
5,2018,1.40220167
5,2019,1.40220167
5,2020,1.40220167
5,2021,1.40220167
5,2022,1.40220167
5,2023,1.40220167
5,2024,1.40220167
5,2025,1.40220167
5,2026,1.40220167
5,2027,1.40220167
5,2028,1.40220167
5,2029,1.40220167
5,2030,1.40220167
5,2031,1.40220167
5,2032,1.40220167
5,2033,1.40220167
5,2034,1.40220167
5,2035,1.40220167
5,2036,1.40220167
5,2037,1.40220167
5,2038,1.40220167
5,2039,1.40220167
5,2040,1.40220167
5,2041,1.40220167
5,2042,1.40220167
5,2043,1.40220167
5,2044,1.40220167
5,2045,1.40220167
5,2046,1.40220167
5,2047,1.40220167
5,2048,1.40220167
5,2049,1.40220167
5,2050,1.40220167
5,2051,1.40220167
5,2052,1.40220167
5,2053,1.40220167
5,2054,1.40220167
5,2055,1.40220167
5,2056,1.40220167
5,2057,1.40220167
5,2058,1.40220167
5,2059,1.40220167
5,2060,1.40220167
5,2061,1.40220167
5,2062,1.40220167
5,2063,1.40220167
5,2064,1.40220167
5,2065,1.40220167
5,2066,1.40220167
5,2067,1.40220167
5,2068,1.40220167
5,2069,1.40220167
5,2070,1.40220167
5,2071,1.40220167
5,2072,1.40220167
5,2073,1.40220167
5,2074,1.40220167
5,2075,1.40220167
5,2076,1.40220167
5,2077,1.40220167
5,2078,1.40220167
5,2079,1.40220167
5,2080,1.40220167
5,2081,1.40220167
5,2082,1.40220167
5,2083,1.40220167
5,2084,1.40220167
5,2085,1.40220167
5,2086,1.40220167
5,2087,1.40220167
5,2088,1.40220167
5,2089,1.40220167
5,2090,1.40220167
5,2091,1.40220167
5,2092,1.40220167
5,2093,1.40220167
5,2094,1.40220167
5,2095,1.40220167
5,2096,1.40220167
5,2097,1.40220167
5,2098,1.40220167
5,2099,1.40220167
5,2100,1.40220167
5,2101,1.40220167
5,2102,1.40220167
5,2103,1.40220167
5,2104,1.40220167
5,2105,1.40220167
5,2106,1.40220167
5,2107,1.40220167
5,2108,1.40220167
5,2109,1.40220167
5,2110,1.40220167
5,2111,1.40220167
5,2112,1.40220167
5,2113,1.40220167
5,2114,1.40220167
5,2115,1.40220167
5,2116,1.40220167
5,2117,1.40220167
5,2118,1.40220167
5,2119,1.40220167
5,2120,1.40220167
5,2121,1.40220167
5,2122,1.40220167
5,2123,1.40220167
5,2124,1.40220167
5,2125,1.40220167
5,2126,1.40220167
5,2127,1.40220167
5,2128,1.40220167
5,2129,1.40220167
5,2130,1.40220167
5,2131,1.40220167
5,2132,1.40220167
5,2133,1.40220167
5,2134,1.40220167
5,2135,1.40220167
5,2136,1.40220167
5,2137,1.40220167
5,2138,1.40220167
5,2139,1.40220167
5,2140,1.40220167
5,2141,1.40220167
5,2142,1.40220167
5,2143,1.40220167
5,2144,1.40220167
5,2145,1.40220167
5,2146,1.40220167
5,2147,1.40220167
5,2148,1.40220167
5,2149,1.40220167
5,2150,1.40220167
5,2151,1.40220167
5,2152,1.40220167
5,2153,1.40220167
5,2154,1.40220167
5,2155,1.40220167
5,2156,1.40220167
5,2157,1.40220167
5,2158,1.40220167
5,2159,1.40220167
5,2160,1.40220167
5,2161,1.40220167
5,2162,1.40220167
5,2163,1.40220167
5,2164,1.40220167
5,2165,1.40220167
5,2166,1.40220167
5,2167,1.40220167
5,2168,1.40220167
5,2169,1.40220167
5,2170,1.40220167
5,2171,1.40220167
5,2172,1.40220167
5,2173,1.40220167
5,2174,1.40220167
5,2175,1.40220167
5,2176,1.40220167
5,2177,1.40220167
5,2178,1.40220167
5,2179,1.40220167
5,2180,1.40220167
5,2181,1.40220167
5,2182,1.40220167
5,2183,1.40220167
5,2184,1.40220167
5,2185,1.40220167
5,2186,1.40220167
5,2187,1.40220167
5,2188,1.40220167
5,2189,1.40220167
5,2190,1.40220167
5,2191,1.40220167
5,2192,1.40220167
5,2193,1.40220167
5,2194,1.40220167
5,2195,1.40220167
5,2196,1.40220167
5,2197,1.40220167
5,2198,1.40220167
5,2199,1.40220167
5,2200,1.40220167
5,2201,1.40220167
5,2202,1.40220167
5,2203,1.40220167
5,2204,1.40220167
5,2205,1.40220167
5,2206,1.40220167
5,2207,1.40220167
5,2208,1.40220167
5,2209,1.40220167
5,2210,1.40220167
5,2211,1.40220167
5,2212,1.40220167
5,2213,1.40220167
5,2214,1.40220167
5,2215,1.40220167
5,2216,1.40220167
5,2217,1.40220167
5,2218,1.40220167
5,2219,1.40220167
5,2220,1.40220167
5,2221,1.40220167
5,2222,1.40220167
5,2223,1.40220167
5,2224,1.40220167
5,2225,1.40220167
5,2226,1.40220167
5,2227,1.40220167
5,2228,1.40220167
5,2229,1.40220167
5,2230,1.40220167
5,2231,1.40220167
5,2232,1.40220167
5,2233,1.40220167
5,2234,1.40220167
5,2235,1.40220167
5,2236,1.40220167
5,2237,1.40220167
5,2238,1.40220167
5,2239,1.40220167
5,2240,1.40220167
5,2241,1.40220167
5,2242,1.40220167
5,2243,1.40220167
5,2244,1.40220167
5,2245,1.40220167
5,2246,1.40220167
5,2247,1.40220167
5,2248,1.40220167
5,2249,1.40220167
5,2250,1.40220167
5,2251,1.40220167
5,2252,1.40220167
5,2253,1.40220167
5,2254,1.40220167
5,2255,1.40220167
5,2256,1.40220167
5,2257,1.40220167
5,2258,1.40220167
5,2259,1.40220167
5,2260,1.40220167
5,2261,1.40220167
5,2262,1.40220167
5,2263,1.40220167
5,2264,1.40220167
5,2265,1.40220167
5,2266,1.40220167
5,2267,1.40220167
5,2268,1.40220167
5,2269,1.40220167
5,2270,1.40220167
5,2271,1.40220167
5,2272,1.40220167
5,2273,1.40220167
5,2274,1.40220167
5,2275,1.40220167
5,2276,1.40220167
5,2277,1.40220167
5,2278,1.40220167
5,2279,1.40220167
5,2280,1.40220167
5,2281,1.40220167
5,2282,1.40220167
5,2283,1.40220167
5,2284,1.40220167
5,2285,1.40220167
5,2286,1.40220167
5,2287,1.40220167
5,2288,1.40220167
5,2289,1.40220167
5,2290,1.40220167
5,2291,1.40220167
5,2292,1.40220167
5,2293,1.40220167
5,2294,1.40220167
5,2295,1.40220167
5,2296,1.40220167
5,2297,1.40220167
5,2298,1.40220167
5,2299,1.40220167
5,2300,1.40220167
5,2301,1.40220167
5,2302,1.40220167
5,2303,1.40220167
5,2304,1.40220167
5,2305,1.40220167
5,2306,1.40220167
5,2307,1.40220167
5,2308,1.40220167
5,2309,1.40220167
5,2310,1.40220167
5,2311,1.40220167
5,2312,1.40220167
5,2313,1.40220167
5,2314,1.40220167
5,2315,1.40220167
5,2316,1.40220167
5,2317,1.40220167
5,2318,1.40220167
5,2319,1.40220167
5,2320,1.40220167
5,2321,1.40220167
5,2322,1.40220167
5,2323,1.40220167
5,2324,1.40220167
5,2325,1.40220167
5,2326,1.40220167
5,2327,1.40220167
5,2328,1.40220167
5,2329,1.40220167
5,2330,1.40220167
5,2331,1.40220167
5,2332,1.40220167
5,2333,1.40220167
5,2334,1.40220167
5,2335,1.40220167
5,2336,1.40220167
5,2337,1.40220167
5,2338,1.40220167
5,2339,1.40220167
5,2340,1.40220167
5,2341,1.40220167
5,2342,1.40220167
5,2343,1.40220167
5,2344,1.40220167
5,2345,1.40220167
5,2346,1.40220167
5,2347,1.40220167
5,2348,1.40220167
5,2349,1.40220167
5,2350,1.40220167
5,2351,1.40220167
5,2352,1.40220167
5,2353,1.40220167
5,2354,1.40220167
5,2355,1.40220167
5,2356,1.40220167
5,2357,1.40220167
5,2358,1.40220167
5,2359,1.40220167
5,2360,1.40220167
5,2361,1.40220167
5,2362,1.40220167
5,2363,1.40220167
5,2364,1.40220167
5,2365,1.40220167
5,2366,1.40220167
5,2367,1.40220167
5,2368,1.40220167
5,2369,1.40220167
5,2370,1.40220167
5,2371,1.40220167
5,2372,1.40220167
5,2373,1.40220167
5,2374,1.40220167
5,2375,1.40220167
5,2376,1.40220167
5,2377,1.40220167
5,2378,1.40220167
5,2379,1.40220167
5,2380,1.40220167
5,2381,1.40220167
5,2382,1.40220167
5,2383,1.40220167
5,2384,1.40220167
5,2385,1.40220167
5,2386,1.40220167
5,2387,1.40220167
5,2388,1.40220167
5,2389,1.40220167
5,2390,1.40220167
5,2391,1.40220167
5,2392,1.40220167
5,2393,1.40220167
5,2394,1.40220167
5,2395,1.40220167
5,2396,1.40220167
5,2397,1.40220167
5,2398,1.40220167
5,2399,1.40220167
5,2400,1.40220167
5,2401,1.40220167
5,2402,1.40220167
5,2403,1.40220167
5,2404,1.40220167
5,2405,1.40220167
5,2406,1.40220167
5,2407,1.40220167
5,2408,1.40220167
5,2409,1.40220167
5,2410,1.40220167
5,2411,1.40220167
5,2412,1.40220167
5,2413,1.40220167
5,2414,1.40220167
5,2415,1.40220167
5,2416,1.40220167
5,2417,1.40220167
5,2418,1.40220167
5,2419,1.40220167
5,2420,1.40220167
5,2421,1.40220167
5,2422,1.40220167
5,2423,1.40220167
5,2424,1.40220167
5,2425,1.40220167
5,2426,1.40220167
5,2427,1.40220167
5,2428,1.40220167
5,2429,1.40220167
5,2430,1.40220167
5,2431,1.40220167
5,2432,1.40220167
5,2433,1.40220167
5,2434,1.40220167
5,2435,1.40220167
5,2436,1.40220167
5,2437,1.40220167
5,2438,1.40220167
5,2439,1.40220167
5,2440,1.40220167
5,2441,1.40220167
5,2442,1.40220167
5,2443,1.40220167
5,2444,1.40220167
5,2445,1.40220167
5,2446,1.40220167
5,2447,1.40220167
5,2448,1.40220167
5,2449,1.40220167
5,2450,1.40220167
5,2451,1.40220167
5,2452,1.40220167
5,2453,1.40220167
5,2454,1.40220167
5,2455,1.40220167
5,2456,1.40220167
5,2457,1.40220167
5,2458,1.40220167
5,2459,1.40220167
5,2460,1.40220167
5,2461,1.40220167
5,2462,1.40220167
5,2463,1.40220167
5,2464,1.40220167
5,2465,1.40220167
5,2466,1.40220167
5,2467,1.40220167
5,2468,1.40220167
5,2469,1.40220167
5,2470,1.40220167
5,2471,1.40220167
5,2472,1.40220167
5,2473,1.40220167
5,2474,1.40220167
5,2475,1.40220167
5,2476,1.40220167
5,2477,1.40220167
5,2478,1.40220167
5,2479,1.40220167
5,2480,1.40220167
5,2481,1.40220167
5,2482,1.40220167
5,2483,1.40220167
5,2484,1.40220167
5,2485,1.40220167
5,2486,1.40220167
5,2487,1.40220167
5,2488,1.40220167
5,2489,1.40220167
5,2490,1.40220167
5,2491,1.40220167
5,2492,1.40220167
5,2493,1.40220167
5,2494,1.40220167
5,2495,1.40220167
5,2496,1.40220167
5,2497,1.40220167
5,2498,1.40220167
5,2499,1.40220167
5,2500,1.40220167
5,2501,1.40220167
5,2502,1.40220167
5,2503,1.40220167
5,2504,1.40220167
5,2505,1.40220167
5,2506,1.40220167
5,2507,1.40220167
5,2508,1.40220167
5,2509,1.40220167
5,2510,1.40220167
5,2511,1.40220167
5,2512,1.40220167
5,2513,1.40220167
5,2514,1.40220167
5,2515,1.40220167
5,2516,1.40220167
5,2517,1.40220167
5,2518,1.40220167
5,2519,1.40220167
5,2520,1.40220167
5,2521,1.40220167
5,2522,1.40220167
5,2523,1.40220167
5,2524,1.40220167
5,2525,1.40220167
5,2526,1.40220167
5,2527,1.40220167
5,2528,1.40220167
5,2529,1.40220167
5,2530,1.40220167
5,2531,1.40220167
5,2532,1.40220167
5,2533,1.40220167
5,2534,1.40220167
5,2535,1.40220167
5,2536,1.40220167
5,2537,1.40220167
5,2538,1.40220167
5,2539,1.40220167
5,2540,1.40220167
5,2541,1.40220167
5,2542,1.40220167
5,2543,1.40220167
5,2544,1.40220167
5,2545,1.40220167
5,2546,1.40220167
5,2547,1.40220167
5,2548,1.40220167
5,2549,1.40220167
5,2550,1.40220167
5,2551,1.40220167
5,2552,1.40220167
5,2553,1.40220167
5,2554,1.40220167
5,2555,1.40220167
5,2556,1.40220167
5,2557,1.40220167
5,2558,1.40220167
5,2559,1.40220167
5,2560,1.40220167
5,2561,1.40220167
5,2562,1.40220167
5,2563,1.40220167
5,2564,1.40220167
5,2565,1.40220167
5,2566,1.40220167
5,2567,1.40220167
5,2568,1.40220167
5,2569,1.40220167
5,2570,1.40220167
5,2571,1.40220167
5,2572,1.40220167
5,2573,1.40220167
5,2574,1.40220167
5,2575,1.40220167
5,2576,1.40220167
5,2577,1.40220167
5,2578,1.40220167
5,2579,1.40220167
5,2580,1.40220167
5,2581,1.40220167
5,2582,1.40220167
5,2583,1.40220167
5,2584,1.40220167
5,2585,1.40220167
5,2586,1.40220167
5,2587,1.40220167
5,2588,1.40220167
5,2589,1.40220167
5,2590,1.40220167
5,2591,1.40220167
5,2592,1.40220167
5,2593,1.40220167
5,2594,1.40220167
5,2595,1.40220167
5,2596,1.40220167
5,2597,1.40220167
5,2598,1.40220167
5,2599,1.40220167
5,2600,1.40220167
5,2601,1.40220167
5,2602,1.40220167
5,2603,1.40220167
5,2604,1.40220167
5,2605,1.40220167
5,2606,1.40220167
5,2607,1.40220167
5,2608,1.40220167
5,2609,1.40220167
5,2610,1.40220167
5,2611,1.40220167
5,2612,1.40220167
5,2613,1.40220167
5,2614,1.40220167
5,2615,1.40220167
5,2616,1.40220167
5,2617,1.40220167
5,2618,1.40220167
5,2619,1.40220167
5,2620,1.40220167
5,2621,1.40220167
5,2622,1.40220167
5,2623,1.40220167
5,2624,1.40220167
5,2625,1.40220167
5,2626,1.40220167
5,2627,1.40220167
5,2628,1.40220167
5,2629,1.40220167
5,2630,1.40220167
5,2631,1.40220167
5,2632,1.40220167
5,2633,1.40220167
5,2634,1.40220167
5,2635,1.40220167
5,2636,1.40220167
5,2637,1.40220167
5,2638,1.40220167
5,2639,1.40220167
5,2640,1.40220167
5,2641,1.40220167
5,2642,1.40220167
5,2643,1.40220167
5,2644,1.40220167
5,2645,1.40220167
5,2646,1.40220167
5,2647,1.40220167
5,2648,1.40220167
5,2649,1.40220167
5,2650,1.40220167
5,2651,1.40220167
5,2652,1.40220167
5,2653,1.40220167
5,2654,1.40220167
5,2655,1.40220167
5,2656,1.40220167
5,2657,1.40220167
5,2658,1.40220167
5,2659,1.40220167
5,2660,1.40220167
5,2661,1.40220167
5,2662,1.40220167
5,2663,1.40220167
5,2664,1.40220167
5,2665,1.40220167
5,2666,1.40220167
5,2667,1.40220167
5,2668,1.40220167
5,2669,1.40220167
5,2670,1.40220167
5,2671,1.40220167
5,2672,1.40220167
5,2673,1.40220167
5,2674,1.40220167
5,2675,1.40220167
5,2676,1.40220167
5,2677,1.40220167
5,2678,1.40220167
5,2679,1.40220167
5,2680,1.40220167
5,2681,1.40220167
5,2682,1.40220167
5,2683,1.40220167
5,2684,1.40220167
5,2685,1.40220167
5,2686,1.40220167
5,2687,1.40220167
5,2688,1.40220167
5,2689,1.40220167
5,2690,1.40220167
5,2691,1.40220167
5,2692,1.40220167
5,2693,1.40220167
5,2694,1.40220167
5,2695,1.40220167
5,2696,1.40220167
5,2697,1.40220167
5,2698,1.40220167
5,2699,1.40220167
5,2700,1.40220167
5,2701,1.40220167
5,2702,1.40220167
5,2703,1.40220167
5,2704,1.40220167
5,2705,1.40220167
5,2706,1.40220167
5,2707,1.40220167
5,2708,1.40220167
5,2709,1.40220167
5,2710,1.40220167
5,2711,1.40220167
5,2712,1.40220167
5,2713,1.40220167
5,2714,1.40220167
5,2715,1.40220167
5,2716,1.40220167
5,2717,1.40220167
5,2718,1.40220167
5,2719,1.40220167
5,2720,1.40220167
5,2721,1.40220167
5,2722,1.40220167
5,2723,1.40220167
5,2724,1.40220167
5,2725,1.40220167
5,2726,1.40220167
5,2727,1.40220167
5,2728,1.40220167
5,2729,1.40220167
5,2730,1.40220167
5,2731,1.40220167
5,2732,1.40220167
5,2733,1.40220167
5,2734,1.40220167
5,2735,1.40220167
5,2736,1.40220167
5,2737,1.40220167
5,2738,1.40220167
5,2739,1.40220167
5,2740,1.40220167
5,2741,1.40220167
5,2742,1.40220167
5,2743,1.40220167
5,2744,1.40220167
5,2745,1.40220167
5,2746,1.40220167
5,2747,1.40220167
5,2748,1.40220167
5,2749,1.40220167
5,2750,1.40220167
5,2751,1.40220167
5,2752,1.40220167
5,2753,1.40220167
5,2754,1.40220167
5,2755,1.40220167
5,2756,1.40220167
5,2757,1.40220167
5,2758,1.40220167
5,2759,1.40220167
5,2760,1.40220167
5,2761,1.40220167
5,2762,1.40220167
5,2763,1.40220167
5,2764,1.40220167
5,2765,1.40220167
5,2766,1.40220167
5,2767,1.40220167
5,2768,1.40220167
5,2769,1.40220167
5,2770,1.40220167
5,2771,1.40220167
5,2772,1.40220167
5,2773,1.40220167
5,2774,1.40220167
5,2775,1.40220167
5,2776,1.40220167
5,2777,1.40220167
5,2778,1.40220167
5,2779,1.40220167
5,2780,1.40220167
5,2781,1.40220167
5,2782,1.40220167
5,2783,1.40220167
5,2784,1.40220167
5,2785,1.40220167
5,2786,1.40220167
5,2787,1.40220167
5,2788,1.40220167
5,2789,1.40220167
5,2790,1.40220167
5,2791,1.40220167
5,2792,1.40220167
5,2793,1.40220167
5,2794,1.40220167
5,2795,1.40220167
5,2796,1.40220167
5,2797,1.40220167
5,2798,1.40220167
5,2799,1.40220167
5,2800,1.40220167
5,2801,1.40220167
5,2802,1.40220167
5,2803,1.40220167
5,2804,1.40220167
5,2805,1.40220167
5,2806,1.40220167
5,2807,1.40220167
5,2808,1.40220167
5,2809,1.40220167
5,2810,1.40220167
5,2811,1.40220167
5,2812,1.40220167
5,2813,1.40220167
5,2814,1.40220167
5,2815,1.40220167
5,2816,1.40220167
5,2817,1.40220167
5,2818,1.40220167
5,2819,1.40220167
5,2820,1.40220167
5,2821,1.40220167
5,2822,1.40220167
5,2823,1.40220167
5,2824,1.40220167
5,2825,1.40220167
5,2826,1.40220167
5,2827,1.40220167
5,2828,1.40220167
5,2829,1.40220167
5,2830,1.40220167
5,2831,1.40220167
5,2832,1.40220167
5,2833,1.40220167
5,2834,1.40220167
5,2835,1.40220167
5,2836,1.40220167
5,2837,1.40220167
5,2838,1.40220167
5,2839,1.40220167
5,2840,1.40220167
5,2841,1.40220167
5,2842,1.40220167
5,2843,1.40220167
5,2844,1.40220167
5,2845,1.40220167
5,2846,1.40220167
5,2847,1.40220167
5,2848,1.40220167
5,2849,1.40220167
5,2850,1.40220167
5,2851,1.40220167
5,2852,1.40220167
5,2853,1.40220167
5,2854,1.40220167
5,2855,1.40220167
5,2856,1.40220167
5,2857,1.40220167
5,2858,1.40220167
5,2859,1.40220167
5,2860,1.40220167
5,2861,1.40220167
5,2862,1.40220167
5,2863,1.40220167
5,2864,1.40220167
5,2865,1.40220167
5,2866,1.40220167
5,2867,1.40220167
5,2868,1.40220167
5,2869,1.40220167
5,2870,1.40220167
5,2871,1.40220167
5,2872,1.40220167
5,2873,1.40220167
5,2874,1.40220167
5,2875,1.40220167
5,2876,1.40220167
5,2877,1.40220167
5,2878,1.40220167
5,2879,1.40220167
5,2880,1.40220167
5,2881,1.40220167
5,2882,1.40220167
5,2883,1.40220167
5,2884,1.40220167
5,2885,1.40220167
5,2886,1.40220167
5,2887,1.40220167
5,2888,1.40220167
5,2889,1.40220167
5,2890,1.40220167
5,2891,1.40220167
5,2892,1.40220167
5,2893,1.40220167
5,2894,1.40220167
5,2895,1.40220167
5,2896,1.40220167
5,2897,1.40220167
5,2898,1.40220167
5,2899,1.40220167
5,2900,1.40220167
5,2901,1.40220167
5,2902,1.40220167
5,2903,1.40220167
5,2904,1.40220167
5,2905,1.40220167
5,2906,1.40220167
5,2907,1.40220167
5,2908,1.40220167
5,2909,1.40220167
5,2910,1.40220167
5,2911,1.40220167
5,2912,1.40220167
5,2913,1.40220167
5,2914,1.40220167
5,2915,1.40220167
5,2916,1.40220167
5,2917,1.40220167
5,2918,1.40220167
5,2919,1.40220167
5,2920,1.40220167
5,2921,1.40220167
5,2922,1.40220167
5,2923,1.40220167
5,2924,1.40220167
5,2925,1.40220167
5,2926,1.40220167
5,2927,1.40220167
5,2928,1.40220167
5,2929,1.40220167
5,2930,1.40220167
5,2931,1.40220167
5,2932,1.40220167
5,2933,1.40220167
5,2934,1.40220167
5,2935,1.40220167
5,2936,1.40220167
5,2937,1.40220167
5,2938,1.40220167
5,2939,1.40220167
5,2940,1.40220167
5,2941,1.40220167
5,2942,1.40220167
5,2943,1.40220167
5,2944,1.40220167
5,2945,1.40220167
5,2946,1.40220167
5,2947,1.40220167
5,2948,1.40220167
5,2949,1.40220167
5,2950,1.40220167
5,2951,1.40220167
5,2952,1.40220167
5,2953,1.40220167
5,2954,1.40220167
5,2955,1.40220167
5,2956,1.40220167
5,2957,1.40220167
5,2958,1.40220167
5,2959,1.40220167
5,2960,1.40220167
5,2961,1.40220167
5,2962,1.40220167
5,2963,1.40220167
5,2964,1.40220167
5,2965,1.40220167
5,2966,1.40220167
5,2967,1.40220167
5,2968,1.40220167
5,2969,1.40220167
5,2970,1.40220167
5,2971,1.40220167
5,2972,1.40220167
5,2973,1.40220167
5,2974,1.40220167
5,2975,1.40220167
5,2976,1.40220167
5,2977,1.40220167
5,2978,1.40220167
5,2979,1.40220167
5,2980,1.40220167
5,2981,1.40220167
5,2982,1.40220167
5,2983,1.40220167
5,2984,1.40220167
5,2985,1.40220167
5,2986,1.40220167
5,2987,1.40220167
5,2988,1.40220167
5,2989,1.40220167
5,2990,1.40220167
5,2991,1.40220167
5,2992,1.40220167
5,2993,1.40220167
5,2994,1.40220167
5,2995,1.40220167
5,2996,1.40220167
5,2997,1.40220167
5,2998,1.40220167
5,2999,1.40220167
5,3000,1.40220167
5,3001,1.40220167
5,3002,1.40220167
5,3003,1.40220167
5,3004,1.40220167
5,3005,1.40220167
5,3006,1.40220167
5,3007,1.40220167
5,3008,1.40220167
5,3009,1.40220167
5,3010,1.40220167
5,3011,1.40220167
5,3012,1.40220167
5,3013,1.40220167
5,3014,1.40220167
5,3015,1.40220167
5,3016,1.40220167
5,3017,1.40220167
5,3018,1.40220167
5,3019,1.40220167
5,3020,1.40220167
5,3021,1.40220167
5,3022,1.40220167
5,3023,1.40220167
5,3024,1.40220167
5,3025,1.40220167
5,3026,1.40220167
5,3027,1.40220167
5,3028,1.40220167
5,3029,1.40220167
5,3030,1.40220167
5,3031,1.40220167
5,3032,1.40220167
5,3033,1.40220167
5,3034,1.40220167
5,3035,1.40220167
5,3036,1.40220167
5,3037,1.40220167
5,3038,1.40220167
5,3039,1.40220167
5,3040,1.40220167
5,3041,1.40220167
5,3042,1.40220167
5,3043,1.40220167
5,3044,1.40220167
5,3045,1.40220167
5,3046,1.40220167
5,3047,1.40220167
5,3048,1.40220167
5,3049,1.40220167
5,3050,1.40220167
5,3051,1.40220167
5,3052,1.40220167
5,3053,1.40220167
5,3054,1.40220167
5,3055,1.40220167
5,3056,1.40220167
5,3057,1.40220167
5,3058,1.40220167
5,3059,1.40220167
5,3060,1.40220167
5,3061,1.40220167
5,3062,1.40220167
5,3063,1.40220167
5,3064,1.40220167
5,3065,1.40220167
5,3066,1.40220167
5,3067,1.40220167
5,3068,1.40220167
5,3069,1.40220167
5,3070,1.40220167
5,3071,1.40220167
5,3072,1.40220167
5,3073,1.40220167
5,3074,1.40220167
5,3075,1.40220167
5,3076,1.40220167
5,3077,1.40220167
5,3078,1.40220167
5,3079,1.40220167
5,3080,1.40220167
5,3081,1.40220167
5,3082,1.40220167
5,3083,1.40220167
5,3084,1.40220167
5,3085,1.40220167
5,3086,1.40220167
5,3087,1.40220167
5,3088,1.40220167
5,3089,1.40220167
5,3090,1.40220167
5,3091,1.40220167
5,3092,1.40220167
5,3093,1.40220167
5,3094,1.40220167
5,3095,1.40220167
5,3096,1.40220167
5,3097,1.40220167
5,3098,1.40220167
5,3099,1.40220167
5,3100,1.40220167
5,3101,1.40220167
5,3102,1.40220167
5,3103,1.40220167
5,3104,1.40220167
5,3105,1.40220167
5,3106,1.40220167
5,3107,1.40220167
5,3108,1.40220167
5,3109,1.40220167
5,3110,1.40220167
5,3111,1.40220167
5,3112,1.40220167
5,3113,1.40220167
5,3114,1.40220167
5,3115,1.40220167
5,3116,1.40220167
5,3117,1.40220167
5,3118,1.40220167
5,3119,1.40220167
5,3120,1.40220167
5,3121,1.40220167
5,3122,1.40220167
5,3123,1.40220167
5,3124,1.40220167
5,3125,1.40220167
5,3126,1.40220167
5,3127,1.40220167
5,3128,1.40220167
5,3129,1.40220167
5,3130,1.40220167
5,3131,1.40220167
5,3132,1.40220167
5,3133,1.40220167
5,3134,1.40220167
5,3135,1.40220167
5,3136,1.40220167
5,3137,1.40220167
5,3138,1.40220167
5,3139,1.40220167
5,3140,1.40220167
5,3141,1.40220167
5,3142,1.40220167
5,3143,1.40220167
5,3144,1.40220167
5,3145,1.40220167
5,3146,1.40220167
5,3147,1.40220167
5,3148,1.40220167
5,3149,1.40220167
5,3150,1.40220167
5,3151,1.40220167
5,3152,1.40220167
5,3153,1.40220167
5,3154,1.40220167
5,3155,1.40220167
5,3156,1.40220167
5,3157,1.40220167
5,3158,1.40220167
5,3159,1.40220167
5,3160,1.40220167
5,3161,1.40220167
5,3162,1.40220167
5,3163,1.40220167
5,3164,1.40220167
5,3165,1.40220167
5,3166,1.40220167
5,3167,1.40220167
5,3168,1.40220167
5,3169,1.40220167
5,3170,1.40220167
5,3171,1.40220167
5,3172,1.40220167
5,3173,1.40220167
5,3174,1.40220167
5,3175,1.40220167
5,3176,1.40220167
5,3177,1.40220167
5,3178,1.40220167
5,3179,1.40220167
5,3180,1.40220167
5,3181,1.40220167
5,3182,1.40220167
5,3183,1.40220167
5,3184,1.40220167
5,3185,1.40220167
5,3186,1.40220167
5,3187,1.40220167
5,3188,1.40220167
5,3189,1.40220167
5,3190,1.40220167
5,3191,1.40220167
5,3192,1.40220167
5,3193,1.40220167
5,3194,1.40220167
5,3195,1.40220167
5,3196,1.40220167
5,3197,1.40220167
5,3198,1.40220167
5,3199,1.40220167
5,3200,1.40220167
5,3201,1.40220167
5,3202,1.40220167
5,3203,1.40220167
5,3204,1.40220167
5,3205,1.40220167
5,3206,1.40220167
5,3207,1.40220167
5,3208,1.40220167
5,3209,1.40220167
5,3210,1.40220167
5,3211,1.40220167
5,3212,1.40220167
5,3213,1.40220167
5,3214,1.40220167
5,3215,1.40220167
5,3216,1.40220167
5,3217,1.40220167
5,3218,1.40220167
5,3219,1.40220167
5,3220,1.40220167
5,3221,1.40220167
5,3222,1.40220167
5,3223,1.40220167
5,3224,1.40220167
5,3225,1.40220167
5,3226,1.40220167
5,3227,1.40220167
5,3228,1.40220167
5,3229,1.40220167
5,3230,1.40220167
5,3231,1.40220167
5,3232,1.40220167
5,3233,1.40220167
5,3234,1.40220167
5,3235,1.40220167
5,3236,1.40220167
5,3237,1.40220167
5,3238,1.40220167
5,3239,1.40220167
5,3240,1.40220167
5,3241,1.40220167
5,3242,1.40220167
5,3243,1.40220167
5,3244,1.40220167
5,3245,1.40220167
5,3246,1.40220167
5,3247,1.40220167
5,3248,1.40220167
5,3249,1.40220167
5,3250,1.40220167
5,3251,1.40220167
5,3252,1.40220167
5,3253,1.40220167
5,3254,1.40220167
5,3255,1.40220167
5,3256,1.40220167
5,3257,1.40220167
5,3258,1.40220167
5,3259,1.40220167
5,3260,1.40220167
5,3261,1.40220167
5,3262,1.40220167
5,3263,1.40220167
5,3264,1.40220167
5,3265,1.40220167
5,3266,1.40220167
5,3267,1.40220167
5,3268,1.40220167
5,3269,1.40220167
5,3270,1.40220167
5,3271,1.40220167
5,3272,1.40220167
5,3273,1.40220167
5,3274,1.40220167
5,3275,1.40220167
5,3276,1.40220167
5,3277,1.40220167
5,3278,1.40220167
5,3279,1.40220167
5,3280,1.40220167
5,3281,1.40220167
5,3282,1.40220167
5,3283,1.40220167
5,3284,1.40220167
5,3285,1.40220167
5,3286,1.40220167
5,3287,1.40220167
5,3288,1.40220167
5,3289,1.40220167
5,3290,1.40220167
5,3291,1.40220167
5,3292,1.40220167
5,3293,1.40220167
5,3294,1.40220167
5,3295,1.40220167
5,3296,1.40220167
5,3297,1.40220167
5,3298,1.40220167
5,3299,1.40220167
5,3300,1.40220167
5,3301,1.40220167
5,3302,1.40220167
5,3303,1.40220167
5,3304,1.40220167
5,3305,1.40220167
5,3306,1.40220167
5,3307,1.40220167
5,3308,1.40220167
5,3309,1.40220167
5,3310,1.40220167
5,3311,1.40220167
5,3312,1.40220167
5,3313,1.40220167
5,3314,1.40220167
5,3315,1.40220167
5,3316,1.40220167
5,3317,1.40220167
5,3318,1.40220167
5,3319,1.40220167
5,3320,1.40220167
5,3321,1.40220167
5,3322,1.40220167
5,3323,1.40220167
5,3324,1.40220167
5,3325,1.40220167
5,3326,1.40220167
5,3327,1.40220167
5,3328,1.40220167
5,3329,1.40220167
5,3330,1.40220167
5,3331,1.40220167
5,3332,1.40220167
5,3333,1.40220167
5,3334,1.40220167
5,3335,1.40220167
5,3336,1.40220167
5,3337,1.40220167
5,3338,1.40220167
5,3339,1.40220167
5,3340,1.40220167
5,3341,1.40220167
5,3342,1.40220167
5,3343,1.40220167
5,3344,1.40220167
5,3345,1.40220167
5,3346,1.40220167
5,3347,1.40220167
5,3348,1.40220167
5,3349,1.40220167
5,3350,1.40220167
5,3351,1.40220167
5,3352,1.40220167
5,3353,1.40220167
5,3354,1.40220167
5,3355,1.40220167
5,3356,1.40220167
5,3357,1.40220167
5,3358,1.40220167
5,3359,1.40220167
5,3360,1.40220167
5,3361,1.40220167
5,3362,1.40220167
5,3363,1.40220167
5,3364,1.40220167
5,3365,1.40220167
5,3366,1.40220167
5,3367,1.40220167
5,3368,1.40220167
5,3369,1.40220167
5,3370,1.40220167
5,3371,1.40220167
5,3372,1.40220167
5,3373,1.40220167
5,3374,1.40220167
5,3375,1.40220167
5,3376,1.40220167
5,3377,1.40220167
5,3378,1.40220167
5,3379,1.40220167
5,3380,1.40220167
5,3381,1.40220167
5,3382,1.40220167
5,3383,1.40220167
5,3384,1.40220167
5,3385,1.40220167
5,3386,1.40220167
5,3387,1.40220167
5,3388,1.40220167
5,3389,1.40220167
5,3390,1.40220167
5,3391,1.40220167
5,3392,1.40220167
5,3393,1.40220167
5,3394,1.40220167
5,3395,1.40220167
5,3396,1.40220167
5,3397,1.40220167
5,3398,1.40220167
5,3399,1.40220167
5,3400,1.40220167
5,3401,1.40220167
5,3402,1.40220167
5,3403,1.40220167
5,3404,1.40220167
5,3405,1.40220167
5,3406,1.40220167
5,3407,1.40220167
5,3408,1.40220167
5,3409,1.40220167
5,3410,1.40220167
5,3411,1.40220167
5,3412,1.40220167
5,3413,1.40220167
5,3414,1.40220167
5,3415,1.40220167
5,3416,1.40220167
5,3417,1.40220167
5,3418,1.40220167
5,3419,1.40220167
5,3420,1.40220167
5,3421,1.40220167
5,3422,1.40220167
5,3423,1.40220167
5,3424,1.40220167
5,3425,1.40220167
5,3426,1.40220167
5,3427,1.40220167
5,3428,1.40220167
5,3429,1.40220167
5,3430,1.40220167
5,3431,1.40220167
5,3432,1.40220167
5,3433,1.40220167
5,3434,1.40220167
5,3435,1.40220167
5,3436,1.40220167
5,3437,1.40220167
5,3438,1.40220167
5,3439,1.40220167
5,3440,1.40220167
5,3441,1.40220167
5,3442,1.40220167
5,3443,1.40220167
5,3444,1.40220167
5,3445,1.40220167
5,3446,1.40220167
5,3447,1.40220167
5,3448,1.40220167
5,3449,1.40220167
5,3450,1.40220167
5,3451,1.40220167
5,3452,1.40220167
5,3453,1.40220167
5,3454,1.40220167
5,3455,1.40220167
5,3456,1.40220167
5,3457,1.40220167
5,3458,1.40220167
5,3459,1.40220167
5,3460,1.40220167
5,3461,1.40220167
5,3462,1.40220167
5,3463,1.40220167
5,3464,1.40220167
5,3465,1.40220167
5,3466,1.40220167
5,3467,1.40220167
5,3468,1.40220167
5,3469,1.40220167
5,3470,1.40220167
5,3471,1.40220167
5,3472,1.40220167
5,3473,1.40220167
5,3474,1.40220167
5,3475,1.40220167
5,3476,1.40220167
5,3477,1.40220167
5,3478,1.40220167
5,3479,1.40220167
5,3480,1.40220167
5,3481,1.40220167
5,3482,1.40220167
5,3483,1.40220167
5,3484,1.40220167
5,3485,1.40220167
5,3486,1.40220167
5,3487,1.40220167
5,3488,1.40220167
5,3489,1.40220167
5,3490,1.40220167
5,3491,1.40220167
5,3492,1.40220167
5,3493,1.40220167
5,3494,1.40220167
5,3495,1.40220167
5,3496,1.40220167
5,3497,1.40220167
5,3498,1.40220167
5,3499,1.40220167
5,3500,1.40220167
5,3501,1.40220167
5,3502,1.40220167
5,3503,1.40220167
5,3504,1.40220167
5,3505,1.40220167
5,3506,1.40220167
5,3507,1.40220167
5,3508,1.40220167
5,3509,1.40220167
5,3510,1.40220167
5,3511,1.40220167
5,3512,1.40220167
5,3513,1.40220167
5,3514,1.40220167
5,3515,1.40220167
5,3516,1.40220167
5,3517,1.40220167
5,3518,1.40220167
5,3519,1.40220167
5,3520,1.40220167
5,3521,1.40220167
5,3522,1.40220167
5,3523,1.40220167
5,3524,1.40220167
5,3525,1.40220167
5,3526,1.40220167
5,3527,1.40220167
5,3528,1.40220167
5,3529,1.40220167
5,3530,1.40220167
5,3531,1.40220167
5,3532,1.40220167
5,3533,1.40220167
5,3534,1.40220167
5,3535,1.40220167
5,3536,1.40220167
5,3537,1.40220167
5,3538,1.40220167
5,3539,1.40220167
5,3540,1.40220167
5,3541,1.40220167
5,3542,1.40220167
5,3543,1.40220167
5,3544,1.40220167
5,3545,1.40220167
5,3546,1.40220167
5,3547,1.40220167
5,3548,1.40220167
5,3549,1.40220167
5,3550,1.40220167
5,3551,1.40220167
5,3552,1.40220167
5,3553,1.40220167
5,3554,1.40220167
5,3555,1.40220167
5,3556,1.40220167
5,3557,1.40220167
5,3558,1.40220167
5,3559,1.40220167
5,3560,1.40220167
5,3561,1.40220167
5,3562,1.40220167
5,3563,1.40220167
5,3564,1.40220167
5,3565,1.40220167
5,3566,1.40220167
5,3567,1.40220167
5,3568,1.40220167
5,3569,1.40220167
5,3570,1.40220167
5,3571,1.40220167
5,3572,1.40220167
5,3573,1.40220167
5,3574,1.40220167
5,3575,1.40220167
5,3576,1.40220167
5,3577,1.40220167
5,3578,1.40220167
5,3579,1.40220167
5,3580,1.40220167
5,3581,1.40220167
5,3582,1.40220167
5,3583,1.40220167
5,3584,1.40220167
5,3585,1.40220167
5,3586,1.40220167
5,3587,1.40220167
5,3588,1.40220167
5,3589,1.40220167
5,3590,1.40220167
5,3591,1.40220167
5,3592,1.40220167
5,3593,1.40220167
5,3594,1.40220167
5,3595,1.40220167
5,3596,1.40220167
5,3597,1.40220167
5,3598,1.40220167
5,3599,1.40220167
5,3600,1.40220167
5,3601,1.40220167
5,3602,1.40220167
5,3603,1.40220167
5,3604,1.40220167
5,3605,1.40220167
5,3606,1.40220167
5,3607,1.40220167
5,3608,1.40220167
5,3609,1.40220167
5,3610,1.40220167
5,3611,1.40220167
5,3612,1.40220167
5,3613,1.40220167
5,3614,1.40220167
5,3615,1.40220167
5,3616,1.40220167
5,3617,1.40220167
5,3618,1.40220167
5,3619,1.40220167
5,3620,1.40220167
5,3621,1.40220167
5,3622,1.40220167
5,3623,1.40220167
5,3624,1.40220167
5,3625,1.40220167
5,3626,1.40220167
5,3627,1.40220167
5,3628,1.40220167
5,3629,1.40220167
5,3630,1.40220167
5,3631,1.40220167
5,3632,1.40220167
5,3633,1.40220167
5,3634,1.40220167
5,3635,1.40220167
5,3636,1.40220167
5,3637,1.40220167
5,3638,1.40220167
5,3639,1.40220167
5,3640,1.40220167
5,3641,1.40220167
5,3642,1.40220167
5,3643,1.40220167
5,3644,1.40220167
5,3645,1.40220167
5,3646,1.40220167
5,3647,1.40220167
5,3648,1.40220167
5,3649,1.40220167
5,3650,1.40220167
5,3651,1.40220167
5,3652,1.40220167
5,3653,1.40220167
5,3654,1.40220167
5,3655,1.40220167
5,3656,1.40220167
5,3657,1.40220167
5,3658,1.40220167
5,3659,1.40220167
5,3660,1.40220167
5,3661,1.40220167
5,3662,1.40220167
5,3663,1.40220167
5,3664,1.40220167
5,3665,1.40220167
5,3666,1.40220167
5,3667,1.40220167
5,3668,1.40220167
5,3669,1.40220167
5,3670,1.40220167
5,3671,1.40220167
5,3672,1.40220167
5,3673,1.40220167
5,3674,1.40220167
5,3675,1.40220167
5,3676,1.40220167
5,3677,1.40220167
5,3678,1.40220167
5,3679,1.40220167
5,3680,1.40220167
5,3681,1.40220167
5,3682,1.40220167
5,3683,1.40220167
5,3684,1.40220167
5,3685,1.40220167
5,3686,1.40220167
5,3687,1.40220167
5,3688,1.40220167
5,3689,1.40220167
5,3690,1.40220167
5,3691,1.40220167
5,3692,1.40220167
5,3693,1.40220167
5,3694,1.40220167
5,3695,1.40220167
5,3696,1.40220167
5,3697,1.40220167
5,3698,1.40220167
5,3699,1.40220167
5,3700,1.40220167
5,3701,1.40220167
5,3702,1.40220167
5,3703,1.40220167
5,3704,1.40220167
5,3705,1.40220167
5,3706,1.40220167
5,3707,1.40220167
5,3708,1.40220167
5,3709,1.40220167
5,3710,1.40220167
5,3711,1.40220167
5,3712,1.40220167
5,3713,1.40220167
5,3714,1.40220167
5,3715,1.40220167
5,3716,1.40220167
5,3717,1.40220167
5,3718,1.40220167
5,3719,1.40220167
5,3720,1.40220167
5,3721,1.40220167
5,3722,1.40220167
5,3723,1.40220167
5,3724,1.40220167
5,3725,1.40220167
5,3726,1.40220167
5,3727,1.40220167
5,3728,1.40220167
5,3729,1.40220167
5,3730,1.40220167
5,3731,1.40220167
5,3732,1.40220167
5,3733,1.40220167
5,3734,1.40220167
5,3735,1.40220167
5,3736,1.40220167
5,3737,1.40220167
5,3738,1.40220167
5,3739,1.40220167
5,3740,1.40220167
5,3741,1.40220167
5,3742,1.40220167
5,3743,1.40220167
5,3744,1.40220167
5,3745,1.40220167
5,3746,1.40220167
5,3747,1.40220167
5,3748,1.40220167
5,3749,1.40220167
5,3750,1.40220167
5,3751,1.40220167
5,3752,1.40220167
5,3753,1.40220167
5,3754,1.40220167
5,3755,1.40220167
5,3756,1.40220167
5,3757,1.40220167
5,3758,1.40220167
5,3759,1.40220167
5,3760,1.40220167
5,3761,1.40220167
5,3762,1.40220167
5,3763,1.40220167
5,3764,1.40220167
5,3765,1.40220167
5,3766,1.40220167
5,3767,1.40220167
5,3768,1.40220167
5,3769,1.40220167
5,3770,1.40220167
5,3771,1.40220167
5,3772,1.40220167
5,3773,1.40220167
5,3774,1.40220167
5,3775,1.40220167
5,3776,1.40220167
5,3777,1.40220167
5,3778,1.40220167
5,3779,1.40220167
5,3780,1.40220167
5,3781,1.40220167
5,3782,1.40220167
5,3783,1.40220167
5,3784,1.40220167
5,3785,1.40220167
5,3786,1.40220167
5,3787,1.40220167
5,3788,1.40220167
5,3789,1.40220167
5,3790,1.40220167
5,3791,1.40220167
5,3792,1.40220167
5,3793,1.40220167
5,3794,1.40220167
5,3795,1.40220167
5,3796,1.40220167
5,3797,1.40220167
5,3798,1.40220167
5,3799,1.40220167
5,3800,1.40220167
5,3801,1.40220167
5,3802,1.40220167
5,3803,1.40220167
5,3804,1.40220167
5,3805,1.40220167
5,3806,1.40220167
5,3807,1.40220167
5,3808,1.40220167
5,3809,1.40220167
5,3810,1.40220167
5,3811,1.40220167
5,3812,1.40220167
5,3813,1.40220167
5,3814,1.40220167
5,3815,1.40220167
5,3816,1.40220167
5,3817,1.40220167
5,3818,1.40220167
5,3819,1.40220167
5,3820,1.40220167
5,3821,1.40220167
5,3822,1.40220167
5,3823,1.40220167
5,3824,1.40220167
5,3825,1.40220167
5,3826,1.40220167
5,3827,1.40220167
5,3828,1.40220167
5,3829,1.40220167
5,3830,1.40220167
5,3831,1.40220167
5,3832,1.40220167
5,3833,1.40220167
5,3834,1.40220167
5,3835,1.40220167
5,3836,1.40220167
5,3837,1.40220167
5,3838,1.40220167
5,3839,1.40220167
5,3840,1.40220167
5,3841,1.40220167
5,3842,1.40220167
5,3843,1.40220167
5,3844,1.40220167
5,3845,1.40220167
5,3846,1.40220167
5,3847,1.40220167
5,3848,1.40220167
5,3849,1.40220167
5,3850,1.40220167
5,3851,1.40220167
5,3852,1.40220167
5,3853,1.40220167
5,3854,1.40220167
5,3855,1.40220167
5,3856,1.40220167
5,3857,1.40220167
5,3858,1.40220167
5,3859,1.40220167
5,3860,1.40220167
5,3861,1.40220167
5,3862,1.40220167
5,3863,1.40220167
5,3864,1.40220167
5,3865,1.40220167
5,3866,1.40220167
5,3867,1.40220167
5,3868,1.40220167
5,3869,1.40220167
5,3870,1.40220167
5,3871,1.40220167
5,3872,1.40220167
5,3873,1.40220167
5,3874,1.40220167
5,3875,1.40220167
5,3876,1.40220167
5,3877,1.40220167
5,3878,1.40220167
5,3879,1.40220167
5,3880,1.40220167
5,3881,1.40220167
5,3882,1.40220167
5,3883,1.40220167
5,3884,1.40220167
5,3885,1.40220167
5,3886,1.40220167
5,3887,1.40220167
5,3888,1.40220167
5,3889,1.40220167
5,3890,1.40220167
5,3891,1.40220167
5,3892,1.40220167
5,3893,1.40220167
5,3894,1.40220167
5,3895,1.40220167
5,3896,1.40220167
5,3897,1.40220167
5,3898,1.40220167
5,3899,1.40220167
5,3900,1.40220167
5,3901,1.40220167
5,3902,1.40220167
5,3903,1.40220167
5,3904,1.40220167
5,3905,1.40220167
5,3906,1.40220167
5,3907,1.40220167
5,3908,1.40220167
5,3909,1.40220167
5,3910,1.40220167
5,3911,1.40220167
5,3912,1.40220167
5,3913,1.40220167
5,3914,1.40220167
5,3915,1.40220167
5,3916,1.40220167
5,3917,1.40220167
5,3918,1.40220167
5,3919,1.40220167
5,3920,1.40220167
5,3921,1.40220167
5,3922,1.40220167
5,3923,1.40220167
5,3924,1.40220167
5,3925,1.40220167
5,3926,1.40220167
5,3927,1.40220167
5,3928,1.40220167
5,3929,1.40220167
5,3930,1.40220167
5,3931,1.40220167
5,3932,1.40220167
5,3933,1.40220167
5,3934,1.40220167
5,3935,1.40220167
5,3936,1.40220167
5,3937,1.40220167
5,3938,1.40220167
5,3939,1.40220167
5,3940,1.40220167
5,3941,1.40220167
5,3942,1.40220167
5,3943,1.40220167
5,3944,1.40220167
5,3945,1.40220167
5,3946,1.40220167
5,3947,1.40220167
5,3948,1.40220167
5,3949,1.40220167
5,3950,1.40220167
5,3951,1.40220167
5,3952,1.40220167
5,3953,1.40220167
5,3954,1.40220167
5,3955,1.40220167
5,3956,1.40220167
5,3957,1.40220167
5,3958,1.40220167
5,3959,1.40220167
5,3960,1.40220167
5,3961,1.40220167
5,3962,1.40220167
5,3963,1.40220167
5,3964,1.40220167
5,3965,1.40220167
5,3966,1.40220167
5,3967,1.40220167
5,3968,1.40220167
5,3969,1.40220167
5,3970,1.40220167
5,3971,1.40220167
5,3972,1.40220167
5,3973,1.40220167
5,3974,1.40220167
5,3975,1.40220167
5,3976,1.40220167
5,3977,1.40220167
5,3978,1.40220167
5,3979,1.40220167
5,3980,1.40220167
5,3981,1.40220167
5,3982,1.40220167
5,3983,1.40220167
5,3984,1.40220167
5,3985,1.40220167
5,3986,1.40220167
5,3987,1.40220167
5,3988,1.40220167
5,3989,1.40220167
5,3990,1.40220167
5,3991,1.40220167
5,3992,1.40220167
5,3993,1.40220167
5,3994,1.40220167
5,3995,1.40220167
5,3996,1.40220167
5,3997,1.40220167
5,3998,1.40220167
5,3999,1.40220167
5,4000,1.40220167
5,4001,1.40220167
5,4002,1.40220167
5,4003,1.40220167
5,4004,1.40220167
5,4005,1.40220167
5,4006,1.40220167
5,4007,1.40220167
5,4008,1.40220167
5,4009,1.40220167
5,4010,1.40220167
5,4011,1.40220167
5,4012,1.40220167
5,4013,1.40220167
5,4014,1.40220167
5,4015,1.40220167
5,4016,1.40220167
5,4017,1.40220167
5,4018,1.40220167
5,4019,1.40220167
5,4020,1.40220167
5,4021,1.40220167
5,4022,1.40220167
5,4023,1.40220167
5,4024,1.40220167
5,4025,1.40220167
5,4026,1.40220167
5,4027,1.40220167
5,4028,1.40220167
5,4029,1.40220167
5,4030,1.40220167
5,4031,1.40220167
5,4032,1.40220167
5,4033,1.40220167
5,4034,1.40220167
5,4035,1.40220167
5,4036,1.40220167
5,4037,1.40220167
5,4038,1.40220167
5,4039,1.40220167
5,4040,1.40220167
5,4041,1.40220167
5,4042,1.40220167
5,4043,1.40220167
5,4044,1.40220167
5,4045,1.40220167
5,4046,1.40220167
5,4047,1.40220167
5,4048,1.40220167
5,4049,1.40220167
5,4050,1.40220167
5,4051,1.40220167
5,4052,1.40220167
5,4053,1.40220167
5,4054,1.40220167
5,4055,1.40220167
5,4056,1.40220167
5,4057,1.40220167
5,4058,1.40220167
5,4059,1.40220167
5,4060,1.40220167
5,4061,1.40220167
5,4062,1.40220167
5,4063,1.40220167
5,4064,1.40220167
5,4065,1.40220167
5,4066,1.40220167
5,4067,1.40220167
5,4068,1.40220167
5,4069,1.40220167
5,4070,1.40220167
5,4071,1.40220167
5,4072,1.40220167
5,4073,1.40220167
5,4074,1.40220167
5,4075,1.40220167
5,4076,1.40220167
5,4077,1.40220167
5,4078,1.40220167
5,4079,1.40220167
5,4080,1.40220167
5,4081,1.40220167
5,4082,1.40220167
5,4083,1.40220167
5,4084,1.40220167
5,4085,1.40220167
5,4086,1.40220167
5,4087,1.40220167
5,4088,1.40220167
5,4089,1.40220167
5,4090,1.40220167
5,4091,1.40220167
5,4092,1.40220167
5,4093,1.40220167
5,4094,1.40220167
5,4095,1.40220167
5,4096,1.40220167
5,4097,1.40220167
5,4098,1.40220167
5,4099,1.40220167
5,4100,1.40220167
5,4101,1.40220167
5,4102,1.40220167
5,4103,1.40220167
5,4104,1.40220167
5,4105,1.40220167
5,4106,1.40220167
5,4107,1.40220167
5,4108,1.40220167
5,4109,1.40220167
5,4110,1.40220167
5,4111,1.40220167
5,4112,1.40220167
5,4113,1.40220167
5,4114,1.40220167
5,4115,1.40220167
5,4116,1.40220167
5,4117,1.40220167
5,4118,1.40220167
5,4119,1.40220167
5,4120,1.40220167
5,4121,1.40220167
5,4122,1.40220167
5,4123,1.40220167
5,4124,1.40220167
5,4125,1.40220167
5,4126,1.40220167
5,4127,1.40220167
5,4128,1.40220167
5,4129,1.40220167
5,4130,1.40220167
5,4131,1.40220167
5,4132,1.40220167
5,4133,1.40220167
5,4134,1.40220167
5,4135,1.40220167
5,4136,1.40220167
5,4137,1.40220167
5,4138,1.40220167
5,4139,1.40220167
5,4140,1.40220167
5,4141,1.40220167
5,4142,1.40220167
5,4143,1.40220167
5,4144,1.40220167
5,4145,1.40220167
5,4146,1.40220167
5,4147,1.40220167
5,4148,1.40220167
5,4149,1.40220167
5,4150,1.40220167
5,4151,1.40220167
5,4152,1.40220167
5,4153,1.40220167
5,4154,1.40220167
5,4155,1.40220167
5,4156,1.40220167
5,4157,1.40220167
5,4158,1.40220167
5,4159,1.40220167
5,4160,1.40220167
5,4161,1.40220167
5,4162,1.40220167
5,4163,1.40220167
5,4164,1.40220167
5,4165,1.40220167
5,4166,1.40220167
5,4167,1.40220167
5,4168,1.40220167
5,4169,1.40220167
5,4170,1.40220167
5,4171,1.40220167
5,4172,1.40220167
5,4173,1.40220167
5,4174,1.40220167
5,4175,1.40220167
5,4176,1.40220167
5,4177,1.40220167
5,4178,1.40220167
5,4179,1.40220167
5,4180,1.40220167
5,4181,1.40220167
5,4182,1.40220167
5,4183,1.40220167
5,4184,1.40220167
5,4185,1.40220167
5,4186,1.40220167
5,4187,1.40220167
5,4188,1.40220167
5,4189,1.40220167
5,4190,1.40220167
5,4191,1.40220167
5,4192,1.40220167
5,4193,1.40220167
5,4194,1.40220167
5,4195,1.40220167
5,4196,1.40220167
5,4197,1.40220167
5,4198,1.40220167
5,4199,1.40220167
6,0,17.7107557
6,1,6.478817504
6,2,14.02152645
6,3,6.462180101
6,4,13.48952274
6,5,17.31879401
6,6,10.2886107
6,7,6.007616593
6,8,9.409183888
6,9,11.33403526
6,10,8.922792141
6,11,10.09185334
6,12,10.567948
6,13,6.746843242
6,14,5.741627189
6,15,12.41821298
6,16,28.09528587
6,17,6.044244544
6,18,26.76599564
6,19,11.56729121
6,20,11.58462217
6,21,8.583199876
6,22,24.22150041
6,23,4.779438626
6,24,35.05666536
6,25,5.740664481
6,26,10.39548821
6,27,7.820400099
6,28,15.03005783
6,29,11.11160484
6,30,4.972599844
6,31,11.21412287
6,32,12.60537744
6,33,19.28359564
6,34,14.37242928
6,35,16.61704498
6,36,27.77080507
6,37,11.67737747
6,38,12.01476529
6,39,8.975343185
6,40,13.02128327
6,41,16.12581357
6,42,12.48808998
6,43,20.07416541
6,44,5.68380343
6,45,12.79297482
6,46,9.787699732
6,47,6.3086891
6,48,8.428885798
6,49,13.20527453
6,50,9.563748175
6,51,25.33224299
6,52,9.313400294
6,53,11.18349892
6,54,8.456459518
6,55,10.34644566
6,56,5.41243882
6,57,21.73159961
6,58,3.984886051
6,59,6.106363468
6,60,8.736747878
6,61,24.50143533
6,62,8.343522361
6,63,11.06692102
6,64,6.260060673
6,65,23.29134158
6,66,4.885835135
6,67,14.11514369
6,68,5.707132023
6,69,9.479242975
6,70,12.32512175
6,71,9.440956931
6,72,18.04467811
6,73,13.9249161
6,74,13.91004986
6,75,13.4948995
6,76,10.17718088
6,77,16.72961732
6,78,8.183428094
6,79,6.479212678
6,80,16.31714164
6,81,11.40432891
6,82,8.141310746
6,83,5.305841758
6,84,10.04428606
6,85,16.59048723
6,86,8.803821173
6,87,8.386398388
6,88,12.06201111
6,89,5.336969452
6,90,18.7057517
6,91,6.326576725
6,92,14.60440219
6,93,3.390493888
6,94,20.49455645
6,95,5.664940879
6,96,12.02867114
6,97,10.96143727
6,98,5.40566001
6,99,16.9034479
6,100,14.3620028
6,101,9.55802561
6,102,5.890514742
6,103,10.05413222
6,104,16.21624038
6,105,23.87529033
6,106,12.0619258
6,107,5.764110824
6,108,10.75617416
6,109,11.39378224
6,110,7.027154148
6,111,8.49296001
6,112,6.870607485
6,113,12.07853942
6,114,7.376989999
6,115,17.23404094
6,116,6.763406185
6,117,25.62458554
6,118,14.18446265
6,119,9.937610657
6,120,14.43643143
6,121,4.326652989
6,122,19.02966532
6,123,5.574604806
6,124,9.322487058
6,125,14.66284018
6,126,8.755940328
6,127,6.918307917
6,128,20.94491866
6,129,13.8801386
6,130,13.90947366
6,131,12.63941511
6,132,6.701490794
6,133,15.19459537
6,134,6.836878927
6,135,11.33296913
6,136,10.02680897
6,137,12.63083206
6,138,8.138171453
6,139,13.43947373
6,140,7.299281677
6,141,8.148744398
6,142,12.74850756
6,143,8.262756037
6,144,21.83005361
6,145,16.02769194
6,146,6.816305756
6,147,9.02126803
6,148,3.342000219
6,149,14.61583491
6,150,11.0414578
6,151,8.79014678
6,152,9.900927693
6,153,14.46524765
6,154,8.921750906
6,155,12.16189384
6,156,8.829951881
6,157,8.045106794
6,158,11.71888054
6,159,13.31256326
6,160,5.872664153
6,161,5.173938706
6,162,12.71299107
6,163,5.191294828
6,164,13.48603817
6,165,10.44862427
6,166,6.666190358
6,167,15.8787179
6,168,7.532813076
6,169,4.477758684
6,170,9.284633533
6,171,11.23772287
6,172,11.72483158
6,173,8.483532491
6,174,6.73464653
6,175,8.368251775
6,176,7.439645262
6,177,8.509139709
6,178,6.435148261
6,179,9.806879821
6,180,20.22940984
6,181,5.625460445
6,182,8.35017222
6,183,6.541559398
6,184,21.84989212
6,185,9.589778815
6,186,8.043199202
6,187,7.303292517
6,188,16.60196187
6,189,11.04378508
6,190,9.274447771
6,191,11.77552189
6,192,6.563964124
6,193,13.92401942
6,194,17.53900703
6,195,16.71419781
6,196,19.99817827
6,197,9.700913664
6,198,5.850660057
6,199,10.71216023
6,200,6.501389154
6,201,14.68279235
6,202,6.878948405
6,203,8.468699647
6,204,10.60043206
6,205,6.700206417
6,206,10.01676954
6,207,3.250235932
6,208,8.118808182
6,209,9.356001437
6,210,15.70546365
6,211,6.2994674
6,212,7.105458222
6,213,10.50147982
6,214,6.859623181
6,215,14.96835134
6,216,5.947397978
6,217,9.728963076
6,218,5.18506735
6,219,13.55331868
6,220,5.277866022
6,221,14.34506437
6,222,11.30572469
6,223,15.15243256
6,224,16.14895253
6,225,14.61424212
6,226,10.55766526
6,227,4.158334823
6,228,16.92679381
6,229,2.375508521
6,230,5.603198545
6,231,9.01097546
6,232,10.34671159
6,233,9.024816377
6,234,8.24580539
6,235,10.11981175
6,236,7.072940277
6,237,15.58674634
6,238,4.597430195
6,239,13.76630523
6,240,14.9838003
6,241,10.63682278
6,242,6.744680502
6,243,11.91657886
6,244,7.065378938
6,245,8.12633192
6,246,11.63582772
6,247,5.067146684
6,248,5.307312941
6,249,5.266626091
6,250,7.820948001
6,251,8.261532187
6,252,7.498827648
6,253,9.586301185
6,254,8.122625738
6,255,11.63939829
6,256,3.764110961
6,257,8.070296203
6,258,18.18949743
6,259,6.497510398
6,260,8.156870621
6,261,13.25761023
6,262,3.488966311
6,263,9.955459108
6,264,13.90541982
6,265,10.3388634
6,266,7.517986754
6,267,9.00820734
6,268,5.736947684
6,269,6.143809196
6,270,5.913203811
6,271,5.249148883
6,272,8.368995027
6,273,12.45205101
6,274,8.615110883
6,275,10.97635995
6,276,7.283783359
6,277,11.19017193
6,278,25.43528367
6,279,7.017727292
6,280,10.28056463
6,281,8.448703182
6,282,12.99298249
6,283,6.351017246
6,284,14.56717251
6,285,9.387945381
6,286,6.36452883
6,287,8.867877952
6,288,5.674487446
6,289,17.97182836
6,290,7.51022973
6,291,6.461131747
6,292,13.09386822
6,293,9.373209476
6,294,16.43434689
6,295,3.815641879
6,296,7.552839062
6,297,10.20114059
6,298,6.399630512
6,299,13.37959464
6,300,8.267517024
6,301,5.092340628
6,302,10.39415897
6,303,6.795303429
6,304,8.825495529
6,305,6.714541026
6,306,9.97124038
6,307,5.299844198
6,308,9.678637953
6,309,11.38207029
6,310,8.499950645
6,311,17.61992146
6,312,9.818970428
6,313,12.04780416
6,314,16.87253793
6,315,4.084148889
6,316,6.466902215
6,317,6.818368878
6,318,7.182864362
6,319,3.651232007
6,320,6.337489862
6,321,4.733694002
6,322,6.36886554
6,323,11.65243351
6,324,7.328739698
6,325,5.924619815
6,326,12.0515733
6,327,15.33864021
6,328,11.23752505
6,329,11.38479694
6,330,6.709011153
6,331,9.937842083
6,332,4.845104889
6,333,8.527318269
6,334,5.973312971
6,335,9.525644504
6,336,6.330207914
6,337,16.33437559
6,338,6.937302718
6,339,5.670930328
6,340,8.051320658
6,341,7.347659972
6,342,7.816135093
6,343,12.69685608
6,344,7.866814707
6,345,3.288593471
6,346,9.601876797
6,347,8.271468401
6,348,7.166802809
6,349,10.16313425
6,350,7.436789801
6,351,12.27855315
6,352,6.113016311
6,353,13.34925038
6,354,6.119531062
6,355,9.603720371
6,356,7.844061615
6,357,7.957581299
6,358,13.06413976
6,359,10.92266245
6,360,9.257240041
6,361,8.190204808
6,362,8.120678227
6,363,7.322681401
6,364,10.75200506
6,365,4.693647494
6,366,10.4538829
6,367,17.5981039
6,368,7.590739953
6,369,10.47977617
6,370,4.246247962
6,371,12.13065568
6,372,9.592812752
6,373,11.31608544
6,374,9.105094736
6,375,3.728813904
6,376,5.271757239
6,377,9.14741151
6,378,9.699220089
6,379,1.23694941
6,380,9.375908674
6,381,6.597804257
6,382,5.590773197
6,383,9.636147241
6,384,6.755984837
6,385,6.127724155
6,386,11.53159109
6,387,12.81884035
6,388,14.53124368
6,389,11.21303013
6,390,4.86971993
6,391,10.115815
6,392,8.443845195
6,393,6.05201679
6,394,4.146482383
6,395,5.880690068
6,396,7.249334272
6,397,6.81434017
6,398,5.119971305
6,399,6.124756226
6,400,7.645376519
6,401,12.36917543
6,402,5.878033678
6,403,7.309619908
6,404,8.656466306
6,405,7.176692678
6,406,9.078779834
6,407,5.209234778
6,408,5.576508744
6,409,8.557257699
6,410,8.491880757
6,411,6.572524932
6,412,12.62058892
6,413,6.854386175
6,414,6.737944372
6,415,6.233241739
6,416,11.27796065
6,417,8.330492552
6,418,10.76493169
6,419,13.48678986
6,420,7.828404888
6,421,8.462991368
6,422,8.301715633
6,423,5.671856126
6,424,10.48580393
6,425,7.127412528
6,426,7.629453365
6,427,3.054806949
6,428,10.36482305
6,429,10.18856564
6,430,6.654677472
6,431,7.46570156
6,432,3.463683841
6,433,6.378927415
6,434,7.243468318
6,435,5.345980614
6,436,12.1786668
6,437,2.735547448
6,438,16.82965302
6,439,5.519295669
6,440,14.02552192
6,441,4.84117863
6,442,4.222302536
6,443,8.27651662
6,444,5.534106051
6,445,9.617805839
6,446,11.2193377
6,447,2.717464533
6,448,4.982299385
6,449,7.554971666
6,450,9.208815269
6,451,5.350719702
6,452,6.480780642
6,453,10.95557313
6,454,7.037395416
6,455,8.235608459
6,456,3.937172388
6,457,2.717508808
6,458,5.742215163
6,459,6.673589096
6,460,5.080538927
6,461,8.784220784
6,462,5.922172892
6,463,10.35861712
6,464,7.171845804
6,465,7.419586393
6,466,11.43588496
6,467,8.831291138
6,468,5.659419463
6,469,7.700277752
6,470,3.707334337
6,471,6.301105893
6,472,3.637113321
6,473,7.016151768
6,474,5.497381151
6,475,2.770844506
6,476,7.280465213
6,477,7.135667967
6,478,7.032326906
6,479,9.609866254
6,480,6.603041637
6,481,0.9075170835
6,482,4.518129945
6,483,9.737844937
6,484,6.653374543
6,485,11.71721475
6,486,5.41184621
6,487,9.063400732
6,488,2.655982294
6,489,6.452968043
6,490,6.409369632
6,491,14.64817355
6,492,8.336381653
6,493,4.695369834
6,494,7.266338681
6,495,9.234148318
6,496,10.9545856
6,497,11.25604016
6,498,3.641960195
6,499,9.646165628
6,500,7.761822825
6,501,8.998098606
6,502,5.962607903
6,503,3.03431903
6,504,9.771035753
6,505,4.739150236
6,506,11.54518212
6,507,5.361699229
6,508,5.119808161
6,509,5.224967476
6,510,8.866822901
6,511,4.632726382
6,512,5.536698231
6,513,6.981408895
6,514,8.008768501
6,515,6.024980827
6,516,6.337489862
6,517,5.993791927
6,518,11.58738291
6,519,6.21654053
6,520,8.878350948
6,521,7.241806201
6,522,11.49990562
6,523,4.870739373
6,524,5.737682275
6,525,6.719159655
6,526,12.96419656
6,527,7.458561154
6,528,5.737682275
6,529,4.26673588
6,530,11.16967801
6,531,7.641843479
6,532,6.646171065
6,533,4.529448245
6,534,5.497337849
6,535,2.920743853
6,536,6.113911808
6,537,6.09686989
6,538,8.140276519
6,539,6.52025746
6,540,5.4688742
6,541,5.476042844
6,542,7.582655429
6,543,6.148545367
6,544,8.009842954
6,545,10.94608243
6,546,7.896875326
6,547,14.66255483
6,548,6.615321884
6,549,7.144654017
6,550,7.434909022
6,551,6.593002472
6,552,7.544373359
6,553,5.889619313
6,554,4.529448245
6,555,14.31659599
6,556,6.507010264
6,557,1.579875265
6,558,4.536278784
6,559,9.577709242
6,560,4.46560369
6,561,5.317375606
6,562,8.121213055
6,563,7.351247214
6,564,2.39344445
6,565,4.741064105
6,566,3.502950424
6,567,4.588213177
6,568,5.731839786
6,569,16.09293422
6,570,9.997930624
6,571,4.013943182
6,572,4.793161095
6,573,5.018907131
6,574,4.456569134
6,575,7.516444193
6,576,8.108476826
6,577,12.25096629
6,578,4.815816364
6,579,7.758024967
6,580,7.072657401
6,581,4.483944884
6,582,5.474626874
6,583,5.293657999
6,584,7.206500482
6,585,2.451810846
6,586,5.735712661
6,587,3.362924838
6,588,8.314854344
6,589,2.43699076
6,590,10.08633917
6,591,11.66461314
6,592,7.291525337
6,593,9.640602492
6,594,8.681332037
6,595,8.636175503
6,596,6.008972599
6,597,10.15744207
6,598,4.902705145
6,599,5.310310054
6,600,3.199728711
6,601,10.59237093
6,602,3.306244315
6,603,5.63030732
6,604,5.512576171
6,605,2.107793208
6,606,5.189764634
6,607,6.107767959
6,608,1.517232684
6,609,5.943081935
6,610,6.21654053
6,611,7.203107754
6,612,7.761507542
6,613,5.508570048
6,614,2.603712948
6,615,11.79036916
6,616,9.283165563
6,617,7.449912937
6,618,4.900118208
6,619,6.775081108
6,620,9.362898257
6,621,6.298606065
6,622,4.01468211
6,623,7.493499433
6,624,5.710912478
6,625,5.893529291
6,626,3.035691249
6,627,6.402366815
6,628,4.898457996
6,629,3.894933332
6,630,5.907765949
6,631,8.089789486
6,632,7.577285183
6,633,6.131098253
6,634,7.167009114
6,635,6.097889566
6,636,6.916560271
6,637,4.633464079
6,638,8.473193473
6,639,7.044833669
6,640,4.998317972
6,641,4.220014969
6,642,9.57147956
6,643,5.030301294
6,644,5.740898755
6,645,3.066672598
6,646,6.508180878
6,647,4.745138528
6,648,3.082842926
6,649,5.843200348
6,650,7.495274727
6,651,7.101756676
6,652,5.700091316
6,653,3.28000656
6,654,3.948489735
6,655,5.121495123
6,656,6.805149453
6,657,4.084148889
6,658,7.284282965
6,659,3.184784167
6,660,6.326113933
6,661,3.116736835
6,662,4.537608395
6,663,8.841406976
6,664,8.12826077
6,665,5.152365625
6,666,7.662769036
6,667,4.766032635
6,668,4.066309883
6,669,10.766483
6,670,2.465037684
6,671,9.909750395
6,672,5.526882068
6,673,4.579206861
6,674,6.988210799
6,675,7.361626272
6,676,3.511002141
6,677,6.058606299
6,678,10.7539743
6,679,3.422200652
6,680,4.368359885
6,681,6.749941639
6,682,3.158220091
6,683,5.055861863
6,684,3.629155415
6,685,6.554907366
6,686,3.084323442
6,687,6.919439032
6,688,4.763445699
6,689,4.687668405
6,690,6.799915597
6,691,0.9075170835
6,692,6.644166317
6,693,4.258244479
6,694,2.924809661
6,695,5.178087147
6,696,7.129296217
6,697,3.424407077
6,698,6.703892287
6,699,4.063904207
6,700,5.09115892
6,701,4.50243761
6,702,10.74702856
6,703,7.470093546
6,704,2.437225534
6,705,6.9612931
6,706,7.339902612
6,707,2.093405193
6,708,5.371013654
6,709,2.026693081
6,710,5.264084349
6,711,8.71566713
6,712,5.314778652
6,713,4.278979875
6,714,6.240077285
6,715,6.28861114
6,716,4.851551433
6,717,7.198769338
6,718,4.547931591
6,719,4.498517274
6,720,4.763072838
6,721,10.92828269
6,722,6.717194253
6,723,4.211889417
6,724,3.6553498
6,725,5.779553259
6,726,6.845696014
6,727,1.917173405
6,728,4.224365658
6,729,6.04281501
6,730,5.027570378
6,731,1.017935929
6,732,4.240525
6,733,4.8178935
6,734,9.258684516
6,735,6.198594097
6,736,6.415085808
6,737,9.82776405
6,738,3.866337195
6,739,3.894933332
6,740,2.59245888
6,741,7.810280262
6,742,7.068124517
6,743,4.261604732
6,744,5.441818404
6,745,9.507943117
6,746,2.211928932
6,747,6.196316256
6,748,5.96927436
6,749,4.624543652
6,750,4.563200962
6,751,6.278606945
6,752,6.064908207
6,753,7.589301984
6,754,5.420093187
6,755,1.862780077
6,756,0.9090911145
6,757,2.69009958
6,758,0.9090911145
6,759,6.826834854
6,760,5.692655374
6,761,4.443028134
6,762,3.14909285
6,763,4.592419365
6,764,4.04186405
6,765,4.151387699
6,766,2.844138097
6,767,3.818536723
6,768,4.993230947
6,769,4.86483361
6,770,4.06199007
6,771,7.594775419
6,772,7.290457628
6,773,7.42287787
6,774,3.705222602
6,775,5.69059232
6,776,3.700222978
6,777,0.9090911145
6,778,4.946122572
6,779,3.098353259
6,780,2.717464533
6,781,0.9075170835
6,782,3.892566652
6,783,9.725237356
6,784,6.367249928
6,785,6.478653987
6,786,5.441860014
6,787,4.837389445
6,788,4.773036847
6,789,4.477952331
6,790,5.709499151
6,791,6.738805708
6,792,1.23694941
6,793,3.729526599
6,794,2.273484532
6,795,2.782582497
6,796,1.405010854
6,797,1.017935929
6,798,3.054806949
6,799,4.08788618
6,800,5.972844433
6,801,4.54905205
6,802,7.814126591
6,803,1.253108752
6,804,3.473760657
6,805,7.508684785
6,806,2.119446015
6,807,4.81612589
6,808,2.280854635
6,809,4.050472518
6,810,3.463683841
6,811,5.285765291
6,812,6.339373989
6,813,3.412205056
6,814,3.479787913
6,815,1.253108752
6,816,5.338813715
6,817,5.157985317
6,818,4.211765346
6,819,2.163405036
6,820,6.246759214
6,821,4.281545019
6,822,3.455706101
6,823,2.431743381
6,824,4.435162344
6,825,3.817291682
6,826,2.606607792
6,827,3.386042259
6,828,6.450314452
6,829,5.302912935
6,830,4.300647171
6,831,4.365730501
6,832,3.950097513
6,833,7.113544056
6,834,3.731777299
6,835,5.843761231
6,836,5.339032505
6,837,5.772987492
6,838,3.526896288
6,839,6.946953111
6,840,2.504946477
6,841,6.871752745
6,842,1.08057851
6,843,4.571136972
6,844,2.597429393
6,845,1.405010854
6,846,2.141724095
6,847,4.573766789
6,848,1.690834655
6,849,4.816004094
6,850,5.06148167
6,851,1.06305627
6,852,1.467653435
6,853,1
6,854,4.978707134
6,855,4.339937217
6,856,2.876285766
6,857,3.213384273
6,858,5.29050861
6,859,4.27860153
6,860,6.996407543
6,861,8.294998534
6,862,4.878399192
6,863,3.065082829
6,864,1.23694941
6,865,2.861615305
6,866,4.119590375
6,867,2.660485663
6,868,1.85112727
6,869,3.273585655
6,870,2.970573285
6,871,1.849553239
6,872,5.998049388
6,873,5.910256701
6,874,3.639151011
6,875,2.437225534
6,876,3.856593878
6,877,3.31972214
6,878,3.47364203
6,879,2.044668456
6,880,2.453384877
6,881,1.85112727
6,882,1.06305627
6,883,4.436501669
6,884,4.446815151
6,885,4.653886577
6,886,1.579875265
6,887,3.805309885
6,888,3.425981107
6,889,2.261758364
6,890,8.399064551
6,891,2.211928932
6,892,0.9090911145
6,893,3.664941016
6,894,3.764110961
6,895,3.780344822
6,896,4.662600806
6,897,3.827294254
6,898,4.300647171
6,899,4.694114673
6,900,5.644415821
6,901,3.002440248
6,902,3.478543372
6,903,4.799943926
6,904,3.633753068
6,905,2.924809661
6,906,4.623137499
6,907,2.43699076
6,908,4.05291764
6,909,3.858232302
6,910,5.436687255
6,911,4.961981342
6,912,3.518762371
6,913,4.985513192
6,914,4.527371109
6,915,2.39344445
6,916,3.888849855
6,917,4.944925307
6,918,3.502950424
6,919,4.954625322
6,920,4.726459717
6,921,5.799027881
6,922,2.02502041
6,923,1.23694941
6,924,1.23694941
6,925,2.02502041
6,926,1.23694941
6,927,2.02502041
6,928,2.263681936
6,929,1.23694941
6,930,3.019998982
6,931,2.522016121
6,932,3.609314092
6,933,2.036323675
6,934,1.898077134
6,935,2.119446015
6,936,1.93424961
6,937,0.9075170835
6,938,4.866905939
6,939,5.673473891
6,940,4.049240239
6,941,3.632135736
6,942,1.862780077
6,943,2.889512604
6,944,2.093405193
6,945,1.690834655
6,946,1.690834655
6,947,2.889536749
6,948,5.006141725
6,949,4.652236342
6,950,2.141724095
6,951,2.715934777
6,952,4.818754836
6,953,4.080153174
6,954,2.829875365
6,955,5.661334471
6,956,2.729161615
6,957,1.253108752
6,958,1.216950359
6,959,5.726112648
6,960,4.013943182
6,961,2.981777467
6,962,4.156890217
6,963,4.79808725
6,964,3.714755352
6,965,1.06305627
6,966,1.216950359
6,967,4.464399988
6,968,1.517232684
6,969,1.253108752
6,970,1.862780077
6,971,1.216950359
6,972,1.08057851
6,973,1.917173405
6,974,2.666355529
6,975,2.026732527
6,976,0.9090911145
6,977,2.616939786
6,978,1.253108752
6,979,1.216950359
6,980,1.08057851
6,981,4.793628171
6,982,1.690834655
6,983,2.66410206
6,984,4.097908563
6,985,1.875987758
6,986,6.815388557
6,987,4.102424648
6,988,2.026693081
6,989,5.45422198
6,990,2.628617273
6,991,2.814379752
6,992,2.772719197
6,993,2.944388104
6,994,0.9075170835
6,995,0.9075170835
6,996,0.9075170835
6,997,4.445528093
6,998,3.869855037
6,999,3.575784645
6,1000,2.506520508
6,1001,3.664941016
6,1002,1.744111979
6,1003,2.283025604
6,1004,4.332976842
6,1005,3.238622013
6,1006,1.40220167
6,1007,4.739189682
6,1008,3.479787913
6,1009,5.341498002
6,1010,5.548548945
6,1011,1.017935929
6,1012,1.854530824
6,1013,1.253108752
6,1014,3.481074222
6,1015,2.026732527
6,1016,0.9090911145
6,1017,3.479744611
6,1018,2.121020046
6,1019,2.107793208
6,1020,1.708814921
6,1021,1.405010854
6,1022,4.760915501
6,1023,3.4046428
6,1024,5.018907131
6,1025,3.25786704
6,1026,3.778431009
6,1027,3.658810441
6,1028,2.764827108
6,1029,1.017935929
6,1030,2.218212053
6,1031,2.866033758
6,1032,1.08057851
6,1033,1.08057851
6,1034,1.08057851
6,1035,2.292507442
6,1036,1.08057851
6,1037,1.917173405
6,1038,3.896507363
6,1039,5.265884226
6,1040,3.945764263
6,1041,2.263681936
6,1042,2.437225534
6,1043,1.23694941
6,1044,2.292507442
6,1045,3.22967136
6,1046,3.265829753
6,1047,2.026693081
6,1048,3.14909285
6,1049,1.40220167
6,1050,1.405010854
6,1051,4.480825151
6,1052,2.283025604
6,1053,2.56841589
6,1054,1.017935929
6,1055,1.253108752
6,1056,2.59245888
6,1057,1
6,1058,3.877270672
6,1059,2.093405193
6,1060,1.690834655
6,1061,2.315326066
6,1062,2.664058758
6,1063,1.875987758
6,1064,1.875987758
6,1065,2.417226484
6,1066,2.204366676
6,1067,2.78015139
6,1068,3.235857559
6,1069,1.579875265
6,1070,3.693088056
6,1071,1
6,1072,3.366043209
6,1073,2.843161956
6,1074,1.870913994
6,1075,3.221920804
6,1076,2.415652453
6,1077,2.631058472
6,1078,2.861615305
6,1079,2.211928932
6,1080,0.9090911145
6,1081,1.882358519
6,1082,2.770844506
6,1083,2.072496151
6,1084,4.049426743
6,1085,3.08099213
6,1086,2.675981276
6,1087,0.9090911145
6,1088,0.9090911145
6,1089,0.9090911145
6,1090,0.9090911145
6,1091,0.9090911145
6,1092,2.107793208
6,1093,0.9075170835
6,1094,0.9075170835
6,1095,0.9075170835
6,1096,2.119446015
6,1097,2.380355395
6,1098,3.808069982
6,1099,2.61245793
6,1100,3.622449803
6,1101,1.23694941
6,1102,3.838371413
6,1103,2.612925006
6,1104,1.405010854
6,1105,1.017935929
6,1106,3.953663531
6,1107,1.579875265
6,1108,1.467653435
6,1109,1
6,1110,1.253108752
6,1111,1.216950359
6,1112,3.250235932
6,1113,1
6,1114,5.302657307
6,1115,2.495405405
6,1116,1
6,1117,1.216950359
6,1118,1
6,1119,1.216950359
6,1120,2.273484532
6,1121,2.897646521
6,1122,3.071190119
6,1123,4.500163693
6,1124,5.336002591
6,1125,4.690472304
6,1126,3.014532306
6,1127,2.827883378
6,1128,3.512576171
6,1129,1.06305627
6,1130,2.261758364
6,1131,3.51718834
6,1132,3.592284327
6,1133,2.02502041
6,1134,1.23694941
6,1135,1.23694941
6,1136,1.23694941
6,1137,1.23694941
6,1138,1.23694941
6,1139,1.23694941
6,1140,2.263681936
6,1141,2.437225534
6,1142,2.892931703
6,1143,3.902357501
6,1144,5.007793847
6,1145,1.23694941
6,1146,1.23694941
6,1147,3.764110961
6,1148,2.119446015
6,1149,0.9075170835
6,1150,1.708814921
6,1151,1.40220167
6,1152,1.40220167
6,1153,1.40220167
6,1154,1.40220167
6,1155,1.40220167
6,1156,2.026693081
6,1157,1.40220167
6,1158,1.40220167
6,1159,2.026693081
6,1160,1.40220167
6,1161,1.40220167
6,1162,2.026693081
6,1163,1.40220167
6,1164,1.40220167
6,1165,2.605286979
6,1166,1.882358519
6,1167,2.735547448
6,1168,2.026693081
6,1169,1.40220167
6,1170,1.40220167
6,1171,1.40220167
6,1172,1.40220167
6,1173,2.603712948
6,1174,3.305129131
6,1175,1.517232684
6,1176,1.517232684
6,1177,1.517232684
6,1178,1.517232684
6,1179,1.517232684
6,1180,3.6553498
6,1181,2.093405193
6,1182,2.417226484
6,1183,1.08057851
6,1184,1.08057851
6,1185,1.08057851
6,1186,1.08057851
6,1187,2.456087031
6,1188,1.08057851
6,1189,1.08057851
6,1190,1.08057851
6,1191,2.107311037
6,1192,2.280854635
6,1193,2.736560804
6,1194,1.08057851
6,1195,1.08057851
6,1196,2.107311037
6,1197,3.11744953
6,1198,3.123635729
6,1199,1
6,1200,1.405010854
6,1201,1.017935929
6,1202,1.854530824
6,1203,1.253108752
6,1204,1
6,1205,1.405010854
6,1206,1.253108752
6,1207,1.216950359
6,1208,1.467653435
6,1209,2.198702094
6,1210,0.9075170835
6,1211,0.9075170835
6,1212,0.9075170835
6,1213,2.072496151
6,1214,0.9090911145
6,1215,0.9090911145
6,1216,0.9090911145
6,1217,0.9090911145
6,1218,1.882358519
6,1219,1.744111979
6,1220,0.9075170835
6,1221,0.9075170835
6,1222,0.9075170835
6,1223,0.9075170835
6,1224,0.9075170835
6,1225,1.708814921
6,1226,1.405010854
6,1227,1.253108752
6,1228,1
6,1229,2.243682886
6,1230,1
6,1231,2.603712948
6,1232,2.416513788
6,1233,1
6,1234,1.405010854
6,1235,1.253108752
6,1236,1.216950359
6,1237,2.200276125
6,1238,0.9090911145
6,1239,1.882358519
6,1240,1.744111979
6,1241,0.9075170835
6,1242,0.9075170835
6,1243,0.9075170835
6,1244,0.9075170835
6,1245,0.9075170835
6,1246,0.9075170835
6,1247,0.9075170835
6,1248,0.9075170835
6,1249,0.9075170835
6,1250,0.9075170835
6,1251,0.9075170835
6,1252,0.9075170835
6,1253,0.9075170835
6,1254,0.9075170835
6,1255,0.9075170835
6,1256,0.9075170835
6,1257,0.9075170835
6,1258,0.9075170835
6,1259,0.9075170835
6,1260,0.9075170835
6,1261,2.119446015
6,1262,0.9075170835
6,1263,0.9075170835
6,1264,0.9075170835
6,1265,0.9075170835
6,1266,0.9075170835
6,1267,0.9075170835
6,1268,0.9075170835
6,1269,0.9075170835
6,1270,0.9075170835
6,1271,0.9075170835
6,1272,0.9075170835
6,1273,2.735547448
6,1274,2.026693081
6,1275,1.40220167
6,1276,2.026693081
6,1277,1.40220167
6,1278,1.40220167
6,1279,1.40220167
6,1280,1.40220167
6,1281,1.40220167
6,1282,1.40220167
6,1283,2.605286979
6,1284,2.39344445
6,1285,2.615365322
6,1286,1.017935929
6,1287,1.017935929
6,1288,2.044668456
6,1289,2.218212053
6,1290,1.017935929
6,1291,1.017935929
6,1292,2.141724095
6,1293,1.517232684
6,1294,1.517232684
6,1295,1.517232684
6,1296,2.543965211
6,1297,1.517232684
6,1298,1.517232684
6,1299,1.517232684
6,1300,1.517232684
6,1301,1.517232684
6,1302,1.517232684
6,1303,1.517232684
6,1304,1.517232684
6,1305,1.517232684
6,1306,1.253108752
6,1307,1
6,1308,2.451810846
6,1309,1.849553239
6,1310,1.061482239
6,1311,1.061482239
6,1312,2.163405036
6,1313,2.612925006
6,1314,1.405010854
6,1315,1.017935929
6,1316,1.017935929
6,1317,1.017935929
6,1318,1.854530824
6,1319,1.253108752
6,1320,1.216950359
6,1321,1.08057851
6,1322,1.08057851
6,1323,2.107311037
6,1324,3.254122039
6,1325,1.08057851
6,1326,1.08057851
6,1327,1.08057851
6,1328,1.08057851
6,1329,1.08057851
6,1330,1.08057851
6,1331,1.08057851
6,1332,1.08057851
6,1333,1.08057851
6,1334,1.08057851
6,1335,1.08057851
6,1336,1.08057851
6,1337,1.08057851
6,1338,1.917173405
6,1339,1.467653435
6,1340,1
6,1341,1.216950359
6,1342,1
6,1343,1.405010854
6,1344,1.253108752
6,1345,1
6,1346,1.253108752
6,1347,1
6,1348,1.744111979
6,1349,0.9075170835
6,1350,0.9075170835
6,1351,0.9075170835
6,1352,0.9075170835
6,1353,0.9075170835
6,1354,2.119446015
6,1355,0.9075170835
6,1356,0.9075170835
6,1357,0.9075170835
6,1358,0.9075170835
6,1359,0.9075170835
6,1360,0.9075170835
6,1361,2.416513788
6,1362,1.216950359
6,1363,1
6,1364,1.216950359
6,1365,2.679582367
6,1366,2.273484532
6,1367,2.198702094
6,1368,1.849553239
6,1369,1.061482239
6,1370,1.061482239
6,1371,1.061482239
6,1372,1.061482239
6,1373,1.061482239
6,1374,1.061482239
6,1375,1.061482239
6,1376,1.061482239
6,1377,1.061482239
6,1378,1.061482239
6,1379,1.061482239
6,1380,1.849553239
6,1381,1.061482239
6,1382,1.061482239
6,1383,1.061482239
6,1384,2.380355395
6,1385,2.02502041
6,1386,1.23694941
6,1387,2.073544305
6,1388,1.23694941
6,1389,1.23694941
6,1390,1.23694941
6,1391,1.23694941
6,1392,1.23694941
6,1393,1.23694941
6,1394,1.23694941
6,1395,1.23694941
6,1396,1.23694941
6,1397,1.23694941
6,1398,1.23694941
6,1399,1.23694941
6,1400,1.23694941
6,1401,1.23694941
6,1402,1.23694941
6,1403,1.23694941
6,1404,2.02502041
6,1405,1.23694941
6,1406,1.23694941
6,1407,1.23694941
6,1408,1.23694941
6,1409,1.23694941
6,1410,1.23694941
6,1411,1.23694941
6,1412,1.23694941
6,1413,1.23694941
6,1414,1.23694941
6,1415,1.23694941
6,1416,1.23694941
6,1417,1.23694941
6,1418,1.23694941
6,1419,1.23694941
6,1420,1.23694941
6,1421,1.23694941
6,1422,1.23694941
6,1423,2.02502041
6,1424,1.23694941
6,1425,1.23694941
6,1426,1.23694941
6,1427,1.23694941
6,1428,1.23694941
6,1429,1
6,1430,1
6,1431,1.253108752
6,1432,1
6,1433,1
6,1434,1.253108752
6,1435,1.216950359
6,1436,1.467653435
6,1437,1
6,1438,1.253108752
6,1439,1
6,1440,1.253108752
6,1441,1.216950359
6,1442,1
6,1443,1.216950359
6,1444,1
6,1445,1.405010854
6,1446,1.017935929
6,1447,1.017935929
6,1448,1.017935929
6,1449,1.017935929
6,1450,1.017935929
6,1451,1.017935929
6,1452,1.017935929
6,1453,1.017935929
6,1454,1.017935929
6,1455,1.017935929
6,1456,1.017935929
6,1457,1.017935929
6,1458,1.017935929
6,1459,1.017935929
6,1460,1.017935929
6,1461,1.017935929
6,1462,1.017935929
6,1463,1.017935929
6,1464,1.017935929
6,1465,1.017935929
6,1466,1.017935929
6,1467,1.017935929
6,1468,1.017935929
6,1469,1.017935929
6,1470,1.854530824
6,1471,1.253108752
6,1472,1.216950359
6,1473,1
6,1474,0.9090911145
6,1475,0.9090911145
6,1476,0.9090911145
6,1477,0.9090911145
6,1478,0.9090911145
6,1479,0.9090911145
6,1480,0.9090911145
6,1481,0.9090911145
6,1482,0.9090911145
6,1483,0.9090911145
6,1484,0.9090911145
6,1485,0.9090911145
6,1486,0.9090911145
6,1487,0.9090911145
6,1488,0.9090911145
6,1489,0.9090911145
6,1490,0.9090911145
6,1491,0.9090911145
6,1492,0.9090911145
6,1493,0.9090911145
6,1494,0.9090911145
6,1495,0.9090911145
6,1496,0.9090911145
6,1497,1.882358519
6,1498,1.744111979
6,1499,0.9075170835
6,1500,0.9075170835
6,1501,0.9075170835
6,1502,0.9075170835
6,1503,0.9075170835
6,1504,0.9075170835
6,1505,0.9075170835
6,1506,0.9075170835
6,1507,0.9075170835
6,1508,0.9075170835
6,1509,0.9075170835
6,1510,0.9075170835
6,1511,0.9075170835
6,1512,0.9075170835
6,1513,0.9075170835
6,1514,0.9075170835
6,1515,0.9075170835
6,1516,0.9075170835
6,1517,0.9075170835
6,1518,0.9075170835
6,1519,0.9075170835
6,1520,0.9075170835
6,1521,0.9075170835
6,1522,0.9075170835
6,1523,0.9075170835
6,1524,0.9075170835
6,1525,0.9075170835
6,1526,0.9075170835
6,1527,0.9075170835
6,1528,0.9075170835
6,1529,0.9075170835
6,1530,0.9075170835
6,1531,0.9075170835
6,1532,0.9075170835
6,1533,0.9075170835
6,1534,0.9075170835
6,1535,0.9075170835
6,1536,0.9075170835
6,1537,0.9075170835
6,1538,0.9075170835
6,1539,0.9075170835
6,1540,0.9075170835
6,1541,0.9075170835
6,1542,0.9075170835
6,1543,0.9075170835
6,1544,0.9075170835
6,1545,0.9075170835
6,1546,0.9075170835
6,1547,0.9075170835
6,1548,0.9075170835
6,1549,0.9075170835
6,1550,0.9075170835
6,1551,0.9075170835
6,1552,0.9075170835
6,1553,0.9075170835
6,1554,0.9075170835
6,1555,1.708814921
6,1556,1.253108752
6,1557,1
6,1558,1
6,1559,1.253108752
6,1560,1
6,1561,1
6,1562,1
6,1563,1
6,1564,1.405010854
6,1565,1.253108752
6,1566,1
6,1567,1
6,1568,1
6,1569,1.405010854
6,1570,1.253108752
6,1571,1
6,1572,1.253108752
6,1573,1
6,1574,1
6,1575,1
6,1576,1
6,1577,1.253108752
6,1578,1
6,1579,1
6,1580,1
6,1581,1.253108752
6,1582,1.216950359
6,1583,1
6,1584,1.253108752
6,1585,1
6,1586,1.216950359
6,1587,1
6,1588,1.216950359
6,1589,1.08057851
6,1590,1.08057851
6,1591,1.08057851
6,1592,1.08057851
6,1593,1.08057851
6,1594,1.08057851
6,1595,1.08057851
6,1596,1.08057851
6,1597,1.08057851
6,1598,1.08057851
6,1599,1.08057851
6,1600,1.08057851
6,1601,1.08057851
6,1602,1.08057851
6,1603,1.917173405
6,1604,1.467653435
6,1605,1
6,1606,1
6,1607,1
6,1608,1
6,1609,1
6,1610,1
6,1611,1
6,1612,1
6,1613,1.253108752
6,1614,1
6,1615,1.216950359
6,1616,1
6,1617,1
6,1618,1
6,1619,1
6,1620,1
6,1621,1.405010854
6,1622,1.253108752
6,1623,1.216950359
6,1624,1
6,1625,1
6,1626,1.216950359
6,1627,1
6,1628,1
6,1629,1
6,1630,1
6,1631,1.405010854
6,1632,1.253108752
6,1633,1
6,1634,1
6,1635,1.216950359
6,1636,1.467653435
6,1637,1
6,1638,1
6,1639,1
6,1640,1.405010854
6,1641,1.253108752
6,1642,1
6,1643,1
6,1644,1
6,1645,1.216950359
6,1646,1
6,1647,1
6,1648,1.253108752
6,1649,1.216950359
6,1650,1
6,1651,1.216950359
6,1652,1
6,1653,1
6,1654,1
6,1655,1.253108752
6,1656,1
6,1657,1
6,1658,1
6,1659,1.744111979
6,1660,0.9075170835
6,1661,0.9075170835
6,1662,0.9075170835
6,1663,0.9075170835
6,1664,0.9075170835
6,1665,0.9075170835
6,1666,0.9075170835
6,1667,0.9075170835
6,1668,0.9075170835
6,1669,0.9075170835
6,1670,0.9075170835
6,1671,0.9075170835
6,1672,0.9075170835
6,1673,0.9075170835
6,1674,0.9075170835
6,1675,0.9075170835
6,1676,0.9075170835
6,1677,0.9075170835
6,1678,0.9075170835
6,1679,0.9075170835
6,1680,0.9075170835
6,1681,0.9075170835
6,1682,0.9075170835
6,1683,0.9075170835
6,1684,0.9075170835
6,1685,0.9075170835
6,1686,0.9075170835
6,1687,0.9075170835
6,1688,0.9075170835
6,1689,0.9075170835
6,1690,0.9075170835
6,1691,0.9075170835
6,1692,0.9075170835
6,1693,0.9075170835
6,1694,0.9075170835
6,1695,0.9075170835
6,1696,0.9075170835
6,1697,0.9075170835
6,1698,0.9075170835
6,1699,0.9075170835
6,1700,0.9075170835
6,1701,0.9075170835
6,1702,0.9075170835
6,1703,0.9075170835
6,1704,0.9075170835
6,1705,0.9075170835
6,1706,0.9075170835
6,1707,0.9075170835
6,1708,0.9075170835
6,1709,0.9075170835
6,1710,0.9075170835
6,1711,0.9075170835
6,1712,0.9075170835
6,1713,0.9075170835
6,1714,0.9075170835
6,1715,0.9075170835
6,1716,0.9075170835
6,1717,0.9075170835
6,1718,0.9075170835
6,1719,0.9075170835
6,1720,0.9075170835
6,1721,0.9075170835
6,1722,0.9075170835
6,1723,0.9075170835
6,1724,0.9075170835
6,1725,0.9075170835
6,1726,0.9075170835
6,1727,0.9075170835
6,1728,0.9075170835
6,1729,0.9075170835
6,1730,0.9075170835
6,1731,0.9075170835
6,1732,0.9075170835
6,1733,0.9075170835
6,1734,0.9075170835
6,1735,0.9075170835
6,1736,0.9075170835
6,1737,0.9075170835
6,1738,0.9075170835
6,1739,0.9075170835
6,1740,0.9075170835
6,1741,0.9075170835
6,1742,0.9075170835
6,1743,0.9075170835
6,1744,0.9075170835
6,1745,0.9075170835
6,1746,0.9075170835
6,1747,0.9075170835
6,1748,0.9075170835
6,1749,0.9075170835
6,1750,0.9075170835
6,1751,0.9075170835
6,1752,0.9075170835
6,1753,0.9075170835
6,1754,0.9075170835
6,1755,0.9075170835
6,1756,0.9075170835
6,1757,0.9075170835
6,1758,0.9075170835
6,1759,0.9075170835
6,1760,0.9075170835
6,1761,0.9075170835
6,1762,0.9075170835
6,1763,0.9075170835
6,1764,0.9075170835
6,1765,0.9075170835
6,1766,0.9075170835
6,1767,0.9075170835
6,1768,0.9075170835
6,1769,0.9075170835
6,1770,0.9075170835
6,1771,0.9075170835
6,1772,0.9075170835
6,1773,0.9075170835
6,1774,0.9075170835
6,1775,0.9075170835
6,1776,0.9075170835
6,1777,0.9075170835
6,1778,0.9075170835
6,1779,0.9075170835
6,1780,0.9075170835
6,1781,0.9075170835
6,1782,0.9075170835
6,1783,0.9075170835
6,1784,0.9075170835
6,1785,0.9075170835
6,1786,0.9075170835
6,1787,0.9075170835
6,1788,0.9075170835
6,1789,0.9075170835
6,1790,0.9075170835
6,1791,0.9075170835
6,1792,0.9075170835
6,1793,0.9075170835
6,1794,0.9075170835
6,1795,0.9075170835
6,1796,0.9075170835
6,1797,0.9075170835
6,1798,0.9075170835
6,1799,0.9075170835
6,1800,0.9075170835
6,1801,0.9075170835
6,1802,0.9075170835
6,1803,0.9075170835
6,1804,0.9075170835
6,1805,0.9075170835
6,1806,0.9075170835
6,1807,0.9075170835
6,1808,0.9075170835
6,1809,0.9075170835
6,1810,0.9075170835
6,1811,0.9075170835
6,1812,0.9075170835
6,1813,0.9075170835
6,1814,0.9075170835
6,1815,0.9075170835
6,1816,0.9075170835
6,1817,0.9075170835
6,1818,0.9075170835
6,1819,0.9075170835
6,1820,0.9075170835
6,1821,0.9075170835
6,1822,0.9075170835
6,1823,0.9075170835
6,1824,0.9075170835
6,1825,0.9075170835
6,1826,0.9075170835
6,1827,0.9075170835
6,1828,0.9075170835
6,1829,0.9075170835
6,1830,0.9075170835
6,1831,0.9075170835
6,1832,0.9075170835
6,1833,0.9075170835
6,1834,0.9075170835
6,1835,0.9075170835
6,1836,0.9075170835
6,1837,0.9075170835
6,1838,0.9075170835
6,1839,0.9075170835
6,1840,0.9075170835
6,1841,0.9075170835
6,1842,0.9075170835
6,1843,0.9075170835
6,1844,0.9075170835
6,1845,0.9075170835
6,1846,0.9075170835
6,1847,0.9075170835
6,1848,0.9075170835
6,1849,0.9075170835
6,1850,0.9075170835
6,1851,0.9075170835
6,1852,0.9075170835
6,1853,0.9075170835
6,1854,0.9075170835
6,1855,0.9075170835
6,1856,0.9075170835
6,1857,0.9075170835
6,1858,0.9075170835
6,1859,0.9075170835
6,1860,0.9075170835
6,1861,0.9075170835
6,1862,0.9075170835
6,1863,0.9075170835
6,1864,0.9075170835
6,1865,0.9075170835
6,1866,0.9075170835
6,1867,0.9075170835
6,1868,0.9075170835
6,1869,0.9075170835
6,1870,0.9075170835
6,1871,0.9075170835
6,1872,0.9075170835
6,1873,0.9075170835
6,1874,0.9075170835
6,1875,0.9075170835
6,1876,0.9075170835
6,1877,0.9075170835
6,1878,0.9075170835
6,1879,0.9075170835
6,1880,0.9075170835
6,1881,0.9075170835
6,1882,0.9075170835
6,1883,0.9075170835
6,1884,0.9075170835
6,1885,0.9075170835
6,1886,0.9075170835
6,1887,0.9075170835
6,1888,0.9075170835
6,1889,0.9075170835
6,1890,0.9075170835
6,1891,0.9075170835
6,1892,0.9075170835
6,1893,0.9075170835
6,1894,0.9075170835
6,1895,0.9075170835
6,1896,0.9075170835
6,1897,0.9075170835
6,1898,0.9075170835
6,1899,0.9075170835
6,1900,0.9075170835
6,1901,0.9075170835
6,1902,0.9075170835
6,1903,0.9075170835
6,1904,0.9075170835
6,1905,0.9075170835
6,1906,0.9075170835
6,1907,0.9075170835
6,1908,0.9075170835
6,1909,0.9075170835
6,1910,0.9075170835
6,1911,0.9075170835
6,1912,0.9075170835
6,1913,0.9075170835
6,1914,0.9075170835
6,1915,0.9075170835
6,1916,0.9075170835
6,1917,0.9075170835
6,1918,0.9075170835
6,1919,0.9075170835
6,1920,0.9075170835
6,1921,0.9075170835
6,1922,0.9075170835
6,1923,0.9075170835
6,1924,0.9075170835
6,1925,0.9075170835
6,1926,0.9075170835
6,1927,0.9075170835
6,1928,0.9075170835
6,1929,0.9075170835
6,1930,0.9075170835
6,1931,0.9075170835
6,1932,0.9075170835
6,1933,0.9075170835
6,1934,0.9075170835
6,1935,0.9075170835
6,1936,0.9075170835
6,1937,0.9075170835
6,1938,0.9075170835
6,1939,0.9075170835
6,1940,0.9075170835
6,1941,0.9075170835
6,1942,0.9075170835
6,1943,0.9075170835
6,1944,0.9075170835
6,1945,0.9075170835
6,1946,0.9075170835
6,1947,0.9075170835
6,1948,0.9075170835
6,1949,0.9075170835
6,1950,0.9075170835
6,1951,0.9075170835
6,1952,0.9075170835
6,1953,0.9075170835
6,1954,0.9075170835
6,1955,0.9075170835
6,1956,0.9075170835
6,1957,0.9075170835
6,1958,0.9075170835
6,1959,0.9075170835
6,1960,0.9075170835
6,1961,0.9075170835
6,1962,0.9075170835
6,1963,0.9075170835
6,1964,0.9075170835
6,1965,0.9075170835
6,1966,0.9075170835
6,1967,0.9075170835
6,1968,0.9075170835
6,1969,0.9075170835
6,1970,0.9075170835
6,1971,0.9075170835
6,1972,0.9075170835
6,1973,0.9075170835
6,1974,0.9075170835
6,1975,0.9075170835
6,1976,0.9075170835
6,1977,0.9075170835
6,1978,0.9075170835
6,1979,0.9075170835
6,1980,0.9075170835
6,1981,0.9075170835
6,1982,0.9075170835
6,1983,0.9075170835
6,1984,0.9075170835
6,1985,0.9075170835
6,1986,0.9075170835
6,1987,0.9075170835
6,1988,0.9075170835
6,1989,0.9075170835
6,1990,0.9075170835
6,1991,0.9075170835
6,1992,0.9075170835
6,1993,0.9075170835
6,1994,0.9075170835
6,1995,0.9075170835
6,1996,0.9075170835
6,1997,0.9075170835
6,1998,0.9075170835
6,1999,0.9075170835
6,2000,0.9075170835
6,2001,0.9075170835
6,2002,0.9075170835
6,2003,0.9075170835
6,2004,0.9075170835
6,2005,0.9075170835
6,2006,0.9075170835
6,2007,0.9075170835
6,2008,0.9075170835
6,2009,0.9075170835
6,2010,0.9075170835
6,2011,0.9075170835
6,2012,0.9075170835
6,2013,0.9075170835
6,2014,0.9075170835
6,2015,0.9075170835
6,2016,0.9075170835
6,2017,0.9075170835
6,2018,0.9075170835
6,2019,0.9075170835
6,2020,0.9075170835
6,2021,0.9075170835
6,2022,0.9075170835
6,2023,0.9075170835
6,2024,0.9075170835
6,2025,0.9075170835
6,2026,0.9075170835
6,2027,0.9075170835
6,2028,0.9075170835
6,2029,0.9075170835
6,2030,0.9075170835
6,2031,0.9075170835
6,2032,0.9075170835
6,2033,0.9075170835
6,2034,0.9075170835
6,2035,0.9075170835
6,2036,0.9075170835
6,2037,0.9075170835
6,2038,0.9075170835
6,2039,0.9075170835
6,2040,0.9075170835
6,2041,0.9075170835
6,2042,0.9075170835
6,2043,0.9075170835
6,2044,0.9075170835
6,2045,0.9075170835
6,2046,0.9075170835
6,2047,0.9075170835
6,2048,0.9075170835
6,2049,0.9075170835
6,2050,0.9075170835
6,2051,0.9075170835
6,2052,0.9075170835
6,2053,0.9075170835
6,2054,0.9075170835
6,2055,0.9075170835
6,2056,0.9075170835
6,2057,0.9075170835
6,2058,0.9075170835
6,2059,0.9075170835
6,2060,0.9075170835
6,2061,0.9075170835
6,2062,0.9075170835
6,2063,0.9075170835
6,2064,0.9075170835
6,2065,0.9075170835
6,2066,0.9075170835
6,2067,0.9075170835
6,2068,0.9075170835
6,2069,0.9075170835
6,2070,0.9075170835
6,2071,0.9075170835
6,2072,0.9075170835
6,2073,0.9075170835
6,2074,0.9075170835
6,2075,0.9075170835
6,2076,0.9075170835
6,2077,0.9075170835
6,2078,0.9075170835
6,2079,0.9075170835
6,2080,0.9075170835
6,2081,0.9075170835
6,2082,0.9075170835
6,2083,0.9075170835
6,2084,0.9075170835
6,2085,0.9075170835
6,2086,0.9075170835
6,2087,0.9075170835
6,2088,0.9075170835
6,2089,0.9075170835
6,2090,0.9075170835
6,2091,0.9075170835
6,2092,0.9075170835
6,2093,0.9075170835
6,2094,0.9075170835
6,2095,0.9075170835
6,2096,0.9075170835
6,2097,0.9075170835
6,2098,0.9075170835
6,2099,0.9075170835
6,2100,0.9075170835
6,2101,0.9075170835
6,2102,0.9075170835
6,2103,0.9075170835
6,2104,0.9075170835
6,2105,0.9075170835
6,2106,0.9075170835
6,2107,0.9075170835
6,2108,0.9075170835
6,2109,0.9075170835
6,2110,0.9075170835
6,2111,0.9075170835
6,2112,0.9075170835
6,2113,0.9075170835
6,2114,0.9075170835
6,2115,0.9075170835
6,2116,0.9075170835
6,2117,0.9075170835
6,2118,0.9075170835
6,2119,0.9075170835
6,2120,0.9075170835
6,2121,0.9075170835
6,2122,0.9075170835
6,2123,0.9075170835
6,2124,0.9075170835
6,2125,0.9075170835
6,2126,0.9075170835
6,2127,0.9075170835
6,2128,0.9075170835
6,2129,0.9075170835
6,2130,0.9075170835
6,2131,0.9075170835
6,2132,0.9075170835
6,2133,0.9075170835
6,2134,0.9075170835
6,2135,0.9075170835
6,2136,0.9075170835
6,2137,0.9075170835
6,2138,0.9075170835
6,2139,0.9075170835
6,2140,0.9075170835
6,2141,0.9075170835
6,2142,0.9075170835
6,2143,0.9075170835
6,2144,0.9075170835
6,2145,0.9075170835
6,2146,0.9075170835
6,2147,0.9075170835
6,2148,0.9075170835
6,2149,0.9075170835
6,2150,0.9075170835
6,2151,0.9075170835
6,2152,0.9075170835
6,2153,0.9075170835
6,2154,0.9075170835
6,2155,0.9075170835
6,2156,0.9075170835
6,2157,0.9075170835
6,2158,0.9075170835
6,2159,0.9075170835
6,2160,0.9075170835
6,2161,0.9075170835
6,2162,0.9075170835
6,2163,0.9075170835
6,2164,0.9075170835
6,2165,0.9075170835
6,2166,0.9075170835
6,2167,0.9075170835
6,2168,0.9075170835
6,2169,0.9075170835
6,2170,0.9075170835
6,2171,0.9075170835
6,2172,0.9075170835
6,2173,0.9075170835
6,2174,0.9075170835
6,2175,0.9075170835
6,2176,0.9075170835
6,2177,0.9075170835
6,2178,0.9075170835
6,2179,0.9075170835
6,2180,0.9075170835
6,2181,0.9075170835
6,2182,0.9075170835
6,2183,0.9075170835
6,2184,0.9075170835
6,2185,0.9075170835
6,2186,0.9075170835
6,2187,0.9075170835
6,2188,0.9075170835
6,2189,0.9075170835
6,2190,0.9075170835
6,2191,0.9075170835
6,2192,0.9075170835
6,2193,0.9075170835
6,2194,0.9075170835
6,2195,0.9075170835
6,2196,0.9075170835
6,2197,0.9075170835
6,2198,0.9075170835
6,2199,0.9075170835
6,2200,0.9075170835
6,2201,0.9075170835
6,2202,0.9075170835
6,2203,0.9075170835
6,2204,0.9075170835
6,2205,0.9075170835
6,2206,0.9075170835
6,2207,0.9075170835
6,2208,0.9075170835
6,2209,0.9075170835
6,2210,0.9075170835
6,2211,0.9075170835
6,2212,0.9075170835
6,2213,0.9075170835
6,2214,0.9075170835
6,2215,0.9075170835
6,2216,0.9075170835
6,2217,0.9075170835
6,2218,0.9075170835
6,2219,0.9075170835
6,2220,0.9075170835
6,2221,0.9075170835
6,2222,0.9075170835
6,2223,0.9075170835
6,2224,0.9075170835
6,2225,0.9075170835
6,2226,0.9075170835
6,2227,0.9075170835
6,2228,0.9075170835
6,2229,0.9075170835
6,2230,0.9075170835
6,2231,0.9075170835
6,2232,0.9075170835
6,2233,0.9075170835
6,2234,0.9075170835
6,2235,0.9075170835
6,2236,0.9075170835
6,2237,0.9075170835
6,2238,0.9075170835
6,2239,0.9075170835
6,2240,0.9075170835
6,2241,0.9075170835
6,2242,0.9075170835
6,2243,0.9075170835
6,2244,0.9075170835
6,2245,0.9075170835
6,2246,0.9075170835
6,2247,0.9075170835
6,2248,0.9075170835
6,2249,0.9075170835
6,2250,0.9075170835
6,2251,0.9075170835
6,2252,0.9075170835
6,2253,0.9075170835
6,2254,0.9075170835
6,2255,0.9075170835
6,2256,0.9075170835
6,2257,0.9075170835
6,2258,0.9075170835
6,2259,0.9075170835
6,2260,0.9075170835
6,2261,0.9075170835
6,2262,0.9075170835
6,2263,0.9075170835
6,2264,0.9075170835
6,2265,0.9075170835
6,2266,0.9075170835
6,2267,0.9075170835
6,2268,0.9075170835
6,2269,0.9075170835
6,2270,0.9075170835
6,2271,0.9075170835
6,2272,0.9075170835
6,2273,0.9075170835
6,2274,0.9075170835
6,2275,0.9075170835
6,2276,0.9075170835
6,2277,0.9075170835
6,2278,0.9075170835
6,2279,0.9075170835
6,2280,0.9075170835
6,2281,0.9075170835
6,2282,0.9075170835
6,2283,0.9075170835
6,2284,0.9075170835
6,2285,0.9075170835
6,2286,0.9075170835
6,2287,0.9075170835
6,2288,0.9075170835
6,2289,0.9075170835
6,2290,0.9075170835
6,2291,0.9075170835
6,2292,0.9075170835
6,2293,0.9075170835
6,2294,0.9075170835
6,2295,0.9075170835
6,2296,0.9075170835
6,2297,0.9075170835
6,2298,0.9075170835
6,2299,0.9075170835
6,2300,0.9075170835
6,2301,0.9075170835
6,2302,0.9075170835
6,2303,0.9075170835
6,2304,0.9075170835
6,2305,0.9075170835
6,2306,0.9075170835
6,2307,0.9075170835
6,2308,0.9075170835
6,2309,0.9075170835
6,2310,0.9075170835
6,2311,0.9075170835
6,2312,0.9075170835
6,2313,0.9075170835
6,2314,0.9075170835
6,2315,0.9075170835
6,2316,0.9075170835
6,2317,0.9075170835
6,2318,0.9075170835
6,2319,0.9075170835
6,2320,0.9075170835
6,2321,0.9075170835
6,2322,0.9075170835
6,2323,0.9075170835
6,2324,0.9075170835
6,2325,0.9075170835
6,2326,0.9075170835
6,2327,0.9075170835
6,2328,0.9075170835
6,2329,0.9075170835
6,2330,0.9075170835
6,2331,0.9075170835
6,2332,0.9075170835
6,2333,0.9075170835
6,2334,0.9075170835
6,2335,0.9075170835
6,2336,0.9075170835
6,2337,0.9075170835
6,2338,0.9075170835
6,2339,0.9075170835
6,2340,0.9075170835
6,2341,0.9075170835
6,2342,0.9075170835
6,2343,0.9075170835
6,2344,0.9075170835
6,2345,0.9075170835
6,2346,0.9075170835
6,2347,0.9075170835
6,2348,0.9075170835
6,2349,0.9075170835
6,2350,0.9075170835
6,2351,0.9075170835
6,2352,0.9075170835
6,2353,0.9075170835
6,2354,0.9075170835
6,2355,0.9075170835
6,2356,0.9075170835
6,2357,0.9075170835
6,2358,0.9075170835
6,2359,0.9075170835
6,2360,0.9075170835
6,2361,0.9075170835
6,2362,0.9075170835
6,2363,0.9075170835
6,2364,0.9075170835
6,2365,0.9075170835
6,2366,0.9075170835
6,2367,0.9075170835
6,2368,0.9075170835
6,2369,0.9075170835
6,2370,0.9075170835
6,2371,0.9075170835
6,2372,0.9075170835
6,2373,0.9075170835
6,2374,0.9075170835
6,2375,0.9075170835
6,2376,0.9075170835
6,2377,0.9075170835
6,2378,0.9075170835
6,2379,0.9075170835
6,2380,0.9075170835
6,2381,0.9075170835
6,2382,0.9075170835
6,2383,0.9075170835
6,2384,0.9075170835
6,2385,0.9075170835
6,2386,0.9075170835
6,2387,0.9075170835
6,2388,0.9075170835
6,2389,0.9075170835
6,2390,0.9075170835
6,2391,0.9075170835
6,2392,0.9075170835
6,2393,0.9075170835
6,2394,0.9075170835
6,2395,0.9075170835
6,2396,0.9075170835
6,2397,0.9075170835
6,2398,0.9075170835
6,2399,0.9075170835
6,2400,0.9075170835
6,2401,0.9075170835
6,2402,0.9075170835
6,2403,0.9075170835
6,2404,0.9075170835
6,2405,0.9075170835
6,2406,0.9075170835
6,2407,0.9075170835
6,2408,0.9075170835
6,2409,0.9075170835
6,2410,0.9075170835
6,2411,0.9075170835
6,2412,0.9075170835
6,2413,0.9075170835
6,2414,0.9075170835
6,2415,0.9075170835
6,2416,0.9075170835
6,2417,0.9075170835
6,2418,0.9075170835
6,2419,0.9075170835
6,2420,0.9075170835
6,2421,0.9075170835
6,2422,0.9075170835
6,2423,0.9075170835
6,2424,0.9075170835
6,2425,0.9075170835
6,2426,0.9075170835
6,2427,0.9075170835
6,2428,0.9075170835
6,2429,0.9075170835
6,2430,0.9075170835
6,2431,0.9075170835
6,2432,0.9075170835
6,2433,0.9075170835
6,2434,0.9075170835
6,2435,0.9075170835
6,2436,0.9075170835
6,2437,0.9075170835
6,2438,0.9075170835
6,2439,0.9075170835
6,2440,0.9075170835
6,2441,0.9075170835
6,2442,0.9075170835
6,2443,0.9075170835
6,2444,0.9075170835
6,2445,0.9075170835
6,2446,0.9075170835
6,2447,0.9075170835
6,2448,0.9075170835
6,2449,0.9075170835
6,2450,0.9075170835
6,2451,0.9075170835
6,2452,0.9075170835
6,2453,0.9075170835
6,2454,0.9075170835
6,2455,0.9075170835
6,2456,0.9075170835
6,2457,0.9075170835
6,2458,0.9075170835
6,2459,0.9075170835
6,2460,0.9075170835
6,2461,0.9075170835
6,2462,0.9075170835
6,2463,0.9075170835
6,2464,0.9075170835
6,2465,0.9075170835
6,2466,0.9075170835
6,2467,0.9075170835
6,2468,0.9075170835
6,2469,0.9075170835
6,2470,0.9075170835
6,2471,0.9075170835
6,2472,0.9075170835
6,2473,0.9075170835
6,2474,0.9075170835
6,2475,0.9075170835
6,2476,0.9075170835
6,2477,0.9075170835
6,2478,0.9075170835
6,2479,0.9075170835
6,2480,0.9075170835
6,2481,0.9075170835
6,2482,0.9075170835
6,2483,0.9075170835
6,2484,0.9075170835
6,2485,0.9075170835
6,2486,0.9075170835
6,2487,0.9075170835
6,2488,0.9075170835
6,2489,0.9075170835
6,2490,0.9075170835
6,2491,0.9075170835
6,2492,0.9075170835
6,2493,0.9075170835
6,2494,0.9075170835
6,2495,0.9075170835
6,2496,0.9075170835
6,2497,0.9075170835
6,2498,0.9075170835
6,2499,0.9075170835
6,2500,0.9075170835
6,2501,0.9075170835
6,2502,0.9075170835
6,2503,0.9075170835
6,2504,0.9075170835
6,2505,0.9075170835
6,2506,0.9075170835
6,2507,0.9075170835
6,2508,0.9075170835
6,2509,0.9075170835
6,2510,0.9075170835
6,2511,0.9075170835
6,2512,0.9075170835
6,2513,0.9075170835
6,2514,0.9075170835
6,2515,0.9075170835
6,2516,0.9075170835
6,2517,0.9075170835
6,2518,0.9075170835
6,2519,0.9075170835
6,2520,0.9075170835
6,2521,0.9075170835
6,2522,0.9075170835
6,2523,0.9075170835
6,2524,0.9075170835
6,2525,0.9075170835
6,2526,0.9075170835
6,2527,0.9075170835
6,2528,0.9075170835
6,2529,0.9075170835
6,2530,0.9075170835
6,2531,0.9075170835
6,2532,0.9075170835
6,2533,0.9075170835
6,2534,0.9075170835
6,2535,0.9075170835
6,2536,0.9075170835
6,2537,0.9075170835
6,2538,0.9075170835
6,2539,0.9075170835
6,2540,0.9075170835
6,2541,0.9075170835
6,2542,0.9075170835
6,2543,0.9075170835
6,2544,0.9075170835
6,2545,0.9075170835
6,2546,0.9075170835
6,2547,0.9075170835
6,2548,0.9075170835
6,2549,0.9075170835
6,2550,0.9075170835
6,2551,0.9075170835
6,2552,0.9075170835
6,2553,0.9075170835
6,2554,0.9075170835
6,2555,0.9075170835
6,2556,0.9075170835
6,2557,0.9075170835
6,2558,0.9075170835
6,2559,0.9075170835
6,2560,0.9075170835
6,2561,0.9075170835
6,2562,0.9075170835
6,2563,0.9075170835
6,2564,0.9075170835
6,2565,0.9075170835
6,2566,0.9075170835
6,2567,0.9075170835
6,2568,0.9075170835
6,2569,0.9075170835
6,2570,0.9075170835
6,2571,0.9075170835
6,2572,0.9075170835
6,2573,0.9075170835
6,2574,0.9075170835
6,2575,0.9075170835
6,2576,0.9075170835
6,2577,0.9075170835
6,2578,0.9075170835
6,2579,0.9075170835
6,2580,0.9075170835
6,2581,0.9075170835
6,2582,0.9075170835
6,2583,0.9075170835
6,2584,0.9075170835
6,2585,0.9075170835
6,2586,0.9075170835
6,2587,0.9075170835
6,2588,0.9075170835
6,2589,0.9075170835
6,2590,0.9075170835
6,2591,0.9075170835
6,2592,0.9075170835
6,2593,0.9075170835
6,2594,0.9075170835
6,2595,0.9075170835
6,2596,0.9075170835
6,2597,0.9075170835
6,2598,0.9075170835
6,2599,0.9075170835
6,2600,0.9075170835
6,2601,0.9075170835
6,2602,0.9075170835
6,2603,0.9075170835
6,2604,0.9075170835
6,2605,0.9075170835
6,2606,0.9075170835
6,2607,0.9075170835
6,2608,0.9075170835
6,2609,0.9075170835
6,2610,0.9075170835
6,2611,0.9075170835
6,2612,0.9075170835
6,2613,0.9075170835
6,2614,0.9075170835
6,2615,0.9075170835
6,2616,0.9075170835
6,2617,0.9075170835
6,2618,0.9075170835
6,2619,0.9075170835
6,2620,0.9075170835
6,2621,0.9075170835
6,2622,0.9075170835
6,2623,0.9075170835
6,2624,0.9075170835
6,2625,0.9075170835
6,2626,0.9075170835
6,2627,0.9075170835
6,2628,0.9075170835
6,2629,0.9075170835
6,2630,0.9075170835
6,2631,0.9075170835
6,2632,0.9075170835
6,2633,0.9075170835
6,2634,0.9075170835
6,2635,0.9075170835
6,2636,0.9075170835
6,2637,0.9075170835
6,2638,0.9075170835
6,2639,0.9075170835
6,2640,0.9075170835
6,2641,0.9075170835
6,2642,0.9075170835
6,2643,0.9075170835
6,2644,0.9075170835
6,2645,0.9075170835
6,2646,0.9075170835
6,2647,0.9075170835
6,2648,0.9075170835
6,2649,0.9075170835
6,2650,0.9075170835
6,2651,0.9075170835
6,2652,0.9075170835
6,2653,0.9075170835
6,2654,0.9075170835
6,2655,0.9075170835
6,2656,0.9075170835
6,2657,0.9075170835
6,2658,0.9075170835
6,2659,0.9075170835
6,2660,0.9075170835
6,2661,0.9075170835
6,2662,0.9075170835
6,2663,0.9075170835
6,2664,0.9075170835
6,2665,0.9075170835
6,2666,0.9075170835
6,2667,0.9075170835
6,2668,0.9075170835
6,2669,0.9075170835
6,2670,0.9075170835
6,2671,0.9075170835
6,2672,0.9075170835
6,2673,0.9075170835
6,2674,0.9075170835
6,2675,0.9075170835
6,2676,0.9075170835
6,2677,0.9075170835
6,2678,0.9075170835
6,2679,0.9075170835
6,2680,0.9075170835
6,2681,0.9075170835
6,2682,0.9075170835
6,2683,0.9075170835
6,2684,0.9075170835
6,2685,0.9075170835
6,2686,0.9075170835
6,2687,0.9075170835
6,2688,0.9075170835
6,2689,0.9075170835
6,2690,0.9075170835
6,2691,0.9075170835
6,2692,0.9075170835
6,2693,0.9075170835
6,2694,0.9075170835
6,2695,0.9075170835
6,2696,0.9075170835
6,2697,0.9075170835
6,2698,0.9075170835
6,2699,0.9075170835
6,2700,0.9075170835
6,2701,0.9075170835
6,2702,0.9075170835
6,2703,0.9075170835
6,2704,0.9075170835
6,2705,0.9075170835
6,2706,0.9075170835
6,2707,0.9075170835
6,2708,0.9075170835
6,2709,0.9075170835
6,2710,0.9075170835
6,2711,0.9075170835
6,2712,0.9075170835
6,2713,0.9075170835
6,2714,0.9075170835
6,2715,0.9075170835
6,2716,0.9075170835
6,2717,0.9075170835
6,2718,0.9075170835
6,2719,0.9075170835
6,2720,0.9075170835
6,2721,0.9075170835
6,2722,0.9075170835
6,2723,0.9075170835
6,2724,0.9075170835
6,2725,0.9075170835
6,2726,0.9075170835
6,2727,0.9075170835
6,2728,0.9075170835
6,2729,0.9075170835
6,2730,0.9075170835
6,2731,0.9075170835
6,2732,0.9075170835
6,2733,0.9075170835
6,2734,0.9075170835
6,2735,0.9075170835
6,2736,0.9075170835
6,2737,0.9075170835
6,2738,0.9075170835
6,2739,0.9075170835
6,2740,0.9075170835
6,2741,0.9075170835
6,2742,0.9075170835
6,2743,0.9075170835
6,2744,0.9075170835
6,2745,0.9075170835
6,2746,0.9075170835
6,2747,0.9075170835
6,2748,0.9075170835
6,2749,0.9075170835
6,2750,0.9075170835
6,2751,0.9075170835
6,2752,0.9075170835
6,2753,0.9075170835
6,2754,0.9075170835
6,2755,0.9075170835
6,2756,0.9075170835
6,2757,0.9075170835
6,2758,0.9075170835
6,2759,0.9075170835
6,2760,0.9075170835
6,2761,0.9075170835
6,2762,0.9075170835
6,2763,0.9075170835
6,2764,0.9075170835
6,2765,0.9075170835
6,2766,0.9075170835
6,2767,0.9075170835
6,2768,0.9075170835
6,2769,0.9075170835
6,2770,0.9075170835
6,2771,0.9075170835
6,2772,0.9075170835
6,2773,0.9075170835
6,2774,0.9075170835
6,2775,0.9075170835
6,2776,0.9075170835
6,2777,0.9075170835
6,2778,0.9075170835
6,2779,0.9075170835
6,2780,0.9075170835
6,2781,0.9075170835
6,2782,0.9075170835
6,2783,0.9075170835
6,2784,0.9075170835
6,2785,0.9075170835
6,2786,0.9075170835
6,2787,0.9075170835
6,2788,0.9075170835
6,2789,0.9075170835
6,2790,0.9075170835
6,2791,0.9075170835
6,2792,0.9075170835
6,2793,0.9075170835
6,2794,0.9075170835
6,2795,0.9075170835
6,2796,0.9075170835
6,2797,0.9075170835
6,2798,0.9075170835
6,2799,0.9075170835
6,2800,0.9075170835
6,2801,0.9075170835
6,2802,0.9075170835
6,2803,0.9075170835
6,2804,0.9075170835
6,2805,0.9075170835
6,2806,0.9075170835
6,2807,0.9075170835
6,2808,0.9075170835
6,2809,0.9075170835
6,2810,0.9075170835
6,2811,0.9075170835
6,2812,0.9075170835
6,2813,0.9075170835
6,2814,0.9075170835
6,2815,0.9075170835
6,2816,0.9075170835
6,2817,0.9075170835
6,2818,0.9075170835
6,2819,0.9075170835
6,2820,0.9075170835
6,2821,0.9075170835
6,2822,0.9075170835
6,2823,0.9075170835
6,2824,0.9075170835
6,2825,0.9075170835
6,2826,0.9075170835
6,2827,0.9075170835
6,2828,0.9075170835
6,2829,0.9075170835
6,2830,0.9075170835
6,2831,0.9075170835
6,2832,0.9075170835
6,2833,0.9075170835
6,2834,0.9075170835
6,2835,0.9075170835
6,2836,0.9075170835
6,2837,0.9075170835
6,2838,0.9075170835
6,2839,0.9075170835
6,2840,0.9075170835
6,2841,0.9075170835
6,2842,0.9075170835
6,2843,0.9075170835
6,2844,0.9075170835
6,2845,0.9075170835
6,2846,0.9075170835
6,2847,0.9075170835
6,2848,0.9075170835
6,2849,0.9075170835
6,2850,0.9075170835
6,2851,0.9075170835
6,2852,0.9075170835
6,2853,0.9075170835
6,2854,0.9075170835
6,2855,0.9075170835
6,2856,0.9075170835
6,2857,0.9075170835
6,2858,0.9075170835
6,2859,0.9075170835
6,2860,0.9075170835
6,2861,0.9075170835
6,2862,0.9075170835
6,2863,0.9075170835
6,2864,0.9075170835
6,2865,0.9075170835
6,2866,0.9075170835
6,2867,0.9075170835
6,2868,0.9075170835
6,2869,0.9075170835
6,2870,0.9075170835
6,2871,0.9075170835
6,2872,0.9075170835
6,2873,0.9075170835
6,2874,0.9075170835
6,2875,0.9075170835
6,2876,0.9075170835
6,2877,0.9075170835
6,2878,0.9075170835
6,2879,0.9075170835
6,2880,0.9075170835
6,2881,0.9075170835
6,2882,0.9075170835
6,2883,0.9075170835
6,2884,0.9075170835
6,2885,0.9075170835
6,2886,0.9075170835
6,2887,0.9075170835
6,2888,0.9075170835
6,2889,0.9075170835
6,2890,0.9075170835
6,2891,0.9075170835
6,2892,0.9075170835
6,2893,0.9075170835
6,2894,0.9075170835
6,2895,0.9075170835
6,2896,0.9075170835
6,2897,0.9075170835
6,2898,0.9075170835
6,2899,0.9075170835
6,2900,0.9075170835
6,2901,0.9075170835
6,2902,0.9075170835
6,2903,0.9075170835
6,2904,0.9075170835
6,2905,0.9075170835
6,2906,0.9075170835
6,2907,0.9075170835
6,2908,0.9075170835
6,2909,0.9075170835
6,2910,0.9075170835
6,2911,0.9075170835
6,2912,0.9075170835
6,2913,0.9075170835
6,2914,0.9075170835
6,2915,0.9075170835
6,2916,0.9075170835
6,2917,0.9075170835
6,2918,0.9075170835
6,2919,0.9075170835
6,2920,0.9075170835
6,2921,0.9075170835
6,2922,0.9075170835
6,2923,0.9075170835
6,2924,0.9075170835
6,2925,0.9075170835
6,2926,0.9075170835
6,2927,0.9075170835
6,2928,0.9075170835
6,2929,0.9075170835
6,2930,0.9075170835
6,2931,0.9075170835
6,2932,0.9075170835
6,2933,0.9075170835
6,2934,0.9075170835
6,2935,0.9075170835
6,2936,0.9075170835
6,2937,0.9075170835
6,2938,0.9075170835
6,2939,0.9075170835
6,2940,0.9075170835
6,2941,0.9075170835
6,2942,0.9075170835
6,2943,0.9075170835
6,2944,0.9075170835
6,2945,0.9075170835
6,2946,0.9075170835
6,2947,0.9075170835
6,2948,0.9075170835
6,2949,0.9075170835
6,2950,0.9075170835
6,2951,0.9075170835
6,2952,0.9075170835
6,2953,0.9075170835
6,2954,0.9075170835
6,2955,0.9075170835
6,2956,0.9075170835
6,2957,0.9075170835
6,2958,0.9075170835
6,2959,0.9075170835
6,2960,0.9075170835
6,2961,0.9075170835
6,2962,0.9075170835
6,2963,0.9075170835
6,2964,0.9075170835
6,2965,0.9075170835
6,2966,0.9075170835
6,2967,0.9075170835
6,2968,0.9075170835
6,2969,0.9075170835
6,2970,0.9075170835
6,2971,0.9075170835
6,2972,0.9075170835
6,2973,0.9075170835
6,2974,0.9075170835
6,2975,0.9075170835
6,2976,0.9075170835
6,2977,0.9075170835
6,2978,0.9075170835
6,2979,0.9075170835
6,2980,0.9075170835
6,2981,0.9075170835
6,2982,0.9075170835
6,2983,0.9075170835
6,2984,0.9075170835
6,2985,0.9075170835
6,2986,0.9075170835
6,2987,0.9075170835
6,2988,0.9075170835
6,2989,0.9075170835
6,2990,0.9075170835
6,2991,0.9075170835
6,2992,0.9075170835
6,2993,0.9075170835
6,2994,0.9075170835
6,2995,0.9075170835
6,2996,0.9075170835
6,2997,0.9075170835
6,2998,0.9075170835
6,2999,0.9075170835
6,3000,0.9075170835
6,3001,0.9075170835
6,3002,0.9075170835
6,3003,0.9075170835
6,3004,0.9075170835
6,3005,0.9075170835
6,3006,0.9075170835
6,3007,0.9075170835
6,3008,0.9075170835
6,3009,0.9075170835
6,3010,0.9075170835
6,3011,0.9075170835
6,3012,0.9075170835
6,3013,0.9075170835
6,3014,0.9075170835
6,3015,0.9075170835
6,3016,0.9075170835
6,3017,0.9075170835
6,3018,0.9075170835
6,3019,0.9075170835
6,3020,0.9075170835
6,3021,0.9075170835
6,3022,0.9075170835
6,3023,0.9075170835
6,3024,0.9075170835
6,3025,0.9075170835
6,3026,0.9075170835
6,3027,0.9075170835
6,3028,0.9075170835
6,3029,0.9075170835
6,3030,0.9075170835
6,3031,0.9075170835
6,3032,0.9075170835
6,3033,0.9075170835
6,3034,0.9075170835
6,3035,0.9075170835
6,3036,0.9075170835
6,3037,0.9075170835
6,3038,0.9075170835
6,3039,0.9075170835
6,3040,0.9075170835
6,3041,0.9075170835
6,3042,0.9075170835
6,3043,0.9075170835
6,3044,0.9075170835
6,3045,0.9075170835
6,3046,0.9075170835
6,3047,0.9075170835
6,3048,0.9075170835
6,3049,0.9075170835
6,3050,0.9075170835
6,3051,0.9075170835
6,3052,0.9075170835
6,3053,0.9075170835
6,3054,0.9075170835
6,3055,0.9075170835
6,3056,0.9075170835
6,3057,0.9075170835
6,3058,0.9075170835
6,3059,0.9075170835
6,3060,0.9075170835
6,3061,0.9075170835
6,3062,0.9075170835
6,3063,0.9075170835
6,3064,0.9075170835
6,3065,0.9075170835
6,3066,0.9075170835
6,3067,0.9075170835
6,3068,0.9075170835
6,3069,0.9075170835
6,3070,0.9075170835
6,3071,0.9075170835
6,3072,0.9075170835
6,3073,0.9075170835
6,3074,0.9075170835
6,3075,0.9075170835
6,3076,0.9075170835
6,3077,0.9075170835
6,3078,0.9075170835
6,3079,0.9075170835
6,3080,0.9075170835
6,3081,0.9075170835
6,3082,0.9075170835
6,3083,0.9075170835
6,3084,0.9075170835
6,3085,0.9075170835
6,3086,0.9075170835
6,3087,0.9075170835
6,3088,0.9075170835
6,3089,0.9075170835
6,3090,0.9075170835
6,3091,0.9075170835
6,3092,0.9075170835
6,3093,0.9075170835
6,3094,0.9075170835
6,3095,0.9075170835
6,3096,0.9075170835
6,3097,0.9075170835
6,3098,0.9075170835
6,3099,0.9075170835
6,3100,0.9075170835
6,3101,0.9075170835
6,3102,0.9075170835
6,3103,0.9075170835
6,3104,0.9075170835
6,3105,0.9075170835
6,3106,0.9075170835
6,3107,0.9075170835
6,3108,0.9075170835
6,3109,0.9075170835
6,3110,0.9075170835
6,3111,0.9075170835
6,3112,0.9075170835
6,3113,0.9075170835
6,3114,0.9075170835
6,3115,0.9075170835
6,3116,0.9075170835
6,3117,0.9075170835
6,3118,0.9075170835
6,3119,0.9075170835
6,3120,0.9075170835
6,3121,0.9075170835
6,3122,0.9075170835
6,3123,0.9075170835
6,3124,0.9075170835
6,3125,0.9075170835
6,3126,0.9075170835
6,3127,0.9075170835
6,3128,0.9075170835
6,3129,0.9075170835
6,3130,0.9075170835
6,3131,0.9075170835
6,3132,0.9075170835
6,3133,0.9075170835
6,3134,0.9075170835
6,3135,0.9075170835
6,3136,0.9075170835
6,3137,0.9075170835
6,3138,0.9075170835
6,3139,0.9075170835
6,3140,0.9075170835
6,3141,0.9075170835
6,3142,0.9075170835
6,3143,0.9075170835
6,3144,0.9075170835
6,3145,0.9075170835
6,3146,0.9075170835
6,3147,0.9075170835
6,3148,0.9075170835
6,3149,0.9075170835
6,3150,0.9075170835
6,3151,0.9075170835
6,3152,0.9075170835
6,3153,0.9075170835
6,3154,0.9075170835
6,3155,0.9075170835
6,3156,0.9075170835
6,3157,0.9075170835
6,3158,0.9075170835
6,3159,0.9075170835
6,3160,0.9075170835
6,3161,0.9075170835
6,3162,0.9075170835
6,3163,0.9075170835
6,3164,0.9075170835
6,3165,0.9075170835
6,3166,0.9075170835
6,3167,0.9075170835
6,3168,0.9075170835
6,3169,0.9075170835
6,3170,0.9075170835
6,3171,0.9075170835
6,3172,0.9075170835
6,3173,0.9075170835
6,3174,0.9075170835
6,3175,0.9075170835
6,3176,0.9075170835
6,3177,0.9075170835
6,3178,0.9075170835
6,3179,0.9075170835
6,3180,0.9075170835
6,3181,0.9075170835
6,3182,0.9075170835
6,3183,0.9075170835
6,3184,0.9075170835
6,3185,0.9075170835
6,3186,0.9075170835
6,3187,0.9075170835
6,3188,0.9075170835
6,3189,0.9075170835
6,3190,0.9075170835
6,3191,0.9075170835
6,3192,0.9075170835
6,3193,0.9075170835
6,3194,0.9075170835
6,3195,0.9075170835
6,3196,0.9075170835
6,3197,0.9075170835
6,3198,0.9075170835
6,3199,0.9075170835
6,3200,0.9075170835
6,3201,0.9075170835
6,3202,0.9075170835
6,3203,0.9075170835
6,3204,0.9075170835
6,3205,0.9075170835
6,3206,0.9075170835
6,3207,0.9075170835
6,3208,0.9075170835
6,3209,0.9075170835
6,3210,0.9075170835
6,3211,0.9075170835
6,3212,0.9075170835
6,3213,0.9075170835
6,3214,0.9075170835
6,3215,0.9075170835
6,3216,0.9075170835
6,3217,0.9075170835
6,3218,0.9075170835
6,3219,0.9075170835
6,3220,0.9075170835
6,3221,0.9075170835
6,3222,0.9075170835
6,3223,0.9075170835
6,3224,0.9075170835
6,3225,0.9075170835
6,3226,0.9075170835
6,3227,0.9075170835
6,3228,0.9075170835
6,3229,0.9075170835
6,3230,0.9075170835
6,3231,0.9075170835
6,3232,0.9075170835
6,3233,0.9075170835
6,3234,0.9075170835
6,3235,0.9075170835
6,3236,0.9075170835
6,3237,0.9075170835
6,3238,0.9075170835
6,3239,0.9075170835
6,3240,0.9075170835
6,3241,0.9075170835
6,3242,0.9075170835
6,3243,0.9075170835
6,3244,0.9075170835
6,3245,0.9075170835
6,3246,0.9075170835
6,3247,0.9075170835
6,3248,0.9075170835
6,3249,0.9075170835
6,3250,0.9075170835
6,3251,0.9075170835
6,3252,0.9075170835
6,3253,0.9075170835
6,3254,0.9075170835
6,3255,0.9075170835
6,3256,0.9075170835
6,3257,0.9075170835
6,3258,0.9075170835
6,3259,0.9075170835
6,3260,0.9075170835
6,3261,0.9075170835
6,3262,0.9075170835
6,3263,0.9075170835
6,3264,0.9075170835
6,3265,0.9075170835
6,3266,0.9075170835
6,3267,0.9075170835
6,3268,0.9075170835
6,3269,0.9075170835
6,3270,0.9075170835
6,3271,0.9075170835
6,3272,0.9075170835
6,3273,0.9075170835
6,3274,0.9075170835
6,3275,0.9075170835
6,3276,0.9075170835
6,3277,0.9075170835
6,3278,0.9075170835
6,3279,0.9075170835
6,3280,0.9075170835
6,3281,0.9075170835
6,3282,0.9075170835
6,3283,0.9075170835
6,3284,0.9075170835
6,3285,0.9075170835
6,3286,0.9075170835
6,3287,0.9075170835
6,3288,0.9075170835
6,3289,0.9075170835
6,3290,0.9075170835
6,3291,0.9075170835
6,3292,0.9075170835
6,3293,0.9075170835
6,3294,0.9075170835
6,3295,0.9075170835
6,3296,0.9075170835
6,3297,0.9075170835
6,3298,0.9075170835
6,3299,0.9075170835
6,3300,0.9075170835
6,3301,0.9075170835
6,3302,0.9075170835
6,3303,0.9075170835
6,3304,0.9075170835
6,3305,0.9075170835
6,3306,0.9075170835
6,3307,0.9075170835
6,3308,0.9075170835
6,3309,0.9075170835
6,3310,0.9075170835
6,3311,0.9075170835
6,3312,0.9075170835
6,3313,0.9075170835
6,3314,0.9075170835
6,3315,0.9075170835
6,3316,0.9075170835
6,3317,0.9075170835
6,3318,0.9075170835
6,3319,0.9075170835
6,3320,0.9075170835
6,3321,0.9075170835
6,3322,0.9075170835
6,3323,0.9075170835
6,3324,0.9075170835
6,3325,0.9075170835
6,3326,0.9075170835
6,3327,0.9075170835
6,3328,0.9075170835
6,3329,0.9075170835
6,3330,0.9075170835
6,3331,0.9075170835
6,3332,0.9075170835
6,3333,0.9075170835
6,3334,0.9075170835
6,3335,0.9075170835
6,3336,0.9075170835
6,3337,0.9075170835
6,3338,0.9075170835
6,3339,0.9075170835
6,3340,0.9075170835
6,3341,0.9075170835
6,3342,0.9075170835
6,3343,0.9075170835
6,3344,0.9075170835
6,3345,0.9075170835
6,3346,0.9075170835
6,3347,0.9075170835
6,3348,0.9075170835
6,3349,0.9075170835
6,3350,0.9075170835
6,3351,0.9075170835
6,3352,0.9075170835
6,3353,0.9075170835
6,3354,0.9075170835
6,3355,0.9075170835
6,3356,0.9075170835
6,3357,0.9075170835
6,3358,0.9075170835
6,3359,0.9075170835
6,3360,0.9075170835
6,3361,0.9075170835
6,3362,0.9075170835
6,3363,0.9075170835
6,3364,0.9075170835
6,3365,0.9075170835
6,3366,0.9075170835
6,3367,0.9075170835
6,3368,0.9075170835
6,3369,0.9075170835
6,3370,0.9075170835
6,3371,0.9075170835
6,3372,0.9075170835
6,3373,0.9075170835
6,3374,0.9075170835
6,3375,0.9075170835
6,3376,0.9075170835
6,3377,0.9075170835
6,3378,0.9075170835
6,3379,0.9075170835
6,3380,0.9075170835
6,3381,0.9075170835
6,3382,0.9075170835
6,3383,0.9075170835
6,3384,0.9075170835
6,3385,0.9075170835
6,3386,0.9075170835
6,3387,0.9075170835
6,3388,0.9075170835
6,3389,0.9075170835
6,3390,0.9075170835
6,3391,0.9075170835
6,3392,0.9075170835
6,3393,0.9075170835
6,3394,0.9075170835
6,3395,0.9075170835
6,3396,0.9075170835
6,3397,0.9075170835
6,3398,0.9075170835
6,3399,0.9075170835
6,3400,0.9075170835
6,3401,0.9075170835
6,3402,0.9075170835
6,3403,0.9075170835
6,3404,0.9075170835
6,3405,0.9075170835
6,3406,0.9075170835
6,3407,0.9075170835
6,3408,0.9075170835
6,3409,0.9075170835
6,3410,0.9075170835
6,3411,0.9075170835
6,3412,0.9075170835
6,3413,0.9075170835
6,3414,0.9075170835
6,3415,0.9075170835
6,3416,0.9075170835
6,3417,0.9075170835
6,3418,0.9075170835
6,3419,0.9075170835
6,3420,0.9075170835
6,3421,0.9075170835
6,3422,0.9075170835
6,3423,0.9075170835
6,3424,0.9075170835
6,3425,0.9075170835
6,3426,0.9075170835
6,3427,0.9075170835
6,3428,0.9075170835
6,3429,0.9075170835
6,3430,0.9075170835
6,3431,0.9075170835
6,3432,0.9075170835
6,3433,0.9075170835
6,3434,0.9075170835
6,3435,0.9075170835
6,3436,0.9075170835
6,3437,0.9075170835
6,3438,0.9075170835
6,3439,0.9075170835
6,3440,0.9075170835
6,3441,0.9075170835
6,3442,0.9075170835
6,3443,0.9075170835
6,3444,0.9075170835
6,3445,0.9075170835
6,3446,0.9075170835
6,3447,0.9075170835
6,3448,0.9075170835
6,3449,0.9075170835
6,3450,0.9075170835
6,3451,0.9075170835
6,3452,0.9075170835
6,3453,0.9075170835
6,3454,0.9075170835
6,3455,0.9075170835
6,3456,0.9075170835
6,3457,0.9075170835
6,3458,0.9075170835
6,3459,0.9075170835
6,3460,0.9075170835
6,3461,0.9075170835
6,3462,0.9075170835
6,3463,0.9075170835
6,3464,0.9075170835
6,3465,0.9075170835
6,3466,0.9075170835
6,3467,0.9075170835
6,3468,0.9075170835
6,3469,0.9075170835
6,3470,0.9075170835
6,3471,0.9075170835
6,3472,0.9075170835
6,3473,0.9075170835
6,3474,0.9075170835
6,3475,0.9075170835
6,3476,0.9075170835
6,3477,0.9075170835
6,3478,0.9075170835
6,3479,0.9075170835
6,3480,0.9075170835
6,3481,0.9075170835
6,3482,0.9075170835
6,3483,0.9075170835
6,3484,0.9075170835
6,3485,0.9075170835
6,3486,0.9075170835
6,3487,0.9075170835
6,3488,0.9075170835
6,3489,0.9075170835
6,3490,0.9075170835
6,3491,0.9075170835
6,3492,0.9075170835
6,3493,0.9075170835
6,3494,0.9075170835
6,3495,0.9075170835
6,3496,0.9075170835
6,3497,0.9075170835
6,3498,0.9075170835
6,3499,0.9075170835
6,3500,0.9075170835
6,3501,0.9075170835
6,3502,0.9075170835
6,3503,0.9075170835
6,3504,0.9075170835
6,3505,0.9075170835
6,3506,0.9075170835
6,3507,0.9075170835
6,3508,0.9075170835
6,3509,0.9075170835
6,3510,0.9075170835
6,3511,0.9075170835
6,3512,0.9075170835
6,3513,0.9075170835
6,3514,0.9075170835
6,3515,0.9075170835
6,3516,0.9075170835
6,3517,0.9075170835
6,3518,0.9075170835
6,3519,0.9075170835
6,3520,0.9075170835
6,3521,0.9075170835
6,3522,0.9075170835
6,3523,0.9075170835
6,3524,0.9075170835
6,3525,0.9075170835
6,3526,0.9075170835
6,3527,0.9075170835
6,3528,0.9075170835
6,3529,0.9075170835
6,3530,0.9075170835
6,3531,0.9075170835
6,3532,0.9075170835
6,3533,0.9075170835
6,3534,0.9075170835
6,3535,0.9075170835
6,3536,0.9075170835
6,3537,0.9075170835
6,3538,0.9075170835
6,3539,0.9075170835
6,3540,0.9075170835
6,3541,0.9075170835
6,3542,0.9075170835
6,3543,0.9075170835
6,3544,0.9075170835
6,3545,0.9075170835
6,3546,0.9075170835
6,3547,0.9075170835
6,3548,0.9075170835
6,3549,0.9075170835
6,3550,0.9075170835
6,3551,0.9075170835
6,3552,0.9075170835
6,3553,0.9075170835
6,3554,0.9075170835
6,3555,0.9075170835
6,3556,0.9075170835
6,3557,0.9075170835
6,3558,0.9075170835
6,3559,0.9075170835
6,3560,0.9075170835
6,3561,0.9075170835
6,3562,0.9075170835
6,3563,0.9075170835
6,3564,0.9075170835
6,3565,0.9075170835
6,3566,0.9075170835
6,3567,0.9075170835
6,3568,0.9075170835
6,3569,0.9075170835
6,3570,0.9075170835
6,3571,0.9075170835
6,3572,0.9075170835
6,3573,0.9075170835
6,3574,0.9075170835
6,3575,0.9075170835
6,3576,0.9075170835
6,3577,0.9075170835
6,3578,0.9075170835
6,3579,0.9075170835
6,3580,0.9075170835
6,3581,0.9075170835
6,3582,0.9075170835
6,3583,0.9075170835
6,3584,0.9075170835
6,3585,0.9075170835
6,3586,0.9075170835
6,3587,0.9075170835
6,3588,0.9075170835
6,3589,0.9075170835
6,3590,0.9075170835
6,3591,0.9075170835
6,3592,0.9075170835
6,3593,0.9075170835
6,3594,0.9075170835
6,3595,0.9075170835
6,3596,0.9075170835
6,3597,0.9075170835
6,3598,0.9075170835
6,3599,0.9075170835
6,3600,0.9075170835
6,3601,0.9075170835
6,3602,0.9075170835
6,3603,0.9075170835
6,3604,0.9075170835
6,3605,0.9075170835
6,3606,0.9075170835
6,3607,0.9075170835
6,3608,0.9075170835
6,3609,0.9075170835
6,3610,0.9075170835
6,3611,0.9075170835
6,3612,0.9075170835
6,3613,0.9075170835
6,3614,0.9075170835
6,3615,0.9075170835
6,3616,0.9075170835
6,3617,0.9075170835
6,3618,0.9075170835
6,3619,0.9075170835
6,3620,0.9075170835
6,3621,0.9075170835
6,3622,0.9075170835
6,3623,0.9075170835
6,3624,0.9075170835
6,3625,0.9075170835
6,3626,0.9075170835
6,3627,0.9075170835
6,3628,0.9075170835
6,3629,0.9075170835
6,3630,0.9075170835
6,3631,0.9075170835
6,3632,0.9075170835
6,3633,0.9075170835
6,3634,0.9075170835
6,3635,0.9075170835
6,3636,0.9075170835
6,3637,0.9075170835
6,3638,0.9075170835
6,3639,0.9075170835
6,3640,0.9075170835
6,3641,0.9075170835
6,3642,0.9075170835
6,3643,0.9075170835
6,3644,0.9075170835
6,3645,0.9075170835
6,3646,0.9075170835
6,3647,0.9075170835
6,3648,0.9075170835
6,3649,0.9075170835
6,3650,0.9075170835
6,3651,0.9075170835
6,3652,0.9075170835
6,3653,0.9075170835
6,3654,0.9075170835
6,3655,0.9075170835
6,3656,0.9075170835
6,3657,0.9075170835
6,3658,0.9075170835
6,3659,0.9075170835
6,3660,0.9075170835
6,3661,0.9075170835
6,3662,0.9075170835
6,3663,0.9075170835
6,3664,0.9075170835
6,3665,0.9075170835
6,3666,0.9075170835
6,3667,0.9075170835
6,3668,0.9075170835
6,3669,0.9075170835
6,3670,0.9075170835
6,3671,0.9075170835
6,3672,0.9075170835
6,3673,0.9075170835
6,3674,0.9075170835
6,3675,0.9075170835
6,3676,0.9075170835
6,3677,0.9075170835
6,3678,0.9075170835
6,3679,0.9075170835
6,3680,0.9075170835
6,3681,0.9075170835
6,3682,0.9075170835
6,3683,0.9075170835
6,3684,0.9075170835
6,3685,0.9075170835
6,3686,0.9075170835
6,3687,0.9075170835
6,3688,0.9075170835
6,3689,0.9075170835
6,3690,0.9075170835
6,3691,0.9075170835
6,3692,0.9075170835
6,3693,0.9075170835
6,3694,0.9075170835
6,3695,0.9075170835
6,3696,0.9075170835
6,3697,0.9075170835
6,3698,0.9075170835
6,3699,0.9075170835
6,3700,0.9075170835
6,3701,0.9075170835
6,3702,0.9075170835
6,3703,0.9075170835
6,3704,0.9075170835
6,3705,0.9075170835
6,3706,0.9075170835
6,3707,0.9075170835
6,3708,0.9075170835
6,3709,0.9075170835
6,3710,0.9075170835
6,3711,0.9075170835
6,3712,0.9075170835
6,3713,0.9075170835
6,3714,0.9075170835
6,3715,0.9075170835
6,3716,0.9075170835
6,3717,0.9075170835
6,3718,0.9075170835
6,3719,0.9075170835
6,3720,0.9075170835
6,3721,0.9075170835
6,3722,0.9075170835
6,3723,0.9075170835
6,3724,0.9075170835
6,3725,0.9075170835
6,3726,0.9075170835
6,3727,0.9075170835
6,3728,0.9075170835
6,3729,0.9075170835
6,3730,0.9075170835
6,3731,0.9075170835
6,3732,0.9075170835
6,3733,0.9075170835
6,3734,0.9075170835
6,3735,0.9075170835
6,3736,0.9075170835
6,3737,0.9075170835
6,3738,0.9075170835
6,3739,0.9075170835
6,3740,0.9075170835
6,3741,0.9075170835
6,3742,0.9075170835
6,3743,0.9075170835
6,3744,0.9075170835
6,3745,0.9075170835
6,3746,0.9075170835
6,3747,0.9075170835
6,3748,0.9075170835
6,3749,0.9075170835
6,3750,0.9075170835
6,3751,0.9075170835
6,3752,0.9075170835
6,3753,0.9075170835
6,3754,0.9075170835
6,3755,0.9075170835
6,3756,0.9075170835
6,3757,0.9075170835
6,3758,0.9075170835
6,3759,0.9075170835
6,3760,0.9075170835
6,3761,0.9075170835
6,3762,0.9075170835
6,3763,0.9075170835
6,3764,0.9075170835
6,3765,0.9075170835
6,3766,0.9075170835
6,3767,0.9075170835
6,3768,0.9075170835
6,3769,0.9075170835
6,3770,0.9075170835
6,3771,0.9075170835
6,3772,0.9075170835
6,3773,0.9075170835
6,3774,0.9075170835
6,3775,0.9075170835
6,3776,0.9075170835
6,3777,0.9075170835
6,3778,0.9075170835
6,3779,0.9075170835
6,3780,0.9075170835
6,3781,0.9075170835
6,3782,0.9075170835
6,3783,0.9075170835
6,3784,0.9075170835
6,3785,0.9075170835
6,3786,0.9075170835
6,3787,0.9075170835
6,3788,0.9075170835
6,3789,0.9075170835
6,3790,0.9075170835
6,3791,0.9075170835
6,3792,0.9075170835
6,3793,0.9075170835
6,3794,0.9075170835
6,3795,0.9075170835
6,3796,0.9075170835
6,3797,0.9075170835
6,3798,0.9075170835
6,3799,0.9075170835
6,3800,0.9075170835
6,3801,0.9075170835
6,3802,0.9075170835
6,3803,0.9075170835
6,3804,0.9075170835
6,3805,0.9075170835
6,3806,0.9075170835
6,3807,0.9075170835
6,3808,0.9075170835
6,3809,0.9075170835
6,3810,0.9075170835
6,3811,0.9075170835
6,3812,0.9075170835
6,3813,0.9075170835
6,3814,0.9075170835
6,3815,0.9075170835
6,3816,0.9075170835
6,3817,0.9075170835
6,3818,0.9075170835
6,3819,0.9075170835
6,3820,0.9075170835
6,3821,0.9075170835
6,3822,0.9075170835
6,3823,0.9075170835
6,3824,0.9075170835
6,3825,0.9075170835
6,3826,0.9075170835
6,3827,0.9075170835
6,3828,0.9075170835
6,3829,0.9075170835
6,3830,0.9075170835
6,3831,0.9075170835
6,3832,0.9075170835
6,3833,0.9075170835
6,3834,0.9075170835
6,3835,0.9075170835
6,3836,0.9075170835
6,3837,0.9075170835
6,3838,0.9075170835
6,3839,0.9075170835
6,3840,0.9075170835
6,3841,0.9075170835
6,3842,0.9075170835
6,3843,0.9075170835
6,3844,0.9075170835
6,3845,0.9075170835
6,3846,0.9075170835
6,3847,0.9075170835
6,3848,0.9075170835
6,3849,0.9075170835
6,3850,0.9075170835
6,3851,0.9075170835
6,3852,0.9075170835
6,3853,0.9075170835
6,3854,0.9075170835
6,3855,0.9075170835
6,3856,0.9075170835
6,3857,0.9075170835
6,3858,0.9075170835
6,3859,0.9075170835
6,3860,0.9075170835
6,3861,0.9075170835
6,3862,0.9075170835
6,3863,0.9075170835
6,3864,0.9075170835
6,3865,0.9075170835
6,3866,0.9075170835
6,3867,0.9075170835
6,3868,0.9075170835
6,3869,0.9075170835
6,3870,0.9075170835
6,3871,0.9075170835
6,3872,0.9075170835
6,3873,0.9075170835
6,3874,0.9075170835
6,3875,0.9075170835
6,3876,0.9075170835
6,3877,0.9075170835
6,3878,0.9075170835
6,3879,0.9075170835
6,3880,0.9075170835
6,3881,0.9075170835
6,3882,0.9075170835
6,3883,0.9075170835
6,3884,0.9075170835
6,3885,0.9075170835
6,3886,0.9075170835
6,3887,0.9075170835
6,3888,0.9075170835
6,3889,0.9075170835
6,3890,0.9075170835
6,3891,0.9075170835
6,3892,0.9075170835
6,3893,0.9075170835
6,3894,0.9075170835
6,3895,0.9075170835
6,3896,0.9075170835
6,3897,0.9075170835
6,3898,0.9075170835
6,3899,0.9075170835
6,3900,0.9075170835
6,3901,0.9075170835
6,3902,0.9075170835
6,3903,0.9075170835
6,3904,0.9075170835
6,3905,0.9075170835
6,3906,0.9075170835
6,3907,0.9075170835
6,3908,0.9075170835
6,3909,0.9075170835
6,3910,0.9075170835
6,3911,0.9075170835
6,3912,0.9075170835
6,3913,0.9075170835
6,3914,0.9075170835
6,3915,0.9075170835
6,3916,0.9075170835
6,3917,0.9075170835
6,3918,0.9075170835
6,3919,0.9075170835
6,3920,0.9075170835
6,3921,0.9075170835
6,3922,0.9075170835
6,3923,0.9075170835
6,3924,0.9075170835
6,3925,0.9075170835
6,3926,0.9075170835
6,3927,0.9075170835
6,3928,0.9075170835
6,3929,0.9075170835
6,3930,0.9075170835
6,3931,0.9075170835
6,3932,0.9075170835
6,3933,0.9075170835
6,3934,0.9075170835
6,3935,0.9075170835
6,3936,0.9075170835
6,3937,0.9075170835
6,3938,0.9075170835
6,3939,0.9075170835
6,3940,0.9075170835
6,3941,0.9075170835
6,3942,0.9075170835
6,3943,0.9075170835
6,3944,0.9075170835
6,3945,0.9075170835
6,3946,0.9075170835
6,3947,0.9075170835
6,3948,0.9075170835
6,3949,0.9075170835
6,3950,0.9075170835
6,3951,0.9075170835
6,3952,0.9075170835
6,3953,0.9075170835
6,3954,0.9075170835
6,3955,0.9075170835
6,3956,0.9075170835
6,3957,0.9075170835
6,3958,0.9075170835
6,3959,0.9075170835
6,3960,0.9075170835
6,3961,0.9075170835
6,3962,0.9075170835
6,3963,0.9075170835
6,3964,0.9075170835
6,3965,0.9075170835
6,3966,0.9075170835
6,3967,0.9075170835
6,3968,0.9075170835
6,3969,0.9075170835
6,3970,0.9075170835
6,3971,0.9075170835
6,3972,0.9075170835
6,3973,0.9075170835
6,3974,0.9075170835
6,3975,0.9075170835
6,3976,0.9075170835
6,3977,0.9075170835
6,3978,0.9075170835
6,3979,0.9075170835
6,3980,0.9075170835
6,3981,0.9075170835
6,3982,0.9075170835
6,3983,0.9075170835
6,3984,0.9075170835
6,3985,0.9075170835
6,3986,0.9075170835
6,3987,0.9075170835
6,3988,0.9075170835
6,3989,0.9075170835
6,3990,0.9075170835
6,3991,0.9075170835
6,3992,0.9075170835
6,3993,0.9075170835
6,3994,0.9075170835
6,3995,0.9075170835
6,3996,0.9075170835
6,3997,0.9075170835
6,3998,0.9075170835
6,3999,0.9075170835
6,4000,0.9075170835
6,4001,0.9075170835
6,4002,0.9075170835
6,4003,0.9075170835
6,4004,0.9075170835
6,4005,0.9075170835
6,4006,0.9075170835
6,4007,0.9075170835
6,4008,0.9075170835
6,4009,0.9075170835
6,4010,0.9075170835
6,4011,0.9075170835
6,4012,0.9075170835
6,4013,0.9075170835
6,4014,0.9075170835
6,4015,0.9075170835
6,4016,0.9075170835
6,4017,0.9075170835
6,4018,0.9075170835
6,4019,0.9075170835
6,4020,0.9075170835
6,4021,0.9075170835
6,4022,0.9075170835
6,4023,0.9075170835
6,4024,0.9075170835
6,4025,0.9075170835
6,4026,0.9075170835
6,4027,0.9075170835
6,4028,0.9075170835
6,4029,0.9075170835
6,4030,0.9075170835
6,4031,0.9075170835
6,4032,0.9075170835
6,4033,0.9075170835
6,4034,0.9075170835
6,4035,0.9075170835
6,4036,0.9075170835
6,4037,0.9075170835
6,4038,0.9075170835
6,4039,0.9075170835
6,4040,0.9075170835
6,4041,0.9075170835
6,4042,0.9075170835
6,4043,0.9075170835
6,4044,0.9075170835
6,4045,0.9075170835
6,4046,0.9075170835
6,4047,0.9075170835
6,4048,0.9075170835
6,4049,0.9075170835
6,4050,0.9075170835
6,4051,0.9075170835
6,4052,0.9075170835
6,4053,0.9075170835
6,4054,0.9075170835
6,4055,0.9075170835
6,4056,0.9075170835
6,4057,0.9075170835
6,4058,0.9075170835
6,4059,0.9075170835
6,4060,0.9075170835
6,4061,0.9075170835
6,4062,0.9075170835
6,4063,0.9075170835
6,4064,0.9075170835
6,4065,0.9075170835
6,4066,0.9075170835
6,4067,0.9075170835
6,4068,0.9075170835
6,4069,0.9075170835
6,4070,0.9075170835
6,4071,0.9075170835
6,4072,0.9075170835
6,4073,0.9075170835
6,4074,0.9075170835
6,4075,0.9075170835
6,4076,0.9075170835
6,4077,0.9075170835
6,4078,0.9075170835
6,4079,0.9075170835
6,4080,0.9075170835
6,4081,0.9075170835
6,4082,0.9075170835
6,4083,0.9075170835
6,4084,0.9075170835
6,4085,0.9075170835
6,4086,0.9075170835
6,4087,0.9075170835
6,4088,0.9075170835
6,4089,0.9075170835
6,4090,0.9075170835
6,4091,0.9075170835
6,4092,0.9075170835
6,4093,0.9075170835
6,4094,0.9075170835
6,4095,0.9075170835
6,4096,0.9075170835
6,4097,0.9075170835
6,4098,0.9075170835
6,4099,0.9075170835
6,4100,0.9075170835
6,4101,0.9075170835
6,4102,0.9075170835
6,4103,0.9075170835
6,4104,0.9075170835
6,4105,0.9075170835
6,4106,0.9075170835
6,4107,0.9075170835
6,4108,0.9075170835
6,4109,0.9075170835
6,4110,0.9075170835
6,4111,0.9075170835
6,4112,0.9075170835
6,4113,0.9075170835
6,4114,0.9075170835
6,4115,0.9075170835
6,4116,0.9075170835
6,4117,0.9075170835
6,4118,0.9075170835
6,4119,0.9075170835
6,4120,0.9075170835
6,4121,0.9075170835
6,4122,0.9075170835
6,4123,0.9075170835
6,4124,0.9075170835
6,4125,0.9075170835
6,4126,0.9075170835
6,4127,0.9075170835
6,4128,0.9075170835
6,4129,0.9075170835
6,4130,0.9075170835
6,4131,0.9075170835
6,4132,0.9075170835
6,4133,0.9075170835
6,4134,0.9075170835
6,4135,0.9075170835
6,4136,0.9075170835
6,4137,0.9075170835
6,4138,0.9075170835
6,4139,0.9075170835
6,4140,0.9075170835
6,4141,0.9075170835
6,4142,0.9075170835
6,4143,0.9075170835
6,4144,0.9075170835
6,4145,0.9075170835
6,4146,0.9075170835
6,4147,0.9075170835
6,4148,0.9075170835
6,4149,0.9075170835
6,4150,0.9075170835
6,4151,0.9075170835
6,4152,0.9075170835
6,4153,0.9075170835
6,4154,0.9075170835
6,4155,0.9075170835
6,4156,0.9075170835
6,4157,0.9075170835
6,4158,0.9075170835
6,4159,0.9075170835
6,4160,0.9075170835
6,4161,0.9075170835
6,4162,0.9075170835
6,4163,0.9075170835
6,4164,0.9075170835
6,4165,0.9075170835
6,4166,0.9075170835
6,4167,0.9075170835
6,4168,0.9075170835
6,4169,0.9075170835
6,4170,0.9075170835
6,4171,0.9075170835
6,4172,0.9075170835
6,4173,0.9075170835
6,4174,0.9075170835
6,4175,0.9075170835
6,4176,0.9075170835
6,4177,0.9075170835
6,4178,0.9075170835
6,4179,0.9075170835
6,4180,0.9075170835
6,4181,0.9075170835
6,4182,0.9075170835
6,4183,0.9075170835
6,4184,0.9075170835
6,4185,0.9075170835
6,4186,0.9075170835
6,4187,0.9075170835
6,4188,0.9075170835
6,4189,0.9075170835
6,4190,0.9075170835
6,4191,0.9075170835
6,4192,0.9075170835
6,4193,0.9075170835
6,4194,0.9075170835
6,4195,0.9075170835
6,4196,0.9075170835
6,4197,0.9075170835
6,4198,0.9075170835
6,4199,0.9075170835
7,0,19.14083598
7,1,4.237123826
7,2,9.698797235
7,3,10.70356224
7,4,7.486375427
7,5,14.05649168
7,6,15.47997231
7,7,18.81833779
7,8,5.477303191
7,9,10.87131024
7,10,12.6647378
7,11,5.946384538
7,12,13.11529788
7,13,14.64739565
7,14,9.862362673
7,15,5.964763815
7,16,12.67959253
7,17,5.705863124
7,18,7.665906255
7,19,9.335072636
7,20,10.28076794
7,21,10.33117738
7,22,11.21014748
7,23,12.97986419
7,24,16.74115458
7,25,11.66493201
7,26,9.668558193
7,27,15.20971524
7,28,8.964850149
7,29,6.446318989
7,30,21.17449936
7,31,5.888989335
7,32,14.09633463
7,33,14.89841821
7,34,17.21247574
7,35,16.62875959
7,36,9.156790283
7,37,7.39362859
7,38,14.81326636
7,39,7.610640291
7,40,9.246653007
7,41,20.26889377
7,42,8.727472612
7,43,17.37067447
7,44,10.70431546
7,45,19.0618222
7,46,10.58105747
7,47,8.142692087
7,48,6.858286872
7,49,15.3123272
7,50,11.67536476
7,51,23.66868116
7,52,10.38271172
7,53,10.00121779
7,54,11.8111203
7,55,19.69077785
7,56,13.12376441
7,57,17.83483003
7,58,9.449942224
7,59,14.52979928
7,60,9.007613272
7,61,15.11115726
7,62,11.14528379
7,63,15.56546223
7,64,13.45878216
7,65,17.14809261
7,66,7.767656573
7,67,12.69404422
7,68,12.94467679
7,69,16.74661932
7,70,10.49124681
7,71,12.93667541
7,72,9.475674271
7,73,7.485419972
7,74,29.31671037
7,75,11.61249638
7,76,9.650810257
7,77,9.18572276
7,78,11.28200688
7,79,7.303125708
7,80,14.9184456
7,81,10.43168187
7,82,21.74162391
7,83,8.990818651
7,84,7.462354586
7,85,7.519260534
7,86,11.55176797
7,87,8.928263128
7,88,8.072715763
7,89,9.245733854
7,90,12.21472888
7,91,12.39571634
7,92,9.370397889
7,93,18.17485967
7,94,13.12492228
7,95,9.339633643
7,96,11.35749196
7,97,10.15131972
7,98,4.815960792
7,99,11.13007369
7,100,9.670728228
7,101,11.37063937
7,102,16.63280767
7,103,11.20333617
7,104,10.77830034
7,105,10.96848323
7,106,14.80607972
7,107,3.082842926
7,108,14.71313623
7,109,6.81584257
7,110,7.949568795
7,111,17.33857559
7,112,3.342000219
7,113,14.01500691
7,114,4.865809751
7,115,6.287220632
7,116,12.48970737
7,117,7.008761063
7,118,9.805441854
7,119,9.291537626
7,120,5.851837602
7,121,9.175417816
7,122,8.345246505
7,123,15.52099092
7,124,8.735619204
7,125,11.90778554
7,126,7.690668103
7,127,4.922746539
7,128,17.75747085
7,129,3.62416192
7,130,9.063081012
7,131,12.51047884
7,132,17.48384728
7,133,5.716961326
7,134,14.77728249
7,135,8.665071459
7,136,9.185095214
7,137,11.90025048
7,138,10.08863297
7,139,12.64948214
7,140,17.03985124
7,141,9.671024407
7,142,14.15326258
7,143,7.263537692
7,144,11.55373061
7,145,9.53391986
7,146,6.025831608
7,147,10.4109981
7,148,11.34431772
7,149,5.845443025
7,150,7.205443803
7,151,18.61217267
7,152,13.30378593
7,153,8.815812137
7,154,16.3020698
7,155,6.244776749
7,156,12.13400849
7,157,5.241845715
7,158,10.23257706
7,159,14.58474401
7,160,7.931470868
7,161,8.667551112
7,162,6.202938696
7,163,16.59329182
7,164,5.488955998
7,165,12.0903461
7,166,14.33659253
7,167,10.96617704
7,168,17.608011
7,169,6.942194755
7,170,13.05638116
7,171,10.38090041
7,172,8.200734641
7,173,8.64437949
7,174,8.465492477
7,175,10.95884777
7,176,8.448687175
7,177,14.97715429
7,178,13.73725426
7,179,9.417623658
7,180,9.216532955
7,181,13.28154809
7,182,21.81837771
7,183,7.105247209
7,184,20.54210969
7,185,9.194640795
7,186,15.13032811
7,187,5.366669743
7,188,26.49664956
7,189,6.349457298
7,190,8.793255242
7,191,8.232913127
7,192,9.844568005
7,193,13.77755512
7,194,14.31959756
7,195,6.419011227
7,196,6.891087392
7,197,6.187692576
7,198,11.43586035
7,199,9.5589322
7,200,11.37681617
7,201,8.382556836
7,202,16.72295592
7,203,14.97214225
7,204,15.67916224
7,205,9.838590338
7,206,7.9229515
7,207,15.24216773
7,208,4.268440224
7,209,7.999322996
7,210,8.107181039
7,211,8.832091537
7,212,12.4856113
7,213,14.78358237
7,214,9.995663103
7,215,5.859059238
7,216,4.806336503
7,217,12.31702779
7,218,14.51495243
7,219,5.675348782
7,220,10.61216825
7,221,8.738562636
7,222,5.605005327
7,223,10.5338729
7,224,8.287026649
7,225,7.945961965
7,226,16.07124301
7,227,7.752631176
7,228,6.109343783
7,229,16.27792412
7,230,5.947084294
7,231,7.77624582
7,232,16.57361438
7,233,13.16141477
7,234,7.916200587
7,235,12.44764424
7,236,12.67289138
7,237,15.37428542
7,238,11.38539737
7,239,13.67468637
7,240,7.826064681
7,241,6.91811251
7,242,12.24644042
7,243,6.552087609
7,244,9.541635372
7,245,8.708960156
7,246,9.466414118
7,247,19.15379883
7,248,7.702384175
7,249,7.29755889
7,250,10.91818059
7,251,12.47259142
7,252,11.0913851
7,253,15.2562551
7,254,11.77661384
7,255,5.657751484
7,256,19.50920326
7,257,11.21247807
7,258,5.541160773
7,259,15.16228723
7,260,12.97425932
7,261,8.823559237
7,262,8.981364118
7,263,6.443122349
7,264,8.71304117
7,265,11.26063662
7,266,10.7244189
7,267,7.094242977
7,268,19.09731168
7,269,9.01886309
7,270,8.144828502
7,271,18.83115294
7,272,9.526329939
7,273,10.22798554
7,274,8.489854638
7,275,11.01545763
7,276,9.198893273
7,277,13.90148709
7,278,6.12966865
7,279,11.2402517
7,280,11.69066877
7,281,4.498904637
7,282,11.11808276
7,283,7.657437732
7,284,6.725897846
7,285,7.542062774
7,286,10.84906889
7,287,7.171546526
7,288,13.05495565
7,289,4.563101872
7,290,12.48274589
7,291,5.811977663
7,292,12.18215823
7,293,9.416349511
7,294,16.17072737
7,295,4.768204055
7,296,10.1295946
7,297,6.013254199
7,298,12.7843004
7,299,4.011872926
7,300,6.616900528
7,301,7.357345905
7,302,4.514124807
7,303,10.7820801
7,304,6.906089035
7,305,17.10431545
7,306,9.677754164
7,307,11.40905635
7,308,8.902939714
7,309,11.20771928
7,310,11.96366191
7,311,12.74767029
7,312,14.1080951
7,313,8.408110576
7,314,15.32498021
7,315,3.407087922
7,316,14.14018874
7,317,6.783060009
7,318,12.71198219
7,319,8.66601713
7,320,11.96742455
7,321,9.216149857
7,322,6.215861151
7,323,15.50519351
7,324,9.339491089
7,325,13.92533853
7,326,6.249349096
7,327,10.61882931
7,328,5.993056394
7,329,2.283025604
7,330,8.119715156
7,331,8.580080143
7,332,12.48551475
7,333,4.377910205
7,334,14.73313051
7,335,5.058128989
7,336,9.632539779
7,337,7.226168578
7,338,7.421303839
7,339,6.463239144
7,340,14.29779902
7,341,7.357209272
7,342,12.15542096
7,343,7.987605659
7,344,5.295605228
7,345,8.857126462
7,346,5.492410637
7,347,7.796190663
7,348,13.49256842
7,349,12.03534155
7,350,6.905865028
7,351,7.007286985
7,352,11.5969701
7,353,11.32027938
7,354,16.71307177
7,355,12.0322383
7,356,15.50794298
7,357,6.610637809
7,358,6.312324055
7,359,8.437781956
7,360,8.982511181
7,361,7.370211891
7,362,17.60091712
7,363,10.08466123
7,364,4.679776316
7,365,10.37609433
7,366,11.43287621
7,367,7.162723324
7,368,9.502774757
7,369,9.907842534
7,370,4.158334823
7,371,12.25663608
7,372,10.71470376
7,373,10.80668519
7,374,3.475705083
7,375,7.427969005
7,376,11.5127101
7,377,10.09242503
7,378,7.376319181
7,379,7.175060899
7,380,10.64937292
7,381,3.61603359
7,382,6.488442767
7,383,6.245651389
7,384,6.950052549
7,385,6.413287839
7,386,4.802220046
7,387,6.312324055
7,388,5.896040218
7,389,9.681844784
7,390,7.769040147
7,391,4.158334823
7,392,15.88054647
7,393,5.713478857
7,394,11.0363075
7,395,12.49036163
7,396,8.354186476
7,397,8.296785943
7,398,4.684101042
7,399,4.895839027
7,400,14.79099309
7,401,6.697387565
7,402,5.854217243
7,403,10.56395363
7,404,7.282264649
7,405,7.512201168
7,406,8.193954815
7,407,7.000076448
7,408,4.64932895
7,409,17.66447638
7,410,9.161035068
7,411,15.04424318
7,412,6.861509887
7,413,6.537695153
7,414,3.731777299
7,415,6.317660042
7,416,12.59158356
7,417,13.05964415
7,418,6.463249234
7,419,7.466255613
7,420,8.434195347
7,421,11.14939304
7,422,6.431868073
7,423,11.02113018
7,424,5.772404421
7,425,2.778577359
7,426,4.757223516
7,427,8.787540548
7,428,7.504458342
7,429,10.30072362
7,430,9.525468672
7,431,5.934437203
7,432,11.68642093
7,433,6.098512955
7,434,8.359048071
7,435,3.325606102
7,436,5.386822756
7,437,10.86340387
7,438,7.573703956
7,439,4.505090837
7,440,11.71408109
7,441,8.214815201
7,442,7.971804317
7,443,12.53039933
7,444,11.85111857
7,445,6.826328138
7,446,6.911569056
7,447,8.177656226
7,448,10.78992866
7,449,11.03495491
7,450,6.345698275
7,451,6.857009293
7,452,10.58800698
7,453,6.529304538
7,454,7.677140536
7,455,6.716942847
7,456,8.782646753
7,457,15.45103858
7,458,3.143634711
7,459,9.871687956
7,460,7.829903974
7,461,5.342451605
7,462,6.427724092
7,463,7.494952206
7,464,9.983747142
7,465,4.526329874
7,466,10.49800365
7,467,3.748207784
7,468,5.395135782
7,469,5.843761231
7,470,4.940105139
7,471,6.175040377
7,472,4.485602741
7,473,7.747291771
7,474,4.067182132
7,475,7.323318771
7,476,8.471211879
7,477,5.880745978
7,478,10.74709016
7,479,2.612925006
7,480,13.3314306
7,481,5.964734729
7,482,6.217839056
7,483,7.75424033
7,484,4.916823831
7,485,13.58624265
7,486,7.674773748
7,487,10.00509781
7,488,7.725138309
7,489,6.025118913
7,490,9.032946019
7,491,12.06594508
7,492,9.860072457
7,493,7.408872734
7,494,7.123716168
7,495,9.877895455
7,496,6.046774742
7,497,4.950271998
7,498,7.123848056
7,499,10.10819839
7,500,10.11995829
7,501,7.52527875
7,502,7.294566691
7,503,8.043199202
7,504,7.917966471
7,505,10.28558194
7,506,6.701274742
7,507,10.49558632
7,508,5.066058902
7,509,3.214958303
7,510,8.233067908
7,511,4.828528596
7,512,5.722889634
7,513,9.365807723
7,514,10.68023975
7,515,7.068163963
7,516,4.726916059
7,517,6.782607307
7,518,3.841112279
7,519,10.73818494
7,520,7.810890614
7,521,7.377406162
7,522,10.44460874
7,523,10.35526799
7,524,10.41001384
7,525,8.287026649
7,526,3.987799711
7,527,7.044077277
7,528,5.874427673
7,529,9.80614175
7,530,8.78168151
7,531,12.01057741
7,532,6.308766938
7,533,8.079685961
7,534,3.449519902
7,535,7.862789149
7,536,11.76053434
7,537,4.985140331
7,538,4.281501718
7,539,7.376618459
7,540,9.047342331
7,541,8.241601454
7,542,8.050397436
7,543,4.612457862
7,544,6.005557103
7,545,3.864378185
7,546,6.395343917
7,547,6.93853493
7,548,5.969408445
7,549,4.516743644
7,550,5.93539973
7,551,4.060317399
7,552,5.001734365
7,553,6.499104736
7,554,5.555051447
7,555,4.24828047
7,556,5.220438925
7,557,5.440801125
7,558,8.128329185
7,559,4.341366819
7,560,7.104399772
7,561,7.854607272
7,562,7.848030975
7,563,6.742732783
7,564,5.220438925
7,565,8.714285589
7,566,6.096589382
7,567,7.794269456
7,568,4.090716935
7,569,5.889619313
7,570,4.181001547
7,571,5.625319185
7,572,8.7673093
7,573,1.517232684
7,574,3.272246399
7,575,7.538972732
7,576,7.289562938
7,577,6.497547602
7,578,6.553288848
7,579,3.388851443
7,580,6.816305756
7,581,3.527254998
7,582,5.905320828
7,583,3.019738845
7,584,5.230726273
7,585,6.36027846
7,586,9.382592699
7,587,7.301560379
7,588,8.353645012
7,589,4.281545019
7,590,4.872771881
7,591,5.71973568
7,592,4.317012959
7,593,6.758879205
7,594,8.800065051
7,595,4.780151321
7,596,7.244571651
7,597,5.725270197
7,598,5.772010161
7,599,5.333498123
7,600,3.67265646
7,601,7.639652591
7,602,9.88899627
7,603,3.221920804
7,604,8.688644409
7,605,6.848768414
7,606,6.917156776
7,607,9.01374017
7,608,4.625744453
7,609,8.820644997
7,610,3.59835167
7,611,5.454401348
7,612,4.954925225
7,613,6.280511863
7,614,5.640883213
7,615,14.02678914
7,616,5.168962207
7,617,3.071190119
7,618,4.483679168
7,619,5.599340812
7,620,5.423917986
7,621,6.183842425
7,622,13.17965706
7,623,6.150821556
7,624,4.198373473
7,625,3.639618087
7,626,3.366043209
7,627,6.840760326
7,628,8.410827826
7,629,3.50381176
7,630,9.064587552
7,631,8.252058211
7,632,4.151199901
7,633,7.486467506
7,634,3.5757452
7,635,3.917655508
7,636,5.281296551
7,637,5.546895202
7,638,6.59480031
7,639,5.993370312
7,640,5.744256202
7,641,9.879441156
7,642,6.334400196
7,643,5.900517313
7,644,4.263776083
7,645,6.905382856
7,646,5.399795858
7,647,4.854181249
7,648,4.170282089
7,649,6.347051622
7,650,4.647307439
7,651,2.800518426
7,652,6.221391024
7,653,3.416295607
7,654,5.264968349
7,655,5.40753256
7,656,4.300647171
7,657,7.392592316
7,658,8.37865767
7,659,8.476120567
7,660,9.398846834
7,661,7.466758718
7,662,3.235857559
7,663,10.4948304
7,664,3.943943339
7,665,8.59610676
7,666,7.046304784
7,667,4.376808236
7,668,5.009605094
7,669,4.261604732
7,670,2.22986486
7,671,4.956040409
7,672,4.609377461
7,673,6.15895327
7,674,2.026693081
7,675,5.57407246
7,676,7.590754956
7,677,4.67328039
7,678,7.544557183
7,679,3.081060613
7,680,9.597047748
7,681,5.031316262
7,682,4.483780523
7,683,3.742667304
7,684,3.25786704
7,685,7.229714651
7,686,1
7,687,4.393220374
7,688,4.529448245
7,689,11.64299572
7,690,4.08788618
7,691,4.690334218
7,692,7.577061042
7,693,6.889555837
7,694,2.543965211
7,695,5.266779654
7,696,6.375401281
7,697,5.444403649
7,698,3.035691249
7,699,6.625763813
7,700,5.948328964
7,701,3.175278031
7,702,5.41204147
7,703,7.39213208
7,704,2.69009958
7,705,2.072496151
7,706,7.279868708
7,707,5.004504103
7,708,6.254829787
7,709,7.720941415
7,710,5.688141914
7,711,2.375469075
7,712,4.668692722
7,713,8.106659496
7,714,6.000038158
7,715,2.543965211
7,716,9.104903117
7,717,4.908229642
7,718,10.88245217
7,719,4.237123826
7,720,2.834378803
7,721,4.549776217
7,722,6.77551654
7,723,3.430140985
7,724,4.931116587
7,725,4.069075439
7,726,4.092225422
7,727,1.216950359
7,728,6.888462769
7,729,1.017935929
7,730,3.49177021
7,731,6.708577379
7,732,11.81647486
7,733,5.637113252
7,734,3.438871163
7,735,4.295371463
7,736,5.017711785
7,737,6.095080382
7,738,5.333498123
7,739,3.525322257
7,740,8.439430939
7,741,2.866033758
7,742,2.243682886
7,743,3.710833637
7,744,1.690834655
7,745,7.244733511
7,746,7.517591581
7,747,4.764603032
7,748,7.120199433
7,749,6.515684686
7,750,2.093405193
7,751,4.553898925
7,752,4.549776217
7,753,5.761040226
7,754,2.889536749
7,755,6.044457387
7,756,7.349405308
7,757,4.685689588
7,758,2.736560804
7,759,1.08057851
7,760,1.85112727
7,761,9.492160287
7,762,5.087711628
7,763,3.32917212
7,764,5.101241153
7,765,4.003029303
7,766,6.97133632
7,767,6.28250385
7,768,2.778577359
7,769,6.733141635
7,770,5.340572308
7,771,7.297609308
7,772,7.022071176
7,773,3.629249699
7,774,7.719494678
7,775,5.899696061
7,776,3.694107499
7,777,5.03427566
7,778,3.256343222
7,779,4.910751485
7,780,5.620966831
7,781,5.489519038
7,782,9.88488002
7,783,6.686122885
7,784,3.478543372
7,785,2.650851077
7,786,4.680842646
7,787,4.4672281
7,788,4.044414222
7,789,3.235025768
7,790,6.656142628
7,791,5.657751484
7,792,3.812734055
7,793,4.52651949
7,794,5.921144143
7,795,5.901615124
7,796,8.426951058
7,797,5.395464334
7,798,1.744111979
7,799,3.595148417
7,800,5.050423665
7,801,3.869855037
7,802,4.938370638
7,803,3.357036985
7,804,3.37517045
7,805,6.789067727
7,806,6.291076888
7,807,4.062423775
7,808,12.03841147
7,809,7.009133035
7,810,6.668948798
7,811,5.434281579
7,812,2.438564791
7,813,6.730431105
7,814,8.588892725
7,815,5.992937698
7,816,4.029395167
7,817,3.123635729
7,818,1
7,819,0.9090911145
7,820,5.969675887
7,821,3.019738845
7,822,1.708814921
7,823,4.386295445
7,824,5.639284604
7,825,6.444428334
7,826,4.038306932
7,827,3.501073273
7,828,4.373826561
7,829,3.718449439
7,830,1.744111979
7,831,0.9075170835
7,832,2.69009958
7,833,3.972938785
7,834,5.361370713
7,835,5.214625191
7,836,4.83886059
7,837,2.218212053
7,838,1.017935929
7,839,3.353653026
7,840,3.827319367
7,841,9.561624805
7,842,4.667590695
7,843,8.089286312
7,844,5.736246028
7,845,3.99050629
7,846,3.927892795
7,847,4.534704754
7,848,3.039392795
7,849,6.645879459
7,850,7.463244902
7,851,4.529682951
7,852,8.076985576
7,853,5.214219306
7,854,4.924671506
7,855,2.827883378
7,856,3.316164954
7,857,1.06305627
7,858,1
7,859,3.126041405
7,860,2.678007903
7,861,4.576210736
7,862,4.884552152
7,863,2.658911632
7,864,2.650851077
7,865,2.211928932
7,866,3.531679004
7,867,3.783504773
7,868,2.380355395
7,869,4.808016186
7,870,3.171640947
7,871,2.380355395
7,872,4.142608026
7,873,4.636364337
7,874,7.508475696
7,875,1.870913994
7,876,4.058974421
7,877,3.239856733
7,878,2.675981276
7,879,3.232480544
7,880,6.109767023
7,881,5.067488436
7,882,2.280854635
7,883,3.123635729
7,884,0.9090911145
7,885,3.479787913
7,886,4.383769512
7,887,4.540149518
7,888,4.174113259
7,889,5.425722463
7,890,7.108023902
7,891,7.862396253
7,892,3.945987533
7,893,2.61245793
7,894,2.834378803
7,895,2.073544305
7,896,1
7,897,1.744111979
7,898,3.898952484
7,899,4.107271523
7,900,3.22967136
7,901,5.048412249
7,902,5.040822329
7,903,5.046315479
7,904,1.898077134
7,905,3.592284327
7,906,2.107311037
7,907,9.87154114
7,908,3.175278031
7,909,5.083462038
7,910,5.555832139
7,911,1.517232684
7,912,1.253108752
7,913,2.494385962
7,914,2.273484532
7,915,3.22543462
7,916,5.744256202
7,917,2.902763587
7,918,4.261488152
7,919,5.173076385
7,920,3.761705217
7,921,2.088214766
7,922,2.226461306
7,923,6.416853486
7,924,5.746209536
7,925,2.970573285
7,926,4.875861923
7,927,2.163405036
7,928,2.829875365
7,929,1.917173405
7,930,1.467653435
7,931,5.164327313
7,932,3.47817058
7,933,2.119446015
7,934,1.708814921
7,935,3.015126676
7,936,2.026693081
7,937,1.40220167
7,938,2.603712948
7,939,4.668786937
7,940,2.675981276
7,941,5.28100437
7,942,1.253108752
7,943,2.163405036
7,944,2.673918223
7,945,1.854530824
7,946,3.478543372
7,947,3.210575089
7,948,6.228901485
7,949,3.449519902
7,950,4.93269105
7,951,1
7,952,3.621961145
7,953,2.612925006
7,954,4.319414453
7,955,1.467653435
7,956,2.844138097
7,957,2.056067097
7,958,1
7,959,2.603712948
7,960,3.019738845
7,961,3.48739228
7,962,2.631058472
7,963,1.23694941
7,964,3.319239968
7,965,1.917173405
7,966,2.494385962
7,967,2.273484532
7,968,2.844138097
7,969,3.082842926
7,970,3.694107499
7,971,5.525278887
7,972,5.884880225
7,973,4.395507503
7,974,2.280854635
7,975,1.08057851
7,976,1.08057851
7,977,2.863628083
7,978,2.243682886
7,979,4.198563939
7,980,2.924809661
7,981,1.061482239
7,982,1.862780077
7,983,2.42887929
7,984,1.08057851
7,985,1.08057851
7,986,2.736560804
7,987,1.08057851
7,988,1.08057851
7,989,4.726955505
7,990,0.9090911145
7,991,5.161338394
7,992,2.654408263
7,993,3.716875409
7,994,3.059419117
7,995,2.044668456
7,996,3.054806949
7,997,4.368359885
7,998,2.438564791
7,999,2.660485663
7,1000,1.06305627
7,1001,4.924938949
7,1002,5.068262672
7,1003,3.158220091
7,1004,4.162937892
7,1005,4.514384944
7,1006,7.255098044
7,1007,6.352114488
7,1008,4.468739161
7,1009,4.428929168
7,1010,4.885835135
7,1011,1.849553239
7,1012,4.12690394
7,1013,1.517232684
7,1014,2.39344445
7,1015,2.615365322
7,1016,1.854530824
7,1017,3.470059043
7,1018,1.08057851
7,1019,1.08057851
7,1020,2.107311037
7,1021,5.966384532
7,1022,3.652904678
7,1023,4.387869475
7,1024,4.054259535
7,1025,3.511002141
7,1026,1.862780077
7,1027,4.105565633
7,1028,3.61603359
7,1029,2.243682886
7,1030,2.200276125
7,1031,3.890375705
7,1032,2.970573285
7,1033,1.862780077
7,1034,2.121020046
7,1035,1.744111979
7,1036,0.9075170835
7,1037,3.146178542
7,1038,4.029877338
7,1039,2.565606706
7,1040,4.837389445
7,1041,3.80716818
7,1042,1.061482239
7,1043,1.862780077
7,1044,2.42887929
7,1045,1
7,1046,1.405010854
7,1047,1.017935929
7,1048,1.017935929
7,1049,3.637113321
7,1050,3.353653026
7,1051,1.517232684
7,1052,1.253108752
7,1053,1
7,1054,1.405010854
7,1055,1.253108752
7,1056,1
7,1057,0.9090911145
7,1058,1
7,1059,3.496528567
7,1060,3.78000504
7,1061,1.870913994
7,1062,1.870913994
7,1063,3.082842926
7,1064,3.069616088
7,1065,4.326620095
7,1066,2.597429393
7,1067,1.253108752
7,1068,1.216950359
7,1069,2.163405036
7,1070,1.017935929
7,1071,1.854530824
7,1072,1
7,1073,2.375508521
7,1074,2.315326066
7,1075,2.417226484
7,1076,1.08057851
7,1077,1.08057851
7,1078,2.107311037
7,1079,2.280854635
7,1080,1.917173405
7,1081,3.231099202
7,1082,2.78015139
7,1083,3.362924838
7,1084,0.9090911145
7,1085,2.121020046
7,1086,0.9090911145
7,1087,0.9090911145
7,1088,0.9090911145
7,1089,0.9090911145
7,1090,1.882358519
7,1091,1.744111979
7,1092,0.9075170835
7,1093,1.708814921
7,1094,1.405010854
7,1095,1.253108752
7,1096,1.216950359
7,1097,2.107311037
7,1098,3.11744953
7,1099,1.467653435
7,1100,1
7,1101,1
7,1102,0.9090911145
7,1103,0.9090911145
7,1104,2.121020046
7,1105,1
7,1106,1.405010854
7,1107,3.478543372
7,1108,3.014532306
7,1109,1.06305627
7,1110,1.216950359
7,1111,1
7,1112,2.261758364
7,1113,1.061482239
7,1114,2.654408263
7,1115,0.9075170835
7,1116,0.9075170835
7,1117,1.708814921
7,1118,2.616939786
7,1119,1.253108752
7,1120,1.216950359
7,1121,3.502950424
7,1122,2.163405036
7,1123,3.1196205
7,1124,0.9075170835
7,1125,0.9075170835
7,1126,0.9075170835
7,1127,0.9075170835
7,1128,0.9075170835
7,1129,2.920743853
7,1130,2.431743381
7,1131,1.253108752
7,1132,1
7,1133,1.216950359
7,1134,1.08057851
7,1135,2.943905932
7,1136,1.467653435
7,1137,1
7,1138,1.405010854
7,1139,1.017935929
7,1140,1.017935929
7,1141,1.017935929
7,1142,2.044668456
7,1143,3.851721572
7,1144,3.652904678
7,1145,1.40220167
7,1146,1.40220167
7,1147,1.40220167
7,1148,2.375469075
7,1149,1.40220167
7,1150,1.40220167
7,1151,2.026693081
7,1152,1.40220167
7,1153,2.605286979
7,1154,1.253108752
7,1155,3.112221761
7,1156,5.301126742
7,1157,3.056609933
7,1158,2.565606706
7,1159,2.026693081
7,1160,4.158051572
7,1161,3.992448306
7,1162,2.141724095
7,1163,1.517232684
7,1164,1.517232684
7,1165,1.517232684
7,1166,1.253108752
7,1167,2.59245888
7,1168,2.204366676
7,1169,1.579875265
7,1170,1.467653435
7,1171,1
7,1172,2.415652453
7,1173,4.394504239
7,1174,1.579875265
7,1175,1.579875265
7,1176,1.579875265
7,1177,1
7,1178,1.216950359
7,1179,1
7,1180,1.216950359
7,1181,1
7,1182,3.035691249
7,1183,1.06305627
7,1184,2.261758364
7,1185,1.061482239
7,1186,2.088214766
7,1187,2.226461306
7,1188,3.214958303
7,1189,3.580288885
7,1190,1.06305627
7,1191,2.655982294
7,1192,0.9090911145
7,1193,0.9090911145
7,1194,0.9090911145
7,1195,2.107793208
7,1196,0.9075170835
7,1197,2.56841589
7,1198,2.881263351
7,1199,3.342000219
7,1200,1.517232684
7,1201,1.253108752
7,1202,1
7,1203,1.405010854
7,1204,1.253108752
7,1205,1
7,1206,2.603712948
7,1207,0.9075170835
7,1208,1.708814921
7,1209,3.621961145
7,1210,2.612925006
7,1211,3.607740061
7,1212,1.93424961
7,1213,2.072496151
7,1214,2.522016121
7,1215,2.989669556
7,1216,1.08057851
7,1217,1.08057851
7,1218,1.08057851
7,1219,1.08057851
7,1220,1.08057851
7,1221,2.107311037
7,1222,1.08057851
7,1223,1.08057851
7,1224,1.08057851
7,1225,1.08057851
7,1226,1.08057851
7,1227,1.08057851
7,1228,2.107311037
7,1229,1.08057851
7,1230,1.08057851
7,1231,1.08057851
7,1232,1.08057851
7,1233,1.08057851
7,1234,1.467653435
7,1235,1
7,1236,2.198702094
7,1237,0.9075170835
7,1238,2.735547448
7,1239,2.026693081
7,1240,1.40220167
7,1241,1.40220167
7,1242,1.40220167
7,1243,1.40220167
7,1244,1.40220167
7,1245,1.40220167
7,1246,2.375469075
7,1247,1.40220167
7,1248,1.40220167
7,1249,1.40220167
7,1250,1.40220167
7,1251,2.600903764
7,1252,3.463683841
7,1253,2.43699076
7,1254,2.876285766
7,1255,2.226461306
7,1256,1.06305627
7,1257,1.85112727
7,1258,1.06305627
7,1259,1.06305627
7,1260,2.036323675
7,1261,1.898077134
7,1262,1.061482239
7,1263,1.061482239
7,1264,1.061482239
7,1265,1.061482239
7,1266,2.088214766
7,1267,4.011872926
7,1268,2.438564791
7,1269,2.660485663
7,1270,1.06305627
7,1271,1.06305627
7,1272,1.06305627
7,1273,1.06305627
7,1274,1.06305627
7,1275,1.06305627
7,1276,1.06305627
7,1277,1.06305627
7,1278,1.06305627
7,1279,1.06305627
7,1280,1.06305627
7,1281,1.06305627
7,1282,1.06305627
7,1283,1.06305627
7,1284,3.235025768
7,1285,1.061482239
7,1286,1.061482239
7,1287,1.061482239
7,1288,1.862780077
7,1289,2.42887929
7,1290,1.467653435
7,1291,2.056067097
7,1292,2.056067097
7,1293,1
7,1294,1.253108752
7,1295,1.06305627
7,1296,1.06305627
7,1297,1.06305627
7,1298,1.06305627
7,1299,1.06305627
7,1300,1.06305627
7,1301,1.06305627
7,1302,1.06305627
7,1303,1.06305627
7,1304,1.06305627
7,1305,4.267422877
7,1306,2.791804196
7,1307,2.778577359
7,1308,3.234283528
7,1309,2.631058472
7,1310,2.02502041
7,1311,1.23694941
7,1312,2.073544305
7,1313,1.23694941
7,1314,1.23694941
7,1315,1.23694941
7,1316,1.23694941
7,1317,1.23694941
7,1318,1.23694941
7,1319,1.23694941
7,1320,1.23694941
7,1321,1.23694941
7,1322,1.23694941
7,1323,1.23694941
7,1324,3.501073273
7,1325,1.23694941
7,1326,1.23694941
7,1327,2.073544305
7,1328,2.211928932
7,1329,1.405010854
7,1330,1.253108752
7,1331,1.216950359
7,1332,1
7,1333,1.405010854
7,1334,1.017935929
7,1335,1.017935929
7,1336,1.017935929
7,1337,1.017935929
7,1338,1.017935929
7,1339,1.017935929
7,1340,1.017935929
7,1341,2.044668456
7,1342,2.218212053
7,1343,1.017935929
7,1344,1.017935929
7,1345,1.017935929
7,1346,1.017935929
7,1347,1.017935929
7,1348,1.017935929
7,1349,1.017935929
7,1350,1.017935929
7,1351,1.017935929
7,1352,1.017935929
7,1353,1.017935929
7,1354,1.017935929
7,1355,1.017935929
7,1356,1.017935929
7,1357,1.017935929
7,1358,1.017935929
7,1359,1.017935929
7,1360,1.017935929
7,1361,1.017935929
7,1362,1.017935929
7,1363,1.017935929
7,1364,1.017935929
7,1365,1.017935929
7,1366,1.017935929
7,1367,1.017935929
7,1368,1.017935929
7,1369,1.017935929
7,1370,1.017935929
7,1371,1.017935929
7,1372,1.017935929
7,1373,1.017935929
7,1374,1.017935929
7,1375,1.017935929
7,1376,1.017935929
7,1377,1.017935929
7,1378,1.017935929
7,1379,1.017935929
7,1380,1.017935929
7,1381,1.017935929
7,1382,1.017935929
7,1383,1.017935929
7,1384,1.017935929
7,1385,1.017935929
7,1386,1.017935929
7,1387,1.017935929
7,1388,1.017935929
7,1389,1.017935929
7,1390,3.234886219
7,1391,2.612925006
7,1392,1.253108752
7,1393,1
7,1394,1
7,1395,1.405010854
7,1396,1.017935929
7,1397,1.854530824
7,1398,1.253108752
7,1399,1.216950359
7,1400,1
7,1401,1.216950359
7,1402,1
7,1403,1
7,1404,1.405010854
7,1405,1.253108752
7,1406,1.216950359
7,1407,1
7,1408,1
7,1409,1.216950359
7,1410,1
7,1411,1
7,1412,1.216950359
7,1413,1
7,1414,1.405010854
7,1415,1.017935929
7,1416,1.017935929
7,1417,1.017935929
7,1418,1.017935929
7,1419,1.017935929
7,1420,1.017935929
7,1421,1.017935929
7,1422,1.017935929
7,1423,1.017935929
7,1424,1.017935929
7,1425,1.017935929
7,1426,1.017935929
7,1427,1.017935929
7,1428,1.017935929
7,1429,1.017935929
7,1430,1.017935929
7,1431,1.017935929
7,1432,1.017935929
7,1433,1.017935929
7,1434,1.017935929
7,1435,1.017935929
7,1436,1.017935929
7,1437,1.017935929
7,1438,1.017935929
7,1439,1.017935929
7,1440,1.017935929
7,1441,1.017935929
7,1442,1.017935929
7,1443,1.017935929
7,1444,1.017935929
7,1445,1.017935929
7,1446,1.017935929
7,1447,1.017935929
7,1448,1.017935929
7,1449,1.017935929
7,1450,1.017935929
7,1451,1.017935929
7,1452,1.017935929
7,1453,1.017935929
7,1454,1.017935929
7,1455,1.854530824
7,1456,1.253108752
7,1457,1
7,1458,1
7,1459,1
7,1460,1
7,1461,1.405010854
7,1462,1.253108752
7,1463,1.216950359
7,1464,1.08057851
7,1465,1.08057851
7,1466,1.08057851
7,1467,1.08057851
7,1468,1.08057851
7,1469,1.08057851
7,1470,1.08057851
7,1471,1.08057851
7,1472,1.08057851
7,1473,1.08057851
7,1474,1.08057851
7,1475,1.08057851
7,1476,1.08057851
7,1477,1.08057851
7,1478,1.08057851
7,1479,1.08057851
7,1480,1.08057851
7,1481,1.08057851
7,1482,1.08057851
7,1483,1.08057851
7,1484,1.08057851
7,1485,1.08057851
7,1486,1.08057851
7,1487,1.08057851
7,1488,1.08057851
7,1489,1.08057851
7,1490,1.08057851
7,1491,1.08057851
7,1492,1.08057851
7,1493,1.08057851
7,1494,1.917173405
7,1495,1.467653435
7,1496,1
7,1497,1
7,1498,1
7,1499,1
7,1500,1.744111979
7,1501,0.9075170835
7,1502,0.9075170835
7,1503,0.9075170835
7,1504,0.9075170835
7,1505,0.9075170835
7,1506,0.9075170835
7,1507,0.9075170835
7,1508,0.9075170835
7,1509,0.9075170835
7,1510,0.9075170835
7,1511,0.9075170835
7,1512,0.9075170835
7,1513,0.9075170835
7,1514,0.9075170835
7,1515,0.9075170835
7,1516,0.9075170835
7,1517,0.9075170835
7,1518,0.9075170835
7,1519,0.9075170835
7,1520,0.9075170835
7,1521,0.9075170835
7,1522,0.9075170835
7,1523,0.9075170835
7,1524,0.9075170835
7,1525,0.9075170835
7,1526,0.9075170835
7,1527,0.9075170835
7,1528,0.9075170835
7,1529,0.9075170835
7,1530,0.9075170835
7,1531,0.9075170835
7,1532,0.9075170835
7,1533,0.9075170835
7,1534,0.9075170835
7,1535,0.9075170835
7,1536,0.9075170835
7,1537,0.9075170835
7,1538,0.9075170835
7,1539,0.9075170835
7,1540,0.9075170835
7,1541,0.9075170835
7,1542,0.9075170835
7,1543,1.708814921
7,1544,1.253108752
7,1545,1
7,1546,1
7,1547,1
7,1548,1
7,1549,1
7,1550,1
7,1551,1
7,1552,1.216950359
7,1553,1
7,1554,1
7,1555,1
7,1556,1
7,1557,1.216950359
7,1558,2.204366676
7,1559,1.579875265
7,1560,1.579875265
7,1561,1.579875265
7,1562,1.579875265
7,1563,1.579875265
7,1564,1.579875265
7,1565,1.579875265
7,1566,1.579875265
7,1567,1.579875265
7,1568,1.579875265
7,1569,1.579875265
7,1570,1.467653435
7,1571,1
7,1572,1
7,1573,1.216950359
7,1574,1.467653435
7,1575,1
7,1576,1
7,1577,1
7,1578,1.216950359
7,1579,1
7,1580,1
7,1581,1.405010854
7,1582,1.253108752
7,1583,1
7,1584,1
7,1585,1
7,1586,1
7,1587,1
7,1588,1.253108752
7,1589,1.216950359
7,1590,1
7,1591,1
7,1592,1.216950359
7,1593,1.467653435
7,1594,1
7,1595,1.216950359
7,1596,1
7,1597,1.253108752
7,1598,1
7,1599,1.216950359
7,1600,1
7,1601,1
7,1602,1
7,1603,1.405010854
7,1604,1.253108752
7,1605,1.216950359
7,1606,1
7,1607,1
7,1608,1.253108752
7,1609,1
7,1610,1
7,1611,1.405010854
7,1612,1.253108752
7,1613,1
7,1614,1
7,1615,1
7,1616,1.216950359
7,1617,1
7,1618,1
7,1619,1.216950359
7,1620,1
7,1621,1
7,1622,1.405010854
7,1623,1.253108752
7,1624,1
7,1625,1.253108752
7,1626,1
7,1627,1.216950359
7,1628,1
7,1629,1.253108752
7,1630,1.216950359
7,1631,1
7,1632,1
7,1633,1
7,1634,1
7,1635,1
7,1636,1.405010854
7,1637,1.253108752
7,1638,1
7,1639,1
7,1640,1
7,1641,1
7,1642,1
7,1643,1
7,1644,1
7,1645,1
7,1646,1
7,1647,1.253108752
7,1648,1
7,1649,1.253108752
7,1650,1
7,1651,1.253108752
7,1652,1.216950359
7,1653,1
7,1654,1
7,1655,1
7,1656,1
7,1657,1.216950359
7,1658,1
7,1659,1
7,1660,1
7,1661,1
7,1662,1.216950359
7,1663,1
7,1664,1
7,1665,1
7,1666,1
7,1667,1.253108752
7,1668,1
7,1669,1.253108752
7,1670,1
7,1671,1.216950359
7,1672,1
7,1673,1.216950359
7,1674,1.467653435
7,1675,1
7,1676,1
7,1677,1
7,1678,1.253108752
7,1679,1
7,1680,1
7,1681,1
7,1682,1
7,1683,1
7,1684,1.216950359
7,1685,1
7,1686,1.253108752
7,1687,1
7,1688,1
7,1689,1
7,1690,1
7,1691,1
7,1692,1
7,1693,1
7,1694,1.253108752
7,1695,1.216950359
7,1696,1
7,1697,1.216950359
7,1698,1
7,1699,1
7,1700,1.216950359
7,1701,1
7,1702,1
7,1703,1.216950359
7,1704,1
7,1705,1.405010854
7,1706,1.253108752
7,1707,1
7,1708,1
7,1709,1.216950359
7,1710,1
7,1711,1
7,1712,1
7,1713,1
7,1714,1.744111979
7,1715,0.9075170835
7,1716,0.9075170835
7,1717,0.9075170835
7,1718,0.9075170835
7,1719,0.9075170835
7,1720,0.9075170835
7,1721,0.9075170835
7,1722,0.9075170835
7,1723,0.9075170835
7,1724,0.9075170835
7,1725,0.9075170835
7,1726,0.9075170835
7,1727,0.9075170835
7,1728,1.708814921
7,1729,1.253108752
7,1730,1
7,1731,1.216950359
7,1732,1
7,1733,1.216950359
7,1734,1
7,1735,1
7,1736,1.216950359
7,1737,1
7,1738,1
7,1739,1
7,1740,1
7,1741,1.216950359
7,1742,1
7,1743,1.216950359
7,1744,1
7,1745,1
7,1746,1
7,1747,1.405010854
7,1748,1.253108752
7,1749,1
7,1750,1
7,1751,1
7,1752,1
7,1753,1.253108752
7,1754,1
7,1755,1
7,1756,1
7,1757,1
7,1758,1
7,1759,1
7,1760,1
7,1761,1
7,1762,1
7,1763,1
7,1764,1
7,1765,1
7,1766,1.253108752
7,1767,1.216950359
7,1768,1
7,1769,1.405010854
7,1770,1.253108752
7,1771,1
7,1772,1
7,1773,1
7,1774,1
7,1775,1
7,1776,1.216950359
7,1777,1
7,1778,1
7,1779,1
7,1780,1
7,1781,1.216950359
7,1782,1
7,1783,1
7,1784,1
7,1785,1.216950359
7,1786,1.467653435
7,1787,1
7,1788,1
7,1789,1.253108752
7,1790,1
7,1791,1
7,1792,1
7,1793,1.216950359
7,1794,1
7,1795,1
7,1796,1
7,1797,1
7,1798,1
7,1799,1
7,1800,1
7,1801,1
7,1802,1
7,1803,1
7,1804,1
7,1805,1.253108752
7,1806,1
7,1807,1
7,1808,1.405010854
7,1809,1.253108752
7,1810,1
7,1811,1
7,1812,1.216950359
7,1813,1
7,1814,1
7,1815,1
7,1816,1
7,1817,1.216950359
7,1818,1
7,1819,1
7,1820,1.405010854
7,1821,1.253108752
7,1822,1
7,1823,1
7,1824,1
7,1825,1
7,1826,1
7,1827,1
7,1828,1
7,1829,1
7,1830,1
7,1831,1
7,1832,1
7,1833,1
7,1834,1
7,1835,1.253108752
7,1836,1
7,1837,1.405010854
7,1838,1.253108752
7,1839,1
7,1840,1
7,1841,1.253108752
7,1842,1
7,1843,1
7,1844,1
7,1845,1
7,1846,1
7,1847,1
7,1848,1
7,1849,1.216950359
7,1850,1
7,1851,1
7,1852,1
7,1853,1.216950359
7,1854,1
7,1855,1.405010854
7,1856,1.253108752
7,1857,1.216950359
7,1858,1
7,1859,1
7,1860,1
7,1861,1
7,1862,1.253108752
7,1863,1
7,1864,1
7,1865,1
7,1866,1
7,1867,1
7,1868,1
7,1869,1.216950359
7,1870,1
7,1871,1
7,1872,1
7,1873,1
7,1874,1
7,1875,1
7,1876,1
7,1877,1
7,1878,1
7,1879,1.216950359
7,1880,1
7,1881,1
7,1882,1
7,1883,1
7,1884,1
7,1885,1
7,1886,1
7,1887,1
7,1888,1
7,1889,1.216950359
7,1890,1
7,1891,1
7,1892,1
7,1893,1
7,1894,1
7,1895,1
7,1896,1.216950359
7,1897,1
7,1898,1.405010854
7,1899,1.253108752
7,1900,1.216950359
7,1901,1
7,1902,1
7,1903,1
7,1904,1
7,1905,1.216950359
7,1906,1
7,1907,1
7,1908,1
7,1909,1.216950359
7,1910,1
7,1911,1.216950359
7,1912,1
7,1913,1
7,1914,1.405010854
7,1915,1.253108752
7,1916,1
7,1917,1
7,1918,1
7,1919,1
7,1920,1
7,1921,1
7,1922,1
7,1923,1
7,1924,1
7,1925,1
7,1926,1
7,1927,1
7,1928,1
7,1929,1
7,1930,1
7,1931,1.253108752
7,1932,1
7,1933,1
7,1934,1
7,1935,1
7,1936,1
7,1937,1
7,1938,1
7,1939,1
7,1940,1
7,1941,1.253108752
7,1942,1
7,1943,1
7,1944,1
7,1945,1
7,1946,1
7,1947,1
7,1948,1.216950359
7,1949,1
7,1950,1
7,1951,1
7,1952,1
7,1953,1
7,1954,1
7,1955,1
7,1956,1
7,1957,1
7,1958,1
7,1959,1
7,1960,1
7,1961,1
7,1962,1
7,1963,1
7,1964,1
7,1965,1
7,1966,1.216950359
7,1967,1
7,1968,1
7,1969,1
7,1970,1
7,1971,1
7,1972,1
7,1973,1
7,1974,1
7,1975,1
7,1976,1
7,1977,1
7,1978,1
7,1979,1
7,1980,1
7,1981,1.216950359
7,1982,1
7,1983,1
7,1984,1
7,1985,1
7,1986,1
7,1987,1
7,1988,1
7,1989,1
7,1990,1
7,1991,1.216950359
7,1992,1
7,1993,1
7,1994,1.216950359
7,1995,1
7,1996,1
7,1997,1
7,1998,1
7,1999,1
7,2000,1
7,2001,1
7,2002,1
7,2003,1
7,2004,1
7,2005,1.216950359
7,2006,1
7,2007,1
7,2008,1
7,2009,1
7,2010,1
7,2011,1
7,2012,1
7,2013,1
7,2014,1
7,2015,1
7,2016,1
7,2017,1
7,2018,1
7,2019,1
7,2020,1
7,2021,1
7,2022,1
7,2023,1
7,2024,1
7,2025,1
7,2026,1
7,2027,1
7,2028,1
7,2029,1
7,2030,1
7,2031,1
7,2032,1
7,2033,1
7,2034,1
7,2035,1
7,2036,1
7,2037,1
7,2038,1
7,2039,1
7,2040,1
7,2041,1
7,2042,1
7,2043,1
7,2044,1
7,2045,1
7,2046,1
7,2047,1
7,2048,1
7,2049,1
7,2050,1
7,2051,1.216950359
7,2052,1
7,2053,1
7,2054,1
7,2055,1
7,2056,1
7,2057,1
7,2058,1.216950359
7,2059,1
7,2060,1
7,2061,1
7,2062,1
7,2063,1
7,2064,1.216950359
7,2065,1
7,2066,1.216950359
7,2067,1
7,2068,1
7,2069,1
7,2070,1
7,2071,1
7,2072,1.253108752
7,2073,1
7,2074,1
7,2075,1
7,2076,1
7,2077,1
7,2078,1
7,2079,1
7,2080,1
7,2081,1
7,2082,1
7,2083,1
7,2084,1
7,2085,1
7,2086,1
7,2087,1
7,2088,1.253108752
7,2089,1
7,2090,1
7,2091,1
7,2092,1
7,2093,1
7,2094,1
7,2095,1
7,2096,1
7,2097,1
7,2098,1
7,2099,1
7,2100,1
7,2101,1.253108752
7,2102,1
7,2103,1
7,2104,1
7,2105,1
7,2106,1
7,2107,1
7,2108,1
7,2109,1
7,2110,1
7,2111,1.253108752
7,2112,1
7,2113,1
7,2114,1
7,2115,1
7,2116,1
7,2117,1
7,2118,1
7,2119,1
7,2120,1
7,2121,1
7,2122,1
7,2123,1
7,2124,1
7,2125,1
7,2126,1
7,2127,1
7,2128,1
7,2129,1
7,2130,1
7,2131,1
7,2132,1
7,2133,1
7,2134,1
7,2135,1
7,2136,1
7,2137,1
7,2138,1
7,2139,1
7,2140,1
7,2141,1
7,2142,1
7,2143,1
7,2144,1
7,2145,1
7,2146,1
7,2147,1
7,2148,1
7,2149,1
7,2150,1
7,2151,1
7,2152,1
7,2153,1
7,2154,1
7,2155,1
7,2156,1
7,2157,1
7,2158,1
7,2159,1
7,2160,1
7,2161,1
7,2162,1
7,2163,1
7,2164,1
7,2165,1
7,2166,1.216950359
7,2167,1
7,2168,1
7,2169,1
7,2170,1
7,2171,1
7,2172,1
7,2173,1
7,2174,1
7,2175,1
7,2176,1
7,2177,1
7,2178,1
7,2179,1
7,2180,1
7,2181,1
7,2182,1
7,2183,1
7,2184,1
7,2185,1
7,2186,1
7,2187,1
7,2188,1
7,2189,1
7,2190,1
7,2191,1
7,2192,1
7,2193,1
7,2194,1
7,2195,1
7,2196,1
7,2197,1
7,2198,1
7,2199,1
7,2200,1
7,2201,1
7,2202,1
7,2203,1
7,2204,1
7,2205,1
7,2206,1
7,2207,1
7,2208,1
7,2209,1
7,2210,1
7,2211,1
7,2212,1
7,2213,1
7,2214,1
7,2215,1
7,2216,1
7,2217,1
7,2218,1
7,2219,1
7,2220,1
7,2221,1
7,2222,1
7,2223,1
7,2224,1
7,2225,1.216950359
7,2226,1
7,2227,1
7,2228,1
7,2229,1
7,2230,1
7,2231,1
7,2232,1
7,2233,1
7,2234,1
7,2235,1
7,2236,1
7,2237,1
7,2238,1
7,2239,1
7,2240,1
7,2241,1
7,2242,1
7,2243,1
7,2244,1
7,2245,1
7,2246,1
7,2247,1
7,2248,1
7,2249,1
7,2250,1
7,2251,1
7,2252,1
7,2253,1
7,2254,1
7,2255,1
7,2256,1
7,2257,1
7,2258,1
7,2259,1
7,2260,1
7,2261,1
7,2262,1
7,2263,1
7,2264,1
7,2265,1
7,2266,1
7,2267,1
7,2268,1
7,2269,1
7,2270,1
7,2271,1
7,2272,1
7,2273,1
7,2274,1
7,2275,1
7,2276,1
7,2277,1
7,2278,1
7,2279,1
7,2280,1
7,2281,1
7,2282,1
7,2283,1
7,2284,1
7,2285,1
7,2286,1
7,2287,1
7,2288,1
7,2289,1
7,2290,1
7,2291,1
7,2292,1
7,2293,1
7,2294,1
7,2295,1
7,2296,1
7,2297,1
7,2298,1
7,2299,1
7,2300,1
7,2301,1
7,2302,1
7,2303,1
7,2304,1
7,2305,1
7,2306,1
7,2307,1
7,2308,1
7,2309,1
7,2310,1
7,2311,1
7,2312,1
7,2313,1
7,2314,1
7,2315,1
7,2316,1
7,2317,1
7,2318,1
7,2319,1
7,2320,1
7,2321,1
7,2322,1
7,2323,1
7,2324,1
7,2325,1
7,2326,1
7,2327,1
7,2328,1
7,2329,1
7,2330,1
7,2331,1
7,2332,1
7,2333,1
7,2334,1
7,2335,1
7,2336,1
7,2337,1
7,2338,1
7,2339,1
7,2340,1
7,2341,1
7,2342,1
7,2343,1
7,2344,1
7,2345,1
7,2346,1
7,2347,1
7,2348,1
7,2349,1
7,2350,1
7,2351,1
7,2352,1
7,2353,1
7,2354,1
7,2355,1
7,2356,1
7,2357,1
7,2358,1
7,2359,1
7,2360,1
7,2361,1
7,2362,1
7,2363,1
7,2364,1
7,2365,1
7,2366,1
7,2367,1
7,2368,1
7,2369,1
7,2370,1
7,2371,1
7,2372,1
7,2373,1
7,2374,1
7,2375,1
7,2376,1
7,2377,1
7,2378,1
7,2379,1
7,2380,1
7,2381,1
7,2382,1
7,2383,1
7,2384,1
7,2385,1
7,2386,1
7,2387,1
7,2388,1
7,2389,1
7,2390,1
7,2391,1
7,2392,1
7,2393,1
7,2394,1
7,2395,1
7,2396,1
7,2397,1
7,2398,1
7,2399,1
7,2400,1
7,2401,1
7,2402,1
7,2403,1
7,2404,1
7,2405,1
7,2406,1
7,2407,1
7,2408,1
7,2409,1
7,2410,1
7,2411,1
7,2412,1
7,2413,1
7,2414,1
7,2415,1
7,2416,1
7,2417,1
7,2418,1
7,2419,1
7,2420,1
7,2421,1
7,2422,1
7,2423,1
7,2424,1
7,2425,1
7,2426,1
7,2427,1
7,2428,1
7,2429,1
7,2430,1
7,2431,1
7,2432,1
7,2433,1
7,2434,1
7,2435,1
7,2436,1
7,2437,1
7,2438,1
7,2439,1
7,2440,1
7,2441,1
7,2442,1
7,2443,1
7,2444,1
7,2445,1
7,2446,1
7,2447,1
7,2448,1
7,2449,1
7,2450,1
7,2451,1
7,2452,1
7,2453,1
7,2454,1
7,2455,1
7,2456,1
7,2457,1
7,2458,1
7,2459,1
7,2460,1
7,2461,1
7,2462,1
7,2463,1
7,2464,1
7,2465,1
7,2466,1
7,2467,1
7,2468,1
7,2469,1
7,2470,1
7,2471,1
7,2472,1
7,2473,1
7,2474,1
7,2475,1
7,2476,1
7,2477,1
7,2478,1
7,2479,1
7,2480,1
7,2481,1
7,2482,1
7,2483,1
7,2484,1
7,2485,1
7,2486,1
7,2487,1
7,2488,1
7,2489,1
7,2490,1
7,2491,1
7,2492,1
7,2493,1
7,2494,1
7,2495,1
7,2496,1
7,2497,1
7,2498,1
7,2499,1
7,2500,1
7,2501,1
7,2502,1
7,2503,1
7,2504,1
7,2505,1
7,2506,1
7,2507,1
7,2508,1
7,2509,1
7,2510,1
7,2511,1
7,2512,1
7,2513,1
7,2514,1
7,2515,1
7,2516,1
7,2517,1
7,2518,1
7,2519,1
7,2520,1
7,2521,1
7,2522,1
7,2523,1
7,2524,1
7,2525,1
7,2526,1
7,2527,1
7,2528,1
7,2529,1
7,2530,1
7,2531,1
7,2532,1
7,2533,1
7,2534,1
7,2535,1
7,2536,1
7,2537,1
7,2538,1
7,2539,1
7,2540,1
7,2541,1
7,2542,1
7,2543,1
7,2544,1
7,2545,1
7,2546,1
7,2547,1
7,2548,1
7,2549,1
7,2550,1
7,2551,1
7,2552,1
7,2553,1
7,2554,1
7,2555,1
7,2556,1
7,2557,1
7,2558,1
7,2559,1
7,2560,1
7,2561,1
7,2562,1
7,2563,1
7,2564,1
7,2565,1
7,2566,1
7,2567,1
7,2568,1
7,2569,1
7,2570,1
7,2571,1
7,2572,1
7,2573,1
7,2574,1
7,2575,1
7,2576,1
7,2577,1
7,2578,1
7,2579,1
7,2580,1
7,2581,1
7,2582,1
7,2583,1
7,2584,1
7,2585,1
7,2586,1
7,2587,1
7,2588,1
7,2589,1
7,2590,1
7,2591,1
7,2592,1
7,2593,1
7,2594,1
7,2595,1
7,2596,1
7,2597,1
7,2598,1
7,2599,1
7,2600,1
7,2601,1
7,2602,1
7,2603,1
7,2604,1
7,2605,1
7,2606,1
7,2607,1
7,2608,1
7,2609,1
7,2610,1
7,2611,1
7,2612,1
7,2613,1
7,2614,1
7,2615,1
7,2616,1
7,2617,1
7,2618,1
7,2619,1
7,2620,1
7,2621,1
7,2622,1
7,2623,1
7,2624,1
7,2625,1
7,2626,1
7,2627,1
7,2628,1
7,2629,1
7,2630,1
7,2631,1
7,2632,1
7,2633,1
7,2634,1
7,2635,1
7,2636,1
7,2637,1
7,2638,1
7,2639,1
7,2640,1
7,2641,1
7,2642,1
7,2643,1
7,2644,1
7,2645,1
7,2646,1
7,2647,1
7,2648,1
7,2649,1
7,2650,1
7,2651,1
7,2652,1
7,2653,1
7,2654,1
7,2655,1
7,2656,1
7,2657,1
7,2658,1
7,2659,1
7,2660,1
7,2661,1
7,2662,1
7,2663,1
7,2664,1
7,2665,1
7,2666,1
7,2667,1
7,2668,1
7,2669,1
7,2670,1
7,2671,1
7,2672,1
7,2673,1
7,2674,1
7,2675,1
7,2676,1
7,2677,1
7,2678,1
7,2679,1
7,2680,1
7,2681,1
7,2682,1
7,2683,1
7,2684,1
7,2685,1
7,2686,1
7,2687,1
7,2688,1
7,2689,1
7,2690,1
7,2691,1
7,2692,1
7,2693,1
7,2694,1
7,2695,1
7,2696,1
7,2697,1
7,2698,1
7,2699,1
7,2700,1
7,2701,1
7,2702,1
7,2703,1
7,2704,1
7,2705,1
7,2706,1
7,2707,1
7,2708,1
7,2709,1
7,2710,1
7,2711,1
7,2712,1
7,2713,1
7,2714,1
7,2715,1
7,2716,1
7,2717,1
7,2718,1
7,2719,1
7,2720,1
7,2721,1
7,2722,1
7,2723,1
7,2724,1
7,2725,1
7,2726,1
7,2727,1
7,2728,1
7,2729,1
7,2730,1
7,2731,1
7,2732,1
7,2733,1
7,2734,1
7,2735,1
7,2736,1
7,2737,1
7,2738,1
7,2739,1
7,2740,1
7,2741,1
7,2742,1
7,2743,1
7,2744,1
7,2745,1
7,2746,1
7,2747,1
7,2748,1
7,2749,1
7,2750,1
7,2751,1
7,2752,1
7,2753,1
7,2754,1
7,2755,1
7,2756,1
7,2757,1
7,2758,1
7,2759,1
7,2760,1
7,2761,1
7,2762,1
7,2763,1
7,2764,1
7,2765,1
7,2766,1
7,2767,1
7,2768,1
7,2769,1
7,2770,1
7,2771,1
7,2772,1
7,2773,1
7,2774,1
7,2775,1
7,2776,1
7,2777,1
7,2778,1
7,2779,1
7,2780,1
7,2781,1
7,2782,1
7,2783,1
7,2784,1
7,2785,1
7,2786,1
7,2787,1
7,2788,1
7,2789,1
7,2790,1
7,2791,1
7,2792,1
7,2793,1
7,2794,1
7,2795,1
7,2796,1
7,2797,1
7,2798,1
7,2799,1
7,2800,1
7,2801,1
7,2802,1
7,2803,1
7,2804,1
7,2805,1
7,2806,1
7,2807,1
7,2808,1
7,2809,1
7,2810,1
7,2811,1
7,2812,1
7,2813,1
7,2814,1
7,2815,1
7,2816,1
7,2817,1
7,2818,1
7,2819,1
7,2820,1
7,2821,1
7,2822,1
7,2823,1
7,2824,1
7,2825,1
7,2826,1
7,2827,1
7,2828,1
7,2829,1
7,2830,1
7,2831,1
7,2832,1
7,2833,1
7,2834,1
7,2835,1
7,2836,1
7,2837,1
7,2838,1
7,2839,1
7,2840,1
7,2841,1
7,2842,1
7,2843,1
7,2844,1
7,2845,1
7,2846,1
7,2847,1
7,2848,1
7,2849,1
7,2850,1
7,2851,1
7,2852,1
7,2853,1
7,2854,1
7,2855,1
7,2856,1
7,2857,1
7,2858,1
7,2859,1
7,2860,1
7,2861,1
7,2862,1
7,2863,1
7,2864,1
7,2865,1
7,2866,1
7,2867,1
7,2868,1
7,2869,1
7,2870,1
7,2871,1
7,2872,1
7,2873,1
7,2874,1
7,2875,1
7,2876,1
7,2877,1
7,2878,1
7,2879,1
7,2880,1
7,2881,1
7,2882,1
7,2883,1
7,2884,1
7,2885,1
7,2886,1
7,2887,1
7,2888,1
7,2889,1
7,2890,1
7,2891,1
7,2892,1
7,2893,1
7,2894,1
7,2895,1
7,2896,1
7,2897,1
7,2898,1
7,2899,1
7,2900,1
7,2901,1
7,2902,1
7,2903,1
7,2904,1
7,2905,1
7,2906,1
7,2907,1
7,2908,1
7,2909,1
7,2910,1
7,2911,1
7,2912,1
7,2913,1
7,2914,1
7,2915,1
7,2916,1
7,2917,1
7,2918,1
7,2919,1
7,2920,1
7,2921,1
7,2922,1
7,2923,1
7,2924,1
7,2925,1
7,2926,1
7,2927,1
7,2928,1
7,2929,1
7,2930,1
7,2931,1
7,2932,1
7,2933,1
7,2934,1
7,2935,1
7,2936,1
7,2937,1
7,2938,1
7,2939,1
7,2940,1
7,2941,1
7,2942,1
7,2943,1
7,2944,1
7,2945,1
7,2946,1
7,2947,1
7,2948,1
7,2949,1
7,2950,1
7,2951,1
7,2952,1
7,2953,1
7,2954,1
7,2955,1
7,2956,1
7,2957,1
7,2958,1
7,2959,1
7,2960,1
7,2961,1
7,2962,1
7,2963,1
7,2964,1
7,2965,1
7,2966,1
7,2967,1
7,2968,1
7,2969,1
7,2970,1
7,2971,1
7,2972,1
7,2973,1
7,2974,1
7,2975,1
7,2976,1
7,2977,1
7,2978,1
7,2979,1
7,2980,1
7,2981,1
7,2982,1
7,2983,1
7,2984,1
7,2985,1
7,2986,1
7,2987,1
7,2988,1
7,2989,1
7,2990,1
7,2991,1
7,2992,1
7,2993,1
7,2994,1
7,2995,1
7,2996,1
7,2997,1
7,2998,1
7,2999,1
7,3000,1
7,3001,1
7,3002,1
7,3003,1
7,3004,1
7,3005,1
7,3006,1
7,3007,1
7,3008,1
7,3009,1
7,3010,1
7,3011,1
7,3012,1
7,3013,1
7,3014,1
7,3015,1
7,3016,1
7,3017,1
7,3018,1
7,3019,1
7,3020,1
7,3021,1
7,3022,1
7,3023,1
7,3024,1
7,3025,1
7,3026,1
7,3027,1
7,3028,1
7,3029,1
7,3030,1
7,3031,1
7,3032,1
7,3033,1
7,3034,1
7,3035,1
7,3036,1
7,3037,1
7,3038,1
7,3039,1
7,3040,1
7,3041,1
7,3042,1
7,3043,1
7,3044,1
7,3045,1
7,3046,1
7,3047,1
7,3048,1
7,3049,1
7,3050,1
7,3051,1
7,3052,1
7,3053,1
7,3054,1
7,3055,1
7,3056,1
7,3057,1
7,3058,1
7,3059,1
7,3060,1
7,3061,1
7,3062,1
7,3063,1
7,3064,1
7,3065,1
7,3066,1
7,3067,1
7,3068,1
7,3069,1
7,3070,1
7,3071,1
7,3072,1
7,3073,1
7,3074,1
7,3075,1
7,3076,1
7,3077,1
7,3078,1
7,3079,1
7,3080,1
7,3081,1
7,3082,1
7,3083,1
7,3084,1
7,3085,1
7,3086,1
7,3087,1
7,3088,1
7,3089,1
7,3090,1
7,3091,1
7,3092,1
7,3093,1
7,3094,1
7,3095,1
7,3096,1
7,3097,1
7,3098,1
7,3099,1
7,3100,1
7,3101,1
7,3102,1
7,3103,1
7,3104,1
7,3105,1
7,3106,1
7,3107,1
7,3108,1
7,3109,1
7,3110,1
7,3111,1
7,3112,1
7,3113,1
7,3114,1
7,3115,1
7,3116,1
7,3117,1
7,3118,1
7,3119,1
7,3120,1
7,3121,1
7,3122,1
7,3123,1
7,3124,1
7,3125,1
7,3126,1
7,3127,1
7,3128,1
7,3129,1
7,3130,1
7,3131,1
7,3132,1
7,3133,1
7,3134,1
7,3135,1
7,3136,1
7,3137,1
7,3138,1
7,3139,1
7,3140,1
7,3141,1
7,3142,1
7,3143,1
7,3144,1
7,3145,1
7,3146,1
7,3147,1
7,3148,1
7,3149,1
7,3150,1
7,3151,1
7,3152,1
7,3153,1
7,3154,1
7,3155,1
7,3156,1
7,3157,1
7,3158,1
7,3159,1
7,3160,1
7,3161,1
7,3162,1
7,3163,1
7,3164,1
7,3165,1
7,3166,1
7,3167,1
7,3168,1
7,3169,1
7,3170,1
7,3171,1
7,3172,1
7,3173,1
7,3174,1
7,3175,1
7,3176,1
7,3177,1
7,3178,1
7,3179,1
7,3180,1
7,3181,1
7,3182,1
7,3183,1
7,3184,1
7,3185,1
7,3186,1
7,3187,1
7,3188,1
7,3189,1
7,3190,1
7,3191,1
7,3192,1
7,3193,1
7,3194,1
7,3195,1
7,3196,1
7,3197,1
7,3198,1
7,3199,1
7,3200,1
7,3201,1
7,3202,1
7,3203,1
7,3204,1
7,3205,1
7,3206,1
7,3207,1
7,3208,1
7,3209,1
7,3210,1
7,3211,1
7,3212,1
7,3213,1
7,3214,1
7,3215,1
7,3216,1
7,3217,1
7,3218,1
7,3219,1
7,3220,1
7,3221,1
7,3222,1
7,3223,1
7,3224,1
7,3225,1
7,3226,1
7,3227,1
7,3228,1
7,3229,1
7,3230,1
7,3231,1
7,3232,1
7,3233,1
7,3234,1
7,3235,1
7,3236,1
7,3237,1
7,3238,1
7,3239,1
7,3240,1
7,3241,1
7,3242,1
7,3243,1
7,3244,1
7,3245,1
7,3246,1
7,3247,1
7,3248,1
7,3249,1
7,3250,1
7,3251,1
7,3252,1
7,3253,1
7,3254,1
7,3255,1
7,3256,1
7,3257,1
7,3258,1
7,3259,1
7,3260,1
7,3261,1
7,3262,1
7,3263,1
7,3264,1
7,3265,1
7,3266,1
7,3267,1
7,3268,1
7,3269,1
7,3270,1
7,3271,1
7,3272,1
7,3273,1
7,3274,1
7,3275,1
7,3276,1
7,3277,1
7,3278,1
7,3279,1
7,3280,1
7,3281,1
7,3282,1
7,3283,1
7,3284,1
7,3285,1
7,3286,1
7,3287,1
7,3288,1
7,3289,1
7,3290,1
7,3291,1
7,3292,1
7,3293,1
7,3294,1
7,3295,1
7,3296,1
7,3297,1
7,3298,1
7,3299,1
7,3300,1
7,3301,1
7,3302,1
7,3303,1
7,3304,1
7,3305,1
7,3306,1
7,3307,1
7,3308,1
7,3309,1
7,3310,1
7,3311,1
7,3312,1
7,3313,1
7,3314,1
7,3315,1
7,3316,1
7,3317,1
7,3318,1
7,3319,1
7,3320,1
7,3321,1
7,3322,1
7,3323,1
7,3324,1
7,3325,1
7,3326,1
7,3327,1
7,3328,1
7,3329,1
7,3330,1
7,3331,1
7,3332,1
7,3333,1
7,3334,1
7,3335,1
7,3336,1
7,3337,1
7,3338,1
7,3339,1
7,3340,1
7,3341,1
7,3342,1
7,3343,1
7,3344,1
7,3345,1
7,3346,1
7,3347,1
7,3348,1
7,3349,1
7,3350,1
7,3351,1
7,3352,1
7,3353,1
7,3354,1
7,3355,1
7,3356,1
7,3357,1
7,3358,1
7,3359,1
7,3360,1
7,3361,1
7,3362,1
7,3363,1
7,3364,1
7,3365,1
7,3366,1
7,3367,1
7,3368,1
7,3369,1
7,3370,1
7,3371,1
7,3372,1
7,3373,1
7,3374,1
7,3375,1
7,3376,1
7,3377,1
7,3378,1
7,3379,1
7,3380,1
7,3381,1
7,3382,1
7,3383,1
7,3384,1
7,3385,1
7,3386,1
7,3387,1
7,3388,1
7,3389,1
7,3390,1
7,3391,1
7,3392,1
7,3393,1
7,3394,1
7,3395,1
7,3396,1
7,3397,1
7,3398,1
7,3399,1
7,3400,1
7,3401,1
7,3402,1
7,3403,1
7,3404,1
7,3405,1
7,3406,1
7,3407,1
7,3408,1
7,3409,1
7,3410,1
7,3411,1
7,3412,1
7,3413,1
7,3414,1
7,3415,1
7,3416,1
7,3417,1
7,3418,1
7,3419,1
7,3420,1
7,3421,1
7,3422,1
7,3423,1
7,3424,1
7,3425,1
7,3426,1
7,3427,1
7,3428,1
7,3429,1
7,3430,1
7,3431,1
7,3432,1
7,3433,1
7,3434,1
7,3435,1
7,3436,1
7,3437,1
7,3438,1
7,3439,1
7,3440,1
7,3441,1
7,3442,1
7,3443,1
7,3444,1
7,3445,1
7,3446,1
7,3447,1
7,3448,1
7,3449,1
7,3450,1
7,3451,1
7,3452,1
7,3453,1
7,3454,1
7,3455,1
7,3456,1
7,3457,1
7,3458,1
7,3459,1
7,3460,1
7,3461,1
7,3462,1
7,3463,1
7,3464,1
7,3465,1
7,3466,1
7,3467,1
7,3468,1
7,3469,1
7,3470,1
7,3471,1
7,3472,1
7,3473,1
7,3474,1
7,3475,1
7,3476,1
7,3477,1
7,3478,1
7,3479,1
7,3480,1
7,3481,1
7,3482,1
7,3483,1
7,3484,1
7,3485,1
7,3486,1
7,3487,1
7,3488,1
7,3489,1
7,3490,1
7,3491,1
7,3492,1
7,3493,1
7,3494,1
7,3495,1
7,3496,1
7,3497,1
7,3498,1
7,3499,1
7,3500,1
7,3501,1
7,3502,1
7,3503,1
7,3504,1
7,3505,1
7,3506,1
7,3507,1
7,3508,1
7,3509,1
7,3510,1
7,3511,1
7,3512,1
7,3513,1
7,3514,1
7,3515,1
7,3516,1
7,3517,1
7,3518,1
7,3519,1
7,3520,1
7,3521,1
7,3522,1
7,3523,1
7,3524,1
7,3525,1
7,3526,1
7,3527,1
7,3528,1
7,3529,1
7,3530,1
7,3531,1
7,3532,1
7,3533,1
7,3534,1
7,3535,1
7,3536,1
7,3537,1
7,3538,1
7,3539,1
7,3540,1
7,3541,1
7,3542,1
7,3543,1
7,3544,1
7,3545,1
7,3546,1
7,3547,1
7,3548,1
7,3549,1
7,3550,1
7,3551,1
7,3552,1
7,3553,1
7,3554,1
7,3555,1
7,3556,1
7,3557,1
7,3558,1
7,3559,1
7,3560,1
7,3561,1
7,3562,1
7,3563,1
7,3564,1
7,3565,1
7,3566,1
7,3567,1
7,3568,1
7,3569,1
7,3570,1
7,3571,1
7,3572,1
7,3573,1
7,3574,1
7,3575,1
7,3576,1
7,3577,1
7,3578,1
7,3579,1
7,3580,1
7,3581,1
7,3582,1
7,3583,1
7,3584,1
7,3585,1
7,3586,1
7,3587,1
7,3588,1
7,3589,1
7,3590,1
7,3591,1
7,3592,1
7,3593,1
7,3594,1
7,3595,1
7,3596,1
7,3597,1
7,3598,1
7,3599,1
7,3600,1
7,3601,1
7,3602,1
7,3603,1
7,3604,1
7,3605,1
7,3606,1
7,3607,1
7,3608,1
7,3609,1
7,3610,1
7,3611,1
7,3612,1
7,3613,1
7,3614,1
7,3615,1
7,3616,1
7,3617,1
7,3618,1
7,3619,1
7,3620,1
7,3621,1
7,3622,1
7,3623,1
7,3624,1
7,3625,1
7,3626,1
7,3627,1
7,3628,1
7,3629,1
7,3630,1
7,3631,1
7,3632,1
7,3633,1
7,3634,1
7,3635,1
7,3636,1
7,3637,1
7,3638,1
7,3639,1
7,3640,1
7,3641,1
7,3642,1
7,3643,1
7,3644,1
7,3645,1
7,3646,1
7,3647,1
7,3648,1
7,3649,1
7,3650,1
7,3651,1
7,3652,1
7,3653,1
7,3654,1
7,3655,1
7,3656,1
7,3657,1
7,3658,1
7,3659,1
7,3660,1
7,3661,1
7,3662,1
7,3663,1
7,3664,1
7,3665,1
7,3666,1
7,3667,1
7,3668,1
7,3669,1
7,3670,1
7,3671,1
7,3672,1
7,3673,1
7,3674,1
7,3675,1
7,3676,1
7,3677,1
7,3678,1
7,3679,1
7,3680,1
7,3681,1
7,3682,1
7,3683,1
7,3684,1
7,3685,1
7,3686,1
7,3687,1
7,3688,1
7,3689,1
7,3690,1
7,3691,1
7,3692,1
7,3693,1
7,3694,1
7,3695,1
7,3696,1
7,3697,1
7,3698,1
7,3699,1
7,3700,1
7,3701,1
7,3702,1
7,3703,1
7,3704,1
7,3705,1
7,3706,1
7,3707,1
7,3708,1
7,3709,1
7,3710,1
7,3711,1
7,3712,1
7,3713,1
7,3714,1
7,3715,1
7,3716,1
7,3717,1
7,3718,1
7,3719,1
7,3720,1
7,3721,1
7,3722,1
7,3723,1
7,3724,1
7,3725,1
7,3726,1
7,3727,1
7,3728,1
7,3729,1
7,3730,1
7,3731,1
7,3732,1
7,3733,1
7,3734,1
7,3735,1
7,3736,1
7,3737,1
7,3738,1
7,3739,1
7,3740,1
7,3741,1
7,3742,1
7,3743,1
7,3744,1
7,3745,1
7,3746,1
7,3747,1
7,3748,1
7,3749,1
7,3750,1
7,3751,1
7,3752,1
7,3753,1
7,3754,1
7,3755,1
7,3756,1
7,3757,1
7,3758,1
7,3759,1
7,3760,1
7,3761,1
7,3762,1
7,3763,1
7,3764,1
7,3765,1
7,3766,1
7,3767,1
7,3768,1
7,3769,1
7,3770,1
7,3771,1
7,3772,1
7,3773,1
7,3774,1
7,3775,1
7,3776,1
7,3777,1
7,3778,1
7,3779,1
7,3780,1
7,3781,1
7,3782,1
7,3783,1
7,3784,1
7,3785,1
7,3786,1
7,3787,1
7,3788,1
7,3789,1
7,3790,1
7,3791,1
7,3792,1
7,3793,1
7,3794,1
7,3795,1
7,3796,1
7,3797,1
7,3798,1
7,3799,1
7,3800,1
7,3801,1
7,3802,1
7,3803,1
7,3804,1
7,3805,1
7,3806,1
7,3807,1
7,3808,1
7,3809,1
7,3810,1
7,3811,1
7,3812,1
7,3813,1
7,3814,1
7,3815,1
7,3816,1
7,3817,1
7,3818,1
7,3819,1
7,3820,1
7,3821,1
7,3822,1
7,3823,1
7,3824,1
7,3825,1
7,3826,1
7,3827,1
7,3828,1
7,3829,1
7,3830,1
7,3831,1
7,3832,1
7,3833,1
7,3834,1
7,3835,1
7,3836,1
7,3837,1
7,3838,1
7,3839,1
7,3840,1
7,3841,1
7,3842,1
7,3843,1
7,3844,1
7,3845,1
7,3846,1
7,3847,1
7,3848,1
7,3849,1
7,3850,1
7,3851,1
7,3852,1
7,3853,1
7,3854,1
7,3855,1
7,3856,1
7,3857,1
7,3858,1
7,3859,1
7,3860,1
7,3861,1
7,3862,1
7,3863,1
7,3864,1
7,3865,1
7,3866,1
7,3867,1
7,3868,1
7,3869,1
7,3870,1
7,3871,1
7,3872,1
7,3873,1
7,3874,1
7,3875,1
7,3876,1
7,3877,1
7,3878,1
7,3879,1
7,3880,1
7,3881,1
7,3882,1
7,3883,1
7,3884,1
7,3885,1
7,3886,1
7,3887,1
7,3888,1
7,3889,1
7,3890,1
7,3891,1
7,3892,1
7,3893,1
7,3894,1
7,3895,1
7,3896,1
7,3897,1
7,3898,1
7,3899,1
7,3900,1
7,3901,1
7,3902,1
7,3903,1
7,3904,1
7,3905,1
7,3906,1
7,3907,1
7,3908,1
7,3909,1
7,3910,1
7,3911,1
7,3912,1
7,3913,1
7,3914,1
7,3915,1
7,3916,1
7,3917,1
7,3918,1
7,3919,1
7,3920,1
7,3921,1
7,3922,1
7,3923,1
7,3924,1
7,3925,1
7,3926,1
7,3927,1
7,3928,1
7,3929,1
7,3930,1
7,3931,1
7,3932,1
7,3933,1
7,3934,1
7,3935,1
7,3936,1
7,3937,1
7,3938,1
7,3939,1
7,3940,1
7,3941,1
7,3942,1
7,3943,1
7,3944,1
7,3945,1
7,3946,1
7,3947,1
7,3948,1
7,3949,1
7,3950,1
7,3951,1
7,3952,1
7,3953,1
7,3954,1
7,3955,1
7,3956,1
7,3957,1
7,3958,1
7,3959,1
7,3960,1
7,3961,1
7,3962,1
7,3963,1
7,3964,1
7,3965,1
7,3966,1
7,3967,1
7,3968,1
7,3969,1
7,3970,1
7,3971,1
7,3972,1
7,3973,1
7,3974,1
7,3975,1
7,3976,1
7,3977,1
7,3978,1
7,3979,1
7,3980,1
7,3981,1
7,3982,1
7,3983,1
7,3984,1
7,3985,1
7,3986,1
7,3987,1
7,3988,1
7,3989,1
7,3990,1
7,3991,1
7,3992,1
7,3993,1
7,3994,1
7,3995,1
7,3996,1
7,3997,1
7,3998,1
7,3999,1
7,4000,1
7,4001,1
7,4002,1
7,4003,1
7,4004,1
7,4005,1
7,4006,1
7,4007,1
7,4008,1
7,4009,1
7,4010,1
7,4011,1
7,4012,1
7,4013,1
7,4014,1
7,4015,1
7,4016,1
7,4017,1
7,4018,1
7,4019,1
7,4020,1
7,4021,1
7,4022,1
7,4023,1
7,4024,1
7,4025,1
7,4026,1
7,4027,1
7,4028,1
7,4029,1
7,4030,1
7,4031,1
7,4032,1
7,4033,1
7,4034,1
7,4035,1
7,4036,1
7,4037,1
7,4038,1
7,4039,1
7,4040,1
7,4041,1
7,4042,1
7,4043,1
7,4044,1
7,4045,1
7,4046,1
7,4047,1
7,4048,1
7,4049,1
7,4050,1
7,4051,1
7,4052,1
7,4053,1
7,4054,1
7,4055,1
7,4056,1
7,4057,1
7,4058,1
7,4059,1
7,4060,1
7,4061,1
7,4062,1
7,4063,1
7,4064,1
7,4065,1
7,4066,1
7,4067,1
7,4068,1
7,4069,1
7,4070,1
7,4071,1
7,4072,1
7,4073,1
7,4074,1
7,4075,1
7,4076,1
7,4077,1
7,4078,1
7,4079,1
7,4080,1
7,4081,1
7,4082,1
7,4083,1
7,4084,1
7,4085,1
7,4086,1
7,4087,1
7,4088,1
7,4089,1
7,4090,1
7,4091,1
7,4092,1
7,4093,1
7,4094,1
7,4095,1
7,4096,1
7,4097,1
7,4098,1
7,4099,1
7,4100,1
7,4101,1
7,4102,1
7,4103,1
7,4104,1
7,4105,1
7,4106,1
7,4107,1
7,4108,1
7,4109,1
7,4110,1
7,4111,1
7,4112,1
7,4113,1
7,4114,1
7,4115,1
7,4116,1
7,4117,1
7,4118,1
7,4119,1
7,4120,1
7,4121,1
7,4122,1
7,4123,1
7,4124,1
7,4125,1
7,4126,1
7,4127,1
7,4128,1
7,4129,1
7,4130,1
7,4131,1
7,4132,1
7,4133,1
7,4134,1
7,4135,1
7,4136,1
7,4137,1
7,4138,1
7,4139,1
7,4140,1
7,4141,1
7,4142,1
7,4143,1
7,4144,1
7,4145,1
7,4146,1
7,4147,1
7,4148,1
7,4149,1
7,4150,1
7,4151,1
7,4152,1
7,4153,1
7,4154,1
7,4155,1
7,4156,1
7,4157,1
7,4158,1
7,4159,1
7,4160,1
7,4161,1
7,4162,1
7,4163,1
7,4164,1
7,4165,1
7,4166,1
7,4167,1
7,4168,1
7,4169,1
7,4170,1
7,4171,1
7,4172,1
7,4173,1
7,4174,1
7,4175,1
7,4176,1
7,4177,1
7,4178,1
7,4179,1
7,4180,1
7,4181,1
7,4182,1
7,4183,1
7,4184,1
7,4185,1
7,4186,1
7,4187,1
7,4188,1
7,4189,1
7,4190,1
7,4191,1
7,4192,1
7,4193,1
7,4194,1
7,4195,1
7,4196,1
7,4197,1
7,4198,1
7,4199,1
8,0,13.29302537
8,1,7.318919878
8,2,15.83148028
8,3,24.41073692
8,4,9.77451606
8,5,23.74416795
8,6,11.2719167
8,7,19.65151877
8,8,8.875251977
8,9,10.83339911
8,10,6.481214519
8,11,12.21382856
8,12,11.11976412
8,13,13.6440831
8,14,10.19075892
8,15,11.67698916
8,16,14.12894939
8,17,4.392427103
8,18,11.84650154
8,19,15.78064487
8,20,8.582026841
8,21,17.18137604
8,22,5.54579061
8,23,16.50584973
8,24,8.492663455
8,25,20.18742331
8,26,9.344324091
8,27,14.47420014
8,28,13.04800182
8,29,13.3360684
8,30,11.77838809
8,31,10.48836804
8,32,11.59598079
8,33,9.65706494
8,34,9.620372426
8,35,5.362885323
8,36,13.58177589
8,37,7.376405548
8,38,15.24184111
8,39,19.00526261
8,40,13.65569566
8,41,14.28109347
8,42,6.184528775
8,43,10.22213314
8,44,11.71754838
8,45,15.28339072
8,46,8.462991368
8,47,11.18842037
8,48,11.6609413
8,49,13.06837179
8,50,10.58741033
8,51,12.13652789
8,52,10.81903125
8,53,21.42066082
8,54,7.073527576
8,55,11.64722697
8,56,14.44622749
8,57,17.93025944
8,58,10.44751739
8,59,5.928935523
8,60,13.0720433
8,61,7.24992218
8,62,12.33849416
8,63,5.874413659
8,64,9.870840797
8,65,10.37545398
8,66,6.472883821
8,67,8.176375159
8,68,9.943571327
8,69,7.779603907
8,70,20.20536997
8,71,6.725584231
8,72,10.26452439
8,73,8.496513852
8,74,8.424899816
8,75,20.9979444
8,76,8.256856815
8,77,7.887468376
8,78,12.68917982
8,79,7.603130567
8,80,16.9666019
8,81,10.24680912
8,82,24.75081354
8,83,6.711883904
8,84,18.75627399
8,85,12.62269632
8,86,15.83097849
8,87,18.39389142
8,88,12.06175253
8,89,6.057032336
8,90,7.464924388
8,91,13.54117143
8,92,10.72518201
8,93,10.19863726
8,94,18.36407281
8,95,11.47834744
8,96,10.05505788
8,97,8.622713588
8,98,12.02177821
8,99,12.37913083
8,100,8.273332632
8,101,11.05065151
8,102,8.845644148
8,103,3.68114079
8,104,17.88618025
8,105,5.68454567
8,106,15.129997
8,107,9.907017474
8,108,21.36433826
8,109,3.668015962
8,110,13.97197301
8,111,8.291231253
8,112,7.471704898
8,113,7.00502384
8,114,8.701795927
8,115,11.45365588
8,116,24.34844924
8,117,10.09471035
8,118,16.20179288
8,119,7.912194801
8,120,11.43485779
8,121,10.10726663
8,122,10.35031665
8,123,10.31224117
8,124,7.649283184
8,125,10.10897961
8,126,6.882554682
8,127,15.30918625
8,128,15.52010788
8,129,9.457251597
8,130,20.34182744
8,131,9.375634151
8,132,6.850036646
8,133,8.566763903
8,134,8.778860985
8,135,12.64558583
8,136,11.50898455
8,137,14.67918943
8,138,15.93275548
8,139,12.85127264
8,140,5.797666004
8,141,9.385831886
8,142,8.415497342
8,143,4.738966411
8,144,12.05756881
8,145,6.76986641
8,146,9.91611697
8,147,7.73169344
8,148,16.4482838
8,149,7.37445885
8,150,13.63733137
8,151,10.42018142
8,152,4.700895243
8,153,9.592698398
8,154,14.07570603
8,155,10.33517244
8,156,4.998317972
8,157,12.61868773
8,158,7.208399175
8,159,12.43343885
8,160,3.455661763
8,161,11.63280871
8,162,5.880113177
8,163,16.39684079
8,164,9.920472867
8,165,11.58824973
8,166,15.46774203
8,167,11.00603552
8,168,7.516133221
8,169,19.56872572
8,170,11.95673885
8,171,9.525449098
8,172,27.24757032
8,173,11.7446006
8,174,16.64804132
8,175,7.760154914
8,176,12.91118458
8,177,7.749697446
8,178,7.538864339
8,179,7.01259465
8,180,11.05760893
8,181,6.597162685
8,182,11.08142189
8,183,11.14344844
8,184,10.68307757
8,185,16.47847306
8,186,8.851233843
8,187,6.871290002
8,188,11.44753323
8,189,7.31515686
8,190,9.102079411
8,191,6.878725945
8,192,10.43099289
8,193,8.334729291
8,194,10.3786071
8,195,5.708720501
8,196,13.07385956
8,197,9.580248432
8,198,9.61193502
8,199,5.069836703
8,200,14.72753248
8,201,8.201637629
8,202,12.41375208
8,203,6.292987284
8,204,9.284164185
8,205,9.468516063
8,206,6.086835467
8,207,8.651155525
8,208,10.66436828
8,209,10.43589606
8,210,19.2576761
8,211,10.4359355
8,212,20.11591243
8,213,7.896632391
8,214,16.99538942
8,215,7.906142432
8,216,4.220014969
8,217,12.76243649
8,218,11.6454264
8,219,9.064990502
8,220,7.301458474
8,221,8.555301557
8,222,10.6917769
8,223,6.253300542
8,224,5.521765002
8,225,5.77491283
8,226,14.01680539
8,227,4.793628171
8,228,19.14130297
8,229,4.661448833
8,230,13.76887642
8,231,4.32550766
8,232,11.05901141
8,233,9.954657929
8,234,12.73144898
8,235,6.77977846
8,236,4.451742363
8,237,25.64147704
8,238,7.999478923
8,239,13.42350748
8,240,8.902437565
8,241,11.57011235
8,242,4.205159947
8,243,9.128330532
8,244,7.610148768
8,245,12.65463782
8,246,17.49956867
8,247,16.1387359
8,248,4.644664878
8,249,10.15684093
8,250,1.216950359
8,251,13.75990647
8,252,3.060993148
8,253,10.59161792
8,254,4.80275311
8,255,12.98145034
8,256,7.117214687
8,257,10.77584982
8,258,13.75771007
8,259,9.627440425
8,260,8.245438949
8,261,7.852904936
8,262,4.517696239
8,263,6.127724155
8,264,28.73917103
8,265,11.5448429
8,266,7.797598278
8,267,5.898037552
8,268,14.63070018
8,269,15.30125501
8,270,15.58921156
8,271,8.799141293
8,272,7.163427248
8,273,14.47336484
8,274,7.652208011
8,275,8.157459136
8,276,9.950071074
8,277,20.85117995
8,278,11.54150121
8,279,7.550547206
8,280,9.450431685
8,281,7.683169545
8,282,4.521687063
8,283,7.557232339
8,284,7.3567142
8,285,9.692788586
8,286,4.633464079
8,287,15.19879842
8,288,13.39862481
8,289,7.766558056
8,290,5.680843993
8,291,18.56358049
8,292,5.63255183
8,293,12.49591631
8,294,9.299229926
8,295,8.993080595
8,296,5.445908955
8,297,11.95666433
8,298,8.129643651
8,299,13.36985397
8,300,9.607002592
8,301,13.40666661
8,302,5.860150927
8,303,12.70671748
8,304,11.84415984
8,305,9.321937362
8,306,13.46899009
8,307,6.249995158
8,308,6.417386817
8,309,11.38659861
8,310,7.82132163
8,311,5.397754751
8,312,11.5411721
8,313,16.74374152
8,314,6.149770229
8,315,12.91792071
8,316,4.177021084
8,317,2.283025604
8,318,12.35502838
8,319,5.998068915
8,320,8.72345831
8,321,7.969606534
8,322,12.55910662
8,323,7.966802999
8,324,4.990783715
8,325,7.484996197
8,326,18.50998767
8,327,7.26593277
8,328,6.557500771
8,329,6.138851206
8,330,6.2936211
8,331,12.12828967
8,332,5.726138922
8,333,13.28996654
8,334,4.10146568
8,335,10.65666692
8,336,6.160353539
8,337,3.368852393
8,338,8.285025625
8,339,6.024287268
8,340,6.636763746
8,341,5.795864847
8,342,5.756712154
8,343,11.05860643
8,344,18.34749574
8,345,4.95445815
8,346,11.65604933
8,347,12.83290948
8,348,5.642244401
8,349,7.527804074
8,350,11.30329325
8,351,6.390999191
8,352,4.151199901
8,353,12.12722332
8,354,5.631646645
8,355,11.11757028
8,356,6.936392596
8,357,12.69764069
8,358,5.945948019
8,359,5.358143872
8,360,7.104938809
8,361,5.368099346
8,362,8.428846284
8,363,8.010160672
8,364,6.197333358
8,365,6.206806855
8,366,8.255572027
8,367,10.37274771
8,368,8.37797974
8,369,9.481832475
8,370,6.904088211
8,371,9.903145113
8,372,12.25977583
8,373,8.118610275
8,374,2.68063772
8,375,9.60171318
8,376,1.061482239
8,377,4.06807756
8,378,12.59813328
8,379,4.213080836
8,380,5.776700035
8,381,6.797367379
8,382,15.50395196
8,383,6.732638883
8,384,8.450606203
8,385,5.258400303
8,386,5.292048042
8,387,8.044990718
8,388,5.187319512
8,389,5.366669743
8,390,8.084822002
8,391,5.88644411
8,392,5.942513736
8,393,6.018101073
8,394,11.76591855
8,395,8.106312486
8,396,8.294998534
8,397,6.447058151
8,398,8.661056679
8,399,7.0503261
8,400,6.67913046
8,401,6.251272669
8,402,10.83080215
8,403,4.011872926
8,404,6.444891578
8,405,15.19925777
8,406,5.004663936
8,407,8.183428094
8,408,4.366990917
8,409,5.388949583
8,410,7.995937111
8,411,7.109309427
8,412,5.195091111
8,413,9.405033033
8,414,9.705823541
8,415,7.803187904
8,416,5.809359127
8,417,6.462194184
8,418,9.42289581
8,419,8.029030894
8,420,5.265524064
8,421,8.850933185
8,422,7.16024814
8,423,13.44103751
8,424,4.10146568
8,425,7.912513124
8,426,4.642766116
8,427,7.630260275
8,428,6.520217945
8,429,3.22967136
8,430,8.853899656
8,431,7.269511966
8,432,7.890150479
8,433,7.05410503
8,434,6.938651651
8,435,8.901656299
8,436,3.124467374
8,437,9.73478494
8,438,13.51624196
8,439,4.633464079
8,440,17.95006604
8,441,12.07021915
8,442,9.831852487
8,443,4.529951325
8,444,2.417226484
8,445,9.261868841
8,446,8.109586852
8,447,6.165991836
8,448,6.650618941
8,449,11.39218867
8,450,4.878458945
8,451,8.07556978
8,452,7.507648891
8,453,6.25893885
8,454,8.230850102
8,455,11.44746975
8,456,7.249882734
8,457,5.431195899
8,458,14.92383593
8,459,4.399248512
8,460,5.107942944
8,461,6.097864135
8,462,11.51523867
8,463,9.368426692
8,464,4.314893926
8,465,4.01468211
8,466,17.97439467
8,467,9.25520624
8,468,7.213358773
8,469,6.97581033
8,470,12.11442618
8,471,4.30525934
8,472,6.22452365
8,473,4.600805055
8,474,8.141635345
8,475,6.391690179
8,476,9.056918952
8,477,6.095324188
8,478,10.52869954
8,479,7.290327904
8,480,7.666943634
8,481,8.85219925
8,482,4.83484581
8,483,7.921373199
8,484,11.05142347
8,485,4.478692744
8,486,9.596769273
8,487,3.961775
8,488,11.24218507
8,489,5.085548887
8,490,7.149915696
8,491,5.175277963
8,492,3.191479458
8,493,6.634005444
8,494,7.000090531
8,495,11.72089714
8,496,3.146178542
8,497,4.764787594
8,498,14.65946229
8,499,8.431002329
8,500,6.330354534
8,501,8.503477223
8,502,2.999532856
8,503,6.252296435
8,504,7.029248749
8,505,12.48728663
8,506,5.877906685
8,507,8.482324982
8,508,6.394459012
8,509,9.369395916
8,510,6.368135744
8,511,3.388851443
8,512,6.111341054
8,513,8.299300709
8,514,4.449405102
8,515,6.579941105
8,516,8.128278271
8,517,7.594407503
8,518,6.714501649
8,519,8.319971006
8,520,7.752995289
8,521,8.550981744
8,522,8.368359748
8,523,3.430140985
8,524,8.590989626
8,525,4.561159855
8,526,7.975098321
8,527,6.589265586
8,528,5.34162729
8,529,6.551997331
8,530,5.128154769
8,531,3.76083443
8,532,10.60135771
8,533,7.066833
8,534,9.36042423
8,535,7.389135581
8,536,10.78332433
8,537,8.916893366
8,538,11.18139645
8,539,6.922403791
8,540,7.243554304
8,541,4.655515081
8,542,13.73865178
8,543,2.68063772
8,544,1.216950359
8,545,7.520934093
8,546,7.590153918
8,547,6.999099013
8,548,6.079756944
8,549,5.609631742
8,550,3.880913845
8,551,10.47583998
8,552,7.117080958
8,553,5.668495873
8,554,4.72244205
8,555,6.856858961
8,556,4.853125896
8,557,8.125362851
8,558,13.13662399
8,559,6.493721213
8,560,6.927703659
8,561,6.639728936
8,562,4.375903697
8,563,6.230077634
8,564,7.231053907
8,565,6.404095318
8,566,12.43760521
8,567,7.058799799
8,568,10.13859893
8,569,5.589839137
8,570,3.309758131
8,571,9.478691451
8,572,7.340144609
8,573,8.371196608
8,574,5.318292468
8,575,5.61157844
8,576,7.764316726
8,577,5.876332722
8,578,5.868734141
8,579,3.13015769
8,580,6.96941545
8,581,3.225296534
8,582,6.485843576
8,583,5.034968369
8,584,4.163365522
8,585,9.532495221
8,586,6.166539738
8,587,6.700629458
8,588,4.549111294
8,589,8.853338705
8,590,3.250235932
8,591,5.065044167
8,592,8.768424484
8,593,3.059419117
8,594,4.330433815
8,595,5.543193656
8,596,5.988892106
8,597,5.301126742
8,598,6.203854573
8,599,6.64598724
8,600,6.144958496
8,601,2.284599635
8,602,8.50644711
8,603,5.352078494
8,604,6.93461632
8,605,3.677583604
8,606,7.65003643
8,607,8.528743515
8,608,4.493225551
8,609,10.30072362
8,610,2.438564791
8,611,2.679582367
8,612,7.233456548
8,613,8.413462223
8,614,3.173543529
8,615,6.403656874
8,616,3.665313808
8,617,9.508684648
8,618,11.50255477
8,619,8.510757474
8,620,7.202972315
8,621,5.404597574
8,622,2.871358622
8,623,6.143096501
8,624,2.616939786
8,625,3.642097849
8,626,4.476212983
8,627,7.4599518
8,628,7.791205634
8,629,11.645347
8,630,2.380355395
8,631,4.181297269
8,632,4.239663665
8,633,11.82473802
8,634,7.106881299
8,635,6.928322839
8,636,3.494954536
8,637,2.735547448
8,638,9.163009421
8,639,6.409784181
8,640,7.323821977
8,641,5.50271565
8,642,2.494385962
8,643,3.292107287
8,644,9.012045273
8,645,9.64954991
8,646,8.580960922
8,647,5.914635999
8,648,3.867911225
8,649,3.588589426
8,650,6.268538796
8,651,7.193661372
8,652,5.600954859
8,653,4.407593293
8,654,3.690776213
8,655,7.322681401
8,656,5.497381151
8,657,2.770844506
8,658,6.632279236
8,659,6.211511665
8,660,5.617976523
8,661,5.579835682
8,662,8.505646615
8,663,2.088214766
8,664,4.985154414
8,665,10.18103598
8,666,4.501762083
8,667,7.812604126
8,668,5.787375507
8,669,7.280734523
8,670,8.132820486
8,671,7.313307439
8,672,5.208511967
8,673,2.416513788
8,674,5.828057794
8,675,9.498002803
8,676,12.61417499
8,677,9.381612562
8,678,3.527254998
8,679,5.147380664
8,680,4.648616255
8,681,1.23694941
8,682,5.776700035
8,683,5.325386653
8,684,2.778577359
8,685,7.0217931
8,686,4.268538865
8,687,6.412553919
8,688,7.066948277
8,689,7.546406543
8,690,4.049240239
8,691,8.324131467
8,692,7.450164685
8,693,3.767935692
8,694,4.908623902
8,695,3.487652418
8,696,4.913142065
8,697,5.364325038
8,698,4.277987902
8,699,2.612925006
8,700,6.956361034
8,701,5.835066431
8,702,2.43699076
8,703,7.157196963
8,704,3.838371413
8,705,2.073544305
8,706,5.62408866
8,707,3.671899496
8,708,5.675392083
8,709,6.73460209
8,710,6.635248157
8,711,1.708814921
8,712,5.268171792
8,713,6.148701164
8,714,7.033756509
8,715,2.866033758
8,716,4.318780637
8,717,5.959297692
8,718,6.43345765
8,719,3.632135736
8,720,4.856159187
8,721,3.48739228
8,722,4.901554085
8,723,2.660485663
8,724,9.901487231
8,725,1.061482239
8,726,7.34807824
8,727,4.843575645
8,728,3.754182025
8,729,5.086685663
8,730,5.309478785
8,731,4.583228649
8,732,7.706903034
8,733,8.586029
8,734,5.033260073
8,735,7.923774108
8,736,5.068262672
8,737,4.317206606
8,738,3.715445806
8,739,3.752316826
8,740,10.55766526
8,741,5.560401386
8,742,5.840256859
8,743,8.806664103
8,744,2.686148134
8,745,5.290308976
8,746,3.305334125
8,747,4.816004094
8,748,2.044668456
8,749,3.989821924
8,750,5.685864004
8,751,2.678007903
8,752,1.08057851
8,753,2.863628083
8,754,0.9090911145
8,755,1.405010854
8,756,6.325302598
8,757,7.784452068
8,758,5.214505101
8,759,3.40052893
8,760,3.458870214
8,761,3.838371413
8,762,5.68818136
8,763,2.026693081
8,764,9.016665903
8,765,7.507509347
8,766,8.450031326
8,767,3.235857559
8,768,6.449365587
8,769,4.970656938
8,770,3.191479458
8,771,4.883066267
8,772,5.748207648
8,773,2.981777467
8,774,6.053876004
8,775,2.628617273
8,776,5.936676157
8,777,2.95604091
8,778,4.181001547
8,779,2.834378803
8,780,4.801698128
8,781,6.43696526
8,782,7.925881242
8,783,1.854530824
8,784,6.441941085
8,785,6.825105007
8,786,1.216950359
8,787,4.800646084
8,788,3.039392795
8,789,5.155320997
8,790,4.563964193
8,791,8.612418279
8,792,3.491003158
8,793,0.9075170835
8,794,1.708814921
8,795,2.218212053
8,796,7.842207013
8,797,6.065553491
8,798,1.870913994
8,799,3.302499314
8,800,4.49138402
8,801,7.308685377
8,802,4.834763063
8,803,4.37895771
8,804,4.066309883
8,805,9.99680421
8,806,7.915915503
8,807,3.643672312
8,808,6.381810866
8,809,3.345242918
8,810,7.419586393
8,811,4.61039474
8,812,2.678007903
8,813,3.250703008
8,814,5.964588108
8,815,5.34162729
8,816,4.537734667
8,817,7.925447468
8,818,3.065082829
8,819,6.46466574
8,820,8.379519005
8,821,5.919038945
8,822,3.039392795
8,823,3.510513118
8,824,6.881339867
8,825,4.961476924
8,826,5.054598449
8,827,1.40220167
8,828,2.026693081
8,829,1.40220167
8,830,1.40220167
8,831,3.812832695
8,832,4.178595115
8,833,3.015126676
8,834,3.869855037
8,835,2.61245793
8,836,2.892931703
8,837,4.125564684
8,838,4.592789698
8,839,4.565606638
8,840,4.431002466
8,841,6.516904278
8,842,5.381714927
8,843,4.938425548
8,844,5.562533059
8,845,5.723980975
8,846,6.583964934
8,847,7.462354586
8,848,4.026308684
8,849,1.08057851
8,850,3.482819557
8,851,5.988816449
8,852,2.782582497
8,853,4.385143909
8,854,3.734182974
8,855,1.870913994
8,856,4.061051557
8,857,3.455661763
8,858,3.815641447
8,859,6.55181763
8,860,3.809315023
8,861,3.327180133
8,862,3.316164954
8,863,5.990948997
8,864,2.654408263
8,865,1.708814921
8,866,1.40220167
8,867,1.40220167
8,868,2.605286979
8,869,4.102661923
8,870,1.862780077
8,871,1.898077134
8,872,2.876285766
8,873,1.06305627
8,874,2.926684352
8,875,2.036323675
8,876,2.686148134
8,877,1.061482239
8,878,3.084323442
8,879,2.897646521
8,880,3.071190119
8,881,4.151387699
8,882,3.797706389
8,883,3.365330513
8,884,2.666355529
8,885,4.719388037
8,886,3.27382043
8,887,2.273484532
8,888,5.879398187
8,889,3.59835167
8,890,5.695681393
8,891,7.447702366
8,892,7.036991908
8,893,6.069623194
8,894,5.325381961
8,895,1.08057851
8,896,5.265402054
8,897,5.6446856
8,898,5.293657999
8,899,5.285532921
8,900,1.061482239
8,901,4.919314182
8,902,1.690834655
8,903,1.690834655
8,904,1.690834655
8,905,3.455661763
8,906,7.473558275
8,907,4.300447538
8,908,2.95604091
8,909,3.270441921
8,910,4.782596443
8,911,9.397295319
8,912,1.06305627
8,913,1.061482239
8,914,1.862780077
8,915,1.06305627
8,916,4.071634747
8,917,3.572443004
8,918,2.431743381
8,919,2.453384877
8,920,4.023096768
8,921,3.026185113
8,922,6.197083346
8,923,3.159794122
8,924,1.882358519
8,925,1.744111979
8,926,0.9075170835
8,927,2.981777467
8,928,4.844024209
8,929,3.992080321
8,930,1.579875265
8,931,2.631058472
8,932,2.02502041
8,933,4.901262333
8,934,5.101969587
8,935,3.977784789
8,936,4.324247313
8,937,1.23694941
8,938,1.23694941
8,939,6.654679849
8,940,6.989425614
8,941,1.23694941
8,942,2.02502041
8,943,2.073544305
8,944,1
8,945,2.655982294
8,946,2.673918223
8,947,4.910597853
8,948,6.549585313
8,949,3.376744481
8,950,2.273484532
8,951,2.026732527
8,952,4.173983635
8,953,5.824775536
8,954,5.938511575
8,955,4.806329224
8,956,4.643149647
8,957,5.410164319
8,958,3.537231666
8,959,3.490058093
8,960,2.02502041
8,961,7.115806948
8,962,2.218212053
8,963,1.017935929
8,964,3.066459756
8,965,1.253108752
8,966,1.216950359
8,967,1.08057851
8,968,2.678007903
8,969,1.08057851
8,970,1.08057851
8,971,1.917173405
8,972,1
8,973,3.143634711
8,974,2.736560804
8,975,1.08057851
8,976,1.08057851
8,977,4.142608026
8,978,1.467653435
8,979,2.897646521
8,980,4.668948934
8,981,5.335141256
8,982,4.24620466
8,983,2.655982294
8,984,0.9090911145
8,985,1.744111979
8,986,0.9075170835
8,987,3.084323442
8,988,3.626931658
8,989,2.279841279
8,990,3.911284747
8,991,3.530396021
8,992,2.072496151
8,993,3.173214978
8,994,5.335951609
8,995,3.635741102
8,996,4.854026781
8,997,1.017935929
8,998,2.044668456
8,999,2.675981276
8,1000,3.143634711
8,1001,4.404729203
8,1002,2.494385962
8,1003,2.200276125
8,1004,1.882358519
8,1005,2.770844506
8,1006,4.224398184
8,1007,4.061178734
8,1008,4.203391899
8,1009,6.137933799
8,1010,1.061482239
8,1011,3.213384273
8,1012,5.739828946
8,1013,1.253108752
8,1014,1
8,1015,1.405010854
8,1016,3.478543372
8,1017,1.85112727
8,1018,6.322323672
8,1019,1.061482239
8,1020,1.06305627
8,1021,2.036323675
8,1022,1.898077134
8,1023,2.871358622
8,1024,1.708814921
8,1025,1.405010854
8,1026,1.253108752
8,1027,1.216950359
8,1028,2.273484532
8,1029,2.897646521
8,1030,7.615403543
8,1031,1.744111979
8,1032,3.158220091
8,1033,0.9075170835
8,1034,3.56148065
8,1035,3.478731102
8,1036,1.875987758
8,1037,4.19980898
8,1038,2.926684352
8,1039,2.438564791
8,1040,2.872932653
8,1041,3.896507363
8,1042,3.25786704
8,1043,0.9075170835
8,1044,4.986250456
8,1045,2.026693081
8,1046,1.40220167
8,1047,2.453384877
8,1048,4.907194299
8,1049,2.438564791
8,1050,4.584408352
8,1051,2.854239691
8,1052,3.928251072
8,1053,1.08057851
8,1054,2.456087031
8,1055,4.329231841
8,1056,2.280854635
8,1057,4.546423104
8,1058,5.206743918
8,1059,0.9075170835
8,1060,0.9075170835
8,1061,5.933782397
8,1062,1.467653435
8,1063,4.17863456
8,1064,4.177021084
8,1065,4.463220217
8,1066,3.537231666
8,1067,3.490058093
8,1068,2.263681936
8,1069,4.547428533
8,1070,2.66410206
8,1071,2.597429393
8,1072,2.243682886
8,1073,2.093405193
8,1074,3.862804154
8,1075,5.093279426
8,1076,0.9075170835
8,1077,0.9075170835
8,1078,1.708814921
8,1079,1.405010854
8,1080,1.017935929
8,1081,1.017935929
8,1082,1.017935929
8,1083,1.017935929
8,1084,1.017935929
8,1085,1.854530824
8,1086,1.253108752
8,1087,2.415652453
8,1088,3.367771712
8,1089,1.579875265
8,1090,1.579875265
8,1091,5.661334033
8,1092,0.9075170835
8,1093,2.69009958
8,1094,1.061482239
8,1095,2.088214766
8,1096,2.226461306
8,1097,2.827883378
8,1098,2.675981276
8,1099,1.85112727
8,1100,1.06305627
8,1101,1.06305627
8,1102,1.85112727
8,1103,3.411832195
8,1104,1.898077134
8,1105,1.061482239
8,1106,1.849553239
8,1107,3.026185113
8,1108,5.220438925
8,1109,4.317012959
8,1110,1.85112727
8,1111,1.06305627
8,1112,1.216950359
8,1113,1.08057851
8,1114,2.292507442
8,1115,1.917173405
8,1116,3.693088056
8,1117,2.163405036
8,1118,1
8,1119,0.9090911145
8,1120,0.9090911145
8,1121,1.744111979
8,1122,0.9075170835
8,1123,0.9075170835
8,1124,0.9075170835
8,1125,3.56148065
8,1126,3.478731102
8,1127,2.200276125
8,1128,1.85112727
8,1129,1.06305627
8,1130,1.06305627
8,1131,1.06305627
8,1132,1.06305627
8,1133,1.06305627
8,1134,1.06305627
8,1135,2.036323675
8,1136,2.924809661
8,1137,2.226461306
8,1138,1.06305627
8,1139,1.06305627
8,1140,1.06305627
8,1141,1.216950359
8,1142,3.231099202
8,1143,2.78015139
8,1144,3.123635729
8,1145,0.9090911145
8,1146,0.9090911145
8,1147,0.9090911145
8,1148,0.9090911145
8,1149,0.9090911145
8,1150,1.882358519
8,1151,1.744111979
8,1152,2.56841589
8,1153,1.017935929
8,1154,1.017935929
8,1155,1.017935929
8,1156,1.017935929
8,1157,3.053232918
8,1158,3.443246315
8,1159,2.093405193
8,1160,1.690834655
8,1161,1.690834655
8,1162,3.527254998
8,1163,2.417226484
8,1164,1.08057851
8,1165,1.08057851
8,1166,2.280854635
8,1167,1.08057851
8,1168,1.08057851
8,1169,1.08057851
8,1170,1.08057851
8,1171,1.08057851
8,1172,1.08057851
8,1173,1.08057851
8,1174,2.292507442
8,1175,1.08057851
8,1176,1.08057851
8,1177,1.08057851
8,1178,3.129102337
8,1179,2.204366676
8,1180,1.579875265
8,1181,1.579875265
8,1182,3.805309885
8,1183,6.182312168
8,1184,2.284599635
8,1185,3.705222602
8,1186,0.9075170835
8,1187,1.708814921
8,1188,1.405010854
8,1189,1.017935929
8,1190,2.881263351
8,1191,2.453384877
8,1192,1.85112727
8,1193,1.06305627
8,1194,1.85112727
8,1195,2.42887929
8,1196,2.273484532
8,1197,1.870913994
8,1198,1.870913994
8,1199,1.870913994
8,1200,1.870913994
8,1201,2.495405405
8,1202,1
8,1203,1.216950359
8,1204,1.08057851
8,1205,1.08057851
8,1206,1.08057851
8,1207,1.08057851
8,1208,1.08057851
8,1209,1.08057851
8,1210,2.107311037
8,1211,2.280854635
8,1212,3.573155699
8,1213,1.467653435
8,1214,2.198702094
8,1215,1.849553239
8,1216,1.061482239
8,1217,1.862780077
8,1218,1.06305627
8,1219,1.06305627
8,1220,2.036323675
8,1221,1.898077134
8,1222,1.061482239
8,1223,1.061482239
8,1224,1.061482239
8,1225,1.061482239
8,1226,1.061482239
8,1227,2.380355395
8,1228,1.08057851
8,1229,2.107311037
8,1230,1.08057851
8,1231,1.08057851
8,1232,1.08057851
8,1233,1.08057851
8,1234,1.08057851
8,1235,1.08057851
8,1236,2.456087031
8,1237,1.917173405
8,1238,1.467653435
8,1239,1
8,1240,1.216950359
8,1241,2.273484532
8,1242,1
8,1243,1.253108752
8,1244,1
8,1245,1.216950359
8,1246,2.375508521
8,1247,3.002440248
8,1248,1.253108752
8,1249,1.216950359
8,1250,1
8,1251,1.216950359
8,1252,1
8,1253,1
8,1254,0.9090911145
8,1255,0.9090911145
8,1256,0.9090911145
8,1257,0.9090911145
8,1258,0.9090911145
8,1259,0.9090911145
8,1260,0.9090911145
8,1261,0.9090911145
8,1262,0.9090911145
8,1263,0.9090911145
8,1264,0.9090911145
8,1265,3.25786704
8,1266,1.744111979
8,1267,0.9075170835
8,1268,0.9075170835
8,1269,0.9075170835
8,1270,0.9075170835
8,1271,0.9075170835
8,1272,1.708814921
8,1273,1.405010854
8,1274,1.253108752
8,1275,2.026732527
8,1276,2.026693081
8,1277,1.40220167
8,1278,2.453384877
8,1279,2.824394675
8,1280,1.862780077
8,1281,2.42887929
8,1282,1
8,1283,1
8,1284,1
8,1285,0.9090911145
8,1286,0.9090911145
8,1287,0.9090911145
8,1288,0.9090911145
8,1289,0.9090911145
8,1290,0.9090911145
8,1291,0.9090911145
8,1292,0.9090911145
8,1293,0.9090911145
8,1294,0.9090911145
8,1295,0.9090911145
8,1296,0.9090911145
8,1297,0.9090911145
8,1298,0.9090911145
8,1299,0.9090911145
8,1300,0.9090911145
8,1301,1.882358519
8,1302,1.744111979
8,1303,0.9075170835
8,1304,0.9075170835
8,1305,0.9075170835
8,1306,0.9075170835
8,1307,0.9075170835
8,1308,0.9075170835
8,1309,0.9075170835
8,1310,0.9075170835
8,1311,0.9075170835
8,1312,0.9075170835
8,1313,0.9075170835
8,1314,2.119446015
8,1315,0.9075170835
8,1316,0.9075170835
8,1317,0.9075170835
8,1318,1.708814921
8,1319,1.405010854
8,1320,1.253108752
8,1321,1
8,1322,1.216950359
8,1323,1.467653435
8,1324,1
8,1325,1.405010854
8,1326,2.141724095
8,1327,1.517232684
8,1328,1.517232684
8,1329,1.517232684
8,1330,1.253108752
8,1331,2.243682886
8,1332,2.200276125
8,1333,0.9090911145
8,1334,0.9090911145
8,1335,0.9090911145
8,1336,0.9090911145
8,1337,0.9090911145
8,1338,0.9090911145
8,1339,0.9090911145
8,1340,0.9090911145
8,1341,0.9090911145
8,1342,0.9090911145
8,1343,0.9090911145
8,1344,0.9090911145
8,1345,0.9090911145
8,1346,0.9090911145
8,1347,0.9090911145
8,1348,0.9090911145
8,1349,0.9090911145
8,1350,0.9090911145
8,1351,0.9090911145
8,1352,0.9090911145
8,1353,0.9090911145
8,1354,0.9090911145
8,1355,0.9090911145
8,1356,0.9090911145
8,1357,0.9090911145
8,1358,0.9090911145
8,1359,0.9090911145
8,1360,0.9090911145
8,1361,0.9090911145
8,1362,0.9090911145
8,1363,0.9090911145
8,1364,0.9090911145
8,1365,0.9090911145
8,1366,0.9090911145
8,1367,0.9090911145
8,1368,0.9090911145
8,1369,0.9090911145
8,1370,0.9090911145
8,1371,0.9090911145
8,1372,0.9090911145
8,1373,0.9090911145
8,1374,0.9090911145
8,1375,0.9090911145
8,1376,0.9090911145
8,1377,0.9090911145
8,1378,0.9090911145
8,1379,0.9090911145
8,1380,0.9090911145
8,1381,0.9090911145
8,1382,0.9090911145
8,1383,0.9090911145
8,1384,0.9090911145
8,1385,0.9090911145
8,1386,0.9090911145
8,1387,0.9090911145
8,1388,0.9090911145
8,1389,0.9090911145
8,1390,0.9090911145
8,1391,0.9090911145
8,1392,0.9090911145
8,1393,0.9090911145
8,1394,0.9090911145
8,1395,0.9090911145
8,1396,0.9090911145
8,1397,0.9090911145
8,1398,0.9090911145
8,1399,0.9090911145
8,1400,0.9090911145
8,1401,0.9090911145
8,1402,0.9090911145
8,1403,0.9090911145
8,1404,0.9090911145
8,1405,0.9090911145
8,1406,0.9090911145
8,1407,0.9090911145
8,1408,0.9090911145
8,1409,0.9090911145
8,1410,0.9090911145
8,1411,0.9090911145
8,1412,0.9090911145
8,1413,0.9090911145
8,1414,0.9090911145
8,1415,0.9090911145
8,1416,0.9090911145
8,1417,0.9090911145
8,1418,0.9090911145
8,1419,0.9090911145
8,1420,0.9090911145
8,1421,0.9090911145
8,1422,0.9090911145
8,1423,1.882358519
8,1424,1.744111979
8,1425,0.9075170835
8,1426,2.119446015
8,1427,0.9075170835
8,1428,0.9075170835
8,1429,0.9075170835
8,1430,0.9075170835
8,1431,0.9075170835
8,1432,0.9075170835
8,1433,0.9075170835
8,1434,0.9075170835
8,1435,0.9075170835
8,1436,0.9075170835
8,1437,0.9075170835
8,1438,1.93424961
8,1439,2.072496151
8,1440,2.522016121
8,1441,2.772719197
8,1442,0.9090911145
8,1443,0.9090911145
8,1444,1.882358519
8,1445,1.744111979
8,1446,0.9075170835
8,1447,0.9075170835
8,1448,0.9075170835
8,1449,0.9075170835
8,1450,0.9075170835
8,1451,0.9075170835
8,1452,1.93424961
8,1453,2.072496151
8,1454,0.9090911145
8,1455,0.9090911145
8,1456,0.9090911145
8,1457,0.9090911145
8,1458,0.9090911145
8,1459,0.9090911145
8,1460,0.9090911145
8,1461,0.9090911145
8,1462,0.9090911145
8,1463,0.9090911145
8,1464,0.9090911145
8,1465,0.9090911145
8,1466,0.9090911145
8,1467,0.9090911145
8,1468,0.9090911145
8,1469,0.9090911145
8,1470,0.9090911145
8,1471,0.9090911145
8,1472,0.9090911145
8,1473,0.9090911145
8,1474,0.9090911145
8,1475,0.9090911145
8,1476,0.9090911145
8,1477,0.9090911145
8,1478,0.9090911145
8,1479,0.9090911145
8,1480,0.9090911145
8,1481,0.9090911145
8,1482,0.9090911145
8,1483,0.9090911145
8,1484,0.9090911145
8,1485,0.9090911145
8,1486,0.9090911145
8,1487,0.9090911145
8,1488,0.9090911145
8,1489,0.9090911145
8,1490,0.9090911145
8,1491,2.107793208
8,1492,0.9075170835
8,1493,0.9075170835
8,1494,0.9075170835
8,1495,0.9075170835
8,1496,0.9075170835
8,1497,1.708814921
8,1498,1.253108752
8,1499,1.216950359
8,1500,1.467653435
8,1501,1
8,1502,1.405010854
8,1503,1.253108752
8,1504,1
8,1505,1.405010854
8,1506,1.253108752
8,1507,1
8,1508,1.253108752
8,1509,1
8,1510,1
8,1511,1
8,1512,1.253108752
8,1513,1
8,1514,1
8,1515,1.253108752
8,1516,1
8,1517,1.216950359
8,1518,1
8,1519,1
8,1520,1.253108752
8,1521,1.216950359
8,1522,1
8,1523,1.216950359
8,1524,1
8,1525,1
8,1526,1.405010854
8,1527,1.017935929
8,1528,1.017935929
8,1529,1.017935929
8,1530,1.017935929
8,1531,1.017935929
8,1532,1.017935929
8,1533,1.017935929
8,1534,1.017935929
8,1535,1.017935929
8,1536,1.017935929
8,1537,1.017935929
8,1538,1.017935929
8,1539,1.017935929
8,1540,1.017935929
8,1541,1.017935929
8,1542,1.017935929
8,1543,1.017935929
8,1544,1.017935929
8,1545,1.017935929
8,1546,1.017935929
8,1547,1.017935929
8,1548,1.017935929
8,1549,1.017935929
8,1550,1.017935929
8,1551,1.017935929
8,1552,1.017935929
8,1553,1.017935929
8,1554,1.017935929
8,1555,1.017935929
8,1556,1.017935929
8,1557,1.017935929
8,1558,1.017935929
8,1559,1.017935929
8,1560,1.017935929
8,1561,1.017935929
8,1562,2.22986486
8,1563,1.017935929
8,1564,1.017935929
8,1565,1.017935929
8,1566,1.017935929
8,1567,1.017935929
8,1568,1.017935929
8,1569,1.017935929
8,1570,1.017935929
8,1571,1.017935929
8,1572,1.017935929
8,1573,1.017935929
8,1574,1.017935929
8,1575,1.017935929
8,1576,1.017935929
8,1577,1.017935929
8,1578,1.017935929
8,1579,1.017935929
8,1580,1.017935929
8,1581,1.017935929
8,1582,1.017935929
8,1583,1.017935929
8,1584,1.017935929
8,1585,1.017935929
8,1586,1.017935929
8,1587,1.017935929
8,1588,1.017935929
8,1589,1.017935929
8,1590,1.017935929
8,1591,1.017935929
8,1592,1.017935929
8,1593,1.017935929
8,1594,1.017935929
8,1595,1.017935929
8,1596,1.017935929
8,1597,1.017935929
8,1598,1.017935929
8,1599,1.017935929
8,1600,1.017935929
8,1601,1.017935929
8,1602,1.017935929
8,1603,1.017935929
8,1604,1.017935929
8,1605,1.017935929
8,1606,1.017935929
8,1607,1.017935929
8,1608,1.017935929
8,1609,1.017935929
8,1610,1.017935929
8,1611,1.017935929
8,1612,1.017935929
8,1613,1.017935929
8,1614,1.017935929
8,1615,1.017935929
8,1616,1.017935929
8,1617,1.017935929
8,1618,1.017935929
8,1619,1.017935929
8,1620,1.017935929
8,1621,1.017935929
8,1622,1.017935929
8,1623,1.017935929
8,1624,1.017935929
8,1625,1.017935929
8,1626,1.017935929
8,1627,1.017935929
8,1628,1.017935929
8,1629,1.017935929
8,1630,1.017935929
8,1631,1.017935929
8,1632,1.017935929
8,1633,1.017935929
8,1634,1.017935929
8,1635,1.017935929
8,1636,1.017935929
8,1637,1.017935929
8,1638,1.017935929
8,1639,1.017935929
8,1640,1.017935929
8,1641,1.017935929
8,1642,1.854530824
8,1643,1.253108752
8,1644,1
8,1645,1.253108752
8,1646,1
8,1647,1
8,1648,1
8,1649,1
8,1650,1.216950359
8,1651,1
8,1652,1.253108752
8,1653,1
8,1654,1.216950359
8,1655,1
8,1656,1
8,1657,1
8,1658,1
8,1659,1
8,1660,1
8,1661,1
8,1662,1
8,1663,1
8,1664,1
8,1665,1.216950359
8,1666,1
8,1667,1
8,1668,1
8,1669,1
8,1670,1.216950359
8,1671,1
8,1672,1.253108752
8,1673,1
8,1674,1
8,1675,1
8,1676,1
8,1677,1
8,1678,1
8,1679,1.216950359
8,1680,1.467653435
8,1681,1
8,1682,1
8,1683,1.253108752
8,1684,1
8,1685,1.253108752
8,1686,1
8,1687,1
8,1688,1.253108752
8,1689,1.216950359
8,1690,1
8,1691,1
8,1692,1.216950359
8,1693,1
8,1694,1
8,1695,1.405010854
8,1696,1.253108752
8,1697,1
8,1698,1
8,1699,1.405010854
8,1700,1.253108752
8,1701,1.216950359
8,1702,1
8,1703,1
8,1704,1.216950359
8,1705,1
8,1706,1.216950359
8,1707,1
8,1708,1.253108752
8,1709,1
8,1710,1
8,1711,1
8,1712,1
8,1713,1
8,1714,1
8,1715,1
8,1716,1.216950359
8,1717,1
8,1718,1.405010854
8,1719,1.253108752
8,1720,1.216950359
8,1721,1
8,1722,1
8,1723,1
8,1724,1
8,1725,1
8,1726,1
8,1727,1
8,1728,1
8,1729,1
8,1730,1.216950359
8,1731,1
8,1732,1.405010854
8,1733,1.253108752
8,1734,1
8,1735,1.253108752
8,1736,1
8,1737,1
8,1738,1
8,1739,1.253108752
8,1740,1
8,1741,1
8,1742,1
8,1743,1
8,1744,1
8,1745,1
8,1746,1.216950359
8,1747,1.467653435
8,1748,1
8,1749,1
8,1750,1.216950359
8,1751,1
8,1752,1
8,1753,1
8,1754,1
8,1755,1
8,1756,1.216950359
8,1757,1
8,1758,1.216950359
8,1759,1
8,1760,1
8,1761,1
8,1762,1
8,1763,1.216950359
8,1764,1.467653435
8,1765,1
8,1766,1
8,1767,1
8,1768,1
8,1769,1
8,1770,1.216950359
8,1771,1
8,1772,1
8,1773,1
8,1774,1
8,1775,1
8,1776,1
8,1777,1.253108752
8,1778,1.216950359
8,1779,1.467653435
8,1780,1
8,1781,1
8,1782,1
8,1783,1
8,1784,1
8,1785,1
8,1786,1
8,1787,1
8,1788,1.253108752
8,1789,1
8,1790,1.216950359
8,1791,1
8,1792,1.253108752
8,1793,1
8,1794,1
8,1795,1
8,1796,1
8,1797,1
8,1798,1
8,1799,1
8,1800,1.253108752
8,1801,1
8,1802,1.253108752
8,1803,1
8,1804,1
8,1805,1
8,1806,1
8,1807,1.253108752
8,1808,1
8,1809,1
8,1810,1
8,1811,1
8,1812,1
8,1813,1
8,1814,1
8,1815,1.216950359
8,1816,1
8,1817,1
8,1818,1
8,1819,1
8,1820,1
8,1821,1
8,1822,1
8,1823,1.216950359
8,1824,1
8,1825,1
8,1826,1
8,1827,1
8,1828,1.216950359
8,1829,1
8,1830,1
8,1831,1
8,1832,1
8,1833,1.216950359
8,1834,1
8,1835,1.216950359
8,1836,1
8,1837,1
8,1838,1.253108752
8,1839,1
8,1840,1
8,1841,1
8,1842,1
8,1843,1.405010854
8,1844,1.253108752
8,1845,1
8,1846,1
8,1847,1
8,1848,1
8,1849,1
8,1850,1
8,1851,1
8,1852,1
8,1853,1.216950359
8,1854,1
8,1855,1
8,1856,1
8,1857,1
8,1858,1
8,1859,1
8,1860,1
8,1861,1
8,1862,1
8,1863,1
8,1864,1
8,1865,1.405010854
8,1866,1.253108752
8,1867,1
8,1868,1
8,1869,1
8,1870,1
8,1871,1.405010854
8,1872,1.253108752
8,1873,1
8,1874,1
8,1875,1
8,1876,1
8,1877,1.253108752
8,1878,1
8,1879,1
8,1880,1
8,1881,1
8,1882,1
8,1883,1
8,1884,1
8,1885,1
8,1886,1
8,1887,1
8,1888,1
8,1889,1.216950359
8,1890,1
8,1891,1
8,1892,1.216950359
8,1893,1
8,1894,1
8,1895,1
8,1896,1
8,1897,1.405010854
8,1898,1.253108752
8,1899,1
8,1900,1
8,1901,1
8,1902,1
8,1903,1
8,1904,1
8,1905,1
8,1906,1
8,1907,1
8,1908,1
8,1909,1
8,1910,1
8,1911,1
8,1912,1
8,1913,1
8,1914,1
8,1915,1
8,1916,1
8,1917,1.405010854
8,1918,1.253108752
8,1919,1
8,1920,1
8,1921,1
8,1922,1.216950359
8,1923,1
8,1924,1
8,1925,1
8,1926,1
8,1927,1
8,1928,1
8,1929,1
8,1930,1
8,1931,1
8,1932,1.216950359
8,1933,1
8,1934,1
8,1935,1
8,1936,1.216950359
8,1937,1
8,1938,1.253108752
8,1939,1
8,1940,1
8,1941,1
8,1942,1
8,1943,1
8,1944,1
8,1945,1
8,1946,1
8,1947,1
8,1948,1
8,1949,1.216950359
8,1950,1
8,1951,1
8,1952,1
8,1953,1
8,1954,1
8,1955,1
8,1956,1
8,1957,1
8,1958,1
8,1959,1
8,1960,1
8,1961,1
8,1962,1
8,1963,1
8,1964,1
8,1965,1
8,1966,1
8,1967,1
8,1968,1
8,1969,1
8,1970,1
8,1971,1
8,1972,1
8,1973,1
8,1974,1.216950359
8,1975,1
8,1976,1
8,1977,1
8,1978,1
8,1979,1
8,1980,1
8,1981,1
8,1982,1
8,1983,1
8,1984,1
8,1985,1
8,1986,1
8,1987,1
8,1988,1
8,1989,1
8,1990,1
8,1991,1
8,1992,1
8,1993,1
8,1994,1
8,1995,1
8,1996,1
8,1997,1
8,1998,1
8,1999,1
8,2000,1
8,2001,1.216950359
8,2002,1
8,2003,1
8,2004,1
8,2005,1
8,2006,1
8,2007,1
8,2008,1
8,2009,1
8,2010,1
8,2011,1
8,2012,1
8,2013,1
8,2014,1
8,2015,1
8,2016,1
8,2017,1
8,2018,1
8,2019,1
8,2020,1
8,2021,1
8,2022,1
8,2023,1
8,2024,1
8,2025,1
8,2026,1
8,2027,1
8,2028,1
8,2029,1
8,2030,1
8,2031,1
8,2032,1
8,2033,1
8,2034,1
8,2035,1
8,2036,1
8,2037,1
8,2038,1
8,2039,1
8,2040,1
8,2041,1
8,2042,1
8,2043,1
8,2044,1
8,2045,1
8,2046,1
8,2047,1
8,2048,1
8,2049,1
8,2050,1
8,2051,1
8,2052,1
8,2053,1
8,2054,1
8,2055,1
8,2056,1
8,2057,1
8,2058,1
8,2059,1
8,2060,1
8,2061,1
8,2062,1
8,2063,1
8,2064,1
8,2065,1
8,2066,1
8,2067,1
8,2068,1
8,2069,1
8,2070,1
8,2071,1
8,2072,1
8,2073,1
8,2074,1
8,2075,1
8,2076,1
8,2077,1
8,2078,1
8,2079,1
8,2080,1
8,2081,1
8,2082,1
8,2083,1
8,2084,1
8,2085,1
8,2086,1
8,2087,1
8,2088,1
8,2089,1
8,2090,1
8,2091,1
8,2092,1
8,2093,1
8,2094,1
8,2095,1
8,2096,1
8,2097,1
8,2098,1
8,2099,1
8,2100,1
8,2101,1
8,2102,1
8,2103,1
8,2104,1
8,2105,1
8,2106,1
8,2107,1
8,2108,1
8,2109,1
8,2110,1
8,2111,1
8,2112,1
8,2113,1
8,2114,1
8,2115,1
8,2116,1
8,2117,1
8,2118,1
8,2119,1
8,2120,1
8,2121,1
8,2122,1
8,2123,1
8,2124,1
8,2125,1
8,2126,1
8,2127,1
8,2128,1
8,2129,1
8,2130,1
8,2131,1
8,2132,1
8,2133,1
8,2134,1
8,2135,1
8,2136,1
8,2137,1
8,2138,1
8,2139,1
8,2140,1
8,2141,1
8,2142,1
8,2143,1
8,2144,1
8,2145,1
8,2146,1
8,2147,1
8,2148,1
8,2149,1
8,2150,1
8,2151,1
8,2152,1
8,2153,1
8,2154,1
8,2155,1
8,2156,1
8,2157,1
8,2158,1
8,2159,1
8,2160,1
8,2161,1
8,2162,1
8,2163,1
8,2164,1
8,2165,1
8,2166,1
8,2167,1
8,2168,1
8,2169,1
8,2170,1
8,2171,1
8,2172,1
8,2173,1
8,2174,1
8,2175,1
8,2176,1
8,2177,1
8,2178,1
8,2179,1
8,2180,1
8,2181,1
8,2182,1
8,2183,1
8,2184,1
8,2185,1
8,2186,1
8,2187,1
8,2188,1
8,2189,1
8,2190,1.253108752
8,2191,1
8,2192,1
8,2193,1
8,2194,1
8,2195,1
8,2196,1
8,2197,1
8,2198,1
8,2199,1.216950359
8,2200,1
8,2201,1
8,2202,1
8,2203,1
8,2204,1
8,2205,1
8,2206,1
8,2207,1
8,2208,1
8,2209,1
8,2210,1
8,2211,1
8,2212,1
8,2213,1
8,2214,1
8,2215,1
8,2216,1
8,2217,1
8,2218,1
8,2219,1
8,2220,1
8,2221,1
8,2222,1
8,2223,1
8,2224,1
8,2225,1
8,2226,1
8,2227,1
8,2228,1
8,2229,1
8,2230,1
8,2231,1
8,2232,1
8,2233,1
8,2234,1
8,2235,1
8,2236,1
8,2237,1
8,2238,1
8,2239,1
8,2240,1
8,2241,1
8,2242,1
8,2243,1
8,2244,1
8,2245,1
8,2246,1
8,2247,1
8,2248,1
8,2249,1
8,2250,1
8,2251,1
8,2252,1
8,2253,1
8,2254,1
8,2255,1
8,2256,1
8,2257,1
8,2258,1
8,2259,1
8,2260,1
8,2261,1
8,2262,1
8,2263,1
8,2264,1
8,2265,1
8,2266,1
8,2267,1
8,2268,1
8,2269,1
8,2270,1
8,2271,1
8,2272,1
8,2273,1
8,2274,1
8,2275,1
8,2276,1
8,2277,1
8,2278,1
8,2279,1
8,2280,1
8,2281,1
8,2282,1
8,2283,1
8,2284,1
8,2285,1
8,2286,1
8,2287,1
8,2288,1
8,2289,1
8,2290,1
8,2291,1
8,2292,1
8,2293,1
8,2294,1
8,2295,1
8,2296,1
8,2297,1
8,2298,1
8,2299,1
8,2300,1
8,2301,1
8,2302,1
8,2303,1
8,2304,1
8,2305,1
8,2306,1
8,2307,1
8,2308,1
8,2309,1
8,2310,1
8,2311,1
8,2312,1
8,2313,1
8,2314,1
8,2315,1
8,2316,1
8,2317,1
8,2318,1
8,2319,1
8,2320,1
8,2321,1
8,2322,1
8,2323,1
8,2324,1
8,2325,1
8,2326,1
8,2327,1
8,2328,1
8,2329,1
8,2330,1
8,2331,1
8,2332,1
8,2333,1
8,2334,1
8,2335,1
8,2336,1
8,2337,1
8,2338,1
8,2339,1
8,2340,1
8,2341,1
8,2342,1
8,2343,1
8,2344,1
8,2345,1
8,2346,1
8,2347,1
8,2348,1
8,2349,1
8,2350,1
8,2351,1
8,2352,1
8,2353,1
8,2354,1
8,2355,1
8,2356,1
8,2357,1
8,2358,1
8,2359,1
8,2360,1
8,2361,1
8,2362,1
8,2363,1
8,2364,1
8,2365,1
8,2366,1
8,2367,1
8,2368,1
8,2369,1
8,2370,1
8,2371,1
8,2372,1
8,2373,1
8,2374,1
8,2375,1
8,2376,1
8,2377,1
8,2378,1
8,2379,1
8,2380,1
8,2381,1
8,2382,1
8,2383,1
8,2384,1
8,2385,1
8,2386,1
8,2387,1
8,2388,1
8,2389,1
8,2390,1
8,2391,1
8,2392,1
8,2393,1
8,2394,1
8,2395,1
8,2396,1
8,2397,1
8,2398,1
8,2399,1
8,2400,1
8,2401,1
8,2402,1
8,2403,1
8,2404,1
8,2405,1
8,2406,1
8,2407,1
8,2408,1
8,2409,1
8,2410,1
8,2411,1
8,2412,1
8,2413,1
8,2414,1
8,2415,1
8,2416,1
8,2417,1
8,2418,1
8,2419,1
8,2420,1
8,2421,1
8,2422,1
8,2423,1
8,2424,1
8,2425,1
8,2426,1
8,2427,1
8,2428,1
8,2429,1
8,2430,1
8,2431,1
8,2432,1
8,2433,1
8,2434,1
8,2435,1
8,2436,1
8,2437,1
8,2438,1
8,2439,1
8,2440,1
8,2441,1
8,2442,1
8,2443,1
8,2444,1
8,2445,1
8,2446,1
8,2447,1
8,2448,1
8,2449,1
8,2450,1
8,2451,1
8,2452,1
8,2453,1
8,2454,1
8,2455,1
8,2456,1
8,2457,1
8,2458,1
8,2459,1
8,2460,1
8,2461,1
8,2462,1
8,2463,1
8,2464,1
8,2465,1
8,2466,1
8,2467,1
8,2468,1
8,2469,1
8,2470,1
8,2471,1
8,2472,1
8,2473,1
8,2474,1
8,2475,1
8,2476,1
8,2477,1
8,2478,1
8,2479,1
8,2480,1
8,2481,1
8,2482,1
8,2483,1
8,2484,1
8,2485,1
8,2486,1
8,2487,1
8,2488,1
8,2489,1
8,2490,1
8,2491,1
8,2492,1
8,2493,1
8,2494,1
8,2495,1
8,2496,1
8,2497,1
8,2498,1
8,2499,1
8,2500,1
8,2501,1
8,2502,1
8,2503,1
8,2504,1
8,2505,1
8,2506,1
8,2507,1
8,2508,1
8,2509,1
8,2510,1
8,2511,1
8,2512,1
8,2513,1
8,2514,1
8,2515,1
8,2516,1
8,2517,1
8,2518,1
8,2519,1
8,2520,1
8,2521,1
8,2522,1
8,2523,1
8,2524,1
8,2525,1
8,2526,1
8,2527,1
8,2528,1
8,2529,1
8,2530,1
8,2531,1
8,2532,1
8,2533,1
8,2534,1
8,2535,1
8,2536,1
8,2537,1
8,2538,1
8,2539,1
8,2540,1
8,2541,1
8,2542,1
8,2543,1
8,2544,1
8,2545,1
8,2546,1
8,2547,1
8,2548,1
8,2549,1
8,2550,1
8,2551,1
8,2552,1
8,2553,1
8,2554,1
8,2555,1
8,2556,1
8,2557,1
8,2558,1
8,2559,1
8,2560,1
8,2561,1
8,2562,1
8,2563,1
8,2564,1
8,2565,1
8,2566,1
8,2567,1
8,2568,1
8,2569,1
8,2570,1
8,2571,1
8,2572,1
8,2573,1
8,2574,1
8,2575,1
8,2576,1
8,2577,1
8,2578,1
8,2579,1
8,2580,1
8,2581,1
8,2582,1
8,2583,1
8,2584,1
8,2585,1
8,2586,1
8,2587,1
8,2588,1
8,2589,1
8,2590,1
8,2591,1
8,2592,1
8,2593,1
8,2594,1
8,2595,1
8,2596,1
8,2597,1
8,2598,1
8,2599,1
8,2600,1
8,2601,1
8,2602,1
8,2603,1
8,2604,1
8,2605,1
8,2606,1
8,2607,1
8,2608,1
8,2609,1
8,2610,1
8,2611,1
8,2612,1
8,2613,1
8,2614,1
8,2615,1
8,2616,1
8,2617,1
8,2618,1
8,2619,1
8,2620,1
8,2621,1
8,2622,1
8,2623,1
8,2624,1
8,2625,1
8,2626,1
8,2627,1
8,2628,1
8,2629,1
8,2630,1
8,2631,1
8,2632,1
8,2633,1
8,2634,1
8,2635,1
8,2636,1
8,2637,1
8,2638,1
8,2639,1
8,2640,1
8,2641,1
8,2642,1
8,2643,1
8,2644,1
8,2645,1
8,2646,1
8,2647,1
8,2648,1
8,2649,1
8,2650,1
8,2651,1
8,2652,1
8,2653,1
8,2654,1
8,2655,1
8,2656,1
8,2657,1
8,2658,1
8,2659,1
8,2660,1
8,2661,1
8,2662,1
8,2663,1
8,2664,1
8,2665,1
8,2666,1
8,2667,1
8,2668,1
8,2669,1
8,2670,1
8,2671,1
8,2672,1
8,2673,1
8,2674,1
8,2675,1
8,2676,1
8,2677,1
8,2678,1
8,2679,1
8,2680,1
8,2681,1
8,2682,1
8,2683,1
8,2684,1
8,2685,1
8,2686,1
8,2687,1
8,2688,1
8,2689,1
8,2690,1
8,2691,1
8,2692,1
8,2693,1
8,2694,1
8,2695,1
8,2696,1
8,2697,1
8,2698,1
8,2699,1
8,2700,1
8,2701,1
8,2702,1
8,2703,1
8,2704,1
8,2705,1
8,2706,1
8,2707,1
8,2708,1
8,2709,1
8,2710,1
8,2711,1
8,2712,1
8,2713,1
8,2714,1
8,2715,1
8,2716,1
8,2717,1
8,2718,1
8,2719,1
8,2720,1
8,2721,1
8,2722,1
8,2723,1
8,2724,1
8,2725,1
8,2726,1
8,2727,1
8,2728,1
8,2729,1
8,2730,1
8,2731,1
8,2732,1
8,2733,1
8,2734,1
8,2735,1
8,2736,1
8,2737,1
8,2738,1
8,2739,1
8,2740,1
8,2741,1
8,2742,1
8,2743,1
8,2744,1
8,2745,1
8,2746,1
8,2747,1
8,2748,1
8,2749,1
8,2750,1
8,2751,1
8,2752,1
8,2753,1
8,2754,1
8,2755,1
8,2756,1
8,2757,1
8,2758,1
8,2759,1
8,2760,1
8,2761,1
8,2762,1
8,2763,1
8,2764,1
8,2765,1
8,2766,1
8,2767,1
8,2768,1
8,2769,1
8,2770,1
8,2771,1
8,2772,1
8,2773,1
8,2774,1
8,2775,1
8,2776,1
8,2777,1
8,2778,1
8,2779,1
8,2780,1
8,2781,1
8,2782,1
8,2783,1
8,2784,1
8,2785,1
8,2786,1
8,2787,1
8,2788,1
8,2789,1
8,2790,1
8,2791,1
8,2792,1
8,2793,1
8,2794,1
8,2795,1
8,2796,1
8,2797,1
8,2798,1
8,2799,1
8,2800,1
8,2801,1
8,2802,1
8,2803,1
8,2804,1
8,2805,1
8,2806,1
8,2807,1
8,2808,1
8,2809,1
8,2810,1
8,2811,1
8,2812,1
8,2813,1
8,2814,1
8,2815,1
8,2816,1
8,2817,1
8,2818,1
8,2819,1
8,2820,1
8,2821,1
8,2822,1
8,2823,1
8,2824,1
8,2825,1
8,2826,1
8,2827,1
8,2828,1
8,2829,1
8,2830,1
8,2831,1
8,2832,1
8,2833,1
8,2834,1
8,2835,1
8,2836,1
8,2837,1
8,2838,1
8,2839,1
8,2840,1
8,2841,1
8,2842,1
8,2843,1
8,2844,1
8,2845,1
8,2846,1
8,2847,1
8,2848,1
8,2849,1
8,2850,1
8,2851,1
8,2852,1
8,2853,1
8,2854,1
8,2855,1
8,2856,1
8,2857,1
8,2858,1
8,2859,1
8,2860,1
8,2861,1
8,2862,1
8,2863,1
8,2864,1
8,2865,1
8,2866,1
8,2867,1
8,2868,1
8,2869,1
8,2870,1
8,2871,1
8,2872,1
8,2873,1
8,2874,1
8,2875,1
8,2876,1
8,2877,1
8,2878,1
8,2879,1
8,2880,1
8,2881,1
8,2882,1
8,2883,1
8,2884,1
8,2885,1
8,2886,1
8,2887,1
8,2888,1
8,2889,1
8,2890,1
8,2891,1
8,2892,1
8,2893,1
8,2894,1
8,2895,1
8,2896,1
8,2897,1
8,2898,1
8,2899,1
8,2900,1
8,2901,1
8,2902,1
8,2903,1
8,2904,1
8,2905,1
8,2906,1
8,2907,1
8,2908,1
8,2909,1
8,2910,1
8,2911,1
8,2912,1
8,2913,1
8,2914,1
8,2915,1
8,2916,1
8,2917,1
8,2918,1
8,2919,1
8,2920,1
8,2921,1
8,2922,1
8,2923,1
8,2924,1
8,2925,1
8,2926,1
8,2927,1
8,2928,1
8,2929,1
8,2930,1
8,2931,1
8,2932,1
8,2933,1
8,2934,1
8,2935,1
8,2936,1
8,2937,1
8,2938,1
8,2939,1
8,2940,1
8,2941,1
8,2942,1
8,2943,1
8,2944,1
8,2945,1
8,2946,1
8,2947,1
8,2948,1
8,2949,1
8,2950,1
8,2951,1
8,2952,1
8,2953,1
8,2954,1
8,2955,1
8,2956,1
8,2957,1
8,2958,1
8,2959,1
8,2960,1
8,2961,1
8,2962,1
8,2963,1
8,2964,1
8,2965,1
8,2966,1
8,2967,1
8,2968,1
8,2969,1
8,2970,1
8,2971,1
8,2972,1
8,2973,1
8,2974,1
8,2975,1
8,2976,1
8,2977,1
8,2978,1
8,2979,1
8,2980,1
8,2981,1
8,2982,1
8,2983,1
8,2984,1
8,2985,1
8,2986,1
8,2987,1
8,2988,1
8,2989,1
8,2990,1
8,2991,1
8,2992,1
8,2993,1
8,2994,1
8,2995,1
8,2996,1
8,2997,1
8,2998,1
8,2999,1
8,3000,1
8,3001,1
8,3002,1
8,3003,1
8,3004,1
8,3005,1
8,3006,1
8,3007,1
8,3008,1
8,3009,1
8,3010,1
8,3011,1
8,3012,1
8,3013,1
8,3014,1
8,3015,1
8,3016,1
8,3017,1
8,3018,1
8,3019,1
8,3020,1
8,3021,1
8,3022,1
8,3023,1
8,3024,1
8,3025,1
8,3026,1
8,3027,1
8,3028,1
8,3029,1
8,3030,1
8,3031,1
8,3032,1
8,3033,1
8,3034,1
8,3035,1
8,3036,1
8,3037,1
8,3038,1
8,3039,1
8,3040,1
8,3041,1
8,3042,1
8,3043,1
8,3044,1
8,3045,1
8,3046,1
8,3047,1
8,3048,1
8,3049,1
8,3050,1
8,3051,1
8,3052,1
8,3053,1
8,3054,1
8,3055,1
8,3056,1
8,3057,1
8,3058,1
8,3059,1
8,3060,1
8,3061,1
8,3062,1
8,3063,1
8,3064,1
8,3065,1
8,3066,1
8,3067,1
8,3068,1
8,3069,1
8,3070,1
8,3071,1
8,3072,1
8,3073,1
8,3074,1
8,3075,1
8,3076,1
8,3077,1
8,3078,1
8,3079,1
8,3080,1
8,3081,1
8,3082,1
8,3083,1
8,3084,1
8,3085,1
8,3086,1
8,3087,1
8,3088,1
8,3089,1
8,3090,1
8,3091,1
8,3092,1
8,3093,1
8,3094,1
8,3095,1
8,3096,1
8,3097,1
8,3098,1
8,3099,1
8,3100,1
8,3101,1
8,3102,1
8,3103,1
8,3104,1
8,3105,1
8,3106,1
8,3107,1
8,3108,1
8,3109,1
8,3110,1
8,3111,1
8,3112,1
8,3113,1
8,3114,1
8,3115,1
8,3116,1
8,3117,1
8,3118,1
8,3119,1
8,3120,1
8,3121,1
8,3122,1
8,3123,1
8,3124,1
8,3125,1
8,3126,1
8,3127,1
8,3128,1
8,3129,1
8,3130,1
8,3131,1
8,3132,1
8,3133,1
8,3134,1
8,3135,1
8,3136,1
8,3137,1
8,3138,1
8,3139,1
8,3140,1
8,3141,1
8,3142,1
8,3143,1
8,3144,1
8,3145,1
8,3146,1
8,3147,1
8,3148,1
8,3149,1
8,3150,1
8,3151,1
8,3152,1
8,3153,1
8,3154,1
8,3155,1
8,3156,1
8,3157,1
8,3158,1
8,3159,1
8,3160,1
8,3161,1
8,3162,1
8,3163,1
8,3164,1
8,3165,1
8,3166,1
8,3167,1
8,3168,1
8,3169,1
8,3170,1
8,3171,1
8,3172,1
8,3173,1
8,3174,1
8,3175,1
8,3176,1
8,3177,1
8,3178,1
8,3179,1
8,3180,1
8,3181,1
8,3182,1
8,3183,1
8,3184,1
8,3185,1
8,3186,1
8,3187,1
8,3188,1
8,3189,1
8,3190,1
8,3191,1
8,3192,1
8,3193,1
8,3194,1
8,3195,1
8,3196,1
8,3197,1
8,3198,1
8,3199,1
8,3200,1
8,3201,1
8,3202,1
8,3203,1
8,3204,1
8,3205,1
8,3206,1
8,3207,1
8,3208,1
8,3209,1
8,3210,1
8,3211,1
8,3212,1
8,3213,1
8,3214,1
8,3215,1
8,3216,1
8,3217,1
8,3218,1
8,3219,1
8,3220,1
8,3221,1
8,3222,1
8,3223,1
8,3224,1
8,3225,1
8,3226,1
8,3227,1
8,3228,1
8,3229,1
8,3230,1
8,3231,1
8,3232,1
8,3233,1
8,3234,1
8,3235,1
8,3236,1
8,3237,1
8,3238,1
8,3239,1
8,3240,1
8,3241,1
8,3242,1
8,3243,1
8,3244,1
8,3245,1
8,3246,1
8,3247,1
8,3248,1
8,3249,1
8,3250,1
8,3251,1
8,3252,1
8,3253,1
8,3254,1
8,3255,1
8,3256,1
8,3257,1
8,3258,1
8,3259,1
8,3260,1
8,3261,1
8,3262,1
8,3263,1
8,3264,1
8,3265,1
8,3266,1
8,3267,1
8,3268,1
8,3269,1
8,3270,1
8,3271,1
8,3272,1
8,3273,1
8,3274,1
8,3275,1
8,3276,1
8,3277,1
8,3278,1
8,3279,1
8,3280,1
8,3281,1
8,3282,1
8,3283,1
8,3284,1
8,3285,1
8,3286,1
8,3287,1
8,3288,1
8,3289,1
8,3290,1
8,3291,1
8,3292,1
8,3293,1
8,3294,1
8,3295,1
8,3296,1
8,3297,1
8,3298,1
8,3299,1
8,3300,1
8,3301,1
8,3302,1
8,3303,1
8,3304,1
8,3305,1
8,3306,1
8,3307,1
8,3308,1
8,3309,1
8,3310,1
8,3311,1
8,3312,1
8,3313,1
8,3314,1
8,3315,1
8,3316,1
8,3317,1
8,3318,1
8,3319,1
8,3320,1
8,3321,1
8,3322,1
8,3323,1
8,3324,1
8,3325,1
8,3326,1
8,3327,1
8,3328,1
8,3329,1
8,3330,1
8,3331,1
8,3332,1
8,3333,1
8,3334,1
8,3335,1
8,3336,1
8,3337,1
8,3338,1
8,3339,1
8,3340,1
8,3341,1
8,3342,1
8,3343,1
8,3344,1
8,3345,1
8,3346,1
8,3347,1
8,3348,1
8,3349,1
8,3350,1
8,3351,1
8,3352,1
8,3353,1
8,3354,1
8,3355,1
8,3356,1
8,3357,1
8,3358,1
8,3359,1
8,3360,1
8,3361,1
8,3362,1
8,3363,1
8,3364,1
8,3365,1
8,3366,1
8,3367,1
8,3368,1
8,3369,1
8,3370,1
8,3371,1
8,3372,1
8,3373,1
8,3374,1
8,3375,1
8,3376,1
8,3377,1
8,3378,1
8,3379,1
8,3380,1
8,3381,1
8,3382,1
8,3383,1
8,3384,1
8,3385,1
8,3386,1
8,3387,1
8,3388,1
8,3389,1
8,3390,1
8,3391,1
8,3392,1
8,3393,1
8,3394,1
8,3395,1
8,3396,1
8,3397,1
8,3398,1
8,3399,1
8,3400,1
8,3401,1
8,3402,1
8,3403,1
8,3404,1
8,3405,1
8,3406,1
8,3407,1
8,3408,1
8,3409,1
8,3410,1
8,3411,1
8,3412,1
8,3413,1
8,3414,1
8,3415,1
8,3416,1
8,3417,1
8,3418,1
8,3419,1
8,3420,1
8,3421,1
8,3422,1
8,3423,1
8,3424,1
8,3425,1
8,3426,1
8,3427,1
8,3428,1
8,3429,1
8,3430,1
8,3431,1
8,3432,1
8,3433,1
8,3434,1
8,3435,1
8,3436,1
8,3437,1
8,3438,1
8,3439,1
8,3440,1
8,3441,1
8,3442,1
8,3443,1
8,3444,1
8,3445,1
8,3446,1
8,3447,1
8,3448,1
8,3449,1
8,3450,1
8,3451,1
8,3452,1
8,3453,1
8,3454,1
8,3455,1
8,3456,1
8,3457,1
8,3458,1
8,3459,1
8,3460,1
8,3461,1
8,3462,1
8,3463,1
8,3464,1
8,3465,1
8,3466,1
8,3467,1
8,3468,1
8,3469,1
8,3470,1
8,3471,1
8,3472,1
8,3473,1
8,3474,1
8,3475,1
8,3476,1
8,3477,1
8,3478,1
8,3479,1
8,3480,1
8,3481,1
8,3482,1
8,3483,1
8,3484,1
8,3485,1
8,3486,1
8,3487,1
8,3488,1
8,3489,1
8,3490,1
8,3491,1
8,3492,1
8,3493,1
8,3494,1
8,3495,1
8,3496,1
8,3497,1
8,3498,1
8,3499,1
8,3500,1
8,3501,1
8,3502,1
8,3503,1
8,3504,1
8,3505,1
8,3506,1
8,3507,1
8,3508,1
8,3509,1
8,3510,1
8,3511,1
8,3512,1
8,3513,1
8,3514,1
8,3515,1
8,3516,1
8,3517,1
8,3518,1
8,3519,1
8,3520,1
8,3521,1
8,3522,1
8,3523,1
8,3524,1
8,3525,1
8,3526,1
8,3527,1
8,3528,1
8,3529,1
8,3530,1
8,3531,1
8,3532,1
8,3533,1
8,3534,1
8,3535,1
8,3536,1
8,3537,1
8,3538,1
8,3539,1
8,3540,1
8,3541,1
8,3542,1
8,3543,1
8,3544,1
8,3545,1
8,3546,1
8,3547,1
8,3548,1
8,3549,1
8,3550,1
8,3551,1
8,3552,1
8,3553,1
8,3554,1
8,3555,1
8,3556,1
8,3557,1
8,3558,1
8,3559,1
8,3560,1
8,3561,1
8,3562,1
8,3563,1
8,3564,1
8,3565,1
8,3566,1
8,3567,1
8,3568,1
8,3569,1
8,3570,1
8,3571,1
8,3572,1
8,3573,1
8,3574,1
8,3575,1
8,3576,1
8,3577,1
8,3578,1
8,3579,1
8,3580,1
8,3581,1
8,3582,1
8,3583,1
8,3584,1
8,3585,1
8,3586,1
8,3587,1
8,3588,1
8,3589,1
8,3590,1
8,3591,1
8,3592,1
8,3593,1
8,3594,1
8,3595,1
8,3596,1
8,3597,1
8,3598,1
8,3599,1
8,3600,1
8,3601,1
8,3602,1
8,3603,1
8,3604,1
8,3605,1
8,3606,1
8,3607,1
8,3608,1
8,3609,1
8,3610,1
8,3611,1
8,3612,1
8,3613,1
8,3614,1
8,3615,1
8,3616,1
8,3617,1
8,3618,1
8,3619,1
8,3620,1
8,3621,1
8,3622,1
8,3623,1
8,3624,1
8,3625,1
8,3626,1
8,3627,1
8,3628,1
8,3629,1
8,3630,1
8,3631,1
8,3632,1
8,3633,1
8,3634,1
8,3635,1
8,3636,1
8,3637,1
8,3638,1
8,3639,1
8,3640,1
8,3641,1
8,3642,1
8,3643,1
8,3644,1
8,3645,1
8,3646,1
8,3647,1
8,3648,1
8,3649,1
8,3650,1
8,3651,1
8,3652,1
8,3653,1
8,3654,1
8,3655,1
8,3656,1
8,3657,1
8,3658,1
8,3659,1
8,3660,1
8,3661,1
8,3662,1
8,3663,1
8,3664,1
8,3665,1
8,3666,1
8,3667,1
8,3668,1
8,3669,1
8,3670,1
8,3671,1
8,3672,1
8,3673,1
8,3674,1
8,3675,1
8,3676,1
8,3677,1
8,3678,1
8,3679,1
8,3680,1
8,3681,1
8,3682,1
8,3683,1
8,3684,1
8,3685,1
8,3686,1
8,3687,1
8,3688,1
8,3689,1
8,3690,1
8,3691,1
8,3692,1
8,3693,1
8,3694,1
8,3695,1
8,3696,1
8,3697,1
8,3698,1
8,3699,1
8,3700,1
8,3701,1
8,3702,1
8,3703,1
8,3704,1
8,3705,1
8,3706,1
8,3707,1
8,3708,1
8,3709,1
8,3710,1
8,3711,1
8,3712,1
8,3713,1
8,3714,1
8,3715,1
8,3716,1
8,3717,1
8,3718,1
8,3719,1
8,3720,1
8,3721,1
8,3722,1
8,3723,1
8,3724,1
8,3725,1
8,3726,1
8,3727,1
8,3728,1
8,3729,1
8,3730,1
8,3731,1
8,3732,1
8,3733,1
8,3734,1
8,3735,1
8,3736,1
8,3737,1
8,3738,1
8,3739,1
8,3740,1
8,3741,1
8,3742,1
8,3743,1
8,3744,1
8,3745,1
8,3746,1
8,3747,1
8,3748,1
8,3749,1
8,3750,1
8,3751,1
8,3752,1
8,3753,1
8,3754,1
8,3755,1
8,3756,1
8,3757,1
8,3758,1
8,3759,1
8,3760,1
8,3761,1
8,3762,1
8,3763,1
8,3764,1
8,3765,1
8,3766,1
8,3767,1
8,3768,1
8,3769,1
8,3770,1
8,3771,1
8,3772,1
8,3773,1
8,3774,1
8,3775,1
8,3776,1
8,3777,1
8,3778,1
8,3779,1
8,3780,1
8,3781,1
8,3782,1
8,3783,1
8,3784,1
8,3785,1
8,3786,1
8,3787,1
8,3788,1
8,3789,1
8,3790,1
8,3791,1
8,3792,1
8,3793,1
8,3794,1
8,3795,1
8,3796,1
8,3797,1
8,3798,1
8,3799,1
8,3800,1
8,3801,1
8,3802,1
8,3803,1
8,3804,1
8,3805,1
8,3806,1
8,3807,1
8,3808,1
8,3809,1
8,3810,1
8,3811,1
8,3812,1
8,3813,1
8,3814,1
8,3815,1
8,3816,1
8,3817,1
8,3818,1
8,3819,1
8,3820,1
8,3821,1
8,3822,1
8,3823,1
8,3824,1
8,3825,1
8,3826,1
8,3827,1
8,3828,1
8,3829,1
8,3830,1
8,3831,1
8,3832,1
8,3833,1
8,3834,1
8,3835,1
8,3836,1
8,3837,1
8,3838,1
8,3839,1
8,3840,1
8,3841,1
8,3842,1
8,3843,1
8,3844,1
8,3845,1
8,3846,1
8,3847,1
8,3848,1
8,3849,1
8,3850,1
8,3851,1
8,3852,1
8,3853,1
8,3854,1
8,3855,1
8,3856,1
8,3857,1
8,3858,1
8,3859,1
8,3860,1
8,3861,1
8,3862,1
8,3863,1
8,3864,1
8,3865,1
8,3866,1
8,3867,1
8,3868,1
8,3869,1
8,3870,1
8,3871,1
8,3872,1
8,3873,1
8,3874,1
8,3875,1
8,3876,1
8,3877,1
8,3878,1
8,3879,1
8,3880,1
8,3881,1
8,3882,1
8,3883,1
8,3884,1
8,3885,1
8,3886,1
8,3887,1
8,3888,1
8,3889,1
8,3890,1
8,3891,1
8,3892,1
8,3893,1
8,3894,1
8,3895,1
8,3896,1
8,3897,1
8,3898,1
8,3899,1
8,3900,1
8,3901,1
8,3902,1
8,3903,1
8,3904,1
8,3905,1
8,3906,1
8,3907,1
8,3908,1
8,3909,1
8,3910,1
8,3911,1
8,3912,1
8,3913,1
8,3914,1
8,3915,1
8,3916,1
8,3917,1
8,3918,1
8,3919,1
8,3920,1
8,3921,1
8,3922,1
8,3923,1
8,3924,1
8,3925,1
8,3926,1
8,3927,1
8,3928,1
8,3929,1
8,3930,1
8,3931,1
8,3932,1
8,3933,1
8,3934,1
8,3935,1
8,3936,1
8,3937,1
8,3938,1
8,3939,1
8,3940,1
8,3941,1
8,3942,1
8,3943,1
8,3944,1
8,3945,1
8,3946,1
8,3947,1
8,3948,1
8,3949,1
8,3950,1
8,3951,1
8,3952,1
8,3953,1
8,3954,1
8,3955,1
8,3956,1
8,3957,1
8,3958,1
8,3959,1
8,3960,1
8,3961,1
8,3962,1
8,3963,1
8,3964,1
8,3965,1
8,3966,1
8,3967,1
8,3968,1
8,3969,1
8,3970,1
8,3971,1
8,3972,1
8,3973,1
8,3974,1
8,3975,1
8,3976,1
8,3977,1
8,3978,1
8,3979,1
8,3980,1
8,3981,1
8,3982,1
8,3983,1
8,3984,1
8,3985,1
8,3986,1
8,3987,1
8,3988,1
8,3989,1
8,3990,1
8,3991,1
8,3992,1
8,3993,1
8,3994,1
8,3995,1
8,3996,1
8,3997,1
8,3998,1
8,3999,1
8,4000,1
8,4001,1
8,4002,1
8,4003,1
8,4004,1
8,4005,1
8,4006,1
8,4007,1
8,4008,1
8,4009,1
8,4010,1
8,4011,1
8,4012,1
8,4013,1
8,4014,1
8,4015,1
8,4016,1
8,4017,1
8,4018,1
8,4019,1
8,4020,1
8,4021,1
8,4022,1
8,4023,1
8,4024,1
8,4025,1
8,4026,1
8,4027,1
8,4028,1
8,4029,1
8,4030,1
8,4031,1
8,4032,1
8,4033,1
8,4034,1
8,4035,1
8,4036,1
8,4037,1
8,4038,1
8,4039,1
8,4040,1
8,4041,1
8,4042,1
8,4043,1
8,4044,1
8,4045,1
8,4046,1
8,4047,1
8,4048,1
8,4049,1
8,4050,1
8,4051,1
8,4052,1
8,4053,1
8,4054,1
8,4055,1
8,4056,1
8,4057,1
8,4058,1
8,4059,1
8,4060,1
8,4061,1
8,4062,1
8,4063,1
8,4064,1
8,4065,1
8,4066,1
8,4067,1
8,4068,1
8,4069,1
8,4070,1
8,4071,1
8,4072,1
8,4073,1
8,4074,1
8,4075,1
8,4076,1
8,4077,1
8,4078,1
8,4079,1
8,4080,1
8,4081,1
8,4082,1
8,4083,1
8,4084,1
8,4085,1
8,4086,1
8,4087,1
8,4088,1
8,4089,1
8,4090,1
8,4091,1
8,4092,1
8,4093,1
8,4094,1
8,4095,1
8,4096,1
8,4097,1
8,4098,1
8,4099,1
8,4100,1
8,4101,1
8,4102,1
8,4103,1
8,4104,1
8,4105,1
8,4106,1
8,4107,1
8,4108,1
8,4109,1
8,4110,1
8,4111,1
8,4112,1
8,4113,1
8,4114,1
8,4115,1
8,4116,1
8,4117,1
8,4118,1
8,4119,1
8,4120,1
8,4121,1
8,4122,1
8,4123,1
8,4124,1
8,4125,1
8,4126,1
8,4127,1
8,4128,1
8,4129,1
8,4130,1
8,4131,1
8,4132,1
8,4133,1
8,4134,1
8,4135,1
8,4136,1
8,4137,1
8,4138,1
8,4139,1
8,4140,1
8,4141,1
8,4142,1
8,4143,1
8,4144,1
8,4145,1
8,4146,1
8,4147,1
8,4148,1
8,4149,1
8,4150,1
8,4151,1
8,4152,1
8,4153,1
8,4154,1
8,4155,1
8,4156,1
8,4157,1
8,4158,1
8,4159,1
8,4160,1
8,4161,1
8,4162,1
8,4163,1
8,4164,1
8,4165,1
8,4166,1
8,4167,1
8,4168,1
8,4169,1
8,4170,1
8,4171,1
8,4172,1
8,4173,1
8,4174,1
8,4175,1
8,4176,1
8,4177,1
8,4178,1
8,4179,1
8,4180,1
8,4181,1
8,4182,1
8,4183,1
8,4184,1
8,4185,1
8,4186,1
8,4187,1
8,4188,1
8,4189,1
8,4190,1
8,4191,1
8,4192,1
8,4193,1
8,4194,1
8,4195,1
8,4196,1
8,4197,1
8,4198,1
8,4199,1
