id,seed,energy,penalty_units,feasible,cost,hit,time_us
MP_P507-A,1,1,1,0,0,0,4506.50
MP_P507-A,2,0.909090909091,0,1,58.9124682639,0,5695.00
MP_P507-A,3,0.909090909091,0,1,58.9124682639,0,4682.80
MP_P507-A,4,0.999060282257,0,1,64.7428178894,0,3788.10
MP_P507-A,5,1.08396273416,0,1,70.2448121928,0,3752.90
MP_P507-A,6,0.906280716083,0,1,58.7303573169,1,3754.80
MP_P507-A,7,1,1,0,0,0,3802.10
MP_P507-A,8,1,1,0,0,0,3816.90
MP_P507-A,9,0.999060282257,0,1,64.7428178894,0,3764.90
MP_P507-A,10,1,1,0,0,0,3755.60
MP_P507-A,11,0.999060282257,0,1,64.7428178894,0,3760.20
MP_P507-A,12,1.08396273416,0,1,70.2448121928,0,3772.60
MP_P507-A,13,1.05252787278,0,1,68.2077163925,0,3776.50
MP_P507-A,14,1.23226327597,0,1,79.8552382525,0,3734.80
MP_P507-A,15,0.906280716083,0,1,58.7303573169,1,3758.30
MP_P507-A,16,1.05252787278,0,1,68.2077163925,0,4442.60
MP_P507-A,17,0.999060282257,0,1,64.7428178894,0,6219.20
MP_P507-A,18,0.999060282257,0,1,64.7428178894,0,6133.20
MP_P507-A,19,1.08677292716,0,1,70.4269231398,0,6143.10
MP_P507-A,20,0.909090909091,0,1,58.9124682639,0,5465.20
MP_P507-A,21,0.909090909091,0,1,58.9124682639,0,3846.80
MP_P507-A,22,0.909090909091,0,1,58.9124682639,0,3864.00
MP_P507-A,23,0.906280716083,0,1,58.7303573169,1,3959.30
MP_P507-A,24,0.909090909091,0,1,58.9124682639,0,4689.20
MP_P507-A,25,0.909090909091,0,1,58.9124682639,0,4691.30
MP_P507-A,26,0.906280716083,0,1,58.7303573169,1,4653.30
MP_P507-A,27,1.08396273416,0,1,70.2448121928,0,4646.60
MP_P507-A,28,0.999060282257,0,1,64.7428178894,0,4653.30
MP_P507-A,29,0.906280716083,0,1,58.7303573169,1,4692.00
MP_P507-A,30,1.23226327597,0,1,79.8552382525,0,4658.60
MP_P507-A,31,1,1,0,0,0,4653.60
MP_P507-A,32,0.906280716083,0,1,58.7303573169,1,4664.20
MP_P507-A,33,1,1,0,0,0,4650.80
MP_P507-A,34,1.08396273416,0,1,70.2448121928,0,4654.60
MP_P507-A,35,1,1,0,0,0,4697.40
MP_P507-A,36,0.999060282257,0,1,64.7428178894,0,4666.40
MP_P507-A,37,0.999060282257,0,1,64.7428178894,0,4654.10
MP_P507-A,38,0.909090909091,0,1,58.9124682639,0,4679.00
MP_P507-A,39,0.906280716083,0,1,58.7303573169,1,4762.80
MP_P507-A,40,1,1,0,0,0,4633.40
MP_P507-A,41,1.23226327597,0,1,79.8552382525,0,4630.40
MP_P507-A,42,1,1,0,0,0,4682.50
MP_P507-A,43,0.999060282257,0,1,64.7428178894,0,4658.90
MP_P507-A,44,0.909090909091,0,1,58.9124682639,0,4655.90
MP_P507-A,45,1.05252787278,0,1,68.2077163925,0,4686.80
MP_P507-A,46,1.05252787278,0,1,68.2077163925,0,3850.10
MP_P507-A,47,0.906280716083,0,1,58.7303573169,1,3761.80
MP_P507-A,48,1.08677292716,0,1,70.4269231398,0,3745.00
MP_P507-A,49,1,1,0,0,0,3818.90
MP_P507-A,50,0.999060282257,0,1,64.7428178894,0,3765.60
MP_P507-A,51,0.906280716083,0,1,58.7303573169,1,3765.20
MP_P507-A,52,0.999060282257,0,1,64.7428178894,0,3775.00
MP_P507-A,53,1.39390206897,0,1,90.3300325413,0,4095.40
MP_P507-A,54,0.909090909091,0,1,58.9124682639,0,4673.20
MP_P507-A,55,0.906280716083,0,1,58.7303573169,1,4659.70
MP_P507-A,56,0.906280716083,0,1,58.7303573169,1,4738.50
MP_P507-A,57,0.906280716083,0,1,58.7303573169,1,4707.80
MP_P507-A,58,0.906280716083,0,1,58.7303573169,1,4653.40
MP_P507-A,59,0.909090909091,0,1,58.9124682639,0,4658.50
MP_P507-A,60,0.906280716083,0,1,58.7303573169,1,4703.70
MP_P507-A,61,0.906280716083,0,1,58.7303573169,1,4667.50
MP_P507-A,62,0.906280716083,0,1,58.7303573169,1,4661.80
MP_P507-A,63,0.909090909091,0,1,58.9124682639,0,4684.10
MP_P507-A,64,1.05252787278,0,1,68.2077163925,0,5109.70
MP_P507-B,1,0.909090909091,0,1,50.283811295,0,4801.80
MP_P507-B,2,0.909090909091,0,1,50.283811295,0,3853.10
MP_P507-B,3,1.23694920421,0,1,68.4183724024,0,3829.30
MP_P507-B,4,1.06148203359,0,1,58.712898497,0,3889.30
MP_P507-B,5,1.40220146478,0,1,77.5588372375,0,3956.80
MP_P507-B,6,0.907516878169,0,1,50.1967481937,1,3856.10
MP_P507-B,7,1,1,0,0,0,3842.30
MP_P507-B,8,1,1,0,0,0,3830.50
MP_P507-B,9,0.909090909091,0,1,50.283811295,0,3898.60
MP_P507-B,10,1.01793572346,0,1,56.304256612,0,3866.00
MP_P507-B,11,1,1,0,0,0,3820.40
MP_P507-B,12,1.06148203359,0,1,58.712898497,0,3829.80
MP_P507-B,13,1,1,0,0,0,3872.60
MP_P507-B,14,0.907516878169,0,1,50.1967481937,1,3830.80
MP_P507-B,15,1.06305606451,0,1,58.7999615983,0,3855.10
MP_P507-B,16,0.909090909091,0,1,50.283811295,0,3824.40
MP_P507-B,17,1.01793572346,0,1,56.304256612,0,3876.00
MP_P507-B,18,1.06305606451,0,1,58.7999615983,0,3838.50
MP_P507-B,19,1.40220146478,0,1,77.5588372375,0,3833.60
MP_P507-B,20,0.907516878169,0,1,50.1967481937,1,3859.80
MP_P507-B,21,0.909090909091,0,1,50.283811295,0,5127.10
MP_P507-B,22,0.907516878169,0,1,50.1967481937,1,8342.10
MP_P507-B,23,1.23694920421,0,1,68.4183724024,0,8358.70
MP_P507-B,24,0.907516878169,0,1,50.1967481937,1,8397.10
MP_P507-B,25,0.909090909091,0,1,50.283811295,0,4633.30
MP_P507-B,26,1.01793572346,0,1,56.304256612,0,3866.60
MP_P507-B,27,1.87091378876,0,1,103.484343494,0,3836.00
MP_P507-B,28,0.907516878169,0,1,50.1967481937,1,3839.50
MP_P507-B,29,0.909090909091,0,1,50.283811295,0,3861.70
MP_P507-B,30,0.909090909091,0,1,50.283811295,0,3865.40
MP_P507-B,31,1,1,0,0,0,3850.70
MP_P507-B,32,1.23694920421,0,1,68.4183724024,0,3893.80
MP_P507-B,33,1.01793572346,0,1,56.304256612,0,4018.30
MP_P507-B,34,0.907516878169,0,1,50.1967481937,1,3851.80
MP_P507-B,35,0.907516878169,0,1,50.1967481937,1,3861.60
MP_P507-B,36,0.907516878169,0,1,50.1967481937,1,3836.80
MP_P507-B,37,0.907516878169,0,1,50.1967481937,1,3907.70
MP_P507-B,38,0.907516878169,0,1,50.1967481937,1,3844.80
MP_P507-B,39,1.06148203359,0,1,58.712898497,0,3853.20
MP_P507-B,40,0.907516878169,0,1,50.1967481937,1,3846.20
MP_P507-B,41,0.907516878169,0,1,50.1967481937,1,3847.20
MP_P507-B,42,0.907516878169,0,1,50.1967481937,1,3881.00
MP_P507-B,43,1.01793572346,0,1,56.304256612,0,3890.40
MP_P507-B,44,0.909090909091,0,1,50.283811295,0,3846.90
MP_P507-B,45,1.08057830462,0,1,59.7691551151,0,3868.40
MP_P507-B,46,0.909090909091,0,1,50.283811295,0,3853.60
MP_P507-B,47,1,1,0,0,0,3865.30
MP_P507-B,48,1.08057830462,0,1,59.7691551151,0,3820.70
MP_P507-B,49,0.907516878169,0,1,50.1967481937,1,3898.80
MP_P507-B,50,1.06305606451,0,1,58.7999615983,0,3819.30
MP_P507-B,51,1.01793572346,0,1,56.304256612,0,3827.10
MP_P507-B,52,0.909090909091,0,1,50.283811295,0,3831.80
MP_P507-B,53,1.08057830462,0,1,59.7691551151,0,3838.80
MP_P507-B,54,1,1,0,0,0,3835.30
MP_P507-B,55,1.01793572346,0,1,56.304256612,0,3919.10
MP_P507-B,56,1.06148203359,0,1,58.712898497,0,3821.60
MP_P507-B,57,1.40220146478,0,1,77.5588372375,0,3903.90
MP_P507-B,58,0.907516878169,0,1,50.1967481937,1,3830.50
MP_P507-B,59,1.23694920421,0,1,68.4183724024,0,3824.40
MP_P507-B,60,0.909090909091,0,1,50.283811295,0,3831.80
MP_P507-B,61,1,1,0,0,0,3861.60
MP_P507-B,62,0.909090909091,0,1,50.283811295,0,3834.80
MP_P507-B,63,1,1,0,0,0,3831.90
MP_P507-B,64,1.06148203359,0,1,58.712898497,0,3909.30
R4_0,1,0.892312571139,0,1,93.6805687464,1,1770.30
R4_0,2,0.909090909091,0,1,95.442063869,0,1769.00
R4_0,3,0.952295367913,0,1,99.9779388591,0,1772.10
R4_0,4,1.29165569897,0,1,135.606114289,0,1778.60
R4_0,5,1.16531450412,0,1,122.342023463,0,1756.30
R4_0,6,1,1,0,0,0,1761.10
R4_0,7,0.909090909091,0,1,95.442063869,0,1823.50
R4_0,8,0.952295367913,0,1,99.9779388591,0,1865.20
R4_0,9,0.909090909091,0,1,95.442063869,0,1984.80
R4_0,10,0.909090909091,0,1,95.442063869,0,1730.70
R4_0,11,0.952295367913,0,1,99.9779388591,0,1836.20
R4_0,12,1,1,0,0,0,1780.30
R4_0,13,0.892312571139,0,1,93.6805687464,1,1817.60
R4_0,14,0.952295367913,0,1,99.9779388591,0,1762.00
R4_0,15,0.909090909091,0,1,95.442063869,0,1787.30
R4_0,16,1.16531450412,0,1,122.342023463,0,1779.80
R4_0,17,0.952295367913,0,1,99.9779388591,0,1815.40
R4_0,18,0.909090909091,0,1,95.442063869,0,1765.40
R4_0,19,0.909090909091,0,1,95.442063869,0,1787.70
R4_0,20,0.952295367913,0,1,99.9779388591,0,1778.00
R4_0,21,0.952295367913,0,1,99.9779388591,0,1787.40
R4_0,22,1.29165569897,0,1,135.606114289,0,1793.30
R4_0,23,0.909090909091,0,1,95.442063869,0,1763.30
R4_0,24,1.16531450412,0,1,122.342023463,0,1815.60
R4_0,25,0.909090909091,0,1,95.442063869,0,1854.20
R4_0,26,0.892312571139,0,1,93.6805687464,1,1947.40
R4_0,27,0.952295367913,0,1,99.9779388591,0,1825.20
R4_0,28,0.892312571139,0,1,93.6805687464,1,1844.40
R4_0,29,0.909090909091,0,1,95.442063869,0,1767.80
R4_0,30,0.909090909091,0,1,95.442063869,0,1795.40
R4_0,31,1.16531450412,0,1,122.342023463,0,1841.10
R4_0,32,1,1,0,0,0,1800.40
R4_0,33,1,1,0,0,0,1876.20
R4_0,34,0.909090909091,0,1,95.442063869,0,1857.20
R4_0,35,1,1,0,0,0,1756.40
R4_0,36,0.892312571139,0,1,93.6805687464,1,1795.60
R4_0,37,0.952295367913,0,1,99.9779388591,0,1821.10
R4_0,38,1,1,0,0,0,1763.00
R4_0,39,0.892312571139,0,1,93.6805687464,1,1839.90
R4_0,40,1,1,0,0,0,1765.60
R4_0,41,0.892312571139,0,1,93.6805687464,1,1840.10
R4_0,42,0.892312571139,0,1,93.6805687464,1,1858.70
R4_0,43,0.909090909091,0,1,95.442063869,0,1801.60
R4_0,44,0.909090909091,0,1,95.442063869,0,1791.80
R4_0,45,0.892312571139,0,1,93.6805687464,1,1780.30
R4_0,46,0.909090909091,0,1,95.442063869,0,1766.70
R4_0,47,1,1,0,0,0,1848.20
R4_0,48,0.952295367913,0,1,99.9779388591,0,1871.70
R4_0,49,0.909090909091,0,1,95.442063869,0,1890.00
R4_0,50,0.892312571139,0,1,93.6805687464,1,1754.90
R4_0,51,0.909090909091,0,1,95.442063869,0,1880.00
R4_0,52,0.909090909091,0,1,95.442063869,0,1767.60
R4_0,53,1.16531450412,0,1,122.342023463,0,1879.10
R4_0,54,1,1,0,0,0,1812.90
R4_0,55,0.892312571139,0,1,93.6805687464,1,1868.10
R4_0,56,0.909090909091,0,1,95.442063869,0,1838.50
R4_0,57,0.892312571139,0,1,93.6805687464,1,1756.20
R4_0,58,0.892312571139,0,1,93.6805687464,1,1747.80
R4_0,59,0.892312571139,0,1,93.6805687464,1,1792.00
R4_0,60,0.909090909091,0,1,95.442063869,0,1806.70
R4_0,61,1,1,0,0,0,1786.20
R4_0,62,0.892312571139,0,1,93.6805687464,1,1831.60
R4_0,63,0.892312571139,0,1,93.6805687464,1,1811.30
R4_0,64,0.909090909091,0,1,95.442063869,0,1916.80
R4_1,1,1.27273134253,0,1,109.631558455,0,1788.00
R4_1,2,1,1,0,0,0,1679.40
R4_1,3,1.11571517008,0,1,96.1063728068,0,1818.80
R4_1,4,1,1,0,0,0,1771.70
R4_1,5,1,1,0,0,0,1752.00
R4_1,6,1.24313910816,0,1,107.082518714,0,1806.10
R4_1,7,1.11571517008,0,1,96.1063728068,0,1755.90
R4_1,8,0.909090909091,0,1,78.3080056336,1,1787.10
R4_1,9,1.27273134253,0,1,109.631558455,0,2299.00
R4_1,10,0.909090909091,0,1,78.3080056336,1,3864.90
R4_1,11,1.24313910816,0,1,107.082518714,0,3913.40
R4_1,12,1.11571517008,0,1,96.1063728068,0,3832.20
R4_1,13,1.27273134253,0,1,109.631558455,0,3809.40
R4_1,14,1,1,0,0,0,3790.10
R4_1,15,1,1,0,0,0,3797.10
R4_1,16,1,1,0,0,0,2161.50
R4_1,17,1,1,0,0,0,2165.50
R4_1,18,1,1,0,0,0,2163.70
R4_1,19,1,1,0,0,0,2174.30
R4_1,20,0.909090909091,0,1,78.3080056336,1,2180.80
R4_1,21,0.909090909091,0,1,78.3080056336,1,2229.20
R4_1,22,1.11571517008,0,1,96.1063728068,0,2176.90
R4_1,23,0.909090909091,0,1,78.3080056336,1,2183.00
R4_1,24,0.909090909091,0,1,78.3080056336,1,2178.50
R4_1,25,0.909090909091,0,1,78.3080056336,1,2176.10
R4_1,26,1.11571517008,0,1,96.1063728068,0,2169.90
R4_1,27,1,1,0,0,0,2166.50
R4_1,28,1.11571517008,0,1,96.1063728068,0,2326.60
R4_1,29,0.909090909091,0,1,78.3080056336,1,2238.10
R4_1,30,1,1,0,0,0,2167.80
R4_1,31,1.11571517008,0,1,96.1063728068,0,2186.60
R4_1,32,1.09571803579,0,1,94.3838435313,0,2175.80
R4_1,33,1.09571803579,0,1,94.3838435313,0,2177.90
R4_1,34,1.09571803579,0,1,94.3838435313,0,2177.40
R4_1,35,1,1,0,0,0,2238.20
R4_1,36,1,1,0,0,0,2167.30
R4_1,37,0.909090909091,0,1,78.3080056336,1,2175.70
R4_1,38,0.909090909091,0,1,78.3080056336,1,2175.80
R4_1,39,1.11571517008,0,1,96.1063728068,0,2181.30
R4_1,40,0.909090909091,0,1,78.3080056336,1,2178.00
R4_1,41,0.909090909091,0,1,78.3080056336,1,2178.10
R4_1,42,1,1,0,0,0,2211.20
R4_1,43,1,1,0,0,0,2174.00
R4_1,44,0.909090909091,0,1,78.3080056336,1,2282.50
R4_1,45,1.09571803579,0,1,94.3838435313,0,2185.10
R4_1,46,1,1,0,0,0,2174.60
R4_1,47,1,1,0,0,0,2275.40
R4_1,48,0.909090909091,0,1,78.3080056336,1,2181.20
R4_1,49,1.09571803579,0,1,94.3838435313,0,2211.20
R4_1,50,1.27273134253,0,1,109.631558455,0,2187.90
R4_1,51,0.909090909091,0,1,78.3080056336,1,2184.00
R4_1,52,0.909090909091,0,1,78.3080056336,1,2179.20
R4_1,53,1,1,0,0,0,2165.40
R4_1,54,0.909090909091,0,1,78.3080056336,1,2178.00
R4_1,55,0.909090909091,0,1,78.3080056336,1,2176.90
R4_1,56,1.09571803579,0,1,94.3838435313,0,2218.20
R4_1,57,1.27273134253,0,1,109.631558455,0,2174.00
R4_1,58,1.09571803579,0,1,94.3838435313,0,2181.00
R4_1,59,1.09571803579,0,1,94.3838435313,0,2181.00
R4_1,60,1,1,0,0,0,2182.20
R4_1,61,0.909090909091,0,1,78.3080056336,1,2181.30
R4_1,62,1,1,0,0,0,2169.10
R4_1,63,1.27273134253,0,1,109.631558455,0,2270.50
R4_1,64,0.909090909091,0,1,78.3080056336,1,2276.70
R4_2,1,1,1,0,0,0,2158.90
R4_2,2,1,1,0,0,0,2156.90
R4_2,3,0.948260238551,0,1,124.741101647,0,2195.70
R4_2,4,1.02659912031,0,1,135.046372304,0,2210.20
R4_2,5,0.948260238551,0,1,124.741101647,0,2198.30
R4_2,6,1.15588962808,0,1,152.054193277,0,2224.00
R4_2,7,0.909090909091,0,1,119.588480975,1,2188.50
R4_2,8,0.948260238551,0,1,124.741101647,0,2230.20
R4_2,9,1.0824734031,0,1,142.396484969,0,2186.90
R4_2,10,1.0824734031,0,1,142.396484969,0,2214.90
R4_2,11,1.02659912031,0,1,135.046372304,0,2194.90
R4_2,12,0.948260238551,0,1,124.741101647,0,2796.20
R4_2,13,1.02659912031,0,1,135.046372304,0,3842.30
R4_2,14,1,1,0,0,0,3801.20
R4_2,15,0.948260238551,0,1,124.741101647,0,3828.20
R4_2,16,0.948260238551,0,1,124.741101647,0,2579.30
R4_2,17,1.0824734031,0,1,142.396484969,0,2199.60
R4_2,18,1.02659912031,0,1,135.046372304,0,2191.60
R4_2,19,1,1,0,0,0,2161.90
R4_2,20,1.02659912031,0,1,135.046372304,0,2292.10
R4_2,21,0.909090909091,0,1,119.588480975,1,2180.80
R4_2,22,0.948260238551,0,1,124.741101647,0,2183.60
R4_2,23,0.948260238551,0,1,124.741101647,0,2189.00
R4_2,24,1.02659912031,0,1,135.046372304,0,2212.90
R4_2,25,1,1,0,0,0,2159.80
R4_2,26,0.909090909091,0,1,119.588480975,1,2176.80
R4_2,27,0.909090909091,0,1,119.588480975,1,2173.50
R4_2,28,1.15588962808,0,1,152.054193277,0,2188.80
R4_2,29,0.909090909091,0,1,119.588480975,1,2187.10
R4_2,30,1,1,0,0,0,2165.80
R4_2,31,1,1,0,0,0,2181.40
R4_2,32,0.909090909091,0,1,119.588480975,1,2193.60
R4_2,33,0.909090909091,0,1,119.588480975,1,2185.60
R4_2,34,0.909090909091,0,1,119.588480975,1,2181.80
R4_2,35,1,1,0,0,0,2187.70
R4_2,36,0.948260238551,0,1,124.741101647,0,2289.30
R4_2,37,0.948260238551,0,1,124.741101647,0,2188.40
R4_2,38,1,1,0,0,0,2481.40
R4_2,39,0.909090909091,0,1,119.588480975,1,2279.10
R4_2,40,1,1,0,0,0,2157.90
R4_2,41,0.948260238551,0,1,124.741101647,0,2183.30
R4_2,42,0.909090909091,0,1,119.588480975,1,2208.90
R4_2,43,1,1,0,0,0,1843.00
R4_2,44,0.948260238551,0,1,124.741101647,0,1791.30
R4_2,45,0.909090909091,0,1,119.588480975,1,1779.40
R4_2,46,0.909090909091,0,1,119.588480975,1,1768.00
R4_2,47,0.948260238551,0,1,124.741101647,0,1761.20
R4_2,48,0.909090909091,0,1,119.588480975,1,1758.40
R4_2,49,0.948260238551,0,1,124.741101647,0,1854.50
R4_2,50,0.948260238551,0,1,124.741101647,0,1848.90
R4_2,51,1,1,0,0,0,1750.20
R4_2,52,0.948260238551,0,1,124.741101647,0,1789.40
R4_2,53,0.909090909091,0,1,119.588480975,1,1758.90
R4_2,54,1.02659912031,0,1,135.046372304,0,1866.10
R4_2,55,1.02659912031,0,1,135.046372304,0,1790.50
R4_2,56,0.948260238551,0,1,124.741101647,0,1838.80
R4_2,57,0.948260238551,0,1,124.741101647,0,1761.70
R4_2,58,0.909090909091,0,1,119.588480975,1,1758.10
R4_2,59,0.909090909091,0,1,119.588480975,1,1795.60
R4_2,60,0.948260238551,0,1,124.741101647,0,1782.20
R4_2,61,0.909090909091,0,1,119.588480975,1,1766.80
R4_2,62,0.909090909091,0,1,119.588480975,1,1808.40
R4_2,63,0.948260238551,0,1,124.741101647,0,1849.90
R4_2,64,0.909090909091,0,1,119.588480975,1,1758.50
R4_3,1,1.18833737612,0,1,77.2510033254,0,1758.90
R4_3,2,0.909090909091,0,1,59.0978507051,1,1755.80
R4_3,3,1.01126219858,0,1,65.7397646787,0,1751.30
R4_3,4,1,1,0,0,0,1749.10
R4_3,5,0.909090909091,0,1,59.0978507051,1,1772.80
R4_3,6,1.18833737612,0,1,77.2510033254,0,1805.80
R4_3,7,0.909090909091,0,1,59.0978507051,1,1835.30
R4_3,8,0.909090909091,0,1,59.0978507051,1,1849.20
R4_3,9,1.18833737612,0,1,77.2510033254,0,1759.10
R4_3,10,1.01126219858,0,1,65.7397646787,0,1779.10
R4_3,11,1.01126219858,0,1,65.7397646787,0,1860.80
R4_3,12,0.909090909091,0,1,59.0978507051,1,1924.50
R4_3,13,1.01126219858,0,1,65.7397646787,0,1866.20
R4_3,14,1,1,0,0,0,1902.70
R4_3,15,1,1,0,0,0,3138.40
R4_3,16,1.01126219858,0,1,65.7397646787,0,3809.40
R4_3,17,1.18833737612,0,1,77.2510033254,0,3818.90
R4_3,18,1,1,0,0,0,3797.00
R4_3,19,0.909090909091,0,1,59.0978507051,1,2688.90
R4_3,20,0.909090909091,0,1,59.0978507051,1,1863.20
R4_3,21,0.909090909091,0,1,59.0978507051,1,1786.00
R4_3,22,1.30500853361,0,1,84.8355194369,0,2194.70
R4_3,23,0.909090909091,0,1,59.0978507051,1,2108.20
R4_3,24,0.909090909091,0,1,59.0978507051,1,1908.60
R4_3,25,1.01126219858,0,1,65.7397646787,0,1793.10
R4_3,26,0.909090909091,0,1,59.0978507051,1,1839.90
R4_3,27,0.909090909091,0,1,59.0978507051,1,2020.00
R4_3,28,1.01126219858,0,1,65.7397646787,0,1862.40
R4_3,29,0.909090909091,0,1,59.0978507051,1,1821.80
R4_3,30,1.18833737612,0,1,77.2510033254,0,1839.40
R4_3,31,1.18833737612,0,1,77.2510033254,0,2392.00
R4_3,32,1.01126219858,0,1,65.7397646787,0,1780.40
R4_3,33,1.01126219858,0,1,65.7397646787,0,1771.50
R4_3,34,0.909090909091,0,1,59.0978507051,1,1766.00
R4_3,35,0.909090909091,0,1,59.0978507051,1,1945.10
R4_3,36,1.01126219858,0,1,65.7397646787,0,1868.70
R4_3,37,1.01126219858,0,1,65.7397646787,0,1967.50
R4_3,38,0.909090909091,0,1,59.0978507051,1,1810.80
R4_3,39,1.01126219858,0,1,65.7397646787,0,2066.60
R4_3,40,0.909090909091,0,1,59.0978507051,1,2144.50
R4_3,41,1,1,0,0,0,1759.40
R4_3,42,0.909090909091,0,1,59.0978507051,1,1784.10
R4_3,43,0.909090909091,0,1,59.0978507051,1,1870.80
R4_3,44,1.01126219858,0,1,65.7397646787,0,1944.40
R4_3,45,1,1,0,0,0,2016.50
R4_3,46,0.909090909091,0,1,59.0978507051,1,1808.10
R4_3,47,1,1,0,0,0,1771.70
R4_3,48,1.01126219858,0,1,65.7397646787,0,1787.00
R4_3,49,1.01126219858,0,1,65.7397646787,0,1759.20
R4_3,50,0.909090909091,0,1,59.0978507051,1,1771.00
R4_3,51,1,1,0,0,0,1765.40
R4_3,52,1.01126219858,0,1,65.7397646787,0,1750.20
R4_3,53,0.909090909091,0,1,59.0978507051,1,1757.60
R4_3,54,1,1,0,0,0,1781.90
R4_3,55,1,1,0,0,0,1742.40
R4_3,56,0.909090909091,0,1,59.0978507051,1,1748.30
R4_3,57,0.909090909091,0,1,59.0978507051,1,1789.30
R4_3,58,1,1,0,0,0,1759.90
R4_3,59,1,1,0,0,0,1815.80
R4_3,60,0.909090909091,0,1,59.0978507051,1,1765.50
R4_3,61,0.909090909091,0,1,59.0978507051,1,1809.60
R4_3,62,1.01126219858,0,1,65.7397646787,0,1786.30
R4_3,63,1.01126219858,0,1,65.7397646787,0,1822.00
R4_3,64,1.01126219858,0,1,65.7397646787,0,1755.90
R4_4,1,1,1,0,0,0,1748.50
R4_4,2,0.963176131375,0,1,83.1483013961,0,1776.20
R4_4,3,0.909090909091,0,1,78.4792754339,1,1806.10
R4_4,4,1,1,0,0,0,1763.70
R4_4,5,1,1,0,0,0,1756.90
R4_4,6,1.16014471598,0,1,100.152048379,0,1769.30
R4_4,7,1,1,0,0,0,1757.70
R4_4,8,0.963176131375,0,1,83.1483013961,0,1753.30
R4_4,9,0.963176131375,0,1,83.1483013961,0,1784.30
R4_4,10,1,1,0,0,0,1791.10
R4_4,11,1.11065417483,0,1,95.8796683882,0,1799.60
R4_4,12,1.11065417483,0,1,95.8796683882,0,1821.20
R4_4,13,0.963176131375,0,1,83.1483013961,0,1762.60
R4_4,14,1,1,0,0,0,1757.20
R4_4,15,1,1,0,0,0,1750.90
R4_4,16,0.909090909091,0,1,78.4792754339,1,1760.40
R4_4,17,0.909090909091,0,1,78.4792754339,1,1764.40
R4_4,18,0.909090909091,0,1,78.4792754339,1,1906.10
R4_4,19,0.909090909091,0,1,78.4792754339,1,1811.60
R4_4,20,0.909090909091,0,1,78.4792754339,1,1848.50
R4_4,21,0.963176131375,0,1,83.1483013961,0,1851.60
R4_4,22,1,1,0,0,0,1757.10
R4_4,23,1.16014471598,0,1,100.152048379,0,1768.90
R4_4,24,0.963176131375,0,1,83.1483013961,0,1753.30
R4_4,25,0.909090909091,0,1,78.4792754339,1,1761.80
R4_4,26,1.16014471598,0,1,100.152048379,0,1771.50
R4_4,27,0.909090909091,0,1,78.4792754339,1,1760.80
R4_4,28,0.963176131375,0,1,83.1483013961,0,1764.60
R4_4,29,0.909090909091,0,1,78.4792754339,1,1810.30
R4_4,30,1,1,0,0,0,1786.50
R4_4,31,1,1,0,0,0,1754.90
R4_4,32,1,1,0,0,0,1827.30
R4_4,33,0.909090909091,0,1,78.4792754339,1,1823.30
R4_4,34,0.963176131375,0,1,83.1483013961,0,1786.90
R4_4,35,1.16014471598,0,1,100.152048379,0,1813.40
R4_4,36,1,1,0,0,0,1901.10
R4_4,37,1,1,0,0,0,1732.90
R4_4,38,0.963176131375,0,1,83.1483013961,0,1914.50
R4_4,39,0.963176131375,0,1,83.1483013961,0,1764.40
R4_4,40,1,1,0,0,0,1754.50
R4_4,41,1.24029439585,0,1,107.071146062,0,1836.20
R4_4,42,1.11065417483,0,1,95.8796683882,0,1902.90
R4_4,43,1,1,0,0,0,1871.90
R4_4,44,0.909090909091,0,1,78.4792754339,1,1880.50
R4_4,45,0.909090909091,0,1,78.4792754339,1,1955.40
R4_4,46,0.963176131375,0,1,83.1483013961,0,2753.90
R4_4,47,0.909090909091,0,1,78.4792754339,1,3823.10
R4_4,48,0.909090909091,0,1,78.4792754339,1,3826.70
R4_4,49,0.963176131375,0,1,83.1483013961,0,3818.20
R4_4,50,0.963176131375,0,1,83.1483013961,0,3935.10
R4_4,51,0.909090909091,0,1,78.4792754339,1,2954.50
R4_4,52,0.909090909091,0,1,78.4792754339,1,2209.50
R4_4,53,1,1,0,0,0,2160.00
R4_4,54,0.909090909091,0,1,78.4792754339,1,2180.70
R4_4,55,0.963176131375,0,1,83.1483013961,0,2179.50
R4_4,56,1,1,0,0,0,2157.70
R4_4,57,0.909090909091,0,1,78.4792754339,1,2251.00
R4_4,58,0.963176131375,0,1,83.1483013961,0,2177.70
R4_4,59,1,1,0,0,0,2163.70
R4_4,60,0.963176131375,0,1,83.1483013961,0,2172.00
R4_4,61,0.909090909091,0,1,78.4792754339,1,2180.90
R4_4,62,1,1,0,0,0,2161.10
R4_4,63,0.963176131375,0,1,83.1483013961,0,2182.10
R4_4,64,0.963176131375,0,1,83.1483013961,0,2204.10
R4_5,1,0.909090909091,0,1,110.628882742,0,2170.80
R4_5,2,0.949620180487,0,1,115.560961556,0,2180.30
R4_5,3,1,1,0,0,0,2174.70
R4_5,4,1,1,0,0,0,2158.90
R4_5,5,0.909090909091,0,1,110.628882742,0,2164.00
R4_5,6,0.909090909091,0,1,110.628882742,0,2196.40
R4_5,7,0.909090909091,0,1,110.628882742,0,2170.80
R4_5,8,0.899704882087,0,1,109.486680493,1,2182.60
R4_5,9,1.09973422558,0,1,133.828605558,0,2180.90
R4_5,10,0.949620180487,0,1,115.560961556,0,2185.70
R4_5,11,1.00848823911,0,1,122.724719866,0,2176.40
R4_5,12,0.899704882087,0,1,109.486680493,1,2191.20
R4_5,13,1.00848823911,0,1,122.724719866,0,2304.40
R4_5,14,0.899704882087,0,1,109.486680493,1,2182.00
R4_5,15,0.899704882087,0,1,109.486680493,1,2181.40
R4_5,16,0.899704882087,0,1,109.486680493,1,2203.50
R4_5,17,0.949620180487,0,1,115.560961556,0,2185.40
R4_5,18,0.909090909091,0,1,110.628882742,0,2168.60
R4_5,19,1.00848823911,0,1,122.724719866,0,2179.00
R4_5,20,0.899704882087,0,1,109.486680493,1,2233.50
R4_5,21,0.949620180487,0,1,115.560961556,0,2187.50
R4_5,22,0.899704882087,0,1,109.486680493,1,2188.60
R4_5,23,0.909090909091,0,1,110.628882742,0,2175.80
R4_5,24,0.899704882087,0,1,109.486680493,1,2183.80
R4_5,25,0.949620180487,0,1,115.560961556,0,2199.10
R4_5,26,1,1,0,0,0,2273.60
R4_5,27,0.909090909091,0,1,110.628882742,0,2297.00
R4_5,28,1,1,0,0,0,2160.20
R4_5,29,1,1,0,0,0,2168.90
R4_5,30,1.00848823911,0,1,122.724719866,0,2175.10
R4_5,31,0.909090909091,0,1,110.628882742,0,2185.50
R4_5,32,0.909090909091,0,1,110.628882742,0,2168.40
R4_5,33,0.899704882087,0,1,109.486680493,1,2174.90
R4_5,34,0.909090909091,0,1,110.628882742,0,2200.10
R4_5,35,1.00848823911,0,1,122.724719866,0,2178.40
R4_5,36,1.00848823911,0,1,122.724719866,0,2178.10
R4_5,37,0.899704882087,0,1,109.486680493,1,2176.50
R4_5,38,1,1,0,0,0,2154.90
R4_5,39,1.09973422558,0,1,133.828605558,0,2197.30
R4_5,40,0.949620180487,0,1,115.560961556,0,2184.90
R4_5,41,0.899704882087,0,1,109.486680493,1,2350.50
R4_5,42,1,1,0,0,0,2155.90
R4_5,43,0.949620180487,0,1,115.560961556,0,2184.90
R4_5,44,0.909090909091,0,1,110.628882742,0,2171.70
R4_5,45,0.909090909091,0,1,110.628882742,0,2168.10
R4_5,46,0.949620180487,0,1,115.560961556,0,2176.50
R4_5,47,1.00848823911,0,1,122.724719866,0,2171.60
R4_5,48,0.899704882087,0,1,109.486680493,1,2215.10
R4_5,49,0.899704882087,0,1,109.486680493,1,2179.70
R4_5,50,0.949620180487,0,1,115.560961556,0,2193.30
R4_5,51,0.909090909091,0,1,110.628882742,0,2178.70
R4_5,52,0.899704882087,0,1,109.486680493,1,2180.40
R4_5,53,1.09973422558,0,1,133.828605558,0,2190.00
R4_5,54,0.899704882087,0,1,109.486680493,1,2209.00
R4_5,55,0.909090909091,0,1,110.628882742,0,2200.10
R4_5,56,0.899704882087,0,1,109.486680493,1,2273.20
R4_5,57,0.909090909091,0,1,110.628882742,0,2173.50
R4_5,58,0.899704882087,0,1,109.486680493,1,2193.80
R4_5,59,1.09973422558,0,1,133.828605558,0,2184.60
R4_5,60,0.899704882087,0,1,109.486680493,1,2176.10
R4_5,61,0.899704882087,0,1,109.486680493,1,2190.90
R4_5,62,0.909090909091,0,1,110.628882742,0,2205.90
R4_5,63,0.909090909091,0,1,110.628882742,0,2174.70
R4_5,64,1,1,0,0,0,2162.60
R4_6,1,1,1,0,0,0,2167.60
R4_6,2,0.909090909091,0,1,96.8044240211,1,2189.60
R4_6,3,1.03793505504,0,1,110.524375692,0,2180.20
R4_6,4,1,1,0,0,0,2249.60
R4_6,5,1,1,0,0,0,2165.20
R4_6,6,1,1,0,0,0,2175.70
R4_6,7,1.03793505504,0,1,110.524375692,0,2175.40
R4_6,8,1.04946300162,0,1,111.751927544,0,2165.60
R4_6,9,1.04946300162,0,1,111.751927544,0,2176.00
R4_6,10,1.16384729669,0,1,123.932123925,0,2179.80
R4_6,11,1.04946300162,0,1,111.751927544,0,2236.10
R4_6,12,1.12334938078,0,1,119.619708759,0,2178.00
R4_6,13,1.03793505504,0,1,110.524375692,0,2192.40
R4_6,14,1,1,0,0,0,2170.70
R4_6,15,1.04946300162,0,1,111.751927544,0,2207.30
R4_6,16,1,1,0,0,0,2208.00
R4_6,17,1,1,0,0,0,2184.80
R4_6,18,1.03793505504,0,1,110.524375692,0,2206.20
R4_6,19,1.03793505504,0,1,110.524375692,0,2167.70
R4_6,20,0.909090909091,0,1,96.8044240211,1,2178.90
R4_6,21,1.03793505504,0,1,110.524375692,0,2174.80
R4_6,22,1.03793505504,0,1,110.524375692,0,2190.00
R4_6,23,1.03793505504,0,1,110.524375692,0,2177.60
R4_6,24,1.12334938078,0,1,119.619708759,0,2176.10
R4_6,25,1.12334938078,0,1,119.619708759,0,2216.70
R4_6,26,1,1,0,0,0,2171.50
R4_6,27,0.909090909091,0,1,96.8044240211,1,2182.60
R4_6,28,1,1,0,0,0,2174.90
R4_6,29,0.909090909091,0,1,96.8044240211,1,2179.90
R4_6,30,1.12334938078,0,1,119.619708759,0,2224.80
R4_6,31,1,1,0,0,0,2166.30
R4_6,32,1.03793505504,0,1,110.524375692,0,2204.60
R4_6,33,1.03793505504,0,1,110.524375692,0,2175.80
R4_6,34,1,1,0,0,0,2164.00
R4_6,35,1.12334938078,0,1,119.619708759,0,2174.70
R4_6,36,1.12334938078,0,1,119.619708759,0,2176.90
R4_6,37,1,1,0,0,0,2163.00
R4_6,38,1,1,0,0,0,2166.60
R4_6,39,1.12334938078,0,1,119.619708759,0,2200.50
R4_6,40,1.12334938078,0,1,119.619708759,0,2180.60
R4_6,41,1,1,0,0,0,2164.50
R4_6,42,1,1,0,0,0,2060.60
R4_6,43,1,1,0,0,0,1795.60
R4_6,44,1.04946300162,0,1,111.751927544,0,1773.60
R4_6,45,1.12334938078,0,1,119.619708759,0,1758.00
R4_6,46,0.909090909091,0,1,96.8044240211,1,1763.80
R4_6,47,1,1,0,0,0,1787.50
R4_6,48,1,1,0,0,0,1752.40
R4_6,49,0.909090909091,0,1,96.8044240211,1,1844.50
R4_6,50,1,1,0,0,0,1817.70
R4_6,51,1.04946300162,0,1,111.751927544,0,1777.00
R4_6,52,1.16384729669,0,1,123.932123925,0,1805.70
R4_6,53,0.909090909091,0,1,96.8044240211,1,1765.60
R4_6,54,0.909090909091,0,1,96.8044240211,1,1791.20
R4_6,55,1,1,0,0,0,1801.90
R4_6,56,1.03793505504,0,1,110.524375692,0,1795.00
R4_6,57,1.12334938078,0,1,119.619708759,0,1757.70
R4_6,58,0.909090909091,0,1,96.8044240211,1,1759.40
R4_6,59,0.909090909091,0,1,96.8044240211,1,1761.90
R4_6,60,1.12334938078,0,1,119.619708759,0,1839.40
R4_6,61,1.03793505504,0,1,110.524375692,0,1789.10
R4_6,62,0.909090909091,0,1,96.8044240211,1,1783.80
R4_6,63,0.909090909091,0,1,96.8044240211,1,1773.50
R4_6,64,1.03793505504,0,1,110.524375692,0,1840.10
R4_7,1,0.909090909091,0,1,94.8217842585,1,1753.40
R4_7,2,1.04418766787,0,1,108.912911545,0,1758.40
R4_7,3,1.04418766787,0,1,108.912911545,0,1753.90
R4_7,4,0.909090909091,0,1,94.8217842585,1,1757.00
R4_7,5,1.04418766787,0,1,108.912911545,0,1783.30
R4_7,6,1.04312793188,0,1,108.802376882,0,1801.00
R4_7,7,1.04418766787,0,1,108.912911545,0,1792.60
R4_7,8,1.04418766787,0,1,108.912911545,0,1826.00
R4_7,9,0.909090909091,0,1,94.8217842585,1,1802.90
R4_7,10,1,1,0,0,0,1800.50
R4_7,11,1.04418766787,0,1,108.912911545,0,1795.10
R4_7,12,1.06492927261,0,1,111.076343111,0,1775.00
R4_7,13,1.05185457793,0,1,109.712600646,0,1744.40
R4_7,14,0.909090909091,0,1,94.8217842585,1,1802.40
R4_7,15,0.909090909091,0,1,94.8217842585,1,1809.30
R4_7,16,1.05185457793,0,1,109.712600646,0,1891.90
R4_7,17,1.04418766787,0,1,108.912911545,0,1767.50
R4_7,18,1.05185457793,0,1,109.712600646,0,1812.90
R4_7,19,1.04418766787,0,1,108.912911545,0,1837.10
R4_7,20,0.909090909091,0,1,94.8217842585,1,1858.40
R4_7,21,1,1,0,0,0,1855.00
R4_7,22,1,1,0,0,0,1793.30
R4_7,23,1.04418766787,0,1,108.912911545,0,1862.70
R4_7,24,1.06492927261,0,1,111.076343111,0,1736.10
R4_7,25,1.05185457793,0,1,109.712600646,0,1817.60
R4_7,26,1.04418766787,0,1,108.912911545,0,1835.80
R4_7,27,1.04418766787,0,1,108.912911545,0,1857.70
R4_7,28,1,1,0,0,0,1833.50
R4_7,29,1.06492927261,0,1,111.076343111,0,1913.70
R4_7,30,1.04312793188,0,1,108.802376882,0,2003.40
R4_7,31,1.06492927261,0,1,111.076343111,0,1784.30
R4_7,32,1,1,0,0,0,1847.20
R4_7,33,1.04418766787,0,1,108.912911545,0,1827.00
R4_7,34,1.04312793188,0,1,108.802376882,0,1769.90
R4_7,35,1.04418766787,0,1,108.912911545,0,1757.90
R4_7,36,1,1,0,0,0,1845.80
R4_7,37,1,1,0,0,0,1907.10
R4_7,38,1.05185457793,0,1,109.712600646,0,1810.10
R4_7,39,1.05185457793,0,1,109.712600646,0,1899.20
R4_7,40,0.909090909091,0,1,94.8217842585,1,1802.60
R4_7,41,1.04418766787,0,1,108.912911545,0,1861.30
R4_7,42,1.04418766787,0,1,108.912911545,0,1780.50
R4_7,43,1.04418766787,0,1,108.912911545,0,1816.70
R4_7,44,1.04418766787,0,1,108.912911545,0,1834.30
R4_7,45,1.04312793188,0,1,108.802376882,0,1828.60
R4_7,46,1.06492927261,0,1,111.076343111,0,1923.90
R4_7,47,1.04312793188,0,1,108.802376882,0,1799.10
R4_7,48,0.909090909091,0,1,94.8217842585,1,1812.20
R4_7,49,0.909090909091,0,1,94.8217842585,1,1765.30
R4_7,50,1,1,0,0,0,2010.90
R4_7,51,1.06492927261,0,1,111.076343111,0,1789.90
R4_7,52,1.06492927261,0,1,111.076343111,0,1772.60
R4_7,53,1.04312793188,0,1,108.802376882,0,1780.50
R4_7,54,0.909090909091,0,1,94.8217842585,1,1786.40
R4_7,55,0.909090909091,0,1,94.8217842585,1,1757.00
R4_7,56,0.909090909091,0,1,94.8217842585,1,1752.90
R4_7,57,1,1,0,0,0,1748.40
R4_7,58,1.04418766787,0,1,108.912911545,0,1780.30
R4_7,59,1,1,0,0,0,1772.50
R4_7,60,1.04418766787,0,1,108.912911545,0,1763.40
R4_7,61,1,1,0,0,0,1759.10
R4_7,62,1.04312793188,0,1,108.802376882,0,1777.90
R4_7,63,1.04312793188,0,1,108.802376882,0,1750.50
R4_7,64,0.909090909091,0,1,94.8217842585,1,1758.70
R4_8,1,0.973693635643,0,1,74.6701881173,0,1772.10
R4_8,2,0.973693635643,0,1,74.6701881173,0,1813.40
R4_8,3,1,1,0,0,0,1742.60
R4_8,4,1,1,0,0,0,1819.90
R4_8,5,0.909090909091,0,1,69.7159627142,1,1810.40
R4_8,6,0.973693635643,0,1,74.6701881173,0,1809.80
R4_8,7,0.973693635643,0,1,74.6701881173,0,1781.20
R4_8,8,1,1,0,0,0,1860.50
R4_8,9,0.909090909091,0,1,69.7159627142,1,1690.90
R4_8,10,0.973693635643,0,1,74.6701881173,0,1771.60
R4_8,11,1.22404298869,0,1,93.8688688964,0,1829.40
R4_8,12,0.909090909091,0,1,69.7159627142,1,1771.80
R4_8,13,0.909090909091,0,1,69.7159627142,1,1767.90
R4_8,14,1.22669986609,0,1,94.0726183386,0,1778.40
R4_8,15,0.973693635643,0,1,74.6701881173,0,1776.50
R4_8,16,0.973693635643,0,1,74.6701881173,0,1789.10
R4_8,17,0.909090909091,0,1,69.7159627142,1,1836.40
R4_8,18,1.20771102439,0,1,92.6164104201,0,1850.60
R4_8,19,1,1,0,0,0,1723.80
R4_8,20,1,1,0,0,0,1784.70
R4_8,21,0.909090909091,0,1,69.7159627142,1,1752.20
R4_8,22,0.973693635643,0,1,74.6701881173,0,1764.30
R4_8,23,0.973693635643,0,1,74.6701881173,0,1879.50
R4_8,24,0.909090909091,0,1,69.7159627142,1,1760.70
R4_8,25,0.909090909091,0,1,69.7159627142,1,1766.10
R4_8,26,0.909090909091,0,1,69.7159627142,1,1796.80
R4_8,27,0.973693635643,0,1,74.6701881173,0,1834.40
R4_8,28,1,1,0,0,0,1746.30
R4_8,29,1,1,0,0,0,1805.80
R4_8,30,1.22669986609,0,1,94.0726183386,0,1779.80
R4_8,31,0.973693635643,0,1,74.6701881173,0,1834.50
R4_8,32,0.973693635643,0,1,74.6701881173,0,1927.10
R4_8,33,0.909090909091,0,1,69.7159627142,1,1822.20
R4_8,34,0.909090909091,0,1,69.7159627142,1,1775.70
R4_8,35,0.973693635643,0,1,74.6701881173,0,1864.40
R4_8,36,1.20771102439,0,1,92.6164104201,0,1790.20
R4_8,37,0.973693635643,0,1,74.6701881173,0,1780.80
R4_8,38,0.973693635643,0,1,74.6701881173,0,1893.40
R4_8,39,1,1,0,0,0,1951.70
R4_8,40,1.22669986609,0,1,94.0726183386,0,1860.20
R4_8,41,0.973693635643,0,1,74.6701881173,0,1985.70
R4_8,42,1,1,0,0,0,1837.20
R4_8,43,0.973693635643,0,1,74.6701881173,0,1755.90
R4_8,44,1.22404298869,0,1,93.8688688964,0,1837.00
R4_8,45,0.909090909091,0,1,69.7159627142,1,1870.80
R4_8,46,1,1,0,0,0,1977.40
R4_8,47,0.973693635643,0,1,74.6701881173,0,1854.60
R4_8,48,0.973693635643,0,1,74.6701881173,0,1893.80
R4_8,49,0.909090909091,0,1,69.7159627142,1,1877.10
R4_8,50,0.909090909091,0,1,69.7159627142,1,1796.90
R4_8,51,1,1,0,0,0,1805.70
R4_8,52,0.973693635643,0,1,74.6701881173,0,1760.10
R4_8,53,1,1,0,0,0,1792.60
R4_8,54,1,1,0,0,0,1869.60
R4_8,55,1,1,0,0,0,1878.20
R4_8,56,0.909090909091,0,1,69.7159627142,1,1965.10
R4_8,57,1,1,0,0,0,1877.70
R4_8,58,1,1,0,0,0,1973.10
R4_8,59,1,1,0,0,0,1720.20
R4_8,60,0.909090909091,0,1,69.7159627142,1,1836.10
R4_8,61,0.909090909091,0,1,69.7159627142,1,1815.10
R4_8,62,0.909090909091,0,1,69.7159627142,1,1771.50
R4_8,63,0.909090909091,0,1,69.7159627142,1,1809.00
R4_8,64,0.973693635643,0,1,74.6701881173,0,1939.70
R4_9,1,0.909090909091,0,1,65.3732335591,1,1887.30
R4_9,2,0.967568919072,0,1,69.5784198241,0,1850.30
R4_9,3,0.967568919072,0,1,69.5784198241,0,1732.40
R4_9,4,1,1,0,0,0,1755.10
R4_9,5,0.967568919072,0,1,69.5784198241,0,1806.40
R4_9,6,1.16411033964,0,1,83.7118228338,0,1751.40
R4_9,7,0.967568919072,0,1,69.5784198241,0,1792.60
R4_9,8,0.909090909091,0,1,65.3732335591,1,1921.80
R4_9,9,0.967568919072,0,1,69.5784198241,0,1892.40
R4_9,10,0.909090909091,0,1,65.3732335591,1,1827.40
R4_9,11,1,1,0,0,0,1782.50
R4_9,12,1,1,0,0,0,1809.70
R4_9,13,1.19396893278,0,1,85.8589708952,0,1864.10
R4_9,14,1.19396893278,0,1,85.8589708952,0,1788.70
R4_9,15,1.19396893278,0,1,85.8589708952,0,1793.30
R4_9,16,1.19396893278,0,1,85.8589708952,0,1752.80
R4_9,17,1,1,0,0,0,1750.80
R4_9,18,1,1,0,0,0,1758.90
R4_9,19,1.19396893278,0,1,85.8589708952,0,1790.60
R4_9,20,1,1,0,0,0,1826.60
R4_9,21,1.17874869947,0,1,84.7644754417,0,1802.00
R4_9,22,1.16411033964,0,1,83.7118228338,0,1892.60
R4_9,23,0.909090909091,0,1,65.3732335591,1,1795.60
R4_9,24,1.16411033964,0,1,83.7118228338,0,1872.50
R4_9,25,1,1,0,0,0,1728.20
R4_9,26,0.967568919072,0,1,69.5784198241,0,1761.00
R4_9,27,0.909090909091,0,1,65.3732335591,1,1825.00
R4_9,28,0.967568919072,0,1,69.5784198241,0,1823.80
R4_9,29,0.909090909091,0,1,65.3732335591,1,1800.40
R4_9,30,0.909090909091,0,1,65.3732335591,1,1818.00
R4_9,31,1.19396893278,0,1,85.8589708952,0,1770.10
R4_9,32,0.909090909091,0,1,65.3732335591,1,1763.50
R4_9,33,0.909090909091,0,1,65.3732335591,1,1763.90
R4_9,34,0.909090909091,0,1,65.3732335591,1,1786.90
R4_9,35,1.19396893278,0,1,85.8589708952,0,1777.20
R4_9,36,0.967568919072,0,1,69.5784198241,0,1811.30
R4_9,37,0.967568919072,0,1,69.5784198241,0,1776.00
R4_9,38,1,1,0,0,0,1772.10
R4_9,39,0.909090909091,0,1,65.3732335591,1,1810.10
R4_9,40,0.909090909091,0,1,65.3732335591,1,1756.30
R4_9,41,1,1,0,0,0,1740.90
R4_9,42,1,1,0,0,0,1744.90
R4_9,43,0.967568919072,0,1,69.5784198241,0,1770.90
R4_9,44,1.17874869947,0,1,84.7644754417,0,1780.80
R4_9,45,0.967568919072,0,1,69.5784198241,0,1794.70
R4_9,46,0.967568919072,0,1,69.5784198241,0,1846.50
R4_9,47,1,1,0,0,0,1888.50
R4_9,48,0.967568919072,0,1,69.5784198241,0,1803.90
R4_9,49,0.909090909091,0,1,65.3732335591,1,1764.70
R4_9,50,1.16411033964,0,1,83.7118228338,0,1842.70
R4_9,51,1.16411033964,0,1,83.7118228338,0,1772.00
R4_9,52,1.16411033964,0,1,83.7118228338,0,1762.20
R4_9,53,0.967568919072,0,1,69.5784198241,0,1817.10
R4_9,54,1.16411033964,0,1,83.7118228338,0,1773.10
R4_9,55,1.19396893278,0,1,85.8589708952,0,1771.10
R4_9,56,0.909090909091,0,1,65.3732335591,1,1876.90
R4_9,57,0.909090909091,0,1,65.3732335591,1,1777.60
R4_9,58,0.909090909091,0,1,65.3732335591,1,1756.90
R4_9,59,0.909090909091,0,1,65.3732335591,1,1877.50
R4_9,60,1,1,0,0,0,1761.70
R4_9,61,1,1,0,0,0,1748.80
R4_9,62,1.19396893278,0,1,85.8589708952,0,1785.70
R4_9,63,0.909090909091,0,1,65.3732335591,1,1776.10
R4_9,64,0.909090909091,0,1,65.3732335591,1,1852.10
R5_0,1,0.909090909091,0,1,94.7771399001,0,4688.60
R5_0,2,1,1,0,0,0,4714.30
R5_0,3,0.888371321259,0,1,92.617022298,1,4672.20
R5_0,4,0.986877665853,0,1,102.886786861,0,4644.10
R5_0,5,1.00091879222,0,1,104.350642438,0,4663.10
R5_0,6,0.943460657866,0,1,98.3603530369,0,4773.20
R5_0,7,0.978748029551,0,1,102.039232816,0,4676.70
R5_0,8,1.02642258029,0,1,107.009536138,0,4689.00
R5_0,9,1.00091879222,0,1,104.350642438,0,5986.90
R5_0,10,0.953601612403,0,1,99.4175967705,0,8147.90
R5_0,11,0.909090909091,0,1,94.7771399001,0,8259.90
R5_0,12,1.01445577911,0,1,105.761939029,0,7773.60
R5_0,13,1.1646456691,0,1,121.419964065,0,4735.60
R5_0,14,0.909090909091,0,1,94.7771399001,0,4735.80
R5_0,15,0.928873029919,0,1,96.8395220167,0,4746.20
R5_0,16,1,1,0,0,0,4658.70
R5_0,17,0.888371321259,0,1,92.617022298,1,4685.80
R5_0,18,0.986877665853,0,1,102.886786861,0,4654.40
R5_0,19,0.909090909091,0,1,94.7771399001,0,4745.60
R5_0,20,0.986877665853,0,1,102.886786861,0,4709.60
R5_0,21,0.888371321259,0,1,92.617022298,1,4650.00
R5_0,22,1.02642258029,0,1,107.009536138,0,4671.30
R5_0,23,0.888371321259,0,1,92.617022298,1,4694.70
R5_0,24,0.943460657866,0,1,98.3603530369,0,4675.60
R5_0,25,0.888371321259,0,1,92.617022298,1,4710.60
R5_0,26,1.0661393245,0,1,111.150199502,0,4724.10
R5_0,27,1.0661393245,0,1,111.150199502,0,4684.60
R5_0,28,1.10628366223,0,1,115.335441567,0,4677.50
R5_0,29,0.953601612403,0,1,99.4175967705,0,4669.60
R5_0,30,0.943460657866,0,1,98.3603530369,0,4730.40
R5_0,31,0.986877665853,0,1,102.886786861,0,4678.20
R5_0,32,0.888371321259,0,1,92.617022298,1,7496.30
R5_0,33,0.986877665853,0,1,102.886786861,0,8183.50
R5_0,34,0.888371321259,0,1,92.617022298,1,8204.40
R5_0,35,1.01445577911,0,1,105.761939029,0,6593.80
R5_0,36,0.928873029919,0,1,96.8395220167,0,3814.60
R5_0,37,0.888371321259,0,1,92.617022298,1,3765.10
R5_0,38,1.10628366223,0,1,115.335441567,0,3792.50
R5_0,39,0.978748029551,0,1,102.039232816,0,3767.60
R5_0,40,0.888371321259,0,1,92.617022298,1,3754.80
R5_0,41,0.888371321259,0,1,92.617022298,1,3765.60
R5_0,42,1.00091879222,0,1,104.350642438,0,3790.20
R5_0,43,1.02642258029,0,1,107.009536138,0,3817.70
R5_0,44,0.909090909091,0,1,94.7771399001,0,3849.60
R5_0,45,1,1,0,0,0,3895.30
R5_0,46,1.01445577911,0,1,105.761939029,0,3860.70
R5_0,47,0.96818924035,0,1,100.938427791,0,3943.50
R5_0,48,0.96818924035,0,1,100.938427791,0,3916.50
R5_0,49,0.909090909091,0,1,94.7771399001,0,4296.20
R5_0,50,1.0661393245,0,1,111.150199502,0,3855.90
R5_0,51,0.978748029551,0,1,102.039232816,0,3845.40
R5_0,52,0.96818924035,0,1,100.938427791,0,3809.60
R5_0,53,0.943460657866,0,1,98.3603530369,0,3969.50
R5_0,54,0.928873029919,0,1,96.8395220167,0,3775.50
R5_0,55,0.96818924035,0,1,100.938427791,0,3876.10
R5_0,56,0.953601612403,0,1,99.4175967705,0,3783.70
R5_0,57,0.909090909091,0,1,94.7771399001,0,4509.20
R5_0,58,0.909090909091,0,1,94.7771399001,0,6140.50
R5_0,59,1,1,0,0,0,4676.60
R5_0,60,0.888371321259,0,1,92.617022298,1,5528.60
R5_0,61,1.00091879222,0,1,104.350642438,0,4658.80
R5_0,62,1.0661393245,0,1,111.150199502,0,4674.60
R5_0,63,0.986877665853,0,1,102.886786861,0,4669.30
R5_0,64,0.943460657866,0,1,98.3603530369,0,4717.40
R5_1,1,1,1,0,0,0,4642.20
R5_1,2,0.909090909091,0,1,95.0114994644,1,4695.60
R5_1,3,1,1,0,0,0,4645.20
R5_1,4,1.08264066868,0,1,113.149644643,0,4641.50
R5_1,5,1.21534290417,0,1,127.018706857,0,4818.00
R5_1,6,1.35767581884,0,1,141.894296868,0,4669.40
R5_1,7,1,1,0,0,0,4652.80
R5_1,8,1.0627992148,0,1,111.075961731,0,4710.40
R5_1,9,1.16497346582,0,1,121.754463406,0,4675.10
R5_1,10,1,1,0,0,0,4650.90
R5_1,11,1.15392149286,0,1,120.59939243,0,4718.10
R5_1,12,1.0627992148,0,1,111.075961731,0,4728.30
R5_1,13,1.07780060321,0,1,112.643796578,0,4650.80
R5_1,14,1.0627992148,0,1,111.075961731,0,4660.70
R5_1,15,1.08264066868,0,1,113.149644643,0,4679.40
R5_1,16,1.09557170394,0,1,114.501101398,0,4669.50
R5_1,17,1.0627992148,0,1,111.075961731,0,4670.80
R5_1,18,1.27050295624,0,1,132.783630041,0,4682.60
R5_1,19,1,1,0,0,0,4890.00
R5_1,20,1,1,0,0,0,4720.50
R5_1,21,1,1,0,0,0,4652.30
R5_1,22,0.909090909091,0,1,95.0114994644,1,4697.60
R5_1,23,1.07780060321,0,1,112.643796578,0,4693.90
R5_1,24,1.00021318714,0,1,104.534930164,0,4716.60
R5_1,25,1,1,0,0,0,4750.30
R5_1,26,1.09557170394,0,1,114.501101398,0,4671.40
R5_1,27,1.07780060321,0,1,112.643796578,0,4672.80
R5_1,28,1.09557170394,0,1,114.501101398,0,4697.40
R5_1,29,1.17614821218,0,1,122.922365755,0,4722.30
R5_1,30,1.00021318714,0,1,104.534930164,0,4650.50
R5_1,31,1.08264066868,0,1,113.149644643,0,4671.20
R5_1,32,0.909090909091,0,1,95.0114994644,1,4685.10
R5_1,33,1,1,0,0,0,4721.30
R5_1,34,1,1,0,0,0,4670.30
R5_1,35,1,1,0,0,0,4733.30
R5_1,36,1.22807329475,0,1,128.349193705,0,4659.90
R5_1,37,1.00021318714,0,1,104.534930164,0,4662.10
R5_1,38,1.35767581884,0,1,141.894296868,0,4502.00
R5_1,39,1.16497346582,0,1,121.754463406,0,3781.00
R5_1,40,1.0627992148,0,1,111.075961731,0,3804.20
R5_1,41,1.16497346582,0,1,121.754463406,0,3780.10
R5_1,42,1,1,0,0,0,3860.10
R5_1,43,1.15392149286,0,1,120.59939243,0,3808.20
R5_1,44,1.27050295624,0,1,132.783630041,0,3777.60
R5_1,45,1.0627992148,0,1,111.075961731,0,3803.80
R5_1,46,1,1,0,0,0,3800.30
R5_1,47,1.08264066868,0,1,113.149644643,0,3775.60
R5_1,48,1.22807329475,0,1,128.349193705,0,3775.20
R5_1,49,1.16497346582,0,1,121.754463406,0,3774.80
R5_1,50,1.07780060321,0,1,112.643796578,0,3894.30
R5_1,51,1.16497346582,0,1,121.754463406,0,3790.10
R5_1,52,1,1,0,0,0,3750.60
R5_1,53,1.07780060321,0,1,112.643796578,0,3798.30
R5_1,54,1.09557170394,0,1,114.501101398,0,4015.60
R5_1,55,1,1,0,0,0,3750.20
R5_1,56,1.0627992148,0,1,111.075961731,0,3811.30
R5_1,57,1.08264066868,0,1,113.149644643,0,3748.00
R5_1,58,1.27050295624,0,1,132.783630041,0,3783.10
R5_1,59,1.00021318714,0,1,104.534930164,0,3753.50
R5_1,60,1.0627992148,0,1,111.075961731,0,3758.30
R5_1,61,0.909090909091,0,1,95.0114994644,1,3761.20
R5_1,62,1.17614821218,0,1,122.922365755,0,3783.90
R5_1,63,1.0627992148,0,1,111.075961731,0,3765.10
R5_1,64,1.08264066868,0,1,113.149644643,0,3746.00
R5_2,1,1,1,0,0,0,3817.10
R5_2,2,1.28326986109,0,1,195.378866425,0,3759.90
R5_2,3,0.933049802624,0,1,142.057581404,0,3746.60
R5_2,4,1,1,0,0,0,3784.70
R5_2,5,1,1,0,0,0,3851.70
R5_2,6,1,1,0,0,0,3804.30
R5_2,7,1.07170775372,0,1,163.168365758,0,3854.00
R5_2,8,0.933049802624,0,1,142.057581404,0,3782.70
R5_2,9,0.909090909091,0,1,138.409820632,1,3779.10
R5_2,10,1.15622681533,0,1,176.036460731,0,3752.30
R5_2,11,1,1,0,0,0,3779.00
R5_2,12,1,1,0,0,0,3766.70
R5_2,13,1.10704843174,0,1,168.549012354,0,3806.40
R5_2,14,1.10704843174,0,1,168.549012354,0,3750.10
R5_2,15,1.31329347906,0,1,199.949986361,0,3778.40
R5_2,16,0.909090909091,0,1,138.409820632,1,3769.10
R5_2,17,1.15622681533,0,1,176.036460731,0,3823.90
R5_2,18,1,1,0,0,0,3768.80
R5_2,19,1.07170775372,0,1,163.168365758,0,3778.70
R5_2,20,1.07170775372,0,1,163.168365758,0,3845.20
R5_2,21,1.07170775372,0,1,163.168365758,0,3821.30
R5_2,22,0.933049802624,0,1,142.057581404,0,3762.20
R5_2,23,1.31329347906,0,1,199.949986361,0,3764.60
R5_2,24,1,1,0,0,0,3786.00
R5_2,25,1.10704843174,0,1,168.549012354,0,7461.30
R5_2,26,1.03336256449,0,1,157.330279919,0,6749.80
R5_2,27,0.909090909091,0,1,138.409820632,1,4786.80
R5_2,28,0.933049802624,0,1,142.057581404,0,4643.70
R5_2,29,1.03336256449,0,1,157.330279919,0,4715.40
R5_2,30,1.03336256449,0,1,157.330279919,0,4674.20
R5_2,31,1.10704843174,0,1,168.549012354,0,4650.00
R5_2,32,1.17248341701,0,1,178.511541386,0,4693.90
R5_2,33,1.28049847073,0,1,194.956920018,0,4683.10
R5_2,34,0.933049802624,0,1,142.057581404,0,4668.30
R5_2,35,0.933049802624,0,1,142.057581404,0,4648.30
R5_2,36,0.933049802624,0,1,142.057581404,0,4702.60
R5_2,37,1.17248341701,0,1,178.511541386,0,4694.80
R5_2,38,0.933049802624,0,1,142.057581404,0,4649.50
R5_2,39,0.909090909091,0,1,138.409820632,1,4645.40
R5_2,40,0.933049802624,0,1,142.057581404,0,4708.50
R5_2,41,1,1,0,0,0,4711.20
R5_2,42,1,1,0,0,0,4666.50
R5_2,43,1,1,0,0,0,4640.90
R5_2,44,1.15622681533,0,1,176.036460731,0,4651.10
R5_2,45,0.909090909091,0,1,138.409820632,1,4661.50
R5_2,46,1,1,0,0,0,4642.60
R5_2,47,0.933049802624,0,1,142.057581404,0,4699.70
R5_2,48,1.15622681533,0,1,176.036460731,0,4642.80
R5_2,49,1.10704843174,0,1,168.549012354,0,4643.20
R5_2,50,0.909090909091,0,1,138.409820632,1,4686.20
R5_2,51,1.17248341701,0,1,178.511541386,0,4701.50
R5_2,52,1,1,0,0,0,4641.40
R5_2,53,1.28326986109,0,1,195.378866425,0,4671.70
R5_2,54,1.15622681533,0,1,176.036460731,0,4670.10
R5_2,55,1,1,0,0,0,4687.20
R5_2,56,0.933049802624,0,1,142.057581404,0,4636.10
R5_2,57,1.13944978432,0,1,173.482144294,0,4760.80
R5_2,58,0.933049802624,0,1,142.057581404,0,4685.20
R5_2,59,1.07170775372,0,1,163.168365758,0,4663.10
R5_2,60,1,1,0,0,0,4687.80
R5_2,61,0.909090909091,0,1,138.409820632,1,4640.00
R5_2,62,1,1,0,0,0,4638.20
R5_2,63,1.07170775372,0,1,163.168365758,0,4130.10
R5_2,64,0.933049802624,0,1,142.057581404,0,3885.50
R5_3,1,1.08431204231,0,1,119.817090698,0,3991.10
R5_3,2,1,1,0,0,0,3739.70
R5_3,3,0.951050896864,0,1,105.091659155,0,3843.10
R5_3,4,1,1,0,0,0,3914.30
R5_3,5,1.12627203008,0,1,124.453692953,0,3943.90
R5_3,6,1.38604763112,0,1,153.159043015,0,3995.90
R5_3,7,1,1,0,0,0,3787.70
R5_3,8,1,1,0,0,0,3926.50
R5_3,9,1.05332517,0,1,116.393023875,0,3811.60
R5_3,10,0.951050896864,0,1,105.091659155,0,4003.70
R5_3,11,0.951050896864,0,1,105.091659155,0,3855.40
R5_3,12,0.951050896864,0,1,105.091659155,0,3836.40
R5_3,13,1.10825137317,0,1,122.462400227,0,3952.50
R5_3,14,1.12627203008,0,1,124.453692953,0,3978.10
R5_3,15,1.08431204231,0,1,119.817090698,0,3954.40
R5_3,16,1.22563000435,0,1,135.432805007,0,3878.20
R5_3,17,1,1,0,0,0,3941.40
R5_3,18,1.10825137317,0,1,122.462400227,0,3962.40
R5_3,19,1.14244901337,0,1,126.241258708,0,3955.00
R5_3,20,1.10825137317,0,1,122.462400227,0,3816.40
R5_3,21,0.909090909091,0,1,100.4550569,1,3914.30
R5_3,22,1.22563000435,0,1,135.432805007,0,3936.90
R5_3,23,1,1,0,0,0,3821.80
R5_3,24,0.909090909091,0,1,100.4550569,1,3842.80
R5_3,25,0.909090909091,0,1,100.4550569,1,3819.30
R5_3,26,1.22563000435,0,1,135.432805007,0,4015.80
R5_3,27,0.951050896864,0,1,105.091659155,0,4548.80
R5_3,28,1.14244901337,0,1,126.241258708,0,3824.70
R5_3,29,1,1,0,0,0,3981.40
R5_3,30,1.29044477604,0,1,142.594873744,0,4004.00
R5_3,31,1.08431204231,0,1,119.817090698,0,3764.30
R5_3,32,0.909090909091,0,1,100.4550569,1,3850.30
R5_3,33,1.08431204231,0,1,119.817090698,0,3904.40
R5_3,34,1.05332517,0,1,116.393023875,0,3857.40
R5_3,35,1,1,0,0,0,3837.90
R5_3,36,0.951050896864,0,1,105.091659155,0,3771.30
R5_3,37,1.10825137317,0,1,122.462400227,0,3798.90
R5_3,38,1.10825137317,0,1,122.462400227,0,3817.70
R5_3,39,0.951050896864,0,1,105.091659155,0,3915.60
R5_3,40,1.18817647204,0,1,131.294168617,0,3915.60
R5_3,41,1.14244901337,0,1,126.241258708,0,3830.60
R5_3,42,1.08431204231,0,1,119.817090698,0,4068.40
R5_3,43,1.24422405942,0,1,137.487458553,0,3763.20
R5_3,44,1,1,0,0,0,3835.30
R5_3,45,1.10825137317,0,1,122.462400227,0,3738.70
R5_3,46,1.08431204231,0,1,119.817090698,0,3848.80
R5_3,47,0.951050896864,0,1,105.091659155,0,3808.40
R5_3,48,0.951050896864,0,1,105.091659155,0,3851.30
R5_3,49,1.22563000435,0,1,135.432805007,0,3772.20
R5_3,50,0.951050896864,0,1,105.091659155,0,3860.60
R5_3,51,1.22563000435,0,1,135.432805007,0,3807.50
R5_3,52,1.22563000435,0,1,135.432805007,0,3881.20
R5_3,53,1.05332517,0,1,116.393023875,0,3949.70
R5_3,54,0.909090909091,0,1,100.4550569,1,3964.30
R5_3,55,1.10825137317,0,1,122.462400227,0,3822.10
R5_3,56,1.05332517,0,1,116.393023875,0,3912.70
R5_3,57,1.10825137317,0,1,122.462400227,0,3744.00
R5_3,58,1,1,0,0,0,3863.30
R5_3,59,0.909090909091,0,1,100.4550569,1,3919.00
R5_3,60,1.10825137317,0,1,122.462400227,0,3939.30
R5_3,61,1.10825137317,0,1,122.462400227,0,3770.10
R5_3,62,1,1,0,0,0,3881.20
R5_3,63,1.05332517,0,1,116.393023875,0,3783.40
R5_3,64,1.10825137317,0,1,122.462400227,0,3827.80
R5_4,1,1.08206642655,0,1,110.028026618,0,3964.10
R5_4,2,1,1,0,0,0,3800.70
R5_4,3,1.08206642655,0,1,110.028026618,0,3762.70
R5_4,4,0.909090909091,0,1,92.4393145274,1,3747.40
R5_4,5,1.24748688425,0,1,126.848515708,0,3797.50
R5_4,6,0.985647451619,0,1,100.223832273,0,3917.80
R5_4,7,1.12262274613,0,1,114.151924838,0,3849.80
R5_4,8,1,1,0,0,0,3820.30
R5_4,9,0.909090909091,0,1,92.4393145274,1,3775.40
R5_4,10,1.24748688425,0,1,126.848515708,0,3813.90
R5_4,11,1.12262274613,0,1,114.151924838,0,3793.60
R5_4,12,1.08206642655,0,1,110.028026618,0,3767.90
R5_4,13,0.909090909091,0,1,92.4393145274,1,3780.60
R5_4,14,1,1,0,0,0,3936.90
R5_4,15,0.909090909091,0,1,92.4393145274,1,3766.00
R5_4,16,1,1,0,0,0,3769.60
R5_4,17,0.985647451619,0,1,100.223832273,0,4023.00
R5_4,18,1,1,0,0,0,4333.70
R5_4,19,1.24748688425,0,1,126.848515708,0,3823.60
R5_4,20,0.909090909091,0,1,92.4393145274,1,3882.20
R5_4,21,1.10860058789,0,1,112.726106272,0,4124.00
R5_4,22,0.909090909091,0,1,92.4393145274,1,3888.90
R5_4,23,1.08206642655,0,1,110.028026618,0,3539.30
R5_4,24,1.31728738589,0,1,133.946057286,0,3849.60
R5_4,25,0.985647451619,0,1,100.223832273,0,3983.60
R5_4,26,1.32213242493,0,1,134.438716583,0,3997.30
R5_4,27,1.08206642655,0,1,110.028026618,0,3780.30
R5_4,28,0.909090909091,0,1,92.4393145274,1,3807.20
R5_4,29,1.09885064394,0,1,111.734700323,0,4101.00
R5_4,30,0.985647451619,0,1,100.223832273,0,3855.30
R5_4,31,0.985647451619,0,1,100.223832273,0,3817.60
R5_4,32,1.08206642655,0,1,110.028026618,0,3980.00
R5_4,33,1.10860058789,0,1,112.726106272,0,4211.00
R5_4,34,0.909090909091,0,1,92.4393145274,1,3855.30
R5_4,35,1.10860058789,0,1,112.726106272,0,3925.60
R5_4,36,1.34624811642,0,1,136.890878372,0,4025.90
R5_4,37,0.909090909091,0,1,92.4393145274,1,3962.70
R5_4,38,0.985647451619,0,1,100.223832273,0,3881.60
R5_4,39,1.24748688425,0,1,126.848515708,0,3948.10
R5_4,40,1.33563901582,0,1,135.812110587,0,3846.80
R5_4,41,1.34624811642,0,1,136.890878372,0,3925.40
R5_4,42,1,1,0,0,0,3892.70
R5_4,43,1,1,0,0,0,3754.80
R5_4,44,0.909090909091,0,1,92.4393145274,1,3831.90
R5_4,45,1.44590931737,0,1,147.024752783,0,3800.20
R5_4,46,1.32213242493,0,1,134.438716583,0,3761.70
R5_4,47,1.08206642655,0,1,110.028026618,0,3753.10
R5_4,48,0.985647451619,0,1,100.223832273,0,3778.90
R5_4,49,0.909090909091,0,1,92.4393145274,1,3827.40
R5_4,50,0.909090909091,0,1,92.4393145274,1,3844.60
R5_4,51,1.44884220814,0,1,147.322978637,0,3961.70
R5_4,52,1,1,0,0,0,3736.00
R5_4,53,1.08206642655,0,1,110.028026618,0,3847.90
R5_4,54,1.12262274613,0,1,114.151924838,0,3751.80
R5_4,55,0.985647451619,0,1,100.223832273,0,3805.50
R5_4,56,1.33563901582,0,1,135.812110587,0,3885.50
R5_4,57,1.10860058789,0,1,112.726106272,0,3888.40
R5_4,58,0.985647451619,0,1,100.223832273,0,3849.00
R5_4,59,1.31728738589,0,1,133.946057286,0,4624.10
R5_4,60,1,1,0,0,0,5348.40
R5_4,61,1.10860058789,0,1,112.726106272,0,3839.90
R5_4,62,1.12262274613,0,1,114.151924838,0,3748.60
R5_4,63,1,1,0,0,0,3785.40
R5_4,64,1.08206642655,0,1,110.028026618,0,3767.00
R5_5,1,0.914380921779,0,1,75.6544417543,0,3854.40
R5_5,2,1.25655247155,0,1,103.965178522,0,3844.10
R5_5,3,0.900987142672,0,1,74.5462615013,1,3904.60
R5_5,4,0.900987142672,0,1,74.5462615013,1,4005.50
R5_5,5,0.90627715536,0,1,74.983948845,0,3867.20
R5_5,6,0.909090909091,0,1,75.2167544107,0,3814.00
R5_5,7,1.26808683037,0,1,104.919513261,0,3898.80
R5_5,8,1,1,0,0,0,3904.30
R5_5,9,1.24065173261,0,1,102.649576349,0,3906.20
R5_5,10,1,1,0,0,0,3809.70
R5_5,11,0.914380921779,0,1,75.6544417543,0,3805.30
R5_5,12,0.900987142672,0,1,74.5462615013,1,4135.60
R5_5,13,1,1,0,0,0,4126.60
R5_5,14,0.909090909091,0,1,75.2167544107,0,3795.30
R5_5,15,0.90627715536,0,1,74.983948845,0,3959.40
R5_5,16,1.28282728261,0,1,106.139115134,0,3920.60
R5_5,17,1.25655247155,0,1,103.965178522,0,4002.00
R5_5,18,0.90627715536,0,1,74.983948845,0,3856.80
R5_5,19,0.900987142672,0,1,74.5462615013,1,3867.00
R5_5,20,1,1,0,0,0,3863.00
R5_5,21,0.909090909091,0,1,75.2167544107,0,3873.10
R5_5,22,0.900987142672,0,1,74.5462615013,1,3856.00
R5_5,23,1,1,0,0,0,3899.40
R5_5,24,0.90627715536,0,1,74.983948845,0,3912.10
R5_5,25,0.914380921779,0,1,75.6544417543,0,3979.00
R5_5,26,0.900987142672,0,1,74.5462615013,1,4031.30
R5_5,27,1.31120881881,0,1,108.487358876,0,3871.80
R5_5,28,0.909090909091,0,1,75.2167544107,0,3806.20
R5_5,29,0.900987142672,0,1,74.5462615013,1,3817.30
R5_5,30,0.900987142672,0,1,74.5462615013,1,3815.20
R5_5,31,0.909090909091,0,1,75.2167544107,0,3860.20
R5_5,32,0.914380921779,0,1,75.6544417543,0,3865.50
R5_5,33,1,1,0,0,0,3809.20
R5_5,34,0.914380921779,0,1,75.6544417543,0,3903.70
R5_5,35,1,1,0,0,0,3972.10
R5_5,36,0.900987142672,0,1,74.5462615013,1,3908.30
R5_5,37,1.28282728261,0,1,106.139115134,0,4058.80
R5_5,38,1.26808683037,0,1,104.919513261,0,4108.60
R5_5,39,1,1,0,0,0,3953.40
R5_5,40,0.909090909091,0,1,75.2167544107,0,3910.60
R5_5,41,0.90627715536,0,1,74.983948845,0,3945.00
R5_5,42,1,1,0,0,0,4066.50
R5_5,43,0.900987142672,0,1,74.5462615013,1,4053.00
R5_5,44,0.90627715536,0,1,74.983948845,0,3919.00
R5_5,45,0.914380921779,0,1,75.6544417543,0,3969.30
R5_5,46,1.26808683037,0,1,104.919513261,0,3874.00
R5_5,47,0.900987142672,0,1,74.5462615013,1,4121.90
R5_5,48,0.914380921779,0,1,75.6544417543,0,3915.30
R5_5,49,0.900987142672,0,1,74.5462615013,1,3830.30
R5_5,50,0.90627715536,0,1,74.983948845,0,4147.90
R5_5,51,1.26808683037,0,1,104.919513261,0,4042.40
R5_5,52,0.909090909091,0,1,75.2167544107,0,3834.10
R5_5,53,0.900987142672,0,1,74.5462615013,1,3916.10
R5_5,54,0.900987142672,0,1,74.5462615013,1,4068.50
R5_5,55,1.62034415393,0,1,134.064731116,0,4125.40
R5_5,56,0.90627715536,0,1,74.983948845,0,3757.80
R5_5,57,0.909090909091,0,1,75.2167544107,0,3916.00
R5_5,58,0.914380921779,0,1,75.6544417543,0,4174.70
R5_5,59,0.914380921779,0,1,75.6544417543,0,4017.40
R5_5,60,0.909090909091,0,1,75.2167544107,0,3812.50
R5_5,61,0.90627715536,0,1,74.983948845,0,3905.80
R5_5,62,0.909090909091,0,1,75.2167544107,0,3923.50
R5_5,63,0.90627715536,0,1,74.983948845,0,3988.30
R5_5,64,1.25655247155,0,1,103.965178522,0,3962.40
R5_6,1,1,1,0,0,0,8226.40
R5_6,2,0.888702936546,0,1,77.4790468447,1,8264.40
R5_6,3,0.938638728433,0,1,81.832557337,0,4724.70
R5_6,4,0.943776713198,0,1,82.2804979772,0,4668.00
R5_6,5,1.09918382199,0,1,95.8292263169,0,4666.90
R5_6,6,0.888702936546,0,1,77.4790468447,1,4753.90
R5_6,7,0.991705605068,0,1,86.4590425794,0,4659.90
R5_6,8,0.938638728433,0,1,81.832557337,0,4649.90
R5_6,9,0.979178957933,0,1,85.3669423508,0,4676.20
R5_6,10,0.979178957933,0,1,85.3669423508,0,4680.60
R5_6,11,0.943776713198,0,1,82.2804979772,0,4672.40
R5_6,12,0.932142297004,0,1,81.2661843745,0,4678.00
R5_6,13,0.967237329908,0,1,84.3258453552,0,4708.60
R5_6,14,1,1,0,0,0,4653.80
R5_6,15,0.967237329908,0,1,84.3258453552,0,4685.10
R5_6,16,0.967237329908,0,1,84.3258453552,0,4701.50
R5_6,17,0.979178957933,0,1,85.3669423508,0,4657.30
R5_6,18,1.09918382199,0,1,95.8292263169,0,4668.10
R5_6,19,0.943776713198,0,1,82.2804979772,0,4724.50
R5_6,20,0.979178957933,0,1,85.3669423508,0,4663.40
R5_6,21,0.941481578025,0,1,82.0804031218,0,4677.90
R5_6,22,0.979178957933,0,1,85.3669423508,0,4710.10
R5_6,23,0.888702936546,0,1,77.4790468447,1,4767.30
R5_6,24,1.09918382199,0,1,95.8292263169,0,4679.30
R5_6,25,0.967237329908,0,1,84.3258453552,0,4683.10
R5_6,26,0.909090909091,0,1,79.2565144494,0,4703.50
R5_6,27,1,1,0,0,0,4675.70
R5_6,28,0.938638728433,0,1,81.832557337,0,4667.30
R5_6,29,0.938638728433,0,1,81.832557337,0,4714.00
R5_6,30,0.943776713198,0,1,82.2804979772,0,4657.20
R5_6,31,0.909090909091,0,1,79.2565144494,0,4664.40
R5_6,32,0.888702936546,0,1,77.4790468447,1,4719.50
R5_6,33,0.979178957933,0,1,85.3669423508,0,4657.70
R5_6,34,0.941481578025,0,1,82.0804031218,0,4719.30
R5_6,35,0.888702936546,0,1,77.4790468447,1,4675.80
R5_6,36,0.967237329908,0,1,84.3258453552,0,4731.60
R5_6,37,0.941481578025,0,1,82.0804031218,0,4666.20
R5_6,38,0.909090909091,0,1,79.2565144494,0,4665.80
R5_6,39,0.909090909091,0,1,79.2565144494,0,4656.50
R5_6,40,0.967237329908,0,1,84.3258453552,0,4672.60
R5_6,41,0.979178957933,0,1,85.3669423508,0,4666.00
R5_6,42,0.979178957933,0,1,85.3669423508,0,4683.60
R5_6,43,1.05012151691,0,1,91.551868296,0,4696.90
R5_6,44,1,1,0,0,0,4659.70
R5_6,45,0.938638728433,0,1,81.832557337,0,4664.00
R5_6,46,0.943776713198,0,1,82.2804979772,0,4726.50
R5_6,47,0.932142297004,0,1,81.2661843745,0,4727.80
R5_6,48,0.909090909091,0,1,79.2565144494,0,4654.10
R5_6,49,0.941481578025,0,1,82.0804031218,0,4751.30
R5_6,50,0.938638728433,0,1,81.832557337,0,4679.60
R5_6,51,0.943776713198,0,1,82.2804979772,0,4668.20
R5_6,52,0.950273144627,0,1,82.8468709398,0,4707.00
R5_6,53,1,1,0,0,0,4718.40
R5_6,54,0.967237329908,0,1,84.3258453552,0,4663.70
R5_6,55,0.888702936546,0,1,77.4790468447,1,4730.10
R5_6,56,0.909090909091,0,1,79.2565144494,0,4659.40
R5_6,57,1,1,0,0,0,4657.90
R5_6,58,1,1,0,0,0,4659.70
R5_6,59,0.941481578025,0,1,82.0804031218,0,4754.20
R5_6,60,0.909090909091,0,1,79.2565144494,0,4677.20
R5_6,61,0.932142297004,0,1,81.2661843745,0,4668.90
R5_6,62,0.938638728433,0,1,81.832557337,0,4802.30
R5_6,63,0.888702936546,0,1,77.4790468447,1,4687.30
R5_6,64,1.05012151691,0,1,91.551868296,0,4659.30
R5_7,1,1.05906761952,0,1,129.851949707,0,3904.60
R5_7,2,0.909090909091,0,1,111.463352132,0,3756.00
R5_7,3,1.01146531787,0,1,124.015446384,0,3766.30
R5_7,4,1.01146531787,0,1,124.015446384,0,3776.10
R5_7,5,0.989135313679,0,1,121.277571552,0,3829.30
R5_7,6,0.862134565888,0,1,105.706049573,1,3784.00
R5_7,7,1,1,0,0,0,3785.20
R5_7,8,0.994956332838,0,1,121.991284891,0,3929.10
R5_7,9,1.1024208438,0,1,135.167474981,0,3915.40
R5_7,10,1,1,0,0,0,3810.70
R5_7,11,0.909090909091,0,1,111.463352132,0,3780.40
R5_7,12,1,1,0,0,0,3779.90
R5_7,13,1.05906761952,0,1,129.851949707,0,3909.90
R5_7,14,1.05906761952,0,1,129.851949707,0,3784.40
R5_7,15,1,1,0,0,0,3825.90
R5_7,16,0.862134565888,0,1,105.706049573,1,3814.10
R5_7,17,1.1024208438,0,1,135.167474981,0,4645.50
R5_7,18,1.10899140836,0,1,135.973089847,0,4667.40
R5_7,19,0.994956332838,0,1,121.991284891,0,4678.90
R5_7,20,1,1,0,0,0,4743.50
R5_7,21,0.994956332838,0,1,121.991284891,0,4709.70
R5_7,22,1.10899140836,0,1,135.973089847,0,4665.30
R5_7,23,0.862134565888,0,1,105.706049573,1,4901.50
R5_7,24,1,1,0,0,0,4675.20
R5_7,25,0.862134565888,0,1,105.706049573,1,4695.40
R5_7,26,1.03059771174,0,1,126.361263215,0,4687.60
R5_7,27,1.05906761952,0,1,129.851949707,0,4656.80
R5_7,28,0.989135313679,0,1,121.277571552,0,4692.50
R5_7,29,0.994956332838,0,1,121.991284891,0,4728.20
R5_7,30,1.03059771174,0,1,126.361263215,0,4714.30
R5_7,31,1.03059771174,0,1,126.361263215,0,4661.20
R5_7,32,1.10899140836,0,1,135.973089847,0,4714.10
R5_7,33,0.947999989635,0,1,116.233982332,0,4729.00
R5_7,34,0.862134565888,0,1,105.706049573,1,4646.80
R5_7,35,1,1,0,0,0,4661.00
R5_7,36,1.05906761952,0,1,129.851949707,0,4728.20
R5_7,37,0.947999989635,0,1,116.233982332,0,4681.40
R5_7,38,0.909090909091,0,1,111.463352132,0,4657.10
R5_7,39,1.05906761952,0,1,129.851949707,0,4638.40
R5_7,40,0.947999989635,0,1,116.233982332,0,4731.40
R5_7,41,1.10899140836,0,1,135.973089847,0,4672.10
R5_7,42,1,1,0,0,0,4705.90
R5_7,43,1.05906761952,0,1,129.851949707,0,4698.10
R5_7,44,0.947999989635,0,1,116.233982332,0,4661.30
R5_7,45,1.1024208438,0,1,135.167474981,0,4725.40
R5_7,46,1.06303322642,0,1,130.338171528,0,4673.80
R5_7,47,0.947999989635,0,1,116.233982332,0,4694.80
R5_7,48,1,1,0,0,0,4645.80
R5_7,49,0.994956332838,0,1,121.991284891,0,4723.10
R5_7,50,0.947999989635,0,1,116.233982332,0,4824.80
R5_7,51,0.947999989635,0,1,116.233982332,0,4663.30
R5_7,52,0.862134565888,0,1,105.706049573,1,4644.10
R5_7,53,0.994956332838,0,1,121.991284891,0,4777.60
R5_7,54,0.994956332838,0,1,121.991284891,0,4655.20
R5_7,55,0.862134565888,0,1,105.706049573,1,4648.40
R5_7,56,0.994956332838,0,1,121.991284891,0,4682.40
R5_7,57,1,1,0,0,0,4660.80
R5_7,58,1.01146531787,0,1,124.015446384,0,4663.50
R5_7,59,0.862134565888,0,1,105.706049573,1,4649.00
R5_7,60,1.03059771174,0,1,126.361263215,0,4676.40
R5_7,61,1.03059771174,0,1,126.361263215,0,4716.00
R5_7,62,1.01803588242,0,1,124.82106125,0,4755.90
R5_7,63,0.989135313679,0,1,121.277571552,0,4687.20
R5_7,64,1.05906761952,0,1,129.851949707,0,4638.80
R5_8,1,1,1,0,0,0,8371.90
R5_8,2,1.01512151292,0,1,136.139236448,0,6952.50
R5_8,3,1.01512151292,0,1,136.139236448,0,4762.90
R5_8,4,1.01512151292,0,1,136.139236448,0,4722.40
R5_8,5,1,1,0,0,0,4721.20
R5_8,6,0.915773247181,0,1,122.815514245,0,4789.70
R5_8,7,0.915773247181,0,1,122.815514245,0,4797.40
R5_8,8,1.0800564516,0,1,144.847743615,0,4719.20
R5_8,9,0.952458941912,0,1,127.735479398,0,4735.40
R5_8,10,1.06137123191,0,1,142.341845051,0,4775.30
R5_8,11,1,1,0,0,0,4732.60
R5_8,12,1.01137605864,0,1,135.636928814,0,4727.30
R5_8,13,1.21602688862,0,1,163.08291176,0,4754.20
R5_8,14,1.0800564516,0,1,144.847743615,0,4719.10
R5_8,15,1,1,0,0,0,4823.10
R5_8,16,1.06137123191,0,1,142.341845051,0,4885.10
R5_8,17,0.909090909091,0,1,121.91933739,1,4734.00
R5_8,18,0.912109175758,0,1,122.324120969,0,4735.90
R5_8,19,1.01137605864,0,1,135.636928814,0,4811.80
R5_8,20,0.952458941912,0,1,127.735479398,0,4778.10
R5_8,21,1.16977716963,0,1,156.880303157,0,4756.10
R5_8,22,1.01137605864,0,1,135.636928814,0,4734.40
R5_8,23,1.01137605864,0,1,135.636928814,0,4757.30
R5_8,24,0.912109175758,0,1,122.324120969,0,4801.30
R5_8,25,0.909090909091,0,1,121.91933739,1,4792.20
R5_8,26,0.952458941912,0,1,127.735479398,0,4881.30
R5_8,27,0.915773247181,0,1,122.815514245,0,4759.40
R5_8,28,1.01137605864,0,1,135.636928814,0,4723.90
R5_8,29,1.01512151292,0,1,136.139236448,0,4828.80
R5_8,30,0.909090909091,0,1,121.91933739,1,4742.20
R5_8,31,1.35298377651,0,1,181.450374085,0,4730.30
R5_8,32,1.16977716963,0,1,156.880303157,0,4736.40
R5_8,33,0.952458941912,0,1,127.735479398,0,4750.30
R5_8,34,1.20078483655,0,1,161.038780782,0,4716.80
R5_8,35,0.915773247181,0,1,122.815514245,0,4769.00
R5_8,36,1.21602688862,0,1,163.08291176,0,4758.10
R5_8,37,1.06137123191,0,1,142.341845051,0,4790.60
R5_8,38,0.959141280002,0,1,128.631656253,0,4778.60
R5_8,39,1.01137605864,0,1,135.636928814,0,4773.50
R5_8,40,1.01137605864,0,1,135.636928814,0,4723.60
R5_8,41,0.915773247181,0,1,122.815514245,0,4005.50
R5_8,42,1.01512151292,0,1,136.139236448,0,3918.00
R5_8,43,1.20078483655,0,1,161.038780782,0,3857.60
R5_8,44,1.20078483655,0,1,161.038780782,0,3825.30
R5_8,45,0.909090909091,0,1,121.91933739,1,4024.00
R5_8,46,1.0800564516,0,1,144.847743615,0,4009.20
R5_8,47,0.952458941912,0,1,127.735479398,0,3913.60
R5_8,48,1.0800564516,0,1,144.847743615,0,3863.00
R5_8,49,0.912109175758,0,1,122.324120969,0,3806.00
R5_8,50,0.952458941912,0,1,127.735479398,0,3932.00
R5_8,51,0.952458941912,0,1,127.735479398,0,3914.00
R5_8,52,1.0800564516,0,1,144.847743615,0,3834.30
R5_8,53,0.952458941912,0,1,127.735479398,0,3829.30
R5_8,54,0.912109175758,0,1,122.324120969,0,3920.80
R5_8,55,1.16977716963,0,1,156.880303157,0,3833.90
R5_8,56,0.952458941912,0,1,127.735479398,0,3957.40
R5_8,57,1.16977716963,0,1,156.880303157,0,3845.30
R5_8,58,1.06137123191,0,1,142.341845051,0,4088.00
R5_8,59,1.16977716963,0,1,156.880303157,0,4223.90
R5_8,60,1.01512151292,0,1,136.139236448,0,3958.20
R5_8,61,0.915773247181,0,1,122.815514245,0,3867.30
R5_8,62,0.909090909091,0,1,121.91933739,1,3999.70
R5_8,63,1.01512151292,0,1,136.139236448,0,3911.90
R5_8,64,1,1,0,0,0,4033.50
R5_9,1,0.815456838318,0,1,79.294554631,1,3950.20
R5_9,2,0.965053539049,0,1,93.8412518949,0,3917.30
R5_9,3,0.855915027731,0,1,83.228685734,0,4033.20
R5_9,4,0.909090909091,0,1,88.3994778978,0,3924.70
R5_9,5,0.843202403637,0,1,81.992517468,0,4016.60
R5_9,6,0.932243349291,0,1,90.6508078862,0,3947.40
R5_9,7,0.984608058567,0,1,95.7427221425,0,3855.40
R5_9,8,0.909090909091,0,1,88.3994778978,0,3949.40
R5_9,9,0.909090909091,0,1,88.3994778978,0,4033.60
R5_9,10,1.01401784899,0,1,98.6025132724,0,3851.40
R5_9,11,0.815456838318,0,1,79.294554631,1,3909.50
R5_9,12,0.815456838318,0,1,79.294554631,1,3897.50
R5_9,13,0.909090909091,0,1,88.3994778978,0,3954.90
R5_9,14,0.884745743111,0,1,86.0321679396,0,4030.10
R5_9,15,0.884745743111,0,1,86.0321679396,0,3972.90
R5_9,16,0.855915027731,0,1,83.228685734,0,3992.40
R5_9,17,0.932243349291,0,1,90.6508078862,0,4117.10
R5_9,18,0.895764634256,0,1,87.1036385863,0,4030.20
R5_9,19,0.965053539049,0,1,93.8412518949,0,3965.60
R5_9,20,0.932243349291,0,1,90.6508078862,0,3903.40
R5_9,21,1,1,0,0,0,6005.50
R5_9,22,0.843202403637,0,1,81.992517468,0,8418.80
R5_9,23,0.961455618367,0,1,93.4913921542,0,8438.90
R5_9,24,0.909090909091,0,1,88.3994778978,0,7985.80
R5_9,25,1,1,0,0,0,4777.40
R5_9,26,0.884745743111,0,1,86.0321679396,0,4839.30
R5_9,27,0.884745743111,0,1,86.0321679396,0,4836.00
R5_9,28,0.884745743111,0,1,86.0321679396,0,4766.40
R5_9,29,0.843202403637,0,1,81.992517468,0,4751.90
R5_9,30,0.895764634256,0,1,87.1036385863,0,4750.10
R5_9,31,0.984608058567,0,1,95.7427221425,0,4735.80
R5_9,32,0.815456838318,0,1,79.294554631,1,4795.80
R5_9,33,0.961455618367,0,1,93.4913921542,0,4728.70
R5_9,34,0.855915027731,0,1,83.228685734,0,4810.50
R5_9,35,0.965053539049,0,1,93.8412518949,0,4817.50
R5_9,36,0.815456838318,0,1,79.294554631,1,4748.00
R5_9,37,0.932243349291,0,1,90.6508078862,0,4805.00
R5_9,38,0.815456838318,0,1,79.294554631,1,4351.70
R5_9,39,0.909090909091,0,1,88.3994778978,0,3903.50
R5_9,40,0.884745743111,0,1,86.0321679396,0,4103.20
R5_9,41,0.909090909091,0,1,88.3994778978,0,3918.70
R5_9,42,0.965053539049,0,1,93.8412518949,0,6977.20
R5_9,43,0.855915027731,0,1,83.228685734,0,3916.80
R5_9,44,0.895764634256,0,1,87.1036385863,0,3881.70
R5_9,45,0.909090909091,0,1,88.3994778978,0,3931.50
R5_9,46,0.895764634256,0,1,87.1036385863,0,3830.30
R5_9,47,0.815456838318,0,1,79.294554631,1,3860.30
R5_9,48,0.909090909091,0,1,88.3994778978,0,3900.70
R5_9,49,0.965053539049,0,1,93.8412518949,0,3871.30
R5_9,50,0.895764634256,0,1,87.1036385863,0,3922.80
R5_9,51,0.909090909091,0,1,88.3994778978,0,3947.30
R5_9,52,0.815456838318,0,1,79.294554631,1,3887.10
R5_9,53,0.961455618367,0,1,93.4913921542,0,3944.00
R5_9,54,0.909090909091,0,1,88.3994778978,0,3907.10
R5_9,55,0.855915027731,0,1,83.228685734,0,3862.30
R5_9,56,0.815456838318,0,1,79.294554631,1,3894.90
R5_9,57,0.980594008488,0,1,95.3523982181,0,5173.20
R5_9,58,0.815456838318,0,1,79.294554631,1,3981.30
R5_9,59,0.895764634256,0,1,87.1036385863,0,3878.50
R5_9,60,0.843202403637,0,1,81.992517468,0,3813.10
R5_9,61,1.0038560337,0,1,97.6143841904,0,3888.10
R5_9,62,0.815456838318,0,1,79.294554631,1,3850.80
R5_9,63,0.815456838318,0,1,79.294554631,1,3860.90
R5_9,64,0.895764634256,0,1,87.1036385863,0,3859.90
R6_0,1,1.23889807881,0,1,141.801885088,0,9805.40
R6_0,2,0.950882089995,0,1,108.836130399,0,15454.90
R6_0,3,1.52572201107,0,1,174.63119928,0,9868.60
R6_0,4,1.29592711522,0,1,148.329318623,0,8806.70
R6_0,5,1.1683393298,0,1,133.725866737,0,8359.70
R6_0,6,1.29592711522,0,1,148.329318623,0,7324.90
R6_0,7,1.23889807881,0,1,141.801885088,0,7278.70
R6_0,8,1.08454060988,0,1,124.134426847,0,7277.80
R6_0,9,0.909090909091,0,1,104.052792421,1,7325.40
R6_0,10,0.993215562385,0,1,113.681538016,0,11941.70
R6_0,11,1.04758241785,0,1,119.904263455,0,8859.90
R6_0,12,1.16810245101,0,1,133.698754047,0,8783.10
R6_0,13,1.16268094057,0,1,133.078218417,0,8865.10
R6_0,14,1.12034746818,0,1,128.2328108,0,8780.50
R6_0,15,1.29592711522,0,1,148.329318623,0,8801.40
R6_0,16,0.993215562385,0,1,113.681538016,0,8859.70
R6_0,17,1.00524894546,0,1,115.058855839,0,8856.10
R6_0,18,1.10096216156,0,1,126.014005986,0,8842.40
R6_0,19,1.08454060988,0,1,124.134426847,0,8781.10
R6_0,20,1.09196547461,0,1,124.984262546,0,8829.00
R6_0,21,1.00524894546,0,1,115.058855839,0,8761.70
R6_0,22,0.909090909091,0,1,104.052792421,1,8804.30
R6_0,23,1.00524894546,0,1,115.058855839,0,8822.00
R6_0,24,1,1,0,0,0,8754.40
R6_0,25,1.37225432542,0,1,157.065583919,0,8852.50
R6_0,26,1.16268094057,0,1,133.078218417,0,8777.50
R6_0,27,1.16268094057,0,1,133.078218417,0,8838.30
R6_0,28,0.909090909091,0,1,104.052792421,1,8756.90
R6_0,29,1.39785409784,0,1,159.995684504,0,8837.80
R6_0,30,0.951424381481,0,1,108.898200037,0,8874.60
R6_0,31,0.993215562385,0,1,113.681538016,0,8789.00
R6_0,32,1.02144083901,0,1,116.91214875,0,8863.10
R6_0,33,1.37225432542,0,1,157.065583919,0,8808.30
R6_0,34,0.951424381481,0,1,108.898200037,0,8859.00
R6_0,35,0.950882089995,0,1,108.836130399,0,8777.40
R6_0,36,1.1683393298,0,1,133.725866737,0,8847.80
R6_0,37,1.10096216156,0,1,126.014005986,0,8890.10
R6_0,38,0.909090909091,0,1,104.052792421,1,8765.00
R6_0,39,1.1683393298,0,1,133.725866737,0,8887.10
R6_0,40,1.02144083901,0,1,116.91214875,0,8790.40
R6_0,41,0.993215562385,0,1,113.681538016,0,8817.50
R6_0,42,1.25010786873,0,1,143.084936025,0,8773.40
R6_0,43,1.25972878407,0,1,144.186127443,0,8817.30
R6_0,44,1.2947029312,0,1,148.189200881,0,8851.30
R6_0,45,1.04758241785,0,1,119.904263455,0,8784.00
R6_0,46,1.08454060988,0,1,124.134426847,0,8821.00
R6_0,47,1.02144083901,0,1,116.91214875,0,8308.50
R6_0,48,0.909090909091,0,1,104.052792421,1,7146.30
R6_0,49,1.1683393298,0,1,133.725866737,0,7447.50
R6_0,50,1.16268094057,0,1,133.078218417,0,7337.40
R6_0,51,0.951424381481,0,1,108.898200037,0,7284.90
R6_0,52,0.950882089995,0,1,108.836130399,0,7495.60
R6_0,53,1.10096216156,0,1,126.014005986,0,7115.50
R6_0,54,1.00524894546,0,1,115.058855839,0,7070.40
R6_0,55,1.19279821946,0,1,136.525384082,0,7376.10
R6_0,56,0.909090909091,0,1,104.052792421,1,7655.60
R6_0,57,0.993215562385,0,1,113.681538016,0,7188.00
R6_0,58,1.44896306639,0,1,165.84551849,0,7351.20
R6_0,59,1.16268094057,0,1,133.078218417,0,7267.90
R6_0,60,0.909090909091,0,1,104.052792421,1,7098.00
R6_0,61,1.3462659051,0,1,154.090999443,0,7208.10
R6_0,62,0.909090909091,0,1,104.052792421,1,7461.30
R6_0,63,1.38555969082,0,1,158.588490385,0,8155.90
R6_0,64,1.19279821946,0,1,136.525384082,0,7258.40
R6_1,1,1.10573911733,0,1,122.18478248,0,7528.50
R6_1,2,1.11613336536,0,1,123.333352622,0,7242.20
R6_1,3,1.29933305651,0,1,143.577019562,0,7168.40
R6_1,4,1,1,0,0,0,7139.00
R6_1,5,1.13681816445,0,1,125.619034333,0,7300.90
R6_1,6,0.889176304749,0,1,98.2544722163,1,7217.80
R6_1,7,1.00975293775,0,1,111.578256683,0,7340.20
R6_1,8,1.18818988106,0,1,131.295637359,0,7318.30
R6_1,9,1.11613336536,0,1,123.333352622,0,9916.20
R6_1,10,1.10573911733,0,1,122.18478248,0,8834.00
R6_1,11,1.11613336536,0,1,123.333352622,0,8848.80
R6_1,12,0.913121556344,0,1,100.900435728,0,8857.50
R6_1,13,1.13740506611,0,1,125.68388729,0,8784.50
R6_1,14,0.995271075389,0,1,109.978002903,0,8004.60
R6_1,15,1.06761324806,0,1,117.971852893,0,7105.90
R6_1,16,1.013783585,0,1,112.023645428,0,7187.60
R6_1,17,0.995271075389,0,1,109.978002903,0,7459.30
R6_1,18,1.24254157962,0,1,137.301530035,0,7343.10
R6_1,19,1.10170847008,0,1,121.739393735,0,7413.30
R6_1,20,1.06761324806,0,1,117.971852893,0,7866.10
R6_1,21,0.913121556344,0,1,100.900435728,0,14088.60
R6_1,22,0.889176304749,0,1,98.2544722163,1,8804.60
R6_1,23,0.893206952002,0,1,98.6998609615,0,8812.40
R6_1,24,0.889176304749,0,1,98.2544722163,1,8783.10
R6_1,25,1.13740506611,0,1,125.68388729,0,8864.60
R6_1,26,1.06761324806,0,1,117.971852893,0,8790.50
R6_1,27,1.10170847008,0,1,121.739393735,0,8861.70
R6_1,28,1.013783585,0,1,112.023645428,0,8833.70
R6_1,29,1.17604027548,0,1,129.95309924,0,8911.30
R6_1,30,1.11613336536,0,1,123.333352622,0,8888.90
R6_1,31,1,1,0,0,0,8795.40
R6_1,32,1.13740506611,0,1,125.68388729,0,8818.30
R6_1,33,1,1,0,0,0,8771.60
R6_1,34,0.995271075389,0,1,109.978002903,0,8895.00
R6_1,35,1.24254157962,0,1,137.301530035,0,9154.00
R6_1,36,1.11613336536,0,1,123.333352622,0,15517.30
R6_1,37,1.03072339381,0,1,113.895503646,0,12508.70
R6_1,38,0.995271075389,0,1,109.978002903,0,8846.00
R6_1,39,1.24254157962,0,1,137.301530035,0,8844.30
R6_1,40,0.909090909091,0,1,100.455046983,0,8839.50
R6_1,41,1.41208421745,0,1,156.036085048,0,8909.50
R6_1,42,1.09438390097,0,1,120.930024808,0,8829.90
R6_1,43,1.13681816445,0,1,125.619034333,0,8885.50
R6_1,44,1.06761324806,0,1,117.971852893,0,8848.60
R6_1,45,0.909090909091,0,1,100.455046983,0,8884.20
R6_1,46,1.26995022672,0,1,140.33020066,0,8885.90
R6_1,47,1.06761324806,0,1,117.971852893,0,8825.00
R6_1,48,1.00975293775,0,1,111.578256683,0,8902.20
R6_1,49,0.913121556344,0,1,100.900435728,0,8807.30
R6_1,50,0.909090909091,0,1,100.455046983,0,8895.50
R6_1,51,0.893206952002,0,1,98.6998609615,0,8790.80
R6_1,52,0.889176304749,0,1,98.2544722163,1,8820.70
R6_1,53,1.1580898652,0,1,127.969569,0,8792.50
R6_1,54,1.03072339381,0,1,113.895503646,0,8888.20
R6_1,55,1.00975293775,0,1,111.578256683,0,8865.00
R6_1,56,0.913121556344,0,1,100.900435728,0,8848.40
R6_1,57,1.03072339381,0,1,113.895503646,0,8933.60
R6_1,58,0.995271075389,0,1,109.978002903,0,8868.50
R6_1,59,1.10170847008,0,1,121.739393735,0,8866.20
R6_1,60,1.10170847008,0,1,121.739393735,0,8859.60
R6_1,61,1.20743596746,0,1,133.422340524,0,8825.60
R6_1,62,1.01481840648,0,1,112.137993772,0,8878.60
R6_1,63,0.909090909091,0,1,100.455046983,0,8802.50
R6_1,64,1,1,0,0,0,8806.60
R6_2,1,0.946704120776,0,1,118.936696053,0,8818.20
R6_2,2,0.880101603589,0,1,110.569263009,1,8848.30
R6_2,3,0.938176785715,0,1,117.865386617,0,8794.10
R6_2,4,1,1,0,0,0,8806.80
R6_2,5,1.25264106428,0,1,157.372283754,0,8801.70
R6_2,6,0.880101603589,0,1,110.569263009,1,8862.40
R6_2,7,1.23082268429,0,1,154.631188651,0,8785.30
R6_2,8,0.909090909091,0,1,114.211258583,0,8935.00
R6_2,9,0.938176785715,0,1,117.865386617,0,8795.20
R6_2,10,0.924623232982,0,1,116.162621469,0,8846.50
R6_2,11,1.3285051118,0,1,166.903264938,0,8801.90
R6_2,12,1.16085662226,0,1,145.841185449,0,8756.40
R6_2,13,1.24140406408,0,1,155.960552625,0,8835.70
R6_2,14,0.938176785715,0,1,117.865386617,0,8782.30
R6_2,15,0.919494461019,0,1,115.518281618,0,8856.80
R6_2,16,0.909090909091,0,1,114.211258583,0,8812.50
R6_2,17,0.946704120776,0,1,118.936696053,0,8772.40
R6_2,18,1.38522133826,0,1,174.028659705,0,8834.90
R6_2,19,1.20227371445,0,1,151.044513497,0,8834.50
R6_2,20,1.18994249889,0,1,149.495313483,0,8838.40
R6_2,21,1.38522133826,0,1,174.028659705,0,8175.10
R6_2,22,1.3128370904,0,1,164.93485405,0,7245.40
R6_2,23,1.25264106428,0,1,157.372283754,0,7285.80
R6_2,24,0.909090909091,0,1,114.211258583,0,7641.50
R6_2,25,0.946704120776,0,1,118.936696053,0,7635.80
R6_2,26,0.909090909091,0,1,114.211258583,0,7339.80
R6_2,27,1,1,0,0,0,7241.80
R6_2,28,1.61928508984,0,1,203.434646926,0,7747.70
R6_2,29,1.16085662226,0,1,145.841185449,0,7288.20
R6_2,30,0.909090909091,0,1,114.211258583,0,7547.00
R6_2,31,0.924623232982,0,1,116.162621469,0,6770.00
R6_2,32,0.938176785715,0,1,117.865386617,0,7790.40
R6_2,33,1.40075366216,0,1,175.980022591,0,7013.00
R6_2,34,0.938176785715,0,1,117.865386617,0,7329.80
R6_2,35,0.931171796885,0,1,116.985333167,0,7165.90
R6_2,36,1.15056788805,0,1,144.548587238,0,7292.00
R6_2,37,0.919494461019,0,1,115.518281618,0,7284.50
R6_2,38,0.880101603589,0,1,110.569263009,1,7195.40
R6_2,39,1.17638894615,0,1,147.792548335,0,7128.30
R6_2,40,1.23082268429,0,1,154.631188651,0,7216.90
R6_2,41,0.909090909091,0,1,114.211258583,0,7109.60
R6_2,42,0.919494461019,0,1,115.518281618,0,7322.60
R6_2,43,1.70608937812,0,1,214.340076643,0,7356.60
R6_2,44,1.18994249889,0,1,149.495313483,0,7343.50
R6_2,45,1,1,0,0,0,7097.40
R6_2,46,1,1,0,0,0,7382.70
R6_2,47,0.909090909091,0,1,114.211258583,0,7302.20
R6_2,48,0.919494461019,0,1,115.518281618,0,7673.30
R6_2,49,0.938176785715,0,1,117.865386617,0,7234.90
R6_2,50,0.880101603589,0,1,110.569263009,1,7533.20
R6_2,51,0.919494461019,0,1,115.518281618,0,7701.60
R6_2,52,0.924623232982,0,1,116.162621469,0,7230.40
R6_2,53,1,1,0,0,0,7163.10
R6_2,54,0.946704120776,0,1,118.936696053,0,7345.20
R6_2,55,1.16523554846,0,1,146.391320388,0,7505.90
R6_2,56,1.17400773151,0,1,147.493390662,0,7213.80
R6_2,57,1.16085662226,0,1,145.841185449,0,7317.90
R6_2,58,0.924623232982,0,1,116.162621469,0,7392.40
R6_2,59,0.931171796885,0,1,116.985333167,0,7713.00
R6_2,60,1.33627693386,0,1,167.879657474,0,7608.90
R6_2,61,0.938176785715,0,1,117.865386617,0,7343.30
R6_2,62,1.17400773151,0,1,147.493390662,0,7627.30
R6_2,63,0.931171796885,0,1,116.985333167,0,7564.40
R6_2,64,0.919494461019,0,1,115.518281618,0,7693.20
R6_3,1,1.19137570576,0,1,127.229862823,0,7219.10
R6_3,2,1.05731185029,0,1,112.912862855,0,7416.30
R6_3,3,1.04126555837,0,1,111.199240939,0,7233.70
R6_3,4,1.2111085029,0,1,129.337175453,0,7205.00
R6_3,5,1.04126555837,0,1,111.199240939,0,7309.70
R6_3,6,1.0616660239,0,1,113.377855475,0,7332.40
R6_3,7,1.17572944952,0,1,125.558961674,0,7259.00
R6_3,8,1.0616660239,0,1,113.377855475,0,7309.50
R6_3,9,1.0616660239,0,1,113.377855475,0,7374.70
R6_3,10,1.09237972202,0,1,116.657844802,0,7143.80
R6_3,11,0.96729542289,0,1,103.299793145,0,7213.80
R6_3,12,0.985046227411,0,1,105.195444041,0,7114.50
R6_3,13,1.13496743311,0,1,121.20588839,0,7268.50
R6_3,14,1.05731185029,0,1,112.912862855,0,7297.50
R6_3,15,1.06133210245,0,1,113.342195204,0,7271.50
R6_3,16,1.19137570576,0,1,127.229862823,0,7284.70
R6_3,17,1.04166559405,0,1,111.241961707,0,7317.80
R6_3,18,1.05731185029,0,1,112.912862855,0,7348.30
R6_3,19,1.19137570576,0,1,127.229862823,0,7386.10
R6_3,20,1,1,0,0,0,7387.40
R6_3,21,0.944692051594,0,1,100.88592503,0,7156.70
R6_3,22,1,1,0,0,0,7518.40
R6_3,23,1.26255172952,0,1,134.830920739,0,6974.60
R6_3,24,1.02510930748,0,1,109.473876241,0,7470.80
R6_3,25,0.909090909091,0,1,97.0839938214,1,7565.60
R6_3,26,1.05731185029,0,1,112.912862855,0,9718.90
R6_3,27,1.22515804254,0,1,130.837559415,0,14191.50
R6_3,28,1,1,0,0,0,8800.60
R6_3,29,1.12091789347,0,1,119.705504429,0,8809.40
R6_3,30,1.26255172952,0,1,134.830920739,0,8777.30
R6_3,31,0.967629344341,0,1,103.335453416,0,8813.70
R6_3,32,0.909090909091,0,1,97.0839938214,1,8802.80
R6_3,33,1.05731185029,0,1,112.912862855,0,8755.20
R6_3,34,1,1,0,0,0,8804.50
R6_3,35,1.02510930748,0,1,109.473876241,0,8789.40
R6_3,36,1.19137570576,0,1,127.229862823,0,8854.70
R6_3,37,1.26255172952,0,1,134.830920739,0,8841.30
R6_3,38,1.22515804254,0,1,130.837559415,0,8815.20
R6_3,39,0.967629344341,0,1,103.335453416,0,8781.30
R6_3,40,1.04126555837,0,1,111.199240939,0,8754.00
R6_3,41,1.04126555837,0,1,111.199240939,0,8790.90
R6_3,42,1.03872873115,0,1,110.928327089,0,8739.10
R6_3,43,1.00069248365,0,1,106.86634519,0,8789.90
R6_3,44,0.944692051594,0,1,100.88592503,0,8757.40
R6_3,45,1.16823440774,0,1,124.758548225,0,8851.10
R6_3,46,1.03872873115,0,1,110.928327089,0,8837.20
R6_3,47,1.27745587719,0,1,136.422570338,0,8754.50
R6_3,48,0.909090909091,0,1,97.0839938214,1,8784.00
R6_3,49,1.00069248365,0,1,106.86634519,0,8772.20
R6_3,50,1.09237972202,0,1,116.657844802,0,8854.30
R6_3,51,0.967629344341,0,1,103.335453416,0,8795.60
R6_3,52,0.944692051594,0,1,100.88592503,0,8797.60
R6_3,53,1,1,0,0,0,8946.20
R6_3,54,1.04166559405,0,1,111.241961707,0,8867.40
R6_3,55,1.34191721698,0,1,143.306551082,0,8167.60
R6_3,56,1.02794264383,0,1,109.77645501,0,7274.90
R6_3,57,1.35847350355,0,1,145.074636548,0,7154.00
R6_3,58,0.96729542289,0,1,103.299793145,0,7237.30
R6_3,59,1.02510930748,0,1,109.473876241,0,7497.00
R6_3,60,0.944692051594,0,1,100.88592503,0,7157.50
R6_3,61,0.96729542289,0,1,103.299793145,0,7208.20
R6_3,62,1.05171684088,0,1,112.31535841,0,7343.60
R6_3,63,1.06133210245,0,1,113.342195204,0,7549.70
R6_3,64,1.26255172952,0,1,134.830920739,0,7132.30
R6_4,1,1.34074615654,0,1,112.664517376,0,11190.40
R6_4,2,1.31516109355,0,1,110.51457366,0,9094.10
R6_4,3,1.13732479006,0,1,95.5707744876,0,8775.10
R6_4,4,1,1,0,0,0,8780.40
R6_4,5,1.21459183541,0,1,102.063617544,0,8832.10
R6_4,6,1.04066560463,0,1,87.4483865001,0,8794.50
R6_4,7,1.07611857446,0,1,90.4275423348,0,8763.10
R6_4,8,1.04066560463,0,1,87.4483865001,0,8829.90
R6_4,9,0.979356529526,0,1,82.2965109388,0,8805.70
R6_4,10,1.10951670761,0,1,93.2340277636,0,9136.50
R6_4,11,0.979356529526,0,1,82.2965109388,0,8825.00
R6_4,12,1.3126151019,0,1,110.300630909,0,8831.20
R6_4,13,1.31516109355,0,1,110.51457366,0,8800.80
R6_4,14,1.13357806908,0,1,95.2559330026,0,8789.90
R6_4,15,0.909090909091,0,1,76.392006066,1,8997.00
R6_4,16,1.41777324629,0,1,119.137196674,0,8795.00
R6_4,17,1.13732479006,0,1,95.5707744876,0,8750.70
R6_4,18,1.13804840084,0,1,95.6315803747,0,8809.80
R6_4,19,1.234086835,0,1,103.701805884,0,8753.20
R6_4,20,1,1,0,0,0,8150.50
R6_4,21,1.02914636796,0,1,86.4804111427,0,7309.30
R6_4,22,1.44228428859,0,1,121.196889135,0,7402.30
R6_4,23,1.00512651075,0,1,84.4619935567,0,7318.20
R6_4,24,1.21239676158,0,1,101.879162841,0,7365.70
R6_4,25,1.3126151019,0,1,110.300630909,0,7394.10
R6_4,26,1,1,0,0,0,7450.90
R6_4,27,1.00512651075,0,1,84.4619935567,0,7569.20
R6_4,28,1.13670120629,0,1,95.5183739908,0,7644.20
R6_4,29,1.02914636796,0,1,86.4804111427,0,7238.40
R6_4,30,1.13732479006,0,1,95.5707744876,0,7753.90
R6_4,31,1.33867779134,0,1,112.490710152,0,7672.90
R6_4,32,1.13804840084,0,1,95.6315803747,0,7490.20
R6_4,33,1.13732479006,0,1,95.5707744876,0,7211.40
R6_4,34,1.08669626847,0,1,91.3163987264,0,7540.30
R6_4,35,1.13732479006,0,1,95.5707744876,0,7445.20
R6_4,36,1.31135388034,0,1,110.19464894,0,7476.60
R6_4,37,1.08669626847,0,1,91.3163987264,0,7377.20
R6_4,38,1.13670120629,0,1,95.5183739908,0,7499.60
R6_4,39,0.960443041462,0,1,80.7071877143,0,7773.40
R6_4,40,0.960443041462,0,1,80.7071877143,0,7114.80
R6_4,41,1.04066560463,0,1,87.4483865001,0,7798.10
R6_4,42,1.08669626847,0,1,91.3163987264,0,7385.10
R6_4,43,1,1,0,0,0,7053.00
R6_4,44,1.13357806908,0,1,95.2559330026,0,7125.70
R6_4,45,1.02914636796,0,1,86.4804111427,0,13837.60
R6_4,46,1.20769327,0,1,101.483922769,0,7215.10
R6_4,47,1.31135388034,0,1,110.19464894,0,7130.50
R6_4,48,1.11093122507,0,1,93.3528913729,0,7209.90
R6_4,49,1.08049850033,0,1,90.795592791,0,7112.40
R6_4,50,1.11093122507,0,1,93.3528913729,0,7381.50
R6_4,51,1.44228428859,0,1,121.196889135,0,7129.20
R6_4,52,1.11093122507,0,1,93.3528913729,0,7286.80
R6_4,53,1.20769327,0,1,101.483922769,0,7178.60
R6_4,54,0.960443041462,0,1,80.7071877143,0,7178.10
R6_4,55,1.07611857446,0,1,90.4275423348,0,7177.80
R6_4,56,0.960443041462,0,1,80.7071877143,0,7136.30
R6_4,57,0.909090909091,0,1,76.392006066,1,7203.70
R6_4,58,1.13670120629,0,1,95.5183739908,0,7287.40
R6_4,59,1.13804840084,0,1,95.6315803747,0,7460.60
R6_4,60,0.909090909091,0,1,76.392006066,1,7082.10
R6_4,61,1.10951670761,0,1,93.2340277636,0,7356.00
R6_4,62,1,1,0,0,0,7292.30
R6_4,63,1.00512651075,0,1,84.4619935567,0,7253.00
R6_4,64,1.04066560463,0,1,87.4483865001,0,7248.80
R6_5,1,1.00920302537,0,1,154.92765834,0,7224.80
R6_5,2,1.00142989291,0,1,153.73436702,0,7197.70
R6_5,3,0.943336969707,0,1,144.816240209,0,7444.40
R6_5,4,1.17951573259,0,1,181.073189271,0,7276.70
R6_5,5,0.906776614723,0,1,139.203682534,0,7344.90
R6_5,6,1.20155218292,0,1,184.456111797,0,7524.10
R6_5,7,0.943336969707,0,1,144.816240209,0,7577.90
R6_5,8,0.887681852687,0,1,136.272352867,0,7189.70
R6_5,9,0.894671839031,0,1,137.345419622,0,7206.00
R6_5,10,0.887681852687,0,1,136.272352867,0,7353.30
R6_5,11,1.03386665792,0,1,158.713892369,0,7297.70
R6_5,12,1.00920302537,0,1,154.92765834,0,7188.00
R6_5,13,0.865456870431,0,1,132.860487889,0,7304.70
R6_5,14,0.846757425492,0,1,129.989845269,0,7196.30
R6_5,15,0.942003780805,0,1,144.611575905,0,7221.80
R6_5,16,0.928199590745,0,1,142.492427639,0,7444.50
R6_5,17,0.943336969707,0,1,144.816240209,0,7734.00
R6_5,18,0.982321211255,0,1,150.800900484,0,7369.50
R6_5,19,0.928199590745,0,1,142.492427639,0,7485.10
R6_5,20,0.853310342152,0,1,130.995815335,0,7159.10
R6_5,21,0.942003780805,0,1,144.611575905,0,7313.90
R6_5,22,0.965002806089,0,1,148.142267988,0,7152.60
R6_5,23,0.865456870431,0,1,132.860487889,0,7070.70
R6_5,24,0.949022200719,0,1,145.689007636,0,7208.70
R6_5,25,1.0101059746,0,1,155.066274463,0,7256.40
R6_5,26,0.906776614723,0,1,139.203682534,0,7517.00
R6_5,27,0.867044482749,0,1,133.104209967,0,7255.40
R6_5,28,1.16062775573,0,1,178.173604199,0,7340.50
R6_5,29,1.20155218292,0,1,184.456111797,0,7253.10
R6_5,30,0.853310342152,0,1,130.995815335,0,7327.30
R6_5,31,0.943336969707,0,1,144.816240209,0,7178.10
R6_5,32,1.13760459154,0,1,174.639206436,0,7269.10
R6_5,33,1.00920302537,0,1,154.92765834,0,7599.20
R6_5,34,0.909090909091,0,1,139.558961104,0,7329.30
R6_5,35,0.823734261304,0,1,126.455447506,1,7424.30
R6_5,36,0.931440247273,0,1,142.989916564,0,7528.10
R6_5,37,0.846757425492,0,1,129.989845269,0,7287.80
R6_5,38,1.30994375968,0,1,201.095829226,0,7755.00
R6_5,39,1.0101059746,0,1,155.066274463,0,7385.10
R6_5,40,1.05297533958,0,1,161.647358905,0,7378.50
R6_5,41,1.07996979693,0,1,165.791409172,0,7319.60
R6_5,42,0.996073429443,0,1,152.912070296,0,7455.70
R6_5,43,0.931440247273,0,1,142.989916564,0,7249.50
R6_5,44,0.966360133895,0,1,148.350637972,0,7297.60
R6_5,45,0.949022200719,0,1,145.689007636,0,7400.20
R6_5,46,1.02225250288,0,1,156.930947017,0,7469.20
R6_5,47,0.906776614723,0,1,139.203682534,0,7403.90
R6_5,48,0.965002806089,0,1,148.142267988,0,7135.70
R6_5,49,0.894671839031,0,1,137.345419622,0,7329.20
R6_5,50,0.966360133895,0,1,148.350637972,0,7200.60
R6_5,51,0.846757425492,0,1,129.989845269,0,7327.30
R6_5,52,0.906776614723,0,1,139.203682534,0,7173.50
R6_5,53,0.943336969707,0,1,144.816240209,0,7297.30
R6_5,54,0.887681852687,0,1,136.272352867,0,7344.20
R6_5,55,0.950548928927,0,1,145.923383099,0,7264.70
R6_5,56,0.936875672441,0,1,143.824335082,0,7210.00
R6_5,57,0.846757425492,0,1,129.989845269,0,7246.50
R6_5,58,0.949022200719,0,1,145.689007636,0,7233.40
R6_5,59,0.90681836731,0,1,139.210092177,0,7244.70
R6_5,60,0.950548928927,0,1,145.923383099,0,7721.70
R6_5,61,0.965002806089,0,1,148.142267988,0,7277.40
R6_5,62,0.906776614723,0,1,139.203682534,0,7447.30
R6_5,63,0.906776614723,0,1,139.203682534,0,7271.30
R6_5,64,1.05297533958,0,1,161.647358905,0,10335.50
R6_6,1,0.917200292452,0,1,147.015330262,0,7332.60
R6_6,2,1.05428041478,0,1,168.987498851,0,7544.50
R6_6,3,0.905895370304,0,1,145.203297626,0,7336.40
R6_6,4,1.02018852001,0,1,163.523009568,0,7709.50
R6_6,5,1.20518600074,0,1,193.175710238,0,7473.50
R6_6,6,0.909090909091,0,1,145.715501115,0,7640.30
R6_6,7,0.988620336437,0,1,158.46303851,0,7546.90
R6_6,8,1.00504491242,0,1,161.095685362,0,7298.10
R6_6,9,0.905895370304,0,1,145.203297626,0,7487.50
R6_6,10,0.923223761285,0,1,147.980814319,0,7362.50
R6_6,11,1.04441391027,0,1,167.406025938,0,7448.80
R6_6,12,1.06764510283,0,1,171.12968529,0,7397.30
R6_6,13,0.918027382011,0,1,147.147902008,0,7276.30
R6_6,14,0.917200292452,0,1,147.015330262,0,7515.70
R6_6,15,0.95640071467,0,1,153.298650346,0,7491.30
R6_6,16,1.0838129547,0,1,173.72118259,0,7382.60
R6_6,17,1.00919395779,0,1,161.760723609,0,7203.20
R6_6,18,1.00504491242,0,1,161.095685362,0,7933.20
R6_6,19,1.00919395779,0,1,161.760723609,0,7389.90
R6_6,20,1.03282133363,0,1,165.547886012,0,7627.40
R6_6,21,1.06764510283,0,1,171.12968529,0,7478.70
R6_6,22,0.924234516682,0,1,148.142825321,0,7502.10
R6_6,23,0.924234516682,0,1,148.142825321,0,7285.70
R6_6,24,1.03282133363,0,1,165.547886012,0,7365.30
R6_6,25,1.02078653442,0,1,163.618863535,0,7233.10
R6_6,26,1,1,0,0,0,7366.20
R6_6,27,1.02018852001,0,1,163.523009568,0,7369.90
R6_6,28,1.02018852001,0,1,163.523009568,0,7323.10
R6_6,29,0.969025901316,0,1,155.322304284,0,7578.60
R6_6,30,0.997054319102,0,1,159.814896722,0,7684.40
R6_6,31,0.905895370304,0,1,145.203297626,0,7481.90
R6_6,32,1.19709896939,0,1,191.87946383,0,7266.40
R6_6,33,1.04441391027,0,1,167.406025938,0,7445.10
R6_6,34,1.03282133363,0,1,165.547886012,0,7344.20
R6_6,35,1.07972946161,0,1,173.066651523,0,7311.30
R6_6,36,0.821246289124,0,1,131.635146015,1,7485.50
R6_6,37,1.20518600074,0,1,193.175710238,0,7225.60
R6_6,38,0.977027759799,0,1,156.604898585,0,7298.80
R6_6,39,1.0838129547,0,1,173.72118259,0,7063.20
R6_6,40,0.997054319102,0,1,159.814896722,0,7423.80
R6_6,41,1.03282133363,0,1,165.547886012,0,7143.70
R6_6,42,0.924234516682,0,1,148.142825321,0,7199.40
R6_6,43,0.917200292452,0,1,147.015330262,0,7172.10
R6_6,44,1.052354718,0,1,168.678834592,0,7229.80
R6_6,45,1.20137776823,0,1,192.565299879,0,7444.80
R6_6,46,0.977027759799,0,1,156.604898585,0,7019.10
R6_6,47,1.13304845706,0,1,181.612996079,0,7273.50
R6_6,48,0.923223761285,0,1,147.980814319,0,7115.40
R6_6,49,1.16751515615,0,1,187.137561642,0,7311.00
R6_6,50,1.0838129547,0,1,173.72118259,0,7291.40
R6_6,51,1.00919395779,0,1,161.760723609,0,7306.50
R6_6,52,1,1,0,0,0,7272.90
R6_6,53,1.00504491242,0,1,161.095685362,0,7250.40
R6_6,54,0.909090909091,0,1,145.715501115,0,7272.20
R6_6,55,0.923223761285,0,1,147.980814319,0,7322.50
R6_6,56,1.14641314511,0,1,183.755182517,0,7255.20
R6_6,57,1,1,0,0,0,7188.10
R6_6,58,0.918027382011,0,1,147.147902008,0,7126.90
R6_6,59,0.997054319102,0,1,159.814896722,0,7222.40
R6_6,60,1.052354718,0,1,168.678834592,0,7322.50
R6_6,61,0.918027382011,0,1,147.147902008,0,7534.30
R6_6,62,0.918027382011,0,1,147.147902008,0,7405.40
R6_6,63,0.977027759799,0,1,156.604898585,0,7334.90
R6_6,64,1.21851367546,0,1,195.311963919,0,7325.50
R6_7,1,1.21620186955,0,1,113.129967462,0,7403.50
R6_7,2,1.08315027571,0,1,100.753631873,0,7178.00
R6_7,3,1.0861850969,0,1,101.035928119,0,7269.90
R6_7,4,0.971628587619,0,1,90.3799881045,0,7185.50
R6_7,5,1.34281234105,0,1,124.907155838,0,7397.30
R6_7,6,0.909090909091,0,1,84.5627913758,1,7338.40
R6_7,7,1.02996546354,0,1,95.8064300792,0,7396.10
R6_7,8,1.0861850969,0,1,101.035928119,0,7207.50
R6_7,9,1.32345372189,0,1,123.106435078,0,7393.30
R6_7,10,1.08315027571,0,1,100.753631873,0,7281.90
R6_7,11,1.21620186955,0,1,113.129967462,0,7268.80
R6_7,12,1.10058594356,0,1,102.37548149,0,7325.10
R6_7,13,0.909090909091,0,1,84.5627913758,1,7316.70
R6_7,14,1.05654851263,0,1,98.2791605973,0,7393.00
R6_7,15,1.2669436042,0,1,117.849916455,0,7290.90
R6_7,16,1.34584716224,0,1,125.189452084,0,7181.00
R6_7,17,0.94301326465,0,1,87.7182173595,0,7382.40
R6_7,18,1.02996546354,0,1,95.8064300792,0,7334.10
R6_7,19,1.07894195298,0,1,100.362177604,0,7448.40
R6_7,20,0.909090909091,0,1,84.5627913758,1,7324.30
R6_7,21,1.00474813128,0,1,93.4607372721,0,7253.50
R6_7,22,1.04448754895,0,1,97.1572609659,0,8358.30
R6_7,23,0.940526870346,0,1,87.4869352725,0,13984.40
R6_7,24,1.41768394283,0,1,131.871642644,0,15581.90
R6_7,25,1.02996546354,0,1,95.8064300792,0,10084.00
R6_7,26,0.909090909091,0,1,84.5627913758,1,8826.50
R6_7,27,1.00474813128,0,1,93.4607372721,0,8849.60
R6_7,28,1.26517835898,0,1,117.685714986,0,8832.90
R6_7,29,0.94301326465,0,1,87.7182173595,0,8865.70
R6_7,30,1.48479066121,0,1,138.113847213,0,8853.90
R6_7,31,0.940526870346,0,1,87.4869352725,0,9009.90
R6_7,32,1.00555094318,0,1,93.5354140882,0,8816.70
R6_7,33,0.989503359785,0,1,92.042682797,0,8862.30
R6_7,34,1.28946731718,0,1,119.945051302,0,8854.60
R6_7,35,1,1,0,0,0,8845.70
R6_7,36,1.07894195298,0,1,100.362177604,0,8846.30
R6_7,37,1.10870880989,0,1,103.131062966,0,8859.70
R6_7,38,0.94301326465,0,1,87.7182173595,0,8913.30
R6_7,39,1.26517835898,0,1,117.685714986,0,8898.10
R6_7,40,1.07894195298,0,1,100.362177604,0,8897.10
R6_7,41,1.10870880989,0,1,103.131062966,0,8900.00
R6_7,42,1.00555094318,0,1,93.5354140882,0,8867.60
R6_7,43,0.971628587619,0,1,90.3799881045,0,8352.80
R6_7,44,1.07590713179,0,1,100.079881358,0,7313.80
R6_7,45,1.00474813128,0,1,93.4607372721,0,7395.20
R6_7,46,0.940526870346,0,1,87.4869352725,0,7198.20
R6_7,47,1.26390878301,0,1,117.56762021,0,8475.20
R6_7,48,1.04448754895,0,1,97.1572609659,0,14427.20
R6_7,49,1.05654851263,0,1,98.2791605973,0,8820.70
R6_7,50,1.00555094318,0,1,93.5354140882,0,8883.80
R6_7,51,1.00555094318,0,1,93.5354140882,0,7195.70
R6_7,52,1.10058594356,0,1,102.37548149,0,7250.30
R6_7,53,0.94301326465,0,1,87.7182173595,0,7359.40
R6_7,54,1.10870880989,0,1,103.131062966,0,9231.70
R6_7,55,1.08315027571,0,1,100.753631873,0,13033.50
R6_7,56,1.09047086819,0,1,101.434586581,0,8845.90
R6_7,57,1,1,0,0,0,8804.30
R6_7,58,1.02996546354,0,1,95.8064300792,0,8835.40
R6_7,59,0.94301326465,0,1,87.7182173595,0,8915.80
R6_7,60,1.00474813128,0,1,93.4607372721,0,8820.30
R6_7,61,0.909090909091,0,1,84.5627913758,1,8865.90
R6_7,62,1.09047086819,0,1,101.434586581,0,8906.90
R6_7,63,1.02996546354,0,1,95.8064300792,0,8820.70
R6_7,64,1,1,0,0,0,8871.10
R6_8,1,0.951446173838,0,1,91.905237693,0,7198.40
R6_8,2,1.29698338798,0,1,125.282511858,0,7095.70
R6_8,3,1.08435645468,0,1,104.743747415,0,7164.00
R6_8,4,0.951446173838,0,1,91.905237693,0,7049.40
R6_8,5,1.19835874559,0,1,115.755833996,0,7145.20
R6_8,6,1,1,0,0,0,7045.40
R6_8,7,1.53212254359,0,1,147.995851385,0,7069.10
R6_8,8,1.31480627256,0,1,127.004118912,0,7222.10
R6_8,9,0.959483428303,0,1,92.6815987761,0,7048.80
R6_8,10,1,1,0,0,0,7107.10
R6_8,11,1.53254910677,0,1,148.037055387,0,7116.20
R6_8,12,1.46421167911,0,1,141.435980407,0,7229.70
R6_8,13,1.08435645468,0,1,104.743747415,0,7181.20
R6_8,14,1,1,0,0,0,7459.80
R6_8,15,1.08435645468,0,1,104.743747415,0,8349.10
R6_8,16,1,1,0,0,0,7424.40
R6_8,17,1.19835874559,0,1,115.755833996,0,7251.40
R6_8,18,0.909090909091,0,1,87.8139177832,1,7386.00
R6_8,19,0.951446173838,0,1,91.905237693,0,7177.40
R6_8,20,1.58030488352,0,1,152.650039425,0,7218.70
R6_8,21,1.2374673315,0,1,119.533539958,0,7067.80
R6_8,22,1,1,0,0,0,7150.20
R6_8,23,1.25456520358,0,1,121.185114205,0,7222.90
R6_8,24,0.959483428303,0,1,92.6815987761,0,7194.30
R6_8,25,1.1558134962,0,1,111.646162461,0,7298.60
R6_8,26,0.909090909091,0,1,87.8139177832,1,7308.50
R6_8,27,0.951446173838,0,1,91.905237693,0,7123.80
R6_8,28,0.909090909091,0,1,87.8139177832,1,7184.70
R6_8,29,1.31480627256,0,1,127.004118912,0,7289.40
R6_8,30,0.951446173838,0,1,91.905237693,0,15326.00
R6_8,31,0.951446173838,0,1,91.905237693,0,15230.70
R6_8,32,1.46421167911,0,1,141.435980407,0,7194.40
R6_8,33,1,1,0,0,0,7336.90
R6_8,34,1.55151696808,0,1,149.869261821,0,7198.00
R6_8,35,0.909090909091,0,1,87.8139177832,1,8115.40
R6_8,36,1.28894613352,0,1,124.506150775,0,8763.40
R6_8,37,1.1558134962,0,1,111.646162461,0,8856.00
R6_8,38,1,1,0,0,0,8736.70
R6_8,39,0.959483428303,0,1,92.6815987761,0,8796.30
R6_8,40,0.917128163556,0,1,88.5902788663,0,8818.10
R6_8,41,0.959483428303,0,1,92.6815987761,0,8762.00
R6_8,42,0.951446173838,0,1,91.905237693,0,8903.80
R6_8,43,1.7317863284,0,1,167.282436486,0,8748.00
R6_8,44,0.951446173838,0,1,91.905237693,0,8748.60
R6_8,45,0.959483428303,0,1,92.6815987761,0,8713.60
R6_8,46,0.951446173838,0,1,91.905237693,0,8876.00
R6_8,47,1.55673456193,0,1,150.373256915,0,8790.90
R6_8,48,1.19835874559,0,1,115.755833996,0,7919.90
R6_8,49,0.959483428303,0,1,92.6815987761,0,7200.80
R6_8,50,0.917128163556,0,1,88.5902788663,0,7450.70
R6_8,51,0.951446173838,0,1,91.905237693,0,6850.20
R6_8,52,1,1,0,0,0,7454.40
R6_8,53,1,1,0,0,0,7284.80
R6_8,54,0.959483428303,0,1,92.6815987761,0,6977.30
R6_8,55,0.917128163556,0,1,88.5902788663,0,7301.70
R6_8,56,1.09640340215,0,1,105.907426035,0,7178.20
R6_8,57,1,1,0,0,0,7100.70
R6_8,58,1.25456520358,0,1,121.185114205,0,7079.00
R6_8,59,0.959483428303,0,1,92.6815987761,0,7116.20
R6_8,60,0.959483428303,0,1,92.6815987761,0,7296.00
R6_8,61,0.951446173838,0,1,91.905237693,0,7324.30
R6_8,62,1,1,0,0,0,7414.50
R6_8,63,1.3067690181,0,1,126.227757829,0,7361.80
R6_8,64,1.1558134962,0,1,111.646162461,0,7394.40
R6_9,1,1.22242298963,0,1,169.705183037,0,7239.60
R6_9,2,1.25732315666,1,0,35.7233738003,0,7257.20
R6_9,3,1.23217040608,0,1,171.058386558,0,7270.00
R6_9,4,1.25732315666,1,0,35.7233738003,0,7469.30
R6_9,5,0.921732730553,0,1,127.961289241,0,7242.70
R6_9,6,1.21280135581,0,1,168.369441529,0,7465.30
R6_9,7,0.946554635895,0,1,131.407237186,0,7133.70
R6_9,8,1.1048238337,0,1,153.379257845,0,7250.30
R6_9,9,0.946554635895,0,1,131.407237186,0,7281.30
R6_9,10,0.909090909091,0,1,126.206264471,1,7230.40
R6_9,11,1.12629145567,0,1,156.359541059,0,7127.70
R6_9,12,1,1,0,0,0,7163.50
R6_9,13,0.909090909091,0,1,126.206264471,1,7241.70
R6_9,14,1.00237461173,0,1,139.156550882,0,7152.60
R6_9,15,1.21952858462,0,1,169.303361789,0,12424.20
R6_9,16,0.921732730553,0,1,127.961289241,0,13886.00
R6_9,17,1,1,0,0,0,8770.70
R6_9,18,1.21901649278,0,1,169.232269671,0,7575.50
R6_9,19,0.946554635895,0,1,131.407237186,0,7491.10
R6_9,20,1.23217040608,0,1,171.058386558,0,12742.80
R6_9,21,1.21952858462,0,1,169.303361789,0,15489.40
R6_9,22,1.01501643319,0,1,140.911575651,0,11240.90
R6_9,23,1.01501643319,0,1,140.911575651,0,8820.90
R6_9,24,0.909090909091,0,1,126.206264471,1,8778.40
R6_9,25,0.909090909091,0,1,126.206264471,1,8906.70
R6_9,26,1.29913177459,0,1,180.35442516,0,8779.20
R6_9,27,1.21280135581,0,1,168.369441529,0,8811.10
R6_9,28,0.969696042091,0,1,134.61988666,0,8825.20
R6_9,29,1.2732241284,0,1,176.757747188,0,8848.80
R6_9,30,0.921732730553,0,1,127.961289241,0,8833.70
R6_9,31,0.946554635895,0,1,131.407237186,0,8753.40
R6_9,32,0.921732730553,0,1,127.961289241,0,8837.40
R6_9,33,1.31506821737,0,1,182.566831964,0,8770.50
R6_9,34,1.03983833853,0,1,144.357523596,0,8847.50
R6_9,35,1.28648995313,0,1,178.599400391,0,8789.50
R6_9,36,0.969696042091,0,1,134.61988666,0,8808.70
R6_9,37,1.01154013106,0,1,140.428971435,0,8849.00
R6_9,38,1.21280135581,0,1,168.369441529,0,8798.10
R6_9,39,0.969696042091,0,1,134.61988666,0,8809.50
R6_9,40,0.946554635895,0,1,131.407237186,0,8775.90
R6_9,41,1.23217040608,0,1,171.058386558,0,8817.90
R6_9,42,0.946554635895,0,1,131.407237186,0,8794.80
R6_9,43,1.21280135581,0,1,168.369441529,0,8780.20
R6_9,44,1.03983833853,0,1,144.357523596,0,8790.40
R6_9,45,1,1,0,0,0,8725.80
R6_9,46,1.22242298963,0,1,169.705183037,0,8804.80
R6_9,47,1.01154013106,0,1,140.428971435,0,8745.30
R6_9,48,0.921732730553,0,1,127.961289241,0,8793.10
R6_9,49,0.909090909091,0,1,126.206264471,1,8896.90
R6_9,50,0.946554635895,0,1,131.407237186,0,12072.60
R6_9,51,1.03983833853,0,1,144.357523596,0,14854.70
R6_9,52,1.31179072743,0,1,182.111828225,0,8824.20
R6_9,53,1.32443254889,0,1,183.866852994,0,8829.50
R6_9,54,1.1048238337,0,1,153.379257845,0,8769.70
R6_9,55,1.25732315666,1,0,35.7233738003,0,8786.00
R6_9,56,1.06297974473,0,1,147.57017307,0,8769.90
R6_9,57,1.1048238337,0,1,153.379257845,0,8852.00
R6_9,58,1.01501643319,0,1,140.911575651,0,8834.90
R6_9,59,0.969696042091,0,1,134.61988666,0,8831.50
R6_9,60,1.31506821737,0,1,182.566831964,0,8842.40
R6_9,61,0.969696042091,0,1,134.61988666,0,8790.90
R6_9,62,0.909090909091,0,1,126.206264471,1,8877.40
R6_9,63,1.01501643319,0,1,140.911575651,0,8806.80
R6_9,64,1,1,0,0,0,8751.00
R7_0,1,1.02373549919,0,1,112.444279517,0,13482.00
R7_0,2,1.1875336141,0,1,130.435412023,0,13581.80
R7_0,3,1.07324280917,0,1,117.882025698,0,13546.60
R7_0,4,1.00607922801,0,1,110.504963459,0,13512.00
R7_0,5,0.959762107721,0,1,105.417618902,0,18643.20
R7_0,6,1.15849078509,0,1,127.245427905,0,21891.40
R7_0,7,1.25346119893,0,1,137.676715839,0,16601.90
R7_0,8,1.27575066919,0,1,140.124929685,0,16597.20
R7_0,9,1.3352196815,0,1,146.656841734,0,16458.60
R7_0,10,1.11921706702,0,1,122.931711193,0,16456.40
R7_0,11,0.982565933117,0,1,107.922328096,0,16502.70
R7_0,12,1.06095697956,0,1,116.532584109,0,16430.30
R7_0,13,1.15802308734,0,1,127.194057276,0,16466.60
R7_0,14,0.979592699325,0,1,107.595756309,0,14006.20
R7_0,15,1.00607922801,0,1,110.504963459,0,13400.40
R7_0,16,1.13437350545,0,1,124.596452525,0,13586.00
R7_0,17,1.01105821041,0,1,111.051841134,0,14199.90
R7_0,18,1.15525904867,0,1,126.890462903,0,15122.80
R7_0,19,1.3352196815,0,1,146.656841734,0,14127.50
R7_0,20,1.01771243745,0,1,111.782723051,0,13783.50
R7_0,21,0.909090909091,0,1,99.8520344062,0,13893.90
R7_0,22,1.2275332588,0,1,134.828862512,0,13725.80
R7_0,23,0.920892690335,0,1,101.14830946,0,13429.30
R7_0,24,0.920892690335,0,1,101.14830946,0,13478.50
R7_0,25,0.920892690335,0,1,101.14830946,0,13651.50
R7_0,26,1.2808811082,0,1,140.688442935,0,13541.00
R7_0,27,1.24866142594,0,1,137.149522031,0,25080.10
R7_0,28,1.26050222289,0,1,138.450082462,0,16463.00
R7_0,29,1.06903659742,0,1,117.420027018,0,16432.20
R7_0,30,1.00987918025,0,1,110.922339718,0,16574.30
R7_0,31,1.00607922801,0,1,110.504963459,0,20845.20
R7_0,32,1.10157886771,0,1,120.994380099,0,16498.60
R7_0,33,1.09852131299,0,1,120.658546735,0,16469.20
R7_0,34,1.12099714792,0,1,123.127230361,0,16401.80
R7_0,35,1.12391932617,0,1,123.448194349,0,16423.20
R7_0,36,1,1,0,0,0,16421.00
R7_0,37,1.10465103622,0,1,121.331818603,0,14760.50
R7_0,38,1.21629106783,0,1,133.594051308,0,13373.60
R7_0,39,0.982565933117,0,1,107.922328096,0,13608.40
R7_0,40,0.962463585824,0,1,105.714341795,0,13380.70
R7_0,41,1.14899432283,0,1,126.202362721,0,13919.00
R7_0,42,1.12996397869,0,1,124.112122286,0,13623.50
R7_0,43,1.06380778516,0,1,116.845708721,0,13606.60
R7_0,44,0.937185081998,0,1,102.937820758,0,13861.30
R7_0,45,1.25346119893,0,1,137.676715839,0,13910.20
R7_0,46,1.01105821041,0,1,111.051841134,0,13854.80
R7_0,47,1.12099714792,0,1,123.127230361,0,13372.80
R7_0,48,1.12290266007,0,1,123.336526553,0,13568.70
R7_0,49,1.08991432589,0,1,119.713179045,0,14146.00
R7_0,50,1.26055817197,0,1,138.456227754,0,13847.40
R7_0,51,1.14764876139,0,1,126.05456997,0,16493.10
R7_0,52,0.962463585824,0,1,105.714341795,0,17844.50
R7_0,53,1.18052095391,0,1,129.665160798,0,16586.10
R7_0,54,1.18052095391,0,1,129.665160798,0,16483.40
R7_0,55,1.18052095391,0,1,129.665160798,0,16568.80
R7_0,56,1.15176631098,0,1,126.506830243,0,16469.90
R7_0,57,1.02373549919,0,1,112.444279517,0,16537.40
R7_0,58,1.1592021175,0,1,127.323558692,0,16507.70
R7_0,59,1.09852131299,0,1,120.658546735,0,14379.80
R7_0,60,1.31085732694,0,1,143.980948002,0,13297.20
R7_0,61,1.15802308734,0,1,127.194057276,0,13863.00
R7_0,62,0.937185081998,0,1,102.937820758,0,13975.50
R7_0,63,1,1,0,0,0,13724.00
R7_0,64,0.964359433835,0,1,105.922576504,0,15133.60
R7_1,1,1.05285921291,0,1,100.693086368,0,16141.20
R7_1,2,1.08493307184,0,1,103.760558076,0,16168.70
R7_1,3,1.05209470664,0,1,100.619970709,0,16121.30
R7_1,4,0.99977519115,0,1,95.6162499572,0,16204.40
R7_1,5,1.11739777013,0,1,106.86540878,0,16148.20
R7_1,6,0.940838399598,0,1,89.979667811,0,16244.00
R7_1,7,1.07124529279,0,1,102.451489683,0,16198.30
R7_1,8,1.15458283624,0,1,110.421704843,0,16140.90
R7_1,9,1.06376596723,0,1,101.736183813,0,16169.90
R7_1,10,0.934434177659,0,1,89.3671824332,0,16172.70
R7_1,11,1.08493307184,0,1,103.760558076,0,14630.50
R7_1,12,1.05835734538,0,1,101.218915388,0,13170.60
R7_1,13,0.953387413964,0,1,91.1798273118,0,13219.70
R7_1,14,1.39956532452,0,1,133.851278853,0,13503.70
R7_1,15,1.17601787436,0,1,112.471703664,0,13191.10
R7_1,16,1.08395270985,0,1,103.666798461,0,13019.20
R7_1,17,1.01497523151,0,1,97.06994762,0,13430.20
R7_1,18,1.10970582711,0,1,106.129768656,0,13398.80
R7_1,19,0.955871133187,0,1,91.4173646304,0,13269.80
R7_1,20,1.2202412355,0,1,116.701126428,0,13340.00
R7_1,21,1.24140618221,0,1,118.725294314,0,13559.40
R7_1,22,0.921687813451,0,1,88.1481488374,0,13534.30
R7_1,23,0.909090909091,0,1,86.9434092454,1,13288.00
R7_1,24,0.940641049756,0,1,89.9607937161,0,13034.20
R7_1,25,1.05835734538,0,1,101.218915388,0,13483.30
R7_1,26,0.909090909091,0,1,86.9434092454,1,13437.80
R7_1,27,1.05772059924,0,1,101.158018419,0,13111.40
R7_1,28,1.53364537661,0,1,146.674393377,0,13261.40
R7_1,29,1.11739777013,0,1,106.86540878,0,13672.00
R7_1,30,1.31027597548,0,1,125.311846397,0,13602.30
R7_1,31,1.21995423768,0,1,116.673678602,0,13576.60
R7_1,32,0.993712950264,0,1,95.036470878,0,13799.40
R7_1,33,1.02707603233,0,1,98.2272409853,0,13544.20
R7_1,34,1.03467364435,0,1,98.9538595057,0,13677.50
R7_1,35,0.921687813451,0,1,88.1481488374,0,13612.10
R7_1,36,1.23535290729,0,1,118.146372719,0,13876.30
R7_1,37,1.0648021237,0,1,101.835279487,0,13799.00
R7_1,38,1.06376596723,0,1,101.736183813,0,15449.50
R7_1,39,0.955871133187,0,1,91.4173646304,0,13658.20
R7_1,40,1.1047978002,0,1,105.660376003,0,13541.10
R7_1,41,1.10970582711,0,1,106.129768656,0,13450.90
R7_1,42,1.05209470664,0,1,100.619970709,0,19532.50
R7_1,43,1.07283227102,0,1,102.60326471,0,16227.70
R7_1,44,1.14159381151,0,1,109.17946374,0,16182.20
R7_1,45,1.17601787436,0,1,112.471703664,0,14273.80
R7_1,46,1.09689955894,0,1,104.90500598,0,12900.90
R7_1,47,1.05076903556,0,1,100.493186509,0,13185.10
R7_1,48,1.03370862676,0,1,98.8615673943,0,13356.10
R7_1,49,1.09966371082,0,1,105.169363247,0,13300.30
R7_1,50,1.08493307184,0,1,103.760558076,0,13143.50
R7_1,51,1.21995423768,0,1,116.673678602,0,13049.90
R7_1,52,1.04471576064,0,1,99.9142649146,0,13390.00
R7_1,53,1.20785343686,0,1,115.516385236,0,13418.00
R7_1,54,1.03370862676,0,1,98.8615673943,0,13489.80
R7_1,55,1.13155169522,0,1,108.219058331,0,13369.50
R7_1,56,0.940641049756,0,1,89.9607937161,0,13360.20
R7_1,57,1.19761792004,0,1,114.537483436,0,13291.90
R7_1,58,1.06376596723,0,1,101.736183813,0,13552.10
R7_1,59,1.08395270985,0,1,103.666798461,0,13447.30
R7_1,60,0.967971934004,0,1,92.5746579957,0,13236.30
R7_1,61,1.18238783661,0,1,113.080912521,0,13698.20
R7_1,62,0.99977519115,0,1,95.6162499572,0,13756.40
R7_1,63,0.921837273299,0,1,88.1624428411,0,13125.60
R7_1,64,1.05209470664,0,1,100.619970709,0,16157.90
R7_2,1,1.06571639359,0,1,147.360488378,0,16158.00
R7_2,2,1.01421135187,0,1,140.238698614,0,16145.90
R7_2,3,1.02592328027,0,1,141.858149623,0,15361.00
R7_2,4,1.34472651112,0,1,185.940233822,0,13761.70
R7_2,5,1.59990729117,0,1,221.225009958,0,23234.20
R7_2,6,1.01421135187,0,1,140.238698614,0,22144.50
R7_2,7,1.02507449647,0,1,141.740785195,0,16163.70
R7_2,8,1.00048754985,0,1,138.34105851,0,16236.10
R7_2,9,1.09197258114,0,1,150.991027087,0,16130.10
R7_2,10,0.980192365885,0,1,135.534769484,0,16183.20
R7_2,11,0.940399252556,0,1,130.032430729,0,16231.60
R7_2,12,1.46234105238,0,1,202.203224938,0,16167.50
R7_2,13,1.20794899923,0,1,167.027508943,0,16480.00
R7_2,14,1.25482460069,0,1,173.509169135,0,14022.20
R7_2,15,1.39034484019,0,1,192.24804638,0,14387.90
R7_2,16,1.09829691776,0,1,151.865516152,0,28282.80
R7_2,17,1.09829691776,0,1,151.865516152,0,13713.00
R7_2,18,1,1,0,0,0,13412.10
R7_2,19,1.35008396872,0,1,186.681029003,0,13206.90
R7_2,20,0.944763666069,0,1,130.635914086,0,13144.80
R7_2,21,1.01421135187,0,1,140.238698614,0,13530.30
R7_2,22,1.09829691776,0,1,151.865516152,0,13115.40
R7_2,23,1.23904226255,0,1,171.326887742,0,13972.10
R7_2,24,1.08145443053,0,1,149.536644082,0,13759.50
R7_2,25,1.24986708342,0,1,172.82367516,0,13680.70
R7_2,26,1.27087063954,0,1,175.727913386,0,13190.60
R7_2,27,0.991055510487,0,1,137.036856065,0,13085.00
R7_2,28,0.991055510487,0,1,137.036856065,0,13073.20
R7_2,29,1.32777710448,0,1,183.596577616,0,13325.70
R7_2,30,1.04265903792,0,1,144.172263805,0,15421.30
R7_2,31,1.2174038249,0,1,168.334862135,0,16093.40
R7_2,32,0.978782652049,0,1,135.339843216,0,16125.10
R7_2,33,1.08414454877,0,1,149.908616531,0,16107.20
R7_2,34,1.02507449647,0,1,141.740785195,0,16119.50
R7_2,35,0.9829030084,0,1,135.9095799,0,16202.50
R7_2,36,1.01421135187,0,1,140.238698614,0,16151.80
R7_2,37,1.23004566313,0,1,170.082895163,0,16175.30
R7_2,38,1.19602667715,0,1,165.378966033,0,13794.60
R7_2,39,1.19602667715,0,1,165.378966033,0,18203.50
R7_2,40,0.931187572993,0,1,128.758698235,0,25942.70
R7_2,41,1.08145443053,0,1,149.536644082,0,16098.60
R7_2,42,0.944763666069,0,1,130.635914086,0,16179.90
R7_2,43,1.17252584178,0,1,162.129419908,0,16095.20
R7_2,44,1.62036119219,0,1,224.05324537,0,16184.30
R7_2,45,1.2774921222,0,1,176.643489916,0,16108.80
R7_2,46,0.960694436522,0,1,132.838719756,0,16109.00
R7_2,47,1.17947774037,0,1,163.090684253,0,16210.10
R7_2,48,1.02507449647,0,1,141.740785195,0,16102.40
R7_2,49,0.909090909091,0,1,125.703312015,1,13933.60
R7_2,50,0.940399252556,0,1,130.032430729,0,13042.10
R7_2,51,1.24986708342,0,1,172.82367516,0,13457.10
R7_2,52,0.940399252556,0,1,130.032430729,0,13263.80
R7_2,53,0.943109895071,0,1,130.407241145,0,13653.70
R7_2,54,1.25482460069,0,1,173.509169135,0,13490.00
R7_2,55,1.02592328027,0,1,141.858149623,0,13824.70
R7_2,56,1.27087063954,0,1,175.727913386,0,13263.70
R7_2,57,1.55449295296,0,1,214.945403959,0,13266.60
R7_2,58,1.33925591145,0,1,185.183794075,0,13448.20
R7_2,59,0.940399252556,0,1,130.032430729,0,13554.90
R7_2,60,0.960694436522,0,1,132.838719756,0,13404.10
R7_2,61,1.46992421229,0,1,203.251776086,0,19669.30
R7_2,62,0.960694436522,0,1,132.838719756,0,17014.50
R7_2,63,0.980192365885,0,1,135.534769484,0,13326.20
R7_2,64,1.43362664741,0,1,198.23277955,0,20039.10
R7_3,1,1.21147338206,0,1,161.71038456,0,16191.80
R7_3,2,1.00636711397,0,1,134.332305951,0,16242.40
R7_3,3,0.960452960627,0,1,128.203574189,0,16223.70
R7_3,4,0.991979888796,0,1,132.411864486,0,16184.10
R7_3,5,1.10123286443,0,1,146.995214781,0,17235.10
R7_3,6,0.950938642721,0,1,126.933580123,0,13097.60
R7_3,7,1.17028488561,0,1,156.212444863,0,13194.90
R7_3,8,1.04223670392,0,1,139.1202652,0,13177.10
R7_3,9,1.30245301214,0,1,173.854564684,0,13571.80
R7_3,10,1.11913862154,0,1,149.385318362,0,13734.00
R7_3,11,1.04223670392,0,1,139.1202652,0,13477.10
R7_3,12,1.13948039876,0,1,152.100587774,0,13387.70
R7_3,13,1.17762410791,0,1,157.192101929,0,13234.40
R7_3,14,1.06915194001,0,1,142.712975731,0,13334.00
R7_3,15,1.31516264191,0,1,175.551076675,0,15101.10
R7_3,16,0.909090909091,0,1,121.347643858,1,16251.70
R7_3,17,1.21919645956,0,1,162.741279544,0,16252.30
R7_3,18,1.23335557902,0,1,164.631272909,0,16308.50
R7_3,19,1.00357421568,0,1,133.95950316,0,16157.20
R7_3,20,1.31269467298,0,1,175.221646238,0,16216.50
R7_3,21,0.960452960627,0,1,128.203574189,0,16224.80
R7_3,22,0.977223657056,0,1,130.442167137,0,16282.30
R7_3,23,1.03662533,0,1,138.371245495,0,16193.70
R7_3,24,0.962038216674,0,1,128.415177984,0,16248.60
R7_3,25,1.07486324931,0,1,143.475335051,0,16266.10
R7_3,26,0.960452960627,0,1,128.203574189,0,16320.30
R7_3,27,0.909090909091,0,1,121.347643858,1,16248.60
R7_3,28,1.0595096102,0,1,141.425894327,0,16335.40
R7_3,29,0.960452960627,0,1,128.203574189,0,16252.80
R7_3,30,0.968611339755,0,1,129.292574283,0,16399.50
R7_3,31,0.975562627124,0,1,130.220448861,0,16267.20
R7_3,32,1.18343421679,0,1,157.967649255,0,16298.00
R7_3,33,1.01766187657,0,1,135.839958062,0,16260.10
R7_3,34,1.34012431569,0,1,178.883021005,0,16286.20
R7_3,35,1.34536831656,0,1,179.583002869,0,16265.60
R7_3,36,1.17324726158,0,1,156.607869941,0,16276.80
R7_3,37,1.06693841395,0,1,142.417508942,0,16237.60
R7_3,38,1.11662166707,0,1,149.049349217,0,16331.90
R7_3,39,0.972769728827,0,1,129.847646071,0,16212.70
R7_3,40,0.992661896954,0,1,132.502900577,0,16239.60
R7_3,41,1.31268450172,0,1,175.220288554,0,14937.90
R7_3,42,1.14405130978,0,1,152.710723985,0,13367.00
R7_3,43,0.977223657056,0,1,130.442167137,0,13202.90
R7_3,44,0.989184337016,0,1,132.038707502,0,13401.10
R7_3,45,1.17324726158,0,1,156.607869941,0,13676.00
R7_3,46,0.968792146324,0,1,129.316708779,0,13632.40
R7_3,47,1.14405130978,0,1,152.710723985,0,13770.80
R7_3,48,0.989184337016,0,1,132.038707502,0,13758.40
R7_3,49,1,1,0,0,0,13727.90
R7_3,50,1.03699079425,0,1,138.420028544,0,16371.10
R7_3,51,1.02871229347,0,1,137.314994323,0,16215.90
R7_3,52,1.03362024538,0,1,137.970119563,0,16222.40
R7_3,53,0.985263278467,0,1,131.515315164,0,16174.70
R7_3,54,1.11662166707,0,1,149.049349217,0,16197.20
R7_3,55,1.03699079425,0,1,138.420028544,0,16187.10
R7_3,56,1.00306389209,0,1,133.891383939,0,16126.80
R7_3,57,1.0690239281,0,1,142.695888393,0,16221.00
R7_3,58,1.10639017748,0,1,147.683625347,0,16197.50
R7_3,59,1.03362024538,0,1,137.970119563,0,16197.40
R7_3,60,1.09547361083,0,1,146.226455741,0,16147.50
R7_3,61,0.968792146324,0,1,129.316708779,0,23476.40
R7_3,62,1.1784652614,0,1,157.304381124,0,16204.20
R7_3,63,1.31560602057,1,0,42.1278516818,0,16236.40
R7_3,64,1.07486324931,0,1,143.475335051,0,16169.10
R7_4,1,1.32851423262,0,1,181.508710133,0,16156.60
R7_4,2,1.19147720834,0,1,162.785979954,0,15164.10
R7_4,3,1.41362044947,0,1,193.136376036,0,13565.20
R7_4,4,1.58086659074,0,1,215.986437129,0,14338.60
R7_4,5,1.07103103781,0,1,146.329980826,0,16195.00
R7_4,6,1.45772284823,0,1,199.161881308,0,16152.40
R7_4,7,1.11742081976,0,1,152.668000607,0,16074.80
R7_4,8,1.28650157169,0,1,175.768716006,0,16096.70
R7_4,9,1.07103103781,0,1,146.329980826,0,16074.20
R7_4,10,1.13375818023,0,1,154.900098052,0,14166.50
R7_4,11,1.32851423262,0,1,181.508710133,0,14395.80
R7_4,12,1.02218911244,0,1,139.656936113,0,14598.70
R7_4,13,1.18565943528,0,1,161.991124725,0,14565.40
R7_4,14,1.32590329692,0,1,181.151990154,0,14139.30
R7_4,15,1.09835929029,0,1,150.063712641,0,14297.40
R7_4,16,1.10417115353,0,1,150.857760439,0,14505.20
R7_4,17,1.05868417983,0,1,144.643087142,0,14326.80
R7_4,18,1.10417115353,0,1,150.857760439,0,16598.90
R7_4,19,1.0607720586,0,1,144.928344292,0,22896.60
R7_4,20,1.15289426218,0,1,157.514571775,0,16691.50
R7_4,21,1.47315794004,0,1,201.270705991,0,23923.10
R7_4,22,1.04842520061,0,1,143.241450608,0,21878.40
R7_4,23,1.04842520061,0,1,143.241450608,0,17490.80
R7_4,24,0.909090909091,0,1,124.204855508,1,16097.20
R7_4,25,1,1,0,0,0,16029.30
R7_4,26,1.03244809165,0,1,141.058572647,0,16101.50
R7_4,27,1.19147720834,0,1,162.785979954,0,16113.70
R7_4,28,1,1,0,0,0,16090.00
R7_4,29,1.03244809165,0,1,141.058572647,0,16125.60
R7_4,30,0.909090909091,0,1,124.204855508,1,16156.30
R7_4,31,1.03336824137,0,1,141.184288416,0,16164.90
R7_4,32,1.19890910151,0,1,163.801364893,0,16135.70
R7_4,33,0.963822978801,0,1,131.682643199,0,16058.10
R7_4,34,1.3648204881,0,1,186.469064671,0,16105.50
R7_4,35,1.11742081976,0,1,152.668000607,0,16104.80
R7_4,36,1.36141240977,0,1,186.003434806,0,16168.20
R7_4,37,1.55552307884,0,1,212.523871171,0,17475.70
R7_4,38,1,1,0,0,0,28186.20
R7_4,39,1.19890910151,0,1,163.801364893,0,27563.20
R7_4,40,0.909090909091,0,1,124.204855508,1,17102.50
R7_4,41,1.36874700394,0,1,187.005526237,0,16129.50
R7_4,42,1,1,0,0,0,16052.10
R7_4,43,1.11742081976,0,1,152.668000607,0,16137.50
R7_4,44,1.1959184145,0,1,163.392761259,0,16146.50
R7_4,45,1.07902611052,0,1,147.422310361,0,16133.20
R7_4,46,1.03336824137,0,1,141.184288416,0,16126.30
R7_4,47,1.13375818023,0,1,154.900098052,0,16070.10
R7_4,48,1.33375128399,0,1,182.224224062,0,16127.90
R7_4,49,1.11443013275,0,1,152.259396973,0,16094.50
R7_4,50,1.19890910151,0,1,163.801364893,0,16106.00
R7_4,51,1.42347907365,0,1,194.483313928,0,16079.90
R7_4,52,1.02218911244,0,1,139.656936113,0,16149.40
R7_4,53,1.42347907365,0,1,194.483313928,0,16056.80
R7_4,54,1.1234856649,0,1,153.496612142,0,16095.00
R7_4,55,1.21836040204,0,1,166.458905461,0,16119.00
R7_4,56,1.12767979898,0,1,154.069637141,0,16100.00
R7_4,57,1.04842520061,0,1,143.241450608,0,16120.70
R7_4,58,1.49686184492,0,1,204.509260081,0,16071.50
R7_4,59,1.16315324139,0,1,158.916208309,0,16092.50
R7_4,60,0.974081958015,0,1,133.084279733,0,16151.60
R7_4,61,1.04842520061,0,1,143.241450608,0,16136.70
R7_4,62,1.20304613425,0,1,164.366588401,0,16149.40
R7_4,63,1.11742081976,0,1,152.668000607,0,15842.30
R7_4,64,1.03336824137,0,1,141.184288416,0,13401.90
R7_5,1,1.33793504101,0,1,185.810388183,0,13043.80
R7_5,2,1.38417103318,0,1,192.231572613,0,13222.80
R7_5,3,1.49591941708,0,1,207.75101859,0,13152.30
R7_5,4,1.21593981202,0,1,168.867875908,0,13097.40
R7_5,5,1.21593981202,0,1,168.867875908,0,13370.30
R7_5,6,0.952467793038,0,1,132.27728173,0,13572.80
R7_5,7,1.13912319702,0,1,158.199700986,0,15365.40
R7_5,8,0.949301868904,0,1,131.837602991,0,16098.00
R7_5,9,0.928830647288,0,1,128.994590797,0,16078.70
R7_5,10,1.24079290621,0,1,172.319435915,0,16111.70
R7_5,11,1.43418765497,0,1,199.177805147,0,16141.20
R7_5,12,1.05321933912,0,1,146.26950356,0,16116.30
R7_5,13,1.19720417134,0,1,166.265898561,0,16090.70
R7_5,14,1.07685648487,0,1,149.552194492,0,16036.10
R7_5,15,1.67747085756,0,1,232.96460714,0,16201.00
R7_5,16,1.21483772877,0,1,168.714820258,0,16169.20
R7_5,17,1.17823207358,0,1,163.631082415,0,16127.50
R7_5,18,1.23951709806,0,1,172.142253614,0,16120.30
R7_5,19,1.20242316281,0,1,166.990704177,0,16178.80
R7_5,20,1.08874974108,0,1,151.203911866,0,18923.20
R7_5,21,0.949301868904,0,1,131.837602991,0,18364.00
R7_5,22,0.952467793038,0,1,132.27728173,0,16101.20
R7_5,23,1.2545762784,0,1,174.233649728,0,16121.90
R7_5,24,1.20699911822,0,1,167.62620592,0,16072.40
R7_5,25,1.19542053339,0,1,166.01818963,0,16072.10
R7_5,26,1.05321933912,0,1,146.26950356,0,16100.10
R7_5,27,0.952467793038,0,1,132.27728173,0,16135.20
R7_5,28,1.35299422135,0,1,187.901784296,0,16150.30
R7_5,29,0.964361049245,0,1,133.928999104,0,16075.10
R7_5,30,1.23719269744,0,1,171.819444384,0,16211.20
R7_5,31,1,1,0,0,0,16076.30
R7_5,32,1.00096670443,0,1,139.012736947,0,16138.80
R7_5,33,1.12406401668,0,1,156.108304872,0,16204.00
R7_5,34,0.909090909091,0,1,126.253165912,1,16099.80
R7_5,35,1.07369056074,0,1,149.112515753,0,16128.00
R7_5,36,1.48990002026,0,1,206.915053895,0,15538.00
R7_5,37,1.00408457156,0,1,139.445741602,0,13257.80
R7_5,38,1.10236950624,0,1,153.095404184,0,13234.60
R7_5,39,1.64650569618,0,1,228.664212518,0,13549.30
R7_5,40,1.02460385018,0,1,142.29542788,0,13207.00
R7_5,41,0.952467793038,0,1,132.27728173,0,13429.20
R7_5,42,0.928830647288,0,1,128.994590797,0,13398.10
R7_5,43,1.19542053339,0,1,166.01818963,0,13836.10
R7_5,44,1.19720417134,0,1,166.265898561,0,16254.70
R7_5,45,1,1,0,0,0,27267.30
R7_5,46,0.928830647288,0,1,128.994590797,0,16108.50
R7_5,47,0.928830647288,0,1,128.994590797,0,16115.60
R7_5,48,1,1,0,0,0,16066.70
R7_5,49,1.08874974108,0,1,151.203911866,0,16127.80
R7_5,50,1.27024635482,0,1,176.409886162,0,16154.30
R7_5,51,1.07369056074,0,1,149.112515753,0,16181.00
R7_5,52,1.33793504101,0,1,185.810388183,0,16129.40
R7_5,53,1.08874974108,0,1,151.203911866,0,16115.40
R7_5,54,1.17823207358,0,1,163.631082415,0,16177.20
R7_5,55,0.928830647288,0,1,128.994590797,0,16165.00
R7_5,56,1,1,0,0,0,16124.70
R7_5,57,1.27626575164,0,1,177.245850858,0,16127.70
R7_5,58,0.928830647288,0,1,128.994590797,0,16111.40
R7_5,59,1.35790310391,0,1,188.583522457,0,16120.30
R7_5,60,1.76965806488,0,1,245.7674266,0,16184.00
R7_5,61,1.07685648487,0,1,149.552194492,0,15021.40
R7_5,62,0.952467793038,0,1,132.27728173,0,13071.20
R7_5,63,1.35473717977,0,1,188.143843717,0,12919.40
R7_5,64,1.07685648487,0,1,149.552194492,0,15200.90
R7_6,1,0.944351609114,0,1,117.278027918,0,16308.30
R7_6,2,1.46453307854,0,1,181.878814643,0,13180.90
R7_6,3,1.01211830636,0,1,125.693902403,0,13526.90
R7_6,4,1.21498411379,0,1,150.887592547,0,13661.20
R7_6,5,0.940151851398,0,1,116.756464448,0,13553.10
R7_6,6,1.06492198089,0,1,132.251534916,0,13946.80
R7_6,7,1.08708526376,0,1,135.003969583,0,13332.10
R7_6,8,1.07659643311,0,1,133.701372794,0,13707.90
R7_6,9,0.964899963515,0,1,119.829906326,0,13393.40
R7_6,10,1.05377455572,0,1,130.86714797,0,13384.80
R7_6,11,0.94820958322,0,1,117.757145644,0,13374.40
R7_6,12,1.27386168266,0,1,158.199535577,0,13307.10
R7_6,13,0.929639263492,0,1,115.45091727,0,13695.90
R7_6,14,0.872841348694,0,1,108.397244281,0,13160.10
R7_6,15,1.03352212451,0,1,128.352019949,0,13369.50
R7_6,16,0.929639263492,0,1,115.45091727,0,13659.20
R7_6,17,1.14630844057,0,1,142.358833297,0,13463.40
R7_6,18,1.01211830636,0,1,125.693902403,0,13767.20
R7_6,19,1.16725887405,0,1,144.960645482,0,14028.00
R7_6,20,0.932700404017,0,1,115.831077075,0,14224.90
R7_6,21,0.944351609114,0,1,117.278027918,0,14543.20
R7_6,22,0.944351609114,0,1,117.278027918,0,14961.80
R7_6,23,1.04939704159,0,1,130.323509117,0,14280.00
R7_6,24,1.12918711735,0,1,140.232554268,0,14432.90
R7_6,25,1.09648296117,0,1,136.171059689,0,14124.60
R7_6,26,1.08619744529,0,1,134.893712346,0,14344.50
R7_6,27,1.07659643311,0,1,133.701372794,0,14495.40
R7_6,28,1.07659643311,0,1,133.701372794,0,14722.50
R7_6,29,1.01424250021,0,1,125.957703791,0,14204.10
R7_6,30,0.852292994293,0,1,105.845365873,1,14596.10
R7_6,31,0.892350469151,0,1,110.820061325,0,14170.30
R7_6,32,0.992797909499,0,1,123.294522743,0,14278.50
R7_6,33,0.983470283243,0,1,122.1361347,0,25541.10
R7_6,34,1.04980652854,0,1,130.374362869,0,16311.40
R7_6,35,1.0737128037,0,1,133.343257907,0,16189.70
R7_6,36,1.05377455572,0,1,130.86714797,0,16648.00
R7_6,37,0.984409083972,0,1,122.25272337,0,16204.10
R7_6,38,0.902873116176,0,1,112.126857733,0,16154.40
R7_6,39,0.905954827434,0,1,112.509572196,0,16251.80
R7_6,40,1.01424250021,0,1,125.957703791,0,16182.00
R7_6,41,1.17187746414,0,1,145.534223301,0,16192.90
R7_6,42,1,1,0,0,0,16176.10
R7_6,43,0.882324761775,0,1,109.574979325,0,16201.30
R7_6,44,1.81634492649,0,1,225.569956087,0,16256.60
R7_6,45,0.905954827434,0,1,112.509572196,0,16190.60
R7_6,46,1.42182467309,0,1,176.574902924,0,15598.20
R7_6,47,1.05377455572,0,1,130.86714797,0,13320.00
R7_6,48,1.05377455572,0,1,130.86714797,0,13484.40
R7_6,49,1.11387516833,0,1,138.330979508,0,13255.40
R7_6,50,0.922382236634,0,1,114.549674777,0,15663.50
R7_6,51,0.905954827434,0,1,112.509572196,0,16169.70
R7_6,52,1.05377455572,0,1,130.86714797,0,16180.10
R7_6,53,0.984409083972,0,1,122.25272337,0,16132.00
R7_6,54,1.26921525449,0,1,157.622500574,0,16254.50
R7_6,55,1.14630844057,0,1,142.358833297,0,16233.30
R7_6,56,1.27905275358,0,1,158.844209187,0,16226.20
R7_6,57,0.902873116176,0,1,112.126857733,0,16203.70
R7_6,58,1.05377455572,0,1,130.86714797,0,16188.30
R7_6,59,0.872841348694,0,1,108.397244281,0,16255.20
R7_6,60,0.892350469151,0,1,110.820061325,0,16196.90
R7_6,61,0.988195288397,0,1,122.722928095,0,16172.30
R7_6,62,0.940611235737,0,1,116.813514903,0,16209.90
R7_6,63,0.984409083972,0,1,122.25272337,0,16146.80
R7_6,64,0.872841348694,0,1,108.397244281,0,16176.00
R7_7,1,0.990591484863,0,1,113.56057103,0,16156.70
R7_7,2,1.44383868734,0,1,165.520447444,0,14255.10
R7_7,3,0.998463301188,0,1,114.462989403,0,17385.50
R7_7,4,1.06930291879,0,1,122.583983324,0,23430.90
R7_7,5,1.06265141726,0,1,121.821460807,0,13090.10
R7_7,6,0.909090909091,0,1,104.21741387,0,13254.60
R7_7,7,1.43502330079,0,1,164.509858976,0,13260.30
R7_7,8,1.07051173962,0,1,122.722561523,0,13425.20
R7_7,9,1.07756452394,0,1,123.531086759,0,13356.20
R7_7,10,1.02156855019,0,1,117.111755631,0,13650.90
R7_7,11,1.24621056704,0,1,142.864526679,0,13286.70
R7_7,12,1.02809728287,0,1,117.86020403,0,13516.90
R7_7,13,1.07051173962,0,1,122.722561523,0,13267.10
R7_7,14,1.08263180701,0,1,124.11199581,0,13498.70
R7_7,15,1.02809728287,0,1,117.86020403,0,13022.20
R7_7,16,0.980304675965,0,1,112.381299947,0,13030.50
R7_7,17,1.13726230471,0,1,130.374789918,0,13112.60
R7_7,18,0.960756576333,0,1,110.140322319,0,13122.40
R7_7,19,1.2724789756,0,1,145.875914846,0,13537.20
R7_7,20,1.06930291879,0,1,122.583983324,0,13249.00
R7_7,21,1.06219776772,0,1,121.769454808,0,14482.30
R7_7,22,1.0145302493,0,1,116.304890763,0,13570.80
R7_7,23,1.02156855019,0,1,117.111755631,0,14565.60
R7_7,24,0.988148823226,0,1,113.280546363,0,13213.90
R7_7,25,1.04073116268,0,1,119.308541339,0,14344.60
R7_7,26,0.909090909091,0,1,104.21741387,0,20468.10
R7_7,27,1.23403703778,0,1,141.468963568,0,16155.90
R7_7,28,0.906255731469,0,1,103.892391503,1,16139.00
R7_7,29,0.960756576333,0,1,110.140322319,0,16138.00
R7_7,30,0.946596707096,0,1,108.517046871,0,16219.40
R7_7,31,1.36535877868,0,1,156.523577011,0,17821.90
R7_7,32,1.36961114408,0,1,157.011064588,0,16123.10
R7_7,33,1.18928200433,0,1,136.338284339,0,16104.80
R7_7,34,1.06930291879,0,1,122.583983324,0,16145.50
R7_7,35,1.3986261993,0,1,160.337326008,0,16124.00
R7_7,36,0.997684496177,0,1,114.373707855,0,16104.70
R7_7,37,1.02156855019,0,1,117.111755631,0,27158.10
R7_7,38,1,1,0,0,0,19943.10
R7_7,39,1.04914954543,0,1,120.273617627,0,16093.10
R7_7,40,1.44683323384,0,1,165.863739725,0,15056.70
R7_7,41,1.27009462106,0,1,145.602574455,0,13095.50
R7_7,42,1.03459593732,0,1,118.605204287,0,13043.60
R7_7,43,0.998463301188,0,1,114.462989403,0,13061.20
R7_7,44,1.15123048212,0,1,131.976089976,0,14502.60
R7_7,45,0.940481304805,0,1,107.815982318,0,16085.90
R7_7,46,1.04544725097,0,1,119.849189718,0,16158.20
R7_7,47,1.08815260736,0,1,124.744895699,0,16156.10
R7_7,48,1.07400839235,0,1,123.123414838,0,16278.90
R7_7,49,0.919441387963,0,1,105.403984025,0,16130.00
R7_7,50,1.18928200433,0,1,136.338284339,0,16213.60
R7_7,51,1.04073116268,0,1,119.308541339,0,16178.90
R7_7,52,1.06942157413,0,1,122.597585872,0,16100.10
R7_7,53,1.0130169093,0,1,116.131402743,0,16058.80
R7_7,54,0.977704106427,0,1,112.083172852,0,16139.90
R7_7,55,1.24621056704,0,1,142.864526679,0,16169.10
R7_7,56,0.980304675965,0,1,112.381299947,0,16099.90
R7_7,57,1.44383868734,0,1,165.520447444,0,16139.70
R7_7,58,0.997265550607,0,1,114.325680289,0,16118.10
R7_7,59,1.43611346627,0,1,164.634834627,0,16179.30
R7_7,60,1.1722744847,0,1,134.388556655,0,16122.80
R7_7,61,0.909090909091,0,1,104.21741387,0,16098.30
R7_7,62,1.06751775416,0,1,122.379333559,0,16101.80
R7_7,63,1.01009620252,0,1,115.796575385,0,16156.50
R7_7,64,0.976613940939,0,1,111.958197202,0,16079.80
R7_8,1,1.01284334242,0,1,174.035675641,0,15705.40
R7_8,2,1.13030962526,0,1,194.219768326,0,13316.90
R7_8,3,1.29605824394,0,1,222.70015777,0,13506.60
R7_8,4,1.19230095172,0,1,204.871664757,0,13460.20
R7_8,5,0.926806113541,0,1,159.252000189,0,13183.60
R7_8,6,1.20856344079,0,1,207.666029053,0,13733.30
R7_8,7,1.04911232032,0,1,180.26773129,0,13374.50
R7_8,8,1.06518778531,0,1,183.029959458,0,13127.00
R7_8,9,1.05971773365,0,1,182.09004694,0,13162.10
R7_8,10,0.999826922854,0,1,171.799079635,0,13542.60
R7_8,11,0.988060854056,0,1,169.777329926,0,13233.40
R7_8,12,1.01284334242,0,1,174.035675641,0,13165.50
R7_8,13,1.03069621524,0,1,177.103313698,0,13521.00
R7_8,14,1.30730468871,0,1,224.632621096,0,13566.40
R7_8,15,1.0175421273,0,1,174.843062299,0,16396.40
R7_8,16,1.09785590315,0,1,188.643283575,0,26605.40
R7_8,17,1.12675476271,0,1,193.608940492,0,13475.50
R7_8,18,1.10700243694,0,1,190.214921676,0,13278.40
R7_8,19,1.07603497759,0,1,184.8938197,0,13136.10
R7_8,20,1.04428712654,0,1,179.43862394,0,13649.60
R7_8,21,1.22049691165,0,1,209.71654326,0,15055.90
R7_8,22,1.12862397233,0,1,193.930124573,0,13762.50
R7_8,23,1.06518778531,0,1,183.029959458,0,13693.00
R7_8,24,0.97198538907,0,1,167.015101758,0,15234.70
R7_8,25,1.05971773365,0,1,182.09004694,0,18858.40
R7_8,26,1.06518778531,0,1,183.029959458,0,16108.20
R7_8,27,1.12285378987,0,1,192.938640934,0,16124.60
R7_8,28,1.069907344,0,1,183.840915655,0,18898.90
R7_8,29,1.04057835574,0,1,178.801350231,0,13835.60
R7_8,30,1.04428712654,0,1,179.43862394,0,13300.60
R7_8,31,1.07197580066,0,1,184.196336122,0,12965.70
R7_8,32,1.0065191504,0,1,172.948997193,0,14264.80
R7_8,33,1.10815489498,0,1,190.412947181,0,13506.60
R7_8,34,1.04966132382,0,1,180.362065912,0,13774.00
R7_8,35,1.05971773365,0,1,182.09004694,0,13723.90
R7_8,36,0.909090909091,0,1,156.208017525,1,13412.30
R7_8,37,1.16054313079,0,1,199.414755884,0,13209.50
R7_8,38,1.14352855829,0,1,196.491161981,0,13412.80
R7_8,39,1.24460146766,0,1,213.858400659,0,13707.10
R7_8,40,1.14922485563,0,1,197.469950027,0,13137.00
R7_8,41,0.988060854056,0,1,169.777329926,0,13067.90
R7_8,42,1,1,0,0,0,13415.40
R7_8,43,1.05248453345,0,1,180.84717469,0,13511.20
R7_8,44,1.2980679158,0,1,223.045477313,0,13505.50
R7_8,45,1.16054313079,0,1,199.414755884,0,13336.30
R7_8,46,1.0586312537,0,1,181.903358373,0,13547.70
R7_8,47,1.17739636576,0,1,202.310627349,0,13215.80
R7_8,48,1.12167155912,0,1,192.73549962,0,13425.10
R7_8,49,1.04966132382,0,1,180.362065912,0,13236.60
R7_8,50,1.05248453345,0,1,180.84717469,0,13195.10
R7_8,51,1.00146666232,0,1,172.080834131,0,13417.60
R7_8,52,1.13158718242,0,1,194.439289464,0,13534.40
R7_8,53,1.0586312537,0,1,181.903358373,0,13560.50
R7_8,54,1.1434270129,0,1,196.473713557,0,13507.70
R7_8,55,0.929233554378,0,1,159.669104481,0,13634.10
R7_8,56,1.17914753996,0,1,202.611529544,0,13538.80
R7_8,57,1.10815489498,0,1,190.412947181,0,13330.90
R7_8,58,1.2548465427,0,1,215.618799806,0,13550.00
R7_8,59,0.968380980893,0,1,166.395760557,0,13653.00
R7_8,60,1.1499204983,0,1,197.589481485,0,13203.90
R7_8,61,1.1986813003,0,1,205.96799252,0,13186.80
R7_8,62,0.992558045737,0,1,170.550077063,0,16239.90
R7_8,63,1.06551397445,0,1,183.086008153,0,23161.40
R7_8,64,1.10700243694,0,1,190.214921676,0,16125.00
R7_9,1,1.03559901455,0,1,146.213908887,0,16243.50
R7_9,2,1.06882900033,0,1,150.905576264,0,16261.40
R7_9,3,0.952276097586,0,1,134.449732581,0,16129.20
R7_9,4,0.906892040745,0,1,128.042059091,1,16168.60
R7_9,5,1.02681952678,0,1,144.974352642,0,16195.70
R7_9,6,1.21015668342,0,1,170.85931578,0,16258.90
R7_9,7,1.09730845669,0,1,154.926527018,0,16289.60
R7_9,8,0.909090909091,0,1,128.352512395,0,13288.80
R7_9,9,1.08512812249,0,1,153.206812872,0,13112.50
R7_9,10,1.04875012076,0,1,148.070684162,0,13134.90
R7_9,11,1.02188393549,0,1,144.277507546,0,13099.50
R7_9,12,1.00574020622,0,1,141.998210513,0,13976.50
R7_9,13,0.923080928931,0,1,130.32773201,0,13016.20
R7_9,14,1.00819027826,0,1,142.344130706,0,13039.50
R7_9,15,0.909090909091,0,1,128.352512395,0,13324.20
R7_9,16,0.979243185348,0,1,138.257155394,0,13094.70
R7_9,17,1.04723161603,0,1,147.856289875,0,13243.20
R7_9,18,1.02751190755,0,1,145.072108335,0,13210.70
R7_9,19,1.13572477942,0,1,160.350441711,0,13519.70
R7_9,20,1.39308675868,0,1,196.686804008,0,13422.10
R7_9,21,0.965253165508,0,1,136.281935779,0,13292.30
R7_9,22,1.15198682201,0,1,162.646443137,0,13345.80
R7_9,23,1.06882900033,0,1,150.905576264,0,13325.30
R7_9,24,0.984813702589,0,1,139.043644265,0,13208.30
R7_9,25,0.943007094191,0,1,133.141062721,0,13271.90
R7_9,26,1.04327746392,0,1,147.298011982,0,13364.40
R7_9,27,0.991891156099,0,1,140.042894099,0,16067.40
R7_9,28,1.01945908354,0,1,143.935148122,0,16206.90
R7_9,29,1.05043825814,0,1,148.309028504,0,16242.50
R7_9,30,0.943007094191,0,1,133.141062721,0,16228.50
R7_9,31,1.15198682201,0,1,162.646443137,0,16265.80
R7_9,32,1.13687908096,0,1,160.513414964,0,16230.20
R7_9,33,1.31080610318,0,1,185.069782266,0,16405.90
R7_9,34,1.01282950694,0,1,142.999133028,0,16200.40
R7_9,35,1.22811839564,0,1,173.395289758,0,16263.90
R7_9,36,1.09577767876,0,1,154.710399904,0,16204.50
R7_9,37,1.05249662169,0,1,148.59964425,0,21711.20
R7_9,38,1,1,0,0,0,16222.60
R7_9,39,0.997048461611,0,1,140.77104253,0,16355.00
R7_9,40,0.975654933173,0,1,137.750538094,0,16265.40
R7_9,41,1.14850923555,0,1,162.155450482,0,18044.70
R7_9,42,0.952276097586,0,1,134.449732581,0,16304.20
R7_9,43,1.23358929538,0,1,174.167713859,0,24292.20
R7_9,44,0.975654933173,0,1,137.750538094,0,16231.70
R7_9,45,0.943007094191,0,1,133.141062721,0,16223.00
R7_9,46,0.994029301566,0,1,140.344774075,0,16308.90
R7_9,47,0.909090909091,0,1,128.352512395,0,16245.40
R7_9,48,0.992158938858,0,1,140.080701748,0,16234.70
R7_9,49,1,1,0,0,0,16716.80
R7_9,50,0.906892040745,0,1,128.042059091,1,15549.40
R7_9,51,1.17714737766,0,1,166.198805721,0,13035.40
R7_9,52,1.04875012076,0,1,148.070684162,0,13284.20
R7_9,53,1.06442827798,0,1,150.284248118,0,13493.80
R7_9,54,0.923080928931,0,1,130.32773201,0,13186.40
R7_9,55,1.17714737766,0,1,166.198805721,0,13086.70
R7_9,56,1.18876315499,0,1,167.838811344,0,27415.10
R7_9,57,1.12851687587,0,1,159.332773928,0,16386.90
R7_9,58,0.979243185348,0,1,138.257155394,0,16131.20
R7_9,59,1.09348654075,0,1,154.386919253,0,16133.40
R7_9,60,0.975654933173,0,1,137.750538094,0,16217.40
R7_9,61,1.02188393549,0,1,144.277507546,0,16203.50
R7_9,62,1.06813661956,0,1,150.807820572,0,16464.80
R7_9,63,1.23441420493,0,1,174.284180993,0,16197.70
R7_9,64,1.06648664153,0,1,150.574863864,0,16209.00
R8_0,1,0.930559926427,0,1,114.189458268,0,27110.60
R8_0,2,0.881045160277,0,1,108.113477386,0,26759.20
R8_0,3,1.10383452121,0,1,135.45206753,0,26785.70
R8_0,4,0.875593837748,0,1,107.444542964,0,26493.70
R8_0,5,0.909880252189,0,1,111.651845449,0,26581.10
R8_0,6,0.840436357081,0,1,103.130351521,0,26562.00
R8_0,7,0.920577632277,0,1,112.964526129,0,25567.90
R8_0,8,0.882904512319,0,1,108.341639373,0,22145.40
R8_0,9,1.17415256057,0,1,144.080828121,0,22437.90
R8_0,10,0.819312190392,0,1,100.538194818,0,21909.00
R8_0,11,1.21874818068,0,1,149.553178216,0,22120.10
R8_0,12,0.958835541775,0,1,117.659172692,0,22417.90
R8_0,13,0.944635294907,0,1,115.916653536,0,21719.80
R8_0,14,0.81527429192,0,1,100.042702346,0,22512.60
R8_0,15,0.847893839734,0,1,104.045462821,0,21842.40
R8_0,16,0.923981641808,0,1,113.382233784,0,27736.00
R8_0,17,0.819281977819,0,1,100.534487419,0,25592.20
R8_0,18,1.16153766168,0,1,142.532847782,0,37593.20
R8_0,19,0.826184501371,0,1,101.38149942,0,22516.40
R8_0,20,0.90105377237,0,1,110.568743845,0,22028.70
R8_0,21,1.11711822939,0,1,137.082117779,0,22212.70
R8_0,22,0.912132189643,0,1,111.928181782,0,21486.30
R8_0,23,0.991223056076,0,1,121.633460223,0,22066.20
R8_0,24,0.8698550629,0,1,106.740335129,0,23380.40
R8_0,25,0.875997964292,0,1,107.494133527,0,26730.80
R8_0,26,0.82016776283,0,1,100.643182526,0,26537.40
R8_0,27,0.999459915242,0,1,122.644209192,0,26665.90
R8_0,28,1.19969590435,0,1,147.21526418,0,25993.00
R8_0,29,0.820765578713,0,1,100.716540802,0,21187.70
R8_0,30,0.957949756764,0,1,117.550477585,0,21538.20
R8_0,31,0.81527429192,0,1,100.042702346,0,21635.60
R8_0,32,0.815579575668,0,1,100.080163862,0,21580.50
R8_0,33,0.952958131385,0,1,116.937952823,0,21695.70
R8_0,34,0.898690154813,0,1,110.278703192,0,23079.80
R8_0,35,0.92654865011,0,1,113.697232613,0,26821.30
R8_0,36,0.916845017553,0,1,112.506495172,0,26685.30
R8_0,37,0.809855369262,0,1,99.3777437275,1,26505.20
R8_0,38,0.826184501371,0,1,101.38149942,0,26609.50
R8_0,39,0.851626454458,0,1,104.503493778,0,37063.80
R8_0,40,0.97517604343,0,1,119.664323546,0,26612.70
R8_0,41,1.1178596082,0,1,137.173092732,0,26598.60
R8_0,42,0.919814321502,0,1,112.870859895,0,26608.10
R8_0,43,0.918958382805,0,1,112.765827244,0,26573.70
R8_0,44,0.903824864094,0,1,110.908785849,0,26712.70
R8_0,45,0.904786387094,0,1,111.026774801,0,26601.50
R8_0,46,1.0501594868,0,1,128.865578118,0,28765.80
R8_0,47,0.906460301749,0,1,111.232181678,0,26604.20
R8_0,48,2.39764771068,1,0,171.506025995,0,26701.30
R8_0,49,0.81527429192,0,1,100.042702346,0,26576.50
R8_0,50,0.962998638986,0,1,118.170028362,0,26654.70
R8_0,51,2.05578098321,1,0,129.55539466,0,26611.50
R8_0,52,0.813863055161,0,1,99.8695288009,0,26675.60
R8_0,53,0.947269006933,0,1,116.239837612,0,26672.00
R8_0,54,0.944635294907,0,1,115.916653536,0,26786.50
R8_0,55,0.844653294215,0,1,103.647813915,0,24929.60
R8_0,56,0.823529127525,0,1,101.055657212,0,21492.40
R8_0,57,0.973156471406,0,1,119.416500887,0,21790.50
R8_0,58,0.854001309776,0,1,104.794913422,0,24941.20
R8_0,59,0.962998638986,0,1,118.170028362,0,26636.60
R8_0,60,0.958835541775,0,1,117.659172692,0,26680.50
R8_0,61,0.813863055161,0,1,99.8695288009,0,26395.80
R8_0,62,0.897834216115,0,1,110.173670541,0,26640.80
R8_0,63,0.908423412451,0,1,111.473075941,0,26728.70
R8_0,64,0.88379029733,0,1,108.45033448,0,26576.50
R8_1,1,1.1145993505,0,1,142.227203666,0,21753.80
R8_1,2,1.07488110057,0,1,137.159000801,0,21603.80
R8_1,3,1.33224947497,0,1,170.000204401,0,22553.10
R8_1,4,1.45214358897,0,1,185.299158741,0,22208.20
R8_1,5,1.01328445501,0,1,129.299029727,0,22114.00
R8_1,6,0.930154734209,0,1,118.691354668,0,22510.60
R8_1,7,1.413897878,0,1,180.418857563,0,22595.40
R8_1,8,1.03171212752,0,1,131.650472271,0,21742.70
R8_1,9,1.09399634342,0,1,139.598179987,0,21739.30
R8_1,10,0.992220629893,0,1,126.611203879,0,22030.90
R8_1,11,1.25339388432,0,1,159.937924941,0,22116.60
R8_1,12,0.935233780065,0,1,119.339460635,0,23957.00
R8_1,13,1.00346265007,0,1,128.045729291,0,26589.10
R8_1,14,1.03171212752,0,1,131.650472271,0,26499.40
R8_1,15,1.19625824364,0,1,152.647195406,0,26630.90
R8_1,16,0.947018532943,0,1,120.843240847,0,26711.00
R8_1,17,1.17689408844,0,1,150.176254037,0,23995.70
R8_1,18,1.15423644541,0,1,147.285050835,0,21698.50
R8_1,19,1.439121779,0,1,183.637525242,0,22262.00
R8_1,20,1.26163754771,0,1,160.989848388,0,21778.20
R8_1,21,0.96045618582,0,1,122.557937515,0,22104.80
R8_1,22,1.21633044009,0,1,155.208485587,0,21912.10
R8_1,23,0.912062404888,0,1,116.382703218,0,21695.60
R8_1,24,1.05016657087,0,1,134.005330877,0,21729.40
R8_1,25,1.29235306934,0,1,164.909268177,0,21658.20
R8_1,26,1.21658212769,0,1,155.240601902,0,22516.50
R8_1,27,0.921341477128,0,1,117.566748854,0,21893.90
R8_1,28,1.19223030877,0,1,152.133215282,0,21912.60
R8_1,29,1.19331399763,0,1,152.271498186,0,22221.30
R8_1,30,1.64327971822,0,1,209.688870767,0,22350.30
R8_1,31,1.48634207191,0,1,189.663017912,0,22377.40
R8_1,32,1.53508432908,0,1,195.88271913,0,24904.50
R8_1,33,1.26163754771,0,1,160.989848388,0,22826.50
R8_1,34,1.26417084505,0,1,161.313106962,0,22497.20
R8_1,35,1.34837026089,0,1,172.05727926,0,22219.40
R8_1,36,1.66925706348,0,1,213.003680857,0,22004.10
R8_1,37,0.958223592991,0,1,122.273050004,0,22173.80
R8_1,38,1.07771723464,0,1,137.520902516,0,21961.70
R8_1,39,1.3522279625,0,1,172.549536961,0,21581.50
R8_1,40,1.34319336137,0,1,171.396686787,0,21987.40
R8_1,41,1.19625824364,0,1,152.647195406,0,22112.80
R8_1,42,1.11350026089,0,1,142.086955565,0,22140.60
R8_1,43,2.36196102589,1,0,173.79151363,0,25566.40
R8_1,44,1.29937767154,0,1,165.805634685,0,26646.60
R8_1,45,1.01705058923,0,1,129.779603073,0,26810.40
R8_1,46,0.967036850072,0,1,123.397655818,0,26630.60
R8_1,47,1.11350026089,0,1,142.086955565,0,26670.30
R8_1,48,1.1889379709,0,1,151.713100189,0,23884.40
R8_1,49,1.00726330627,0,1,128.530707775,0,22181.40
R8_1,50,1.13149994234,0,1,144.383784788,0,21659.40
R8_1,51,1.01328445501,0,1,129.299029727,0,22255.90
R8_1,52,1.42610678264,0,1,181.976761186,0,22652.00
R8_1,53,1.56318984111,0,1,199.469091562,0,22260.50
R8_1,54,0.96045618582,0,1,122.557937515,0,21704.40
R8_1,55,1.3361388102,0,1,170.496498674,0,21753.60
R8_1,56,1.00726330627,0,1,128.530707775,0,22099.00
R8_1,57,1.2574130652,0,1,160.450788022,0,21861.90
R8_1,58,1.31784336557,0,1,168.161928922,0,21702.20
R8_1,59,0.938205275862,0,1,119.718635033,0,21586.00
R8_1,60,1.19550001316,0,1,152.550442253,0,21831.10
R8_1,61,1.0405253846,0,1,132.775078085,0,21932.80
R8_1,62,1.19370840621,0,1,152.321826252,0,25588.60
R8_1,63,1.62311075587,0,1,207.115232881,0,26641.20
R8_1,64,1.60972879428,0,1,205.407642637,0,26514.50
R8_2,1,1.30215664646,0,1,203.701586866,0,22732.30
R8_2,2,1.06149646988,0,1,166.05415021,0,39519.80
R8_2,3,1.38559825243,0,1,216.754691953,0,27040.30
R8_2,4,1.05046934075,0,1,164.329132172,0,26771.20
R8_2,5,0.960636629379,0,1,150.276240834,0,26694.00
R8_2,6,1.31239153469,0,1,205.302671482,0,26750.30
R8_2,7,0.892219345577,0,1,139.573450722,0,26708.20
R8_2,8,1,1,0,0,0,27299.90
R8_2,9,0.935890855479,0,1,146.405160173,0,23831.50
R8_2,10,1.17907405331,0,1,184.447283164,0,21530.70
R8_2,11,1.14822103631,0,1,179.62082197,0,21524.80
R8_2,12,0.926013531566,0,1,144.860010777,0,21554.30
R8_2,13,1.3414612108,0,1,209.850157509,0,21623.30
R8_2,14,0.972594315098,0,1,152.14682957,0,21445.50
R8_2,15,0.913310116067,0,1,142.87276454,0,21498.10
R8_2,16,1.24558044216,0,1,194.851144313,0,21508.40
R8_2,17,0.912688663757,0,1,142.775548263,0,21617.40
R8_2,18,1.1281099173,0,1,176.474758962,0,21667.30
R8_2,19,1.18606236447,0,1,185.540492706,0,21593.80
R8_2,20,0.972594315098,0,1,152.14682957,0,22735.90
R8_2,21,1.06709330035,0,1,166.929684847,0,21396.40
R8_2,22,1.11907754707,0,1,175.061789059,0,24390.50
R8_2,23,1.04887446869,0,1,164.07963994,0,26517.00
R8_2,24,1.37174595841,0,1,214.587722042,0,26681.40
R8_2,25,1.44558885549,0,1,226.139262601,0,38016.50
R8_2,26,1.13898110732,0,1,178.175382818,0,21814.60
R8_2,27,1.09170893933,0,1,170.780407981,0,21759.30
R8_2,28,1.02687337207,0,1,160.637920153,0,21739.40
R8_2,29,1.06195847,0,1,166.126422741,0,22984.10
R8_2,30,1.16444896085,0,1,182.159421292,0,26697.30
R8_2,31,0.940091951122,0,1,147.062354414,0,26661.70
R8_2,32,1.17223771066,0,1,183.377846663,0,26731.10
R8_2,33,1.17921943166,0,1,184.470025282,0,26757.80
R8_2,34,0.935890855479,0,1,146.405160173,0,26588.40
R8_2,35,0.999311291924,0,1,156.326273411,0,26664.80
R8_2,36,1.0084506372,0,1,157.755977849,0,26557.00
R8_2,37,1.01523536271,0,1,158.817339672,0,26573.50
R8_2,38,1.11447694178,0,1,174.342097922,0,27156.10
R8_2,39,0.919622632942,0,1,143.860256873,0,26548.40
R8_2,40,1.1717166002,0,1,183.296327264,0,26655.20
R8_2,41,1.1234151864,0,1,175.740343376,0,23034.70
R8_2,42,0.902618292271,0,1,141.200199661,0,21885.30
R8_2,43,1.14816056109,0,1,179.611361588,0,22973.60
R8_2,44,1.10564952737,0,1,172.961190081,0,38834.00
R8_2,45,1.10764059912,0,1,173.272661421,0,26664.70
R8_2,46,1.45490116481,0,1,227.596024497,0,26726.70
R8_2,47,1.03069107211,0,1,161.235138283,0,26539.80
R8_2,48,0.956553221232,0,1,149.63745692,0,26619.60
R8_2,49,1.37625264255,0,1,215.292720717,0,26788.60
R8_2,50,1.14363389391,0,1,178.903236886,0,22283.40
R8_2,51,1.05908892165,0,1,165.677527784,0,22006.40
R8_2,52,1.27854615933,0,1,200.008103668,0,22080.70
R8_2,53,0.940091951122,0,1,147.062354414,0,21929.30
R8_2,54,1.33722427431,0,1,209.18735654,0,21879.70
R8_2,55,1.04485161518,0,1,163.450328829,0,21647.40
R8_2,56,1.27854615933,0,1,200.008103668,0,25490.40
R8_2,57,0.972192519111,0,1,152.083975013,0,25977.80
R8_2,58,1.28289124266,0,1,200.68782248,0,22062.80
R8_2,59,1.01216848369,0,1,158.337575486,0,21887.30
R8_2,60,1.12939285511,0,1,176.675454068,0,21582.90
R8_2,61,1.17234031267,0,1,183.393897108,0,21588.90
R8_2,62,1.05046934075,0,1,164.329132172,0,21652.70
R8_2,63,0.936083903052,0,1,146.435359379,0,21577.60
R8_2,64,1.20631908453,0,1,188.709332671,0,21483.00
R8_3,1,1.09285994026,0,1,149.134315826,0,22034.00
R8_3,2,1.07596886143,0,1,146.829318275,0,22203.90
R8_3,3,1.21828011482,0,1,166.249456782,0,33248.70
R8_3,4,1.05508947346,0,1,143.980066395,0,26560.60
R8_3,5,1.21189373125,0,1,165.377955404,0,26677.80
R8_3,6,1.23088096012,0,1,167.968998668,0,26629.00
R8_3,7,1.15556787886,0,1,157.691593089,0,26537.90
R8_3,8,1.00572201446,0,1,137.243263306,0,26565.80
R8_3,9,1.04214306491,0,1,142.21336811,0,26619.00
R8_3,10,0.937453531772,0,1,127.92718072,0,27548.50
R8_3,11,1.19908169886,0,1,163.629594415,0,27479.30
R8_3,12,1.17798935888,0,1,160.751282588,0,22082.70
R8_3,13,1.16865934662,0,1,159.478086505,0,22527.40
R8_3,14,1.23726734369,0,1,168.840500047,0,36961.60
R8_3,15,1.04385270712,0,1,142.44667003,0,25966.00
R8_3,16,1.25527534194,0,1,171.297915128,0,21674.70
R8_3,17,1.20030047936,0,1,163.795912156,0,22028.00
R8_3,18,1.14679482033,0,1,156.494400262,0,22099.90
R8_3,19,0.927025918885,0,1,126.504203395,0,21720.70
R8_3,20,1.18882404127,0,1,162.229809603,0,22601.20
R8_3,21,1.21828011482,0,1,166.249456782,0,21583.50
R8_3,22,1.17341020443,0,1,160.126400075,0,22180.70
R8_3,23,1.48757838145,0,1,202.99855085,0,22012.10
R8_3,24,1.11184716913,0,1,151.72535909,0,21975.80
R8_3,25,0.988923440423,0,1,134.950889183,0,22051.40
R8_3,26,1.08306164213,0,1,147.797216318,0,23723.10
R8_3,27,1.17341020443,0,1,160.126400075,0,21941.30
R8_3,28,1.13389477457,0,1,154.734028756,0,21800.00
R8_3,29,1.03940168689,0,1,141.839273022,0,21918.10
R8_3,30,1.11355681135,0,1,151.95866101,0,21877.50
R8_3,31,0.9068171463,0,1,123.746465315,1,22062.80
R8_3,32,1.29316075874,0,1,176.467850912,0,21286.60
R8_3,33,1.39304945392,0,1,190.098904322,0,27674.30
R8_3,34,1.286094969,0,1,175.503636123,0,26593.50
R8_3,35,1.29316075874,0,1,176.467850912,0,26615.10
R8_3,36,1.22111607641,0,1,166.636458973,0,26579.40
R8_3,37,1.08667329853,0,1,148.290071702,0,26740.40
R8_3,38,1.33041657001,0,1,181.551869202,0,25852.00
R8_3,39,1.31620855306,0,1,179.613008779,0,22210.10
R8_3,40,1.15556787886,0,1,157.691593089,0,21824.20
R8_3,41,1.09288763881,0,1,149.138095636,0,21539.80
R8_3,42,1.09288763881,0,1,149.138095636,0,22039.60
R8_3,43,0.953687030259,0,1,130.142443262,0,21868.50
R8_3,44,1.17623290544,0,1,160.511592695,0,22077.20
R8_3,45,1.00572201446,0,1,137.243263306,0,21664.30
R8_3,46,1.28841833729,0,1,175.820688589,0,22885.20
R8_3,47,1.46380711946,0,1,199.754666832,0,22263.20
R8_3,48,1.11184716913,0,1,151.72535909,0,21704.50
R8_3,49,0.941729662925,0,1,128.510711939,0,22196.20
R8_3,50,1.00945164141,0,1,137.752217237,0,22028.20
R8_3,51,1.11665210365,0,1,152.381052098,0,22391.40
R8_3,52,1.26479813605,0,1,172.597418689,0,22049.90
R8_3,53,1.03819839462,0,1,141.675068844,0,22764.50
R8_3,54,1.06506790289,0,1,145.341747056,0,21604.80
R8_3,55,1.11085367951,0,1,151.589785088,0,22423.70
R8_3,56,1.10124244728,0,1,150.278213047,0,22228.50
R8_3,57,1.02744538066,0,1,140.2076865,0,37284.70
R8_3,58,0.988923440423,0,1,134.950889183,0,26599.20
R8_3,59,1.16343882759,0,1,158.765681828,0,26594.30
R8_3,60,0.959344248027,0,1,130.914440908,0,26615.00
R8_3,61,1.17562600248,0,1,160.428773246,0,26526.10
R8_3,62,1.19057453619,0,1,162.468686381,0,26662.60
R8_3,63,1.08861150765,0,1,148.554564416,0,27574.80
R8_3,64,1.03611817674,0,1,141.39119727,0,32633.40
R8_4,1,0.955630867825,0,1,124.924150484,0,26640.50
R8_4,2,1.04485121491,0,1,136.587415496,0,26644.40
R8_4,3,1.07466896346,0,1,140.485318999,0,26660.50
R8_4,4,0.915789801881,0,1,119.715956102,0,26545.30
R8_4,5,1.00872853694,0,1,131.865304679,0,26541.10
R8_4,6,1.13940388104,0,1,148.947744039,0,26589.60
R8_4,7,0.954323161184,0,1,124.753201484,0,22625.00
R8_4,8,0.99994536523,0,1,130.717130942,0,21614.40
R8_4,9,1.04387406023,0,1,136.459677661,0,22177.10
R8_4,10,0.95435961239,0,1,124.757966541,0,21641.30
R8_4,11,0.864995220883,0,1,113.075871427,1,23415.60
R8_4,12,0.972077824049,0,1,127.07416688,0,23837.90
R8_4,13,1.14623889586,0,1,149.841246383,0,24001.00
R8_4,14,1.03458355508,0,1,135.24518313,0,24326.20
R8_4,15,1.38197085131,0,1,180.65713489,0,23821.50
R8_4,16,1.4939532637,0,1,195.295954342,0,23705.20
R8_4,17,1.26832076409,0,1,165.800309858,0,23528.00
R8_4,18,1.47886252598,0,1,193.323228624,0,23123.60
R8_4,19,1.09454974884,0,1,143.084220215,0,23665.30
R8_4,20,0.955630867825,0,1,124.924150484,0,21711.90
R8_4,21,0.94062373841,0,1,122.962354401,0,24610.30
R8_4,22,1.06148638393,0,1,138.762035874,0,30331.60
R8_4,23,0.924391813151,0,1,120.840447772,0,26739.30
R8_4,24,1.34035836167,0,1,175.217372432,0,26590.40
R8_4,25,1.08193265834,0,1,141.434860232,0,31587.80
R8_4,26,1.02151761725,0,1,133.537147905,0,26505.10
R8_4,27,1.090083467,0,1,142.500368768,0,26721.90
R8_4,28,0.909127360297,0,1,118.845013269,0,39559.70
R8_4,29,1.16563701908,0,1,152.377051939,0,26626.80
R8_4,30,1.45080972858,0,1,189.656047078,0,26590.90
R8_4,31,0.864995220883,0,1,113.075871427,1,21846.80
R8_4,32,0.961885207292,0,1,125.741744464,0,29178.70
R8_4,33,1.54318144132,0,1,201.731272074,0,31731.50
R8_4,34,0.978567811894,0,1,127.922565823,0,26684.60
R8_4,35,1.19495457792,0,1,156.209568505,0,26698.20
R8_4,36,1.09872359533,0,1,143.629843263,0,26643.60
R8_4,37,0.952078869208,0,1,124.459818047,0,26587.60
R8_4,38,1.48990999737,0,1,194.76740129,0,28920.50
R8_4,39,1.03346703595,0,1,135.099226978,0,26933.90
R8_4,40,1.44728988765,0,1,189.19591843,0,26720.90
R8_4,41,1.45062392271,0,1,189.63175774,0,26876.80
R8_4,42,1.00711745939,0,1,131.654697737,0,26626.70
R8_4,43,1.00303520597,0,1,131.121048127,0,26811.40
R8_4,44,1.18270966708,0,1,154.608861438,0,26573.90
R8_4,45,0.975186394148,0,1,127.480532446,0,26600.30
R8_4,46,1.10835646552,0,1,144.889093216,0,26871.30
R8_4,47,0.95435961239,0,1,124.757966541,0,23558.10
R8_4,48,1.05530638919,0,1,137.954160554,0,21520.70
R8_4,49,1.11452871825,0,1,145.695956468,0,21657.90
R8_4,50,1.02380006399,0,1,133.835519096,0,21795.20
R8_4,51,1.05888118965,0,1,138.421473744,0,21513.60
R8_4,52,1,1,0,0,0,21413.70
R8_4,53,1.5075123834,0,1,197.068460407,0,28572.20
R8_4,54,1.02191111646,0,1,133.588587804,0,26711.90
R8_4,55,0.969541223036,0,1,126.742571557,0,26829.30
R8_4,56,1.34231305732,0,1,175.472898601,0,26511.70
R8_4,57,1.07390713585,0,1,140.385729639,0,26477.00
R8_4,58,1.36548846203,0,1,178.502486533,0,26630.60
R8_4,59,1.36222903697,0,1,178.076400562,0,26658.10
R8_4,60,1.09414138111,0,1,143.030836641,0,26507.00
R8_4,61,0.929954142055,0,1,121.567579174,0,27276.00
R8_4,62,1.2121379223,0,1,158.455848708,0,28643.70
R8_4,63,1.04763137613,0,1,136.950850051,0,29648.60
R8_4,64,0.931148082866,0,1,121.723656218,0,26517.60
R8_5,1,0.868497187486,0,1,154.087405357,0,26579.00
R8_5,2,0.991482245131,0,1,175.907220899,0,26737.60
R8_5,3,1.17929214191,0,1,209.228157469,0,22127.70
R8_5,4,0.842016981225,0,1,149.3893288,0,21613.10
R8_5,5,1.55164849848,0,1,275.291036748,0,21761.30
R8_5,6,1.03123811966,0,1,182.960645645,0,21671.20
R8_5,7,1.01816032808,0,1,180.640404426,0,21579.40
R8_5,8,0.951827745021,0,1,168.871781843,0,22072.40
R8_5,9,1.38474404691,0,1,245.679111395,0,21607.40
R8_5,10,0.979703404722,0,1,173.817437555,0,21717.20
R8_5,11,0.842016981225,0,1,149.3893288,0,21931.10
R8_5,12,0.986927091895,0,1,175.099052774,0,21451.10
R8_5,13,1.04228169359,0,1,184.919979166,0,21946.10
R8_5,14,0.90072622403,0,1,159.805430342,0,22518.60
R8_5,15,1.40958577669,0,1,250.086492031,0,22156.10
R8_5,16,1.0826374663,0,1,192.079836904,0,21983.40
R8_5,17,1.29643023799,0,1,230.010614285,0,23002.00
R8_5,18,1.3563196934,0,1,240.636107291,0,21841.90
R8_5,19,0.881845745572,0,1,156.455685543,0,21655.00
R8_5,20,1.26830468291,0,1,225.020622527,0,28067.90
R8_5,21,0.984832607964,0,1,174.727452729,0,26678.70
R8_5,22,0.888904880435,0,1,157.70810615,0,26693.80
R8_5,23,0.955113307686,0,1,169.454701205,0,26530.70
R8_5,24,0.890210430633,0,1,157.939734813,0,26653.40
R8_5,25,0.979703404722,0,1,173.817437555,0,26740.10
R8_5,26,0.926854954759,0,1,164.441148663,0,26560.90
R8_5,27,1.31657056396,0,1,233.583879248,0,26591.20
R8_5,28,1.19916475987,0,1,212.753926098,0,26824.40
R8_5,29,1.22128995398,0,1,216.679343248,0,26766.70
R8_5,30,0.897886826945,0,1,159.301668976,0,33337.10
R8_5,31,0.923595634033,0,1,163.862885105,0,26739.20
R8_5,32,1.22989697964,0,1,218.206388206,0,26710.00
R8_5,33,0.848224227695,0,1,150.490608708,0,26787.10
R8_5,34,1.03161430852,0,1,183.027388481,0,24863.30
R8_5,35,1,1,0,0,0,21648.10
R8_5,36,0.920999183821,0,1,163.402226991,0,21862.10
R8_5,37,1.12208584597,0,1,199.078706395,0,22342.50
R8_5,38,1.12208584597,0,1,199.078706395,0,26754.70
R8_5,39,0.991048896958,0,1,175.830336948,0,26484.90
R8_5,40,1.44690340904,0,1,256.707327684,0,26577.80
R8_5,41,1.17929214191,0,1,209.228157469,0,26541.40
R8_5,42,0.926217506341,0,1,164.328053567,0,26482.00
R8_5,43,0.87491114179,0,1,155.225359044,0,26504.20
R8_5,44,0.960866534759,0,1,170.475429706,0,23424.40
R8_5,45,1.03408743846,0,1,183.466167305,0,22354.00
R8_5,46,1.15240207865,0,1,204.457364727,0,21882.30
R8_5,47,0.934655533892,0,1,165.825115147,0,28565.70
R8_5,48,1.04149164854,0,1,184.779810615,0,30130.20
R8_5,49,0.995921193327,0,1,176.694772108,0,26566.70
R8_5,50,1.08414672938,0,1,192.347607986,0,30453.30
R8_5,51,0.929363868882,0,1,164.886276261,0,44105.50
R8_5,52,1.59378816651,0,1,282.767390388,0,26619.50
R8_5,53,1.06624563199,0,1,189.171623435,0,26633.40
R8_5,54,1.55164849848,0,1,275.291036748,0,26910.80
R8_5,55,1.01175904646,0,1,179.504699108,0,26651.30
R8_5,56,1.21686430527,0,1,215.894151612,0,26670.00
R8_5,57,1.11762480746,0,1,198.287235957,0,26523.30
R8_5,58,0.965952129507,0,1,171.377707929,0,26960.00
R8_5,59,1.20043280879,0,1,212.978901344,0,26770.10
R8_5,60,0.979703404722,0,1,173.817437555,0,26609.60
R8_5,61,0.967313943206,0,1,171.619318774,0,26748.20
R8_5,62,1.06475058887,0,1,188.906375236,0,26543.30
R8_5,63,0.963648727621,0,1,170.969041988,0,22950.30
R8_5,64,1.32508645722,0,1,235.09475564,0,22284.20
R8_6,1,1.15071052687,0,1,146.68639307,0,22118.50
R8_6,2,0.977206230486,0,1,124.568997926,0,22142.30
R8_6,3,1.13909028219,0,1,145.205106735,0,21713.00
R8_6,4,1.17340607662,0,1,149.579499767,0,21842.50
R8_6,5,1.19495875706,0,1,152.326919626,0,21974.00
R8_6,6,1.01873431636,0,1,129.862775105,0,22744.80
R8_6,7,1.41375616889,0,1,180.218037683,0,22076.80
R8_6,8,1.14450641099,0,1,145.895525723,0,21965.20
R8_6,9,1.24420589626,0,1,158.604680235,0,21760.70
R8_6,10,1,1,0,0,0,21941.00
R8_6,11,0.975485452795,0,1,124.349642435,0,22374.10
R8_6,12,1.09025407322,0,1,138.979729303,0,22057.90
R8_6,13,1.0996312066,0,1,140.175075865,0,21943.00
R8_6,14,1.30846944715,0,1,166.796652296,0,21768.10
R8_6,15,1.07032917752,0,1,136.439810692,0,21851.20
R8_6,16,1.38036358884,0,1,175.961331058,0,22278.40
R8_6,17,1.25037194816,0,1,159.39069539,0,21703.10
R8_6,18,1.0878817403,0,1,138.677317053,0,22311.50
R8_6,19,1.09384920581,0,1,139.438017481,0,21954.60
R8_6,20,1.27402010505,0,1,162.405235325,0,21854.80
R8_6,21,0.992518502467,0,1,126.520924057,0,21998.10
R8_6,22,1.0996312066,0,1,140.175075865,0,22171.10
R8_6,23,1.0878817403,0,1,138.677317053,0,24283.80
R8_6,24,1.31370354762,0,1,167.463867292,0,26529.00
R8_6,25,1.04097417165,0,1,132.697792322,0,26527.50
R8_6,26,1.37110610551,0,1,174.781236841,0,26633.40
R8_6,27,1.27207499876,0,1,162.15728363,0,26638.80
R8_6,28,1.16927331633,0,1,149.052677697,0,26635.70
R8_6,29,1.14037365069,0,1,145.368703653,0,26648.80
R8_6,30,1.05259256171,0,1,134.17884224,0,26697.60
R8_6,31,1,1,0,0,0,26564.20
R8_6,32,1.04097417165,0,1,132.697792322,0,26746.60
R8_6,33,1.03174035252,0,1,131.52071469,0,26484.60
R8_6,34,1.32464410283,0,1,168.858510465,0,26602.90
R8_6,35,1.32617789829,0,1,169.054030468,0,25950.50
R8_6,36,1.31997785635,0,1,168.263682445,0,22324.00
R8_6,37,1.40953509636,0,1,179.679958045,0,22576.50
R8_6,38,1.33693070628,0,1,170.424740635,0,22357.30
R8_6,39,1.13732726266,0,1,144.98036648,0,22150.30
R8_6,40,1.34668444498,0,1,171.668094819,0,22176.30
R8_6,41,1.05259256171,0,1,134.17884224,0,21639.80
R8_6,42,1.12493908957,0,1,143.401188759,0,21673.20
R8_6,43,1.17883635899,0,1,150.271722975,0,22023.80
R8_6,44,1,1,0,0,0,22029.60
R8_6,45,1.51134791204,0,1,192.658508558,0,21993.90
R8_6,46,1.14123779911,0,1,145.478860648,0,21654.10
R8_6,47,1.16294020068,0,1,148.245366154,0,21488.10
R8_6,48,1.21944303286,0,1,155.448043506,0,21446.50
R8_6,49,1.35493665469,0,1,172.720042159,0,22734.90
R8_6,50,1.11347734417,0,1,141.940107061,0,26026.80
R8_6,51,1.28946726777,0,1,164.374356602,0,21824.00
R8_6,52,1.36388482865,0,1,173.86070728,0,21664.00
R8_6,53,1.0878817403,0,1,138.677317053,0,22057.20
R8_6,54,1.34074162291,0,1,170.910535804,0,21498.90
R8_6,55,1.09384920581,0,1,139.438017481,0,21703.10
R8_6,56,1.07382721677,0,1,136.885721934,0,21602.60
R8_6,57,1.22321729208,0,1,155.929165786,0,21600.90
R8_6,58,1.23292678651,0,1,157.166879948,0,21427.60
R8_6,59,1.14749623614,0,1,146.276652563,0,21490.90
R8_6,60,1,1,0,0,0,21351.70
R8_6,61,1.14037365069,0,1,145.368703653,0,26128.90
R8_6,62,1.23462211272,0,1,157.382991021,0,21784.90
R8_6,63,1.22856000001,0,1,156.610225476,0,21990.30
R8_6,64,0.99871232732,0,1,127.310479558,0,22034.20
R8_7,1,0.968310758232,0,1,139.502842239,0,21505.20
R8_7,2,1.11824344275,0,1,161.10338262,0,21848.90
R8_7,3,1.23139754452,0,1,177.405296725,0,21681.30
R8_7,4,1.17009149831,0,1,168.573041563,0,24634.60
R8_7,5,1.42274191101,0,1,204.971945908,0,21581.50
R8_7,6,1.09184695747,0,1,157.30048702,0,21528.80
R8_7,7,0.990599359698,0,1,142.713922181,0,21608.00
R8_7,8,0.919285996894,0,1,132.43993037,0,21846.40
R8_7,9,0.998512251429,0,1,143.853918693,0,21466.90
R8_7,10,1.01518057745,0,1,146.255295354,0,21852.60
R8_7,11,1.02842270361,0,1,148.163065376,0,28122.40
R8_7,12,1.25044784727,0,1,180.149840619,0,29584.20
R8_7,13,0.965332962566,0,1,139.07383641,0,26699.80
R8_7,14,1.3009039241,0,1,187.418959615,0,26776.40
R8_7,15,1.07026659511,0,1,154.19144185,0,26654.40
R8_7,16,1.1304629058,0,1,162.863819351,0,26744.30
R8_7,17,1.08900915204,0,1,156.891649341,0,26444.40
R8_7,18,1.21736286487,0,1,175.383344903,0,26553.10
R8_7,19,1.04587470155,0,1,150.677344284,0,25487.20
R8_7,20,0.976928949411,0,1,140.744450012,0,21389.60
R8_7,21,1.00695613906,0,1,145.070414859,0,21659.10
R8_7,22,1.06492728413,0,1,153.422216628,0,22210.30
R8_7,23,0.996199892114,0,1,143.520781119,0,22152.00
R8_7,24,1.18189400573,0,1,170.273408224,0,22099.40
R8_7,25,0.994921221046,0,1,143.336565209,0,22589.30
R8_7,26,1.25280528824,0,1,180.489473029,0,22806.90
R8_7,27,1.02870679915,0,1,148.203994525,0,22147.70
R8_7,28,0.92477973496,0,1,133.231403632,0,22363.80
R8_7,29,1.09467908942,0,1,157.708507331,0,37436.20
R8_7,30,1.27645563145,0,1,183.896736729,0,28621.60
R8_7,31,1.27722796476,0,1,184.008005442,0,26493.10
R8_7,32,1.11529715421,0,1,160.678915969,0,39851.90
R8_7,33,0.990553637351,0,1,142.707335042,0,26492.70
R8_7,34,1.27861202855,0,1,184.207405099,0,26586.30
R8_7,35,1.23203537709,0,1,177.49718815,0,24009.00
R8_7,36,1.08493273583,0,1,156.304367167,0,21376.90
R8_7,37,0.963289707433,0,1,138.779468207,0,21669.10
R8_7,38,1.0431468599,0,1,150.284348895,0,22007.20
R8_7,39,0.97594053571,0,1,140.602050974,0,21993.50
R8_7,40,1.04438946713,0,1,150.463369152,0,22014.30
R8_7,41,1,1,0,0,0,21930.30
R8_7,42,1.00931298779,0,1,145.409961944,0,35468.70
R8_7,43,1.09547059236,0,1,157.82253778,0,26674.30
R8_7,44,0.997597421047,0,1,143.722120675,0,26540.60
R8_7,45,0.965332962566,0,1,139.07383641,0,26548.10
R8_7,46,1.02136878098,0,1,147.146819045,0,26652.30
R8_7,47,1.11441429378,0,1,160.551723806,0,26479.70
R8_7,48,1.00862635923,0,1,145.311040565,0,26652.00
R8_7,49,1.08168645102,0,1,155.836680576,0,24255.30
R8_7,50,1.09184695747,0,1,157.30048702,0,22831.90
R8_7,51,0.989891818102,0,1,142.611987897,0,21614.70
R8_7,52,1.05923070851,0,1,152.601520913,0,21745.00
R8_7,53,1.04365738245,0,1,150.357898988,0,21572.50
R8_7,54,1.01781505271,0,1,146.63483961,0,23721.30
R8_7,55,1.07026659511,0,1,154.19144185,0,22013.00
R8_7,56,1.37921385452,0,1,198.700934721,0,24717.30
R8_7,57,0.998512251429,0,1,143.853918693,0,21799.10
R8_7,58,1.07059668186,0,1,154.238996873,0,21730.60
R8_7,59,1.03055676304,0,1,148.470515596,0,25732.20
R8_7,60,1.11724657327,0,1,160.959765373,0,30773.60
R8_7,61,1.40259866633,0,1,202.069943776,0,27784.00
R8_7,62,1.17009149831,0,1,168.573041563,0,26596.10
R8_7,63,1.09442386627,0,1,157.671737777,0,26593.50
R8_7,64,1.18530903423,0,1,170.765405424,0,26550.30
R8_8,1,1.33363605509,0,1,210.229610002,0,25215.10
R8_8,2,1.03072457464,0,1,162.479729398,0,21665.20
R8_8,3,1.32177405842,0,1,208.359727341,0,29659.60
R8_8,4,1.1994994396,0,1,189.084794478,0,26591.70
R8_8,5,1.14179853511,0,1,179.989030605,0,26698.40
R8_8,6,1.4817824602,0,1,233.582878572,0,26699.60
R8_8,7,1.24682617585,0,1,196.545211633,0,26591.00
R8_8,8,1.07311408597,0,1,169.161860104,0,26928.70
R8_8,9,1.31876728295,0,1,207.885750028,0,26545.60
R8_8,10,1.27159406034,0,1,200.449532214,0,26583.80
R8_8,11,1.38745187408,0,1,218.712942913,0,26701.90
R8_8,12,1.1479748632,0,1,180.96264484,0,26708.30
R8_8,13,1.05165093261,0,1,165.778485499,0,26696.80
R8_8,14,0.922523645575,0,1,145.423322567,0,26574.20
R8_8,15,1.05366137954,0,1,166.095405151,0,23833.70
R8_8,16,1.28104521186,0,1,201.939377881,0,21631.60
R8_8,17,1.40398366027,0,1,221.318954464,0,21835.40
R8_8,18,1.18345690478,0,1,186.55590676,0,21739.30
R8_8,19,1.01209118853,0,1,159.542429165,0,21544.80
R8_8,20,0.911613781497,0,1,143.703530678,0,24843.30
R8_8,21,1.12381834024,0,1,177.1546971,0,26953.40
R8_8,22,1.06256079668,0,1,167.498277388,0,26596.10
R8_8,23,1.21275121378,0,1,191.173756684,0,26602.60
R8_8,24,1.24312125029,0,1,195.961180441,0,26639.90
R8_8,25,1.16687937311,0,1,183.942684057,0,24192.60
R8_8,26,1.07311408597,0,1,169.161860104,0,22588.00
R8_8,27,1.26753481168,0,1,199.809646797,0,21541.70
R8_8,28,1.185742166,0,1,186.916147153,0,21820.10
R8_8,29,1.39642359771,0,1,220.127213285,0,22094.00
R8_8,30,1.02079434711,0,1,160.914363905,0,21619.70
R8_8,31,1.2838211671,0,1,202.376969519,0,21434.10
R8_8,32,1.2983465073,0,1,204.666692112,0,21413.30
R8_8,33,1.0105991532,0,1,159.307230061,0,21402.20
R8_8,34,1.21699943701,0,1,191.843431376,0,21525.70
R8_8,35,1.18165675709,0,1,186.272137928,0,21577.90
R8_8,36,1.29123889097,0,1,203.546272938,0,22147.20
R8_8,37,1.41834199408,0,1,223.582350767,0,22125.40
R8_8,38,1.49032928254,0,1,234.930169027,0,22494.10
R8_8,39,1.12827297088,0,1,177.856909115,0,22004.80
R8_8,40,0.981921304056,0,1,154.786556659,0,21941.40
R8_8,41,1.4909810314,0,1,235.032908383,0,21695.70
R8_8,42,1.08085676531,0,1,170.382388337,0,21826.30
R8_8,43,1.0337977832,0,1,162.964178985,0,22203.30
R8_8,44,1.06560309916,0,1,167.977855051,0,22225.80
R8_8,45,1.09991397294,0,1,173.386498275,0,22079.00
R8_8,46,1.05366137954,0,1,166.095405151,0,22010.20
R8_8,47,0.976277514611,0,1,153.89688991,0,21410.00
R8_8,48,0.966174278786,0,1,152.304252009,0,21607.30
R8_8,49,1.26753481168,0,1,199.809646797,0,21724.40
R8_8,50,1.20975929827,0,1,190.702121842,0,21860.00
R8_8,51,1.06393350672,0,1,167.714666481,0,21511.70
R8_8,52,1.41338028395,0,1,222.800204557,0,21456.60
R8_8,53,1.09991397294,0,1,173.386498275,0,21474.40
R8_8,54,1.36962242238,0,1,215.902372022,0,23052.50
R8_8,55,0.98944394712,0,1,155.972399162,0,34401.00
R8_8,56,1.08290937451,0,1,170.705954299,0,26848.70
R8_8,57,1.18165675709,0,1,186.272137928,0,22319.30
R8_8,58,1.34612256651,0,1,212.19793893,0,21498.90
R8_8,59,1.11082383702,0,1,175.106290164,0,21698.20
R8_8,60,1.37894736187,0,1,217.372322076,0,22836.00
R8_8,61,1.24101774018,0,1,195.629590642,0,34461.60
R8_8,62,1.00392491363,0,1,158.255126846,0,33876.90
R8_8,63,1.54405516803,0,1,243.399325144,0,23459.20
R8_8,64,1.03777158261,0,1,163.590594488,0,26840.70
R8_9,1,1.03125342208,0,1,135.472335688,0,26755.70
R8_9,2,1.08565826021,0,1,142.619318512,0,26652.90
R8_9,3,0.944999295494,0,1,124.141417661,0,26650.50
R8_9,4,1.18948542697,0,1,156.25874844,0,26585.50
R8_9,5,1.20768533501,0,1,158.649609889,0,26778.70
R8_9,6,1.18655437493,0,1,155.873705872,0,26631.30
R8_9,7,1.26535495713,0,1,166.225476539,0,25412.70
R8_9,8,1.46353941513,0,1,192.260310312,0,22033.20
R8_9,9,1.00537161057,0,1,132.072328104,0,21554.10
R8_9,10,1.32366749063,0,1,173.88580032,0,21653.40
R8_9,11,0.94673896325,0,1,124.369952034,0,20933.20
R8_9,12,1.04317037091,0,1,137.037825662,0,20594.20
R8_9,13,1.03125342208,0,1,135.472335688,0,21196.30
R8_9,14,1.12450887009,0,1,147.72299405,0,21199.70
R8_9,15,1.20698370376,0,1,158.557438924,0,29239.50
R8_9,16,1.06422024588,0,1,139.803077797,0,26946.60
R8_9,17,1.34726090471,1,0,45.6185112676,0,20678.80
R8_9,18,1.66481688945,0,1,218.701463364,0,21381.50
R8_9,19,1.22615572048,0,1,161.07600306,0,21863.70
R8_9,20,1.13920067653,0,1,149.653007847,0,21854.50
R8_9,21,1.4238041639,0,1,187.04042238,0,21582.30
R8_9,22,1.3462385603,0,1,176.850886748,0,21034.20
R8_9,23,1.02858717855,0,1,135.122080135,0,21317.90
R8_9,24,0.932919847879,0,1,122.554580762,0,21376.50
R8_9,25,1.06449556495,0,1,139.83924555,0,21395.40
R8_9,26,1.08739792797,0,1,142.847852885,0,21950.10
R8_9,27,1.11932270084,0,1,147.041704226,0,22494.50
R8_9,28,1.59511732272,0,1,209.54526286,0,24316.40
R8_9,29,1.17051773658,0,1,153.767025974,0,22691.90
R8_9,30,1,1,0,0,0,23308.40
R8_9,31,1.10676171935,0,1,145.391609822,0,22058.60
R8_9,32,1.96499550101,0,1,258.134930212,0,21797.60
R8_9,33,1.14887959708,0,1,150.924495481,0,21235.80
R8_9,34,1.24042263626,0,1,162.950200384,0,21750.30
R8_9,35,1.06582162418,0,1,140.013445544,0,21584.60
R8_9,36,1.74327501089,0,1,229.008246098,0,21770.10
R8_9,37,1.36886018693,0,1,179.822614677,0,21772.50
R8_9,38,1.67750839678,0,1,220.368704514,0,21942.30
R8_9,39,1.25311667337,0,1,164.617773863,0,21517.70
R8_9,40,1.0749561073,0,1,141.213412242,0,21467.10
R8_9,41,1.34764929683,0,1,177.03621052,0,21624.40
R8_9,42,1.31034794699,0,1,172.136056126,0,26753.90
R8_9,43,1.00537161057,0,1,132.072328104,0,26660.20
R8_9,44,1.16646653247,0,1,153.234832751,0,22294.70
R8_9,45,1.20375987945,0,1,158.133935836,0,21599.40
R8_9,46,1.1724428194,0,1,154.019917708,0,21801.30
R8_9,47,1.13920067653,0,1,149.653007847,0,22824.00
R8_9,48,1.42921475584,0,1,187.751193866,0,21704.40
R8_9,49,2.6216948708,1,0,213.036667048,0,21748.50
R8_9,50,1.26048478042,0,1,165.585697606,0,26212.10
R8_9,51,1.06756129193,0,1,140.241979917,0,26746.80
R8_9,52,1.1651741501,0,1,153.065056772,0,26802.50
R8_9,53,0.967901658507,0,1,127.150024996,0,26643.80
R8_9,54,1.1747365923,0,1,154.321243032,0,26585.40
R8_9,55,1.06449556495,0,1,139.83924555,0,25934.40
R8_9,56,1.22615572048,0,1,161.07600306,0,21605.50
R8_9,57,1.16803901009,0,1,153.441403911,0,21230.00
R8_9,58,1.32366749063,0,1,173.88580032,0,21150.20
R8_9,59,1.25851533441,0,1,165.326978026,0,21662.10
R8_9,60,1.17051773658,0,1,153.767025974,0,21727.00
R8_9,61,1.05241611734,0,1,138.252408651,0,21786.80
R8_9,62,1.15894065598,0,1,152.246183361,0,21621.30
R8_9,63,1.2880113153,0,1,169.201767035,0,23786.80
R8_9,64,1.1108644937,0,1,145.930577657,0,21757.00
R9_0,1,1.23794578023,0,1,181.777147441,0,34199.40
R9_0,2,1.20607482697,0,1,177.097289032,0,33580.80
R9_0,3,1.05092211457,0,1,154.315017038,0,34146.10
R9_0,4,1.03439201612,0,1,151.887774916,0,49976.00
R9_0,5,1.09568498259,0,1,160.887894939,0,35019.60
R9_0,6,1.04685793267,0,1,153.718241797,0,33418.40
R9_0,7,2.20452028614,1,0,176.869023786,0,32892.10
R9_0,8,1.08444096417,0,1,159.236848805,0,32390.70
R9_0,9,1.03056470918,0,1,151.325781856,0,35780.30
R9_0,10,1.20878388891,0,1,177.495081535,0,33638.20
R9_0,11,0.971173187445,0,1,142.604865661,0,33044.40
R9_0,12,1.11824397674,0,1,164.200406416,0,33844.10
R9_0,13,0.932062516945,0,1,136.861943611,0,33798.80
R9_0,14,1.10987711112,0,1,162.971834867,0,34313.00
R9_0,15,1.11164904392,0,1,163.232021455,0,34373.70
R9_0,16,1.01610120111,0,1,149.201993172,0,42012.60
R9_0,17,1.12095017439,0,1,164.597778335,0,42172.80
R9_0,18,2.55346748216,1,0,228.107637716,0,35502.80
R9_0,19,1.04422232476,0,1,153.331235116,0,34170.70
R9_0,20,1.12284664623,0,1,164.876251953,0,34224.70
R9_0,21,1.02530965149,0,1,150.554141117,0,34221.00
R9_0,22,1.06630571816,0,1,156.57391046,0,33787.70
R9_0,23,1.04082247989,0,1,152.832009616,0,50101.00
R9_0,24,1.17795198032,0,1,172.967794087,0,36114.90
R9_0,25,2.63349586354,1,0,239.858823523,0,34162.90
R9_0,26,0.992839482433,0,1,145.786295221,0,34185.70
R9_0,27,1.11762748379,0,1,164.109881992,0,34021.10
R9_0,28,1.06137263715,0,1,155.849548045,0,34405.00
R9_0,29,0.932062516945,0,1,136.861943611,0,34210.60
R9_0,30,1.12241330089,0,1,164.812620507,0,34140.60
R9_0,31,1.08510231467,0,1,159.33396001,0,34119.70
R9_0,32,1.02939662283,0,1,151.154262708,0,33946.10
R9_0,33,1.04627828625,0,1,153.633127832,0,34278.10
R9_0,34,0.923327009634,0,1,135.579241552,0,34271.70
R9_0,35,1.13917327934,0,1,167.273617687,0,41822.30
R9_0,36,1.09091489028,0,1,160.187465415,0,40633.40
R9_0,37,1.0320281661,0,1,151.540672547,0,35515.60
R9_0,38,1.22833704984,0,1,180.366223289,0,34687.20
R9_0,39,1.00032342672,0,1,146.885220606,0,36063.10
R9_0,40,0.978361729215,0,1,143.660414812,0,40431.10
R9_0,41,1.09766158609,0,1,161.178134909,0,36032.50
R9_0,42,1.13160074406,0,1,166.161683801,0,34745.80
R9_0,43,0.994318209916,0,1,146.003428206,0,34367.70
R9_0,44,1.16967661209,0,1,171.752657807,0,37734.90
R9_0,45,0.949786766992,0,1,139.464532242,0,34149.60
R9_0,46,1.01425590988,0,1,148.931034798,0,34039.90
R9_0,47,0.965347483035,0,1,141.749432453,0,38808.10
R9_0,48,0.900689620874,0,1,132.255218788,0,39842.30
R9_0,49,1.16790757623,0,1,171.492896597,0,37653.90
R9_0,50,1.04010178525,0,1,152.72618445,0,34287.40
R9_0,51,1.29432802339,0,1,190.056188003,0,34976.20
R9_0,52,1.17329819226,0,1,172.284442414,0,46534.20
R9_0,53,0.933824963212,0,1,137.120737219,0,37823.00
R9_0,54,1.02461135816,0,1,150.451605309,0,34026.40
R9_0,55,1.13985695252,0,1,167.374006704,0,35038.10
R9_0,56,1.13917327934,0,1,167.273617687,0,33240.60
R9_0,57,1.1683463402,0,1,171.557323702,0,34247.90
R9_0,58,1.0646574807,0,1,156.331887014,0,34255.50
R9_0,59,1.03065863629,0,1,151.339573899,0,33356.50
R9_0,60,1.08738179846,0,1,159.668674234,0,34590.70
R9_0,61,1.05450615985,0,1,154.841290109,0,34841.40
R9_0,62,0.969842480012,0,1,142.409467603,0,33066.80
R9_0,63,1.03462827783,0,1,151.922467049,0,34039.30
R9_0,64,1.397279258,0,1,205.173313528,0,33148.00
R9_1,1,0.961178879726,0,1,147.785487422,0,33096.20
R9_1,2,1.53547790303,0,1,236.086492442,0,49611.70
R9_1,3,1.37058024089,0,1,210.732750399,0,34224.50
R9_1,4,1.60822850496,0,1,247.272218007,0,36538.50
R9_1,5,1.15066497697,0,1,176.919809691,0,34103.50
R9_1,6,1.8067691617,0,1,277.798718691,0,32808.20
R9_1,7,0.991926363471,0,1,152.513048511,0,43052.20
R9_1,8,1.019050135,0,1,156.683447883,0,40579.20
R9_1,9,1.12211547027,0,1,172.530197255,0,34181.50
R9_1,10,1.0303904378,0,1,158.4270694,0,39620.10
R9_1,11,1.14247926141,0,1,175.661219861,0,52787.80
R9_1,12,0.913785991778,0,1,140.498622101,0,41974.20
R9_1,13,1.03126901245,0,1,158.562154124,0,35028.40
R9_1,14,0.910066623694,0,1,139.926752871,0,33762.90
R9_1,15,0.977322542971,0,1,150.26764677,0,34197.80
R9_1,16,1.32559792429,0,1,203.816521043,0,34396.40
R9_1,17,1.52126058559,0,1,233.900517249,0,34268.30
R9_1,18,1.00950695544,0,1,155.216141981,0,34370.90
R9_1,19,0.93641866852,0,1,143.978495863,0,33753.90
R9_1,20,1.0219312506,0,1,157.1264321,0,34068.90
R9_1,21,0.954017615871,0,1,146.684411553,0,33972.80
R9_1,22,1.0219312506,0,1,157.1264321,0,34045.80
R9_1,23,1.09499382149,0,1,168.360124267,0,34026.60
R9_1,24,1.19775171833,0,1,184.159603626,0,34436.20
R9_1,25,1.01664733915,0,1,156.314007435,0,36311.60
R9_1,26,1.06157404593,0,1,163.221686536,0,38155.80
R9_1,27,1.28582116126,0,1,197.700668483,0,37058.20
R9_1,28,1.1976581003,0,1,184.145209441,0,33917.90
R9_1,29,3.22948883972,1,0,342.793731561,0,34382.00
R9_1,30,1.18164972405,0,1,181.683851064,0,33997.40
R9_1,31,1.34274432258,0,1,206.452855323,0,34061.20
R9_1,32,1.4978923929,0,1,230.307554669,0,34284.50
R9_1,33,1.39812808635,0,1,214.968353006,0,34585.80
R9_1,34,1.21968129544,0,1,187.531372722,0,34514.50
R9_1,35,1.30282966183,0,1,200.315800381,0,34238.50
R9_1,36,1.13440363113,0,1,174.419556126,0,34086.10
R9_1,37,0.959244532307,0,1,147.488072984,0,33602.30
R9_1,38,1.26687683183,0,1,194.78789437,0,34993.60
R9_1,39,1.24995229776,0,1,192.185672693,0,35842.50
R9_1,40,1.62784895814,0,1,250.288949125,0,34768.30
R9_1,41,1.13746350363,0,1,174.890025004,0,44320.50
R9_1,42,0.93641866852,0,1,143.978495863,0,34482.30
R9_1,43,1.12595063174,0,1,173.119870227,0,33986.60
R9_1,44,1.40190493101,0,1,215.549059512,0,34426.60
R9_1,45,1.49400988054,0,1,229.71060129,0,34269.50
R9_1,46,1.12211547027,0,1,172.530197255,0,34401.30
R9_1,47,1,1,0,0,0,34204.90
R9_1,48,1.28601816237,0,1,197.730958271,0,36679.90
R9_1,49,1.09555668688,0,1,168.4466673,0,34377.50
R9_1,50,1.15053839716,0,1,176.900347487,0,34236.40
R9_1,51,1.05378392411,0,1,162.023920986,0,34136.90
R9_1,52,0.921640482643,0,1,141.706284676,0,34058.80
R9_1,53,2.34495435582,1,0,206.79265767,0,34157.60
R9_1,54,1.80932372226,0,1,278.191493631,0,34384.00
R9_1,55,1.1785495375,0,1,181.207183724,0,34550.40
R9_1,56,1.33517383838,0,1,205.288860023,0,42146.30
R9_1,57,1.08099784402,0,1,166.208181068,0,34328.70
R9_1,58,1.04239670591,0,1,160.273086019,0,34340.40
R9_1,59,1.40961673997,0,1,216.734784115,0,33973.10
R9_1,60,1.11365609379,0,1,171.229530853,0,40136.50
R9_1,61,1.11707090274,0,1,171.754572773,0,44523.40
R9_1,62,1.0303904378,0,1,158.4270694,0,42219.10
R9_1,63,1.03681383472,0,1,159.414694977,0,36022.70
R9_1,64,1.40306213422,1,0,61.9725789056,0,33911.60
R9_2,1,1.25816906325,0,1,170.360413171,0,34266.00
R9_2,2,1.47929634008,0,1,200.301806061,0,34399.50
R9_2,3,1.16140617311,0,1,157.258385451,0,34071.60
R9_2,4,1.01207322319,0,1,137.038191049,0,34217.40
R9_2,5,0.945973035829,0,1,128.087998616,0,33865.90
R9_2,6,0.916037282811,0,1,124.034594824,0,33751.80
R9_2,7,2.30737189722,1,0,177.02264591,0,34036.40
R9_2,8,1.19309641968,0,1,161.549353697,0,34062.30
R9_2,9,1.03431244354,0,1,140.04945788,0,33982.00
R9_2,10,1.21374892454,0,1,164.345773799,0,34706.70
R9_2,11,1.56435854972,0,1,211.819521448,0,34530.80
R9_2,12,0.949981056279,0,1,128.630698353,0,35608.80
R9_2,13,0.907555427368,0,1,122.88612246,0,34077.10
R9_2,14,1.30739227603,0,1,177.025405271,0,33998.20
R9_2,15,1.05830346048,0,1,143.297923987,0,34019.30
R9_2,16,1.23338309974,0,1,167.004308568,0,34220.10
R9_2,17,0.9826886755,0,1,133.059422352,0,34034.50
R9_2,18,1.0825966951,0,1,146.587311405,0,33993.20
R9_2,19,1.21347273744,0,1,164.308377118,0,34010.10
R9_2,20,1.19848514334,0,1,162.279005391,0,33880.00
R9_2,21,1.0653022515,0,1,144.245584333,0,34055.30
R9_2,22,1.42563550626,0,1,193.035944828,0,33840.00
R9_2,23,0.976292871756,0,1,132.193408554,0,33916.20
R9_2,24,0.985721740436,0,1,133.470109763,0,34193.20
R9_2,25,0.996958765942,0,1,134.991641617,0,43091.70
R9_2,26,1.04019703139,0,1,140.846251289,0,34137.80
R9_2,27,1.159521741,0,1,157.00322687,0,35437.00
R9_2,28,1.30472121544,0,1,176.663734492,0,34121.30
R9_2,29,2.23443312684,1,0,167.146485845,0,34288.00
R9_2,30,0.917725106017,0,1,124.263131884,0,34133.40
R9_2,31,1.04547275311,0,1,141.560602133,0,34182.20
R9_2,32,1.0202382609,0,1,138.143765204,0,55307.20
R9_2,33,1.06424632377,0,1,144.102608091,0,42275.10
R9_2,34,1.00015639977,0,1,135.424612222,0,42064.00
R9_2,35,0.92839477186,0,1,125.707841291,0,42369.50
R9_2,36,0.898932169436,0,1,121.718503714,0,42323.00
R9_2,37,0.938435789504,0,1,127.067429572,0,42138.00
R9_2,38,0.974451449376,0,1,131.944073638,0,35747.40
R9_2,39,1.02066842331,0,1,138.202010672,0,34393.00
R9_2,40,1.08612454304,0,1,147.064994134,0,33190.30
R9_2,41,0.924056998497,0,1,125.120491876,0,36018.40
R9_2,42,0.933561302188,0,1,126.407407245,0,45359.20
R9_2,43,1.34512671995,0,1,182.134778601,0,42131.10
R9_2,44,1.38271555904,0,1,187.224436537,0,42184.10
R9_2,45,1.29366962822,0,1,175.167311618,0,38405.20
R9_2,46,2.5860673496,1,0,214.758967524,0,34141.50
R9_2,47,1.25816906325,0,1,170.360413171,0,33581.40
R9_2,48,0.949766410498,0,1,128.601634577,0,33553.10
R9_2,49,0.965103172099,0,1,130.678284782,0,32882.80
R9_2,50,1.32229541432,0,1,179.04334139,0,33267.80
R9_2,51,1.40408915482,0,1,190.118494828,0,33644.50
R9_2,52,0.885778695189,0,1,119.937478117,0,32964.10
R9_2,53,1.40122711259,0,1,189.730964478,0,37790.80
R9_2,54,0.936138959552,0,1,126.756430907,0,32908.40
R9_2,55,1.05900634291,0,1,143.393096682,0,50416.00
R9_2,56,1.2939832598,0,1,175.209778411,0,33603.50
R9_2,57,1.2078517715,0,1,163.547279021,0,38608.30
R9_2,58,1.13416313885,0,1,153.569585027,0,37417.20
R9_2,59,1.2063311591,0,1,163.341382878,0,42034.10
R9_2,60,1.2131129758,0,1,164.259664155,0,41956.40
R9_2,61,0.98154235618,0,1,132.904206778,0,39144.10
R9_2,62,0.928985644465,0,1,125.787847471,0,37658.90
R9_2,63,1.19189105833,0,1,161.38614363,0,34243.60
R9_2,64,1.25608557258,0,1,170.078301377,0,36838.90
R9_3,1,0.973117351899,0,1,157.048405405,0,34477.10
R9_3,2,1.1460288956,0,1,184.954065664,0,34259.20
R9_3,3,1.19977998865,0,1,193.628788641,0,34023.60
R9_3,4,1.20987154877,0,1,195.257434377,0,46666.50
R9_3,5,1.14532426862,0,1,184.840348091,0,42036.80
R9_3,6,1.58703025746,0,1,256.12591408,0,40630.00
R9_3,7,1.1876969542,0,1,191.678745011,0,34162.40
R9_3,8,1.48793770146,0,1,240.133672367,0,47721.80
R9_3,9,1.48526703477,0,1,239.702661714,0,54332.70
R9_3,10,1.23010032108,0,1,198.522093493,0,41956.10
R9_3,11,1.03250670782,0,1,166.633070222,0,42240.40
R9_3,12,1.12980273338,0,1,182.335375433,0,41967.60
R9_3,13,1.21297213536,0,1,195.757828475,0,42019.80
R9_3,14,1.30680582981,0,1,210.901358757,0,42064.10
R9_3,15,0.97293687734,0,1,157.019279173,0,45197.60
R9_3,16,0.955589779174,0,1,154.21968455,0,51009.60
R9_3,17,1.24273982736,0,1,200.561944393,0,42175.80
R9_3,18,1.38622337855,0,1,223.718311786,0,42744.20
R9_3,19,1.23709293446,0,1,199.65060978,0,35964.70
R9_3,20,1.11033154899,0,1,179.192981093,0,34149.20
R9_3,21,1.22181412629,0,1,197.184810095,0,34220.80
R9_3,22,1.29616397327,0,1,209.183902382,0,34011.30
R9_3,23,1.08567431163,0,1,175.213625671,0,34068.00
R9_3,24,2.73338120904,1,0,279.74504237,0,34153.10
R9_3,25,1.023200363,0,1,165.13114796,0,49178.90
R9_3,26,1.1566487879,0,1,186.667977299,0,42706.00
R9_3,27,1.12955050016,0,1,182.294668292,0,41951.50
R9_3,28,1.28705647942,0,1,207.714072063,0,39262.10
R9_3,29,1.04120532965,0,1,168.036913946,0,37440.30
R9_3,30,1.33777924799,0,1,215.900063101,0,45096.50
R9_3,31,1.21297213536,0,1,195.757828475,0,47921.20
R9_3,32,1.10297159607,0,1,178.00518101,0,42202.50
R9_3,33,1.18751647964,0,1,191.649618779,0,41887.90
R9_3,34,1.42170270519,0,1,229.444210787,0,42171.10
R9_3,35,1.02144114262,0,1,164.847232814,0,42184.00
R9_3,36,1.15505821621,0,1,186.411279843,0,41994.70
R9_3,37,1.18525263681,0,1,191.284264174,0,40248.10
R9_3,38,1.01943574742,0,1,164.523588273,0,55156.70
R9_3,39,1.24501754311,0,1,200.929537906,0,42033.80
R9_3,40,1.16973167837,0,1,188.779384604,0,42317.30
R9_3,41,1.15082142044,0,1,185.727516453,0,42589.40
R9_3,42,1.29953994292,0,1,209.728739701,0,42265.10
R9_3,43,1.05657407581,0,1,170.517228446,0,42450.50
R9_3,44,1.45066574207,0,1,234.1184659,0,42256.70
R9_3,45,1.0412360609,0,1,168.041873568,0,37603.30
R9_3,46,1.11233694419,0,1,179.516625634,0,41957.70
R9_3,47,1.21708433214,0,1,196.421483218,0,41293.90
R9_3,48,1.121226194,0,1,180.951234219,0,45175.80
R9_3,49,1.28679581349,0,1,207.672003994,0,42278.30
R9_3,50,1.205118494,0,1,194.49035354,0,42657.20
R9_3,51,1.37141106928,0,1,221.327798918,0,42038.40
R9_3,52,1.23333117202,0,1,199.043510552,0,41903.10
R9_3,53,1.16857348511,0,1,188.59246737,0,42103.30
R9_3,54,1.09571734511,0,1,176.834439842,0,55587.10
R9_3,55,1.12207134128,0,1,181.087629929,0,38552.10
R9_3,56,1.44078997955,0,1,232.524647073,0,34209.20
R9_3,57,1.10774406067,0,1,178.77539434,0,33610.50
R9_3,58,1,1,0,0,0,39455.20
R9_3,59,1.35292089356,0,1,218.343726538,0,41949.80
R9_3,60,1.35724926342,0,1,219.042268787,0,41873.50
R9_3,61,1.46054579492,0,1,235.71297713,0,34050.00
R9_3,62,1.14712879867,0,1,185.131575625,0,51672.00
R9_3,63,1.23719206672,0,1,199.66660843,0,47644.50
R9_3,64,1.10949351216,0,1,179.057732915,0,34830.10
R9_4,1,1.26975194192,0,1,165.364341915,0,41514.30
R9_4,2,0.993626236524,0,1,129.403502595,0,36025.30
R9_4,3,1.17191638661,0,1,152.622867233,0,33940.70
R9_4,4,1.49692216143,0,1,194.949533014,0,44841.30
R9_4,5,1.36949727452,0,1,178.35453373,0,36159.70
R9_4,6,1.06537030583,0,1,138.746989631,0,35067.10
R9_4,7,1.13908996381,0,1,148.347764653,0,33827.40
R9_4,8,1.24652078131,0,1,162.338864685,0,33833.10
R9_4,9,0.971798525311,0,1,126.560801607,0,33839.30
R9_4,10,1.0420541693,0,1,135.710445683,0,33835.50
R9_4,11,1.04453334464,0,1,136.033317565,0,33884.20
R9_4,12,1.08062957023,0,1,140.73425827,0,36908.40
R9_4,13,1.54457698764,0,1,201.155791666,0,52660.00
R9_4,14,1.08062957023,0,1,140.73425827,0,33869.50
R9_4,15,1.14506809606,0,1,149.126318221,0,33871.40
R9_4,16,1.33433070193,0,1,173.774665064,0,33878.40
R9_4,17,1.20807551718,0,1,157.33200028,0,34468.70
R9_4,18,1.35798624263,0,1,176.85541083,0,34833.90
R9_4,19,1.32776531305,0,1,172.919630961,0,34544.40
R9_4,20,1.35739408617,0,1,176.778292174,0,33937.60
R9_4,21,1.11641923271,0,1,145.395274166,0,34678.20
R9_4,22,1.30835211596,0,1,170.391380793,0,34815.20
R9_4,23,1.30272053144,0,1,169.657959376,0,36616.70
R9_4,24,0.956122704662,0,1,124.519283354,0,37942.00
R9_4,25,1.24533175913,0,1,162.184014069,0,34223.40
R9_4,26,1.04840140655,0,1,136.537069117,0,34407.40
R9_4,27,1.35211985246,0,1,176.091409833,0,34533.50
R9_4,28,1.15358038004,0,1,150.234903442,0,34427.10
R9_4,29,1.14653563778,0,1,149.317441434,0,34532.80
R9_4,30,1.05477203842,0,1,137.366739317,0,34197.50
R9_4,31,1.07167859318,0,1,139.56854048,0,34205.30
R9_4,32,1.0735988314,0,1,139.818619979,0,33915.50
R9_4,33,1.01232313075,0,1,131.838466077,0,34310.20
R9_4,34,1.44663435412,0,1,188.400371806,0,34651.80
R9_4,35,1.28353530083,0,1,167.159398099,0,35339.60
R9_4,36,1.10920155633,0,1,144.455290327,0,34623.30
R9_4,37,1.11212413172,0,1,144.835907784,0,41440.80
R9_4,38,2.36017671397,1,0,177.140683757,0,42111.00
R9_4,39,1.4288151623,0,1,186.079714651,0,39617.50
R9_4,40,1.19630009005,0,1,155.798444241,0,35250.80
R9_4,41,1.07594982817,0,1,140.124798706,0,35688.00
R9_4,42,1.04913221554,0,1,136.632244989,0,35503.00
R9_4,43,1.19470265053,0,1,155.590403973,0,34882.00
R9_4,44,1.55900631713,0,1,203.034974911,0,34850.50
R9_4,45,1.1382830424,0,1,148.242676388,0,43434.00
R9_4,46,3.09713898321,1,0,273.117918873,0,47969.00
R9_4,47,0.97589996711,0,1,127.094947058,0,35608.30
R9_4,48,1.30927580492,0,1,170.511676113,0,33953.40
R9_4,49,1.08759645267,0,1,141.641580317,0,37753.80
R9_4,50,1.05198112331,0,1,137.003268449,0,42159.80
R9_4,51,0.983763297109,0,1,128.11901668,0,42029.30
R9_4,52,1.1241191365,0,1,146.398060207,0,41918.60
R9_4,53,1.12797982412,0,1,146.900851379,0,51617.40
R9_4,54,1.21450786751,0,1,158.169708294,0,37928.20
R9_4,55,1.17981686406,0,1,153.651774699,0,41961.50
R9_4,56,1.18726930949,0,1,154.622333353,0,42021.60
R9_4,57,1.28204858436,0,1,166.965777689,0,41452.00
R9_4,58,0.983763297109,0,1,128.11901668,0,33875.30
R9_4,59,1.21788749826,0,1,158.609849709,0,34425.60
R9_4,60,0.983763297109,0,1,128.11901668,0,34252.30
R9_4,61,1.17396220973,0,1,152.889302102,0,34679.60
R9_4,62,1.4288151623,0,1,186.079714651,0,35175.30
R9_4,63,1.25867583858,0,1,163.921861316,0,52798.60
R9_4,64,1.00654956103,0,1,131.086553419,0,41895.00
R9_5,1,1.31471829264,1,0,43.277848012,0,43810.60
R9_5,2,1.28322351127,0,1,176.459879785,0,42352.60
R9_5,3,1.1657012746,0,1,160.299047652,0,42154.00
R9_5,4,1.00285736373,0,1,137.905897368,0,42385.70
R9_5,5,1.54089583853,0,1,211.893167512,0,39708.50
R9_5,6,1.55694811449,0,1,214.100563698,0,34214.20
R9_5,7,1.62553572145,1,0,86.0192766405,0,34111.20
R9_5,8,1.23169962125,0,1,169.374676499,0,34329.90
R9_5,9,1.03688230896,0,1,142.584768735,0,35381.70
R9_5,10,1.57635662536,0,1,216.769485726,0,43023.80
R9_5,11,1.70254958779,0,1,234.122655135,0,41578.40
R9_5,12,1.80080847982,0,1,247.63452748,0,42038.30
R9_5,13,1.40701149384,0,1,193.482333263,0,41958.10
R9_5,14,1.28322351127,0,1,176.459879785,0,46646.30
R9_5,15,1.88988153158,0,1,259.883227623,0,47747.10
R9_5,16,1.24533802874,0,1,171.250134456,0,34348.80
R9_5,17,1.38408749353,0,1,190.329985833,0,50502.60
R9_5,18,1.28351754846,0,1,176.500313714,0,48384.30
R9_5,19,1.44116821629,0,1,198.179325708,0,51748.90
R9_5,20,1.20502638885,0,1,165.706761018,0,42227.10
R9_5,21,1.31362663078,0,1,180.640703131,0,42089.70
R9_5,22,1.99159078548,0,1,273.869569487,0,42101.10
R9_5,23,0.978169564466,0,1,134.5110047,0,38694.50
R9_5,24,1.2487708249,0,1,171.722188463,0,34347.70
R9_5,25,1.31071254314,0,1,180.239978276,0,34638.50
R9_5,26,1.06056071014,0,1,145.840856073,0,34574.40
R9_5,27,1.0966883131,0,1,150.808870156,0,36135.20
R9_5,28,1.01523030209,0,1,139.607336904,0,34099.90
R9_5,29,1.45294846882,0,1,199.799263254,0,35133.50
R9_5,30,1.38999792136,0,1,191.142746334,0,35206.80
R9_5,31,1.31696517175,0,1,181.099795824,0,34838.30
R9_5,32,1.35750298343,0,1,186.674270818,0,34877.30
R9_5,33,1.34079504887,0,1,184.376713068,0,34658.00
R9_5,34,0.98303508584,0,1,135.180077008,0,34501.40
R9_5,35,0.936578705536,0,1,128.791722047,0,34189.50
R9_5,36,1.33361477505,0,1,183.38933227,0,34091.20
R9_5,37,1.25875126195,0,1,173.094628031,0,34554.10
R9_5,38,1.41657992991,0,1,194.798117352,0,34307.00
R9_5,39,1.32204886617,0,1,181.798869758,0,35189.40
R9_5,40,1.58626568791,0,1,218.132110375,0,34858.70
R9_5,41,1.48005451626,0,1,203.526696417,0,34579.20
R9_5,42,1.38928049889,0,1,191.044091438,0,34627.10
R9_5,43,1.52581826792,0,1,209.819805955,0,35154.50
R9_5,44,1.44116821629,0,1,198.179325708,0,34600.10
R9_5,45,1,1,0,0,0,34161.10
R9_5,46,1.32818483694,0,1,182.642645338,0,35239.40
R9_5,47,1.44914888445,0,1,199.276771112,0,36112.40
R9_5,48,1.28578968747,0,1,176.812762303,0,34509.70
R9_5,49,1.2507401989,0,1,171.993002936,0,35429.50
R9_5,50,1.34622568589,0,1,185.12349611,0,35267.70
R9_5,51,1.03688230896,0,1,142.584768735,0,35422.00
R9_5,52,1.14130669083,0,1,156.944475918,0,46450.40
R9_5,53,1.05569518877,0,1,145.171783765,0,42029.70
R9_5,54,1.2968163496,0,1,178.329071393,0,41919.80
R9_5,55,1.57475342532,0,1,216.549024922,0,41976.00
R9_5,56,1.27262218139,0,1,175.002059398,0,41899.00
R9_5,57,1.24115399181,0,1,170.674775101,0,36873.10
R9_5,58,0.994555379026,0,1,136.764266771,0,34550.90
R9_5,59,1.05281283009,0,1,144.775422055,0,34761.80
R9_5,60,1.60961013862,0,1,221.34227519,0,35096.50
R9_5,61,0.980235088658,0,1,134.795041072,0,34303.10
R9_5,62,1.22248350805,0,1,168.107341375,0,40448.00
R9_5,63,1.03688230896,0,1,142.584768735,0,42047.00
R9_5,64,1.30315534437,0,1,179.200765408,0,48432.90
R9_6,1,1.1837038022,0,1,176.766613505,0,38522.00
R9_6,2,1.2637452769,0,1,188.719485832,0,35999.30
R9_6,3,1.10953537032,0,1,165.690783125,0,38887.40
R9_6,4,0.952464073052,0,1,142.234778975,0,33709.00
R9_6,5,1.45164661075,0,1,216.779446776,0,33932.00
R9_6,6,1.10504971795,0,1,165.020925026,0,37186.10
R9_6,7,1.07821064801,0,1,161.012953189,0,45079.50
R9_6,8,0.989952837384,0,1,147.833106786,0,38317.50
R9_6,9,1.05810094867,0,1,158.009901711,0,37977.00
R9_6,10,1.43715704126,0,1,214.615668873,0,37052.20
R9_6,11,1.04566289309,0,1,156.15248353,0,34091.30
R9_6,12,0.976680242262,0,1,145.851063907,0,41019.40
R9_6,13,1.13338233172,0,1,169.251932968,0,34147.40
R9_6,14,1.09900978991,0,1,164.118961525,0,36722.90
R9_6,15,0.92911828156,0,1,138.748470581,0,36876.90
R9_6,16,1.04762287421,0,1,156.445174341,0,34509.70
R9_6,17,0.918061197744,0,1,137.097277725,0,41430.70
R9_6,18,0.911401410525,0,1,136.102748493,0,50174.10
R9_6,19,1.05844710891,0,1,158.061595027,0,41041.90
R9_6,20,1.21542573147,0,1,181.503759739,0,34632.60
R9_6,21,1.45600522201,0,1,217.430333383,0,35089.40
R9_6,22,1.58276017846,0,1,236.359092719,0,34365.00
R9_6,23,1.08682205019,0,1,162.298923883,0,34784.80
R9_6,24,0.920902226906,0,1,137.52153851,0,34549.30
R9_6,25,1.68354594119,0,1,251.409781865,0,35666.20
R9_6,26,2.32024579282,1,0,197.156904757,0,34520.70
R9_6,27,1.08334408228,0,1,161.779546816,0,34631.70
R9_6,28,1.22777306227,0,1,183.347629674,0,35025.10
R9_6,29,1.44742554421,0,1,216.149100201,0,34663.60
R9_6,30,1.04566289309,0,1,156.15248353,0,34610.30
R9_6,31,1.37248385318,0,1,204.957796337,0,34575.20
R9_6,32,0.957078166487,0,1,142.923817626,0,34617.90
R9_6,33,1.19028308297,0,1,177.749120428,0,34223.30
R9_6,34,0.958117762876,0,1,143.079064177,0,34289.60
R9_6,35,1.47189471331,0,1,219.803166487,0,34981.70
R9_6,36,1.12965138131,0,1,168.694777142,0,34827.50
R9_6,37,1.07634340658,0,1,160.73411152,0,34834.70
R9_6,38,0.911401410525,0,1,136.102748493,0,34774.80
R9_6,39,1.70034183067,0,1,253.917970567,0,34403.50
R9_6,40,1.14703313818,0,1,171.290455464,0,34549.10
R9_6,41,0.959884386398,0,1,143.342880224,0,35031.00
R9_6,42,0.92551632034,0,1,138.210577161,0,34946.80
R9_6,43,1.11137307652,0,1,165.965214196,0,36539.10
R9_6,44,1.87144559993,0,1,279.469492657,0,34792.20
R9_6,45,1.13426547474,0,1,169.383815793,0,34642.90
R9_6,46,1.15602580234,0,1,172.633361338,0,34703.00
R9_6,47,1.34574927317,0,1,200.965428346,0,34890.10
R9_6,48,1.1640691667,0,1,173.834504966,0,34471.10
R9_6,49,0.965824748869,0,1,144.229975251,0,42080.10
R9_6,50,1.44729766514,0,1,216.130003573,0,42311.30
R9_6,51,1.04606639291,0,1,156.212739566,0,42207.00
R9_6,52,0.981482669193,0,1,146.568227055,0,35711.30
R9_6,53,1,1,0,0,0,35752.30
R9_6,54,0.996590853707,0,1,148.824384894,0,49224.80
R9_6,55,1.14360620801,0,1,170.77870004,0,35020.80
R9_6,56,1.16940073943,0,1,174.6306873,0,34768.20
R9_6,57,1.07821064801,0,1,161.012953189,0,34400.00
R9_6,58,0.91344710431,0,1,136.408239075,0,34874.80
R9_6,59,1.1275073285,0,1,168.374598265,0,34360.50
R9_6,60,0.947737433219,0,1,141.528933378,0,34619.80
R9_6,61,1.43192553447,0,1,213.834429735,0,34083.90
R9_6,62,1.22943156592,0,1,183.595299804,0,33925.30
R9_6,63,0.971001951623,0,1,145.003104979,0,34057.00
R9_6,64,1.15602580234,0,1,172.633361338,0,35375.40
R9_7,1,1.09158138285,0,1,160.210007954,0,34659.10
R9_7,2,1.05297611211,0,1,154.543961583,0,34370.50
R9_7,3,1.24652150479,0,1,182.950372125,0,42370.40
R9_7,4,1.040492107,0,1,152.711700069,0,35411.50
R9_7,5,1.24238147511,0,1,182.342745248,0,38240.50
R9_7,6,1.13426562969,0,1,166.474720447,0,53455.30
R9_7,7,1.35412087615,0,1,198.742594686,0,42088.10
R9_7,8,1.16843866752,0,1,171.490253644,0,41987.00
R9_7,9,1.19313546507,0,1,175.114971136,0,42008.60
R9_7,10,1.01937002775,0,1,149.611639425,0,41979.30
R9_7,11,0.969335873461,0,1,142.268190386,0,42076.80
R9_7,12,1.06499226355,0,1,156.307556811,0,41991.20
R9_7,13,1.26054834911,0,1,185.009074184,0,40790.50
R9_7,14,1.11012503722,0,1,162.931636466,0,35722.90
R9_7,15,0.964146886724,0,1,141.506609418,0,42231.10
R9_7,16,1.22348816257,0,1,179.569797852,0,42216.60
R9_7,17,1.11330903067,0,1,163.398947125,0,42083.50
R9_7,18,0.994732028918,0,1,145.995551746,0,42261.00
R9_7,19,1.06496381457,0,1,156.303381392,0,42254.70
R9_7,20,1.16821326134,0,1,171.457171065,0,42190.10
R9_7,21,1.09860948558,0,1,161.241513632,0,42099.50
R9_7,22,1.26154585952,0,1,185.155477515,0,42084.30
R9_7,23,1.11625766301,0,1,163.831714134,0,39119.30
R9_7,24,1.0459132287,0,1,153.50735119,0,33931.70
R9_7,25,1.48019171087,0,1,217.245850376,0,33887.10
R9_7,26,1.00515210543,0,1,147.524893092,0,33747.50
R9_7,27,1.18135908492,0,1,173.386566834,0,33879.00
R9_7,28,1.26975111224,0,1,186.359751997,0,33898.00
R9_7,29,1.11402579228,0,1,163.504145313,0,39512.50
R9_7,30,1.09158138285,0,1,160.210007954,0,33887.40
R9_7,31,1.27120216001,0,1,186.572720428,0,34379.80
R9_7,32,1.0470610355,0,1,153.67581333,0,34549.10
R9_7,33,1.08649270661,0,1,159.463149429,0,44469.80
R9_7,34,1.25329838847,0,1,183.945006703,0,41867.90
R9_7,35,1.16054466716,0,1,170.331661274,0,41952.60
R9_7,36,2.28483027591,1,0,188.572901625,0,42231.50
R9_7,37,1.21373544706,0,1,178.13840423,0,48722.70
R9_7,38,1.05933118295,0,1,155.47668723,0,36673.80
R9_7,39,1.09286499203,0,1,160.398401637,0,34610.10
R9_7,40,1.17999118322,0,1,173.185801645,0,38500.00
R9_7,41,1.11032560423,0,1,162.96107343,0,44610.10
R9_7,42,1.14360343728,0,1,167.845218562,0,41887.60
R9_7,43,1.03174531686,0,1,151.427944831,0,41927.00
R9_7,44,1.24474735207,0,1,182.689981993,0,41968.20
R9_7,45,1,1,0,0,0,41907.00
R9_7,46,1.47255025708,0,1,216.124323946,0,41973.50
R9_7,47,1.10101760265,0,1,161.594949905,0,40499.60
R9_7,48,1.38985997245,0,1,203.987976289,0,43216.80
R9_7,49,2.3650805216,1,0,200.351127877,0,34090.10
R9_7,50,1.31406721132,0,1,192.863969362,0,34309.80
R9_7,51,0.946063775886,0,1,138.852574294,0,34718.60
R9_7,52,2.46537389142,1,0,215.071057906,0,42066.20
R9_7,53,1.00857093703,0,1,148.026670647,0,41988.00
R9_7,54,1.02685365518,0,1,150.710001883,0,41934.80
R9_7,55,1.2197812655,0,1,179.025741295,0,35281.00
R9_7,56,0.993796079239,0,1,145.858183605,0,34704.80
R9_7,57,1.21334211703,0,1,178.080675682,0,35250.50
R9_7,58,2.55111664115,1,0,227.655411975,0,35272.80
R9_7,59,1.29327622978,0,1,189.812503507,0,34735.70
R9_7,60,1.04179896522,0,1,152.903505984,0,34692.50
R9_7,61,1.01948894721,0,1,149.629093083,0,34768.70
R9_7,62,1.1133001736,0,1,163.397647184,0,34931.50
R9_7,63,1.18818049247,0,1,174.387736123,0,34182.50
R9_7,64,2.7318953081,1,0,254.188066457,0,34717.30
R9_8,1,1.11556035441,0,1,134.01591977,0,35153.80
R9_8,2,0.936353253679,0,1,112.487183706,0,34303.40
R9_8,3,1.01677780277,0,1,122.148848247,0,34064.00
R9_8,4,0.91390952211,0,1,109.790944711,0,35178.50
R9_8,5,1.37083696761,0,1,164.683135559,0,33861.80
R9_8,6,0.91390952211,0,1,109.790944711,0,33974.80
R9_8,7,1.16892199982,0,1,140.426429038,0,36495.40
R9_8,8,1.03190156963,0,1,123.965715902,0,34132.90
R9_8,9,1.0883300419,0,1,130.744653127,0,34572.10
R9_8,10,1.09287802702,0,1,131.291017477,0,34266.80
R9_8,11,1.82311073515,0,1,219.016264829,0,35772.00
R9_8,12,1.327712293,0,1,159.502427128,0,34151.40
R9_8,13,1.21618198859,0,1,146.103926305,0,36580.70
R9_8,14,1.41080996121,0,1,169.485222226,0,35138.90
R9_8,15,0.909090909091,0,1,109.212068944,1,34351.60
R9_8,16,1.59292133929,0,1,191.362858641,0,34711.10
R9_8,17,1.05881145226,0,1,127.198488255,0,43491.70
R9_8,18,1,1,0,0,0,41982.50
R9_8,19,1.34591427756,0,1,161.689091161,0,42354.00
R9_8,20,1.43464876309,0,1,172.349055587,0,42190.20
R9_8,21,1.32501936019,0,1,159.178916289,0,42140.20
R9_8,22,1.13901955655,0,1,136.834150572,0,41963.70
R9_8,23,1.07981508197,0,1,129.721723096,0,37262.70
R9_8,24,1.54842135003,0,1,186.016929157,0,34447.80
R9_8,25,0.963492627613,0,1,115.747525601,0,37260.40
R9_8,26,1.28259588885,0,1,154.082445704,0,37276.10
R9_8,27,1.49939071389,0,1,180.126718221,0,36798.30
R9_8,28,1.4047581976,0,1,168.758204039,0,36128.00
R9_8,29,1.89390908578,0,1,227.521502615,0,35099.40
R9_8,30,1.38647816302,0,1,166.562163602,0,34334.50
R9_8,31,1.53975995932,0,1,184.976407918,0,53412.90
R9_8,32,1.89306106285,0,1,227.419626841,0,41928.40
R9_8,33,1.27620743712,0,1,153.31498007,0,43018.50
R9_8,34,1.66050861829,0,1,199.482339873,0,34840.10
R9_8,35,1.28348725887,0,1,154.189528905,0,34875.80
R9_8,36,1.43557538991,0,1,172.460374302,0,34769.50
R9_8,37,1.2011539827,0,1,144.298562727,0,34033.10
R9_8,38,0.963492627613,0,1,115.747525601,0,33879.00
R9_8,39,1.06582279962,0,1,128.040784382,0,35051.10
R9_8,40,1.29292180153,0,1,155.32293142,0,35229.80
R9_8,41,1.9096260432,0,1,229.409632196,0,37595.30
R9_8,42,1.07981508197,0,1,129.721723096,0,34129.20
R9_8,43,1.07416422266,0,1,129.042866856,0,34340.00
R9_8,44,1.35262885351,0,1,162.495735166,0,34620.90
R9_8,45,1.36660958741,0,1,164.175286527,0,35916.90
R9_8,46,1.19983388324,0,1,144.139974855,0,34990.30
R9_8,47,1.50267017164,0,1,180.520690223,0,34696.40
R9_8,48,1.4587959146,0,1,175.249932,0,34046.80
R9_8,49,1.31269984005,0,1,157.698931977,0,34868.50
R9_8,50,1.19053652282,0,1,143.023052491,0,42368.80
R9_8,51,0.94965479455,0,1,114.085141385,0,35456.20
R9_8,52,1.28871015123,0,1,154.816972073,0,34531.90
R9_8,53,1.19578302324,0,1,143.653331774,0,42280.80
R9_8,54,1.47578231965,0,1,177.290564483,0,42268.20
R9_8,55,1.34713507868,1,0,41.7024741596,0,40777.10
R9_8,56,1.401778319,0,1,168.40022146,0,35759.70
R9_8,57,1.52882677763,0,1,183.662968986,0,35232.80
R9_8,58,1.72792497968,0,1,207.581288211,0,34575.70
R9_8,59,0.91390952211,0,1,109.790944711,0,34456.20
R9_8,60,1.71488381752,0,1,206.01461068,0,34491.10
R9_8,61,1.00405651307,0,1,120.620598042,0,34630.00
R9_8,62,1.08535015037,0,1,130.386668996,0,48991.90
R9_8,63,1.60384761796,0,1,192.675468291,0,42212.50
R9_8,64,1.80957376498,0,1,217.390024257,0,42155.40
R9_9,1,1.22654911394,0,1,147.262794898,0,42311.60
R9_9,2,1.35090634372,0,1,162.193459325,0,56099.40
R9_9,3,1.05476687654,0,1,126.638156141,0,42080.70
R9_9,4,1.00958088376,0,1,121.21300397,0,41968.50
R9_9,5,1.06821263402,0,1,128.252490049,0,42050.10
R9_9,6,1.0885070921,0,1,130.689097426,0,41879.80
R9_9,7,0.985782079337,0,1,118.355655321,0,42048.40
R9_9,8,1.23740516577,0,1,148.566201762,0,44250.30
R9_9,9,1.09984230106,0,1,132.050033186,0,34900.70
R9_9,10,1.04842001799,0,1,125.876135184,0,33924.50
R9_9,11,1.40063998226,0,1,168.164614111,0,34267.90
R9_9,12,1.25518607149,0,1,150.701025262,0,35114.90
R9_9,13,1.11064922289,0,1,133.34754137,0,34109.30
R9_9,14,0.939439000132,0,1,112.791580234,0,33925.90
R9_9,15,1.24277893674,0,1,149.211391198,0,34049.60
R9_9,16,1.23255378936,0,1,147.983732424,0,34011.60
R9_9,17,1.27876859531,0,1,153.532406679,0,34163.50
R9_9,18,0.941959070385,0,1,113.094146665,0,34067.00
R9_9,19,1.09580875742,0,1,131.565755058,0,33973.00
R9_9,20,1.00726706035,0,1,120.935200091,0,34079.10
R9_9,21,1.01741720848,0,1,122.153854252,0,43810.20
R9_9,22,1.2306818139,0,1,147.758978002,0,49375.20
R9_9,23,1.16187701561,0,1,139.498088337,0,41881.60
R9_9,24,1.17431511677,0,1,140.99144031,0,42578.30
R9_9,25,1.01492895067,0,1,121.855107308,0,41898.60
R9_9,26,0.965821134899,0,1,115.959090492,0,42018.20
R9_9,27,1.19284657871,0,1,143.216377615,0,42102.80
R9_9,28,1.2306818139,0,1,147.758978002,0,39788.70
R9_9,29,1.10105741857,0,1,132.195923472,0,34601.80
R9_9,30,1.39304857695,0,1,167.253169513,0,34714.10
R9_9,31,1.25746986954,0,1,150.975224216,0,34650.00
R9_9,32,1.02737717324,0,1,123.349674486,0,34945.80
R9_9,33,1.26167356066,0,1,151.479930709,0,34474.50
R9_9,34,1.09222082089,0,1,131.134977721,0,34433.90
R9_9,35,1.14205557219,0,1,137.118272377,0,45472.40
R9_9,36,1.11325069429,0,1,133.659881044,0,43565.60
R9_9,37,1.02208312927,0,1,122.714057288,0,42102.20
R9_9,38,1.40821215747,0,1,169.07374989,0,36196.60
R9_9,39,1.21488909094,0,1,145.862861087,0,35514.40
R9_9,40,1.15691224003,0,1,138.902003991,0,33977.70
R9_9,41,1.18759959837,0,1,142.586411004,0,34210.20
R9_9,42,1.3623526294,0,1,163.567731256,0,34564.80
R9_9,43,1.33844440879,0,1,160.697245804,0,34408.70
R9_9,44,1.32615178487,0,1,159.22136022,0,34251.40
R9_9,45,1.04669911974,0,1,125.669519499,0,34631.50
R9_9,46,1.43587473221,0,1,172.394993225,0,35241.90
R9_9,47,1.20770324655,0,1,145.000109228,0,34933.70
R9_9,48,1.2361074727,0,1,148.410397232,0,34503.70
R9_9,49,0.987437007589,0,1,118.55435047,0,35260.30
R9_9,50,1.11323441548,0,1,133.657926565,0,34304.50
R9_9,51,1.43043609368,0,1,171.742015614,0,35816.20
R9_9,52,1.12768215454,0,1,135.392561086,0,40066.00
R9_9,53,2.61422057468,1,0,193.807676112,0,42155.30
R9_9,54,1.40915331363,0,1,169.186747637,0,40709.10
R9_9,55,1.53230812564,0,1,183.973046543,0,34382.10
R9_9,56,1.06029256947,0,1,127.301585737,0,35614.60
R9_9,57,1.28620769714,0,1,154.42556531,0,34803.40
R9_9,58,1.31639626685,0,1,158.050086415,0,34955.40
R9_9,59,1.08108782457,0,1,129.798320154,0,35394.60
R9_9,60,1.17554608729,0,1,141.139233952,0,35157.60
R9_9,61,1.02771773865,0,1,123.390563688,0,34936.50
R9_9,62,1.09747960245,0,1,131.766361219,0,34827.00
R9_9,63,2.46753726613,1,0,176.196482449,0,35546.10
R9_9,64,0.979468013581,0,1,117.597571556,0,35835.10
R10_0,1,1.1942282797,0,1,190.324366254,0,62728.60
R10_0,2,0.968834381549,0,1,154.403301955,0,67798.40
R10_0,3,1.24182740503,0,1,197.910247041,0,55120.90
R10_0,4,1.00564461445,0,1,160.269755101,0,55618.90
R10_0,5,1.33498716973,0,1,212.757134758,0,51166.40
R10_0,6,1.45059146252,0,1,231.181010776,0,50639.10
R10_0,7,0.99262646052,0,1,158.195049671,0,50200.10
R10_0,8,1.06795033307,0,1,170.199428189,0,50630.90
R10_0,9,1.12115898098,0,1,178.679299554,0,51771.30
R10_0,10,0.936537639534,0,1,149.256164627,0,51333.80
R10_0,11,1.24440100303,0,1,198.320401796,0,51296.00
R10_0,12,0.950419610052,0,1,151.468536655,0,57771.50
R10_0,13,1.56518596727,0,1,249.443956699,0,61925.70
R10_0,14,2.88088845541,1,0,299.757516511,0,61789.50
R10_0,15,0.921873547927,0,1,146.919145827,0,64137.80
R10_0,16,0.900288764331,0,1,143.479175154,0,63168.10
R10_0,17,0.992354049622,0,1,158.151635499,0,58694.80
R10_0,18,1.43290931651,0,1,228.363004125,0,50410.40
R10_0,19,1.1716054408,0,1,186.718960529,0,73243.20
R10_0,20,0.977503092135,0,1,155.784835851,0,61754.20
R10_0,21,1.09382868205,0,1,174.323665115,0,61982.70
R10_0,22,1.09579652687,0,1,174.637280882,0,59600.80
R10_0,23,2.83538362113,1,0,292.505403249,0,51034.80
R10_0,24,0.964886052871,0,1,153.774056134,0,55980.60
R10_0,25,1.1146594222,0,1,177.643463755,0,61733.30
R10_0,26,1.09677545736,0,1,174.793293203,0,56856.70
R10_0,27,1.28325487059,0,1,204.512549349,0,75019.50
R10_0,28,1.17392565383,0,1,187.088733278,0,62057.10
R10_0,29,1.41236677764,0,1,225.089136173,0,62086.90
R10_0,30,0.973627188204,0,1,155.167132375,0,61960.90
R10_0,31,1.14030521042,0,1,181.730637432,0,61948.70
R10_0,32,0.932506410445,0,1,148.613706954,0,56758.40
R10_0,33,1.30640656755,0,1,208.202239275,0,51697.50
R10_0,34,1.13486207445,0,1,180.863163917,0,50794.10
R10_0,35,1.19168225162,0,1,189.918605321,0,51353.30
R10_0,36,1.52679606249,0,1,243.325750974,0,51813.70
R10_0,37,1.68998222196,0,1,269.332757264,0,50894.20
R10_0,38,0.937924997828,0,1,149.477268157,0,62872.30
R10_0,39,1.36029302589,0,1,216.790133404,0,61836.60
R10_0,40,1.64356473309,0,1,261.935194083,0,59159.50
R10_0,41,1.15734226131,0,1,184.445835162,0,50681.30
R10_0,42,0.956350878935,0,1,152.413803997,0,61471.90
R10_0,43,2.83883933623,1,0,293.056141158,0,63249.30
R10_0,44,1.39828076873,0,1,222.844246513,0,50914.00
R10_0,45,1.25310507851,0,1,199.707571803,0,51002.90
R10_0,46,1.04941720604,0,1,167.245800547,0,50793.50
R10_0,47,2.45880139271,1,0,232.489428762,0,57367.90
R10_0,48,1.3211921882,0,1,210.558626179,0,61783.00
R10_0,49,1.01926972597,0,1,162.441191466,0,61942.20
R10_0,50,2.62758660314,1,0,259.388756766,0,65220.80
R10_0,51,1.30043187305,0,1,207.250051186,0,75908.10
R10_0,52,1.43619871074,0,1,228.88723545,0,65365.40
R10_0,53,0.993690891865,0,1,158.364688277,0,61975.90
R10_0,54,0.945213854637,0,1,150.63889452,0,56764.60
R10_0,55,2.51292045107,1,0,241.114392397,0,61132.70
R10_0,56,0.975767102366,0,1,155.508170863,0,53681.20
R10_0,57,0.990862186677,0,1,157.913877045,0,50986.30
R10_0,58,0.981278965393,0,1,156.386597421,0,50174.40
R10_0,59,1.46048459858,0,1,232.75768157,0,65840.00
R10_0,60,1.45707663164,0,1,232.214553292,0,61837.50
R10_0,61,1.02319990627,0,1,163.067544976,0,61870.70
R10_0,62,2.81085771292,1,0,288.59670504,0,62100.70
R10_0,63,1.12671356985,0,1,179.564535337,0,62030.40
R10_0,64,1.15064021642,0,1,183.377729116,0,61954.30
R10_1,1,1.21168383063,0,1,197.906296326,0,50480.90
R10_1,2,1.04778447584,0,1,171.136347386,0,51186.90
R10_1,3,2.55948301979,1,0,254.712905155,0,52864.50
R10_1,4,1.21046157251,0,1,197.706662914,0,51774.40
R10_1,5,1.08225844438,0,1,176.767036896,0,50779.40
R10_1,6,1.28760313157,0,1,210.306319574,0,51623.00
R10_1,7,1.10590612525,0,1,180.629451181,0,52311.50
R10_1,8,1.4332612185,0,1,234.096892482,0,52277.70
R10_1,9,1.13277691818,0,1,185.018301618,0,63672.30
R10_1,10,1.31382537959,0,1,214.589242111,0,50995.70
R10_1,11,1.3749031216,0,1,224.565169332,0,51887.30
R10_1,12,1.11341777087,0,1,181.856340512,0,51694.10
R10_1,13,1.18074083267,0,1,192.852326,0,50443.10
R10_1,14,1.23144337188,0,1,201.133654426,0,50558.70
R10_1,15,1.1237920287,0,1,183.550784964,0,50970.80
R10_1,16,1.2056288214,0,1,196.917321793,0,51632.40
R10_1,17,1.24956891573,1,0,40.7624980554,0,50696.80
R10_1,18,1.00453909951,0,1,164.073009536,0,50504.10
R10_1,19,0.944292661201,0,1,154.232860505,0,51250.80
R10_1,20,0.919065740291,0,1,150.112506368,0,51509.00
R10_1,21,1.2983455959,0,1,212.060903793,0,51372.90
R10_1,22,1.05712384757,0,1,172.661762204,0,51808.90
R10_1,23,1.17966502836,0,1,192.676613128,0,50824.00
R10_1,24,1.12127563258,0,1,183.139777881,0,54618.80
R10_1,25,1.03206563162,0,1,168.568962923,0,51545.60
R10_1,26,1.15722246978,0,1,189.01103343,0,66987.40
R10_1,27,1.52596267527,0,1,249.237972613,0,51693.70
R10_1,28,1.4283909384,0,1,233.301421689,0,52499.50
R10_1,29,2.75790249111,1,0,287.12108103,0,69077.60
R10_1,30,1.22060497489,0,1,199.363401368,0,60561.80
R10_1,31,1.35473513461,0,1,221.271099124,0,50281.60
R10_1,32,1.08025403299,0,1,176.439653113,0,50970.80
R10_1,33,1.66397801768,0,1,271.780243594,0,50678.90
R10_1,34,1.43686374437,0,1,234.685298908,0,51140.70
R10_1,35,1.17548985416,0,1,191.994675116,0,51082.30
R10_1,36,1.31148198602,0,1,214.206491818,0,50585.10
R10_1,37,1.0124605961,0,1,165.366840495,0,51168.80
R10_1,38,1.07516143595,0,1,175.607870933,0,51200.50
R10_1,39,1.3351612111,0,1,218.074058271,0,51788.80
R10_1,40,1.09697399478,0,1,179.170551743,0,50923.80
R10_1,41,1.56789837718,0,1,256.087399203,0,52405.00
R10_1,42,1.30453749062,0,1,213.072236057,0,76690.60
R10_1,43,1.46174688459,0,1,238.749502784,0,53888.80
R10_1,44,1.24171053916,0,1,202.810607604,0,51952.20
R10_1,45,1.88517140522,0,1,307.908120348,0,52439.90
R10_1,46,1.26002725672,0,1,205.802306957,0,68308.80
R10_1,47,2.41533765702,1,0,231.169407951,0,61923.80
R10_1,48,2.52002794389,1,0,248.268643257,0,62196.10
R10_1,49,1.21781084677,0,1,198.907031866,0,61924.20
R10_1,50,1.04387599046,0,1,170.497968095,0,61896.90
R10_1,51,1.26066724344,0,1,205.906837033,0,57639.90
R10_1,52,1.25432165187,0,1,204.870401212,0,51830.20
R10_1,53,1.29965850498,0,1,212.275343375,0,68193.40
R10_1,54,2.51015525542,1,0,246.656120948,0,61985.10
R10_1,55,1.14121080188,0,1,186.395821598,0,56304.70
R10_1,56,0.931672705837,0,1,152.171622612,0,51328.70
R10_1,57,2.67550270929,1,0,273.662590271,0,50971.10
R10_1,58,1.07789792343,0,1,176.054825897,0,59906.20
R10_1,59,2.47934067126,1,0,241.623124658,0,60303.90
R10_1,60,1.26670283649,0,1,206.89264029,0,50650.40
R10_1,61,1.10295546899,0,1,180.147515682,0,50593.00
R10_1,62,1.13847652328,0,1,185.949227414,0,60753.30
R10_1,63,0.968488181923,0,1,158.184754368,0,61643.50
R10_1,64,1.34335628407,0,1,219.412572905,0,61769.00
R10_2,1,1.09253882657,0,1,143.506447152,0,61567.00
R10_2,2,0.993398243139,0,1,130.484197919,0,60379.30
R10_2,3,2.72329978233,1,0,226.357748692,0,50742.60
R10_2,4,1.45737638492,0,1,191.428352089,0,50307.00
R10_2,5,1.15358071558,0,1,151.524381533,0,50916.30
R10_2,6,2.32493347106,1,0,174.031796877,0,51818.40
R10_2,7,1.32249622541,0,1,173.711661376,0,50883.90
R10_2,8,1.12256984534,0,1,147.451061938,0,52793.50
R10_2,9,1.10094034825,0,1,144.609998346,0,50147.40
R10_2,10,1.16080436989,0,1,152.473218261,0,53670.90
R10_2,11,1.13929562542,0,1,149.64801569,0,61417.90
R10_2,12,1.3446182015,0,1,176.617412746,0,61561.70
R10_2,13,1.07463618043,0,1,141.154910457,0,61666.10
R10_2,14,1.20569246138,0,1,158.369329568,0,61746.40
R10_2,15,1.22301870687,0,1,160.645155261,0,61571.80
R10_2,16,0.950193766916,0,1,124.809231746,0,61475.40
R10_2,17,2.9035720481,1,0,250.036753731,0,61103.90
R10_2,18,1.14916032225,0,1,150.943756912,0,52336.20
R10_2,19,2.58705382126,1,0,208.461658103,0,50978.80
R10_2,20,1.05552408751,0,1,138.644511296,0,51589.10
R10_2,21,1.00057084605,0,1,131.426328978,0,51048.10
R10_2,22,1.36952969027,0,1,179.889570366,0,60726.00
R10_2,23,2.33735870318,1,0,175.663867859,0,50242.80
R10_2,24,1.18092917118,0,1,155.11663803,0,50058.40
R10_2,25,1.29475098528,0,1,170.067286696,0,51377.80
R10_2,26,1.00109374334,0,1,131.49501224,0,50632.20
R10_2,27,1.23562904258,0,1,162.301539851,0,51013.50
R10_2,28,1.10904150865,0,1,145.674096682,0,56809.50
R10_2,29,2.42622797299,1,0,187.336966207,0,61653.80
R10_2,30,1.37982166676,0,1,181.241435348,0,61392.20
R10_2,31,3.24792367911,1,0,295.267804506,0,61675.80
R10_2,32,1.71109143347,0,1,224.754165617,0,61672.90
R10_2,33,1.29067152876,0,1,169.531444584,0,60252.50
R10_2,34,1.10666870504,0,1,145.362425731,0,69747.20
R10_2,35,1.4134702708,0,1,185.661224833,0,56114.00
R10_2,36,1.14920708257,0,1,150.949898944,0,50142.80
R10_2,37,1.10620904908,0,1,145.302049301,0,57269.50
R10_2,38,1.18478448842,0,1,155.623039144,0,49569.00
R10_2,39,1.31510426407,0,1,172.740717292,0,60651.20
R10_2,40,1.31277261007,0,1,172.434451397,0,60338.70
R10_2,41,1.20950658732,0,1,158.87032015,0,49649.70
R10_2,42,1.2544112594,0,1,164.76860934,0,56356.60
R10_2,43,1.20262665528,0,1,157.966631806,0,49941.50
R10_2,44,1.18086214297,0,1,155.107833785,0,67731.80
R10_2,45,1.76841590213,0,1,232.283811825,0,60037.30
R10_2,46,1.35239639211,0,1,177.639088565,0,54942.60
R10_2,47,1.00771299023,0,1,132.36445924,0,50958.80
R10_2,48,1.02294747673,0,1,134.365529571,0,50894.80
R10_2,49,1.40276089203,0,1,184.254533499,0,50326.50
R10_2,50,1.21741805482,0,1,159.909502067,0,66256.30
R10_2,51,1.03731373054,0,1,136.252556368,0,72210.10
R10_2,52,1.04524324978,0,1,137.294109407,0,49679.20
R10_2,53,1.12772275713,0,1,148.127903844,0,83265.60
R10_2,54,0.909090909091,0,1,119.410315981,1,54453.30
R10_2,55,2.4033239166,1,0,184.328487535,0,49818.60
R10_2,56,1.33138598634,0,1,174.879343454,0,50499.60
R10_2,57,1.46052183578,0,1,191.841511299,0,57035.40
R10_2,58,1.20884896148,0,1,158.783940109,0,49879.80
R10_2,59,1.22953303167,0,1,161.500820603,0,50069.20
R10_2,60,1.1947764822,0,1,156.935500993,0,49782.80
R10_2,61,1.31392576198,0,1,172.585919455,0,49664.40
R10_2,62,1.18690147197,0,1,155.901107787,0,49920.30
R10_2,63,1.25442911495,0,1,164.770954692,0,49640.20
R10_2,64,1.04065857394,0,1,136.691906057,0,49559.60
R10_3,1,2.74492470428,1,0,321.576483908,0,61592.70
R10_3,2,1.22616189531,0,1,225.972404442,0,61512.30
R10_3,3,0.909522217574,0,1,167.618096097,0,61564.60
R10_3,4,1.0637725821,0,1,196.04527679,0,57661.40
R10_3,5,1.1995773918,0,1,221.073080624,0,49625.90
R10_3,6,1.25335348854,0,1,230.983610325,0,49906.10
R10_3,7,1.1481093157,0,1,211.587901748,0,49952.00
R10_3,8,0.84288337536,0,1,155.33705926,0,51632.40
R10_3,9,0.991095138483,0,1,182.651371186,0,59477.50
R10_3,10,1.4204169332,0,1,261.772145206,0,49894.30
R10_3,11,1.30336138353,0,1,240.199688817,0,49931.90
R10_3,12,0.99367132629,0,1,183.1261432,0,51313.90
R10_3,13,1.29080067423,0,1,237.884844674,0,50244.00
R10_3,14,1.23011487854,0,1,226.700909485,0,49953.70
R10_3,15,0.896974317713,0,1,165.305612637,0,49793.20
R10_3,16,0.974208556731,0,1,179.539301323,0,50129.70
R10_3,17,1.02768057602,0,1,189.39379184,0,49697.20
R10_3,18,1.05241403282,0,1,193.951981688,0,49575.00
R10_3,19,0.860517522379,0,1,158.586899773,0,57695.40
R10_3,20,0.945074183271,0,1,174.170055673,0,61469.70
R10_3,21,0.981985150294,0,1,180.97246896,0,61700.10
R10_3,22,1.30110585227,0,1,239.78401139,0,61664.40
R10_3,23,1.31423568195,0,1,242.203740134,0,61435.80
R10_3,24,0.927188259545,0,1,170.873814609,0,61441.50
R10_3,25,1.08862834347,0,1,200.62600645,0,72782.60
R10_3,26,0.779253524084,0,1,143.610556796,0,49804.50
R10_3,27,1.25147327,0,1,230.637100206,0,49829.40
R10_3,28,1.35413855252,0,1,249.557538716,0,50003.90
R10_3,29,2.30623810433,1,0,240.7298468,0,50337.90
R10_3,30,1.2498094237,0,1,230.330465862,0,50472.50
R10_3,31,0.960262219147,0,1,176.96909632,0,61696.60
R10_3,32,1.19233882648,0,1,219.739067541,0,66548.00
R10_3,33,0.923317376864,0,1,170.160440078,0,61635.10
R10_3,34,0.932827137593,0,1,171.913017373,0,60614.50
R10_3,35,1.18557627677,0,1,218.49278055,0,50020.80
R10_3,36,2.35144196691,1,0,249.060578292,0,54613.90
R10_3,37,1.35240356635,0,1,249.23779383,0,49870.70
R10_3,38,1.02969220842,0,1,189.764520543,0,50119.00
R10_3,39,0.869863553628,0,1,160.309302957,0,50267.90
R10_3,40,0.887877707196,0,1,163.629175815,0,49851.40
R10_3,41,0.924203216908,0,1,170.323693728,0,61443.40
R10_3,42,1.38580511104,0,1,255.393447006,0,61231.60
R10_3,43,1.07609262562,0,1,198.315768043,0,61526.40
R10_3,44,0.899106449343,0,1,165.698548442,0,69046.60
R10_3,45,1.02934285569,0,1,189.700137466,0,67230.10
R10_3,46,1.44567138948,0,1,266.426351335,0,70546.40
R10_3,47,1.0031846926,0,1,184.879384976,0,65496.00
R10_3,48,1.16666264333,0,1,215.007140324,0,60561.60
R10_3,49,1.58433308922,0,1,291.98065849,0,65474.50
R10_3,50,1.14214989124,0,1,210.489624693,0,54428.30
R10_3,51,2.74319090534,1,0,321.25695782,0,51325.80
R10_3,52,3.00051162193,1,0,368.679228291,0,61648.50
R10_3,53,1.14318448909,0,1,210.680293287,0,60126.00
R10_3,54,0.983707593041,0,1,181.289902188,0,52536.30
R10_3,55,0.937841857458,0,1,172.837192484,0,54728.60
R10_3,56,1.37532480751,0,1,253.462005981,0,50228.70
R10_3,57,0.829914248474,0,1,152.946946831,0,49970.30
R10_3,58,1.13159989178,0,1,208.545339233,0,50396.20
R10_3,59,1.12229507646,0,1,206.830531834,0,49932.20
R10_3,60,1.21291782659,0,1,223.531622302,0,49962.00
R10_3,61,1.28492868183,0,1,236.80268069,0,49733.30
R10_3,62,0.933843211692,0,1,172.100272179,0,49881.90
R10_3,63,0.971433230207,0,1,179.027829542,0,49633.70
R10_3,64,1.18471489894,0,1,218.334035103,0,50160.00
R10_4,1,1.04089389975,0,1,199.964702466,0,61438.90
R10_4,2,1.13413288755,0,1,217.8767168,0,61380.30
R10_4,3,0.935684173601,0,1,179.75300597,0,61527.00
R10_4,4,2.33549659207,1,0,256.560422481,0,61479.90
R10_4,5,0.929342273104,0,1,178.534672145,0,66609.30
R10_4,6,1.06545666703,0,1,204.68342207,0,61066.50
R10_4,7,0.961889861027,0,1,184.787344715,0,50053.60
R10_4,8,2.20985954497,1,0,232.424461315,0,50268.20
R10_4,9,1.19308252326,0,1,229.201450635,0,50000.70
R10_4,10,2.35932627658,1,0,261.138310556,0,50166.60
R10_4,11,1.1264209642,0,1,216.395189761,0,50836.50
R10_4,12,2.17385990633,1,0,225.508620007,0,51665.50
R10_4,13,2.25858341435,1,0,241.784737176,0,49884.70
R10_4,14,0.916964002887,0,1,176.156699595,0,49743.80
R10_4,15,0.997624933078,0,1,191.652360498,0,50058.00
R10_4,16,2.21736749376,1,0,233.866803081,0,50002.30
R10_4,17,0.96766372646,0,1,185.896554101,0,54115.20
R10_4,18,0.95022431485,0,1,182.546292605,0,55409.30
R10_4,19,0.924469642132,0,1,177.598597678,0,54687.90
R10_4,20,2.3556307781,1,0,260.428373401,0,71951.90
R10_4,21,1.03392130618,0,1,198.625207057,0,63717.70
R10_4,22,0.926990885029,0,1,178.0829502,0,49885.80
R10_4,23,2.34716439276,1,0,258.801907702,0,49825.50
R10_4,24,1.17670669055,0,1,226.055511826,0,56671.20
R10_4,25,2.40237810523,1,0,269.408938436,0,49993.00
R10_4,26,0.998001521489,0,1,191.724706382,0,50083.40
R10_4,27,1.08751116836,0,1,208.920282136,0,51032.50
R10_4,28,1.0030447567,0,1,192.693555397,0,60240.10
R10_4,29,1.14619942118,0,1,220.194802062,0,68023.60
R10_4,30,1.17339193763,0,1,225.41871918,0,49812.50
R10_4,31,1.18932646233,0,1,228.479878911,0,50635.30
R10_4,32,0.998075201988,0,1,191.738861042,0,59454.50
R10_4,33,2.28893764123,1,0,247.616046157,0,66435.70
R10_4,34,1.03406889579,0,1,198.653560296,0,50029.50
R10_4,35,0.970904595702,0,1,186.519153055,0,49569.20
R10_4,36,0.826171816185,0,1,158.71473687,0,49757.70
R10_4,37,2.71120429764,1,0,328.737115586,0,49809.10
R10_4,38,1.13662047394,0,1,218.354603617,0,50261.80
R10_4,39,2.16511479886,1,0,223.828609379,0,49936.10
R10_4,40,0.956801627423,0,1,183.809851121,0,50092.30
R10_4,41,1.14797349092,0,1,220.535616171,0,55962.60
R10_4,42,1.2500334038,0,1,240.14220635,0,61857.40
R10_4,43,2.36797343731,1,0,262.79950477,0,62575.70
R10_4,44,2.42829478374,1,0,274.387756074,0,61597.60
R10_4,45,0.926545391337,0,1,177.997367017,0,70149.70
R10_4,46,2.73992711711,1,0,334.255017123,0,57004.30
R10_4,47,2.56307359896,1,0,300.279929801,0,55834.50
R10_4,48,0.938454600308,0,1,180.285228853,0,52443.10
R10_4,49,0.990711840582,0,1,190.32429576,0,64932.40
R10_4,50,2.62706137715,1,0,312.572534294,0,61451.80
R10_4,51,2.03435237597,1,0,198.708019285,0,49951.00
R10_4,52,0.9748121535,0,1,187.269828636,0,49659.70
R10_4,53,0.900915206461,0,1,173.073587279,0,49839.40
R10_4,54,1.04039561733,0,1,199.868978111,0,49588.10
R10_4,55,0.895355810468,0,1,172.005579324,0,50303.30
R10_4,56,2.76231832646,1,0,338.556561706,0,50705.00
R10_4,57,1.25912149185,0,1,241.888106508,0,50242.30
R10_4,58,2.26655054183,1,0,243.315291131,0,49891.20
R10_4,59,2.43090381027,1,0,274.888972589,0,49787.20
R10_4,60,2.18114214113,1,0,226.907600166,0,50126.80
R10_4,61,1.04607797549,0,1,200.960608161,0,50021.90
R10_4,62,1.36280719834,0,1,261.807025672,0,69015.40
R10_4,63,1.01986446032,0,1,195.924765639,0,61337.30
R10_4,64,0.956268314268,0,1,183.707397061,0,61693.10
R10_5,1,1.35917005981,0,1,198.13299763,0,61803.30
R10_5,2,1.22094341674,0,1,177.98301055,0,61356.20
R10_5,3,1.25760652076,0,1,183.327574057,0,61319.10
R10_5,4,1.20660643459,0,1,175.893037165,0,55504.20
R10_5,5,1.43377687195,0,1,209.008804689,0,55727.60
R10_5,6,1.50700831331,0,1,219.684117092,0,49641.60
R10_5,7,1.18082765034,0,1,172.135135229,0,58645.90
R10_5,8,1.34602834828,0,1,196.217264803,0,61440.30
R10_5,9,1.25667138919,0,1,183.191255265,0,64080.90
R10_5,10,1.22988837225,0,1,179.286961322,0,59762.00
R10_5,11,1.51308051622,0,1,220.569292392,0,52341.80
R10_5,12,1.15022459316,0,1,167.673974971,0,49843.20
R10_5,13,1.32254157769,0,1,192.793481129,0,50339.30
R10_5,14,0.909090909091,0,1,132.52271534,1,50156.40
R10_5,15,1.53002521964,0,1,223.03940631,0,66380.40
R10_5,16,1.24424179995,0,1,181.379332056,0,60423.50
R10_5,17,3.4091650864,1,0,351.196008849,0,55645.20
R10_5,18,1.49319377628,0,1,217.670303139,0,61671.40
R10_5,19,1.43904547887,0,1,209.776835794,0,61365.20
R10_5,20,1.15220475082,0,1,167.962632427,0,62543.40
R10_5,21,1.41487963645,0,1,206.254060432,0,61263.10
R10_5,22,1.28022715744,0,1,186.625097072,0,59690.80
R10_5,23,1.32105841783,0,1,192.57727352,0,50002.60
R10_5,24,1.28524629898,0,1,187.356762364,0,57045.30
R10_5,25,1.00364766293,0,1,146.30672489,0,73988.60
R10_5,26,3.10269121567,1,0,306.519784365,0,60809.30
R10_5,27,1.00484787968,0,1,146.481686471,0,61371.40
R10_5,28,1.13583441858,0,1,165.57624746,0,61466.30
R10_5,29,1.39403742677,0,1,203.21578759,0,59750.10
R10_5,30,1.15509778314,0,1,168.384364176,0,72106.20
R10_5,31,2.57516972135,1,0,229.620345456,0,61650.00
R10_5,32,1.07027836933,0,1,156.019815242,0,61629.60
R10_5,33,1.30784494387,0,1,190.651079527,0,61414.20
R10_5,34,1.47362053439,0,1,214.817014058,0,56398.50
R10_5,35,1.03278030837,0,1,150.553535897,0,74387.60
R10_5,36,1.29461893013,0,1,188.723057548,0,61467.70
R10_5,37,1.45343967567,0,1,211.875149644,0,61437.60
R10_5,38,1.17342953479,0,1,171.056675032,0,61423.30
R10_5,39,1.49515975858,0,1,217.956894182,0,61434.30
R10_5,40,1.51674534601,0,1,221.103532906,0,57651.10
R10_5,41,0.983989497258,0,1,143.441056048,0,50020.60
R10_5,42,1.15245708246,0,1,167.999416069,0,58997.30
R10_5,43,2.50241709968,1,0,219.014832985,0,61716.60
R10_5,44,1.58532424339,0,1,231.100620773,0,61584.00
R10_5,45,1.41379444487,0,1,206.095866644,0,61631.30
R10_5,46,1.29295571357,0,1,188.480602176,0,61524.90
R10_5,47,2.98742685731,1,0,289.717124038,0,54596.20
R10_5,48,1.87345971321,0,1,273.103565103,0,51977.60
R10_5,49,1.02898263877,0,1,149.99993066,0,61376.20
R10_5,50,1.17886779884,0,1,171.849437903,0,61450.40
R10_5,51,1.44507890873,0,1,210.656358953,0,61654.20
R10_5,52,1.17153996101,0,1,170.781222439,0,61436.30
R10_5,53,1.30014512942,0,1,189.528639177,0,61323.80
R10_5,54,1.24424179995,0,1,181.379332056,0,51537.30
R10_5,55,1.66697220341,0,1,243.002851073,0,50119.70
R10_5,56,1.12783291422,0,1,164.409828266,0,49565.30
R10_5,57,1.28692342998,0,1,187.601246114,0,50064.30
R10_5,58,1.48516683444,0,1,216.500175797,0,50280.20
R10_5,59,1.19720628417,0,1,174.522730361,0,49567.40
R10_5,60,1.14300231822,0,1,166.621147937,0,49612.30
R10_5,61,1.49337151667,0,1,217.696213241,0,49545.80
R10_5,62,1.49875166522,0,1,218.480504326,0,49678.30
R10_5,63,3.10864407474,1,0,307.387562319,0,50507.90
R10_5,64,1.0586419801,0,1,154.323520753,0,54283.20
R10_6,1,1.1882803571,0,1,142.171264957,0,72216.40
R10_6,2,1.01548913464,0,1,121.497737432,0,61910.90
R10_6,3,1.0650433736,0,1,127.4266319,0,55038.40
R10_6,4,2.88938236046,1,0,226.054296505,0,55173.10
R10_6,5,1.17234873773,0,1,140.265133576,0,63988.30
R10_6,6,3.06789109694,1,0,247.411893404,0,62232.10
R10_6,7,1.2114478367,0,1,144.943127557,0,61900.30
R10_6,8,2.54113142903,1,0,184.387971594,0,62183.50
R10_6,9,1.11129186634,0,1,132.960011861,0,62074.20
R10_6,10,2.80666998862,1,0,216.15821225,0,62036.00
R10_6,11,1.34338188319,0,1,160.728316776,0,61967.20
R10_6,12,1.24980265797,0,1,149.532072771,0,61881.00
R10_6,13,1.0480953828,0,1,125.39889722,0,58171.10
R10_6,14,1.31847959558,0,1,157.748893857,0,51332.40
R10_6,15,1.37506756273,0,1,164.519335548,0,50236.70
R10_6,16,0.959172109161,0,1,114.759712433,0,49969.60
R10_6,17,1.44344337582,0,1,172.700128727,0,50150.00
R10_6,18,1.48124907618,0,1,177.223374618,0,50703.80
R10_6,19,1.45245119108,0,1,173.777864702,0,50248.10
R10_6,20,1.32590506974,0,1,158.637311348,0,50484.70
R10_6,21,1.23852670853,0,1,148.182966909,0,50542.70
R10_6,22,1.14111076624,0,1,136.52768063,0,51128.30
R10_6,23,1.22525973562,0,1,146.595645947,0,50610.00
R10_6,24,1.46216840493,0,1,174.940476351,0,50874.80
R10_6,25,0.960670553418,0,1,114.938993118,0,50203.80
R10_6,26,1.13956730504,0,1,136.343013913,0,61179.90
R10_6,27,1.10212989604,0,1,131.863832075,0,65522.30
R10_6,28,1.56330724653,0,1,187.041187231,0,62008.10
R10_6,29,1.09948855235,0,1,131.547809707,0,61982.00
R10_6,30,1.55083920295,0,1,185.549453806,0,66088.80
R10_6,31,2.49383792666,1,0,178.72956193,0,64368.00
R10_6,32,1.41680804532,0,1,169.513356677,0,62517.60
R10_6,33,1.22505587787,0,1,146.571255478,0,62586.10
R10_6,34,1.38213334747,0,1,165.364718162,0,52196.70
R10_6,35,1.48304715499,0,1,177.438504942,0,50395.60
R10_6,36,1.36742887806,0,1,163.605408581,0,50422.10
R10_6,37,1.33360856665,0,1,159.558992746,0,50274.50
R10_6,38,1.08354128258,0,1,129.63980584,0,50084.80
R10_6,39,2.83279115721,1,0,219.283467631,0,55807.60
R10_6,40,1.16681757276,0,1,139.603359849,0,62190.40
R10_6,41,1.01691173435,0,1,121.667943729,0,61980.00
R10_6,42,1.17624701442,0,1,140.731541124,0,54667.20
R10_6,43,1.24635258839,0,1,149.119290759,0,82171.10
R10_6,44,1.4669170177,0,1,175.508621974,0,57257.60
R10_6,45,1.11560770248,0,1,133.476378121,0,52745.60
R10_6,46,1.31023100972,0,1,156.761995539,0,76508.60
R10_6,47,1.22119725478,0,1,146.109592267,0,56787.70
R10_6,48,1.27625981282,0,1,152.697527076,0,51306.90
R10_6,49,1.35028684422,0,1,161.554457709,0,51778.70
R10_6,50,1.38383997771,0,1,165.568907164,0,51858.30
R10_6,51,1.41930628898,0,1,169.812257908,0,51761.50
R10_6,52,1.29676833483,0,1,155.151259901,0,52008.70
R10_6,53,1.11333230161,0,1,133.204138815,0,52858.70
R10_6,54,1.44201795923,0,1,172.529585405,0,62308.00
R10_6,55,1.20694660657,0,1,144.404579918,0,62322.30
R10_6,56,1.46126885742,0,1,174.832850397,0,62077.40
R10_6,57,1.0829872007,0,1,129.573512964,0,61928.70
R10_6,58,1.39055868355,0,1,166.37276368,0,62061.90
R10_6,59,1.30495322322,0,1,156.130537164,0,62424.20
R10_6,60,1.14644865592,0,1,137.166330022,0,62226.70
R10_6,61,1.22169980495,0,1,146.169719654,0,62156.30
R10_6,62,1.30500724454,0,1,156.13700052,0,62201.20
R10_6,63,1.34962507653,0,1,161.475280814,0,55642.50
R10_6,64,3.12313765253,1,0,254.021842518,0,51461.10
R10_7,1,1.45103896819,0,1,218.7613,0,50828.90
R10_7,2,1.16916952697,0,1,176.266145325,0,51429.10
R10_7,3,1.36620377899,0,1,205.971391058,0,50982.80
R10_7,4,1.26216993964,0,1,190.287058356,0,51202.30
R10_7,5,1.30058974843,0,1,196.079299295,0,50505.80
R10_7,6,1.00671392057,0,1,151.774039719,0,77115.50
R10_7,7,1.03518177318,0,1,156.065905466,0,61509.00
R10_7,8,1.46831417531,0,1,221.365741956,0,61647.80
R10_7,9,1.15065661949,0,1,173.475105391,0,61553.90
R10_7,10,1.03671100239,0,1,156.29645487,0,55947.10
R10_7,11,1.49629786718,0,1,225.584614739,0,50347.20
R10_7,12,3.18679866236,1,0,329.68578288,0,51239.90
R10_7,13,1.13896803311,0,1,171.712912641,0,50759.60
R10_7,14,0.949557105655,0,1,143.156973322,0,50564.40
R10_7,15,1.59679310079,0,1,240.735460741,0,52805.10
R10_7,16,1.2417423802,0,1,187.207361975,0,52422.60
R10_7,17,1.38478910848,0,1,208.773349467,0,51998.30
R10_7,18,1.59922641503,0,1,241.102311666,0,56483.50
R10_7,19,1.31505777847,0,1,198.260526079,0,52714.30
R10_7,20,1.44251454457,0,1,217.476142238,0,52400.60
R10_7,21,1.0915360633,0,1,164.561981752,0,52468.80
R10_7,22,1.37009941516,0,1,206.558704321,0,52436.20
R10_7,23,1.20504163356,0,1,181.674290003,0,51821.40
R10_7,24,1.23979897312,0,1,186.914370354,0,51224.70
R10_7,25,1.20106386643,0,1,181.074594524,0,53335.10
R10_7,26,2.46938579183,1,0,221.52730083,0,51358.60
R10_7,27,1.07567134126,0,1,162.170187118,0,50828.20
R10_7,28,0.917912399761,0,1,138.386159338,0,61370.20
R10_7,29,1.20745643436,0,1,182.038349806,0,61614.70
R10_7,30,1.02940195897,0,1,155.19453006,0,61496.00
R10_7,31,1.2211408259,0,1,184.10143381,0,55619.90
R10_7,32,1.18534728508,0,1,178.705133852,0,50121.60
R10_7,33,2.55662680428,1,0,234.679916105,0,62267.30
R10_7,34,2.58337183185,1,0,238.712045585,0,61753.90
R10_7,35,1.1183513958,0,1,168.604710532,0,61510.10
R10_7,36,1.43964063524,0,1,217.042866389,0,61599.90
R10_7,37,1.22332513039,0,1,184.430743566,0,61371.00
R10_7,38,1.38518353994,0,1,208.832814679,0,58226.90
R10_7,39,1.02811520398,0,1,155.000536514,0,52083.60
R10_7,40,1.27530998292,0,1,192.268075416,0,50816.40
R10_7,41,1.13110058608,0,1,170.526801875,0,51221.20
R10_7,42,1.40457763448,0,1,211.756703993,0,56090.80
R10_7,43,1.02811520398,0,1,155.000536514,0,72452.60
R10_7,44,1.17256161138,0,1,176.777542201,0,61522.00
R10_7,45,1.71529571751,0,1,258.601132894,0,61662.30
R10_7,46,1.55958339714,0,1,235.125657475,0,61520.90
R10_7,47,1.39142566986,0,1,209.773889651,0,61731.50
R10_7,48,1.1178140025,0,1,168.523692131,0,57926.50
R10_7,49,1.24366583963,0,1,187.497346251,0,50184.30
R10_7,50,1.21037758123,0,1,182.478747274,0,51108.40
R10_7,51,1.08577538991,0,1,163.693492051,0,51996.30
R10_7,52,1.00720352665,0,1,151.847853631,0,55166.10
R10_7,53,0.996283160255,0,1,150.201479136,0,55542.40
R10_7,54,1.04494029009,0,1,157.5371174,0,51039.20
R10_7,55,1.24899202772,0,1,188.30033215,0,51806.10
R10_7,56,1.35952182044,0,1,204.964006713,0,50085.80
R10_7,57,1.01586094251,0,1,153.153061548,0,60282.60
R10_7,58,2.86404172971,1,0,281.026354899,0,51719.00
R10_7,59,1.17754420519,0,1,177.528727197,0,51173.80
R10_7,60,1.58892737295,0,1,239.549609164,0,49847.00
R10_7,61,1.10086612265,0,1,165.968598636,0,51255.10
R10_7,62,1.07768223284,0,1,162.473352827,0,51145.10
R10_7,63,1.24284883957,0,1,187.374173822,0,53551.10
R10_7,64,1.09547005659,0,1,165.155077807,0,51039.60
R10_8,1,0.942367263841,0,1,148.543807248,0,51783.30
R10_8,2,2.37587505579,1,0,216.876929968,0,60862.70
R10_8,3,2.54423369602,1,0,243.415026486,0,62243.20
R10_8,4,2.29047174207,1,0,203.414945603,0,62013.20
R10_8,5,1.03576810957,0,1,163.266429475,0,61502.20
R10_8,6,2.46024567812,1,0,230.176132881,0,50795.30
R10_8,7,0.956450575448,0,1,150.763736573,0,51419.50
R10_8,8,1.09361662928,0,1,172.384996822,0,50842.50
R10_8,9,1.12807595178,0,1,177.816763348,0,51354.30
R10_8,10,0.935380970677,0,1,147.442569307,0,50837.90
R10_8,11,1.2700533976,0,1,200.19643543,0,51044.10
R10_8,12,1.25122094772,0,1,197.227907222,0,51669.10
R10_8,13,1.16275218012,0,1,183.282720387,0,51431.20
R10_8,14,1.01135608468,0,1,159.418402004,0,51347.60
R10_8,15,1.02840178879,0,1,162.105288404,0,51866.70
R10_8,16,1.27445916177,0,1,200.890908816,0,56116.60
R10_8,17,1.00638791519,0,1,158.635277589,0,61131.20
R10_8,18,2.40183490029,1,0,220.968937709,0,72011.50
R10_8,19,2.21964806487,1,0,192.251125446,0,62140.40
R10_8,20,2.36116285888,1,0,214.557870483,0,62021.20
R10_8,21,2.23290113727,1,0,194.340185527,0,61945.50
R10_8,22,1.08790391744,0,1,171.484511417,0,58772.60
R10_8,23,1.16336556248,0,1,183.379406844,0,56412.00
R10_8,24,1.02543767071,0,1,161.638059329,0,52174.30
R10_8,25,0.951233732347,0,1,149.941414146,0,52230.60
R10_8,26,2.46233856455,1,0,230.50603114,0,55643.10
R10_8,27,0.947040892971,0,1,149.280503747,0,74209.80
R10_8,28,1.2408296143,0,1,195.589938367,0,61885.60
R10_8,29,0.971161516685,0,1,153.082598129,0,61861.90
R10_8,30,2.36921843047,1,0,215.827657028,0,61801.80
R10_8,31,1.17460802799,0,1,185.151538255,0,54418.10
R10_8,32,0.98412182569,0,1,155.125510396,0,61212.40
R10_8,33,1.13331980545,0,1,178.643343408,0,61775.20
R10_8,34,1.02976173376,0,1,162.3196543,0,61805.20
R10_8,35,1.00927475798,0,1,159.090325886,0,62058.60
R10_8,36,2.24798625518,1,0,196.718027939,0,61829.40
R10_8,37,2.67191019573,1,0,263.540463872,0,61852.40
R10_8,38,0.983678400092,0,1,155.055613945,0,61711.10
R10_8,39,0.926955242447,0,1,146.114435576,0,52035.30
R10_8,40,1.41205447536,0,1,222.579832576,0,57137.10
R10_8,41,1.00532356975,0,1,158.467506562,0,75712.30
R10_8,42,0.978524608602,0,1,154.24323024,0,61860.20
R10_8,43,1.18739360704,0,1,187.166908125,0,61956.30
R10_8,44,0.913176027157,0,1,143.942440454,0,61790.20
R10_8,45,1.09611274205,0,1,172.778454987,0,61935.40
R10_8,46,1.15855536426,0,1,182.621183181,0,57812.40
R10_8,47,1.14431904175,0,1,180.377134997,0,51120.70
R10_8,48,1.06754123751,0,1,168.274775555,0,51147.50
R10_8,49,1.02471692496,0,1,161.524449358,0,53973.80
R10_8,50,1.08794493289,0,1,171.490976616,0,51445.00
R10_8,51,0.969170441353,0,1,152.768748188,0,63832.50
R10_8,52,1.00215499819,0,1,157.968049821,0,69708.70
R10_8,53,1.21844219661,0,1,192.061046409,0,61883.90
R10_8,54,1.06285635528,0,1,167.536305249,0,61792.30
R10_8,55,2.40437890652,1,0,221.36994524,0,62053.20
R10_8,56,0.897575452875,0,1,141.483347499,0,52220.30
R10_8,57,0.935394107643,0,1,147.444640065,0,51741.30
R10_8,58,1.01695504458,0,1,160.300956875,0,50802.90
R10_8,59,0.973560718895,0,1,153.460780441,0,62059.50
R10_8,60,2.46257060428,1,0,230.542607181,0,58229.80
R10_8,61,0.976423181855,0,1,153.911985786,0,51776.00
R10_8,62,0.938147949195,0,1,147.878723595,0,60833.80
R10_8,63,1.15437955245,0,1,181.962956811,0,61495.40
R10_8,64,1.23294691733,0,1,194.347401764,0,61990.10
R10_9,1,0.962150489562,0,1,168.585890686,0,69337.70
R10_9,2,0.979840117241,0,1,171.685428306,0,62680.40
R10_9,3,0.909299905048,0,1,159.325527614,0,61829.80
R10_9,4,1.25000582653,0,1,219.02326914,0,61836.60
R10_9,5,0.998579117751,0,1,174.968834723,0,61782.30
R10_9,6,1.17373816825,0,1,205.659817953,0,61862.60
R10_9,7,0.986715395839,0,1,172.890099487,0,49632.70
R10_9,8,1.27900144903,0,1,224.103818284,0,69858.10
R10_9,9,0.944391848586,0,1,165.474260709,0,61483.60
R10_9,10,1.21657345779,0,1,213.165323088,0,74024.10
R10_9,11,1.05222964709,0,1,184.369362367,0,61574.60
R10_9,12,1.10531953758,0,1,193.671656106,0,68012.80
R10_9,13,1.08972424502,0,1,190.939083274,0,56170.20
R10_9,14,2.40922024371,1,0,246.920468821,0,50545.10
R10_9,15,0.964022024709,0,1,168.913816955,0,55341.90
R10_9,16,2.72743824809,1,0,302.677927017,0,61627.50
R10_9,17,1.21093980251,0,1,212.178206412,0,65072.70
R10_9,18,1.20068975777,0,1,210.382216136,0,54693.70
R10_9,19,1.4240669397,0,1,249.521874209,0,61623.60
R10_9,20,0.914140713263,0,1,160.173723373,0,61433.80
R10_9,21,1.14399768677,0,1,200.448756259,0,54149.70
R10_9,22,1.14897957019,0,1,201.321670905,0,68012.00
R10_9,23,1.27006167791,0,1,222.537411268,0,63409.20
R10_9,24,1.1643505416,0,1,204.014938678,0,50838.90
R10_9,25,0.970440635419,0,1,170.038471793,0,50417.10
R10_9,26,1.24976366466,0,1,218.980838071,0,50449.60
R10_9,27,2.33375713705,1,0,233.697989398,0,65146.50
R10_9,28,0.961837139002,0,1,168.530986091,0,61627.10
R10_9,29,0.953774329897,0,1,167.118238429,0,61804.60
R10_9,30,1.06605380066,0,1,186.791600122,0,61721.30
R10_9,31,1.05917590236,0,1,185.586469923,0,61466.10
R10_9,32,1.30947874279,0,1,229.443982603,0,60310.10
R10_9,33,1.08995082141,0,1,190.978783491,0,66091.30
R10_9,34,0.946226240536,0,1,165.795678828,0,61780.30
R10_9,35,1.15596182566,0,1,202.545086338,0,61468.40
R10_9,36,1.24611438339,0,1,218.341419041,0,61812.40
R10_9,37,1.20378947885,0,1,210.925342441,0,58790.90
R10_9,38,0.95705857842,0,1,167.693697225,0,56149.50
R10_9,39,1.06625907505,0,1,186.827567849,0,74297.40
R10_9,40,1.27087664913,0,1,222.680208731,0,61706.40
R10_9,41,0.979249396119,0,1,171.581923451,0,53739.10
R10_9,42,0.89873184609,0,1,157.473815588,0,51231.50
R10_9,43,1.08415417308,0,1,189.963107532,0,52076.30
R10_9,44,1.0140856896,0,1,177.685862107,0,53391.20
R10_9,45,1.03642468398,0,1,181.600051524,0,61621.50
R10_9,46,1.02785047213,0,1,180.097696999,0,61445.50
R10_9,47,0.87192989595,0,1,152.777636887,0,61519.30
R10_9,48,1.04426743472,0,1,182.974241044,0,57830.90
R10_9,49,2.58826312805,1,0,278.291968866,0,60172.00
R10_9,50,0.9193786786,0,1,161.091508128,0,61864.60
R10_9,51,0.906928925963,0,1,158.910089878,0,59619.30
R10_9,52,2.15938903186,1,0,203.145593863,0,51049.80
R10_9,53,2.48280451838,1,0,259.813743439,0,50866.30
R10_9,54,0.903988394352,0,1,158.394856403,0,53375.40
R10_9,55,0.966315163687,0,1,169.315615718,0,75261.30
R10_9,56,2.11383018293,1,0,195.162872649,0,61759.30
R10_9,57,1.09925303769,0,1,192.60869735,0,61450.10
R10_9,58,0.89178385554,0,1,156.256403979,0,55077.20
R10_9,59,2.23744387309,1,0,216.822191312,0,53439.90
R10_9,60,1.07727852716,0,1,188.758371989,0,51743.80
R10_9,61,1.08898340207,0,1,190.809274404,0,51407.70
R10_9,62,1.06238828059,0,1,186.149335765,0,61598.20
R10_9,63,1.01759068117,0,1,178.299999014,0,55295.40
R10_9,64,1.308113294,0,1,229.204731671,0,49927.20
R11_0,1,1.24951550604,0,1,175.280518214,0,90652.60
R11_0,2,1.11121766958,0,1,155.880265616,0,90897.10
R11_0,3,1.08017931475,0,1,151.526242882,0,80884.00
R11_0,4,2.78649468152,1,0,250.607305031,0,78942.30
R11_0,5,1.27894018108,0,1,179.408175906,0,75358.70
R11_0,6,2.7019352006,1,0,238.745403708,0,75442.70
R11_0,7,1.08882069171,0,1,152.738444752,0,74727.70
R11_0,8,2.26732954725,1,0,177.779450288,0,79075.30
R11_0,9,1.34483070819,0,1,188.651219054,0,74939.00
R11_0,10,2.83536586551,1,0,257.462895389,0,87690.90
R11_0,11,2.62313050925,1,0,227.690777278,0,87772.00
R11_0,12,1.13837429468,0,1,159.689764016,0,74806.20
R11_0,13,1.25993595552,0,1,176.742286216,0,75133.10
R11_0,14,1.45120899335,0,1,203.573835748,0,77905.80
R11_0,15,1.27519321346,0,1,178.882555837,0,102972.60
R11_0,16,1.03442353093,0,1,145.107677078,0,90347.60
R11_0,17,1.14591159124,0,1,160.747086827,0,90538.80
R11_0,18,1.45572634592,0,1,204.207524483,0,87491.40
R11_0,19,1.30046271164,0,1,182.427330363,0,73915.60
R11_0,20,1.21673365356,0,1,170.681919747,0,73727.10
R11_0,21,2.59899577469,1,0,224.305186015,0,81977.80
R11_0,22,1.09556170369,0,1,153.684065728,0,94597.70
R11_0,23,1.46896628102,0,1,206.064806505,0,73180.20
R11_0,24,1.25305398464,0,1,175.776891696,0,73022.20
R11_0,25,1.19450174437,0,1,167.563254517,0,73684.00
R11_0,26,2.8889434925,1,0,264.978699858,0,74944.50
R11_0,27,1.12503139679,0,1,157.818038499,0,73859.30
R11_0,28,2.52126046219,1,0,213.400570751,0,75040.60
R11_0,29,1.18200511834,0,1,165.810242989,0,75455.10
R11_0,30,1.18914568949,0,1,166.81191364,0,91949.80
R11_0,31,1.26553690826,0,1,177.527981067,0,75467.10
R11_0,32,1.20063151102,0,1,168.423130741,0,73943.20
R11_0,33,1.25047089721,0,1,175.414539328,0,86623.70
R11_0,34,1.27313086149,0,1,178.593251607,0,90571.00
R11_0,35,2.41508703065,1,0,198.506690674,0,89911.80
R11_0,36,1.26953890702,0,1,178.089376594,0,91015.10
R11_0,37,0.989572633487,0,1,138.816047636,0,81467.20
R11_0,38,1.36132476198,0,1,190.964984896,0,90503.70
R11_0,39,1.27586429649,0,1,178.97669455,0,90569.60
R11_0,40,1.13762547435,0,1,159.584720409,0,100257.70
R11_0,41,2.77496216446,1,0,248.989537539,0,86352.10
R11_0,42,2.68636486659,1,0,236.561216155,0,73787.80
R11_0,43,2.50403492605,1,0,210.984193454,0,76671.60
R11_0,44,1.21286453941,0,1,170.139165111,0,90910.20
R11_0,45,2.68510409613,1,0,236.384356806,0,90641.10
R11_0,46,1.22332276832,0,1,171.606232766,0,101769.10
R11_0,47,1.43451594042,0,1,201.232154549,0,75089.40
R11_0,48,2.77300692883,1,0,248.715259459,0,76739.20
R11_0,49,2.55402020748,1,0,217.996068048,0,92762.40
R11_0,50,1.18460365837,0,1,166.17476303,0,75587.70
R11_0,51,2.56179699986,1,0,219.086987043,0,75335.60
R11_0,52,1.26967183193,0,1,178.108023139,0,74310.20
R11_0,53,2.46213272252,1,0,205.106203214,0,75354.70
R11_0,54,1.24808048408,0,1,175.079215076,0,76559.80
R11_0,55,2.87466052896,1,0,262.975103072,0,89758.00
R11_0,56,1.49726697477,0,1,210.034793466,0,90640.50
R11_0,57,3.97842141048,2,0,277.530553561,0,82274.70
R11_0,58,2.46816592783,1,0,205.95253393,0,74769.10
R11_0,59,1.1249456217,0,1,157.806006072,0,80918.00
R11_0,60,2.50683828949,1,0,211.377445874,0,91734.90
R11_0,61,1.01293932608,0,1,142.093898904,0,90550.20
R11_0,62,2.71581844093,1,0,240.692927806,0,85725.40
R11_0,63,1.16945635441,0,1,164.049917619,0,96486.00
R11_0,64,1.23756765613,0,1,173.604488333,0,75209.30
R11_1,1,1.03390231478,0,1,140.233794646,0,81241.00
R11_1,2,1.16022939797,0,1,157.368224068,0,90712.30
R11_1,3,1.4907950329,0,1,202.204639174,0,90767.20
R11_1,4,1.23799017727,0,1,167.915341528,0,86999.00
R11_1,5,1.14024208641,0,1,154.657236283,0,74136.80
R11_1,6,2.63749270035,1,0,222.102041742,0,75534.30
R11_1,7,2.80032971713,1,0,244.188512045,0,92469.60
R11_1,8,3.105549016,1,0,285.587065725,0,90648.00
R11_1,9,1.08933969943,0,1,147.753068665,0,75852.20
R11_1,10,3.29336313163,1,0,311.061315803,0,75870.50
R11_1,11,1.16937965682,0,1,158.609323447,0,75502.50
R11_1,12,1.22778154689,0,1,166.530689461,0,86680.70
R11_1,13,2.43235734356,1,0,194.278417511,0,75547.20
R11_1,14,1.40056645433,0,1,189.966446284,0,74170.50
R11_1,15,1.21621477112,0,1,164.961824749,0,74142.40
R11_1,16,1.57169130106,0,1,213.177040044,0,96555.20
R11_1,17,1.31541530916,0,1,178.416933304,0,88284.10
R11_1,18,2.03377818549,1,0,140.216958314,0,74817.30
R11_1,19,2.90111579928,1,0,257.858676571,0,74346.20
R11_1,20,1.09024315001,0,1,147.875608582,0,76012.00
R11_1,21,1.29435324343,0,1,175.560170765,0,80985.10
R11_1,22,3.24422552621,1,0,304.396515108,0,90359.30
R11_1,23,1.19649969724,0,1,162.287762042,0,81102.20
R11_1,24,1.06419867117,0,1,144.343054252,0,75171.80
R11_1,25,2.75091473586,1,0,237.486089353,0,81196.80
R11_1,26,1.18695687314,0,1,160.993416904,0,93295.50
R11_1,27,1.01159344513,0,1,137.207921311,0,90484.30
R11_1,28,1.51946283893,0,1,206.093009639,0,90313.40
R11_1,29,1.23953033779,0,1,168.124241876,0,103087.20
R11_1,30,2.27034084021,1,0,172.303237907,0,90341.30
R11_1,31,1.05536903298,0,1,143.145442398,0,88842.30
R11_1,32,2.81354807701,1,0,245.981390094,0,98155.00
R11_1,33,1.2031759483,0,1,163.193298288,0,90353.20
R11_1,34,0.965973388648,0,1,131.020224909,0,83814.20
R11_1,35,1.30014313895,0,1,176.345485788,0,73815.40
R11_1,36,2.98369569308,1,0,269.059436742,0,74952.20
R11_1,37,1.21040705304,0,1,164.174092356,0,74780.00
R11_1,38,1.02794185967,0,1,139.425345698,0,112094.30
R11_1,39,1.30187840793,0,1,176.580849759,0,80088.00
R11_1,40,2.88532515782,1,0,255.716905981,0,75466.00
R11_1,41,0.959441030229,0,1,130.134205605,0,75857.60
R11_1,42,1.04509326066,0,1,141.751683505,0,75078.90
R11_1,43,1.05414001476,0,1,142.978743973,0,77605.60
R11_1,44,1.52368661838,0,1,206.66590382,0,96508.70
R11_1,45,1.03302617742,0,1,140.11495937,0,74007.10
R11_1,46,0.982973846991,0,1,133.326089545,0,73406.00
R11_1,47,1.27474035094,0,1,172.899967477,0,74721.10
R11_1,48,1.12763402916,0,1,152.947136901,0,85005.70
R11_1,49,1.25317266816,0,1,169.974625348,0,90367.50
R11_1,50,2.51196292503,1,0,205.075755523,0,90569.90
R11_1,51,1.46375228409,0,1,198.536684061,0,90473.90
R11_1,52,3.17035111354,1,0,294.376526693,0,80409.10
R11_1,53,1.28693110849,0,1,174.553466233,0,74971.90
R11_1,54,1.12685764596,0,1,152.841831823,0,83020.80
R11_1,55,0.975811538123,0,1,132.354626635,0,73499.20
R11_1,56,2.45935079151,1,0,197.939685681,0,76065.80
R11_1,57,1.19855242138,0,1,162.566184183,0,74340.80
R11_1,58,1.15830042823,0,1,157.10658741,0,75734.00
R11_1,59,1.17415236962,0,1,159.256672444,0,74481.30
R11_1,60,1.22281989486,0,1,165.857713609,0,74229.10
R11_1,61,1.16125657811,0,1,157.507546098,0,74202.30
R11_1,62,0.952681020212,0,1,129.217308677,0,74998.00
R11_1,63,1.26038117443,0,1,170.952354263,0,73797.20
R11_1,64,1.31499215997,0,1,178.359539277,0,74379.10
R11_2,1,1.36373552618,0,1,212.663737928,0,90411.60
R11_2,2,2.60429251501,1,0,250.176692198,0,75096.50
R11_2,3,1.28651533014,0,1,200.621860879,0,74386.20
R11_2,4,2.66329260577,1,0,259.377288353,0,92050.50
R11_2,5,1.4611581263,0,1,227.856019645,0,92726.30
R11_2,6,1.41058907526,0,1,219.970177257,0,92523.60
R11_2,7,1.42530603585,0,1,222.265170524,0,75574.40
R11_2,8,1.22408923707,0,1,190.88700684,0,89031.30
R11_2,9,1.31795581443,0,1,205.524755013,0,75387.70
R11_2,10,2.42694814539,1,0,222.521244481,0,74340.80
R11_2,11,1.44748380674,0,1,225.723617976,0,74703.50
R11_2,12,1.1326892345,0,1,176.633901439,0,92735.60
R11_2,13,1.23173355851,0,1,192.079078131,0,90540.10
R11_2,14,1.11003844635,0,1,173.101690696,0,82354.60
R11_2,15,1.64707677544,0,1,256.84855824,0,73969.40
R11_2,16,1.03772211836,0,1,161.824532972,0,81808.30
R11_2,17,1.51084319107,0,1,235.604011385,0,90482.80
R11_2,18,1.1817023764,0,1,184.277112138,0,88061.00
R11_2,19,1.31903217539,0,1,205.692604968,0,74773.20
R11_2,20,1.51510691452,0,1,236.268905237,0,73982.70
R11_2,21,1.37354574161,0,1,214.193563209,0,74122.10
R11_2,22,1.2403468258,0,1,193.422248844,0,73732.20
R11_2,23,3.189154274,1,0,341.38124429,0,72994.70
R11_2,24,3.28651723507,1,0,356.56422577,0,74052.60
R11_2,25,1.05359361449,0,1,164.299566899,0,74514.70
R11_2,26,0.952775677177,0,1,148.577809279,0,75784.90
R11_2,27,2.28130630966,1,0,199.809555454,0,75673.80
R11_2,28,1.0904013606,0,1,170.039442939,0,81045.40
R11_2,29,4.8286634474,2,0,441.107627188,0,90618.40
R11_2,30,2.58709788052,1,0,247.49532534,0,84127.60
R11_2,31,1.26495992102,0,1,197.260465808,0,75604.50
R11_2,32,1.24036920568,0,1,193.425738809,0,74352.70
R11_2,33,1.03166420209,0,1,160.879848981,0,75280.50
R11_2,34,2.98154889176,1,0,309.006831691,0,76734.30
R11_2,35,1.12728782467,0,1,175.791594421,0,75755.20
R11_2,36,1.11907844467,0,1,174.511406728,0,75223.90
R11_2,37,2.92281064693,1,0,299.847068331,0,75024.00
R11_2,38,1.14343552563,0,1,178.3097003,0,74357.80
R11_2,39,1.31314563484,0,1,204.774645662,0,93440.00
R11_2,40,2.9769609352,1,0,308.291376258,0,100061.00
R11_2,41,1.23274989521,0,1,192.237567778,0,85732.20
R11_2,42,1.16597621087,0,1,181.824741366,0,86580.20
R11_2,43,1.2222686365,0,1,190.603098622,0,75427.60
R11_2,44,1.53736483861,0,1,239.739851945,0,74792.20
R11_2,45,2.59459081474,1,0,248.663788996,0,73953.80
R11_2,46,1.10236919338,0,1,171.905731531,0,74248.10
R11_2,47,1.33768781327,0,1,208.601803716,0,75769.00
R11_2,48,1.29183960664,0,1,201.452139567,0,74108.00
R11_2,49,1.23490989424,0,1,192.574402494,0,74186.10
R11_2,50,2.54921121158,1,0,241.587199842,0,74449.20
R11_2,51,1.05466844162,0,1,164.467177663,0,75543.20
R11_2,52,2.65636516319,1,0,258.297008633,0,82694.10
R11_2,53,1.34346177035,0,1,209.502206521,0,74538.60
R11_2,54,1.43997325171,0,1,224.552406494,0,75842.00
R11_2,55,1.32015412675,0,1,205.867564383,0,97282.90
R11_2,56,2.51805870253,1,0,236.729213163,0,104797.30
R11_2,57,1.36724854344,0,1,213.211565104,0,98002.70
R11_2,58,1.05663295241,0,1,164.773527538,0,90362.40
R11_2,59,1.31509703183,0,1,205.078950543,0,90296.00
R11_2,60,1.32497941393,0,1,206.620029642,0,90538.40
R11_2,61,1.29169375771,0,1,201.429395583,0,98512.00
R11_2,62,2.68932622984,1,0,263.437025524,0,75051.30
R11_2,63,0.931790808244,0,1,145.305385424,0,74018.40
R11_2,64,1.39194850318,0,1,217.063327901,0,74061.60
R11_3,1,1.11751055563,0,1,172.779738176,0,90155.40
R11_3,2,1.08936673984,0,1,168.428386773,0,75288.80
R11_3,3,2.82748919823,1,0,282.550445362,0,75002.30
R11_3,4,1.24246354731,0,1,192.098880243,0,90152.90
R11_3,5,2.50461786555,1,0,232.630895121,0,75162.50
R11_3,6,1.01338941176,0,1,156.681434776,0,73543.50
R11_3,7,1.02650262369,0,1,158.708885266,0,88921.80
R11_3,8,1.26759277583,0,1,195.984142448,0,90111.80
R11_3,9,4.08927181344,2,0,323.024990758,0,94321.80
R11_3,10,1.14077629101,0,1,176.376883318,0,90240.80
R11_3,11,1.09197547645,0,1,168.831726882,0,89872.20
R11_3,12,2.82954926853,1,0,282.868955468,0,74469.20
R11_3,13,1.05066692445,0,1,162.444958754,0,75068.10
R11_3,14,2.23024140981,1,0,190.209199913,0,73653.60
R11_3,15,1.07958721252,0,1,166.91636153,0,74796.10
R11_3,16,2.74193634399,1,0,269.323009001,0,74035.80
R11_3,17,2.74757360551,1,0,270.194593225,0,75451.30
R11_3,18,1.04723734127,0,1,161.914706506,0,74354.80
R11_3,19,2.68029392322,1,0,259.792395382,0,74818.80
R11_3,20,1.1016310351,0,1,170.32458517,0,73461.40
R11_3,21,1.04567903753,0,1,161.67377517,0,78487.90
R11_3,22,0.882832589578,0,1,136.495877298,0,80345.00
R11_3,23,2.78566378168,1,0,276.083764144,0,79041.10
R11_3,24,1.16179354172,0,1,179.626387367,0,77420.50
R11_3,25,2.61916157161,1,0,250.340644209,0,76665.50
R11_3,26,1.01225259007,0,1,156.505669319,0,76384.80
R11_3,27,0.919454007685,0,1,142.157961651,0,77150.50
R11_3,28,2.71034040434,1,0,264.437920308,0,94150.90
R11_3,29,1.03513427766,0,1,160.043436341,0,83314.40
R11_3,30,1.02859279839,0,1,159.032049853,0,74411.50
R11_3,31,0.967215856006,0,1,149.542482188,0,74391.30
R11_3,32,1.16201804964,0,1,179.661098824,0,74492.70
R11_3,33,2.7237200945,1,0,266.506571338,0,73688.40
R11_3,34,2.6840373587,1,0,260.371172736,0,75060.70
R11_3,35,1.26575908623,0,1,195.70063335,0,73012.90
R11_3,36,0.975220490982,0,1,150.780089053,0,102522.20
R11_3,37,2.41167409518,1,0,218.260739754,0,92783.10
R11_3,38,1.0641696879,0,1,164.532638303,0,74458.30
R11_3,39,1.17135472781,0,1,181.104654594,0,74935.20
R11_3,40,2.28195223171,1,0,198.204276311,0,74081.60
R11_3,41,2.26893273584,1,0,196.19131538,0,75265.50
R11_3,42,0.99933438341,0,1,154.508368843,0,73683.70
R11_3,43,2.65316564098,1,0,255.598056923,0,73698.30
R11_3,44,1.23374766455,0,1,190.751306448,0,76088.90
R11_3,45,2.43475413756,1,0,221.829174664,0,90437.80
R11_3,46,1.28857283593,0,1,199.227896408,0,76959.70
R11_3,47,1.11192505418,0,1,171.916156644,0,90313.90
R11_3,48,2.21537853648,1,0,187.911232033,0,92429.80
R11_3,49,2.59188433248,1,0,246.123275333,0,93912.80
R11_3,50,1.1841615864,0,1,183.084739402,0,102164.30
R11_3,51,1.16250315021,0,1,179.736100844,0,90068.40
R11_3,52,1.02956985077,0,1,159.183113173,0,98497.50
R11_3,53,1.057736131,0,1,163.537937831,0,74110.00
R11_3,54,2.68348192998,1,0,260.285297191,0,74892.60
R11_3,55,2.52783733946,1,0,236.22088772,0,74027.00
R11_3,56,2.39770599328,1,0,216.10111363,0,74375.70
R11_3,57,1.21551805025,0,1,187.932802435,0,74788.50
R11_3,58,1.18328914407,0,1,182.949849976,0,75336.40
R11_3,59,1.09654343178,0,1,169.537984306,0,78641.50
R11_3,60,3.87390099101,2,0,289.726232081,0,90208.40
R11_3,61,1.01678801256,0,1,157.206896799,0,75181.80
R11_3,62,2.18715021704,1,0,183.546815412,0,88894.10
R11_3,63,2.35923627719,1,0,210.153261558,0,73984.40
R11_3,64,1.05173566582,0,1,162.610198226,0,74744.50
R11_4,1,1.30271056554,0,1,162.505108969,0,74290.60
R11_4,2,1.23577005089,0,1,154.154692602,0,83607.40
R11_4,3,2.61909022103,1,0,201.971519813,0,92109.40
R11_4,4,1.27536171611,0,1,159.093508669,0,74987.90
R11_4,5,2.55702032005,1,0,194.228682465,0,90356.80
R11_4,6,1.18328653905,0,1,147.607698177,0,88289.70
R11_4,7,1.23919591521,0,1,154.582048048,0,74275.90
R11_4,8,2.28391859521,1,0,160.160926565,0,73104.50
R11_4,9,1.32157501375,0,1,164.858332543,0,83793.40
R11_4,10,2.53174860573,1,0,191.076191958,0,90758.10
R11_4,11,1.08303684597,0,1,135.102167226,0,90394.80
R11_4,12,2.63730374571,1,0,204.243544692,0,80572.00
R11_4,13,1.26367213173,0,1,157.63530511,0,74942.10
R11_4,14,1.03988576594,0,1,129.719336114,0,75410.90
R11_4,15,1.25397388223,0,1,156.425508296,0,75968.10
R11_4,16,1.05521379055,0,1,131.631412652,0,74739.80
R11_4,17,1.40460576696,0,1,175.215906939,0,75247.30
R11_4,18,2.62506881878,1,0,202.717313012,0,75405.80
R11_4,19,1.22249937788,0,1,152.499257987,0,74904.50
R11_4,20,1.35682798929,0,1,169.255923829,0,75310.90
R11_4,21,2.89901238864,1,0,236.890083886,0,75966.60
R11_4,22,1.01276339971,0,1,126.335988195,0,77595.20
R11_4,23,3.3270349147,1,0,290.28325431,0,90845.60
R11_4,24,1.36177355665,0,1,169.872852857,0,90738.90
R11_4,25,1.0760169395,0,1,134.226477186,0,91196.80
R11_4,26,0.991971458472,0,1,123.742321754,0,79438.00
R11_4,27,1.07126428451,0,1,133.633612787,0,77555.90
R11_4,28,0.96645321841,0,1,120.559078683,0,80873.50
R11_4,29,1.12092994702,0,1,139.829097887,0,75302.20
R11_4,30,2.68302071024,1,0,209.946454071,0,74899.10
R11_4,31,1.21530301383,0,1,151.601555953,0,75232.90
R11_4,32,2.77501345491,1,0,221.42198163,0,75851.90
R11_4,33,2.89330878713,1,0,236.178594772,0,82815.70
R11_4,34,1.52806141143,0,1,190.616237209,0,90446.80
R11_4,35,1.35180105679,0,1,168.628845002,0,84272.10
R11_4,36,1.02526454287,0,1,127.895428708,0,74190.70
R11_4,37,1.50898934441,0,1,188.23711447,0,74398.10
R11_4,38,1.26802971752,0,1,158.178887063,0,75197.60
R11_4,39,1.21980075895,0,1,152.162621918,0,92690.70
R11_4,40,1.11887195157,0,1,139.572375647,0,90491.70
R11_4,41,1.20699945408,0,1,150.565738085,0,81970.20
R11_4,42,1.67165129469,0,1,208.528189599,0,94454.60
R11_4,43,2.73711451748,1,0,216.694322916,0,84025.40
R11_4,44,1.01635260738,0,1,126.783719717,0,79716.90
R11_4,45,0.976681106115,0,1,121.834944596,0,96302.80
R11_4,46,1.36256610255,0,1,169.97171807,0,90618.10
R11_4,47,1.03218448815,0,1,128.758649204,0,90278.10
R11_4,48,3.23228497747,1,0,278.463783982,0,90713.20
R11_4,49,2.2089354311,1,0,150.807239279,0,90340.90
R11_4,50,1.07627276642,0,1,134.258390017,0,72961.50
R11_4,51,1.02279703345,0,1,127.587622125,0,86508.00
R11_4,52,2.96161543298,1,0,244.699427581,0,84848.90
R11_4,53,2.83483065178,1,0,228.883808034,0,97356.00
R11_4,54,2.23181948603,1,0,153.661884,0,84622.60
R11_4,55,2.58397384857,1,0,197.590968919,0,75476.50
R11_4,56,1.45237167256,0,1,181.174409079,0,74308.10
R11_4,57,1.40634419884,0,1,175.432765593,0,74646.10
R11_4,58,2.5496240431,1,0,193.306042529,0,84530.60
R11_4,59,4.636315825,2,0,328.864140472,0,91427.50
R11_4,60,2.55664698093,1,0,194.182110712,0,76983.00
R11_4,61,1.0797800573,0,1,134.695902925,0,73894.90
R11_4,62,2.79534959961,1,0,223.958790264,0,73848.60
R11_4,63,2.2807619275,1,0,159.767151735,0,74037.20
R11_4,64,1.27347562033,0,1,158.858229852,0,77074.90
R11_5,1,0.850508871875,0,1,153.064734745,0,90480.80
R11_5,2,2.26297184457,1,0,227.295042736,0,90606.40
R11_5,3,1.04449263586,0,1,187.975685544,0,80117.70
R11_5,4,2.24387734004,1,0,223.858634995,0,89011.00
R11_5,5,0.907333139242,0,1,163.291308153,0,90568.20
R11_5,6,2.43005725476,1,0,257.3651394,0,90599.60
R11_5,7,1.02257324489,0,1,184.030887464,0,78981.90
R11_5,8,0.905888397336,0,1,163.03130024,0,75058.50
R11_5,9,2.13779476581,1,0,204.767122111,0,80178.00
R11_5,10,1.09612972943,0,1,197.268731496,0,74900.10
R11_5,11,0.919342703736,0,1,165.452650455,0,78496.90
R11_5,12,2.35958682492,1,0,244.682687743,0,84382.40
R11_5,13,0.986473344629,0,1,177.534045584,0,74584.40
R11_5,14,2.36344931722,1,0,245.377814366,0,77736.60
R11_5,15,2.82037267142,1,0,327.609586804,0,90606.40
R11_5,16,0.890419053699,0,1,160.247306964,0,86537.30
R11_5,17,2.30038726724,1,0,234.028637101,0,74751.60
R11_5,18,2.54368681197,1,0,277.81487086,0,75324.80
R11_5,19,2.21505040679,1,0,218.670697471,0,99448.70
R11_5,20,2.59510052391,1,0,287.067715175,0,87895.40
R11_5,21,2.66363563443,1,0,299.401870477,0,73831.60
R11_5,22,3.51284711591,2,0,272.264699599,0,75069.20
R11_5,23,1.18818995969,0,1,213.836665343,0,74996.70
R11_5,24,1.01784306886,0,1,183.179605175,0,85296.10
R11_5,25,0.916376383989,0,1,164.918806588,0,90683.20
R11_5,26,1.08452690981,0,1,195.180590425,0,90531.20
R11_5,27,2.52498950414,1,0,274.44994598,0,90600.10
R11_5,28,2.28191764439,1,0,230.704688326,0,79894.10
R11_5,29,2.28575698433,1,0,231.395648255,0,75186.50
R11_5,30,2.50717749529,1,0,271.244346955,0,74483.30
R11_5,31,2.6679985239,1,0,300.187052786,0,100283.20
R11_5,32,1.01398452028,0,1,182.485188298,0,91029.90
R11_5,33,2.24846056147,1,0,224.683470097,0,81556.70
R11_5,34,0.964349696147,0,1,173.552487603,0,74705.60
R11_5,35,2.18463667275,1,0,213.19718592,0,74742.30
R11_5,36,2.59182197946,1,0,286.477680722,0,96365.00
R11_5,37,1.15126692308,0,1,207.191684919,0,90818.50
R11_5,38,2.12714100746,1,0,202.849782093,0,90924.60
R11_5,39,2.35300412992,1,0,243.49801055,0,78850.80
R11_5,40,0.945295440164,0,1,170.12332333,0,89649.20
R11_5,41,2.22010895961,1,0,219.58107721,0,76014.30
R11_5,42,0.985331334727,0,1,177.328519871,0,74360.50
R11_5,43,0.993268666969,0,1,178.756988984,0,75630.70
R11_5,44,0.908910235781,0,1,163.575135719,0,75176.30
R11_5,45,2.02198151198,1,0,183.924394229,0,74879.90
R11_5,46,2.20612772197,1,0,217.064896013,0,74617.90
R11_5,47,2.05931897878,1,0,190.643959,0,83600.90
R11_5,48,1.03165289457,0,1,185.664937638,0,84562.70
R11_5,49,0.971480305307,0,1,174.835772041,0,75098.20
R11_5,50,2.35851223405,1,0,244.489295326,0,96582.50
R11_5,51,2.29342792941,1,0,232.776176092,0,97197.60
R11_5,52,2.77784012194,1,0,319.955071233,0,90804.20
R11_5,53,1.03527687205,0,1,186.317139126,0,82731.10
R11_5,54,2.45139654586,1,0,261.205537825,0,74826.10
R11_5,55,2.34959265713,1,0,242.884053193,0,74173.80
R11_5,56,2.48377035296,1,0,267.031800619,0,75341.60
R11_5,57,0.844352666238,0,1,151.956812166,0,106928.20
R11_5,58,0.983526328732,0,1,177.0036758,0,88635.00
R11_5,59,0.988103147559,0,1,177.827358636,0,79350.50
R11_5,60,2.75126291494,1,0,315.172013377,0,76288.80
R11_5,61,3.48584331055,2,0,267.404867513,0,90492.50
R11_5,62,0.982971528692,0,1,176.903829316,0,115088.20
R11_5,63,0.812970113135,0,1,146.308943784,0,92919.20
R11_5,64,1.03369442022,0,1,186.032347776,0,99251.50
R11_6,1,1.49981788984,0,1,286.224525886,0,77581.10
R11_6,2,1.01241358822,0,1,193.208523016,0,87402.90
R11_6,3,0.949266050363,0,1,181.157477215,0,95615.80
R11_6,4,0.987462705922,0,1,188.44690862,0,90093.40
R11_6,5,1.06940989332,0,1,204.085670513,0,73731.30
R11_6,6,3.75386641006,2,0,334.707023493,0,74555.70
R11_6,7,1.2940377512,0,1,246.953543044,0,84195.20
R11_6,8,1.24333350897,0,1,237.277169805,0,81176.20
R11_6,9,1.14166700193,0,1,217.875182422,0,80016.10
R11_6,10,1.3829536961,0,1,263.922219271,0,72983.70
R11_6,11,1.19439786992,0,1,227.938315948,0,73821.50
R11_6,12,1.06930955425,0,1,204.066521853,0,75516.40
R11_6,13,2.55585189948,1,0,296.918029378,0,74846.90
R11_6,14,1.15474276532,0,1,220.370554829,0,74609.10
R11_6,15,1.05252401098,0,1,200.863176835,0,73938.20
R11_6,16,1.09107641155,0,1,208.220498447,0,77210.10
R11_6,17,1.53642627928,0,1,293.210853349,0,75203.90
R11_6,18,0.889011546624,0,1,169.658536656,0,75756.80
R11_6,19,1.25433958821,0,1,239.377564681,0,77192.10
R11_6,20,1.54921942565,0,1,295.652291259,0,74597.20
R11_6,21,2.85527529857,1,0,354.059847079,0,74252.30
R11_6,22,0.97967105604,0,1,186.959953898,0,74573.40
R11_6,23,1.0401831613,0,1,198.508055009,0,74172.10
R11_6,24,0.892771939275,0,1,170.376168184,0,74316.90
R11_6,25,2.43842056799,1,0,274.507490468,0,75811.00
R11_6,26,0.915720156691,0,1,174.755594976,0,102388.20
R11_6,27,2.8760234334,1,0,358.019411167,0,90354.20
R11_6,28,1.52907005147,0,1,291.806994366,0,91077.70
R11_6,29,2.62125399061,1,0,309.399333043,0,74884.30
R11_6,30,1.37480391483,0,1,262.366918928,0,73894.30
R11_6,31,0.971735457689,0,1,185.445528119,0,73683.40
R11_6,32,2.27322307747,1,0,242.981280705,0,73857.50
R11_6,33,0.854018201831,0,1,162.980423539,0,75054.30
R11_6,34,1.20374311142,0,1,229.721757348,0,73793.50
R11_6,35,1.08221751559,0,1,206.529870997,0,74010.20
R11_6,36,1.00262251023,0,1,191.339998394,0,73612.10
R11_6,37,1.3486063993,0,1,257.367397644,0,81986.50
R11_6,38,2.56097910392,1,0,297.896502613,0,90683.80
R11_6,39,1.01355552108,0,1,193.426448934,0,90078.30
R11_6,40,1.43768366977,0,1,274.366861166,0,90517.70
R11_6,41,2.57734336312,1,0,301.01944998,0,90417.80
R11_6,42,2.58880155004,1,0,303.206124869,0,79083.80
R11_6,43,1.2302294221,0,1,234.776392159,0,76184.10
R11_6,44,1.46787679059,0,1,280.128901845,0,78360.20
R11_6,45,1.07269384552,0,1,204.712378373,0,74932.10
R11_6,46,1.33962620976,0,1,255.653622585,0,74229.00
R11_6,47,0.903619834512,0,1,172.446375302,0,75697.70
R11_6,48,1.37753196689,0,1,262.887539072,0,77159.70
R11_6,49,1.11376864271,0,1,212.551072944,0,77337.40
R11_6,50,1.27452844281,0,1,243.230395999,0,75613.10
R11_6,51,1.05133533839,0,1,200.636331129,0,76387.90
R11_6,52,1.27832701277,0,1,243.955313267,0,76224.60
R11_6,53,1.47797314346,0,1,282.055684978,0,88219.30
R11_6,54,0.981496625572,0,1,187.308344711,0,90063.30
R11_6,55,1.10246645251,0,1,210.394168395,0,90086.20
R11_6,56,1.05525670773,0,1,201.384683371,0,82054.00
R11_6,57,0.996548447272,0,1,190.180827136,0,75069.20
R11_6,58,2.47070933312,1,0,280.669462901,0,87596.70
R11_6,59,1.30824711301,0,1,249.665250828,0,91579.40
R11_6,60,1.1357790455,0,1,216.751527643,0,86814.70
R11_6,61,2.7596211497,1,0,335.805255241,0,73510.70
R11_6,62,0.982250617569,0,1,187.452236182,0,74927.50
R11_6,63,1.02906513152,0,1,196.386295544,0,74956.90
R11_6,64,3.32950817352,1,0,444.562221209,0,74305.50
R11_7,1,1.37870588154,0,1,186.450834932,0,75466.60
R11_7,2,2.57102564,1,0,212.45941299,0,74686.40
R11_7,3,2.51802602447,1,0,205.291950589,0,74433.80
R11_7,4,1.21910984689,0,1,164.867686336,0,85184.60
R11_7,5,1.18773479953,0,1,160.624646645,0,91095.50
R11_7,6,1.2823216103,0,1,173.416199998,0,90940.80
R11_7,7,1.22804911255,0,1,166.076597945,0,90871.30
R11_7,8,2.83909041461,1,0,248.711453189,0,83146.60
R11_7,9,1.14798860301,0,1,155.249525217,0,75105.00
R11_7,10,2.76059714392,1,0,238.096327764,0,87538.60
R11_7,11,2.62199623375,1,0,219.352478356,0,90718.00
R11_7,12,1.3648302167,0,1,184.574343848,0,90462.70
R11_7,13,1.03961168583,0,1,140.593051371,0,76906.10
R11_7,14,2.73047539204,1,0,234.022778893,0,74548.10
R11_7,15,1.30028786031,0,1,175.845885952,0,74379.40
R11_7,16,2.59298778043,1,0,215.429487663,0,74311.90
R11_7,17,1.27275928034,0,1,172.12302759,0,74552.70
R11_7,18,1.2512912197,0,1,169.219770351,0,73740.20
R11_7,19,2.89560219256,1,0,256.353886811,0,74938.00
R11_7,20,0.972620207112,0,1,131.533383672,0,74763.80
R11_7,21,2.75882866969,1,0,237.857166171,0,75349.80
R11_7,22,1.18918749099,0,1,160.821103002,0,90583.10
R11_7,23,2.48017986792,1,0,200.173783196,0,74790.50
R11_7,24,2.32142403238,1,0,178.704259868,0,75471.20
R11_7,25,1.17578719484,0,1,159.008898936,0,96218.30
R11_7,26,2.8880898903,1,0,255.337952196,0,104978.50
R11_7,27,1.16691704557,0,1,157.809334359,0,84854.70
R11_7,28,2.25152342474,1,0,169.25117286,0,74437.50
R11_7,29,1.37902513754,0,1,186.494009874,0,74449.50
R11_7,30,1.1466265459,0,1,155.065325898,0,90529.50
R11_7,31,1.17370360176,0,1,158.72712189,0,74376.30
R11_7,32,2.93516039147,1,0,261.703584171,0,75380.50
R11_7,33,1.03979316781,0,1,140.617594289,0,75106.20
R11_7,34,1.30329029535,0,1,176.251923619,0,76350.10
R11_7,35,1.13982982401,0,1,154.146163596,0,76602.00
R11_7,36,1.07252833081,0,1,145.044570742,0,77092.40
R11_7,37,1.31279200246,0,1,177.536897629,0,77126.10
R11_7,38,1.26584714538,0,1,171.188257273,0,74753.30
R11_7,39,1.19895342876,0,1,162.141810541,0,75449.50
R11_7,40,1.25735298573,0,1,170.039540074,0,74199.60
R11_7,41,1.40299881969,0,1,189.736117647,0,82202.00
R11_7,42,1.46459577074,0,1,198.06625035,0,81361.80
R11_7,43,1.1129419027,0,1,150.509945427,0,73891.70
R11_7,44,1.20205380306,0,1,162.561093134,0,74883.20
R11_7,45,1.39016897322,0,1,188.001058981,0,74339.30
R11_7,46,1.0194552677,0,1,137.867175576,0,74095.30
R11_7,47,1.17196058958,0,1,158.491403685,0,75024.00
R11_7,48,1.14704412029,0,1,155.121797038,0,77354.20
R11_7,49,2.91151172314,1,0,258.505430008,0,94347.90
R11_7,50,1.23336273325,0,1,166.795191395,0,90375.70
R11_7,51,1.10959657252,0,1,150.05753595,0,78882.00
R11_7,52,1.23359618522,0,1,166.826762533,0,74034.50
R11_7,53,1.01194143049,0,1,136.85103338,0,86073.30
R11_7,54,2.68004383455,1,0,227.2026107,0,90369.80
R11_7,55,1.10662603905,0,1,149.655812527,0,102877.50
R11_7,56,1.19428636384,0,1,161.510654787,0,85525.00
R11_7,57,1.12430094039,0,1,152.046097617,0,72795.10
R11_7,58,1.53466601485,0,1,207.542278337,0,74187.00
R11_7,59,1.06410328481,0,1,143.905200204,0,90619.70
R11_7,60,1.1091365894,0,1,149.995329618,0,85865.10
R11_7,61,1.0067304771,0,1,136.14632426,0,84514.40
R11_7,62,1.05761139977,0,1,143.027262857,0,73619.70
R11_7,63,1.48125430602,0,1,200.319086037,0,85537.70
R11_7,64,1.19674081991,0,1,161.842585904,0,90674.10
R11_8,1,1.68478513769,0,1,215.27099925,0,88050.80
R11_8,2,1.54466746739,0,1,197.367665332,0,92493.10
R11_8,3,1.31889939808,0,1,168.520474797,0,94294.80
R11_8,4,2.37587436718,1,0,175.800369577,0,98089.80
R11_8,5,2.24326100768,1,0,158.855888186,0,75827.50
R11_8,6,3.03619186923,1,0,260.171489257,0,74444.50
R11_8,7,3.02868052138,1,0,259.211737583,0,74481.20
R11_8,8,1.6900231491,0,1,215.940278628,0,83002.50
R11_8,9,1.24553752455,0,1,159.146766858,0,74032.80
R11_8,10,1.05482562566,0,1,134.778828107,0,80697.30
R11_8,11,1.31986854961,0,1,168.64430674,0,76810.90
R11_8,12,2.69511128114,1,0,216.590407386,0,91386.10
R11_8,13,1.4439136912,0,1,184.493996404,0,102069.60
R11_8,14,1.37643989078,0,1,175.872628543,0,90400.80
R11_8,15,2.92207874545,1,0,245.590848893,0,90734.30
R11_8,16,1.0127465801,0,1,129.402238544,0,82743.80
R11_8,17,3.02889214356,1,0,259.238777303,0,75602.70
R11_8,18,0.991629502861,0,1,126.704034355,0,74022.90
R11_8,19,2.51527406865,1,0,193.611966059,0,75835.70
R11_8,20,2.98546307735,1,0,253.689690793,0,74828.80
R11_8,21,0.967791786976,0,1,123.658204472,0,74153.40
R11_8,22,1.3529030208,0,1,172.865238813,0,75406.40
R11_8,23,1.0448863261,0,1,133.508848392,0,94420.80
R11_8,24,2.50816559014,1,0,192.703690435,0,75110.70
R11_8,25,2.45712316173,1,0,186.181817513,0,74928.50
R11_8,26,1.2028619413,0,1,153.69395555,0,74577.20
R11_8,27,1.2363768584,0,1,157.976275907,0,79124.00
R11_8,28,0.956844372374,0,1,122.259414307,0,76166.00
R11_8,29,1.53938999844,0,1,196.693344323,0,76673.20
R11_8,30,2.6048179617,1,0,205.053308283,0,76738.90
R11_8,31,1.24893897617,0,1,159.581382449,0,98386.90
R11_8,32,2.84063116388,1,0,235.184001232,0,90963.50
R11_8,33,1.42003316399,0,1,181.442696366,0,95865.80
R11_8,34,0.947096964321,0,1,121.013953254,0,90449.70
R11_8,35,3.11740767223,1,0,270.548721747,0,90634.20
R11_8,36,1.40133166589,0,1,179.053139327,0,84259.00
R11_8,37,2.87397116771,1,0,239.443972298,0,74381.30
R11_8,38,1.30048525893,0,1,166.167634635,0,75022.80
R11_8,39,1.08796879122,0,1,139.013648445,0,73548.20
R11_8,40,1.03876831888,0,1,132.727128814,0,74639.30
R11_8,41,1.41398478425,0,1,180.669873338,0,75503.10
R11_8,42,1.15336350862,0,1,147.369364463,0,98925.10
R11_8,43,2.42093445264,1,0,181.557857228,0,99998.00
R11_8,44,2.75856725056,1,0,224.698402667,0,84606.60
R11_8,45,2.35428747931,1,0,173.042136009,0,83299.70
R11_8,46,1.02647194359,0,1,131.155977136,0,84988.80
R11_8,47,1.2918451729,0,1,165.063660062,0,85040.40
R11_8,48,2.25708316631,1,0,160.621994637,0,91509.20
R11_8,49,2.50673153618,1,0,192.520456251,0,90428.80
R11_8,50,1.1676551096,0,1,149.195453236,0,90787.40
R11_8,51,0.962148815364,0,1,122.937181885,0,84643.00
R11_8,52,2.86677865366,1,0,238.524959154,0,74865.20
R11_8,53,2.64012626183,1,0,209.564775579,0,80618.90
R11_8,54,2.83118663634,1,0,233.977240301,0,87258.80
R11_8,55,1.23880883062,0,1,158.287017662,0,74469.40
R11_8,56,2.80052707933,1,0,230.059759475,0,74433.80
R11_8,57,1.20191791969,0,1,153.573334545,0,74655.40
R11_8,58,1.25746010194,0,1,160.670157046,0,76506.20
R11_8,59,1.26965172275,0,1,162.22792387,0,74896.50
R11_8,60,1.5757224956,0,1,201.335676924,0,74534.90
R11_8,61,1.39179604734,0,1,177.834739374,0,74598.90
R11_8,62,1.01358872418,0,1,129.509842294,0,75135.10
R11_8,63,2.25347361047,1,0,160.160788829,0,74233.60
R11_8,64,1.13918886737,0,1,145.558220053,0,93779.80
R11_9,1,2.55123833879,1,0,275.189037674,0,74122.00
R11_9,2,1.15010699288,0,1,204.028503345,0,73771.40
R11_9,3,2.33351206799,1,0,236.564487573,0,74323.50
R11_9,4,0.824454476721,0,1,146.257882095,0,74473.60
R11_9,5,2.39978428443,1,0,248.321151272,0,74169.70
R11_9,6,1.20138443091,0,1,213.125099576,0,74036.70
R11_9,7,0.994837919528,0,1,176.483834155,0,88470.00
R11_9,8,0.917356970082,0,1,162.738745871,0,74067.10
R11_9,9,0.958790411141,0,1,170.089021123,0,75876.80
R11_9,10,3.51311602304,1,0,445.825739767,0,74542.90
R11_9,11,2.24043131765,1,0,220.052001082,0,82223.60
R11_9,12,1.09614307395,0,1,194.455326516,0,90259.00
R11_9,13,0.85798267465,0,1,152.205770496,0,90261.10
R11_9,14,0.937257969371,0,1,166.269174887,0,74691.90
R11_9,15,0.979545261742,0,1,173.770923009,0,73711.50
R11_9,16,1.00072797579,0,1,177.528727691,0,73292.50
R11_9,17,0.971189294092,0,1,172.288577814,0,73333.50
R11_9,18,1.00397490111,0,1,178.104730897,0,73668.30
R11_9,19,1.06357508025,0,1,188.677777946,0,73603.90
R11_9,20,2.75625646084,1,0,311.559167462,0,74163.90
R11_9,21,1.38187622494,0,1,245.144268948,0,73839.80
R11_9,22,1.1167856781,0,1,198.117315928,0,75411.00
R11_9,23,1.13971219798,0,1,202.184471043,0,74852.10
R11_9,24,4.22009467701,2,0,393.843874559,0,90411.60
R11_9,25,2.55317676368,1,0,275.532913446,0,90289.60
R11_9,26,0.896037606647,0,1,158.956699643,0,84424.60
R11_9,27,2.45758422235,1,0,258.574836277,0,73772.80
R11_9,28,4.54037582363,2,0,450.661617082,0,93519.00
R11_9,29,1.06488274593,0,1,188.909757295,0,74362.60
R11_9,30,1.22223860566,0,1,216.824621524,0,97797.90
R11_9,31,0.942329055415,0,1,167.168783448,0,90275.50
R11_9,32,1.35891468929,0,1,241.070902052,0,89842.90
R11_9,33,2.55294289872,1,0,275.491425899,0,92043.80
R11_9,34,1.22084661057,0,1,216.577682171,0,90207.70
R11_9,35,1.23390350534,0,1,218.893969887,0,90197.10
R11_9,36,0.921313807174,0,1,163.440687129,0,90474.50
R11_9,37,0.912336855276,0,1,161.848179587,0,90080.70
R11_9,38,0.843082827276,0,1,149.562543754,0,90262.20
R11_9,39,3.28981405308,1,0,406.212062946,0,90395.80
R11_9,40,1.09603010826,0,1,194.435286449,0,85937.00
R11_9,41,0.952487909705,0,1,168.970959984,0,73135.80
R11_9,42,1.01866480698,0,1,180.710714103,0,72845.60
R11_9,43,1.12435467161,0,1,199.460052236,0,73662.10
R11_9,44,2.89193760997,1,0,335.628947023,0,72779.70
R11_9,45,0.982401466848,0,1,174.277612609,0,73936.90
R11_9,46,1.07367733119,0,1,190.469913072,0,73788.20
R11_9,47,3.18041084487,1,0,386.803979203,0,92707.40
R11_9,48,0.975180644215,0,1,172.99664167,0,73248.70
R11_9,49,1.2153023706,0,1,215.594136301,0,74412.40
R11_9,50,2.47830287696,1,0,262.250317007,0,90477.60
R11_9,51,0.920807169449,0,1,163.350809807,0,90233.50
R11_9,52,0.91602683277,0,1,162.502780063,0,96017.00
R11_9,53,1.14663098513,0,1,203.411861011,0,74264.70
R11_9,54,1.19426745017,0,1,211.862550144,0,72980.00
R11_9,55,0.905143999573,0,1,160.57216997,0,89973.30
R11_9,56,1.09367871047,0,1,194.018149457,0,90331.30
R11_9,57,1.60872514532,0,1,285.387173301,0,105248.70
R11_9,58,2.13442916603,1,0,201.247263366,0,90013.80
R11_9,59,1.10135485075,0,1,195.379893559,0,90141.00
R11_9,60,1.01651833956,0,1,180.329931673,0,82760.60
R11_9,61,1.0274757412,0,1,182.273770177,0,75602.10
R11_9,62,1.68729956147,0,1,299.326242125,0,73749.60
R11_9,63,0.837469778255,0,1,148.566791187,0,74111.20
R11_9,64,1.20760933721,0,1,214.22939537,0,74278.30
R12_0,1,1.54713156058,0,1,272.980757126,0,126354.80
R12_0,2,1.38401930731,0,1,244.200718292,0,121557.70
R12_0,3,2.05738755094,0,1,363.01192844,0,112303.90
R12_0,4,1.31819249449,0,1,232.586028461,0,126727.90
R12_0,5,3.0034921629,1,0,353.502456714,0,126659.20
R12_0,6,2.65509815996,1,0,292.030723395,0,125098.50
R12_0,7,2.70742455192,1,0,301.26335652,0,117738.90
R12_0,8,1.25821958952,0,1,222.004220539,0,102556.20
R12_0,9,1.18630086149,0,1,209.314654035,0,117388.50
R12_0,10,1.34695125439,0,1,237.660314485,0,113760.10
R12_0,11,1.11536964879,0,1,196.79932784,0,102949.20
R12_0,12,1.21370929982,0,1,214.150685072,0,124548.00
R12_0,13,3.45628462528,1,0,433.394582471,0,113428.30
R12_0,14,1.4358954441,0,1,253.353906979,0,103336.70
R12_0,15,1.23176915634,0,1,217.337222942,0,128764.80
R12_0,16,2.58612018129,1,0,279.860031954,0,125725.00
R12_0,17,1.00903117171,0,1,178.036632589,0,138659.00
R12_0,18,1.53682974016,0,1,271.163071539,0,125325.60
R12_0,19,1.59913118619,0,1,282.155734568,0,134844.60
R12_0,20,1.54984627634,0,1,273.459750111,0,110102.10
R12_0,21,1.24958165086,0,1,220.480115482,0,124595.80
R12_0,22,1.36847313165,0,1,241.457702178,0,124960.20
R12_0,23,2.86964493117,1,0,329.886030298,0,114249.70
R12_0,24,1.3036892821,0,1,230.027036067,0,103266.40
R12_0,25,0.940747869181,0,1,165.98851199,0,101271.90
R12_0,26,1.6599552486,0,1,292.887723387,0,103313.40
R12_0,27,1.09859344338,0,1,193.839281408,0,107238.50
R12_0,28,1.4967957275,0,1,264.099344469,0,104134.50
R12_0,29,1.06171652355,0,1,187.332601723,0,101946.90
R12_0,30,1.12628617948,0,1,198.725474838,0,103021.60
R12_0,31,1.34865597467,0,1,237.96110069,0,102526.10
R12_0,32,2.45952091234,1,0,257.52245888,0,103074.90
R12_0,33,3.10001787099,1,0,370.53375615,0,104188.50
R12_0,34,3.24647816727,1,0,396.375671335,0,104248.60
R12_0,35,1.94995215218,0,1,344.055688879,0,102209.30
R12_0,36,0.985708983528,0,1,173.921592375,0,113501.30
R12_0,37,2.6025278015,1,0,282.755044054,0,124633.80
R12_0,38,3.10432007736,1,0,371.292850969,0,116315.90
R12_0,39,2.84654273157,1,0,325.809805561,0,104015.60
R12_0,40,1.7321746691,0,1,305.630345016,0,103850.40
R12_0,41,2.56186051245,1,0,275.579579706,0,101918.50
R12_0,42,1.37560698057,0,1,242.716420912,0,103301.60
R12_0,43,1.12141481546,0,1,197.865956055,0,102089.30
R12_0,44,1.07324492643,0,1,189.366709376,0,102174.30
R12_0,45,2.33097873602,1,0,234.84207312,0,108201.80
R12_0,46,1.06465028137,0,1,187.850243177,0,124535.00
R12_0,47,3.50487730981,1,0,441.968428518,0,128277.70
R12_0,48,1.2396051333,0,1,218.719827355,0,124602.80
R12_0,49,3.49149563547,1,0,439.607323822,0,125288.70
R12_0,50,3.65459688503,1,0,468.385421126,0,118470.70
R12_0,51,1.2548869521,0,1,221.416199515,0,129030.90
R12_0,52,2.75624363692,1,0,309.877149378,0,105427.70
R12_0,53,1.05117159311,0,1,185.47202104,0,103384.70
R12_0,54,3.19635168744,1,0,387.531197622,0,117753.60
R12_0,55,1.15740188332,0,1,204.21562746,0,102134.70
R12_0,56,1.5695618585,0,1,276.938429417,0,103839.80
R12_0,57,1.03250051902,0,1,182.177638021,0,102337.00
R12_0,58,1.19523358264,0,1,210.89077144,0,105424.80
R12_0,59,1.44080410253,0,1,254.220006107,0,123879.10
R12_0,60,1.38503171502,0,1,244.379350693,0,128728.10
R12_0,61,0.982111228884,0,1,173.286793233,0,126655.50
R12_0,62,1.62227934203,0,1,286.24006797,0,102554.20
R12_0,63,2.7345762516,1,0,306.054087783,0,108346.30
R12_0,64,3.07312384558,1,0,365.788489745,0,124628.40
R12_1,1,3.03295693596,1,0,306.888983291,0,102158.00
R12_1,2,2.34215869005,1,0,202.608185407,0,102808.50
R12_1,3,3.58767867168,1,0,390.628085911,0,102696.40
R12_1,4,1.17660029923,0,1,177.615995293,0,105199.60
R12_1,5,2.69837970164,1,0,256.382223675,0,127804.30
R12_1,6,1.11723421385,0,1,168.654271972,0,121328.50
R12_1,7,1.61382403117,0,1,243.617957357,0,101551.00
R12_1,8,1.34918801322,0,1,203.669310609,0,101902.70
R12_1,9,1.33575806118,0,1,201.641965979,0,136931.60
R12_1,10,3.1234063112,1,0,320.542945318,0,126725.30
R12_1,11,1.47189979187,0,1,222.19350673,0,114439.50
R12_1,12,1.08521417083,0,1,163.820623865,0,122594.70
R12_1,13,1.09268297077,0,1,164.948091141,0,124474.30
R12_1,14,1.90317751877,0,1,287.297877996,0,109708.10
R12_1,15,1.10922591565,0,1,167.445363683,0,103695.70
R12_1,16,1.06343988913,0,1,160.53364466,0,102813.40
R12_1,17,3.23929862227,1,0,338.037695397,0,101971.20
R12_1,18,3.01127965086,1,0,303.616646396,0,103236.90
R12_1,19,1.20832675911,0,1,182.405324985,0,102813.10
R12_1,20,2.91848905782,1,0,289.609261266,0,103964.50
R12_1,21,1.06998851979,0,1,161.522205986,0,121372.90
R12_1,22,1.27211621017,0,1,192.034786109,0,121024.00
R12_1,23,2.71823484134,1,0,259.379495053,0,103667.90
R12_1,24,1.30495413113,0,1,196.991898579,0,104052.70
R12_1,25,1.15367943154,0,1,174.155930961,0,102472.30
R12_1,26,2.48629843146,1,0,224.36708148,0,118335.30
R12_1,27,1.33337209721,0,1,201.28178813,0,119934.00
R12_1,28,1.26894641864,0,1,191.55628404,0,125123.90
R12_1,29,2.82709236002,1,0,275.812294311,0,107341.10
R12_1,30,3.44612947273,1,0,369.260250231,0,125635.40
R12_1,31,1.74713057098,0,1,263.741506334,0,134409.50
R12_1,32,1.43475442813,0,1,216.586155826,0,120467.90
R12_1,33,2.82299357949,1,0,275.193554894,0,101406.90
R12_1,34,1.52983228571,0,1,230.938819441,0,102784.30
R12_1,35,2.77674160372,1,0,268.211497593,0,104896.20
R12_1,36,2.98836143398,1,0,300.156982223,0,103445.00
R12_1,37,1.39107588763,0,1,209.992576469,0,103306.60
R12_1,38,1.01378679718,0,1,153.038165225,0,113814.20
R12_1,39,0.923433895956,0,1,139.398766621,0,135554.70
R12_1,40,3.10762553653,1,0,318.160727668,0,112269.70
R12_1,41,2.68901223025,1,0,254.968138743,0,115421.20
R12_1,42,1.19882735813,0,1,180.971324365,0,130005.20
R12_1,43,0.918549112607,0,1,138.661374613,0,125749.80
R12_1,44,1.35575679122,0,1,204.660913317,0,109501.80
R12_1,45,1.14459747919,0,1,172.784947114,0,124630.60
R12_1,46,1.27311460856,0,1,192.185501287,0,119023.20
R12_1,47,1.12466175275,0,1,169.775510608,0,133043.00
R12_1,48,1.45368946881,0,1,219.44453186,0,117717.80
R12_1,49,2.55149793076,1,0,234.209399189,0,103593.20
R12_1,50,2.90986097692,1,0,288.306792469,0,104029.20
R12_1,51,1.0638716071,0,1,160.598815488,0,102095.20
R12_1,52,2.98343780072,1,0,299.413725553,0,103674.60
R12_1,53,1.08024934111,0,1,163.0711483,0,115658.10
R12_1,54,1.78750367696,0,1,269.836107369,0,124959.20
R12_1,55,1.04865351526,0,1,158.301538723,0,120843.10
R12_1,56,2.67242507306,1,0,252.464192046,0,102863.80
R12_1,57,1.39540557549,0,1,210.646172954,0,108881.80
R12_1,58,3.25963512627,1,0,341.107632061,0,103182.60
R12_1,59,3.20912544675,1,0,333.482844778,0,103340.70
R12_1,60,1.39575076817,0,1,210.698282189,0,111081.30
R12_1,61,3.44527853464,1,0,369.131795211,0,125101.40
R12_1,62,3.03991410572,1,0,307.939216434,0,118045.50
R12_1,63,1.05400911988,0,1,159.110004475,0,106038.50
R12_1,64,1.3725235328,1,0,56.2350171869,0,100897.10
R12_2,1,2.24798826904,1,0,207.528725088,0,103431.80
R12_2,2,1.15778772258,0,1,192.529221589,0,103210.30
R12_2,3,2.56148506307,1,0,259.660296834,0,104135.40
R12_2,4,2.63340910537,1,0,271.620589387,0,103017.30
R12_2,5,1.13055201529,0,1,188.000179329,0,104780.80
R12_2,6,4.2275199606,2,0,370.415643319,0,105075.80
R12_2,7,3.90389196611,2,0,316.599348115,0,104891.70
R12_2,8,2.7438447008,1,0,289.984991435,0,104597.80
R12_2,9,1.09378971621,0,1,181.886954349,0,111273.00
R12_2,10,2.69770155518,1,0,282.311819804,0,125398.30
R12_2,11,2.44231892809,1,0,239.844088077,0,116035.00
R12_2,12,2.64811321169,1,0,274.065744132,0,102602.60
R12_2,13,2.39694712762,1,0,232.299183896,0,101398.00
R12_2,14,2.84844374582,1,0,307.378829981,0,102425.20
R12_2,15,1.11482810846,0,1,185.385441339,0,103927.70
R12_2,16,2.71389893135,1,0,285.005291297,0,102637.00
R12_2,17,4.689236765,2,0,447.194810357,0,102810.60
R12_2,18,0.904388626976,0,1,150.391332512,0,101997.10
R12_2,19,2.45128529238,1,0,241.335110224,0,102183.60
R12_2,20,2.7451880041,1,0,290.208370155,0,102484.10
R12_2,21,1.03403681819,0,1,171.95060875,0,101935.80
R12_2,22,2.72301321227,1,0,286.520910592,0,102499.00
R12_2,23,1.0888266037,0,1,181.061635365,0,103103.80
R12_2,24,1.14505446978,0,1,190.411801269,0,108390.70
R12_2,25,1.44135881986,0,1,239.684431096,0,109269.60
R12_2,26,3.0198165351,1,0,335.8765149,0,101386.50
R12_2,27,2.2424274773,1,0,206.604017663,0,102899.00
R12_2,28,2.54773640526,1,0,257.374024199,0,103085.40
R12_2,29,2.44364126914,1,0,240.06398097,0,120896.20
R12_2,30,1.1854668443,0,1,197.131999503,0,120773.60
R12_2,31,3.09253694363,1,0,347.969235677,0,107664.40
R12_2,32,4.93293519441,2,0,487.719569777,0,117130.70
R12_2,33,2.54360550813,1,0,256.687094814,0,113340.70
R12_2,34,1.0356760134,0,1,172.223191513,0,103541.10
R12_2,35,2.61693440695,1,0,268.881001809,0,122279.50
R12_2,36,2.61149423824,1,0,267.97635286,0,115149.10
R12_2,37,1.36763452704,0,1,227.424773793,0,114181.20
R12_2,38,2.63056447746,1,0,271.147554489,0,104246.60
R12_2,39,1.11262689564,0,1,185.019400325,0,102106.80
R12_2,40,2.45011036306,1,0,241.139730516,0,99636.00
R12_2,41,2.32240043328,1,0,219.902768947,0,99328.40
R12_2,42,3.20351748755,1,0,366.424257539,0,100502.70
R12_2,43,1.05622387144,0,1,175.640107271,0,104484.50
R12_2,44,1.00029202779,0,1,166.339167116,0,100207.90
R12_2,45,1.15412385234,0,1,191.919954388,0,102838.90
R12_2,46,2.78133191732,1,0,296.218763375,0,107395.20
R12_2,47,2.6242561418,1,0,270.098537532,0,108643.60
R12_2,48,1.13173298243,0,1,188.19656307,0,114880.80
R12_2,49,2.92785622758,1,0,320.584379669,0,102477.60
R12_2,50,1.07411385077,0,1,178.615042769,0,102752.90
R12_2,51,1.09525403195,0,1,182.130456301,0,107384.40
R12_2,52,2.74188619063,1,0,289.659309594,0,115197.30
R12_2,53,2.3218041534,1,0,219.803613205,0,104044.20
R12_2,54,1.16877466145,0,1,194.356246307,0,102647.60
R12_2,55,2.48423442049,1,0,246.814240693,0,112154.60
R12_2,56,2.63563623719,1,0,271.990940486,0,107380.20
R12_2,57,2.85859377132,1,0,309.066683868,0,133168.60
R12_2,58,3.03686376793,1,0,338.711309573,0,144286.80
R12_2,59,3.08263448588,1,0,346.32254998,0,124611.50
R12_2,60,1.15900128121,0,1,192.731024987,0,101150.50
R12_2,61,1.39689268577,0,1,232.290130729,0,106005.90
R12_2,62,1.19248046559,0,1,198.298298834,0,104757.50
R12_2,63,1.06880926438,0,1,177.732939885,0,114304.50
R12_2,64,2.27025596179,1,0,211.231633201,0,114192.40
R12_3,1,1.07677770457,0,1,199.196574445,0,101891.00
R12_3,2,4.0234407534,2,0,374.322819797,0,102473.90
R12_3,3,2.41464807955,1,0,261.700302945,0,98922.70
R12_3,4,0.922433657433,0,1,170.643972227,0,102990.60
R12_3,5,2.27438133645,1,0,235.751906527,0,131693.00
R12_3,6,4.49661389374,2,0,461.856642493,0,122122.30
R12_3,7,1.02050330828,0,1,188.786192689,0,102082.40
R12_3,8,0.985989572834,0,1,182.401385646,0,100349.80
R12_3,9,1.2081140042,0,1,223.492899374,0,100021.90
R12_3,10,0.947329805811,0,1,175.249590873,0,98677.10
R12_3,11,2.54578201358,1,0,285.959191611,0,107153.50
R12_3,12,0.913435021149,0,1,168.979285528,0,98958.40
R12_3,13,1.16997417372,0,1,216.437289335,0,100677.90
R12_3,14,0.964427300901,0,1,178.412511538,0,98806.40
R12_3,15,2.88090559258,1,0,347.954781479,0,100763.70
R12_3,16,2.43915489779,1,0,266.233898155,0,100471.00
R12_3,17,2.64545537491,1,0,304.398087638,0,100592.90
R12_3,18,1.07513734533,0,1,198.893119107,0,99993.50
R12_3,19,2.48399465578,1,0,274.528949355,0,113620.00
R12_3,20,3.61048499721,2,0,297.928804874,0,124806.70
R12_3,21,2.29032532435,1,0,238.701436181,0,125498.60
R12_3,22,0.988233142082,0,1,182.816430745,0,135818.70
R12_3,23,2.39233562908,1,0,257.572650894,0,100419.30
R12_3,24,2.29026109345,1,0,238.689553901,0,135412.00
R12_3,25,0.969411710325,0,1,179.334593485,0,125046.00
R12_3,26,2.5468216316,1,0,286.151513895,0,126329.70
R12_3,27,1.00823002557,0,1,186.515718605,0,133113.90
R12_3,28,0.91375665992,0,1,169.03878652,0,138517.00
R12_3,29,0.925850193791,0,1,171.276008288,0,125743.30
R12_3,30,1.01573475952,0,1,187.904043502,0,139717.40
R12_3,31,0.879270249697,0,1,162.659034457,0,124633.90
R12_3,32,1.03775157875,0,1,191.977005778,0,125148.70
R12_3,33,4.11400095874,2,0,391.075843757,0,125638.80
R12_3,34,0.938614914943,0,1,173.637395152,0,102017.40
R12_3,35,4.09250648062,2,0,387.099511044,0,119369.40
R12_3,36,4.07280562504,2,0,383.454986341,0,139601.40
R12_3,37,2.13848572088,1,0,210.612139062,0,127242.70
R12_3,38,2.15791606648,1,0,214.206621254,0,121524.10
R12_3,39,2.98930857191,1,0,368.008597648,0,114883.20
R12_3,40,1.20650366413,0,1,223.194997379,0,121586.30
R12_3,41,0.875744982931,0,1,162.006884008,0,101917.10
R12_3,42,2.62096699972,1,0,299.867904267,0,101294.70
R12_3,43,1.06462977252,0,1,196.949289383,0,124063.50
R12_3,44,2.6390856648,1,0,303.219734457,0,125304.60
R12_3,45,1.12666534642,0,1,208.425449932,0,125335.40
R12_3,46,0.963334211633,0,1,178.210297435,0,115604.00
R12_3,47,2.47548417019,1,0,272.954567225,0,101729.30
R12_3,48,2.84300115173,1,0,340.942716927,0,116718.80
R12_3,49,3.427744358,2,0,264.123025661,0,125398.60
R12_3,50,1.01945270413,0,1,188.591838046,0,125220.40
R12_3,51,1.14757813381,0,1,212.294173804,0,116070.50
R12_3,52,2.14680687513,1,0,212.151496177,0,101245.80
R12_3,53,2.70746944805,1,0,315.870270695,0,106688.60
R12_3,54,1.28181819573,0,1,237.127675068,0,119821.40
R12_3,55,2.25823991103,1,0,232.765852267,0,103401.10
R12_3,56,2.29556682723,1,0,239.671078676,0,101364.00
R12_3,57,1.04803197215,0,1,193.878808853,0,101536.10
R12_3,58,2.11881313922,1,0,206.972844841,0,109726.30
R12_3,59,4.28225260658,2,0,422.201257806,0,125480.80
R12_3,60,1.01235129402,0,1,187.278125326,0,128012.90
R12_3,61,3.04283858015,1,0,377.911286222,0,132269.20
R12_3,62,2.65893450313,1,0,306.891634967,0,126338.50
R12_3,63,2.28766730217,1,0,238.209720101,0,137662.20
R12_3,64,1.08245175068,0,1,200.246234502,0,125665.50
R12_4,1,2.71658886252,1,0,235.886204105,0,102885.50
R12_4,2,1.60355037075,0,1,220.352944323,0,101932.50
R12_4,3,2.49598924754,1,0,205.572360795,0,109249.10
R12_4,4,1.08169062983,0,1,148.641239762,0,110063.50
R12_4,5,4.4113719811,2,0,331.360290006,0,127628.60
R12_4,6,1.61990832147,0,1,222.600783037,0,126101.10
R12_4,7,1.16388857618,0,1,159.936525414,0,126351.70
R12_4,8,3.19087209577,1,0,301.060151113,0,128011.90
R12_4,9,1.25199847427,0,1,172.044205859,0,126794.90
R12_4,10,2.32497114213,1,0,182.071793712,0,126789.20
R12_4,11,1.11669905299,0,1,153.451945594,0,113274.10
R12_4,12,2.77261445764,1,0,243.584998647,0,101607.80
R12_4,13,2.53562516589,1,0,211.018956967,0,107892.60
R12_4,14,1.31664999092,0,1,180.928337166,0,101699.50
R12_4,15,2.52697310938,1,0,209.830028847,0,103084.40
R12_4,16,1.49038390679,0,1,204.802099156,0,105606.80
R12_4,17,2.48906029135,1,0,204.620213657,0,101506.50
R12_4,18,1.19271998206,0,1,163.898412294,0,100033.00
R12_4,19,1.05877722968,0,1,145.492579588,0,132887.90
R12_4,20,1.02678662486,0,1,141.096569279,0,105030.50
R12_4,21,1.39039327281,0,1,191.06181946,0,118315.40
R12_4,22,1.21888769436,0,1,167.494265942,0,121605.30
R12_4,23,2.55906092171,1,0,214.239396992,0,102211.50
R12_4,24,1.19385709874,0,1,164.054669941,0,101281.00
R12_4,25,1.14967512477,0,1,157.983374504,0,101545.20
R12_4,26,1.22152323123,0,1,167.85643,0,103308.80
R12_4,27,3.12424901109,1,0,291.905095472,0,102376.30
R12_4,28,3.10359751843,1,0,289.067256825,0,100614.60
R12_4,29,2.57068042959,1,0,215.836099422,0,99589.60
R12_4,30,3.43742594225,1,0,334.940512465,0,110485.00
R12_4,31,1.29813857549,0,1,178.384578661,0,126407.50
R12_4,32,1.10346595982,0,1,151.633511264,0,116994.90
R12_4,33,2.6650197246,1,0,228.799796604,0,126278.60
R12_4,34,1.19828486559,0,1,164.663114478,0,119083.80
R12_4,35,0.945377913868,0,1,129.90973693,0,125769.40
R12_4,36,2.59388498325,1,0,219.024768649,0,120002.40
R12_4,37,1.27750104704,0,1,175.548658916,0,125883.80
R12_4,38,3.19796553224,1,0,302.03490042,0,126123.70
R12_4,39,1.21355409075,0,1,166.761345242,0,116089.40
R12_4,40,2.87483370936,1,0,257.631525337,0,125166.10
R12_4,41,3.00440194891,1,0,275.436231443,0,126631.60
R12_4,42,3.15000606903,1,0,295.444518777,0,124936.60
R12_4,43,1.35541305793,0,1,186.254989888,0,101108.90
R12_4,44,2.8149832557,1,0,249.407135307,0,144380.70
R12_4,45,1.47791243175,0,1,203.088323091,0,126314.20
R12_4,46,1.20903543252,0,1,166.140410806,0,126010.50
R12_4,47,1.26921977054,0,1,174.41068178,0,117195.70
R12_4,48,0.942663916872,0,1,129.536791221,0,99186.60
R12_4,49,2.84794306732,1,0,253.936329817,0,118599.80
R12_4,50,1.2053154634,0,1,165.629228767,0,115653.50
R12_4,51,3.38857092831,1,0,328.227068121,0,145317.70
R12_4,52,3.04897131818,1,0,281.560761064,0,130326.70
R12_4,53,1.34079362215,0,1,184.246050363,0,100748.90
R12_4,54,2.52601632495,1,0,209.698551677,0,100344.80
R12_4,55,0.975902469827,0,1,134.104289157,0,116323.70
R12_4,56,1.25064469618,0,1,171.85817554,0,126005.20
R12_4,57,1.36017166259,0,1,186.908896723,0,125683.40
R12_4,58,1.29471836903,0,1,177.914588708,0,125458.20
R12_4,59,2.64256204916,1,0,225.713760145,0,116729.30
R12_4,60,2.31946116317,1,0,181.314636277,0,113717.10
R12_4,61,2.96808875891,1,0,270.446230204,0,125482.10
R12_4,62,1.16858737275,0,1,160.582213681,0,126223.50
R12_4,63,1.19773752493,0,1,164.587901296,0,104000.30
R12_4,64,3.05250912642,1,0,282.046911344,0,140068.10
R12_5,1,3.3994640298,1,0,293.710030645,0,97732.10
R12_5,2,1.11479389509,0,1,136.458036054,0,99608.10
R12_5,3,2.27371177363,1,0,155.910619797,0,134076.40
R12_5,4,4.22345301256,2,0,272.165135358,0,123971.50
R12_5,5,1.06193940076,0,1,129.988301582,0,127191.30
R12_5,6,2.81093418488,1,0,221.670143137,0,123551.90
R12_5,7,1.61721715388,0,1,197.957916403,0,118272.40
R12_5,8,2.77425935577,1,0,217.180905103,0,106347.90
R12_5,9,3.08717858629,1,0,255.484257704,0,119318.00
R12_5,10,2.97248356391,1,0,241.444839683,0,124683.80
R12_5,11,2.00266289647,0,1,245.138986618,0,130847.40
R12_5,12,1.37339685703,0,1,168.11272349,0,124571.80
R12_5,13,1.07252306726,0,1,131.283811318,0,115894.80
R12_5,14,3.10091437602,1,0,257.165607861,0,114768.30
R12_5,15,1.0370515901,0,1,126.941871404,0,130633.50
R12_5,16,2.82592640161,1,0,223.505288144,0,124906.90
R12_5,17,3.06222735272,1,0,252.430064148,0,124884.00
R12_5,18,2.97648978946,1,0,241.935227793,0,108496.20
R12_5,19,2.53547043372,1,0,187.951585246,0,100235.50
R12_5,20,1.51625267292,0,1,185.599206113,0,99067.60
R12_5,21,1.39514053216,0,1,170.774290994,0,99663.00
R12_5,22,1.22140918786,0,1,149.508442528,0,99859.10
R12_5,23,1.13291310206,0,1,138.675945041,0,98583.90
R12_5,24,1.38870036165,0,1,169.985972163,0,101244.40
R12_5,25,1.40667086087,0,1,172.185678352,0,126936.70
R12_5,26,1.2976072514,0,1,158.835581963,0,125004.30
R12_5,27,1.32410188391,0,1,162.078697605,0,115595.90
R12_5,28,2.65178391839,1,0,202.189113595,0,100488.00
R12_5,29,1.22555905171,0,1,150.0164129,0,125261.30
R12_5,30,1.4370827516,0,1,175.908291922,0,124666.20
R12_5,31,1.49944260808,0,1,183.541544653,0,124584.80
R12_5,32,3.47533082305,1,0,302.996620439,0,127662.20
R12_5,33,3.22921635216,1,0,272.870605674,0,124507.20
R12_5,34,1.55368835179,0,1,190.181577114,0,124611.50
R12_5,35,1.41184278208,0,1,172.818755205,0,114053.30
R12_5,36,3.17270906692,1,0,265.953745795,0,123082.80
R12_5,37,2.68043187597,1,0,205.695810255,0,117150.50
R12_5,38,1.34515012856,0,1,164.655139887,0,136203.20
R12_5,39,1.83996409304,0,1,225.223593036,0,117979.70
R12_5,40,1.40643013884,0,1,172.156212407,0,124691.60
R12_5,41,1.16564410782,0,1,142.6824334,0,124704.40
R12_5,42,3.16851943453,1,0,265.440907494,0,128023.90
R12_5,43,1.42990783882,0,1,175.030035851,0,124595.10
R12_5,44,1.44736660712,0,1,177.167102841,0,108480.10
R12_5,45,2.78552089235,1,0,218.559390553,0,100907.80
R12_5,46,1.57805112022,0,1,193.163738703,0,98265.00
R12_5,47,3.15862962147,1,0,264.230329939,0,97629.20
R12_5,48,1.21117847725,0,1,148.256136892,0,99336.90
R12_5,49,3.18472189055,1,0,267.424193675,0,122415.10
R12_5,50,2.03501757412,0,1,249.099409966,0,124475.10
R12_5,51,1.36944252682,0,1,167.628687708,0,119394.90
R12_5,52,1.39174254766,0,1,170.358355552,0,99225.40
R12_5,53,1.09165868987,0,1,133.6261362,0,107218.50
R12_5,54,1.28167153037,0,1,156.884945883,0,99711.20
R12_5,55,1.42843614029,0,1,174.849890362,0,100305.50
R12_5,56,1.52914019186,0,1,187.176722398,0,114745.10
R12_5,57,4.31588692227,2,0,283.479648147,0,125148.40
R12_5,58,2.69625124757,1,0,207.632204408,0,124622.40
R12_5,59,3.51499180233,1,0,307.851382708,0,113408.90
R12_5,60,1.19884191365,0,1,146.74606113,0,101196.40
R12_5,61,1.0133856931,0,1,124.045011418,0,97599.70
R12_5,62,1.10532503079,0,1,135.298985371,0,98498.90
R12_5,63,2.26529329078,1,0,154.880142646,0,126930.00
R12_5,64,1.45466676299,0,1,178.060689483,0,124766.80
R12_6,1,2.41694953056,1,0,247.538737599,0,115439.70
R12_6,2,2.70043897111,1,0,297.06387362,0,120366.00
R12_6,3,3.03945535206,1,0,356.28947422,0,125045.90
R12_6,4,2.84483933261,1,0,322.290377757,0,126099.50
R12_6,5,3.06961802121,1,0,361.558842594,0,124733.80
R12_6,6,1.05356768752,0,1,184.056531103,0,124806.70
R12_6,7,1.13012051585,0,1,197.4301835,0,121970.90
R12_6,8,2.48812894152,1,0,259.973662875,0,99501.80
R12_6,9,4.13734261407,2,0,373.390216865,0,100025.20
R12_6,10,2.95775900462,1,0,342.017257548,0,102379.00
R12_6,11,1.01895606775,0,1,178.009938421,0,127590.50
R12_6,12,2.58381602538,1,0,276.69003804,0,99290.20
R12_6,13,0.924520088687,0,1,161.512129192,0,96820.50
R12_6,14,2.80192775507,1,0,314.79379619,0,118533.00
R12_6,15,1.44511299023,0,1,252.458847385,0,100824.30
R12_6,16,3.01099251948,1,0,351.317064481,0,127619.90
R12_6,17,0.947569702942,0,1,165.53885865,0,124775.00
R12_6,18,2.95806639566,1,0,342.070958254,0,124777.20
R12_6,19,3.00022761962,1,0,349.436454294,0,125281.50
R12_6,20,3.09365630787,1,0,365.758291483,0,114149.40
R12_6,21,1.05398561742,0,1,184.129542765,0,101252.80
R12_6,22,2.30251205701,1,0,227.54670039,0,102662.50
R12_6,23,0.987236995579,0,1,172.468669015,0,99678.00
R12_6,24,1.14517117409,0,1,200.059508582,0,97906.10
R12_6,25,2.76810524205,1,0,308.885059149,0,100143.90
R12_6,26,1.25081430449,0,1,218.515188598,0,102085.70
R12_6,27,1.15833473652,0,1,202.35916115,0,100073.40
R12_6,28,0.962254931262,0,1,168.10434373,0,101453.50
R12_6,29,1.40440711332,0,1,245.347598068,0,110010.40
R12_6,30,2.73206318637,1,0,302.58857168,0,123884.80
R12_6,31,2.65413939158,1,0,288.975413713,0,103316.20
R12_6,32,1.2331128645,0,1,215.422776332,0,99628.80
R12_6,33,0.94091489386,0,1,164.376274519,0,122721.30
R12_6,34,2.97243227645,1,0,344.580653849,0,113726.40
R12_6,35,2.63065906187,1,0,284.873438979,0,119470.60
R12_6,36,2.72367754872,1,0,301.123614664,0,115257.90
R12_6,37,0.863600105784,0,1,150.869509016,0,99588.10
R12_6,38,4.60534375285,2,0,455.149241156,0,99844.50
R12_6,39,3.23665785977,1,0,390.7404259,0,98290.90
R12_6,40,2.33551334882,1,0,233.311971445,0,97519.40
R12_6,41,1.06429770691,0,1,185.93104773,0,98204.70
R12_6,42,1.13355552334,0,1,198.030273622,0,101723.60
R12_6,43,2.90763277446,1,0,333.260288111,0,128648.90
R12_6,44,3.37017176439,1,0,414.065084038,0,149391.20
R12_6,45,1.00050776274,0,1,174.787050071,0,125070.00
R12_6,46,0.976786695793,0,1,170.64301894,0,124601.80
R12_6,47,2.85110869594,1,0,323.385625154,0,133199.30
R12_6,48,2.74412655078,1,0,304.696021474,0,124788.80
R12_6,49,3.01525336404,1,0,352.061426972,0,124838.80
R12_6,50,2.89396489382,1,0,330.872531986,0,101452.90
R12_6,51,1.06671402779,0,1,186.353174988,0,97486.10
R12_6,52,3.14574663759,1,0,374.858385863,0,99014.50
R12_6,53,1.08130887845,0,1,188.902871241,0,99079.30
R12_6,54,3.16412634552,1,0,378.069290417,0,118756.30
R12_6,55,0.986025688723,0,1,172.257055712,0,124431.50
R12_6,56,2.75512852609,1,0,306.618048351,0,120372.80
R12_6,57,2.54440325283,1,0,269.804691914,0,98759.80
R12_6,58,1.14950089492,0,1,200.815903644,0,97266.30
R12_6,59,2.55813919054,1,0,272.204337495,0,99474.40
R12_6,60,3.05635627871,1,0,359.24203813,0,104587.60
R12_6,61,3.02621573874,1,0,353.976535687,0,99388.50
R12_6,62,1.35750180215,0,1,237.153317845,0,107347.70
R12_6,63,1.25912074182,0,1,219.966309451,0,97911.70
R12_6,64,2.28164092086,1,0,223.900547453,0,98609.20
R12_7,1,1.25539377563,0,1,189.412551347,0,103113.50
R12_7,2,3.22190583564,1,0,335.238919733,0,102155.30
R12_7,3,1.27414141642,0,1,192.24117655,0,125499.70
R12_7,4,1.33145818457,0,1,200.889072931,0,104742.30
R12_7,5,3.20794973472,1,0,333.13323725,0,97495.50
R12_7,6,1.08418280504,0,1,163.58041215,0,101520.70
R12_7,7,2.37717054524,1,0,207.786107975,0,101085.80
R12_7,8,1.34961960767,0,1,203.6292502,0,99041.80
R12_7,9,3.70023387529,2,0,256.529578573,0,97458.60
R12_7,10,2.46751454402,1,0,221.417119726,0,100371.50
R12_7,11,2.39974851795,1,0,211.192649808,0,113797.70
R12_7,12,2.68157671461,1,0,253.714604917,0,127353.70
R12_7,13,1.0449319465,0,1,157.658282056,0,115026.00
R12_7,14,2.84342668429,1,0,278.134365703,0,134288.00
R12_7,15,0.991683104924,0,1,149.624150348,0,135572.10
R12_7,16,1.07147136636,0,1,161.662523055,0,128378.70
R12_7,17,2.79155072474,1,0,270.307373055,0,124374.80
R12_7,18,1.0039907523,0,1,151.481115816,0,100874.70
R12_7,19,2.95566170525,1,0,295.068272883,0,111197.80
R12_7,20,1.24032752713,0,1,187.139370913,0,122333.30
R12_7,21,1.23685704173,0,1,186.615747564,0,100782.20
R12_7,22,2.74183279282,1,0,262.805981447,0,99867.20
R12_7,23,2.33986264252,1,0,202.157129102,0,107717.70
R12_7,24,2.76879148308,1,0,266.873481544,0,125592.50
R12_7,25,1.10112451987,0,1,166.13656106,0,118718.90
R12_7,26,1.02817232427,0,1,155.129607096,0,105003.80
R12_7,27,1.30000188816,0,1,196.142978539,0,102034.60
R12_7,28,1.03003854941,0,1,155.411181269,0,123764.70
R12_7,29,1.18859779376,0,1,179.334440724,0,100877.80
R12_7,30,2.82603366198,1,0,275.510123975,0,102151.40
R12_7,31,1.29720448698,0,1,195.720909461,0,109589.60
R12_7,32,1.13120469555,0,1,170.67502774,0,110002.00
R12_7,33,3.88967810053,2,0,285.112732909,0,122929.80
R12_7,34,1.48632512969,0,1,224.25524199,0,107502.70
R12_7,35,1.1660703842,0,1,175.935527807,0,126917.40
R12_7,36,1.01060418892,0,1,152.478944488,0,103773.90
R12_7,37,2.86992940158,1,0,282.133069055,0,128161.60
R12_7,38,1.16661046104,0,1,176.017014059,0,148824.50
R12_7,39,1.00871143301,0,1,152.193367379,0,114267.90
R12_7,40,1.15898368203,0,1,174.866293306,0,118054.70
R12_7,41,1.10837841876,0,1,167.231022035,0,119978.60
R12_7,42,1.11626336703,0,1,168.420695107,0,101863.30
R12_7,43,3.50061943026,1,0,377.290946814,0,100807.60
R12_7,44,1.27073233702,0,1,191.726818075,0,124920.60
R12_7,45,1.1436816205,0,1,172.557533639,0,125337.00
R12_7,46,1.36174562375,0,1,205.458811321,0,122429.00
R12_7,47,1.27242360653,0,1,191.98199512,0,102853.90
R12_7,48,1.35980823847,0,1,205.166500576,0,106781.30
R12_7,49,3.11703115688,1,0,319.415533587,0,107372.30
R12_7,50,1.16952903426,0,1,176.457365453,0,102371.60
R12_7,51,1.28630464148,0,1,194.076351725,0,108406.20
R12_7,52,2.96276352092,1,0,296.139787695,0,125191.70
R12_7,53,3.16557065241,1,0,326.739123897,0,125510.60
R12_7,54,4.29446791761,2,0,346.187013743,0,120435.20
R12_7,55,2.44619067763,1,0,218.199796193,0,101382.90
R12_7,56,1.48525556149,0,1,224.093866614,0,101995.50
R12_7,57,2.73861099149,1,0,262.3198793,0,130644.90
R12_7,58,2.66140933668,1,0,250.671771201,0,125756.80
R12_7,59,2.87262950192,1,0,282.540457481,0,126507.60
R12_7,60,3.01053836891,1,0,303.348008752,0,109218.80
R12_7,61,4.23164623456,2,0,336.708541333,0,101691.10
R12_7,62,1.2566153871,0,1,189.596866857,0,101015.70
R12_7,63,1.34385951441,0,1,202.760173117,0,105374.30
R12_7,64,1.37755343753,0,1,207.843878379,0,106677.90
R12_8,1,0.98710462023,0,1,140.472304849,0,126524.80
R12_8,2,2.66571218642,1,0,237.043192023,0,125684.50
R12_8,3,1.29422291968,0,1,184.177515523,0,109786.80
R12_8,4,1.1286452574,0,1,160.614586756,0,104051.90
R12_8,5,1.02870237372,0,1,146.391973534,0,103302.00
R12_8,6,1.7654019836,0,1,251.229789162,0,112744.90
R12_8,7,2.96061658419,1,0,279.010273947,0,118379.70
R12_8,8,1.19715913884,0,1,170.364619977,0,116167.20
R12_8,9,2.97925703628,1,0,281.662948461,0,123460.30
R12_8,10,2.79258910162,1,0,255.098717593,0,101339.60
R12_8,11,2.36070063169,1,0,193.63778674,0,113158.90
R12_8,12,2.8118222804,1,0,257.835741508,0,141782.70
R12_8,13,2.30278699218,1,0,185.396246526,0,108443.10
R12_8,14,0.922412745795,0,1,131.266171557,0,123398.40
R12_8,15,2.7097666862,1,0,243.312473918,0,102129.20
R12_8,16,1.10664173019,0,1,157.483321722,0,121785.90
R12_8,17,1.18474969213,0,1,168.59866372,0,116694.60
R12_8,18,0.997599050504,0,1,141.965740072,0,103565.30
R12_8,19,3.04403960838,1,0,290.881988704,0,104019.80
R12_8,20,3.27095113196,1,0,323.1731806,0,130399.50
R12_8,21,2.43620454543,1,0,204.382553375,0,121049.70
R12_8,22,1.33551018277,0,1,190.052999123,0,101651.50
R12_8,23,2.4993135591,1,0,213.363433846,0,102715.50
R12_8,24,1.01731185735,0,1,144.771018617,0,103892.40
R12_8,25,1.0875985047,0,1,154.773329568,0,104246.70
R12_8,26,1.01780167508,0,1,144.840723311,0,102292.70
R12_8,27,1.1719755093,0,1,166.780802809,0,102801.50
R12_8,28,1.19204703636,0,1,169.637129899,0,102776.70
R12_8,29,1.19085162392,0,1,169.467013847,0,118839.60
R12_8,30,2.65160379436,1,0,235.035463248,0,121607.70
R12_8,31,1.20638712244,0,1,171.677830451,0,100672.10
R12_8,32,4.90297322527,2,0,413.114609648,0,119733.40
R12_8,33,1.33792038443,0,1,190.395988686,0,128778.00
R12_8,34,2.47762653822,1,0,210.277210009,0,119431.30
R12_8,35,1.43608485039,0,1,204.365519883,0,101834.10
R12_8,36,1.302807659,0,1,185.399187568,0,101763.70
R12_8,37,1.14790371387,0,1,163.355207875,0,129636.10
R12_8,38,1.11227388366,0,1,158.284818912,0,125559.50
R12_8,39,1.26508713895,0,1,180.031277942,0,141165.50
R12_8,40,0.993477520883,0,1,141.379215854,0,125630.10
R12_8,41,2.31491822178,1,0,187.122610427,0,125599.00
R12_8,42,1.376963177,0,1,195.952067492,0,125195.40
R12_8,43,2.72786485921,1,0,245.887978099,0,126014.10
R12_8,44,1.17269902551,0,1,166.883764528,0,124156.00
R12_8,45,2.47246498219,1,0,209.542682324,0,145613.40
R12_8,46,1.16266458729,0,1,165.455789584,0,125416.20
R12_8,47,1.33532194128,0,1,190.026210963,0,125830.50
R12_8,48,1.04532901717,0,1,148.75806815,0,121239.70
R12_8,49,1.14726489061,0,1,163.264298589,0,128903.50
R12_8,50,2.59505455137,1,0,226.988086773,0,127610.60
R12_8,51,3.19132956794,1,0,311.842441806,0,110046.60
R12_8,52,4.07089768904,1,0,437.011505663,0,126413.10
R12_8,53,4.0707618244,2,0,294.684758134,0,122832.60
R12_8,54,2.91961292526,1,0,273.175149323,0,102191.40
R12_8,55,2.80382788253,1,0,256.69807943,0,127494.30
R12_8,56,2.33840349655,1,0,190.464739122,0,107504.20
R12_8,57,3.05315929715,1,0,292.17978802,0,121119.40
R12_8,58,2.76332134573,1,0,250.933698969,0,113485.80
R12_8,59,3.8908369019,2,0,269.080107883,0,124300.00
R12_8,60,2.96531272594,1,0,279.678569731,0,128469.00
R12_8,61,2.53849881868,1,0,218.939786764,0,101608.50
R12_8,62,1.32457542175,0,1,188.49690157,0,113855.40
R12_8,63,2.66321319848,1,0,236.687567515,0,113880.30
R12_8,64,2.42962482399,1,0,203.446210238,0,104491.10
R12_9,1,1.22758274793,0,1,162.081265784,0,101356.70
R12_9,2,1.55610796181,0,1,205.457390611,0,102855.00
R12_9,3,2.55057511353,1,0,204.726872807,0,110218.70
R12_9,4,2.55078546235,1,0,204.754645764,0,104207.20
R12_9,5,1.74003541795,0,1,229.74185938,0,102343.20
R12_9,6,1.10136539287,0,1,145.416426932,0,106658.20
R12_9,7,3.12514637162,1,0,280.589161482,0,117153.60
R12_9,8,2.73946917535,1,0,229.667096748,0,110147.40
R12_9,9,2.63726411146,1,0,216.172669465,0,108630.10
R12_9,10,1.31966607494,0,1,174.23929116,0,101600.00
R12_9,11,1.47700317299,0,1,195.0129588,0,108712.50
R12_9,12,1.10962093873,0,1,146.506430295,0,104225.40
R12_9,13,1.44070354034,0,1,190.220214347,0,100642.40
R12_9,14,1.33244997901,0,1,175.927186625,0,116802.90
R12_9,15,1.16886815094,0,1,154.329009396,0,101150.60
R12_9,16,1.56571531649,0,1,206.725877163,0,103965.10
R12_9,17,1.47557131307,0,1,194.823906234,0,141201.20
R12_9,18,1.5906220076,0,1,210.014378918,0,120842.80
R12_9,19,1.21681418101,0,1,160.659461055,0,99220.30
R12_9,20,1.95601658015,0,1,258.258470757,0,103924.70
R12_9,21,1.63825865022,0,1,216.303981265,0,125080.10
R12_9,22,1.30349280834,0,1,172.103888454,0,124772.80
R12_9,23,3.18618988718,1,0,288.648911659,0,126660.60
R12_9,24,1.01750589034,0,1,134.344216655,0,141523.80
R12_9,25,1.52274771939,0,1,201.052742266,0,129066.00
R12_9,26,1.33751750675,0,1,176.596266825,0,125053.60
R12_9,27,1.2970806227,0,1,171.25726922,0,115299.10
R12_9,28,2.68592808087,1,0,222.597912711,0,125322.20
R12_9,29,3.43013583107,1,0,320.857793247,0,125819.60
R12_9,30,3.5185141332,1,0,332.526633576,0,137981.70
R12_9,31,1.56200592876,0,1,206.236116077,0,124806.80
R12_9,32,1.50606594935,0,1,198.850200394,0,127670.90
R12_9,33,1.65365154293,0,1,218.336348974,0,100052.20
R12_9,34,1.6472276778,0,1,217.488187663,0,121181.70
R12_9,35,1.27064039953,0,1,167.766290835,0,124702.00
R12_9,36,1.02471263365,0,1,135.295743614,0,100633.40
R12_9,37,3.19691305971,1,0,290.064722836,0,100439.70
R12_9,38,3.24427059603,1,0,296.31747398,0,100455.20
R12_9,39,3.11056334439,1,0,278.663722633,0,101303.00
R12_9,40,1.30217575719,0,1,171.929994419,0,102782.50
R12_9,41,3.13839874131,1,0,282.338909804,0,100806.70
R12_9,42,2.68628527321,1,0,222.645073839,0,112053.60
R12_9,43,1.01969265033,0,1,134.632940839,0,99107.20
R12_9,44,1.13236973411,0,1,149.510018897,0,113029.20
R12_9,45,2.79629948577,1,0,237.170565384,0,99198.90
R12_9,46,1.53721764346,0,1,202.963247781,0,100083.40
R12_9,47,2.78060105797,1,0,235.097857004,0,99472.70
R12_9,48,1.20510209665,0,1,159.113081016,0,101053.00
R12_9,49,1.00922959474,0,1,133.251473645,0,100210.30
R12_9,50,1.43113288917,0,1,188.956573864,0,113296.70
R12_9,51,3.5226079607,1,0,333.067153346,0,125455.30
R12_9,52,1.22453187103,0,1,161.678449771,0,125163.90
R12_9,53,1.273071837,0,1,168.087320487,0,116975.30
R12_9,54,2.50676176783,1,0,198.942071301,0,105958.60
R12_9,55,1.31971579708,0,1,174.245856116,0,118081.30
R12_9,56,1.34177259797,0,1,177.158078705,0,120909.00
R12_9,57,2.63179125917,1,0,215.450073104,0,123527.80
R12_9,58,1.27887374416,0,1,168.853362906,0,116056.20
R12_9,59,1.15414455783,0,1,152.385011233,0,104026.90
R12_9,60,3.48183554678,1,0,327.683854771,0,103901.10
R12_9,61,1.37390498632,0,1,181.400609959,0,101855.60
R12_9,62,3.25472882747,1,0,297.698304228,0,101131.70
R12_9,63,2.21246530169,1,0,160.085266065,0,102305.10
R12_9,64,1.4655629709,0,1,193.502476157,0,104840.30
