seed,sensor,V,B,pipe,scene,T,px,py,pz,dist,Tw,wx,wy,wz,wdist
1,far,inf,1e+10,P1,empty,8.801820e+01,4.550,1.850,5.650,-1.0000,4.19527,12.950,4.550,1.450,-1.0000
1,far,inf,1e+10,P1,person,9.485265e+01,4.850,4.250,5.650,4.3126,4.20200,11.150,3.350,5.150,3.7977
1,far,inf,1e+10,P1,vehicle,8.356845e+01,4.450,4.250,5.450,5.2038,3.94576,12.750,0.750,3.550,1.2981
1,far,inf,1e+10,P2,empty,1.237808e+02,4.350,2.650,5.350,-1.0000,3.83570,7.650,0.350,3.650,-1.0000
1,far,inf,1e+10,P2,person,1.291481e+02,4.950,0.450,4.850,2.9822,3.96339,12.350,2.150,2.150,4.4198
1,far,inf,1e+10,P2,vehicle,1.273463e+02,4.550,1.350,5.150,4.4426,3.76653,5.050,3.050,2.950,4.0984
1,far,inf,1e+11,P1,empty,3.007932e+02,5.150,0.450,5.350,-1.0000,3.62096,12.350,1.550,2.850,-1.0000
1,far,inf,1e+11,P1,person,3.359219e+02,5.750,4.450,5.650,3.9269,4.00229,5.750,4.450,5.650,3.9269
1,far,inf,1e+11,P1,vehicle,2.695011e+02,5.250,4.350,5.350,4.5658,4.49659,11.250,1.650,4.250,0.0000
1,far,inf,1e+11,P2,empty,4.932704e+02,5.350,4.050,5.650,-1.0000,3.87749,5.350,4.050,5.650,-1.0000
1,far,inf,1e+11,P2,person,4.497238e+02,4.350,0.850,4.450,3.4137,4.04676,11.250,3.050,3.950,3.4416
1,far,inf,1e+11,P2,vehicle,3.673127e+02,4.550,3.850,5.450,4.9385,3.62090,10.550,0.850,1.950,1.1000
1,far,inf,1e+12,P1,empty,8.892158e+02,4.450,1.250,4.950,-1.0000,4.33552,11.550,2.950,3.250,-1.0000
1,far,inf,1e+12,P1,person,8.432818e+02,5.650,4.650,5.550,4.0681,3.66428,4.850,1.550,2.950,2.8253
1,far,inf,1e+12,P1,vehicle,1.115013e+03,4.550,0.550,5.250,4.4572,3.87068,6.350,3.450,2.050,3.2392
1,far,inf,1e+12,P2,empty,1.247430e+03,4.350,4.450,5.450,-1.0000,3.54114,11.950,1.350,2.050,-1.0000
1,far,inf,1e+12,P2,person,1.324752e+03,4.350,0.750,5.250,3.6965,3.74408,9.450,0.950,2.150,1.7656
1,far,inf,1e+12,P2,vehicle,1.604741e+03,4.450,0.850,5.350,4.5724,3.29632,13.650,2.350,1.650,2.6635
1,far,inf,1e+13,P1,empty,3.421779e+03,4.350,0.350,5.450,-1.0000,3.67889,5.850,2.250,4.850,-1.0000
1,far,inf,1e+13,P1,person,3.351851e+03,4.550,3.950,5.650,4.3509,4.34293,9.750,1.150,4.550,1.9036
1,far,inf,1e+13,P1,vehicle,4.046223e+03,4.750,0.850,5.450,4.2972,4.00201,4.750,0.850,5.450,4.2972
1,far,inf,1e+13,P2,empty,4.234907e+03,4.650,3.750,5.350,-1.0000,4.03993,8.850,1.450,5.350,-1.0000
1,far,inf,1e+13,P2,person,4.142325e+03,4.550,3.950,5.250,4.1767,3.55182,5.950,3.950,2.650,2.8950
1,far,inf,1e+13,P2,vehicle,3.712479e+03,5.050,4.250,5.250,4.6602,3.67827,8.450,2.550,3.650,0.9024
1,far,50,1e+10,P1,empty,3.575670e+01,4.550,4.550,4.950,-1.0000,5.61438,12.250,0.550,5.150,-1.0000
1,far,50,1e+10,P1,person,3.280273e+01,4.750,1.850,5.550,3.5054,7.46798,13.250,2.250,4.350,5.2300
1,far,50,1e+10,P1,vehicle,4.397992e+01,4.750,4.350,5.150,4.9516,7.06147,13.150,3.450,2.850,2.3762
1,far,50,1e+10,P2,empty,4.826730e+01,5.450,1.250,4.950,-1.0000,4.41674,10.750,0.450,2.250,-1.0000
1,far,50,1e+10,P2,person,4.448686e+01,4.450,0.950,4.650,3.3742,4.76720,12.850,4.650,4.750,5.7063
1,far,50,1e+10,P2,vehicle,5.431458e+01,4.950,4.450,5.550,4.9028,4.48787,9.550,1.050,2.450,0.6000
1,far,50,1e+11,P1,empty,1.247166e+02,4.450,0.950,4.850,-1.0000,4.77249,12.650,4.550,2.950,-1.0000
1,far,50,1e+11,P1,person,1.247853e+02,4.450,2.050,5.350,3.6712,4.46495,13.450,3.650,2.050,5.8244
1,far,50,1e+11,P1,vehicle,1.109226e+02,5.050,3.550,5.650,4.4155,4.54526,11.150,2.150,2.650,0.5315
1,far,50,1e+11,P2,empty,1.641132e+02,4.550,3.950,5.650,-1.0000,3.87321,6.450,4.250,4.050,-1.0000
1,far,50,1e+11,P2,person,1.535894e+02,4.650,0.750,4.750,3.2194,4.18217,11.450,2.250,2.850,3.4193
1,far,50,1e+11,P2,vehicle,1.685074e+02,4.350,1.750,5.450,4.6890,4.05488,4.750,3.650,3.450,4.5911
1,far,50,1e+12,P1,empty,3.474420e+02,4.450,0.350,5.150,-1.0000,3.73716,8.250,4.050,5.550,-1.0000
1,far,50,1e+12,P1,person,3.203861e+02,5.450,0.350,5.350,2.8189,3.86096,9.450,0.850,5.250,2.1345
1,far,50,1e+12,P1,vehicle,3.302478e+02,4.450,2.350,5.650,4.6668,3.78388,13.550,4.050,1.850,3.3022
1,far,50,1e+12,P2,empty,4.622752e+02,5.250,0.750,5.550,-1.0000,3.57694,6.750,1.750,3.050,-1.0000
1,far,50,1e+12,P2,person,4.933207e+02,4.650,1.750,5.050,3.3394,3.74269,8.350,3.250,4.650,1.8921
1,far,50,1e+12,P2,vehicle,4.640064e+02,4.550,3.450,4.750,4.7052,3.80908,10.650,4.050,3.750,2.2500
1,far,50,1e+13,P1,empty,1.090096e+03,4.650,3.450,5.150,-1.0000,3.78075,10.350,3.150,1.550,-1.0000
1,far,50,1e+13,P1,person,1.208015e+03,4.550,1.050,5.650,3.7240,3.67797,12.750,1.050,1.650,4.9276
1,far,50,1e+13,P1,vehicle,1.158797e+03,4.650,1.450,5.650,4.4403,3.67130,8.550,4.550,3.750,2.7792
1,far,50,1e+13,P2,empty,1.681510e+03,4.650,2.350,4.750,-1.0000,3.94917,10.450,1.550,5.150,-1.0000
1,far,50,1e+13,P2,person,1.654894e+03,4.450,3.350,5.350,4.0097,3.66577,5.350,4.250,2.950,3.4540
1,far,50,1e+13,P2,vehicle,1.662920e+03,5.350,2.050,5.550,3.7465,3.85856,6.550,1.950,1.650,2.7841
1,far,30,1e+10,P1,empty,2.474738e+01,4.550,0.350,5.050,-1.0000,7.06257,12.750,0.650,1.750,-1.0000
1,far,30,1e+10,P1,person,1.985457e+01,4.650,4.150,5.450,4.2985,9.46790,10.150,3.950,1.950,3.3243
1,far,30,1e+10,P1,vehicle,1.863184e+01,4.350,3.650,5.050,4.9849,7.61117,12.250,1.750,3.250,0.7981
1,far,30,1e+10,P2,empty,2.631035e+01,4.950,1.850,5.550,-1.0000,6.37436,11.850,2.150,4.850,-1.0000
1,far,30,1e+10,P2,person,2.608211e+01,4.350,0.350,5.150,3.6528,5.87963,11.050,1.250,5.650,3.5927
1,far,30,1e+10,P2,vehicle,2.726395e+01,4.450,1.550,5.050,4.5295,5.74096,13.550,1.150,2.650,2.1359
1,far,30,1e+11,P1,empty,6.188495e+01,5.050,0.550,5.550,-1.0000,4.87403,13.050,4.250,3.050,-1.0000
1,far,30,1e+11,P1,person,5.994388e+01,4.350,0.950,5.350,3.7424,4.57578,10.650,3.250,1.650,3.4033
1,far,30,1e+11,P1,vehicle,6.790520e+01,4.650,3.750,5.350,4.7905,4.64199,11.950,2.750,2.350,1.2809
1,far,30,1e+11,P2,empty,9.794450e+01,4.650,1.150,5.050,-1.0000,4.71045,9.650,3.250,2.550,-1.0000
1,far,30,1e+11,P2,person,9.845259e+01,4.850,0.650,5.350,3.3093,4.16632,12.950,2.750,2.850,4.9778
1,far,30,1e+11,P2,vehicle,8.533888e+01,4.950,3.550,5.650,4.5042,3.95515,12.850,0.550,1.450,2.1248
1,far,30,1e+12,P1,empty,1.915534e+02,4.550,3.550,5.550,-1.0000,3.57924,13.050,2.050,2.950,-1.0000
1,far,30,1e+12,P1,person,2.118445e+02,5.050,0.950,5.250,3.0868,3.90903,11.050,4.550,3.750,4.1017
1,far,30,1e+12,P1,vehicle,2.052784e+02,4.350,4.650,5.250,5.4580,4.73318,13.550,0.350,5.550,2.3243
1,far,30,1e+12,P2,empty,3.144729e+02,4.650,1.050,5.350,-1.0000,3.73285,13.250,0.950,5.650,-1.0000
1,far,30,1e+12,P2,person,2.634042e+02,5.050,0.850,5.450,3.1986,3.41228,11.150,0.750,4.450,3.1639
1,far,30,1e+12,P2,vehicle,2.665104e+02,4.350,1.550,5.550,4.7093,3.79754,7.550,2.950,5.650,2.1208
1,far,30,1e+13,P1,empty,8.164272e+02,4.650,2.150,5.550,-1.0000,3.94767,11.650,3.350,3.450,-1.0000
1,far,30,1e+13,P1,person,5.699888e+02,4.950,3.450,5.550,3.7691,3.34131,9.250,1.150,5.450,2.1819
1,far,30,1e+13,P1,vehicle,5.698217e+02,5.350,2.350,5.650,3.8060,4.05146,7.550,2.750,4.450,1.6934
1,far,30,1e+13,P2,empty,9.798296e+02,4.350,1.450,5.650,-1.0000,3.47327,12.550,3.050,3.350,-1.0000
1,far,30,1e+13,P2,person,9.074103e+02,4.450,1.950,5.650,3.8160,3.50806,9.350,1.750,5.450,2.2366
1,far,30,1e+13,P2,vehicle,9.544271e+02,4.350,4.050,5.650,5.2392,3.59558,12.750,1.150,1.850,1.7678
1,far,20,1e+10,P1,empty,1.165503e+01,4.750,1.350,5.650,-1.0000,6.74182,10.850,3.050,1.650,-1.0000
1,far,20,1e+10,P1,person,9.361389e+00,4.950,4.550,5.250,4.2640,8.29445,13.650,2.850,3.650,5.6639
1,far,20,1e+10,P1,vehicle,1.022119e+01,5.050,1.550,5.650,4.0540,8.17529,12.850,2.650,1.650,2.1534
1,far,20,1e+10,P2,empty,1.532713e+01,4.450,0.850,5.250,-1.0000,5.92324,13.650,2.050,2.150,-1.0000
1,far,20,1e+10,P2,person,1.150188e+01,4.650,3.550,5.550,4.0347,6.05133,12.250,2.450,1.550,4.5593
1,far,20,1e+10,P2,vehicle,1.776466e+01,4.350,1.650,5.650,4.7315,6.49534,5.450,0.550,1.350,3.8927
1,far,20,1e+11,P1,empty,2.547510e+01,5.150,2.550,5.350,-1.0000,4.89329,5.850,1.950,1.650,-1.0000
1,far,20,1e+11,P1,person,3.117946e+01,4.450,1.050,5.650,3.8078,5.00434,10.050,1.050,2.050,2.3088
1,far,20,1e+11,P1,vehicle,3.311079e+01,4.350,4.350,5.350,5.3216,4.83822,10.950,4.450,1.650,2.9971
1,far,20,1e+11,P2,empty,4.207298e+01,4.450,3.150,5.650,-1.0000,4.46932,9.550,2.150,4.550,-1.0000
1,far,20,1e+11,P2,person,3.661792e+01,4.650,1.950,5.650,3.6496,4.25756,13.550,1.050,2.650,5.4834
1,far,20,1e+11,P2,vehicle,3.833476e+01,4.950,3.850,5.450,4.5856,3.83987,12.450,1.250,2.150,1.3440
1,far,20,1e+12,P1,empty,9.546715e+01,4.550,2.450,5.650,-1.0000,3.80581,11.650,3.750,2.350,-1.0000
1,far,20,1e+12,P1,person,9.209085e+01,4.350,2.150,5.250,3.7238,3.98537,7.450,4.450,5.150,3.1668
1,far,20,1e+12,P1,vehicle,1.157842e+02,4.550,1.150,5.650,4.5372,4.06300,12.650,3.650,5.450,2.3808
1,far,20,1e+12,P2,empty,1.249607e+02,4.350,1.650,5.550,-1.0000,3.88442,10.750,0.750,2.850,-1.0000
1,far,20,1e+12,P2,person,1.218064e+02,4.650,1.250,5.450,3.5319,3.55158,11.750,2.450,2.150,3.8935
1,far,20,1e+12,P2,vehicle,1.185702e+02,4.550,2.350,5.650,4.5704,4.63448,8.750,1.550,2.450,0.6330
1,far,20,1e+13,P1,empty,2.997339e+02,4.550,4.250,5.650,-1.0000,3.57808,12.850,1.950,4.950,-1.0000
1,far,20,1e+13,P1,person,3.216951e+02,4.650,1.250,5.250,3.4310,3.55013,5.250,2.050,5.550,3.1198
1,far,20,1e+13,P1,vehicle,2.533811e+02,4.550,1.950,5.350,4.4765,3.71184,11.750,2.350,5.150,0.8668
1,far,20,1e+13,P2,empty,3.960946e+02,4.850,1.150,5.550,-1.0000,3.60717,11.250,0.850,2.050,-1.0000
1,far,20,1e+13,P2,person,3.590502e+02,4.350,0.750,4.850,3.5354,3.90046,7.150,0.550,4.150,0.7514
1,far,20,1e+13,P2,vehicle,3.846002e+02,4.350,3.250,5.550,4.9274,3.60040,4.550,2.850,3.950,4.5254
1,far,15,1e+10,P1,empty,8.556564e+00,4.850,0.950,5.550,-1.0000,8.94809,12.650,2.950,4.950,-1.0000
1,far,15,1e+10,P1,person,6.024750e+00,8.150,2.150,2.850,0.6332,8.77331,8.150,2.150,2.850,0.6332
1,far,15,1e+10,P1,vehicle,6.845886e+00,4.350,1.950,4.850,4.6141,8.67708,11.850,3.550,2.350,1.9264
1,far,15,1e+10,P2,empty,7.226593e+00,4.450,1.150,5.250,-1.0000,6.68494,9.550,4.150,5.450,-1.0000
1,far,15,1e+10,P2,person,7.592468e+00,13.450,1.650,4.850,5.4914,8.38065,13.450,1.650,4.850,5.4914
1,far,15,1e+10,P2,vehicle,7.807312e+00,5.250,3.550,4.850,4.1056,5.45896,8.450,2.050,2.150,1.0603
1,far,15,1e+11,P1,empty,1.902934e+01,4.850,3.950,5.650,-1.0000,4.83702,10.050,3.350,2.550,-1.0000
1,far,15,1e+11,P1,person,1.402237e+01,4.450,1.250,5.450,3.7036,5.29469,8.250,1.150,5.450,1.8626
1,far,15,1e+11,P1,vehicle,1.675208e+01,4.750,3.550,5.450,4.6398,4.46541,6.650,2.150,4.750,2.3369
1,far,15,1e+11,P2,empty,1.994078e+01,4.450,4.050,5.050,-1.0000,4.47960,8.850,3.150,2.750,-1.0000
1,far,15,1e+11,P2,person,2.131758e+01,4.550,3.550,5.550,4.1097,4.01914,12.050,1.750,3.250,3.9462
1,far,15,1e+11,P2,vehicle,2.130288e+01,4.450,1.450,5.650,4.6343,4.00890,11.350,4.050,2.850,2.2589
1,far,15,1e+12,P1,empty,3.999223e+01,4.350,1.350,5.250,-1.0000,3.88742,9.350,0.550,2.250,-1.0000
1,far,15,1e+12,P1,person,6.879666e+01,4.450,3.750,5.450,4.2331,3.98186,4.450,3.750,5.450,4.2331
1,far,15,1e+12,P1,vehicle,4.534056e+01,5.150,3.450,5.650,4.2880,4.11102,7.550,4.550,2.050,3.2446
1,far,15,1e+12,P2,empty,6.999812e+01,4.450,0.850,5.650,-1.0000,3.89691,8.750,0.550,2.250,-1.0000
1,far,15,1e+12,P2,person,6.591875e+01,4.350,2.550,5.650,3.9840,4.41762,5.750,2.250,3.650,1.9830
1,far,15,1e+12,P2,vehicle,6.056769e+01,4.450,3.750,5.650,5.0279,3.59746,8.150,3.250,3.650,1.6570
1,far,15,1e+13,P1,empty,1.543177e+02,4.550,1.050,5.650,-1.0000,3.81128,9.550,2.250,2.150,-1.0000
1,far,15,1e+13,P1,person,1.587593e+02,4.550,1.150,5.650,3.7240,3.49789,10.450,0.850,5.050,2.7613
1,far,15,1e+13,P1,vehicle,1.507535e+02,4.450,1.350,5.650,4.6343,3.48078,11.950,0.750,3.350,0.4981
1,far,15,1e+13,P2,empty,2.135813e+02,4.950,3.150,5.450,-1.0000,3.51081,6.150,2.650,1.850,-1.0000
1,far,15,1e+13,P2,person,1.930394e+02,4.650,4.050,5.550,4.2870,3.48270,9.950,1.950,2.650,1.9704
1,far,15,1e+13,P2,vehicle,1.868338e+02,5.150,1.150,5.650,3.9578,3.61965,6.150,3.450,1.350,3.6692
1,far,10,1e+10,P1,empty,5.910797e+00,8.150,4.650,4.350,-1.0000,9.17592,8.150,4.650,4.350,-1.0000
1,far,10,1e+10,P1,person,5.574402e+00,6.750,4.450,5.450,3.4393,8.65780,6.750,4.450,5.450,3.4393
1,far,10,1e+10,P1,vehicle,5.469727e+00,12.650,2.450,1.550,2.0268,8.58881,12.650,2.450,1.550,2.0268
1,far,10,1e+10,P2,empty,5.062134e+00,7.150,4.150,3.950,-1.0000,5.54931,7.150,4.150,3.950,-1.0000
1,far,10,1e+10,P2,person,5.765137e+00,10.350,4.250,3.450,3.3978,6.36009,10.350,4.250,3.450,3.3978
1,far,10,1e+10,P2,vehicle,5.334625e+00,6.150,3.350,2.250,3.3004,5.85260,6.150,3.350,2.250,3.3004
1,far,10,1e+11,P1,empty,9.934814e+00,12.950,4.550,5.150,-1.0000,4.90375,12.950,4.550,5.150,-1.0000
1,far,10,1e+11,P1,person,1.208621e+01,5.050,1.750,2.650,2.6831,5.94152,5.050,1.750,2.650,2.6831
1,far,10,1e+11,P1,vehicle,9.463196e+00,11.750,1.950,5.150,0.6866,4.67692,11.750,1.950,5.150,0.6866
1,far,10,1e+11,P2,empty,1.384338e+01,4.550,1.050,5.650,-1.0000,4.53999,6.250,1.950,3.550,-1.0000
1,far,10,1e+11,P2,person,1.278531e+01,5.950,3.350,2.350,2.5528,4.45037,5.950,3.350,2.350,2.5528
1,far,10,1e+11,P2,vehicle,1.296350e+01,9.450,3.250,1.350,2.2344,4.52488,9.450,3.250,1.350,2.2344
1,far,10,1e+12,P1,empty,2.596994e+01,6.750,1.650,2.850,-1.0000,4.05713,6.750,1.650,2.850,-1.0000
1,far,10,1e+12,P1,person,2.625586e+01,11.350,1.150,4.650,3.4134,4.08637,11.350,1.150,4.650,3.4134
1,far,10,1e+12,P1,vehicle,2.669421e+01,11.450,1.150,4.750,0.2000,4.18472,11.450,1.150,4.750,0.2000
1,far,10,1e+12,P2,empty,3.403186e+01,12.550,3.650,4.950,-1.0000,3.75272,12.550,3.650,4.950,-1.0000
1,far,10,1e+12,P2,person,3.476752e+01,11.850,0.950,4.950,3.9838,3.85627,7.350,3.150,3.450,1.4816
1,far,10,1e+12,P2,vehicle,3.622211e+01,10.750,2.250,5.050,0.6727,3.99416,10.750,2.250,5.050,0.6727
1,far,10,1e+13,P1,empty,7.466425e+01,8.050,3.050,5.250,-1.0000,3.66448,8.050,3.050,5.250,-1.0000
1,far,10,1e+13,P1,person,8.081042e+01,9.550,2.650,5.250,2.3954,3.98291,9.550,2.650,5.250,2.3954
1,far,10,1e+13,P1,vehicle,9.510272e+01,11.350,4.350,4.850,2.5676,4.66589,11.350,4.350,4.850,2.5676
1,far,10,1e+13,P2,empty,1.059312e+02,12.950,1.350,1.550,-1.0000,3.70460,12.950,1.350,1.550,-1.0000
1,far,10,1e+13,P2,person,1.015076e+02,9.650,3.450,2.450,2.4824,3.53875,9.650,3.450,2.450,2.4824
1,far,10,1e+13,P2,vehicle,1.047624e+02,12.750,3.550,3.750,2.1789,3.66349,12.750,3.550,3.750,2.1789
1,far,5,1e+10,P1,empty,5.155426e+00,4.750,3.250,1.750,-1.0000,8.06613,4.750,3.250,1.750,-1.0000
1,far,5,1e+10,P1,person,4.616455e+00,10.650,2.650,2.350,2.8761,7.23202,10.650,2.650,2.350,2.8761
1,far,5,1e+10,P1,vehicle,5.348694e+00,7.950,2.350,4.250,1.1429,8.33503,7.950,2.350,4.250,1.1429
1,far,5,1e+10,P2,empty,4.581055e+00,9.750,0.350,3.350,-1.0000,5.06305,9.750,0.350,3.350,-1.0000
1,far,5,1e+10,P2,person,5.477173e+00,11.950,1.550,2.950,3.8609,6.05176,11.950,1.550,2.950,3.8609
1,far,5,1e+10,P2,vehicle,5.807251e+00,6.050,3.350,3.950,3.2899,6.39946,6.050,3.350,3.950,3.2899
1,far,5,1e+11,P1,empty,1.091736e+01,13.350,3.350,3.950,-1.0000,5.38836,13.350,3.350,3.950,-1.0000
1,far,5,1e+11,P1,person,1.085306e+01,6.950,0.850,2.550,1.0239,5.32779,6.950,0.850,2.550,1.0239
1,far,5,1e+11,P1,vehicle,1.161258e+01,8.850,0.650,4.050,0.1019,5.71816,8.850,0.650,4.050,0.1019
1,far,5,1e+11,P2,empty,1.201788e+01,12.050,2.850,5.650,-1.0000,4.20642,12.050,2.850,5.650,-1.0000
1,far,5,1e+11,P2,person,1.183704e+01,8.550,4.550,2.950,2.9050,4.14192,8.550,4.550,2.950,2.9050
1,far,5,1e+11,P2,vehicle,1.175900e+01,7.050,3.150,4.850,2.3515,4.09925,7.050,3.150,4.850,2.3515
1,far,5,1e+12,P1,empty,2.506479e+01,6.850,3.050,2.350,-1.0000,3.94103,10.250,1.750,3.750,-1.0000
1,far,5,1e+12,P1,person,2.470428e+01,13.350,1.250,3.050,5.2512,3.85714,13.350,1.250,3.050,5.2512
1,far,5,1e+12,P1,vehicle,2.646716e+01,10.450,4.650,2.550,2.8935,4.13655,10.450,4.650,2.550,2.8935
1,far,5,1e+12,P2,empty,3.316455e+01,7.850,1.350,2.650,-1.0000,3.64427,7.850,1.350,2.650,-1.0000
1,far,5,1e+12,P2,person,3.386218e+01,8.950,0.350,3.950,0.9179,3.74359,8.950,0.350,3.950,0.9179
1,far,5,1e+12,P2,vehicle,3.378748e+01,9.450,2.750,3.950,0.9500,3.72151,9.450,2.750,3.950,0.9500
1,far,5,1e+13,P1,empty,7.560535e+01,8.850,2.550,5.650,-1.0000,3.73752,8.850,2.550,5.650,-1.0000
1,far,5,1e+13,P1,person,7.892883e+01,7.050,3.850,3.050,2.2465,3.90452,7.050,3.850,3.050,2.2465
1,far,5,1e+13,P1,vehicle,7.750375e+01,4.750,0.950,4.950,4.2209,3.83370,4.750,0.950,4.950,4.2209
1,far,5,1e+13,P2,empty,9.875189e+01,8.750,3.750,1.350,-1.0000,3.45104,8.750,3.750,1.350,-1.0000
1,far,5,1e+13,P2,person,1.078273e+02,8.750,0.950,2.650,0.9112,3.78751,8.750,0.950,2.650,0.9112
1,far,5,1e+13,P2,vehicle,1.007231e+02,6.050,2.650,1.850,3.2532,3.51527,6.050,2.650,1.850,3.2532
1,near,inf,1e+10,P1,empty,1.002617e+02,4.550,0.850,5.050,-1.0000,5.11534,13.250,1.750,1.350,-1.0000
1,near,inf,1e+10,P1,person,8.863504e+01,4.650,0.450,5.050,3.3390,4.19942,8.850,2.550,1.650,1.9945
1,near,inf,1e+10,P1,vehicle,8.772987e+01,5.050,4.050,4.750,4.5086,4.13928,11.250,3.550,2.150,1.9679
1,near,inf,1e+10,P2,empty,1.453165e+02,4.350,4.550,5.050,-1.0000,3.97437,12.450,3.150,1.650,-1.0000
1,near,inf,1e+10,P2,person,1.322499e+02,4.650,4.650,5.050,4.4555,4.07786,13.550,1.550,3.650,5.4459
1,near,inf,1e+10,P2,vehicle,1.366372e+02,4.350,4.150,5.350,5.2287,3.56735,11.250,2.450,4.850,0.7159
1,near,inf,1e+11,P1,empty,2.816582e+02,4.450,3.950,4.750,-1.0000,3.51954,7.250,0.950,5.350,-1.0000
1,near,inf,1e+11,P1,person,2.935914e+02,4.950,4.250,4.850,3.9238,4.14057,8.550,4.350,1.350,3.3161
1,near,inf,1e+11,P1,vehicle,2.777689e+02,4.450,3.550,4.150,4.8300,3.94654,10.950,0.750,4.550,0.0000
1,near,inf,1e+11,P2,empty,3.928574e+02,4.650,4.250,5.550,-1.0000,3.68032,10.250,4.150,4.250,-1.0000
1,near,inf,1e+11,P2,person,4.375176e+02,4.350,0.950,4.650,3.4693,3.50392,8.650,4.350,4.750,2.9426
1,near,inf,1e+11,P2,vehicle,4.294574e+02,4.450,0.550,5.050,4.5295,3.64097,9.650,1.250,5.650,1.1000
1,near,inf,1e+12,P1,empty,8.385175e+02,4.350,0.450,5.250,-1.0000,3.91238,6.850,2.150,2.350,-1.0000
1,near,inf,1e+12,P1,person,9.313506e+02,5.350,0.350,5.450,2.9595,3.27690,9.750,2.350,2.450,1.9599
1,near,inf,1e+12,P1,vehicle,8.478151e+02,5.250,0.450,5.650,3.8618,3.50575,12.850,1.250,1.550,2.0505
1,near,inf,1e+12,P2,empty,1.350938e+03,4.450,0.450,5.450,-1.0000,3.54576,10.650,2.650,2.250,-1.0000
1,near,inf,1e+12,P2,person,1.224832e+03,5.250,0.350,5.650,3.1642,3.58438,6.650,2.650,2.850,1.4518
1,near,inf,1e+12,P2,vehicle,1.284629e+03,5.150,0.850,5.450,3.9069,4.05610,12.150,1.050,4.850,0.7599
1,near,inf,1e+13,P1,empty,3.377777e+03,4.550,0.450,5.250,-1.0000,3.86468,11.150,4.150,5.150,-1.0000
1,near,inf,1e+13,P1,person,3.855397e+03,4.450,0.350,5.350,3.6544,3.56994,8.550,2.250,2.150,1.3445
1,near,inf,1e+13,P1,vehicle,3.652493e+03,4.550,0.650,5.250,4.4572,3.79249,5.850,3.750,3.150,3.6639
1,near,inf,1e+13,P2,empty,3.704667e+03,4.450,0.350,5.150,-1.0000,3.72449,8.650,4.450,5.250,-1.0000
1,near,inf,1e+13,P2,person,3.949007e+03,4.850,0.950,5.350,3.3093,3.63787,9.550,4.550,4.450,3.3086
1,near,inf,1e+13,P2,vehicle,4.357704e+03,4.450,1.250,4.950,4.5196,4.28961,11.350,3.850,2.750,2.0718
1,near,50,1e+10,P1,empty,5.906929e+01,4.850,3.550,5.350,-1.0000,5.26859,12.950,2.950,4.750,-1.0000
1,near,50,1e+10,P1,person,5.768787e+01,4.650,4.150,5.550,4.3426,5.02745,12.950,1.050,2.350,4.9365
1,near,50,1e+10,P1,vehicle,6.677020e+01,4.350,1.350,5.250,4.6548,5.16167,12.350,0.750,2.750,0.9469
1,near,50,1e+10,P2,empty,8.876761e+01,4.350,3.550,5.650,-1.0000,4.23238,11.950,0.350,3.150,-1.0000
1,near,50,1e+10,P2,person,6.768446e+01,4.850,3.450,5.150,3.6539,5.04473,12.550,3.950,5.250,5.2509
1,near,50,1e+10,P2,vehicle,1.144972e+02,4.350,0.850,5.650,4.7315,4.05340,12.550,3.450,4.550,1.9820
1,near,50,1e+11,P1,empty,2.035787e+02,4.350,1.550,5.450,-1.0000,4.04431,12.850,2.950,5.150,-1.0000
1,near,50,1e+11,P1,person,1.805799e+02,4.450,3.550,5.250,4.0541,3.92980,11.950,4.150,5.450,4.9234
1,near,50,1e+11,P1,vehicle,1.990123e+02,4.850,1.150,5.650,4.2468,4.23790,13.450,1.350,5.150,2.0863
1,near,50,1e+11,P2,empty,2.789534e+02,4.550,1.450,5.450,-1.0000,3.76690,9.950,4.550,1.750,-1.0000
1,near,50,1e+11,P2,person,2.766799e+02,5.050,4.150,5.350,3.9840,4.03938,9.650,4.250,3.450,2.9818
1,near,50,1e+11,P2,vehicle,2.497539e+02,4.450,4.650,5.350,5.3879,3.66739,11.350,4.050,3.450,2.2500
1,near,50,1e+12,P1,empty,5.555072e+02,4.850,0.750,5.150,-1.0000,3.26416,9.150,3.350,2.750,-1.0000
1,near,50,1e+12,P1,person,6.338600e+02,4.950,1.150,5.450,3.2805,3.52654,6.250,2.650,2.750,1.7804
1,near,50,1e+12,P1,vehicle,5.685018e+02,4.550,1.150,4.550,4.4019,3.40292,10.950,0.350,2.850,0.2000
1,near,50,1e+12,P2,empty,8.065770e+02,4.650,0.550,4.750,-1.0000,3.64732,6.450,2.150,4.850,-1.0000
1,near,50,1e+12,P2,person,6.971160e+02,5.450,0.650,5.250,2.7577,3.96630,10.650,1.750,4.950,2.8851
1,near,50,1e+12,P2,vehicle,8.121858e+02,4.450,4.150,5.550,5.1758,3.63914,5.550,3.550,1.450,4.1467
1,near,50,1e+13,P1,empty,2.036502e+03,4.350,0.850,5.450,-1.0000,3.69669,13.450,4.650,2.750,-1.0000
1,near,50,1e+13,P1,person,1.901444e+03,4.550,0.350,5.250,3.5189,3.52938,8.050,3.350,1.350,2.5491
1,near,50,1e+13,P1,vehicle,1.939530e+03,4.450,0.450,5.150,4.5417,3.84944,8.950,1.650,4.650,0.1000
1,near,50,1e+13,P2,empty,2.535171e+03,4.350,1.550,5.650,-1.0000,3.63291,7.750,2.850,4.150,-1.0000
1,near,50,1e+13,P2,person,2.943169e+03,4.650,1.250,4.950,3.2966,3.86214,6.750,2.050,1.450,2.0826
1,near,50,1e+13,P2,vehicle,3.059679e+03,4.650,3.650,5.350,4.7506,3.82936,7.350,3.950,2.950,2.6830
1,near,30,1e+10,P1,empty,4.619244e+01,5.350,4.050,5.650,-1.0000,6.81996,13.450,3.750,1.650,-1.0000
1,near,30,1e+10,P1,person,4.847810e+01,4.950,3.750,5.550,3.9174,6.12635,10.850,2.750,1.450,3.4695
1,near,30,1e+10,P1,vehicle,4.474567e+01,4.550,4.250,5.550,5.1360,6.29758,13.550,0.550,2.050,2.3242
1,near,30,1e+10,P2,empty,6.371272e+01,4.450,2.350,5.650,-1.0000,5.47432,13.550,1.550,1.650,-1.0000
1,near,30,1e+10,P2,person,7.284084e+01,4.550,0.450,5.450,3.6174,6.15198,12.950,0.550,2.850,4.8658
1,near,30,1e+10,P2,vehicle,6.827475e+01,5.050,0.350,5.350,3.9830,5.61678,12.350,1.750,1.350,1.9226
1,near,30,1e+11,P1,empty,1.435938e+02,4.450,0.550,5.050,-1.0000,3.84491,13.150,3.950,1.450,-1.0000
1,near,30,1e+11,P1,person,1.413785e+02,4.450,1.250,5.050,3.5201,4.31711,8.050,1.150,4.750,1.1569
1,near,30,1e+11,P1,vehicle,1.549945e+02,4.450,2.150,5.550,4.6249,4.60306,13.450,2.850,3.350,2.2572
1,near,30,1e+11,P2,empty,2.014872e+02,5.050,1.550,5.450,-1.0000,3.53693,10.850,1.950,1.850,-1.0000
1,near,30,1e+11,P2,person,1.909473e+02,4.450,2.650,5.350,3.7759,3.60545,7.150,3.250,4.050,1.6928
1,near,30,1e+11,P2,vehicle,1.950052e+02,4.450,3.850,5.650,5.0675,4.44084,11.550,4.450,3.250,2.6518
1,near,30,1e+12,P1,empty,4.984102e+02,4.350,1.150,5.650,-1.0000,3.70092,13.250,1.150,3.050,-1.0000
1,near,30,1e+12,P1,person,5.015788e+02,5.150,0.850,5.450,3.1177,3.86567,11.450,2.350,5.350,3.8344
1,near,30,1e+12,P1,vehicle,3.995958e+02,4.850,1.150,5.150,4.1455,4.00399,8.050,4.350,3.250,2.7048
1,near,30,1e+12,P2,empty,5.619542e+02,4.450,1.150,5.350,-1.0000,3.70923,8.850,0.550,1.350,-1.0000
1,near,30,1e+12,P2,person,5.974360e+02,4.650,4.250,4.750,4.1070,3.46113,11.350,2.050,2.150,3.4588
1,near,30,1e+12,P2,vehicle,6.389812e+02,4.350,1.350,5.150,4.6408,3.91532,11.950,2.750,5.050,1.1835
1,near,30,1e+13,P1,empty,1.340320e+03,4.650,0.350,5.450,-1.0000,3.74132,5.950,2.150,3.950,-1.0000
1,near,30,1e+13,P1,person,1.217611e+03,4.350,4.450,5.450,4.6829,3.73198,10.650,2.550,2.050,2.9577
1,near,30,1e+13,P1,vehicle,1.499065e+03,4.550,1.150,5.650,4.5372,3.58487,9.350,2.950,4.250,1.1500
1,near,30,1e+13,P2,empty,1.924109e+03,4.350,0.450,5.150,-1.0000,3.76620,5.250,2.450,2.250,-1.0000
1,near,30,1e+13,P2,person,2.115442e+03,4.550,1.250,5.550,3.6697,3.69245,8.950,0.950,3.750,0.8601
1,near,30,1e+13,P2,vehicle,1.936179e+03,4.650,2.450,5.150,4.3919,3.60396,7.050,2.750,5.050,2.1839
1,near,20,1e+10,P1,empty,3.514539e+01,4.350,1.150,4.950,-1.0000,6.20849,12.650,1.050,3.850,-1.0000
1,near,20,1e+10,P1,person,3.123001e+01,4.850,4.550,5.350,4.3674,6.10885,13.450,3.650,1.950,5.8465
1,near,20,1e+10,P1,vehicle,2.937843e+01,4.350,3.250,5.450,4.9081,8.14227,12.550,3.750,1.650,2.6398
1,near,20,1e+10,P2,empty,4.155263e+01,4.350,0.650,5.650,-1.0000,5.18700,13.150,1.350,4.550,-1.0000
1,near,20,1e+10,P2,person,4.152162e+01,4.750,3.050,5.650,3.8064,6.32861,12.950,2.550,4.250,4.9633
1,near,20,1e+10,P2,vehicle,3.907765e+01,5.250,1.950,5.250,3.7705,5.63944,11.250,0.550,4.050,0.0000
1,near,20,1e+11,P1,empty,1.001100e+02,4.950,2.150,5.450,-1.0000,4.36215,12.750,1.250,2.850,-1.0000
1,near,20,1e+11,P1,person,8.775838e+01,4.350,4.550,5.650,4.8242,4.49552,13.350,2.350,1.950,5.4537
1,near,20,1e+11,P1,vehicle,8.839665e+01,4.450,1.750,5.650,4.6343,4.52449,13.550,1.550,2.450,2.1822
1,near,20,1e+11,P2,empty,1.546671e+02,4.450,1.150,5.450,-1.0000,3.66487,7.850,2.150,4.150,-1.0000
1,near,20,1e+11,P2,person,1.345141e+02,4.650,2.350,5.250,3.4920,4.08976,12.750,3.950,4.750,5.2899
1,near,20,1e+11,P2,vehicle,1.494560e+02,4.750,3.350,5.550,4.5889,3.78041,13.050,2.350,5.350,1.8699
1,near,20,1e+12,P1,empty,4.011363e+02,5.050,1.050,5.650,-1.0000,3.84343,7.450,1.050,5.450,-1.0000
1,near,20,1e+12,P1,person,3.567438e+02,4.550,1.350,5.550,3.6697,3.98290,8.850,0.550,2.650,0.9846
1,near,20,1e+12,P1,vehicle,3.196401e+02,4.350,1.350,5.550,4.7093,3.71514,13.350,3.350,2.750,2.4689
1,near,20,1e+12,P2,empty,4.361195e+02,4.750,1.050,5.650,-1.0000,4.02228,13.050,4.550,1.950,-1.0000
1,near,20,1e+12,P2,person,4.953247e+02,4.550,1.450,5.450,3.6174,3.90996,9.550,0.850,1.850,2.0426
1,near,20,1e+12,P2,vehicle,4.545688e+02,5.150,0.350,5.450,3.9069,3.74920,11.050,3.050,2.150,1.5403
1,near,20,1e+13,P1,empty,1.080688e+03,4.550,1.250,5.450,-1.0000,3.82706,10.650,0.950,2.250,-1.0000
1,near,20,1e+13,P1,person,1.098210e+03,4.550,3.950,5.650,4.3509,3.71731,5.650,0.550,3.350,2.0044
1,near,20,1e+13,P1,vehicle,9.408518e+02,4.550,0.450,5.250,4.4572,3.72972,5.150,3.650,2.650,4.2470
1,near,20,1e+13,P2,empty,1.407065e+03,4.450,0.550,5.150,-1.0000,3.87302,10.750,0.450,1.350,-1.0000
1,near,20,1e+13,P2,person,1.266323e+03,4.650,0.750,4.750,3.2194,3.82208,11.750,3.050,5.450,4.3083
1,near,20,1e+13,P2,vehicle,1.402311e+03,4.350,0.850,5.550,4.7093,3.60816,9.450,0.750,3.950,0.0000
1,near,15,1e+10,P1,empty,2.188857e+01,4.350,1.150,5.450,-1.0000,7.76769,10.550,3.450,3.850,-1.0000
1,near,15,1e+10,P1,person,2.602770e+01,4.350,3.250,5.650,4.1896,7.66469,12.250,2.150,2.650,4.2193
1,near,15,1e+10,P1,vehicle,2.247778e+01,4.650,2.950,5.550,4.5638,8.55105,12.950,1.350,2.350,1.6536
1,near,15,1e+10,P2,empty,3.254312e+01,4.350,3.350,5.650,-1.0000,5.70534,12.550,1.150,2.150,-1.0000
1,near,15,1e+10,P2,person,3.616524e+01,4.850,2.850,5.650,3.6631,5.39964,11.050,2.950,2.050,3.4328
1,near,15,1e+10,P2,vehicle,3.282581e+01,5.050,1.150,5.650,4.0540,4.96911,12.050,4.350,5.150,2.6871
1,near,15,1e+11,P1,empty,6.647536e+01,4.350,0.650,5.650,-1.0000,4.75344,13.350,4.550,5.150,-1.0000
1,near,15,1e+11,P1,person,6.262210e+01,4.350,3.050,5.450,4.0236,4.85225,11.650,1.750,1.850,3.8284
1,near,15,1e+11,P1,vehicle,8.302471e+01,4.350,2.150,5.450,4.7021,4.91207,12.050,1.250,4.450,0.5981
1,near,15,1e+11,P2,empty,9.239606e+01,4.850,2.050,5.350,-1.0000,4.01566,12.250,2.850,5.550,-1.0000
1,near,15,1e+11,P2,person,9.137518e+01,4.350,4.150,5.450,4.5133,3.73502,12.550,2.450,2.750,4.5410
1,near,15,1e+11,P2,vehicle,9.055042e+01,4.650,1.750,5.550,4.4166,4.25508,12.450,1.650,5.350,1.2792
1,near,15,1e+12,P1,empty,2.783296e+02,4.450,1.450,5.650,-1.0000,4.16736,12.950,3.950,1.450,-1.0000
1,near,15,1e+12,P1,person,2.073669e+02,4.450,1.550,5.550,3.7547,3.83133,10.450,2.850,4.050,2.6520
1,near,15,1e+12,P1,vehicle,1.916832e+02,4.350,1.650,5.650,4.7315,4.02944,9.550,4.050,4.050,2.2500
1,near,15,1e+12,P2,empty,3.529598e+02,4.550,3.450,5.550,-1.0000,3.86596,9.750,4.650,3.550,-1.0000
1,near,15,1e+12,P2,person,3.051262e+02,4.350,3.850,5.650,4.4466,3.51278,11.350,4.050,3.250,4.0073
1,near,15,1e+12,P2,vehicle,3.318948e+02,4.450,0.450,5.150,4.5417,3.46472,9.450,4.150,2.550,2.4026
1,near,15,1e+13,P1,empty,6.894958e+02,4.350,1.350,5.550,-1.0000,4.02282,9.350,3.350,2.750,-1.0000
1,near,15,1e+13,P1,person,7.178124e+02,4.450,1.450,5.350,3.6544,3.52049,11.950,0.850,4.450,3.9399
1,near,15,1e+13,P1,vehicle,6.708626e+02,4.350,0.350,5.450,4.6890,3.87193,7.350,4.050,3.950,2.7620
1,near,15,1e+13,P2,empty,9.461560e+02,5.150,1.150,5.650,-1.0000,3.72545,5.450,3.350,2.750,-1.0000
1,near,15,1e+13,P2,person,1.136366e+03,4.350,1.250,5.450,3.7904,3.62573,13.050,1.650,2.650,4.9872
1,near,15,1e+13,P2,vehicle,1.134593e+03,4.450,1.350,5.550,4.6116,3.73886,7.950,2.650,4.550,1.3139
1,near,10,1e+10,P1,empty,1.089287e+01,4.650,3.550,5.650,-1.0000,7.64053,11.250,3.850,3.850,-1.0000
1,near,10,1e+10,P1,person,1.154691e+01,4.550,0.950,5.450,3.6174,10.09231,8.250,0.550,2.050,1.2516
1,near,10,1e+10,P1,vehicle,1.150841e+01,4.950,0.950,5.450,4.1018,8.37905,8.350,1.050,4.250,0.6019
1,near,10,1e+10,P2,empty,1.524974e+01,4.750,2.350,5.650,-1.0000,5.53010,8.850,0.950,4.350,-1.0000
1,near,10,1e+10,P2,person,1.950165e+01,4.350,3.050,5.650,4.1198,5.38234,11.450,0.850,3.950,3.3646
1,near,10,1e+10,P2,vehicle,1.741182e+01,4.350,3.650,5.550,5.0596,5.62867,8.950,2.650,5.050,0.9862
1,near,10,1e+11,P1,empty,3.281065e+01,4.350,0.350,5.650,-1.0000,4.73461,9.450,0.650,5.450,-1.0000
1,near,10,1e+11,P1,person,4.351727e+01,4.350,0.750,5.550,3.8404,5.04768,11.050,0.950,3.650,2.9462
1,near,10,1e+11,P1,vehicle,3.591377e+01,4.350,1.850,5.450,4.6893,5.43018,12.250,0.850,5.150,0.9985
1,near,10,1e+11,P2,empty,4.977540e+01,4.550,1.550,5.650,-1.0000,4.00908,12.550,0.550,3.150,-1.0000
1,near,10,1e+11,P2,person,5.628296e+01,4.650,1.050,5.650,3.6411,4.08470,13.250,4.150,5.050,5.8824
1,near,10,1e+11,P2,vehicle,5.431390e+01,4.450,0.950,5.550,4.6116,4.10617,11.250,4.250,4.950,2.4824
1,near,10,1e+12,P1,empty,1.023184e+02,4.850,1.150,5.650,-1.0000,4.07792,12.850,4.050,2.850,-1.0000
1,near,10,1e+12,P1,person,1.277629e+02,4.350,2.350,5.650,3.9462,3.83604,9.850,2.750,3.550,2.0371
1,near,10,1e+12,P1,vehicle,1.048300e+02,4.350,3.050,5.250,4.8197,3.84022,9.850,2.450,1.450,1.7270
1,near,10,1e+12,P2,empty,1.870318e+02,4.750,1.250,5.650,-1.0000,3.82723,5.150,3.150,2.750,-1.0000
1,near,10,1e+12,P2,person,1.374182e+02,4.450,3.550,5.650,4.2334,3.67628,12.850,3.250,3.250,4.9925
1,near,10,1e+12,P2,vehicle,1.462156e+02,4.550,1.650,5.450,4.4929,3.71298,6.950,1.850,4.450,2.0025
1,near,10,1e+13,P1,empty,3.063594e+02,4.650,3.850,5.650,-1.0000,4.42670,9.950,0.650,2.650,-1.0000
1,near,10,1e+13,P1,person,3.496304e+02,4.350,2.050,5.550,3.8563,3.86229,10.250,2.650,1.350,3.0466
1,near,10,1e+13,P1,vehicle,3.709277e+02,4.350,2.750,5.550,4.8041,3.89916,5.450,1.950,5.050,3.5406
1,near,10,1e+13,P2,empty,4.986035e+02,4.550,1.050,5.350,-1.0000,3.52582,13.450,1.150,3.750,-1.0000
1,near,10,1e+13,P2,person,5.020080e+02,4.750,1.250,5.650,3.5590,3.77775,7.050,2.150,4.550,1.2180
1,near,10,1e+13,P2,vehicle,5.281781e+02,4.350,2.450,5.550,4.7539,3.77435,9.750,4.250,2.450,2.5224
1,near,5,1e+10,P1,empty,6.622955e+00,8.950,2.750,3.950,-1.0000,10.29218,8.950,2.750,3.950,-1.0000
1,near,5,1e+10,P1,person,5.599121e+00,8.450,0.750,2.450,0.9112,8.68260,8.450,0.750,2.450,0.9112
1,near,5,1e+10,P1,vehicle,5.016724e+00,4.850,1.250,2.750,4.1128,7.82165,4.850,1.250,2.750,4.1128
1,near,5,1e+10,P2,empty,5.834625e+00,8.850,1.450,4.450,-1.0000,6.42799,8.850,1.450,4.450,-1.0000
1,near,5,1e+10,P2,person,5.786499e+00,11.950,0.850,2.050,4.0415,6.37752,11.950,0.850,2.050,4.0415
1,near,5,1e+10,P2,vehicle,5.922394e+00,6.850,2.250,2.250,2.2935,6.53654,6.850,2.250,2.250,2.2935
1,near,5,1e+11,P1,empty,1.088788e+01,13.450,2.250,5.450,-1.0000,5.36614,13.450,2.250,5.450,-1.0000
1,near,5,1e+11,P1,person,1.080029e+01,11.150,2.250,5.250,3.5105,5.32329,11.150,2.250,5.250,3.5105
1,near,5,1e+11,P1,vehicle,9.749512e+00,12.350,1.150,2.050,1.3441,4.81915,12.350,1.150,2.050,1.3441
1,near,5,1e+11,P2,empty,1.257031e+01,6.750,1.750,3.950,-1.0000,4.39195,6.750,1.750,3.950,-1.0000
1,near,5,1e+11,P2,person,1.253882e+01,8.750,2.650,3.450,1.1486,4.37478,8.750,2.650,3.450,1.1486
1,near,5,1e+11,P2,vehicle,1.198370e+01,12.850,0.550,3.450,1.3981,4.19361,12.850,0.550,3.450,1.3981
1,near,5,1e+12,P1,empty,2.533057e+01,12.850,1.350,4.850,-1.0000,3.98394,12.850,1.350,4.850,-1.0000
1,near,5,1e+12,P1,person,2.375696e+01,4.850,2.550,2.050,3.1831,3.71995,4.850,2.550,2.050,3.1831
1,near,5,1e+12,P1,vehicle,2.581078e+01,4.650,4.150,5.650,5.0238,3.83240,13.150,1.050,4.550,1.6981
1,near,5,1e+12,P2,empty,3.567560e+01,4.650,2.050,2.450,-1.0000,3.93634,4.650,2.050,2.450,-1.0000
1,near,5,1e+12,P2,person,3.815565e+01,4.850,2.550,5.650,3.5802,3.62780,10.750,2.150,4.150,2.7408
1,near,5,1e+12,P2,vehicle,3.714667e+01,5.350,3.150,3.850,3.8465,4.06933,5.350,3.150,3.850,3.8465
1,near,5,1e+13,P1,empty,7.530038e+01,7.150,1.350,3.750,-1.0000,3.71570,7.150,1.350,3.750,-1.0000
1,near,5,1e+13,P1,person,7.639661e+01,7.150,3.950,2.150,2.5736,3.77212,7.150,3.950,2.150,2.5736
1,near,5,1e+13,P1,vehicle,7.978772e+01,5.050,2.550,5.650,4.1228,3.78911,7.850,3.250,3.150,1.8212
1,near,5,1e+13,P2,empty,1.123680e+02,13.150,4.450,1.350,-1.0000,3.91494,13.150,4.450,1.350,-1.0000
1,near,5,1e+13,P2,person,1.026616e+02,13.650,4.550,2.050,6.3578,3.57479,13.650,4.550,2.050,6.3578
1,near,5,1e+13,P2,vehicle,1.071872e+02,4.750,3.750,2.050,4.7390,3.73407,4.750,3.750,2.050,4.7390
2,far,inf,1e+10,P1,empty,8.202090e+01,5.350,3.250,4.950,-1.0000,4.26425,13.050,4.050,5.150,-1.0000
2,far,inf,1e+10,P1,person,8.981081e+01,4.550,1.050,5.050,3.9894,4.34669,9.850,1.850,2.450,1.3893
2,far,inf,1e+10,P1,vehicle,8.117244e+01,4.450,3.450,5.450,4.3260,4.50074,13.050,0.750,1.750,2.6143
2,far,inf,1e+10,P2,empty,1.367919e+02,4.450,3.750,5.450,-1.0000,3.45221,8.950,4.550,3.750,-1.0000
2,far,inf,1e+10,P2,person,1.193149e+02,4.350,0.350,4.650,4.0321,3.58732,7.750,2.050,4.950,1.6386
2,far,inf,1e+10,P2,vehicle,1.327046e+02,5.050,0.350,4.950,3.3382,4.14892,8.750,0.950,2.350,0.8570
2,far,inf,1e+11,P1,empty,3.242793e+02,5.150,0.550,5.050,-1.0000,3.93370,5.150,1.750,5.050,-1.0000
2,far,inf,1e+11,P1,person,3.350990e+02,4.850,0.450,5.350,3.8597,3.93709,12.950,3.650,4.750,4.9197
2,far,inf,1e+11,P1,vehicle,2.748075e+02,4.450,4.550,5.250,4.8267,4.51278,12.950,3.750,5.150,2.8786
2,far,inf,1e+11,P2,empty,3.960659e+02,4.350,0.350,5.150,-1.0000,3.78352,9.050,3.750,1.750,-1.0000
2,far,inf,1e+11,P2,person,4.088232e+02,4.350,4.650,4.950,5.0788,3.82192,12.050,3.150,1.550,4.0233
2,far,inf,1e+11,P2,vehicle,5.100032e+02,4.350,1.150,5.350,4.0804,3.96480,9.950,0.950,2.050,1.1570
2,far,inf,1e+12,P1,empty,8.539025e+02,4.350,0.450,5.150,-1.0000,3.76548,10.950,0.350,5.050,-1.0000
2,far,inf,1e+12,P1,person,1.060172e+03,4.550,4.450,5.150,4.8801,3.43067,13.450,3.250,3.550,5.0587
2,far,inf,1e+12,P1,vehicle,9.795411e+02,4.550,4.550,5.350,4.7582,3.32822,8.150,3.950,4.250,2.1622
2,far,inf,1e+12,P2,empty,1.178105e+03,4.850,4.250,4.950,-1.0000,4.18558,8.550,3.250,5.050,-1.0000
2,far,inf,1e+12,P2,person,1.370395e+03,4.350,3.750,5.550,4.8479,3.66554,8.850,0.650,4.250,0.8667
2,far,inf,1e+12,P2,vehicle,1.098367e+03,4.650,0.850,5.350,3.7844,3.51142,9.850,0.850,5.350,0.6430
2,far,inf,1e+13,P1,empty,4.416350e+03,4.350,4.050,5.550,-1.0000,4.08822,10.050,3.950,3.950,-1.0000
2,far,inf,1e+13,P1,person,3.977588e+03,4.350,3.950,5.650,4.9800,3.88960,13.250,2.950,3.350,4.7797
2,far,inf,1e+13,P1,vehicle,4.614341e+03,4.350,4.550,5.350,4.9206,3.98664,4.550,4.250,5.450,4.6064
2,far,inf,1e+13,P2,empty,4.135721e+03,4.350,0.950,5.050,-1.0000,3.42227,10.250,0.450,4.950,-1.0000
2,far,inf,1e+13,P2,person,5.115277e+03,4.950,0.850,4.850,3.5426,3.97393,4.950,0.850,4.850,3.5426
2,far,inf,1e+13,P2,vehicle,4.306270e+03,4.550,0.350,5.150,3.8549,3.40542,6.150,4.550,3.850,3.5402
2,far,50,1e+10,P1,empty,3.246584e+01,4.350,2.950,5.550,-1.0000,6.75654,13.150,3.950,1.850,-1.0000
2,far,50,1e+10,P1,person,3.509897e+01,4.550,2.150,5.450,4.1940,6.31907,13.250,4.650,5.450,5.8436
2,far,50,1e+10,P1,vehicle,4.673759e+01,4.650,2.750,5.650,3.9623,5.78394,13.050,0.750,1.550,2.7308
2,far,50,1e+10,P2,empty,4.960703e+01,4.450,0.450,5.350,-1.0000,4.50125,13.150,2.950,4.450,-1.0000
2,far,50,1e+10,P2,person,5.410976e+01,4.650,4.450,5.150,4.8061,4.36424,12.050,3.050,2.050,3.8206
2,far,50,1e+10,P2,vehicle,4.665280e+01,5.350,3.850,5.450,3.7325,4.66877,12.850,1.950,2.650,2.0533
2,far,50,1e+11,P1,empty,1.157490e+02,4.450,4.250,5.450,-1.0000,4.64002,13.350,0.650,2.950,-1.0000
2,far,50,1e+11,P1,person,1.261772e+02,4.450,1.350,4.850,4.0046,4.09827,13.350,4.650,1.450,5.8029
2,far,50,1e+11,P1,vehicle,1.426267e+02,4.350,3.850,5.250,4.5534,4.20403,8.750,2.650,4.450,0.8500
2,far,50,1e+11,P2,empty,1.816197e+02,4.350,3.950,5.650,-1.0000,3.96691,11.750,3.950,2.550,-1.0000
2,far,50,1e+11,P2,person,1.654505e+02,4.550,4.150,5.250,4.7554,3.87081,6.850,2.150,4.650,1.8780
2,far,50,1e+11,P2,vehicle,1.653897e+02,4.650,0.550,5.550,3.8235,4.10631,12.650,3.850,2.250,2.8729
2,far,50,1e+12,P1,empty,3.578228e+02,4.350,2.650,5.650,-1.0000,4.02262,12.450,1.950,2.350,-1.0000
2,far,50,1e+12,P1,person,4.317082e+02,4.350,1.450,5.450,4.3453,3.89732,12.850,2.250,4.350,4.3518
2,far,50,1e+12,P1,vehicle,3.265419e+02,4.350,4.550,5.050,4.8904,5.54181,13.250,3.650,1.850,3.2991
2,far,50,1e+12,P2,empty,4.492915e+02,4.650,4.650,5.250,-1.0000,3.85625,4.750,2.950,3.350,-1.0000
2,far,50,1e+12,P2,person,5.546829e+02,4.650,1.650,5.250,3.9867,3.33434,4.650,1.650,5.250,3.9867
2,far,50,1e+12,P2,vehicle,5.132226e+02,4.650,2.250,5.650,3.8730,3.99062,13.450,0.550,2.950,2.5834
2,far,50,1e+13,P1,empty,1.113761e+03,4.550,3.750,5.550,-1.0000,3.68138,6.250,2.350,5.350,-1.0000
2,far,50,1e+13,P1,person,1.062504e+03,4.850,0.350,5.350,3.8597,3.53115,5.050,1.050,1.450,3.5488
2,far,50,1e+13,P1,vehicle,1.145205e+03,4.450,4.150,5.450,4.6384,3.65371,10.850,3.850,3.050,2.0560
2,far,50,1e+13,P2,empty,1.740042e+03,4.650,3.050,5.650,-1.0000,3.74435,6.850,2.850,3.550,-1.0000
2,far,50,1e+13,P2,person,1.464831e+03,4.350,1.050,5.550,4.3932,3.65578,10.950,2.750,5.350,3.1965
2,far,50,1e+13,P2,vehicle,1.454781e+03,4.550,0.550,5.650,3.9438,3.50255,8.750,4.450,2.850,2.6739
2,far,30,1e+10,P1,empty,2.045380e+01,4.950,1.250,5.550,-1.0000,6.98319,12.250,4.350,3.150,-1.0000
2,far,30,1e+10,P1,person,1.971967e+01,4.750,1.450,5.350,3.9465,7.72992,11.750,2.250,2.750,3.1820
2,far,30,1e+10,P1,vehicle,2.052161e+01,4.450,0.950,5.050,3.9443,8.50948,12.150,0.350,3.750,1.2706
2,far,30,1e+10,P2,empty,2.507924e+01,5.250,0.450,5.550,-1.0000,5.27631,12.050,2.850,3.550,-1.0000
2,far,30,1e+10,P2,person,2.844742e+01,4.350,4.550,5.250,5.1214,5.63456,11.750,2.450,4.650,3.4341
2,far,30,1e+10,P2,vehicle,2.670245e+01,4.750,1.150,5.650,3.7499,5.72824,12.150,1.050,2.650,1.3873
2,far,30,1e+11,P1,empty,5.431425e+01,5.250,2.050,5.550,-1.0000,4.02364,11.150,4.050,3.650,-1.0000
2,far,30,1e+11,P1,person,6.476254e+01,4.350,3.950,5.550,4.9358,4.32737,13.350,3.950,5.550,5.6443
2,far,30,1e+11,P1,vehicle,6.309172e+01,4.550,3.350,5.650,4.2374,4.63212,10.550,3.250,5.650,1.7297
2,far,30,1e+11,P2,empty,8.876022e+01,4.750,1.850,5.550,-1.0000,4.21705,10.050,1.550,3.650,-1.0000
2,far,30,1e+11,P2,person,9.547681e+01,4.350,0.650,5.450,4.3453,3.90267,13.650,0.850,4.450,5.1201
2,far,30,1e+11,P2,vehicle,8.534244e+01,4.450,2.250,5.150,3.9798,3.63749,12.650,3.650,5.250,2.6177
2,far,30,1e+12,P1,empty,2.009690e+02,4.450,4.150,5.650,-1.0000,3.66269,9.150,2.750,2.150,-1.0000
2,far,30,1e+12,P1,person,1.975310e+02,4.850,0.750,5.350,3.8597,3.83140,10.350,0.350,1.950,2.0691
2,far,30,1e+12,P1,vehicle,2.008502e+02,4.450,1.450,4.950,3.9369,3.55092,12.050,3.950,4.050,2.4480
2,far,30,1e+12,P2,empty,3.316752e+02,4.450,3.850,5.250,-1.0000,3.91682,8.150,3.750,3.350,-1.0000
2,far,30,1e+12,P2,person,2.928959e+02,4.650,3.850,5.650,4.7062,3.67012,13.550,3.350,4.250,5.2506
2,far,30,1e+12,P2,vehicle,3.075001e+02,4.750,3.150,5.450,3.9430,3.63080,8.150,2.550,5.650,1.2265
2,far,30,1e+13,P1,empty,5.833250e+02,4.550,1.150,5.650,-1.0000,3.48390,6.450,2.350,3.650,-1.0000
2,far,30,1e+13,P1,person,5.696483e+02,4.450,3.350,4.950,4.3654,4.13336,12.050,3.150,3.850,3.7346
2,far,30,1e+13,P1,vehicle,6.857883e+02,4.950,1.450,5.550,3.5315,3.99914,9.950,0.550,3.950,0.0000
2,far,30,1e+13,P2,empty,7.677364e+02,4.350,0.650,5.650,-1.0000,3.45831,6.950,3.550,5.350,-1.0000
2,far,30,1e+13,P2,person,8.605395e+02,4.950,3.650,5.450,4.2942,3.58388,13.650,1.550,4.050,5.0540
2,far,30,1e+13,P2,vehicle,8.295402e+02,4.450,4.050,5.350,4.5734,3.54106,5.550,0.850,4.350,2.8294
2,far,20,1e+10,P1,empty,1.010431e+01,4.750,4.050,5.650,-1.0000,7.19849,11.650,4.450,5.450,-1.0000
2,far,20,1e+10,P1,person,1.188397e+01,4.850,3.750,5.450,4.4156,6.82862,8.550,3.150,1.550,2.1298
2,far,20,1e+10,P1,vehicle,1.141090e+01,4.450,0.350,5.350,3.9816,7.69290,13.050,3.250,3.450,2.6104
2,far,20,1e+10,P2,empty,1.255939e+01,4.650,2.550,5.450,-1.0000,5.47991,11.250,4.350,3.050,-1.0000
2,far,20,1e+10,P2,person,1.303703e+01,5.050,2.650,5.550,3.9142,7.11430,10.250,4.550,5.650,3.9678
2,far,20,1e+10,P2,vehicle,1.261316e+01,5.550,0.350,5.250,2.8810,6.16322,12.050,0.350,1.550,2.0288
2,far,20,1e+11,P1,empty,2.983850e+01,4.350,3.750,5.350,-1.0000,4.39676,11.250,0.650,3.750,-1.0000
2,far,20,1e+11,P1,person,3.164842e+01,4.450,4.650,5.350,5.1409,4.88676,12.050,0.350,5.650,4.0827
2,far,20,1e+11,P1,vehicle,2.864891e+01,4.450,3.550,5.350,4.3493,5.22884,11.750,4.650,2.850,3.0013
2,far,20,1e+11,P2,empty,3.723660e+01,4.350,3.850,5.350,-1.0000,4.05789,13.450,0.950,5.450,-1.0000
2,far,20,1e+11,P2,person,3.773871e+01,4.650,2.550,5.650,4.2718,4.23470,11.150,3.450,5.550,3.7362
2,far,20,1e+11,P2,vehicle,4.846719e+01,4.650,2.050,5.650,3.8549,3.82456,12.050,3.650,3.850,2.1893
2,far,20,1e+12,P1,empty,9.727371e+01,4.750,2.250,5.550,-1.0000,4.44902,5.850,2.550,5.150,-1.0000
2,far,20,1e+12,P1,person,1.059326e+02,4.350,4.450,5.350,5.1036,3.64835,8.350,1.250,5.550,2.1401
2,far,20,1e+12,P1,vehicle,8.149005e+01,4.950,3.950,5.350,4.0984,4.21051,10.150,0.950,1.950,1.2570
2,far,20,1e+12,P2,empty,1.277084e+02,4.350,2.950,5.650,-1.0000,3.50037,5.650,3.250,4.750,-1.0000
2,far,20,1e+12,P2,person,1.262323e+02,4.350,1.450,5.650,4.4427,3.52432,12.950,3.550,5.150,5.0055
2,far,20,1e+12,P2,vehicle,1.307704e+02,4.750,0.350,5.150,3.6563,3.43282,5.450,1.250,4.750,2.9297
2,far,20,1e+13,P1,empty,2.954997e+02,4.850,1.350,5.450,-1.0000,3.42088,5.650,1.850,4.050,-1.0000
2,far,20,1e+13,P1,person,2.741967e+02,4.450,3.550,5.350,4.5988,3.75360,10.550,4.450,3.350,3.3501
2,far,20,1e+13,P1,vehicle,2.955487e+02,4.350,1.250,5.650,4.1383,3.47769,12.450,2.750,2.550,1.9496
2,far,20,1e+13,P2,empty,5.056452e+02,4.550,0.950,5.550,-1.0000,3.74734,6.450,3.350,3.450,-1.0000
2,far,20,1e+13,P2,person,4.908763e+02,4.350,0.850,5.450,4.3453,3.80309,11.850,3.150,4.450,3.6756
2,far,20,1e+13,P2,vehicle,4.379112e+02,4.350,3.650,5.550,4.5132,3.86992,9.550,2.650,4.850,0.8619
2,far,15,1e+10,P1,empty,7.924179e+00,4.850,2.450,5.350,-1.0000,9.48923,6.350,2.950,1.450,-1.0000
2,far,15,1e+10,P1,person,6.361801e+00,4.850,2.550,5.150,3.8579,7.93758,8.450,2.650,5.450,2.2504
2,far,15,1e+10,P1,vehicle,6.387955e+00,4.450,3.150,5.350,4.2043,6.00761,11.850,0.550,2.350,1.2948
2,far,15,1e+10,P2,empty,7.423935e+00,4.750,1.650,5.450,-1.0000,5.84669,9.250,4.150,2.350,-1.0000
2,far,15,1e+10,P2,person,7.397949e+00,5.450,1.950,5.150,3.2526,5.56780,12.250,3.250,5.250,4.3410
2,far,15,1e+10,P2,vehicle,7.805847e+00,4.550,3.250,5.550,4.1806,6.09777,11.050,4.550,3.850,2.7553
2,far,15,1e+11,P1,empty,1.605118e+01,4.650,3.650,5.650,-1.0000,4.96061,5.350,2.550,2.150,-1.0000
2,far,15,1e+11,P1,person,1.495699e+01,5.150,1.750,5.550,3.7153,5.10513,11.750,3.550,1.550,3.9432
2,far,15,1e+11,P1,vehicle,1.946898e+01,4.550,3.850,5.650,4.4448,5.22183,5.250,3.550,4.450,3.5855
2,far,15,1e+11,P2,empty,1.940004e+01,4.350,0.650,5.450,-1.0000,4.19633,7.750,4.150,4.450,-1.0000
2,far,15,1e+11,P2,person,2.337059e+01,4.650,3.950,5.550,4.7064,4.08872,8.350,2.150,4.050,0.7824
2,far,15,1e+11,P2,vehicle,2.882654e+01,4.450,1.450,5.650,4.0410,4.18988,9.850,3.150,2.550,1.5014
2,far,15,1e+12,P1,empty,4.720189e+01,4.650,3.050,5.650,-1.0000,4.11982,10.150,2.850,5.250,-1.0000
2,far,15,1e+12,P1,person,5.675067e+01,4.350,1.050,5.650,4.4427,4.50824,4.850,2.650,2.450,3.5315
2,far,15,1e+12,P1,vehicle,4.607074e+01,4.350,1.150,5.350,4.0804,4.30181,7.150,2.650,2.650,1.5950
2,far,15,1e+12,P2,empty,7.212357e+01,4.750,3.550,5.650,-1.0000,3.95815,11.150,3.250,3.350,-1.0000
2,far,15,1e+12,P2,person,7.695010e+01,4.550,3.550,5.150,4.4357,3.92977,11.650,2.650,5.250,3.6563
2,far,15,1e+12,P2,vehicle,6.556239e+01,4.550,3.950,5.650,4.4918,3.71903,6.950,1.450,2.150,1.7778
2,far,15,1e+13,P1,empty,1.357018e+02,4.350,2.150,5.450,-1.0000,3.60970,6.150,2.050,2.850,-1.0000
2,far,15,1e+13,P1,person,1.355278e+02,5.050,0.550,5.650,3.8544,3.64796,9.750,2.550,1.850,1.8840
2,far,15,1e+13,P1,vehicle,1.295254e+02,5.250,2.750,5.450,3.3537,3.51376,8.350,4.550,1.850,3.0667
2,far,15,1e+13,P2,empty,1.870104e+02,4.550,0.650,5.050,-1.0000,3.41159,12.950,2.650,4.150,-1.0000
2,far,15,1e+13,P2,person,2.759743e+02,4.550,1.250,5.650,4.2712,3.29436,9.150,3.450,2.050,2.1094
2,far,15,1e+13,P2,vehicle,2.121343e+02,4.750,0.650,5.350,3.6859,3.90803,8.550,4.050,3.750,2.2500
2,far,10,1e+10,P1,empty,5.120178e+00,12.850,3.150,5.350,-1.0000,7.97227,12.850,3.150,5.350,-1.0000
2,far,10,1e+10,P1,person,5.746399e+00,12.450,2.050,5.150,4.2062,8.93120,12.450,2.050,5.150,4.2062
2,far,10,1e+10,P1,vehicle,6.575623e+00,9.850,0.450,4.350,0.0000,10.25910,9.850,0.450,4.350,0.0000
2,far,10,1e+10,P2,empty,5.098633e+00,13.050,1.950,4.850,-1.0000,5.62235,13.050,1.950,4.850,-1.0000
2,far,10,1e+10,P2,person,5.781952e+00,5.950,3.150,2.550,2.7237,6.36770,5.950,3.150,2.550,2.7237
2,far,10,1e+10,P2,vehicle,6.537811e+00,4.950,3.450,2.150,3.9497,7.21176,4.950,3.450,2.150,3.9497
2,far,10,1e+11,P1,empty,1.068744e+01,10.150,4.350,2.250,-1.0000,5.28705,10.150,4.350,2.250,-1.0000
2,far,10,1e+11,P1,person,1.022025e+01,10.050,1.750,5.550,2.5651,5.05744,10.050,1.750,5.550,2.5651
2,far,10,1e+11,P1,vehicle,1.024872e+01,13.350,2.450,2.250,2.7281,5.05885,13.350,2.450,2.250,2.7281
2,far,10,1e+11,P2,empty,1.216516e+01,10.850,1.450,2.450,-1.0000,4.27375,10.850,1.450,2.450,-1.0000
2,far,10,1e+11,P2,person,1.131876e+01,6.850,2.150,3.750,1.4508,3.92416,6.850,2.150,3.750,1.4508
2,far,10,1e+11,P2,vehicle,1.336441e+01,8.950,1.950,2.350,0.8700,4.64124,8.950,1.950,2.350,0.8700
2,far,10,1e+12,P1,empty,2.646735e+01,13.050,3.650,2.150,-1.0000,4.14529,13.050,3.650,2.150,-1.0000
2,far,10,1e+12,P1,person,2.559598e+01,9.650,1.250,3.350,1.0133,3.99350,9.650,1.250,3.350,1.0133
2,far,10,1e+12,P1,vehicle,2.809259e+01,13.050,0.650,2.250,2.3722,4.37288,13.050,0.650,2.250,2.3722
2,far,10,1e+12,P2,empty,3.433725e+01,5.250,1.450,1.750,-1.0000,3.79085,5.250,1.450,1.750,-1.0000
2,far,10,1e+12,P2,person,3.231953e+01,6.250,0.850,4.850,2.4134,3.53143,6.250,0.850,4.850,2.4134
2,far,10,1e+12,P2,vehicle,3.236630e+01,4.450,1.050,1.450,4.3043,3.57719,4.450,1.050,1.450,4.3043
2,far,10,1e+13,P1,empty,7.596848e+01,6.050,3.050,5.250,-1.0000,3.67476,6.050,3.050,5.250,-1.0000
2,far,10,1e+13,P1,person,7.650488e+01,11.250,2.750,1.850,3.0854,3.78334,11.250,2.750,1.850,3.0854
2,far,10,1e+13,P1,vehicle,8.346832e+01,13.150,1.350,4.350,2.2706,4.11013,13.150,1.350,4.350,2.2706
2,far,10,1e+13,P2,empty,1.036948e+02,4.650,1.350,3.250,-1.0000,3.56758,4.650,1.350,3.250,-1.0000
2,far,10,1e+13,P2,person,1.093584e+02,4.350,0.850,4.050,3.8897,3.78979,11.850,1.050,3.050,3.2139
2,far,10,1e+13,P2,vehicle,1.065795e+02,10.950,0.650,4.750,0.0827,3.72967,10.950,0.650,4.750,0.0827
2,far,5,1e+10,P1,empty,5.762817e+00,11.250,4.050,2.650,-1.0000,9.03086,11.250,4.050,2.650,-1.0000
2,far,5,1e+10,P1,person,5.486237e+00,8.350,4.250,5.150,3.0871,8.60619,8.350,4.250,5.150,3.0871
2,far,5,1e+10,P1,vehicle,4.697571e+00,12.150,1.550,2.650,1.3873,7.34757,12.150,1.550,2.650,1.3873
2,far,5,1e+10,P2,empty,5.928162e+00,11.950,3.450,3.750,-1.0000,6.55465,11.950,3.450,3.750,-1.0000
2,far,5,1e+10,P2,person,5.289734e+00,7.150,2.850,2.650,1.6152,5.82968,7.150,2.850,2.650,1.6152
2,far,5,1e+10,P2,vehicle,5.951141e+00,5.450,0.550,3.650,2.9294,6.58262,5.450,0.550,3.650,2.9294
2,far,5,1e+11,P1,empty,1.025977e+01,10.150,1.150,3.850,-1.0000,5.07656,10.150,1.150,3.850,-1.0000
2,far,5,1e+11,P1,person,1.003693e+01,12.050,3.450,4.250,3.9267,4.95452,9.750,1.950,4.850,1.8373
2,far,5,1e+11,P1,vehicle,9.499512e+00,12.550,3.950,5.650,2.8814,4.69041,12.550,3.950,5.650,2.8814
2,far,5,1e+11,P2,empty,1.258636e+01,4.550,4.350,1.350,-1.0000,4.36759,4.550,4.350,1.350,-1.0000
2,far,5,1e+11,P2,person,1.180576e+01,5.250,3.450,3.050,3.4191,4.12760,5.250,3.450,3.050,3.4191
2,far,5,1e+11,P2,vehicle,1.172937e+01,10.650,3.450,5.650,1.9005,4.10417,10.650,3.450,5.650,1.9005
2,far,5,1e+12,P1,empty,2.565564e+01,10.050,4.250,1.550,-1.0000,3.98793,10.050,4.250,1.550,-1.0000
2,far,5,1e+12,P1,person,2.574973e+01,7.550,4.250,2.550,2.6873,3.99759,7.550,4.250,2.550,2.6873
2,far,5,1e+12,P1,vehicle,2.719647e+01,8.550,2.150,5.050,0.4900,4.26616,8.550,2.150,5.050,0.4900
2,far,5,1e+12,P2,empty,3.128397e+01,8.450,2.850,5.650,-1.0000,3.45967,8.450,2.850,5.650,-1.0000
2,far,5,1e+12,P2,person,3.405731e+01,9.150,4.650,1.450,3.4237,3.75954,9.150,4.650,1.450,3.4237
2,far,5,1e+12,P2,vehicle,3.369360e+01,13.050,2.850,2.650,2.4747,3.73444,13.050,2.850,2.650,2.4747
2,far,5,1e+13,P1,empty,7.571899e+01,10.450,2.750,1.550,-1.0000,3.75173,10.450,2.750,1.550,-1.0000
2,far,5,1e+13,P1,person,7.413385e+01,9.250,2.950,3.950,1.4934,3.65409,9.250,2.950,3.950,1.4934
2,far,5,1e+13,P1,vehicle,8.132684e+01,6.250,3.850,3.850,2.9558,4.00130,6.250,3.850,3.850,2.9558
2,far,5,1e+13,P2,empty,1.008904e+02,12.050,1.950,1.950,-1.0000,3.53270,8.850,3.550,3.950,-1.0000
2,far,5,1e+13,P2,person,1.117643e+02,5.050,1.850,5.250,3.6396,3.90304,5.050,1.850,5.250,3.6396
2,far,5,1e+13,P2,vehicle,9.813391e+01,12.150,2.250,2.950,1.3722,3.42849,12.150,2.250,2.950,1.3722
2,near,inf,1e+10,P1,empty,8.502530e+01,5.050,4.350,5.450,-1.0000,4.31879,12.550,1.950,1.450,-1.0000
2,near,inf,1e+10,P1,person,9.711189e+01,4.350,4.550,5.350,5.1581,4.27055,9.550,1.650,1.850,1.5562
2,near,inf,1e+10,P1,vehicle,9.471988e+01,4.950,0.850,5.350,3.4891,4.08076,13.650,2.750,1.550,3.3652
2,near,inf,1e+10,P2,empty,1.321868e+02,4.850,0.450,4.450,-1.0000,3.63545,9.950,3.350,1.950,-1.0000
2,near,inf,1e+10,P2,person,1.266097e+02,4.450,3.450,5.450,4.6029,3.82884,4.750,2.450,3.650,3.5257
2,near,inf,1e+10,P2,vehicle,1.313590e+02,4.950,0.450,1.850,3.6881,4.19449,4.950,0.450,1.850,3.6881
2,near,inf,1e+11,P1,empty,2.835457e+02,4.650,0.350,5.350,-1.0000,3.59685,8.950,0.950,3.150,-1.0000
2,near,inf,1e+11,P1,person,2.691171e+02,4.850,1.550,5.150,3.7631,3.61237,13.150,3.350,3.550,4.8075
2,near,inf,1e+11,P1,vehicle,2.744781e+02,5.050,4.350,5.050,4.2077,3.65026,9.150,4.350,1.650,2.9878
2,near,inf,1e+11,P2,empty,4.314387e+02,4.950,1.850,5.550,-1.0000,3.53120,9.250,4.150,4.950,-1.0000
2,near,inf,1e+11,P2,person,4.174089e+02,5.250,0.350,5.150,3.4135,3.72101,6.750,1.150,4.350,1.7169
2,near,inf,1e+11,P2,vehicle,4.676099e+02,4.650,4.650,5.050,4.7062,3.69853,11.350,1.150,3.750,0.4706
2,near,inf,1e+12,P1,empty,9.244933e+02,4.350,2.150,4.950,-1.0000,3.37244,4.350,2.150,4.950,-1.0000
2,near,inf,1e+12,P1,person,8.140940e+02,4.650,1.050,5.550,4.1337,3.56377,11.850,1.950,3.350,3.2230
2,near,inf,1e+12,P1,vehicle,9.301403e+02,4.450,0.950,5.150,3.9543,3.87621,10.850,4.050,4.150,2.2500
2,near,inf,1e+12,P2,empty,1.290222e+03,4.350,3.750,5.650,-1.0000,3.70874,9.050,1.650,3.550,-1.0000
2,near,inf,1e+12,P2,person,1.189103e+03,4.450,0.650,4.750,3.9697,3.59210,13.550,1.550,1.650,5.1257
2,near,inf,1e+12,P2,vehicle,1.418495e+03,4.350,4.550,5.250,4.9085,3.50166,7.750,1.550,1.550,1.7725
2,near,inf,1e+13,P1,empty,4.296011e+03,4.750,1.050,5.650,-1.0000,4.13580,6.550,3.750,4.550,-1.0000
2,near,inf,1e+13,P1,person,3.940460e+03,4.550,0.650,5.250,4.0757,3.62926,4.550,0.650,5.250,4.0757
2,near,inf,1e+13,P1,vehicle,3.662390e+03,4.650,0.850,5.450,3.8027,3.50040,4.650,1.050,5.550,3.8235
2,near,inf,1e+13,P2,empty,4.032516e+03,4.550,0.650,4.850,-1.0000,4.40317,8.950,3.350,2.850,-1.0000
2,near,inf,1e+13,P2,person,4.849546e+03,4.550,4.050,5.650,4.8750,3.40420,4.550,4.050,5.650,4.8750
2,near,inf,1e+13,P2,vehicle,3.880781e+03,5.150,1.650,1.350,3.7252,3.56926,5.150,1.650,1.350,3.7252
2,near,50,1e+10,P1,empty,5.524043e+01,4.650,4.150,4.950,-1.0000,4.63321,11.950,3.050,2.250,-1.0000
2,near,50,1e+10,P1,person,5.943628e+01,4.350,3.650,5.650,4.8518,4.94925,13.450,3.950,3.350,5.3133
2,near,50,1e+10,P1,vehicle,6.574690e+01,4.550,0.650,5.350,3.8830,5.33702,13.150,1.350,4.850,2.2751
2,near,50,1e+10,P2,empty,8.973219e+01,4.450,1.350,5.650,-1.0000,3.78458,11.650,2.250,2.150,-1.0000
2,near,50,1e+10,P2,person,7.545007e+01,4.350,1.150,5.250,4.2551,4.45356,8.550,2.050,1.550,1.5987
2,near,50,1e+10,P2,vehicle,7.291830e+01,4.550,0.550,5.350,3.8830,4.04345,13.650,0.350,1.750,3.1304
2,near,50,1e+11,P1,empty,1.808971e+02,4.750,2.950,5.350,-1.0000,4.35380,5.450,1.950,3.450,-1.0000
2,near,50,1e+11,P1,person,1.688353e+02,5.050,3.650,5.550,4.2686,4.11769,13.550,4.150,4.650,5.6286
2,near,50,1e+11,P1,vehicle,2.145871e+02,4.350,2.250,5.650,4.1627,3.95137,12.650,3.450,1.950,2.7272
2,near,50,1e+11,P2,empty,2.787178e+02,4.550,3.650,5.650,-1.0000,3.59110,4.850,3.050,3.550,-1.0000
2,near,50,1e+11,P2,person,2.537922e+02,4.350,4.450,4.950,4.9653,3.64108,4.550,3.450,1.950,4.1992
2,near,50,1e+11,P2,vehicle,3.057238e+02,4.350,0.850,5.650,4.1383,3.72221,9.650,1.150,1.850,1.3570
2,near,50,1e+12,P1,empty,5.957512e+02,4.350,3.150,5.350,-1.0000,3.83082,11.250,2.350,2.350,-1.0000
2,near,50,1e+12,P1,person,5.653351e+02,4.350,3.950,5.250,4.8133,3.62309,5.450,2.950,5.050,3.4266
2,near,50,1e+12,P1,vehicle,5.551210e+02,4.450,2.050,5.350,3.9895,3.67751,9.650,3.050,1.450,2.1563
2,near,50,1e+12,P2,empty,9.129606e+02,4.450,3.850,5.650,-1.0000,3.66251,7.650,3.550,3.150,-1.0000
2,near,50,1e+12,P2,person,9.788792e+02,4.550,3.950,5.450,4.7381,3.65228,7.050,1.850,1.950,1.6309
2,near,50,1e+12,P2,vehicle,8.518311e+02,4.850,3.950,5.650,4.2389,3.48631,10.750,1.450,4.350,0.0000
2,near,50,1e+13,P1,empty,1.862879e+03,4.350,3.950,5.650,-1.0000,3.60582,6.150,1.950,3.750,-1.0000
2,near,50,1e+13,P1,person,1.934484e+03,4.350,4.150,5.450,4.9884,3.36517,8.350,0.750,2.350,0.7599
2,near,50,1e+13,P1,vehicle,2.189934e+03,4.450,4.150,5.450,4.6384,3.95915,5.050,0.750,3.250,3.3294
2,near,50,1e+13,P2,empty,2.863424e+03,4.450,2.950,5.650,-1.0000,3.90851,9.850,0.350,5.550,-1.0000
2,near,50,1e+13,P2,person,2.623582e+03,4.450,0.950,5.450,4.2573,3.85307,7.450,1.050,5.650,2.3581
2,near,50,1e+13,P2,vehicle,2.401376e+03,4.950,1.650,5.250,3.4721,4.24887,5.050,3.250,3.450,3.6314
2,near,30,1e+10,P1,empty,4.881274e+01,4.550,2.150,5.650,-1.0000,6.87903,13.550,0.350,4.350,-1.0000
2,near,30,1e+10,P1,person,4.965941e+01,4.550,3.750,5.350,4.6034,6.32792,13.450,1.550,3.550,4.8154
2,near,30,1e+10,P1,vehicle,5.326634e+01,4.950,4.650,5.350,4.5052,6.71095,11.050,3.950,2.950,2.1720
2,near,30,1e+10,P2,empty,6.571935e+01,4.350,1.550,5.350,-1.0000,5.22420,12.350,2.050,4.850,-1.0000
2,near,30,1e+10,P2,person,5.455096e+01,4.350,3.650,5.050,4.6057,4.58799,13.350,0.550,2.950,4.7161
2,near,30,1e+10,P2,vehicle,6.256644e+01,5.050,4.350,5.450,4.2590,5.22882,12.250,1.250,4.750,1.3713
2,near,30,1e+11,P1,empty,1.401091e+02,4.350,3.950,5.350,-1.0000,4.72333,11.950,2.050,3.350,-1.0000
2,near,30,1e+11,P1,person,1.445243e+02,4.950,4.350,5.650,4.7451,4.30974,9.650,2.050,2.650,1.1666
2,near,30,1e+11,P1,vehicle,1.274022e+02,4.750,1.850,5.450,3.7050,4.88785,12.350,3.850,1.750,2.9134
2,near,30,1e+11,P2,empty,2.035777e+02,4.450,3.850,5.550,-1.0000,3.77126,11.950,0.850,3.250,-1.0000
2,near,30,1e+11,P2,person,1.870948e+02,4.450,0.350,5.250,4.1651,4.52966,7.750,1.350,1.350,1.8133
2,near,30,1e+11,P2,vehicle,1.807035e+02,4.650,2.350,5.650,3.8859,4.09661,12.850,2.250,4.650,2.0213
2,near,30,1e+12,P1,empty,4.163133e+02,4.650,3.750,5.650,-1.0000,3.57132,11.450,3.250,3.250,-1.0000
2,near,30,1e+12,P1,person,4.499515e+02,4.850,1.250,5.650,4.0189,4.07173,12.250,4.650,2.050,4.7835
2,near,30,1e+12,P1,vehicle,4.551461e+02,4.950,1.350,5.650,3.5567,4.08205,13.250,3.150,4.650,2.7281
2,near,30,1e+12,P2,empty,5.462575e+02,4.950,2.150,5.250,-1.0000,3.38395,9.150,2.750,2.450,-1.0000
2,near,30,1e+12,P2,person,6.690453e+02,4.350,2.550,5.550,4.4746,3.58671,11.150,2.950,2.250,2.9358
2,near,30,1e+12,P2,vehicle,6.233250e+02,4.950,0.950,5.350,3.4891,3.81230,13.050,0.950,1.550,2.7308
2,near,30,1e+13,P1,empty,1.272000e+03,4.450,1.450,5.250,-1.0000,3.89263,5.550,1.850,3.350,-1.0000
2,near,30,1e+13,P1,person,1.345793e+03,4.350,2.150,5.350,4.3228,3.80616,12.050,3.750,3.150,3.9816
2,near,30,1e+13,P1,vehicle,1.320925e+03,4.450,0.950,5.350,3.9816,3.88590,10.250,3.750,3.750,1.9500
2,near,30,1e+13,P2,empty,2.126126e+03,4.450,0.950,5.650,-1.0000,3.48816,7.950,4.450,2.850,-1.0000
2,near,30,1e+13,P2,person,2.369698e+03,4.450,2.450,5.650,4.4207,3.60408,11.450,0.750,5.450,3.4752
2,near,30,1e+13,P2,vehicle,1.952883e+03,4.450,4.250,5.150,4.6518,3.99432,5.750,4.450,1.750,4.0074
2,near,20,1e+10,P1,empty,3.509505e+01,4.350,0.650,5.550,-1.0000,7.48302,13.650,4.050,1.550,-1.0000
2,near,20,1e+10,P1,person,3.070676e+01,4.350,0.750,5.550,4.3932,5.68231,12.950,0.550,4.750,4.5167
2,near,20,1e+10,P1,vehicle,3.547701e+01,4.350,1.450,5.650,4.1383,8.64716,11.050,0.450,2.150,1.0707
2,near,20,1e+10,P2,empty,4.077528e+01,4.350,3.750,5.250,-1.0000,5.17462,9.950,3.250,1.550,-1.0000
2,near,20,1e+10,P2,person,3.895939e+01,4.450,1.050,5.650,4.3567,5.46582,11.550,3.750,5.650,4.2081
2,near,20,1e+10,P2,vehicle,4.806583e+01,4.650,3.950,5.650,4.4068,4.81034,12.150,1.850,1.950,1.7880
2,near,20,1e+11,P1,empty,1.011116e+02,4.350,2.650,5.650,-1.0000,4.53055,10.650,2.950,2.850,-1.0000
2,near,20,1e+11,P1,person,1.118623e+02,4.450,2.350,5.650,4.4049,4.74021,11.050,3.450,2.850,2.9924
2,near,20,1e+11,P1,vehicle,1.093037e+02,4.450,0.950,5.650,4.0410,5.43079,10.650,1.550,1.650,1.5570
2,near,20,1e+11,P2,empty,1.428164e+02,4.450,0.950,5.550,-1.0000,3.72811,12.950,4.350,3.850,-1.0000
2,near,20,1e+11,P2,person,1.444387e+02,4.350,2.050,5.250,4.2695,3.98181,13.450,4.250,4.150,5.4971
2,near,20,1e+11,P2,vehicle,1.281595e+02,4.950,4.650,5.450,4.5205,3.66874,10.050,0.750,5.550,0.8430
2,near,20,1e+12,P1,empty,3.403172e+02,4.550,1.250,5.250,-1.0000,4.06405,11.450,0.750,3.650,-1.0000
2,near,20,1e+12,P1,person,3.503452e+02,4.350,1.450,5.650,4.4427,3.76228,12.650,2.250,2.450,4.1043
2,near,20,1e+12,P1,vehicle,3.679755e+02,4.850,0.850,5.450,3.6067,3.91064,5.050,0.650,3.650,3.3294
2,near,20,1e+12,P2,empty,5.015031e+02,4.350,1.750,5.550,-1.0000,3.52216,10.150,3.550,4.550,-1.0000
2,near,20,1e+12,P2,person,5.179133e+02,4.750,1.250,5.650,4.1023,3.58314,12.050,0.550,3.450,3.4136
2,near,20,1e+12,P2,vehicle,4.950553e+02,4.350,2.850,5.450,4.2297,3.43070,11.350,1.350,3.950,0.4706
2,near,20,1e+13,P1,empty,1.046890e+03,4.650,0.850,5.450,-1.0000,3.52957,9.350,4.350,1.550,-1.0000
2,near,20,1e+13,P1,person,1.042255e+03,4.450,3.550,5.350,4.5988,3.48091,9.650,2.550,1.950,1.7592
2,near,20,1e+13,P1,vehicle,9.436302e+02,4.750,2.750,5.550,3.8452,3.98265,4.750,3.150,2.450,3.9456
2,near,20,1e+13,P2,empty,1.355613e+03,4.450,1.850,5.650,-1.0000,3.60463,6.850,3.750,1.950,-1.0000
2,near,20,1e+13,P2,person,1.426953e+03,4.350,1.950,5.650,4.4498,3.55076,13.450,0.450,5.450,5.2278
2,near,20,1e+13,P2,vehicle,1.807438e+03,4.350,0.650,5.250,4.0658,3.57348,12.050,3.250,4.350,1.8636
2,near,15,1e+10,P1,empty,2.363213e+01,4.450,0.950,5.550,-1.0000,6.97480,10.350,4.350,2.350,-1.0000
2,near,15,1e+10,P1,person,2.075883e+01,4.950,2.550,5.550,3.9722,7.95553,11.850,1.450,4.350,3.3480
2,near,15,1e+10,P1,vehicle,2.246065e+01,4.550,2.750,5.450,4.0148,7.03459,10.050,0.750,3.750,0.0000
2,near,15,1e+10,P2,empty,2.917253e+01,4.350,3.750,5.550,-1.0000,5.73339,10.450,3.250,4.250,-1.0000
2,near,15,1e+10,P2,person,3.443089e+01,4.650,1.450,5.650,4.1864,5.15080,10.850,0.750,2.550,2.2831
2,near,15,1e+10,P2,vehicle,3.209081e+01,4.650,1.650,5.450,3.8027,5.76897,11.450,4.650,4.650,2.9066
2,near,15,1e+11,P1,empty,7.819919e+01,4.550,0.950,5.450,-1.0000,4.66623,10.350,2.150,5.450,-1.0000
2,near,15,1e+11,P1,person,6.660052e+01,5.250,1.750,5.550,3.6341,4.45068,13.250,1.250,4.750,4.8040
2,near,15,1e+11,P1,vehicle,7.416141e+01,4.550,3.850,5.250,4.3774,4.80878,12.250,2.750,2.150,1.9744
2,near,15,1e+11,P2,empty,1.133892e+02,4.850,1.550,5.350,-1.0000,3.63279,4.450,4.450,1.850,-1.0000
2,near,15,1e+11,P2,person,8.836746e+01,4.450,1.150,5.450,4.2573,4.48825,13.250,2.450,2.150,4.7715
2,near,15,1e+11,P2,vehicle,1.037181e+02,4.450,1.750,5.350,3.9816,4.20892,12.950,3.850,5.650,3.0625
2,near,15,1e+12,P1,empty,2.154109e+02,4.950,1.850,5.250,-1.0000,3.91221,9.950,3.950,3.450,-1.0000
2,near,15,1e+12,P1,person,2.024101e+02,4.750,4.650,5.650,5.0528,3.98502,10.350,0.550,2.350,1.8743
2,near,15,1e+12,P1,vehicle,2.295108e+02,4.450,2.450,5.550,4.0710,4.21650,13.450,0.550,5.650,2.7381
2,near,15,1e+12,P2,empty,3.556172e+02,4.450,1.450,5.550,-1.0000,3.62647,5.350,4.150,1.350,-1.0000
2,near,15,1e+12,P2,person,3.522806e+02,4.550,1.950,5.450,4.1773,3.80882,6.850,0.750,1.950,1.7698
2,near,15,1e+12,P2,vehicle,3.229200e+02,4.450,2.950,5.250,4.1301,3.99143,5.450,0.850,3.650,2.9294
2,near,15,1e+13,P1,empty,7.944153e+02,4.450,1.250,5.650,-1.0000,3.62331,12.250,1.750,2.450,-1.0000
2,near,15,1e+13,P1,person,6.168494e+02,4.850,1.050,5.550,3.9640,4.13261,12.150,3.650,2.350,4.0894
2,near,15,1e+13,P1,vehicle,6.653374e+02,4.350,2.950,5.550,4.2742,3.77934,12.250,4.450,4.250,2.9835
2,near,15,1e+13,P2,empty,9.645174e+02,4.750,2.750,5.050,-1.0000,3.50403,4.750,2.750,5.050,-1.0000
2,near,15,1e+13,P2,person,1.052597e+03,4.350,2.550,5.550,4.4746,4.13384,11.650,2.850,2.950,3.2293
2,near,15,1e+13,P2,vehicle,1.071478e+03,4.350,0.750,5.350,4.0804,4.45170,12.350,1.050,5.050,1.5101
2,near,10,1e+10,P1,empty,1.304675e+01,4.350,1.350,5.550,-1.0000,8.63263,5.950,3.950,1.350,-1.0000
2,near,10,1e+10,P1,person,1.424141e+01,4.550,3.650,5.550,4.6484,9.27285,9.650,3.050,4.850,2.2188
2,near,10,1e+10,P1,vehicle,1.330925e+01,4.750,3.450,5.650,4.0968,7.72331,13.250,3.550,2.950,2.9578
2,near,10,1e+10,P2,empty,1.778474e+01,4.650,1.550,5.650,-1.0000,5.59345,5.750,4.250,2.150,-1.0000
2,near,10,1e+10,P2,person,1.681308e+01,4.550,1.450,5.550,4.2196,6.51476,11.150,4.250,5.250,4.0256
2,near,10,1e+10,P2,vehicle,1.669730e+01,4.350,1.050,5.650,4.1383,5.35461,8.750,4.450,4.850,2.6539
2,near,10,1e+11,P1,empty,3.737020e+01,4.550,1.350,5.550,-1.0000,5.08135,9.650,0.650,4.750,-1.0000
2,near,10,1e+11,P1,person,3.056335e+01,4.350,3.450,5.650,4.7750,4.37932,5.250,4.150,1.450,4.1692
2,near,10,1e+11,P1,vehicle,4.804091e+01,4.350,2.550,5.650,4.2057,4.66836,10.050,2.250,2.650,0.7161
2,near,10,1e+11,P2,empty,5.262457e+01,4.450,1.250,5.650,-1.0000,4.12893,11.150,4.250,1.550,-1.0000
2,near,10,1e+11,P2,person,5.505703e+01,4.350,0.650,5.650,4.4427,4.18277,10.850,3.250,1.650,3.0713
2,near,10,1e+11,P2,vehicle,5.380205e+01,4.850,0.950,5.550,3.6287,4.03819,12.550,1.250,3.650,1.6706
2,near,10,1e+12,P1,empty,1.071414e+02,4.550,1.050,5.550,-1.0000,4.36974,11.250,2.750,3.950,-1.0000
2,near,10,1e+12,P1,person,1.811436e+02,4.450,1.350,5.650,4.3567,4.14724,4.550,2.050,1.550,3.9726
2,near,10,1e+12,P1,vehicle,1.120033e+02,4.750,2.750,5.650,3.8684,3.99734,6.150,2.250,3.150,2.2751
2,near,10,1e+12,P2,empty,1.471329e+02,4.650,1.750,5.650,-1.0000,3.47765,9.250,3.550,5.050,-1.0000
2,near,10,1e+12,P2,person,2.029246e+02,4.350,2.450,5.650,4.5056,3.90729,6.050,1.050,1.550,2.6455
2,near,10,1e+12,P2,vehicle,1.459467e+02,4.450,1.850,5.550,4.0191,4.20235,10.950,1.750,2.150,1.0594
2,near,10,1e+13,P1,empty,3.307866e+02,4.650,3.050,5.550,-1.0000,3.90036,11.050,3.750,1.350,-1.0000
2,near,10,1e+13,P1,person,3.004080e+02,4.450,1.350,5.650,4.3567,3.44016,11.350,2.250,1.550,3.1778
2,near,10,1e+13,P1,vehicle,3.391278e+02,4.350,0.850,5.550,4.1166,3.83748,9.750,2.850,5.450,1.2863
2,near,10,1e+13,P2,empty,5.687786e+02,4.650,2.250,5.550,-1.0000,3.52318,10.250,0.450,1.750,-1.0000
2,near,10,1e+13,P2,person,5.911238e+02,4.350,0.650,5.650,4.4427,3.65257,12.750,2.450,2.950,4.1842
2,near,10,1e+13,P2,vehicle,5.125293e+02,4.450,2.650,5.650,4.1294,3.62830,12.950,4.050,3.550,3.0578
2,near,5,1e+10,P1,empty,5.172180e+00,11.250,3.050,4.550,-1.0000,8.12689,11.250,3.050,4.550,-1.0000
2,near,5,1e+10,P1,person,5.730652e+00,7.650,0.650,5.250,1.9167,8.90503,7.650,0.650,5.250,1.9167
2,near,5,1e+10,P1,vehicle,5.369110e+00,9.350,0.650,3.350,0.0000,8.36680,9.350,0.650,3.350,0.0000
2,near,5,1e+10,P2,empty,5.642517e+00,13.350,0.850,1.550,-1.0000,6.24578,13.350,0.850,1.550,-1.0000
2,near,5,1e+10,P2,person,5.476288e+00,5.050,0.650,3.650,3.1458,6.02257,5.050,0.650,3.650,3.1458
2,near,5,1e+10,P2,vehicle,5.436768e+00,9.050,0.650,2.150,1.0570,5.99535,9.050,0.650,2.150,1.0570
2,near,5,1e+11,P1,empty,9.934326e+00,7.650,0.950,4.950,-1.0000,4.91111,7.650,0.950,4.950,-1.0000
2,near,5,1e+11,P1,person,1.052168e+01,4.750,2.650,5.650,4.2108,4.80895,6.250,0.350,4.150,2.0732
2,near,5,1e+11,P1,vehicle,9.911072e+00,10.950,2.250,3.850,0.4555,4.89626,10.950,2.250,3.850,0.4555
2,near,5,1e+11,P2,empty,1.117947e+01,7.750,1.450,4.250,-1.0000,3.88999,7.750,1.450,4.250,-1.0000
2,near,5,1e+11,P2,person,1.305334e+01,10.650,4.050,4.650,3.3337,4.58487,10.650,4.050,4.650,3.3337
2,near,5,1e+11,P2,vehicle,1.097174e+01,13.450,2.350,2.450,2.7356,3.83566,13.450,2.350,2.450,2.7356
2,near,5,1e+12,P1,empty,2.715579e+01,9.550,1.750,4.450,-1.0000,4.23891,9.550,1.750,4.450,-1.0000
2,near,5,1e+12,P1,person,2.490161e+01,7.150,3.450,1.450,2.6254,3.88224,7.150,3.450,1.450,2.6254
2,near,5,1e+12,P1,vehicle,2.738492e+01,9.550,0.550,3.450,0.0000,4.26639,9.550,0.550,3.450,0.0000
2,near,5,1e+12,P2,empty,3.427222e+01,7.650,2.250,1.350,-1.0000,3.78831,7.650,2.250,1.350,-1.0000
2,near,5,1e+12,P2,person,3.206674e+01,4.350,3.250,5.150,4.4889,3.42790,12.850,3.550,3.150,4.6016
2,near,5,1e+12,P2,vehicle,3.487448e+01,5.150,4.050,3.750,3.9359,3.83297,5.150,4.050,3.750,3.9359
2,near,5,1e+13,P1,empty,8.088721e+01,9.350,1.350,2.450,-1.0000,4.01898,9.350,1.350,2.450,-1.0000
2,near,5,1e+13,P1,person,7.376407e+01,8.950,4.250,4.850,2.9452,3.66145,8.950,4.250,4.850,2.9452
2,near,5,1e+13,P1,vehicle,7.896940e+01,4.350,1.350,5.550,4.1166,3.55455,12.850,4.050,3.450,2.9910
2,near,5,1e+13,P2,empty,1.144913e+02,10.150,1.550,3.850,-1.0000,3.99532,10.150,1.550,3.850,-1.0000
2,near,5,1e+13,P2,person,1.054984e+02,5.150,3.450,5.450,4.0553,3.64721,7.250,1.750,3.350,0.9380
2,near,5,1e+13,P2,vehicle,1.106657e+02,10.050,1.150,5.250,0.5430,3.89833,10.050,1.150,5.250,0.5430
3,far,inf,1e+10,P1,empty,8.323761e+01,4.650,4.250,4.950,-1.0000,3.98458,13.250,0.650,2.850,-1.0000
3,far,inf,1e+10,P1,person,9.516641e+01,4.550,4.150,4.950,4.4025,4.59529,13.050,4.550,2.750,5.5960
3,far,inf,1e+10,P1,vehicle,8.791287e+01,5.050,4.250,5.050,4.6424,4.44954,13.450,0.350,3.150,1.9868
3,far,inf,1e+10,P2,empty,1.290364e+02,4.450,0.350,5.150,-1.0000,3.86637,11.850,1.050,1.650,-1.0000
3,far,inf,1e+10,P2,person,1.354197e+02,5.050,0.450,5.050,3.2774,3.79788,4.750,2.650,2.850,3.1848
3,far,inf,1e+10,P2,vehicle,1.437673e+02,4.350,4.250,5.550,5.3156,3.62768,12.750,1.850,1.350,2.1440
3,far,inf,1e+11,P1,empty,2.588994e+02,5.150,4.450,5.150,-1.0000,3.87318,7.750,2.150,5.150,-1.0000
3,far,inf,1e+11,P1,person,2.535716e+02,4.350,0.950,5.550,4.1371,3.59477,11.550,2.250,3.550,3.3707
3,far,inf,1e+11,P1,vehicle,4.046674e+02,4.750,4.550,5.350,5.0923,4.28473,11.650,2.750,2.550,1.0962
3,far,inf,1e+11,P2,empty,4.716897e+02,4.450,1.050,5.550,-1.0000,3.83911,10.250,0.450,3.950,-1.0000
3,far,inf,1e+11,P2,person,4.377163e+02,4.450,4.550,4.650,4.6075,3.76854,8.050,3.950,1.850,2.5040
3,far,inf,1e+11,P2,vehicle,4.178933e+02,4.350,0.950,4.950,4.6293,3.33592,8.150,4.150,3.350,2.4867
3,far,inf,1e+12,P1,empty,9.550914e+02,4.450,0.950,4.850,-1.0000,4.12368,8.550,2.050,1.350,-1.0000
3,far,inf,1e+12,P1,person,9.339847e+02,4.750,0.750,5.450,3.7517,3.47838,13.250,3.150,4.850,5.4575
3,far,inf,1e+12,P1,vehicle,1.007514e+03,5.250,4.450,5.350,4.6290,3.66484,6.850,2.350,1.950,2.4514
3,far,inf,1e+12,P2,empty,1.288502e+03,4.650,3.550,5.350,-1.0000,3.46943,6.150,2.950,1.550,-1.0000
3,far,inf,1e+12,P2,person,1.390442e+03,4.950,3.450,5.050,3.7897,3.65980,7.550,0.350,1.950,1.0269
3,far,inf,1e+12,P2,vehicle,1.333599e+03,4.350,4.650,5.350,5.4792,4.02219,4.650,1.750,3.850,4.3132
3,far,inf,1e+13,P1,empty,3.417607e+03,4.750,4.350,4.850,-1.0000,4.06186,13.050,4.550,2.050,-1.0000
3,far,inf,1e+13,P1,person,3.014823e+03,5.350,0.750,5.250,3.1542,3.37457,10.650,0.450,1.550,2.7882
3,far,inf,1e+13,P1,vehicle,3.683461e+03,4.450,4.650,5.350,5.3953,3.60295,13.350,2.350,1.650,2.4212
3,far,inf,1e+13,P2,empty,4.003643e+03,4.750,4.250,5.050,-1.0000,3.55484,11.050,3.250,4.050,-1.0000
3,far,inf,1e+13,P2,person,3.950304e+03,4.650,0.650,5.050,3.6183,3.49508,4.450,0.350,3.350,3.3397
3,far,inf,1e+13,P2,vehicle,3.776228e+03,4.450,4.450,5.150,5.2664,3.61800,8.450,1.150,4.050,0.5132
3,far,50,1e+10,P1,empty,4.561258e+01,4.550,4.150,5.650,-1.0000,6.20925,13.650,2.550,5.150,-1.0000
3,far,50,1e+10,P1,person,3.511771e+01,4.550,0.550,4.950,3.6578,6.50010,13.050,3.550,3.250,5.1552
3,far,50,1e+10,P1,vehicle,3.607523e+01,4.450,1.750,5.150,4.5511,6.27592,12.450,0.450,5.550,1.3949
3,far,50,1e+10,P2,empty,5.477480e+01,4.950,3.950,5.450,-1.0000,5.30937,13.650,4.450,2.250,-1.0000
3,far,50,1e+10,P2,person,5.615921e+01,4.550,1.450,5.550,3.9725,4.54680,12.450,0.450,1.750,4.3791
3,far,50,1e+10,P2,vehicle,4.753720e+01,4.450,4.250,5.350,5.1951,4.69698,13.350,1.550,2.850,1.8989
3,far,50,1e+11,P1,empty,1.155450e+02,4.750,3.850,4.850,-1.0000,3.89034,11.450,1.150,2.850,-1.0000
3,far,50,1e+11,P1,person,1.459004e+02,4.950,0.950,5.250,3.4727,3.95388,10.250,4.150,2.950,3.1702
3,far,50,1e+11,P1,vehicle,1.407883e+02,5.050,3.450,5.550,4.3598,4.80824,13.250,3.050,5.450,2.3537
3,far,50,1e+11,P2,empty,1.596837e+02,5.150,4.450,5.350,-1.0000,3.48111,10.850,3.150,4.150,-1.0000
3,far,50,1e+11,P2,person,1.665918e+02,4.450,2.750,5.650,4.2439,3.77672,13.050,0.650,2.250,4.8623
3,far,50,1e+11,P2,vehicle,1.820244e+02,4.450,1.550,5.350,4.5811,3.88030,11.250,0.750,1.950,1.1141
3,far,50,1e+12,P1,empty,3.786847e+02,4.850,3.850,5.550,-1.0000,3.50568,5.550,3.050,5.150,-1.0000
3,far,50,1e+12,P1,person,3.564741e+02,5.050,0.750,4.950,3.2235,3.98555,5.550,1.850,2.650,2.2630
3,far,50,1e+12,P1,vehicle,3.814163e+02,4.550,2.850,5.550,4.6423,4.05925,13.050,1.450,2.650,1.6400
3,far,50,1e+12,P2,empty,4.687812e+02,4.550,2.450,5.250,-1.0000,3.45904,8.050,3.650,4.550,-1.0000
3,far,50,1e+12,P2,person,4.981414e+02,4.350,0.650,5.650,4.1936,3.71404,12.150,1.050,3.750,3.9438
3,far,50,1e+12,P2,vehicle,4.827924e+02,4.450,4.250,5.650,5.2489,3.53278,5.150,0.950,1.550,4.1028
3,far,50,1e+13,P1,empty,1.181480e+03,4.650,0.750,5.250,-1.0000,3.42584,10.250,3.750,2.350,-1.0000
3,far,50,1e+13,P1,person,1.206730e+03,5.150,4.650,5.550,4.5779,3.44724,8.950,0.550,4.550,1.4831
3,far,50,1e+13,P1,vehicle,1.229337e+03,4.650,4.250,5.150,4.9949,3.47736,13.050,0.350,2.650,1.6400
3,far,50,1e+13,P2,empty,1.693363e+03,4.450,2.250,4.450,-1.0000,3.96345,7.350,0.950,2.550,-1.0000
3,far,50,1e+13,P2,person,1.665259e+03,4.650,0.850,5.350,3.7766,3.53375,11.950,3.750,4.350,4.3809
3,far,50,1e+13,P2,vehicle,1.548499e+03,4.750,0.850,5.050,4.2411,3.63510,9.950,3.250,3.750,1.4500
3,far,30,1e+10,P1,empty,2.114510e+01,4.550,0.550,4.950,-1.0000,7.24032,11.050,3.350,1.450,-1.0000
3,far,30,1e+10,P1,person,2.519574e+01,4.550,4.250,5.650,4.7701,6.72895,11.850,1.250,4.850,3.9508
3,far,30,1e+10,P1,vehicle,2.674910e+01,4.450,0.450,5.250,4.5650,6.45235,12.150,1.050,4.350,0.6868
3,far,30,1e+10,P2,empty,3.034565e+01,4.550,2.450,5.650,-1.0000,4.50261,11.750,4.450,2.250,-1.0000
3,far,30,1e+10,P2,person,2.818803e+01,4.450,4.150,5.450,4.6894,6.34076,13.650,4.250,1.950,6.0653
3,far,30,1e+10,P2,vehicle,3.046172e+01,4.550,1.950,5.450,4.5037,4.62213,12.050,0.950,4.150,0.5868
3,far,30,1e+11,P1,empty,6.046124e+01,4.950,2.050,5.050,-1.0000,4.14204,5.650,4.450,3.350,-1.0000
3,far,30,1e+11,P1,person,6.991165e+01,4.450,4.450,5.450,4.8529,4.41102,13.550,3.450,2.550,5.6069
3,far,30,1e+11,P1,vehicle,6.843217e+01,4.550,1.550,5.350,4.4826,4.69128,11.650,4.550,2.650,2.7873
3,far,30,1e+11,P2,empty,9.956248e+01,4.650,1.750,5.550,-1.0000,4.21457,13.050,1.150,4.550,-1.0000
3,far,30,1e+11,P2,person,8.474117e+01,4.450,1.150,5.450,3.9985,4.32290,12.750,2.250,3.550,4.5552
3,far,30,1e+11,P2,vehicle,9.216827e+01,4.950,2.050,5.650,4.1650,3.48684,11.650,1.050,2.750,0.3655
3,far,30,1e+12,P1,empty,2.162361e+02,4.550,0.950,5.650,-1.0000,3.78806,10.950,3.350,2.950,-1.0000
3,far,30,1e+12,P1,person,1.954101e+02,4.350,3.550,5.550,4.5319,4.14924,11.250,4.650,5.650,4.8517
3,far,30,1e+12,P1,vehicle,1.846503e+02,4.550,3.750,5.550,4.9245,4.24779,12.150,3.950,1.850,2.5629
3,far,30,1e+12,P2,empty,2.889072e+02,4.350,2.050,5.450,-1.0000,3.30968,10.150,0.450,3.550,-1.0000
3,far,30,1e+12,P2,person,2.605318e+02,4.550,2.850,5.650,4.1921,3.54670,6.450,1.250,5.650,2.7488
3,far,30,1e+12,P2,vehicle,2.867029e+02,4.850,1.750,5.650,4.2541,3.66600,8.650,4.150,3.550,2.3708
3,far,30,1e+13,P1,empty,5.391637e+02,4.450,2.250,5.550,-1.0000,3.57569,9.950,2.250,4.750,-1.0000
3,far,30,1e+13,P1,person,6.945999e+02,4.450,1.350,5.650,4.1120,3.48544,10.250,2.950,4.350,2.6120
3,far,30,1e+13,P1,vehicle,6.100231e+02,4.550,3.150,5.350,4.6815,3.74437,5.850,0.950,3.150,3.1132
3,far,30,1e+13,P2,empty,8.762480e+02,4.550,0.350,5.550,-1.0000,3.70890,9.350,4.350,4.050,-1.0000
3,far,30,1e+13,P2,person,7.935477e+02,4.650,3.650,5.150,4.1551,3.53204,10.750,1.950,4.250,2.7155
3,far,30,1e+13,P2,vehicle,7.045186e+02,5.250,0.650,5.650,3.8687,3.32733,6.450,3.150,2.050,3.0277
3,far,20,1e+10,P1,empty,1.207268e+01,4.650,1.350,5.650,-1.0000,10.56819,13.450,2.750,1.550,-1.0000
3,far,20,1e+10,P1,person,1.238646e+01,4.750,3.950,5.650,4.4786,10.16655,12.650,1.950,2.050,4.5094
3,far,20,1e+10,P1,vehicle,1.194910e+01,4.450,1.650,5.650,4.6420,5.98488,11.850,2.650,2.250,1.2389
3,far,20,1e+10,P2,empty,1.450821e+01,4.850,4.150,5.350,-1.0000,5.44546,10.950,0.650,4.850,-1.0000
3,far,20,1e+10,P2,person,1.285793e+01,4.550,1.050,5.350,3.8601,5.91711,10.050,4.650,3.450,3.4678
3,far,20,1e+10,P2,vehicle,1.301016e+01,4.450,3.450,5.450,4.8863,5.93645,11.350,0.550,2.250,0.8141
3,far,20,1e+11,P1,empty,3.264429e+01,4.750,1.250,5.550,-1.0000,5.14380,10.250,3.250,3.050,-1.0000
3,far,20,1e+11,P1,person,3.156354e+01,4.750,1.950,5.650,3.8805,4.82343,13.250,1.650,5.450,5.4739
3,far,20,1e+11,P1,vehicle,3.789906e+01,4.650,3.350,5.650,4.7101,4.99804,13.050,4.450,3.250,3.0888
3,far,20,1e+11,P2,empty,3.996516e+01,4.450,2.250,5.450,-1.0000,3.90216,11.850,1.250,1.450,-1.0000
3,far,20,1e+11,P2,person,4.400089e+01,4.350,3.850,5.550,4.6625,4.58361,12.550,2.650,5.650,5.0259
3,far,20,1e+11,P2,vehicle,5.018768e+01,4.550,2.550,5.550,4.5837,3.79918,7.550,2.350,2.950,1.5207
3,far,20,1e+12,P1,empty,9.472105e+01,4.550,1.450,5.450,-1.0000,3.89409,11.950,2.050,4.850,-1.0000
3,far,20,1e+12,P1,person,9.379082e+01,4.750,3.650,5.450,4.2282,3.72525,6.250,1.450,1.650,2.0133
3,far,20,1e+12,P1,vehicle,9.975031e+01,4.350,0.850,5.450,4.6975,4.31917,10.750,1.350,5.450,0.8859
3,far,20,1e+12,P2,empty,1.258369e+02,4.850,2.350,5.550,-1.0000,3.62116,9.850,2.250,3.250,-1.0000
3,far,20,1e+12,P2,person,1.226494e+02,4.550,4.550,5.650,4.9369,3.32534,12.150,3.250,1.650,4.4036
3,far,20,1e+12,P2,vehicle,1.419439e+02,4.950,0.950,5.550,4.1325,3.55350,11.250,1.550,1.450,1.6141
3,far,20,1e+13,P1,empty,2.592964e+02,5.250,1.350,5.150,-1.0000,3.49685,10.350,1.550,2.450,-1.0000
3,far,20,1e+13,P1,person,3.866406e+02,4.550,0.650,5.350,3.8601,4.11611,8.850,2.150,4.050,1.1039
3,far,20,1e+13,P1,vehicle,2.885206e+02,4.750,3.550,5.550,4.6675,4.06253,11.650,1.750,2.550,0.5470
3,far,20,1e+13,P2,empty,4.287456e+02,4.650,1.050,5.650,-1.0000,3.34755,12.250,3.550,5.150,-1.0000
3,far,20,1e+13,P2,person,4.284031e+02,4.450,2.450,5.450,4.0682,3.38565,5.350,3.050,4.550,3.0757
3,far,20,1e+13,P2,vehicle,3.989270e+02,4.550,2.950,5.650,4.6881,3.54677,4.550,1.250,3.150,4.4132
3,far,15,1e+10,P1,empty,7.190430e+00,4.350,2.350,5.450,-1.0000,9.33391,13.250,2.450,4.650,-1.0000
3,far,15,1e+10,P1,person,6.308197e+00,5.350,0.850,5.350,3.2186,8.33657,13.450,1.450,1.450,5.4231
3,far,15,1e+10,P1,vehicle,6.725067e+00,4.550,0.850,5.650,4.5448,8.56878,10.950,1.450,2.350,0.7141
3,far,15,1e+10,P2,empty,8.658676e+00,4.450,4.350,5.150,-1.0000,5.91075,8.150,3.550,2.950,-1.0000
3,far,15,1e+10,P2,person,6.434776e+00,4.450,3.450,5.650,4.4689,6.10670,12.450,1.250,2.850,4.2130
3,far,15,1e+10,P2,vehicle,7.608765e+00,4.750,3.450,5.350,4.5925,5.92675,13.450,0.650,4.750,1.9955
3,far,15,1e+11,P1,empty,1.526337e+01,4.550,2.450,5.550,-1.0000,6.16918,6.350,4.550,2.450,-1.0000
3,far,15,1e+11,P1,person,1.492261e+01,4.350,1.750,4.950,3.8363,5.20013,10.950,1.050,2.650,2.7283
3,far,15,1e+11,P1,vehicle,1.866083e+01,4.350,3.750,5.650,5.1248,4.71330,10.150,1.950,3.650,0.1500
3,far,15,1e+11,P2,empty,1.958141e+01,4.550,4.050,5.150,-1.0000,4.48838,11.250,1.350,2.350,-1.0000
3,far,15,1e+11,P2,person,1.945920e+01,4.350,1.150,5.550,4.1371,4.18271,7.450,2.950,4.950,2.1379
3,far,15,1e+11,P2,vehicle,2.735951e+01,4.550,1.450,5.650,4.5448,3.60967,7.250,0.850,5.050,1.7808
3,far,15,1e+12,P1,empty,4.885187e+01,4.450,2.950,5.350,-1.0000,3.89754,5.550,0.950,4.450,-1.0000
3,far,15,1e+12,P1,person,5.629300e+01,4.850,0.850,5.550,3.7320,4.02698,7.350,3.050,2.150,1.6287
3,far,15,1e+12,P1,vehicle,5.330434e+01,4.950,1.250,5.250,4.0714,4.15661,11.950,3.850,4.550,2.1070
3,far,15,1e+12,P2,empty,6.325374e+01,4.450,3.950,5.650,-1.0000,4.03921,4.750,2.550,1.450,-1.0000
3,far,15,1e+12,P2,person,6.442641e+01,4.450,1.050,5.650,4.1120,3.85200,6.950,1.950,4.850,1.8244
3,far,15,1e+12,P2,vehicle,6.988330e+01,4.550,0.950,5.450,4.5012,4.47385,8.550,2.050,3.150,0.4829
3,far,15,1e+13,P1,empty,1.577926e+02,4.750,2.050,5.650,-1.0000,3.47598,7.450,2.550,4.050,-1.0000
3,far,15,1e+13,P1,person,1.495265e+02,4.350,3.750,5.450,4.5682,3.75076,10.050,4.450,2.550,3.3173
3,far,15,1e+13,P1,vehicle,1.640024e+02,4.350,2.450,5.550,4.7619,3.77095,5.350,3.050,1.750,4.0428
3,far,15,1e+13,P2,empty,1.829951e+02,4.650,1.050,5.250,-1.0000,3.95612,10.450,0.750,5.350,-1.0000
3,far,15,1e+13,P2,person,2.252730e+02,4.350,0.950,5.550,4.1371,3.56184,7.350,0.950,2.950,0.4382
3,far,15,1e+13,P2,vehicle,1.908089e+02,5.450,0.850,5.650,3.6772,3.92901,7.350,3.650,4.850,2.4712
3,far,10,1e+10,P1,empty,4.972183e+00,4.550,3.250,5.650,-1.0000,7.61915,6.050,4.350,5.150,-1.0000
3,far,10,1e+10,P1,person,5.442078e+00,11.050,4.050,4.350,3.8264,8.48966,11.050,4.050,4.350,3.8264
3,far,10,1e+10,P1,vehicle,5.815552e+00,11.250,3.750,3.650,1.9500,9.09228,11.250,3.750,3.650,1.9500
3,far,10,1e+10,P2,empty,5.347473e+00,5.050,3.650,2.250,-1.0000,5.90540,5.050,3.650,2.250,-1.0000
3,far,10,1e+10,P2,person,5.699493e+00,9.450,1.550,3.450,1.2284,6.30811,9.450,1.550,3.450,1.2284
3,far,10,1e+10,P2,vehicle,5.005188e+00,8.350,2.850,2.350,1.4101,5.51942,7.350,4.650,3.650,3.2749
3,far,10,1e+11,P1,empty,1.184143e+01,10.450,1.750,3.150,-1.0000,5.85712,10.450,1.750,3.150,-1.0000
3,far,10,1e+11,P1,person,1.142505e+01,8.250,1.950,1.750,1.2248,5.60864,8.250,1.950,1.750,1.2248
3,far,10,1e+11,P1,vehicle,1.052673e+01,11.150,1.350,4.450,0.0000,5.23208,11.150,1.350,4.450,0.0000
3,far,10,1e+11,P2,empty,1.149991e+01,7.450,3.650,1.750,-1.0000,4.02532,7.450,3.650,1.750,-1.0000
3,far,10,1e+11,P2,person,1.194543e+01,12.050,4.150,5.150,4.9139,4.18083,12.050,4.150,5.150,4.9139
3,far,10,1e+11,P2,vehicle,1.339886e+01,12.650,3.750,4.350,2.2828,4.68730,12.650,3.750,4.350,2.2828
3,far,10,1e+12,P1,empty,2.469263e+01,12.450,3.350,2.050,-1.0000,3.87122,12.450,3.350,2.050,-1.0000
3,far,10,1e+12,P1,person,2.366446e+01,6.850,2.750,2.850,1.4115,3.69119,6.850,2.750,2.850,1.4115
3,far,10,1e+12,P1,vehicle,2.771053e+01,5.150,0.750,5.050,3.8440,4.12666,5.150,0.750,5.050,3.8440
3,far,10,1e+12,P2,empty,3.123907e+01,9.750,1.550,2.050,-1.0000,3.43525,9.750,1.550,2.050,-1.0000
3,far,10,1e+12,P2,person,3.363342e+01,11.350,3.150,5.050,3.8768,3.73839,11.350,3.150,5.050,3.8768
3,far,10,1e+12,P2,vehicle,3.447961e+01,10.850,2.750,5.150,1.1161,3.79002,10.850,2.750,5.150,1.1161
3,far,10,1e+13,P1,empty,7.586377e+01,10.350,2.150,5.250,-1.0000,3.75207,10.350,2.150,5.250,-1.0000
3,far,10,1e+13,P1,person,7.863245e+01,10.350,1.650,4.050,2.2587,3.87765,10.350,1.650,4.050,2.2587
3,far,10,1e+13,P1,vehicle,7.071138e+01,4.950,3.350,5.350,4.3733,3.42566,10.450,3.550,2.850,1.7630
3,far,10,1e+13,P2,empty,1.041079e+02,10.150,1.050,3.850,-1.0000,3.61530,10.150,1.050,3.850,-1.0000
3,far,10,1e+13,P2,person,9.968549e+01,8.750,0.450,5.450,2.2598,3.47746,8.750,0.450,5.450,2.2598
3,far,10,1e+13,P2,vehicle,1.069865e+02,8.450,2.950,2.350,1.4477,3.72357,8.450,2.950,2.350,1.4477
3,far,5,1e+10,P1,empty,6.053589e+00,11.450,1.250,3.550,-1.0000,9.43524,11.450,1.250,3.550,-1.0000
3,far,5,1e+10,P1,person,5.673706e+00,12.050,1.050,2.250,3.8754,8.85726,12.050,1.050,2.250,3.8754
3,far,5,1e+10,P1,vehicle,5.455902e+00,6.950,3.650,1.450,3.1750,8.49742,6.950,3.650,1.450,3.1750
3,far,5,1e+10,P2,empty,4.889648e+00,11.150,1.750,4.450,-1.0000,5.39714,11.150,1.750,4.450,-1.0000
3,far,5,1e+10,P2,person,5.444092e+00,10.450,4.350,4.350,3.6231,6.00632,10.450,4.350,4.350,3.6231
3,far,5,1e+10,P2,vehicle,5.843384e+00,12.350,1.150,3.050,0.8869,6.45035,12.350,1.150,3.050,0.8869
3,far,5,1e+11,P1,empty,1.073849e+01,9.650,1.250,5.350,-1.0000,5.32690,9.650,1.250,5.350,-1.0000
3,far,5,1e+11,P1,person,1.182846e+01,8.050,2.750,4.750,1.8319,5.83549,8.050,2.750,4.750,1.8319
3,far,5,1e+11,P1,vehicle,1.011664e+01,11.750,2.350,2.650,0.7458,4.98639,11.750,2.350,2.650,0.7458
3,far,5,1e+11,P2,empty,1.067175e+01,10.650,1.450,3.450,-1.0000,3.74107,10.650,1.450,3.450,-1.0000
3,far,5,1e+11,P2,person,1.216632e+01,11.350,0.350,2.550,3.1373,4.26514,11.350,0.350,2.550,3.1373
3,far,5,1e+11,P2,vehicle,1.126337e+01,7.650,2.250,4.950,1.4408,3.93345,7.650,2.250,4.950,1.4408
3,far,5,1e+12,P1,empty,2.911594e+01,5.750,2.850,3.750,-1.0000,4.55844,5.750,2.850,3.750,-1.0000
3,far,5,1e+12,P1,person,2.618622e+01,8.750,3.150,4.750,2.1489,4.05462,8.750,3.150,4.750,2.1489
3,far,5,1e+12,P1,vehicle,2.556830e+01,8.950,4.450,1.550,3.0521,3.97673,8.950,4.450,1.550,3.0521
3,far,5,1e+12,P2,empty,3.224268e+01,11.250,0.450,2.950,-1.0000,3.58633,11.250,0.450,2.950,-1.0000
3,far,5,1e+12,P2,person,3.465549e+01,8.650,0.550,2.250,0.8112,3.83591,8.650,0.550,2.250,0.8112
3,far,5,1e+12,P2,vehicle,3.128748e+01,6.950,4.550,4.950,3.4299,3.44908,6.950,4.550,4.950,3.4299
3,far,5,1e+13,P1,empty,7.831311e+01,12.350,3.250,5.650,-1.0000,3.85138,12.350,3.250,5.650,-1.0000
3,far,5,1e+13,P1,person,7.851477e+01,13.450,2.150,1.350,5.4701,3.86481,13.450,2.150,1.350,5.4701
3,far,5,1e+13,P1,vehicle,7.804272e+01,10.850,0.950,3.650,0.0000,3.84610,10.850,0.950,3.650,0.0000
3,far,5,1e+13,P2,empty,1.047089e+02,8.450,3.350,1.350,-1.0000,3.67103,8.450,3.350,1.350,-1.0000
3,far,5,1e+13,P2,person,1.028041e+02,4.650,2.450,2.650,3.2404,3.59722,4.650,2.450,2.650,3.2404
3,far,5,1e+13,P2,vehicle,1.070067e+02,4.550,3.950,4.050,4.9090,3.73323,4.550,3.950,4.050,4.9090
3,near,inf,1e+10,P1,empty,9.767854e+01,4.450,4.350,5.150,-1.0000,4.02386,10.750,3.350,5.650,-1.0000
3,near,inf,1e+10,P1,person,8.553526e+01,5.850,3.450,5.250,3.2899,3.91434,13.650,2.550,1.550,5.6540
3,near,inf,1e+10,P1,vehicle,8.810739e+01,5.550,0.450,1.450,3.7756,4.00398,13.350,1.850,3.950,1.8875
3,near,inf,1e+10,P2,empty,1.478496e+02,4.450,4.650,5.350,-1.0000,3.64834,4.850,1.650,2.450,-1.0000
3,near,inf,1e+10,P2,person,1.146789e+02,4.750,3.450,4.650,3.7757,4.05212,13.550,3.550,2.950,5.6248
3,near,inf,1e+10,P2,vehicle,1.260303e+02,4.350,0.550,4.950,4.6293,3.91722,13.250,2.350,4.850,1.8913
3,near,inf,1e+11,P1,empty,2.921158e+02,4.450,1.250,4.550,-1.0000,3.54048,5.550,2.250,2.850,-1.0000
3,near,inf,1e+11,P1,person,3.095358e+02,4.350,0.550,5.450,4.0824,3.53807,6.950,1.850,5.650,2.5476
3,near,inf,1e+11,P1,vehicle,2.851474e+02,4.450,4.650,5.150,5.3698,4.02960,11.350,0.350,3.750,0.0000
3,near,inf,1e+11,P2,empty,3.922879e+02,4.550,0.350,5.350,-1.0000,3.40999,12.050,2.850,1.550,-1.0000
3,near,inf,1e+11,P2,person,4.168953e+02,4.350,2.850,5.150,4.0936,3.96973,7.050,1.350,2.050,1.1632
3,near,inf,1e+11,P2,vehicle,3.504232e+02,4.750,3.550,5.450,4.6474,3.69944,12.850,1.050,3.750,1.3868
3,near,inf,1e+12,P1,empty,8.780240e+02,4.450,4.150,5.250,-1.0000,3.61366,6.350,2.350,4.650,-1.0000
3,near,inf,1e+12,P1,person,1.078781e+03,4.350,1.350,5.250,3.9781,3.70948,11.250,4.050,1.850,3.9751
3,near,inf,1e+12,P1,vehicle,9.198281e+02,4.950,4.150,5.450,4.7342,3.86083,9.150,2.250,4.250,0.4500
3,near,inf,1e+12,P2,empty,1.395658e+03,4.850,2.250,5.050,-1.0000,3.85246,9.350,4.550,2.750,-1.0000
3,near,inf,1e+12,P2,person,1.089009e+03,5.150,1.150,5.250,3.3112,3.55967,10.950,0.550,4.150,2.8576
3,near,inf,1e+12,P2,vehicle,1.619330e+03,5.150,1.250,5.150,3.8579,4.11750,5.150,1.250,5.150,3.8579
3,near,inf,1e+13,P1,empty,3.702499e+03,4.750,3.950,5.650,-1.0000,3.73735,4.750,3.950,5.650,-1.0000
3,near,inf,1e+13,P1,person,3.756312e+03,4.650,4.050,5.550,4.5459,3.79319,4.650,4.050,5.550,4.5459
3,near,inf,1e+13,P1,vehicle,3.860361e+03,4.650,4.150,5.450,4.9911,3.71440,4.650,4.150,5.450,4.9911
3,near,inf,1e+13,P2,empty,3.834390e+03,4.550,0.950,4.550,-1.0000,3.48991,6.350,4.150,5.050,-1.0000
3,near,inf,1e+13,P2,person,3.622234e+03,4.550,3.750,5.550,4.4703,3.65630,6.650,3.250,5.650,3.0762
3,near,inf,1e+13,P2,vehicle,3.865052e+03,5.150,0.650,5.150,3.8579,3.79069,13.650,2.250,3.650,2.2326
3,near,50,1e+10,P1,empty,6.168034e+01,4.350,2.250,5.650,-1.0000,5.97675,13.650,0.850,1.750,-1.0000
3,near,50,1e+10,P1,person,7.719825e+01,4.350,1.750,5.650,4.1939,5.11904,11.850,3.050,4.850,4.1751
3,near,50,1e+10,P1,vehicle,6.149812e+01,4.550,2.050,5.650,4.5517,5.67030,12.750,4.650,3.450,3.1270
3,near,50,1e+10,P2,empty,7.444011e+01,5.050,0.450,5.350,-1.0000,4.23814,13.650,0.750,2.450,-1.0000
3,near,50,1e+10,P2,person,8.667154e+01,4.350,2.550,5.250,4.0679,4.85417,13.350,2.250,3.150,5.1413
3,near,50,1e+10,P2,vehicle,8.338145e+01,4.350,0.750,5.550,4.7174,3.88194,11.850,3.950,1.850,2.4992
3,near,50,1e+11,P1,empty,2.132573e+02,4.350,0.850,4.950,-1.0000,4.09250,13.250,3.850,2.550,-1.0000
3,near,50,1e+11,P1,person,1.857255e+02,4.550,0.650,5.050,3.7054,4.10036,12.350,0.450,1.850,4.2561
3,near,50,1e+11,P1,vehicle,1.824123e+02,4.750,4.350,5.350,4.9871,4.04268,5.450,1.350,2.950,3.5150
3,near,50,1e+11,P2,empty,2.969013e+02,4.450,3.950,5.650,-1.0000,3.58114,5.650,4.550,5.350,-1.0000
3,near,50,1e+11,P2,person,2.363356e+02,4.650,2.650,5.450,3.9491,3.72278,6.950,2.350,2.750,1.0792
3,near,50,1e+11,P2,vehicle,2.492044e+02,4.350,4.550,5.350,5.4279,3.86235,10.150,2.850,4.850,1.0882
3,near,50,1e+12,P1,empty,6.326530e+02,4.550,0.350,5.050,-1.0000,4.29491,12.150,1.450,4.350,-1.0000
3,near,50,1e+12,P1,person,5.930504e+02,4.450,2.950,5.350,4.1377,3.72923,12.550,3.250,3.550,4.5918
3,near,50,1e+12,P1,vehicle,6.387045e+02,4.450,3.150,5.250,4.7604,3.97733,13.050,1.850,2.050,1.8839
3,near,50,1e+12,P2,empty,9.457036e+02,4.550,4.650,5.350,-1.0000,3.70760,12.950,0.750,4.850,-1.0000
3,near,50,1e+12,P2,person,7.528934e+02,4.450,1.350,5.550,4.0544,3.90040,6.250,3.950,3.150,2.7255
3,near,50,1e+12,P2,vehicle,8.382350e+02,4.850,0.850,5.050,4.1418,3.51590,12.750,3.250,1.450,2.5226
3,near,50,1e+13,P1,empty,2.108860e+03,4.450,0.650,4.750,-1.0000,3.91408,13.150,3.250,3.750,-1.0000
3,near,50,1e+13,P1,person,1.582828e+03,4.350,3.350,5.650,4.5065,3.51470,5.950,2.650,4.350,2.3439
3,near,50,1e+13,P1,vehicle,1.950302e+03,4.650,4.550,5.350,5.1753,3.52881,13.150,2.850,3.450,1.9869
3,near,50,1e+13,P2,empty,3.116009e+03,4.350,3.850,5.150,-1.0000,3.38607,4.350,3.850,5.150,-1.0000
3,near,50,1e+13,P2,person,2.430653e+03,5.150,0.750,5.450,3.4358,3.66296,11.250,2.150,3.250,3.0453
3,near,50,1e+13,P2,vehicle,2.510273e+03,4.550,3.750,5.350,4.8884,3.68838,6.950,0.650,2.350,2.1361
3,near,30,1e+10,P1,empty,7.036208e+01,4.450,0.850,5.450,-1.0000,5.38682,13.550,3.850,2.950,-1.0000
3,near,30,1e+10,P1,person,4.834923e+01,4.650,2.350,5.550,3.9453,6.72773,12.850,1.050,2.950,4.6118
3,near,30,1e+10,P1,vehicle,5.468692e+01,4.650,3.950,5.650,4.9402,5.37298,11.850,2.150,3.450,0.5217
3,near,30,1e+10,P2,empty,5.496323e+01,4.450,3.150,5.050,-1.0000,5.14408,12.850,0.550,2.850,-1.0000
3,near,30,1e+10,P2,person,6.399387e+01,4.350,1.250,5.550,4.1371,5.17185,12.550,3.150,4.450,4.7050
3,near,30,1e+10,P2,vehicle,5.453920e+01,4.850,3.250,5.550,4.4713,4.26192,12.250,2.150,1.950,1.4081
3,near,30,1e+11,P1,empty,1.483860e+02,4.450,1.550,5.550,-1.0000,4.98895,13.250,2.950,4.950,-1.0000
3,near,30,1e+11,P1,person,1.492050e+02,4.950,1.050,5.550,3.6538,4.13540,13.150,4.050,4.850,5.6756
3,near,30,1e+11,P1,vehicle,1.566124e+02,4.350,4.450,5.450,5.3934,4.79429,12.950,4.350,5.350,3.0546
3,near,30,1e+11,P2,empty,2.049212e+02,4.350,0.850,5.650,-1.0000,4.09809,6.850,1.650,4.050,-1.0000
3,near,30,1e+11,P2,person,1.951521e+02,4.350,2.250,5.350,4.0667,3.51840,4.950,0.650,3.050,2.8382
3,near,30,1e+11,P2,vehicle,1.837015e+02,4.950,3.150,5.450,4.3258,3.66344,11.950,2.050,1.750,1.4235
3,near,30,1e+12,P1,empty,4.402798e+02,4.350,3.550,5.050,-1.0000,3.61623,9.650,2.550,4.250,-1.0000
3,near,30,1e+12,P1,person,4.092434e+02,4.650,3.050,5.250,3.9592,4.63394,11.150,0.750,2.550,2.9390
3,near,30,1e+12,P1,vehicle,4.168611e+02,4.550,4.450,5.650,5.2610,3.48404,8.750,4.250,1.950,2.6998
3,near,30,1e+12,P2,empty,6.730551e+02,4.650,3.850,5.050,-1.0000,3.55329,13.150,2.650,3.350,-1.0000
3,near,30,1e+12,P2,person,6.410956e+02,4.350,1.250,5.450,4.0824,4.27941,8.550,3.650,5.150,2.7411
3,near,30,1e+12,P2,vehicle,6.303733e+02,4.650,1.250,5.050,4.3405,3.64651,9.150,1.050,5.050,0.4859
3,near,30,1e+13,P1,empty,1.775088e+03,4.450,3.850,5.550,-1.0000,3.98262,10.550,0.750,2.850,-1.0000
3,near,30,1e+13,P1,person,1.339865e+03,4.350,0.850,5.450,4.0824,3.99992,9.550,3.650,5.350,3.1524
3,near,30,1e+13,P1,vehicle,1.558963e+03,4.350,2.250,5.350,4.7012,3.42795,8.150,0.350,3.350,0.8132
3,near,30,1e+13,P2,empty,1.912389e+03,5.150,3.550,5.350,-1.0000,3.42310,5.450,3.950,3.950,-1.0000
3,near,30,1e+13,P2,person,1.925219e+03,4.550,4.250,5.350,4.6263,3.84435,4.550,2.950,1.450,3.7809
3,near,30,1e+13,P2,vehicle,2.021912e+03,4.350,4.450,5.450,5.3934,3.67175,6.550,4.550,5.450,3.7644
3,near,20,1e+10,P1,empty,3.157112e+01,4.450,0.750,4.950,-1.0000,8.40196,12.650,2.050,4.750,-1.0000
3,near,20,1e+10,P1,person,3.275233e+01,4.750,3.650,5.550,4.2811,6.15843,12.150,3.250,5.350,4.7031
3,near,20,1e+10,P1,vehicle,3.498051e+01,4.350,1.250,5.650,4.7393,6.58774,9.450,3.550,1.550,2.3141
3,near,20,1e+10,P2,empty,4.043625e+01,4.750,2.150,5.650,-1.0000,6.96676,11.950,4.650,4.350,-1.0000
3,near,20,1e+10,P2,person,4.454517e+01,4.350,2.050,5.550,4.1519,4.77101,10.750,3.450,4.850,3.4547
3,near,20,1e+10,P2,vehicle,4.659274e+01,5.050,3.650,5.650,4.4626,4.98988,13.350,3.050,2.150,2.4409
3,near,20,1e+11,P1,empty,9.102730e+01,4.950,3.950,5.650,-1.0000,4.81819,10.650,2.350,2.650,-1.0000
3,near,20,1e+11,P1,person,1.266822e+02,4.450,3.750,5.550,4.5432,4.61101,13.250,4.250,3.750,5.6455
3,near,20,1e+11,P1,vehicle,1.058992e+02,4.450,3.050,5.550,4.7857,4.83297,12.950,4.550,4.150,3.1262
3,near,20,1e+11,P2,empty,1.329875e+02,4.450,3.750,5.650,-1.0000,3.78611,6.350,2.450,3.850,-1.0000
3,near,20,1e+11,P2,person,1.544077e+02,4.350,4.050,5.050,4.5373,4.02304,12.850,0.550,4.050,4.6809
3,near,20,1e+11,P2,vehicle,1.733250e+02,4.550,2.150,5.650,4.5583,4.32719,11.050,1.650,4.750,0.1859
3,near,20,1e+12,P1,empty,3.468052e+02,4.750,1.950,5.650,-1.0000,3.76516,13.550,2.950,3.850,-1.0000
3,near,20,1e+12,P1,person,3.385861e+02,4.350,0.550,5.650,4.1936,3.88743,11.650,0.650,4.250,3.5557
3,near,20,1e+12,P1,vehicle,3.287749e+02,4.350,4.150,5.250,5.2225,3.69037,12.050,1.950,3.850,0.6057
3,near,20,1e+12,P2,empty,5.012770e+02,4.550,2.950,5.650,-1.0000,4.18817,8.050,4.150,4.950,-1.0000
3,near,20,1e+12,P2,person,4.361970e+02,4.550,1.250,5.550,3.9725,3.59823,6.150,2.250,3.850,1.8296
3,near,20,1e+12,P2,vehicle,4.709316e+02,4.450,1.150,5.550,4.6196,3.39282,7.850,0.450,4.250,1.1132
3,near,20,1e+13,P1,empty,8.839645e+02,4.750,3.850,5.650,-1.0000,3.84038,13.650,4.050,4.750,-1.0000
3,near,20,1e+13,P1,person,9.620612e+02,4.350,0.850,4.650,3.7127,4.16796,9.650,2.050,2.550,1.5083
3,near,20,1e+13,P1,vehicle,1.113112e+03,4.350,1.150,5.550,4.7174,3.69203,8.350,0.550,2.650,0.7399
3,near,20,1e+13,P2,empty,1.523088e+03,4.450,3.450,5.650,-1.0000,3.57772,11.250,1.150,4.350,-1.0000
3,near,20,1e+13,P2,person,1.314258e+03,4.350,4.650,5.250,4.9526,3.45653,11.450,3.350,4.850,3.9499
3,near,20,1e+13,P2,vehicle,1.691470e+03,4.350,0.850,5.450,4.6975,3.51346,8.150,3.650,5.450,2.2065
3,near,15,1e+10,P1,empty,2.276997e+01,4.450,0.750,5.550,-1.0000,7.94188,13.250,2.850,3.750,-1.0000
3,near,15,1e+10,P1,person,1.975911e+01,4.350,2.350,4.750,3.8075,7.15731,12.650,2.650,3.450,4.5174
3,near,15,1e+10,P1,vehicle,2.235693e+01,4.450,1.450,5.650,4.6420,8.56648,10.750,0.550,2.750,0.3141
3,near,15,1e+10,P2,empty,3.351756e+01,4.650,2.550,5.450,-1.0000,6.31201,11.950,1.850,5.350,-1.0000
3,near,15,1e+10,P2,person,2.995782e+01,4.350,4.450,5.250,4.8361,5.06773,10.550,2.650,2.750,2.5073
3,near,15,1e+10,P2,vehicle,3.226898e+01,4.350,0.750,5.650,4.7393,5.66943,6.850,4.650,1.550,3.8575
3,near,15,1e+11,P1,empty,6.750340e+01,4.450,2.450,5.650,-1.0000,4.17061,12.550,4.250,1.650,-1.0000
3,near,15,1e+11,P1,person,6.618093e+01,4.450,1.550,5.650,4.1120,4.58898,11.350,1.950,3.650,3.1475
3,near,15,1e+11,P1,vehicle,7.541759e+01,4.450,0.850,5.450,4.5993,4.40885,12.250,3.550,2.550,1.9864
3,near,15,1e+11,P2,empty,1.014973e+02,4.450,2.850,5.550,-1.0000,3.72020,10.950,4.250,4.450,-1.0000
3,near,15,1e+11,P2,person,1.042642e+02,4.750,1.850,5.550,3.8142,4.13148,11.050,4.150,2.650,3.7414
3,near,15,1e+11,P2,vehicle,1.063579e+02,4.650,1.350,5.550,4.4244,3.83771,7.250,4.050,2.350,2.9168
3,near,15,1e+12,P1,empty,2.103127e+02,4.350,1.750,5.350,-1.0000,3.56258,13.450,2.350,4.050,-1.0000
3,near,15,1e+12,P1,person,1.886178e+02,4.650,1.450,5.450,3.8331,3.79109,12.850,0.650,4.550,4.7918
3,near,15,1e+12,P1,vehicle,2.134211e+02,4.750,2.750,5.350,4.3899,3.91979,12.650,0.950,3.450,1.1868
3,near,15,1e+12,P2,empty,3.291170e+02,4.350,3.750,5.550,-1.0000,4.37054,10.950,2.850,2.850,-1.0000
3,near,15,1e+12,P2,person,3.080314e+02,4.750,1.550,5.650,3.8724,3.89781,4.850,0.650,1.350,3.3451
3,near,15,1e+12,P2,vehicle,3.554668e+02,4.350,0.950,5.650,4.7393,3.58883,4.850,4.150,4.150,4.7372
3,near,15,1e+13,P1,empty,7.265727e+02,4.650,0.850,5.450,-1.0000,3.88567,9.250,4.050,3.850,-1.0000
3,near,15,1e+13,P1,person,7.315444e+02,4.650,1.150,5.550,3.8914,3.60303,9.750,2.350,4.050,1.8303
3,near,15,1e+13,P1,vehicle,7.133387e+02,4.450,3.250,5.250,4.7898,3.57109,11.450,1.350,2.350,0.7141
3,near,15,1e+13,P2,empty,1.244694e+03,4.550,1.150,5.550,-1.0000,3.65126,7.950,4.350,5.650,-1.0000
3,near,15,1e+13,P2,person,9.245942e+02,4.950,3.550,5.650,4.1525,3.59211,9.450,3.050,4.550,2.2324
3,near,15,1e+13,P2,vehicle,9.622015e+02,4.550,2.650,5.350,4.5625,3.52257,5.450,1.050,3.150,3.5132
3,near,10,1e+10,P1,empty,1.255538e+01,4.650,1.850,5.650,-1.0000,7.70126,8.950,3.650,3.350,-1.0000
3,near,10,1e+10,P1,person,1.273155e+01,4.750,3.350,5.550,4.1531,8.01029,12.150,3.650,1.750,4.5324
3,near,10,1e+10,P1,vehicle,1.131168e+01,4.750,0.950,5.550,4.3270,7.34574,8.050,0.950,1.350,1.9422
3,near,10,1e+10,P2,empty,1.825099e+01,4.650,1.850,5.650,-1.0000,5.96191,9.450,2.950,3.250,-1.0000
3,near,10,1e+10,P2,person,1.616617e+01,4.350,2.150,5.450,4.1071,6.48331,7.650,4.050,3.550,2.3732
3,near,10,1e+10,P2,vehicle,1.367763e+01,4.550,1.850,5.350,4.4829,5.75768,7.950,0.950,1.450,1.9057
3,near,10,1e+11,P1,empty,3.422415e+01,4.450,4.050,5.650,-1.0000,5.24801,10.750,2.850,4.350,-1.0000
3,near,10,1e+11,P1,person,3.070212e+01,4.350,1.150,5.650,4.1936,5.15443,10.450,3.950,2.050,3.2807
3,near,10,1e+11,P1,vehicle,3.596690e+01,4.350,0.650,5.550,4.7174,4.54649,13.550,3.750,2.550,2.9020
3,near,10,1e+11,P2,empty,4.809285e+01,4.450,0.550,5.350,-1.0000,3.98244,8.250,1.550,4.450,-1.0000
3,near,10,1e+11,P2,person,5.148347e+01,5.150,1.550,5.650,3.5672,4.94079,8.050,1.750,3.150,0.0500
3,near,10,1e+11,P2,vehicle,4.884716e+01,4.350,1.950,5.650,4.7416,3.71151,5.350,3.150,2.050,3.9882
3,near,10,1e+12,P1,empty,1.189029e+02,4.550,1.350,5.650,-1.0000,3.67651,12.850,1.550,2.750,-1.0000
3,near,10,1e+12,P1,person,1.187923e+02,4.550,3.350,5.650,4.3559,3.92549,7.650,3.850,4.650,2.5699
3,near,10,1e+12,P1,vehicle,1.362178e+02,4.550,1.050,5.450,4.5012,4.09435,7.850,2.350,3.050,1.2417
3,near,10,1e+12,P2,empty,1.629130e+02,4.850,0.750,5.650,-1.0000,3.48375,7.550,1.750,5.650,-1.0000
3,near,10,1e+12,P2,person,1.736068e+02,4.650,1.150,5.550,3.8914,4.09237,9.350,2.050,2.750,1.1825
3,near,10,1e+12,P2,vehicle,1.550063e+02,4.350,3.050,5.550,4.8802,3.91811,7.350,3.150,1.450,2.6515
3,near,10,1e+13,P1,empty,3.270835e+02,4.350,1.650,5.550,-1.0000,4.51435,10.150,4.450,2.750,-1.0000
3,near,10,1e+13,P1,person,3.055539e+02,4.850,2.150,5.550,3.7590,3.40189,12.250,0.550,4.350,4.1602
3,near,10,1e+13,P1,vehicle,2.934760e+02,4.550,3.850,5.450,4.9461,4.19024,12.150,3.950,3.150,2.2570
3,near,10,1e+13,P2,empty,5.535890e+02,4.350,0.950,5.550,-1.0000,4.33018,9.950,1.850,3.750,-1.0000
3,near,10,1e+13,P2,person,5.524260e+02,4.350,3.450,5.650,4.5441,3.43240,8.450,3.150,2.250,1.6235
3,near,10,1e+13,P2,vehicle,5.489585e+02,4.450,3.450,5.450,4.8863,3.93635,13.050,1.250,2.650,1.6400
3,near,5,1e+10,P1,empty,5.449585e+00,10.150,3.150,2.950,-1.0000,8.51614,10.150,3.150,2.950,-1.0000
3,near,5,1e+10,P1,person,5.244965e+00,8.550,3.850,2.650,2.1930,8.23888,8.550,3.850,2.650,2.1930
3,near,5,1e+10,P1,vehicle,6.490891e+00,6.150,3.650,5.250,3.4361,10.12401,6.150,3.650,5.250,3.4361
3,near,5,1e+10,P2,empty,5.016724e+00,11.650,1.350,4.050,-1.0000,5.51467,11.650,1.350,4.050,-1.0000
3,near,5,1e+10,P2,person,5.282471e+00,7.750,1.850,1.350,1.6064,5.84423,7.750,1.850,1.350,1.6064
3,near,5,1e+10,P2,vehicle,5.720886e+00,11.150,0.950,3.450,0.0000,6.35080,11.150,0.950,3.450,0.0000
3,near,5,1e+11,P1,empty,9.654144e+00,7.950,2.850,4.450,-1.0000,4.79788,7.950,2.850,4.450,-1.0000
3,near,5,1e+11,P1,person,9.940277e+00,9.550,2.850,2.850,1.7473,4.91111,9.550,2.850,2.850,1.7473
3,near,5,1e+11,P1,vehicle,1.027893e+01,7.350,2.550,2.150,2.0001,5.11195,7.350,2.550,2.150,2.0001
3,near,5,1e+11,P2,empty,1.441420e+01,4.450,2.550,5.550,-1.0000,4.55164,10.250,0.850,2.950,-1.0000
3,near,5,1e+11,P2,person,1.200580e+01,7.350,0.950,2.750,0.4812,4.18114,7.350,0.950,2.750,0.4812
3,near,5,1e+11,P2,vehicle,1.351056e+01,13.650,3.850,2.450,3.0597,4.72003,13.650,3.850,2.450,3.0597
3,near,5,1e+12,P1,empty,2.524942e+01,5.350,3.550,5.250,-1.0000,3.83345,10.550,0.750,5.150,-1.0000
3,near,5,1e+12,P1,person,2.668454e+01,8.050,0.650,2.750,0.1989,4.15969,8.050,0.650,2.750,0.1989
3,near,5,1e+12,P1,vehicle,2.502911e+01,11.450,3.750,5.150,2.0361,3.90845,11.450,3.750,5.150,2.0361
3,near,5,1e+12,P2,empty,3.300360e+01,9.150,3.350,4.450,-1.0000,3.65217,9.150,3.350,4.450,-1.0000
3,near,5,1e+12,P2,person,3.370819e+01,11.750,1.550,1.550,3.7802,3.72572,11.750,1.550,1.550,3.7802
3,near,5,1e+12,P2,vehicle,3.270792e+01,8.850,4.450,5.450,2.7964,3.58445,8.850,4.450,5.450,2.7964
3,near,5,1e+13,P1,empty,7.459528e+01,4.350,1.750,3.850,-1.0000,3.62562,4.350,1.750,3.850,-1.0000
3,near,5,1e+13,P1,person,7.899437e+01,6.050,3.750,4.950,3.1808,3.86645,6.050,3.750,4.950,3.1808
3,near,5,1e+13,P1,vehicle,7.259732e+01,7.050,1.750,1.650,2.3791,3.58641,7.050,1.750,1.650,2.3791
3,near,5,1e+13,P2,empty,1.021760e+02,11.150,3.850,4.950,-1.0000,3.58280,11.150,3.850,4.950,-1.0000
3,near,5,1e+13,P2,person,1.040651e+02,12.550,1.850,4.450,4.4785,3.64154,12.550,1.850,4.450,4.4785
3,near,5,1e+13,P2,vehicle,1.054595e+02,5.850,1.150,3.850,3.1132,3.67890,11.250,3.050,4.350,1.2500
4,far,inf,1e+10,P1,empty,1.143574e+02,4.950,4.050,5.650,-1.0000,4.68234,12.650,1.850,3.750,-1.0000
4,far,inf,1e+10,P1,person,1.395871e+02,4.750,4.250,5.650,4.2804,4.76691,4.750,4.250,5.650,4.2804
4,far,inf,1e+10,P1,vehicle,9.012012e+01,5.350,4.650,4.450,4.2582,4.40644,13.450,1.350,2.450,2.5092
4,far,inf,1e+10,P2,empty,1.264595e+02,4.350,4.250,5.250,-1.0000,3.77693,12.450,0.850,4.250,-1.0000
4,far,inf,1e+10,P2,person,1.194604e+02,4.550,3.950,5.150,3.9910,4.31767,13.150,3.350,3.750,5.6325
4,far,inf,1e+10,P2,vehicle,1.244772e+02,4.450,3.950,5.350,4.6665,3.99361,12.250,2.950,2.150,1.9137
4,far,inf,1e+11,P1,empty,2.669772e+02,4.350,3.550,5.150,-1.0000,3.73274,8.150,2.850,4.950,-1.0000
4,far,inf,1e+11,P1,person,2.518584e+02,4.950,3.450,4.850,3.3001,3.69394,10.850,4.450,2.850,4.1295
4,far,inf,1e+11,P1,vehicle,2.819862e+02,4.550,1.150,5.650,4.1134,4.31306,13.050,2.950,4.450,2.3384
4,far,inf,1e+11,P2,empty,3.664674e+02,5.150,3.850,5.450,-1.0000,3.62851,12.950,0.750,5.550,-1.0000
4,far,inf,1e+11,P2,person,4.283944e+02,4.650,0.550,5.250,3.2687,3.44788,7.250,1.950,2.450,0.6777
4,far,inf,1e+11,P2,vehicle,4.669606e+02,4.350,4.350,4.950,4.8989,3.69837,7.350,2.150,3.750,1.2154
4,far,inf,1e+12,P1,empty,9.150509e+02,5.050,4.650,5.350,-1.0000,3.51362,4.850,0.450,3.350,-1.0000
4,far,inf,1e+12,P1,person,9.333256e+02,4.450,4.150,5.350,4.2642,3.93848,10.550,2.250,2.650,2.8582
4,far,inf,1e+12,P1,vehicle,9.196495e+02,4.850,2.250,5.650,3.8515,3.88488,4.450,0.550,3.650,4.0639
4,far,inf,1e+12,P2,empty,1.370808e+03,4.750,1.450,5.650,-1.0000,3.70849,8.350,2.450,3.950,-1.0000
4,far,inf,1e+12,P2,person,1.121737e+03,4.950,1.550,5.250,3.0279,3.61555,5.750,3.450,2.150,2.5313
4,far,inf,1e+12,P2,vehicle,1.115589e+03,4.950,3.550,5.650,4.1197,4.04710,12.250,4.450,4.850,2.9394
4,far,inf,1e+13,P1,empty,4.000063e+03,4.450,4.250,5.450,-1.0000,3.84922,7.450,2.050,1.750,-1.0000
4,far,inf,1e+13,P1,person,3.646389e+03,5.350,4.150,5.650,3.8844,3.84808,5.350,4.150,5.650,3.8844
4,far,inf,1e+13,P1,vehicle,3.638963e+03,4.550,3.950,5.650,4.6414,3.78234,4.550,3.650,1.550,4.6247
4,far,inf,1e+13,P2,empty,4.588987e+03,4.550,1.650,5.350,-1.0000,3.55640,7.450,0.550,5.050,-1.0000
4,far,inf,1e+13,P2,person,3.919070e+03,4.850,1.250,5.350,3.1684,3.41644,6.750,2.350,1.350,1.9319
4,far,inf,1e+13,P2,vehicle,4.113502e+03,5.350,2.850,5.050,3.3707,3.79607,5.350,2.850,5.050,3.3707
4,far,50,1e+10,P1,empty,3.489043e+01,4.350,4.350,4.750,-1.0000,5.50507,12.750,2.050,3.550,-1.0000
4,far,50,1e+10,P1,person,4.188231e+01,4.450,3.550,5.650,4.1083,6.27250,11.950,4.150,2.150,4.9262
4,far,50,1e+10,P1,vehicle,3.856860e+01,4.450,1.150,5.550,4.1849,6.14094,12.850,1.950,1.450,2.4407
4,far,50,1e+10,P2,empty,5.048219e+01,4.450,2.950,5.450,-1.0000,4.48363,12.450,2.450,4.750,-1.0000
4,far,50,1e+10,P2,person,5.525053e+01,5.050,4.650,5.250,4.1719,4.90616,12.350,1.150,2.050,4.6859
4,far,50,1e+10,P2,vehicle,5.758591e+01,4.450,3.750,5.550,4.6169,5.09860,12.850,3.250,1.650,2.7270
4,far,50,1e+11,P1,empty,1.102415e+02,4.550,3.850,5.050,-1.0000,4.32618,12.150,2.650,1.750,-1.0000
4,far,50,1e+11,P1,person,1.091291e+02,4.450,1.350,5.250,3.4345,4.49076,12.750,4.250,4.350,5.6725
4,far,50,1e+11,P1,vehicle,1.093136e+02,4.550,2.450,5.150,4.0612,4.04650,12.250,1.050,4.750,1.2520
4,far,50,1e+11,P2,empty,1.698525e+02,4.950,0.950,5.350,-1.0000,3.57880,8.750,3.450,4.250,-1.0000
4,far,50,1e+11,P2,person,1.725029e+02,4.850,1.650,5.450,3.2317,3.67391,9.250,1.850,5.450,2.5486
4,far,50,1e+11,P2,vehicle,1.708156e+02,4.450,4.650,5.150,4.9996,4.36676,12.450,1.350,2.050,1.7506
4,far,50,1e+12,P1,empty,3.055209e+02,4.750,1.350,5.650,-1.0000,4.02240,12.450,1.950,1.950,-1.0000
4,far,50,1e+12,P1,person,3.744095e+02,4.550,0.350,5.450,3.4670,4.17930,13.550,3.050,1.950,6.0340
4,far,50,1e+12,P1,vehicle,3.291229e+02,5.350,2.850,5.650,3.5100,4.48119,4.750,0.550,1.850,3.9509
4,far,50,1e+12,P2,empty,4.436885e+02,4.450,2.350,4.650,-1.0000,3.44411,12.750,3.250,1.550,-1.0000
4,far,50,1e+12,P2,person,5.698545e+02,4.450,3.950,5.650,4.3033,3.66978,8.850,1.550,4.450,1.5183
4,far,50,1e+12,P2,vehicle,5.185918e+02,4.650,2.850,5.550,4.1267,3.77991,5.650,2.450,3.650,2.9367
4,far,50,1e+13,P1,empty,1.205759e+03,4.650,1.050,5.350,-1.0000,3.70959,5.050,2.850,4.350,-1.0000
4,far,50,1e+13,P1,person,1.207204e+03,4.450,4.350,5.150,4.2957,3.70705,10.350,1.150,4.650,2.8710
4,far,50,1e+13,P1,vehicle,1.113199e+03,4.450,3.550,5.650,4.5591,3.63940,6.450,2.350,1.650,2.5544
4,far,50,1e+13,P2,empty,1.578393e+03,4.450,2.450,5.350,-1.0000,3.59275,7.350,4.150,4.550,-1.0000
4,far,50,1e+13,P2,person,1.498583e+03,4.550,4.250,5.550,4.3529,3.56508,11.250,3.450,2.450,3.9384
4,far,50,1e+13,P2,vehicle,1.561732e+03,4.350,0.650,5.250,4.2221,3.65545,9.550,4.350,4.950,2.5810
4,far,30,1e+10,P1,empty,1.778261e+01,4.350,0.750,5.350,-1.0000,7.58204,13.050,4.350,5.250,-1.0000
4,far,30,1e+10,P1,person,1.861421e+01,4.950,1.650,5.550,3.2223,6.49196,10.250,2.950,1.850,3.0292
4,far,30,1e+10,P1,vehicle,2.294227e+01,4.350,3.450,5.650,4.6117,7.00924,12.550,4.550,1.550,3.4893
4,far,30,1e+10,P2,empty,2.562202e+01,5.350,0.350,5.550,-1.0000,4.98272,13.150,2.350,2.050,-1.0000
4,far,30,1e+10,P2,person,2.829602e+01,4.350,1.750,5.250,3.5191,5.03866,7.850,2.050,5.150,1.8105
4,far,30,1e+10,P2,vehicle,2.824599e+01,4.350,2.250,5.650,4.3299,5.27239,12.350,1.450,1.850,1.7966
4,far,30,1e+11,P1,empty,6.124371e+01,4.550,1.150,5.650,-1.0000,4.14639,10.250,3.150,1.350,-1.0000
4,far,30,1e+11,P1,person,6.550072e+01,4.650,1.350,5.550,3.4496,4.26761,12.750,2.350,5.550,5.4660
4,far,30,1e+11,P1,vehicle,6.031512e+01,4.350,0.850,5.550,4.2820,4.89252,13.550,4.350,2.550,3.6312
4,far,30,1e+11,P2,empty,8.509119e+01,5.150,1.150,5.550,-1.0000,4.18113,11.450,4.150,2.550,-1.0000
4,far,30,1e+11,P2,person,8.047484e+01,4.450,4.150,5.050,4.1338,4.44795,4.650,3.950,2.150,3.6177
4,far,30,1e+11,P2,vehicle,9.106223e+01,4.550,0.550,5.150,4.0089,3.99427,13.550,1.150,5.250,2.6307
4,far,30,1e+12,P1,empty,1.853539e+02,4.450,1.150,5.650,-1.0000,3.57457,10.050,3.550,5.150,-1.0000
4,far,30,1e+12,P1,person,1.885041e+02,4.750,0.750,4.950,3.0206,3.75738,9.750,1.350,4.650,2.3485
4,far,30,1e+12,P1,vehicle,2.149336e+02,4.550,4.550,5.650,4.9480,3.66432,12.950,3.150,4.750,2.3687
4,far,30,1e+12,P2,empty,2.948712e+02,4.650,2.250,5.550,-1.0000,3.88948,11.450,2.350,5.350,-1.0000
4,far,30,1e+12,P2,person,2.786097e+02,4.850,4.350,5.250,4.0836,3.68988,10.950,1.750,3.850,3.2081
4,far,30,1e+12,P2,vehicle,2.948404e+02,4.350,4.450,5.550,5.0357,3.40226,7.550,3.750,4.650,2.1775
4,far,30,1e+13,P1,empty,6.346698e+02,4.350,1.950,5.650,-1.0000,3.31812,11.250,4.150,3.350,-1.0000
4,far,30,1e+13,P1,person,6.136382e+02,4.550,1.450,5.250,3.3511,3.73774,13.250,0.950,3.750,5.4852
4,far,30,1e+13,P1,vehicle,6.241295e+02,4.650,4.250,5.150,4.6142,3.91261,7.150,2.150,4.350,1.4081
4,far,30,1e+13,P2,empty,8.682372e+02,4.750,4.550,5.250,-1.0000,4.06799,10.850,3.550,1.450,-1.0000
4,far,30,1e+13,P2,person,9.273589e+02,4.850,2.050,5.350,3.1876,3.79126,5.950,0.750,5.150,2.2468
4,far,30,1e+13,P2,vehicle,7.969235e+02,4.450,3.050,5.550,4.3676,4.05878,7.350,2.150,2.050,1.5745
4,far,20,1e+10,P1,empty,1.031168e+01,4.550,1.650,5.050,-1.0000,8.13997,11.950,4.550,4.950,-1.0000
4,far,20,1e+10,P1,person,1.184638e+01,4.350,2.150,5.650,3.7741,6.35046,10.550,2.550,2.050,3.0756
4,far,20,1e+10,P1,vehicle,1.008868e+01,4.350,2.650,5.350,4.3242,6.94500,8.650,3.150,2.950,1.3538
4,far,20,1e+10,P2,empty,1.279976e+01,5.550,4.150,5.550,-1.0000,6.12979,12.550,3.350,3.150,-1.0000
4,far,20,1e+10,P2,person,1.260503e+01,5.050,3.550,5.150,3.4293,5.47274,12.150,0.950,3.850,4.3981
4,far,20,1e+10,P2,vehicle,1.341473e+01,4.450,4.650,5.050,4.9887,5.04324,12.650,1.450,3.950,1.6361
4,far,20,1e+11,P1,empty,2.875554e+01,4.850,2.650,5.150,-1.0000,5.20222,12.950,4.550,1.650,-1.0000
4,far,20,1e+11,P1,person,3.081992e+01,4.550,1.750,5.650,3.5906,6.00212,9.850,1.150,2.850,2.0846
4,far,20,1e+11,P1,vehicle,2.962758e+01,4.850,3.250,5.650,4.0908,4.31974,12.650,0.650,2.150,1.8678
4,far,20,1e+11,P2,empty,3.737086e+01,4.550,0.450,5.250,-1.0000,5.47441,9.950,3.350,2.050,-1.0000
4,far,20,1e+11,P2,person,3.564847e+01,4.550,2.750,5.450,3.6225,4.43193,11.450,3.750,1.950,4.3537
4,far,20,1e+11,P2,vehicle,3.941267e+01,4.550,2.450,5.150,4.0612,4.30960,11.350,4.250,2.550,2.5232
4,far,20,1e+12,P1,empty,7.944081e+01,4.750,1.750,5.450,-1.0000,4.47703,12.350,3.150,4.550,-1.0000
4,far,20,1e+12,P1,person,9.821043e+01,4.350,1.250,5.650,3.7471,4.10605,8.050,1.250,4.650,1.3036
4,far,20,1e+12,P1,vehicle,8.711685e+01,4.450,1.750,5.650,4.2099,4.23955,5.550,3.050,4.950,3.2413
4,far,20,1e+12,P2,empty,1.249455e+02,4.550,2.050,5.650,-1.0000,3.57774,9.150,2.150,2.850,-1.0000
4,far,20,1e+12,P2,person,1.219776e+02,4.450,3.250,5.650,3.9822,3.52948,6.150,4.050,5.450,3.3488
4,far,20,1e+12,P2,vehicle,1.103297e+02,4.350,1.350,5.250,4.2221,3.62047,13.350,3.150,4.150,2.6981
4,far,20,1e+13,P1,empty,2.850633e+02,5.250,0.950,5.450,-1.0000,3.70061,6.550,4.050,4.550,-1.0000
4,far,20,1e+13,P1,person,3.143300e+02,4.350,2.350,5.550,3.7441,3.49346,6.050,4.050,5.650,3.5114
4,far,20,1e+13,P1,vehicle,3.254725e+02,4.650,4.050,5.250,4.5256,3.39968,8.850,3.850,5.350,2.2002
4,far,20,1e+13,P2,empty,3.893531e+02,4.450,1.150,5.350,-1.0000,3.32837,5.250,1.650,2.150,-1.0000
4,far,20,1e+13,P2,person,4.113774e+02,4.650,1.450,5.350,3.3271,3.59766,11.250,2.550,5.050,3.9478
4,far,20,1e+13,P2,vehicle,3.953214e+02,4.650,2.250,5.550,4.0162,3.66385,5.050,4.650,2.150,4.5752
4,far,15,1e+10,P1,empty,6.293365e+00,4.450,3.750,5.450,-1.0000,7.55514,12.950,0.350,5.250,-1.0000
4,far,15,1e+10,P1,person,5.668686e+00,4.450,3.050,5.050,3.5928,8.55144,12.350,1.350,2.650,4.5921
4,far,15,1e+10,P1,vehicle,7.918152e+00,4.650,3.450,5.650,4.3428,7.46339,4.750,0.650,2.350,3.8286
4,far,15,1e+10,P2,empty,9.014999e+00,4.950,4.150,5.450,-1.0000,5.17479,13.650,2.050,5.250,-1.0000
4,far,15,1e+10,P2,person,7.022736e+00,4.450,1.450,5.050,3.3295,5.96681,12.250,1.350,2.050,4.5884
4,far,15,1e+10,P2,vehicle,7.590775e+00,5.350,1.650,5.650,3.3493,5.95110,9.150,2.350,3.250,0.5500
4,far,15,1e+11,P1,empty,1.804402e+01,4.850,2.850,5.650,-1.0000,4.75948,13.650,3.050,4.050,-1.0000
4,far,15,1e+11,P1,person,1.511731e+01,4.350,3.550,5.250,3.9754,5.89740,11.350,1.350,3.150,3.5724
4,far,15,1e+11,P1,vehicle,1.476315e+01,4.450,1.350,5.650,4.2099,4.70071,7.350,2.750,3.150,1.5024
4,far,15,1e+11,P2,empty,1.907021e+01,4.750,3.250,5.650,-1.0000,3.94830,12.250,0.850,4.450,-1.0000
4,far,15,1e+11,P2,person,1.897516e+01,4.750,2.250,5.450,3.3543,4.00070,12.250,3.750,5.550,5.3791
4,far,15,1e+11,P2,vehicle,1.977480e+01,4.550,4.550,5.450,4.9074,4.48506,11.750,2.350,3.450,0.9189
4,far,15,1e+12,P1,empty,5.435847e+01,4.550,3.650,5.650,-1.0000,4.14695,12.950,0.850,3.950,-1.0000
4,far,15,1e+12,P1,person,4.307808e+01,4.550,3.450,5.650,3.9941,4.44998,12.250,0.650,3.350,4.4724
4,far,15,1e+12,P1,vehicle,4.507877e+01,4.350,2.150,5.250,4.2366,4.30903,9.750,4.550,2.050,2.9265
4,far,15,1e+12,P2,empty,6.690820e+01,4.450,0.550,5.550,-1.0000,4.30062,7.750,2.650,1.550,-1.0000
4,far,15,1e+12,P2,person,6.013448e+01,4.450,3.950,5.550,4.2513,3.54278,10.750,3.550,5.350,4.0197
4,far,15,1e+12,P2,vehicle,6.295404e+01,4.550,0.750,5.450,4.0645,3.74619,11.650,3.250,4.250,1.5834
4,far,15,1e+13,P1,empty,1.311531e+02,4.550,2.850,5.650,-1.0000,3.74894,6.050,2.850,1.550,-1.0000
4,far,15,1e+13,P1,person,1.215437e+02,4.950,0.850,5.350,3.0908,4.00520,8.750,3.650,2.750,2.2031
4,far,15,1e+13,P1,vehicle,1.555714e+02,4.350,1.850,5.650,4.3068,3.89412,8.450,0.350,1.750,1.3026
4,far,15,1e+13,P2,empty,2.131805e+02,4.350,4.050,5.450,-1.0000,3.97536,11.750,2.650,2.450,-1.0000
4,far,15,1e+13,P2,person,2.082777e+02,4.450,2.450,5.650,3.7441,3.72681,8.950,4.250,2.750,2.8254
4,far,15,1e+13,P2,vehicle,2.535088e+02,4.850,1.950,5.650,3.8281,3.77746,5.550,0.650,4.250,2.9639
4,far,10,1e+10,P1,empty,4.329346e+00,11.550,1.750,3.050,-1.0000,6.78168,11.550,1.750,3.050,-1.0000
4,far,10,1e+10,P1,person,4.784912e+00,10.050,2.350,5.250,3.0168,7.46248,10.050,2.350,5.250,3.0168
4,far,10,1e+10,P1,vehicle,5.203217e+00,7.150,4.450,3.150,2.9804,8.13050,7.150,4.450,3.150,2.9804
4,far,10,1e+10,P2,empty,6.188782e+00,10.950,2.850,2.550,-1.0000,6.82424,10.950,2.850,2.550,-1.0000
4,far,10,1e+10,P2,person,5.706848e+00,6.150,3.350,4.250,2.2079,6.25502,6.150,3.350,4.250,2.2079
4,far,10,1e+10,P2,vehicle,5.591492e+00,11.350,0.850,1.750,1.3437,6.18572,11.350,0.850,1.750,1.3437
4,far,10,1e+11,P1,empty,1.039349e+01,11.750,3.050,3.550,-1.0000,5.12261,11.750,3.050,3.550,-1.0000
4,far,10,1e+11,P1,person,1.405640e+01,11.050,4.050,4.050,4.0849,6.95126,11.050,4.050,4.050,4.0849
4,far,10,1e+11,P1,vehicle,1.163092e+01,8.250,3.350,3.950,1.5723,5.73042,8.250,3.350,3.950,1.5723
4,far,10,1e+11,P2,empty,1.183417e+01,13.450,2.150,2.950,-1.0000,4.14476,13.450,2.150,2.950,-1.0000
4,far,10,1e+11,P2,person,1.143933e+01,8.350,1.650,2.150,1.0879,4.02636,8.350,1.650,2.150,1.0879
4,far,10,1e+11,P2,vehicle,1.126392e+01,10.750,4.350,3.850,2.5500,3.90802,10.750,4.350,3.850,2.5500
4,far,10,1e+12,P1,empty,2.769980e+01,8.650,1.050,4.650,-1.0000,4.31848,8.650,1.050,4.650,-1.0000
4,far,10,1e+12,P1,person,2.494661e+01,5.250,4.550,4.850,3.8228,3.79308,5.250,4.550,4.850,3.8228
4,far,10,1e+12,P1,vehicle,2.675491e+01,8.650,1.950,1.950,1.1112,4.17849,8.650,1.950,1.950,1.1112
4,far,10,1e+12,P2,empty,3.322040e+01,8.750,0.650,1.650,-1.0000,3.66676,8.750,0.650,1.650,-1.0000
4,far,10,1e+12,P2,person,3.557263e+01,7.050,2.750,3.450,1.0887,3.90869,7.050,2.750,3.450,1.0887
4,far,10,1e+12,P2,vehicle,3.210950e+01,11.950,2.050,4.550,0.9689,3.54624,11.950,2.050,4.550,0.9689
4,far,10,1e+13,P1,empty,7.185965e+01,9.050,2.550,3.850,-1.0000,3.56466,9.050,2.550,3.850,-1.0000
4,far,10,1e+13,P1,person,8.071857e+01,12.050,0.550,1.850,4.4446,4.00176,12.050,0.550,1.850,4.4446
4,far,10,1e+13,P1,vehicle,7.413318e+01,6.550,4.050,3.550,2.9865,3.65851,6.550,4.050,3.550,2.9865
4,far,10,1e+13,P2,empty,1.047000e+02,5.350,3.050,4.250,-1.0000,3.62048,8.250,2.150,4.350,-1.0000
4,far,10,1e+13,P2,person,9.978505e+01,5.350,2.250,5.650,3.0641,3.44925,13.350,2.950,3.550,5.7135
4,far,10,1e+13,P2,vehicle,1.014091e+02,12.350,1.650,3.150,1.3361,3.50872,12.350,1.650,3.150,1.3361
4,far,5,1e+10,P1,empty,5.433289e+00,10.050,0.850,2.350,-1.0000,8.55646,10.050,0.850,2.350,-1.0000
4,far,5,1e+10,P1,person,6.085358e+00,9.850,3.350,4.850,3.0319,9.48863,9.850,3.350,4.850,3.0319
4,far,5,1e+10,P1,vehicle,5.122375e+00,6.150,4.450,1.950,3.7179,7.95122,6.150,4.450,1.950,3.7179
4,far,5,1e+10,P2,empty,6.762665e+00,5.650,0.850,4.050,-1.0000,7.47054,5.650,0.850,4.050,-1.0000
4,far,5,1e+10,P2,person,5.604340e+00,9.250,4.650,5.050,3.6980,6.17516,9.250,4.650,5.050,3.6980
4,far,5,1e+10,P2,vehicle,5.432098e+00,7.650,2.850,4.650,1.3633,5.99331,7.650,2.850,4.650,1.3633
4,far,5,1e+11,P1,empty,9.513977e+00,11.550,1.750,4.850,-1.0000,4.70195,11.550,1.750,4.850,-1.0000
4,far,5,1e+11,P1,person,1.128726e+01,9.850,3.950,4.750,3.3537,5.57464,9.850,3.950,4.750,3.3537
4,far,5,1e+11,P1,vehicle,9.408203e+00,6.050,1.150,3.150,2.4639,4.65225,6.050,1.150,3.150,2.4639
4,far,5,1e+11,P2,empty,1.269028e+01,7.950,2.250,1.650,-1.0000,4.43795,7.950,2.250,1.650,-1.0000
4,far,5,1e+11,P2,person,1.404410e+01,6.550,0.550,2.050,1.2867,4.90577,6.550,0.550,2.050,1.2867
4,far,5,1e+11,P2,vehicle,1.144675e+01,6.450,2.350,3.350,2.1359,3.97250,6.450,2.350,3.350,2.1359
4,far,5,1e+12,P1,empty,2.349725e+01,10.950,1.350,2.350,-1.0000,3.66022,10.950,1.350,2.350,-1.0000
4,far,5,1e+12,P1,person,2.659125e+01,12.550,3.750,3.550,5.1970,4.13954,12.550,3.750,3.550,5.1970
4,far,5,1e+12,P1,vehicle,2.708923e+01,5.150,3.850,1.350,4.2909,4.22920,5.150,3.850,1.350,4.2909
4,far,5,1e+12,P2,empty,3.309021e+01,9.850,1.250,1.850,-1.0000,3.65511,9.850,1.250,1.850,-1.0000
4,far,5,1e+12,P2,person,3.589789e+01,13.350,1.150,4.550,5.6949,3.97378,13.350,1.150,4.550,5.6949
4,far,5,1e+12,P2,vehicle,3.389236e+01,5.050,4.450,3.250,4.3613,3.75253,5.050,4.450,3.250,4.3613
4,far,5,1e+13,P1,empty,7.638696e+01,13.050,0.450,5.050,-1.0000,3.77611,13.050,0.450,5.050,-1.0000
4,far,5,1e+13,P1,person,8.253256e+01,8.150,0.350,3.450,0.3798,4.06938,8.150,0.350,3.450,0.3798
4,far,5,1e+13,P1,vehicle,8.115518e+01,6.450,2.250,1.750,2.4809,4.01039,6.450,2.250,1.750,2.4809
4,far,5,1e+13,P2,empty,1.095483e+02,5.850,2.750,4.450,-1.0000,3.80839,5.850,2.750,4.450,-1.0000
4,far,5,1e+13,P2,person,9.639392e+01,11.650,1.350,2.550,3.9078,3.37467,11.650,1.350,2.550,3.9078
4,far,5,1e+13,P2,vehicle,1.057090e+02,12.450,2.150,4.050,1.4781,3.69052,12.450,2.150,4.050,1.4781
4,near,inf,1e+10,P1,empty,8.303786e+01,5.050,3.350,5.250,-1.0000,4.52579,10.950,2.550,4.850,-1.0000
4,near,inf,1e+10,P1,person,9.278032e+01,4.650,4.250,4.450,3.8506,3.75875,10.250,3.750,4.950,3.5771
4,near,inf,1e+10,P1,vehicle,9.118312e+01,4.550,1.350,5.550,4.0878,4.12999,13.250,3.950,1.750,3.3638
4,near,inf,1e+10,P2,empty,1.339654e+02,4.350,1.250,5.050,-1.0000,4.09563,13.550,3.850,2.750,-1.0000
4,near,inf,1e+10,P2,person,1.185614e+02,4.750,3.250,5.450,3.6540,3.73709,12.050,3.950,1.750,5.0072
4,near,inf,1e+10,P2,vehicle,1.294287e+02,4.650,3.550,5.650,4.3818,3.61910,11.050,2.050,3.750,0.2526
4,near,inf,1e+11,P1,empty,2.786902e+02,5.650,4.350,5.550,-1.0000,4.05829,12.450,0.950,1.650,-1.0000
4,near,inf,1e+11,P1,person,3.140365e+02,5.050,4.450,4.950,3.9026,3.63573,9.550,2.550,4.350,2.1941
4,near,inf,1e+11,P1,vehicle,2.919491e+02,4.450,1.150,5.350,4.1417,3.47320,10.350,3.150,1.650,1.9456
4,near,inf,1e+11,P2,empty,3.824401e+02,4.650,0.350,5.350,-1.0000,3.64101,13.250,2.650,2.250,-1.0000
4,near,inf,1e+11,P2,person,3.436574e+02,4.550,2.750,5.650,3.7407,3.83614,7.150,1.850,3.750,0.4411
4,near,inf,1e+11,P2,vehicle,4.837579e+02,4.650,1.250,5.250,3.9266,4.19724,13.550,1.050,2.350,2.6312
4,near,inf,1e+12,P1,empty,9.092239e+02,4.450,0.950,5.550,-1.0000,4.10933,13.150,2.650,1.650,-1.0000
4,near,inf,1e+12,P1,person,9.257917e+02,4.450,4.150,5.450,4.3114,3.75411,9.850,0.850,3.950,2.1506
4,near,inf,1e+12,P1,vehicle,8.469910e+02,4.550,0.950,4.550,3.9639,3.95902,11.350,2.350,2.350,0.9523
4,near,inf,1e+12,P2,empty,1.196337e+03,4.350,4.150,5.050,-1.0000,3.86410,10.950,4.250,1.850,-1.0000
4,near,inf,1e+12,P2,person,1.421623e+03,4.350,3.750,4.450,3.7715,3.77500,4.350,3.750,4.450,3.7715
4,near,inf,1e+12,P2,vehicle,1.412366e+03,5.150,2.250,5.350,3.4866,3.95737,5.150,2.250,5.350,3.4866
4,near,inf,1e+13,P1,empty,2.725271e+03,4.550,1.050,5.650,-1.0000,3.49731,7.650,1.750,2.150,-1.0000
4,near,inf,1e+13,P1,person,3.342229e+03,4.950,4.050,5.550,3.9882,3.76079,9.850,3.350,4.350,2.8227
4,near,inf,1e+13,P1,vehicle,2.942741e+03,5.150,1.850,1.550,3.6839,4.08090,5.150,1.850,1.550,3.6839
4,near,inf,1e+13,P2,empty,3.699058e+03,4.550,2.450,5.250,-1.0000,3.62045,12.750,1.550,1.750,-1.0000
4,near,inf,1e+13,P2,person,4.053206e+03,4.350,4.550,5.550,4.6603,3.95700,7.750,0.950,4.150,0.7749
4,near,inf,1e+13,P2,vehicle,3.684195e+03,4.550,4.050,5.250,4.6112,3.51180,6.350,4.550,4.150,3.4993
4,near,50,1e+10,P1,empty,5.840689e+01,4.350,4.650,5.150,-1.0000,5.24452,13.550,0.650,1.950,-1.0000
4,near,50,1e+10,P1,person,6.380440e+01,5.250,1.150,5.550,3.0077,6.44382,13.250,2.950,2.550,5.6378
4,near,50,1e+10,P1,vehicle,5.592924e+01,4.350,2.650,5.350,4.3242,6.27882,12.350,0.350,1.850,1.7966
4,near,50,1e+10,P2,empty,7.862271e+01,4.650,4.350,4.550,-1.0000,4.33449,13.550,4.550,3.050,-1.0000
4,near,50,1e+10,P2,person,9.560126e+01,4.550,1.050,5.350,3.4081,3.90211,13.650,0.550,2.350,5.9170
4,near,50,1e+10,P2,vehicle,9.578273e+01,4.550,2.150,5.150,4.0241,4.78668,13.550,4.450,3.950,3.6680
4,near,50,1e+11,P1,empty,1.818714e+02,4.350,4.350,5.150,-1.0000,3.98742,5.850,1.950,4.750,-1.0000
4,near,50,1e+11,P1,person,2.024377e+02,4.450,4.550,5.450,4.5506,4.65090,13.650,4.450,4.050,6.5194
4,near,50,1e+11,P1,vehicle,1.871131e+02,4.450,1.450,5.350,4.1417,4.87540,13.050,4.450,2.350,3.4146
4,near,50,1e+11,P2,empty,2.727583e+02,4.450,3.550,5.650,-1.0000,4.03140,11.250,4.650,4.250,-1.0000
4,near,50,1e+11,P2,person,2.519327e+02,4.450,2.450,5.650,3.7441,3.97107,8.950,1.850,3.650,1.2135
4,near,50,1e+11,P2,vehicle,2.355160e+02,4.550,4.650,5.250,4.9319,3.86300,12.250,1.350,1.850,1.7235
4,near,50,1e+12,P1,empty,5.412073e+02,4.650,3.850,5.250,-1.0000,3.93344,9.950,2.850,4.450,-1.0000
4,near,50,1e+12,P1,person,5.868152e+02,4.350,1.450,5.650,3.7471,3.66386,13.050,2.550,4.750,5.5146
4,near,50,1e+12,P1,vehicle,5.562725e+02,4.650,4.650,5.350,4.8673,3.91798,11.750,3.550,1.650,2.3595
4,near,50,1e+12,P2,empty,7.629988e+02,4.350,4.450,5.150,-1.0000,3.43066,5.850,2.950,4.550,-1.0000
4,near,50,1e+12,P2,person,7.349187e+02,4.650,1.050,4.950,3.1064,3.51372,6.850,2.550,1.950,1.4888
4,near,50,1e+12,P2,vehicle,7.474805e+02,4.750,2.950,5.350,4.0159,3.46213,11.350,4.650,2.050,3.0393
4,near,50,1e+13,P1,empty,1.903235e+03,4.650,1.650,5.250,-1.0000,3.73852,10.050,3.350,5.050,-1.0000
4,near,50,1e+13,P1,person,1.670189e+03,5.050,0.750,5.450,3.0810,3.74429,9.650,4.050,1.550,3.3696
4,near,50,1e+13,P1,vehicle,2.077055e+03,4.550,4.250,5.450,4.7458,3.39964,11.850,0.550,4.650,0.8420
4,near,50,1e+13,P2,empty,2.781196e+03,4.550,4.350,5.350,-1.0000,3.59000,9.050,1.150,3.150,-1.0000
4,near,50,1e+13,P2,person,3.119474e+03,4.350,1.950,5.650,3.7555,3.38277,11.850,1.850,5.650,4.6671
4,near,50,1e+13,P2,vehicle,2.342026e+03,4.850,4.150,5.350,4.4255,3.42528,9.150,1.550,1.950,1.1010
4,near,30,1e+10,P1,empty,5.416169e+01,4.350,1.550,5.650,-1.0000,7.40421,12.750,2.750,5.650,-1.0000
4,near,30,1e+10,P1,person,4.109576e+01,4.950,3.650,5.250,3.6015,6.37706,13.450,2.550,2.450,5.7697
4,near,30,1e+10,P1,vehicle,6.039388e+01,4.350,1.050,5.350,4.2398,6.20234,12.050,0.450,2.150,1.3731
4,near,30,1e+10,P2,empty,6.319466e+01,4.850,4.050,5.250,-1.0000,4.63585,11.150,1.650,1.650,-1.0000
4,near,30,1e+10,P2,person,6.141239e+01,4.450,1.850,5.650,3.6713,4.31355,11.950,1.250,5.650,4.7522
4,near,30,1e+10,P2,vehicle,6.842070e+01,4.450,4.450,5.350,4.9169,6.51257,12.950,2.050,3.750,1.9522
4,near,30,1e+11,P1,empty,1.437611e+02,4.450,1.650,5.550,-1.0000,4.26926,12.850,0.950,2.650,-1.0000
4,near,30,1e+11,P1,person,1.458258e+02,4.350,1.950,5.450,3.6378,4.97564,11.350,1.450,1.850,3.7766
4,near,30,1e+11,P1,vehicle,1.372911e+02,4.550,3.750,4.850,4.4277,4.41067,11.850,4.650,3.150,2.9701
4,near,30,1e+11,P2,empty,1.944798e+02,4.450,1.150,4.750,-1.0000,3.99725,9.150,2.450,4.450,-1.0000
4,near,30,1e+11,P2,person,1.907305e+02,4.450,0.650,5.250,3.4345,4.05508,13.650,1.050,5.550,6.2622
4,near,30,1e+11,P2,vehicle,1.860831e+02,4.450,3.450,5.550,4.4984,4.01869,11.650,0.850,2.050,1.1860
4,near,30,1e+12,P1,empty,4.446137e+02,4.750,3.150,5.550,-1.0000,4.06221,12.750,1.650,4.350,-1.0000
4,near,30,1e+12,P1,person,4.162386e+02,4.350,3.550,4.850,3.8031,3.59862,9.550,4.350,4.450,3.3644
4,near,30,1e+12,P1,vehicle,5.037326e+02,4.950,0.750,5.250,3.6318,3.56108,11.950,0.950,4.450,0.9361
4,near,30,1e+12,P2,empty,9.234670e+02,4.350,3.950,5.650,-1.0000,3.88837,5.850,3.450,4.950,-1.0000
4,near,30,1e+12,P2,person,7.963712e+02,4.650,2.250,5.450,3.4318,4.02967,10.350,4.050,2.850,3.4915
4,near,30,1e+12,P2,vehicle,6.875443e+02,4.350,3.950,5.250,4.7380,3.94227,5.750,4.450,4.350,3.8290
4,near,30,1e+13,P1,empty,1.537948e+03,4.450,3.950,5.550,-1.0000,3.88559,8.650,3.850,3.750,-1.0000
4,near,30,1e+13,P1,person,1.317467e+03,4.650,4.650,5.450,4.4919,3.55001,11.150,0.950,3.350,3.3724
4,near,30,1e+13,P1,vehicle,1.259463e+03,4.450,2.250,5.450,4.1864,3.77479,6.250,1.950,1.350,2.8357
4,near,30,1e+13,P2,empty,2.263728e+03,4.750,1.250,5.550,-1.0000,3.75274,8.350,3.450,2.050,-1.0000
4,near,30,1e+13,P2,person,1.804254e+03,4.350,1.550,4.650,3.2390,3.69274,6.650,1.650,1.550,1.6689
4,near,30,1e+13,P2,vehicle,2.236099e+03,4.550,1.350,5.650,4.1134,3.64533,10.450,2.450,1.550,1.6357
4,near,20,1e+10,P1,empty,3.052823e+01,4.650,1.850,5.650,-1.0000,7.55330,10.950,4.350,1.350,-1.0000
4,near,20,1e+10,P1,person,3.162904e+01,4.750,2.150,5.550,3.4024,7.32626,11.450,4.050,1.650,4.5869
4,near,20,1e+10,P1,vehicle,3.599438e+01,4.350,3.650,5.650,4.6870,6.86297,12.050,4.350,3.450,2.7525
4,near,20,1e+10,P2,empty,3.972986e+01,4.550,3.450,5.150,-1.0000,5.69875,13.150,4.650,1.350,-1.0000
4,near,20,1e+10,P2,person,4.098514e+01,4.550,2.150,5.550,3.5563,5.34434,12.450,1.050,1.850,4.8303
4,near,20,1e+10,P2,vehicle,4.328015e+01,5.050,4.250,5.650,4.3828,5.45192,9.650,2.350,2.250,0.9717
4,near,20,1e+11,P1,empty,1.089302e+02,4.350,1.850,5.550,-1.0000,4.88208,12.750,2.450,5.050,-1.0000
4,near,20,1e+11,P1,person,1.098015e+02,4.450,1.850,5.650,3.6713,4.43972,12.850,1.250,4.850,5.2825
4,near,20,1e+11,P1,vehicle,1.060408e+02,4.450,2.150,5.650,4.2244,4.17260,12.850,0.550,3.050,1.8361
4,near,20,1e+11,P2,empty,1.489537e+02,4.350,2.650,5.450,-1.0000,3.78596,9.250,2.050,2.750,-1.0000
4,near,20,1e+11,P2,person,1.321442e+02,4.350,4.250,5.650,4.5325,4.32185,12.450,2.950,4.050,4.8836
4,near,20,1e+11,P2,vehicle,1.942885e+02,4.350,3.550,5.450,4.6053,3.69178,10.950,3.350,1.950,1.9013
4,near,20,1e+12,P1,empty,2.900598e+02,4.650,3.450,5.450,-1.0000,3.59828,10.350,1.750,3.450,-1.0000
4,near,20,1e+12,P1,person,3.629904e+02,4.450,1.150,5.350,3.4901,4.05464,10.550,1.750,3.550,2.7783
4,near,20,1e+12,P1,vehicle,2.815305e+02,4.350,1.150,5.550,4.2820,4.18482,4.350,1.250,1.750,4.3624
4,near,20,1e+12,P2,empty,4.735756e+02,5.050,3.450,5.650,-1.0000,3.96728,12.250,1.450,2.150,-1.0000
4,near,20,1e+12,P2,person,4.757332e+02,4.750,0.950,5.650,3.4379,3.52915,10.850,4.050,4.750,4.1052
4,near,20,1e+12,P2,vehicle,4.953334e+02,4.450,2.850,5.650,4.3388,3.65834,13.350,2.950,4.050,2.6038
4,near,20,1e+13,P1,empty,8.609508e+02,4.550,0.750,5.450,-1.0000,3.64735,8.050,4.550,2.650,-1.0000
4,near,20,1e+13,P1,person,1.043781e+03,4.450,2.150,5.550,3.6350,3.67166,10.950,3.850,4.050,3.8913
4,near,20,1e+13,P1,vehicle,9.429146e+02,4.450,1.650,5.450,4.1621,3.60464,11.550,1.250,2.650,0.6695
4,near,20,1e+13,P2,empty,1.406578e+03,4.750,1.150,5.650,-1.0000,3.53477,13.250,1.450,2.450,-1.0000
4,near,20,1e+13,P2,person,1.608198e+03,4.650,4.250,5.450,4.2399,3.83189,12.750,4.350,3.150,5.6345
4,near,20,1e+13,P2,vehicle,1.704485e+03,4.550,3.850,5.450,4.5523,3.89401,11.050,4.550,3.250,2.7502
4,near,15,1e+10,P1,empty,2.142244e+01,4.550,1.650,5.350,-1.0000,8.11756,12.750,3.650,4.750,-1.0000
4,near,15,1e+10,P1,person,2.205727e+01,4.450,0.350,5.550,3.6070,8.07444,11.850,1.050,2.850,4.0786
4,near,15,1e+10,P1,vehicle,2.478775e+01,5.250,2.250,5.650,3.4732,5.80190,11.150,3.550,5.350,1.9286
4,near,15,1e+10,P2,empty,3.567838e+01,4.550,2.850,5.650,-1.0000,5.42370,13.250,1.550,3.550,-1.0000
4,near,15,1e+10,P2,person,2.779214e+01,4.650,3.950,5.450,4.0666,5.71269,9.150,0.650,2.450,1.5081
4,near,15,1e+10,P2,vehicle,2.896498e+01,4.550,4.050,5.450,4.6458,6.93961,13.450,2.450,4.650,2.5233
4,near,15,1e+11,P1,empty,6.891745e+01,4.750,1.850,5.650,-1.0000,4.86618,9.750,0.350,4.250,-1.0000
4,near,15,1e+11,P1,person,8.778687e+01,4.350,1.150,5.350,3.5730,5.55030,12.750,2.550,3.150,5.0445
4,near,15,1e+11,P1,vehicle,6.978637e+01,4.350,1.550,5.550,4.2820,4.47445,12.150,1.050,2.250,1.3901
4,near,15,1e+11,P2,empty,1.137333e+02,4.350,0.950,5.450,-1.0000,3.97247,10.850,4.350,1.650,-1.0000
4,near,15,1e+11,P2,person,8.812357e+01,4.450,0.850,5.550,3.6070,4.72953,12.850,1.350,3.450,5.0729
4,near,15,1e+11,P2,vehicle,1.147707e+02,4.450,2.450,5.650,4.2597,3.83722,9.550,2.950,1.950,1.5921
4,near,15,1e+12,P1,empty,1.899761e+02,4.650,3.350,5.350,-1.0000,3.59823,11.750,1.150,3.150,-1.0000
4,near,15,1e+12,P1,person,2.400189e+02,4.950,0.750,5.650,3.2906,3.88021,7.050,3.450,4.050,1.8960
4,near,15,1e+12,P1,vehicle,2.174601e+02,4.350,1.850,5.150,4.2070,4.23111,12.350,1.550,4.750,1.3508
4,near,15,1e+12,P2,empty,3.181242e+02,4.350,2.950,5.550,-1.0000,3.59965,7.650,2.050,3.250,-1.0000
4,near,15,1e+12,P2,person,3.219247e+02,4.350,4.050,5.650,4.4231,3.80796,13.350,3.950,1.950,6.1139
4,near,15,1e+12,P2,vehicle,4.063408e+02,4.650,0.750,5.550,3.9909,3.73435,6.550,2.350,4.650,2.0418
4,near,15,1e+13,P1,empty,6.084680e+02,4.950,3.250,5.250,-1.0000,3.86377,12.150,0.450,2.750,-1.0000
4,near,15,1e+13,P1,person,7.621011e+02,4.750,2.750,5.650,3.5947,3.56599,12.250,0.350,3.950,4.5092
4,near,15,1e+13,P1,vehicle,6.185802e+02,4.750,2.750,5.450,3.9847,3.97317,13.250,0.950,2.150,2.4108
4,near,15,1e+13,P2,empty,1.062010e+03,4.450,0.850,5.650,-1.0000,3.69228,9.450,4.650,4.050,-1.0000
4,near,15,1e+13,P2,person,1.010953e+03,4.350,1.350,5.550,3.6873,3.55782,6.850,3.150,2.550,1.6144
4,near,15,1e+13,P2,vehicle,8.933637e+02,4.350,2.750,5.250,4.3277,3.63143,6.550,1.250,3.750,1.9639
4,near,10,1e+10,P1,empty,1.130101e+01,4.350,2.450,5.250,-1.0000,7.62682,8.950,2.250,2.350,-1.0000
4,near,10,1e+10,P1,person,1.219810e+01,4.350,1.850,5.650,3.7502,9.11912,11.750,4.450,1.450,5.0974
4,near,10,1e+10,P1,vehicle,1.388203e+01,4.550,1.650,4.950,3.9839,8.12934,13.450,1.050,2.450,2.5092
4,near,10,1e+10,P2,empty,1.829208e+01,4.350,3.150,5.650,-1.0000,6.24774,12.250,2.050,2.350,-1.0000
4,near,10,1e+10,P2,person,1.405192e+01,4.350,2.550,5.650,3.8423,5.59288,7.250,0.750,1.650,1.4273
4,near,10,1e+10,P2,vehicle,1.978052e+01,4.450,2.950,5.650,4.3641,5.64886,9.950,4.450,2.650,2.6802
4,near,10,1e+11,P1,empty,3.761047e+01,4.350,1.250,5.450,-1.0000,5.10168,8.650,0.850,2.750,-1.0000
4,near,10,1e+11,P1,person,3.726877e+01,4.350,1.150,5.650,3.7471,4.80107,13.250,2.750,4.950,5.7905
4,near,10,1e+11,P1,vehicle,3.858519e+01,4.650,2.050,5.650,4.0249,4.82659,11.750,0.350,4.950,0.8373
4,near,10,1e+11,P2,empty,5.141261e+01,4.850,3.550,5.650,-1.0000,3.63922,8.850,1.650,4.450,-1.0000
4,near,10,1e+11,P2,person,4.472293e+01,4.650,3.150,5.450,3.6847,4.33133,11.650,0.550,2.950,3.8744
4,near,10,1e+11,P2,vehicle,5.588257e+01,4.450,1.450,5.650,4.2099,3.61178,12.750,1.350,4.250,1.7361
4,near,10,1e+12,P1,empty,1.210746e+02,4.350,0.750,5.650,-1.0000,4.98540,10.350,1.850,3.850,-1.0000
4,near,10,1e+12,P1,person,1.047240e+02,4.650,1.350,5.650,3.5135,4.26172,12.150,1.750,2.050,4.4912
4,near,10,1e+12,P1,vehicle,1.001960e+02,4.650,0.850,5.650,4.0171,4.01690,6.750,3.450,3.750,2.4153
4,near,10,1e+12,P2,empty,1.425706e+02,4.650,2.850,5.450,-1.0000,3.54675,12.050,0.550,2.650,-1.0000
4,near,10,1e+12,P2,person,1.706292e+02,4.350,3.050,5.650,3.9829,3.63455,8.950,0.450,1.750,1.7693
4,near,10,1e+12,P2,vehicle,1.580092e+02,4.550,2.950,5.550,4.2465,3.65636,4.750,0.350,2.550,3.7971
4,near,10,1e+13,P1,empty,3.709980e+02,4.950,1.950,5.650,-1.0000,3.80898,13.150,0.850,2.050,-1.0000
4,near,10,1e+13,P1,person,3.588959e+02,4.350,3.550,5.650,4.1790,3.61290,9.350,0.550,4.550,1.9628
4,near,10,1e+13,P1,vehicle,3.740314e+02,4.350,4.050,5.550,4.8372,3.60809,10.450,0.650,3.550,0.0000
4,near,10,1e+13,P2,empty,5.464445e+02,4.350,1.850,5.250,-1.0000,3.77304,7.350,0.450,4.350,-1.0000
4,near,10,1e+13,P2,person,6.648174e+02,4.350,1.150,5.450,3.6292,3.47685,11.150,1.750,2.450,3.4302
4,near,10,1e+13,P2,vehicle,5.112937e+02,4.350,1.350,5.650,4.3065,3.71836,6.450,1.050,3.850,2.0639
4,near,5,1e+10,P1,empty,5.374878e+00,13.450,2.350,3.250,-1.0000,8.36936,13.450,2.350,3.250,-1.0000
4,near,5,1e+10,P1,person,5.133392e+00,7.450,3.950,4.650,2.5861,7.97252,7.450,3.950,4.650,2.5861
4,near,5,1e+10,P1,vehicle,5.270340e+00,5.550,3.550,4.750,3.4477,8.13773,5.550,3.550,4.750,3.4477
4,near,5,1e+10,P2,empty,5.727844e+00,11.550,2.550,2.550,-1.0000,6.33320,11.550,2.550,2.550,-1.0000
4,near,5,1e+10,P2,person,5.518402e+00,7.450,2.050,4.550,1.2259,6.09165,7.450,2.050,4.550,1.2259
4,near,5,1e+10,P2,vehicle,6.329468e+00,6.250,3.550,5.050,2.9046,6.92206,6.250,3.550,5.050,2.9046
4,near,5,1e+11,P1,empty,1.021552e+01,12.250,4.250,3.450,-1.0000,5.04446,12.250,4.250,3.450,-1.0000
4,near,5,1e+11,P1,person,1.114499e+01,5.850,2.850,3.650,1.8925,5.48571,5.850,2.850,3.650,1.8925
4,near,5,1e+11,P1,vehicle,9.312408e+00,8.350,1.950,3.650,0.2222,4.60607,8.350,1.950,3.650,0.2222
4,near,5,1e+11,P2,empty,1.203470e+01,10.050,1.850,4.050,-1.0000,4.21316,10.050,1.850,4.050,-1.0000
4,near,5,1e+11,P2,person,1.468500e+01,8.950,3.150,5.150,2.5743,5.15372,8.950,3.150,5.150,2.5743
4,near,5,1e+11,P2,vehicle,1.215987e+01,4.850,0.750,5.250,3.7300,4.17538,12.750,1.650,2.750,1.7620
4,near,5,1e+12,P1,empty,2.568652e+01,4.650,1.350,5.650,-1.0000,3.95992,4.950,2.550,2.950,-1.0000
4,near,5,1e+12,P1,person,2.542685e+01,9.550,4.650,3.250,3.4415,3.98011,9.550,4.650,3.250,3.4415
4,near,5,1e+12,P1,vehicle,2.864481e+01,4.750,3.650,3.250,4.1940,4.44999,4.750,3.650,3.250,4.1940
4,near,5,1e+12,P2,empty,3.196777e+01,8.750,2.950,2.450,-1.0000,3.53913,8.750,2.950,2.450,-1.0000
4,near,5,1e+12,P2,person,3.682037e+01,12.650,3.050,1.850,5.2023,4.07273,12.650,3.050,1.850,5.2023
4,near,5,1e+12,P2,vehicle,3.208441e+01,6.450,2.050,4.550,2.0790,3.53462,6.450,2.050,4.550,2.0790
4,near,5,1e+13,P1,empty,7.874936e+01,9.250,2.050,2.950,-1.0000,3.88448,9.250,2.050,2.950,-1.0000
4,near,5,1e+13,P1,person,7.328415e+01,5.750,3.650,4.950,2.9617,3.57397,5.750,3.650,4.950,2.9617
4,near,5,1e+13,P1,vehicle,7.880858e+01,4.450,1.950,5.050,4.0971,3.76551,8.450,1.550,4.450,0.0639
4,near,5,1e+13,P2,empty,1.091328e+02,11.950,0.450,4.450,-1.0000,3.82496,11.950,0.450,4.450,-1.0000
4,near,5,1e+13,P2,person,1.078884e+02,12.250,3.350,4.250,4.8467,3.75990,12.250,3.350,4.250,4.8467
4,near,5,1e+13,P2,vehicle,1.035553e+02,7.650,3.950,2.350,2.4208,3.60950,7.650,3.950,2.350,2.4208
5,far,inf,1e+10,P1,empty,8.336746e+01,4.650,3.950,5.650,-1.0000,3.92687,13.150,0.850,5.450,-1.0000
5,far,inf,1e+10,P1,person,9.006963e+01,4.550,4.250,5.150,4.3264,5.19547,12.350,4.150,2.950,4.9359
5,far,inf,1e+10,P1,vehicle,9.382961e+01,4.650,3.850,4.850,4.8645,3.97707,13.250,1.950,3.050,1.8012
5,far,inf,1e+10,P2,empty,1.105338e+02,4.550,2.550,5.150,-1.0000,3.75878,8.250,4.050,1.550,-1.0000
5,far,inf,1e+10,P2,person,1.156955e+02,5.250,0.350,5.550,3.1465,3.92066,12.750,1.750,2.350,4.7523
5,far,inf,1e+10,P2,vehicle,1.217650e+02,4.850,0.450,4.850,4.2166,3.84286,13.450,1.450,4.150,2.0123
5,far,inf,1e+11,P1,empty,2.875260e+02,4.350,4.050,5.050,-1.0000,3.72107,13.150,0.450,4.950,-1.0000
5,far,inf,1e+11,P1,person,2.889937e+02,4.850,4.050,5.150,3.9982,4.46118,13.350,4.550,3.850,6.0102
5,far,inf,1e+11,P1,vehicle,2.581229e+02,5.050,2.750,1.450,4.1266,3.56627,10.650,1.550,4.650,0.7633
5,far,inf,1e+11,P2,empty,4.757401e+02,4.950,0.350,5.350,-1.0000,3.86414,8.950,2.750,2.150,-1.0000
5,far,inf,1e+11,P2,person,3.676864e+02,4.450,1.350,4.750,3.4154,3.98007,11.350,0.550,1.850,3.5389
5,far,inf,1e+11,P2,vehicle,3.923029e+02,4.750,1.950,4.150,4.2159,3.76841,4.750,1.950,4.150,4.2159
5,far,inf,1e+12,P1,empty,8.428701e+02,4.350,3.650,5.650,-1.0000,3.33608,6.550,1.550,3.050,-1.0000
5,far,inf,1e+12,P1,person,9.060369e+02,4.350,4.150,5.050,4.3775,3.56964,12.250,1.950,1.350,4.5694
5,far,inf,1e+12,P1,vehicle,8.795190e+02,5.950,0.350,5.650,3.4842,3.57012,7.550,1.050,2.750,1.4050
5,far,inf,1e+12,P2,empty,1.222295e+03,4.850,4.150,4.650,-1.0000,3.45732,12.850,1.350,4.750,-1.0000
5,far,inf,1e+12,P2,person,1.212974e+03,4.950,3.950,5.550,4.0590,3.60389,12.650,1.050,4.950,4.8083
5,far,inf,1e+12,P2,vehicle,1.341871e+03,4.450,4.550,5.450,5.5047,3.62920,5.050,3.150,4.850,4.2426
5,far,inf,1e+13,P1,empty,3.074203e+03,4.450,4.450,4.950,-1.0000,3.61683,11.850,3.950,3.850,-1.0000
5,far,inf,1e+13,P1,person,3.673044e+03,4.350,3.950,5.650,4.5238,4.12086,10.550,4.050,3.850,3.4354
5,far,inf,1e+13,P1,vehicle,3.270618e+03,4.550,1.050,5.650,4.7449,3.57177,7.650,4.050,2.950,2.6011
5,far,inf,1e+13,P2,empty,3.714385e+03,4.650,2.750,5.450,-1.0000,3.44267,5.050,3.250,2.350,-1.0000
5,far,inf,1e+13,P2,person,3.773888e+03,4.350,0.650,5.350,3.7671,3.44292,9.550,4.050,3.250,2.7765
5,far,inf,1e+13,P2,vehicle,4.182562e+03,4.550,3.850,5.650,5.1688,3.43325,8.550,1.250,2.650,0.4050
5,far,50,1e+10,P1,empty,4.855638e+01,4.550,4.150,5.450,-1.0000,6.87388,12.650,2.950,3.350,-1.0000
5,far,50,1e+10,P1,person,3.955556e+01,5.550,1.550,5.450,2.8572,6.00097,11.750,4.650,1.950,4.8737
5,far,50,1e+10,P1,vehicle,3.360931e+01,4.650,0.450,5.450,4.5801,5.79557,13.050,2.050,4.850,1.8800
5,far,50,1e+10,P2,empty,4.863177e+01,4.450,0.950,5.650,-1.0000,4.74307,13.350,1.150,1.950,-1.0000
5,far,50,1e+10,P2,person,5.002548e+01,4.850,0.450,5.150,3.2346,4.76941,13.150,3.750,1.850,5.6365
5,far,50,1e+10,P2,vehicle,4.493181e+01,4.750,4.350,4.950,5.0315,4.77737,11.050,4.150,3.350,2.3500
5,far,50,1e+11,P1,empty,1.242610e+02,4.350,1.350,5.050,-1.0000,4.84510,13.350,4.150,2.350,-1.0000
5,far,50,1e+11,P1,person,1.185572e+02,4.750,2.250,5.350,3.4694,3.82943,10.650,2.350,5.250,3.1935
5,far,50,1e+11,P1,vehicle,1.083461e+02,4.550,1.750,5.150,4.5826,4.44353,12.050,0.350,3.650,0.5950
5,far,50,1e+11,P2,empty,1.549171e+02,4.550,0.850,5.450,-1.0000,3.68144,13.150,3.750,1.950,-1.0000
5,far,50,1e+11,P2,person,1.431459e+02,5.150,1.050,5.250,3.0387,4.06439,12.350,0.650,5.050,4.5570
5,far,50,1e+11,P2,vehicle,1.495804e+02,4.650,4.050,5.550,5.1344,4.34952,9.250,0.750,4.450,0.5633
5,far,50,1e+12,P1,empty,4.546898e+02,4.550,3.950,5.650,-1.0000,3.52215,5.850,0.650,3.550,-1.0000
5,far,50,1e+12,P1,person,3.128457e+02,4.750,4.050,5.450,4.2000,3.82593,9.550,4.050,5.250,3.2917
5,far,50,1e+12,P1,vehicle,3.610466e+02,4.450,2.650,4.850,4.6846,3.67463,12.450,1.750,1.750,1.1812
5,far,50,1e+12,P2,empty,4.966608e+02,4.850,2.150,5.350,-1.0000,3.66711,6.750,2.050,4.950,-1.0000
5,far,50,1e+12,P2,person,5.054265e+02,4.350,2.550,5.550,3.9625,3.87614,9.950,3.450,1.550,3.0422
5,far,50,1e+12,P2,vehicle,4.444548e+02,4.650,1.850,5.450,4.5804,3.58977,4.650,4.250,1.650,5.0078
5,far,50,1e+13,P1,empty,9.166061e+02,4.450,3.950,4.050,-1.0000,3.87649,11.350,4.650,5.050,-1.0000
5,far,50,1e+13,P1,person,1.084464e+03,4.550,3.550,5.450,4.0901,3.39109,6.650,0.850,3.250,0.9713
5,far,50,1e+13,P1,vehicle,1.076640e+03,4.450,1.250,4.750,4.5870,3.70327,12.850,1.050,2.350,1.3954
5,far,50,1e+13,P2,empty,1.517112e+03,5.150,1.650,5.050,-1.0000,3.63939,11.450,3.250,5.650,-1.0000
5,far,50,1e+13,P2,person,1.448403e+03,4.550,0.550,4.850,3.3622,3.87484,9.350,2.150,1.750,1.9718
5,far,50,1e+13,P2,vehicle,1.455170e+03,4.350,0.650,5.150,4.7752,3.83877,8.050,0.850,3.650,0.9050
5,far,30,1e+10,P1,empty,1.963531e+01,4.750,1.750,5.350,-1.0000,7.42952,13.450,1.650,2.950,-1.0000
5,far,30,1e+10,P1,person,1.955540e+01,4.350,2.650,5.650,4.0379,7.24569,11.850,3.650,2.450,4.3147
5,far,30,1e+10,P1,vehicle,2.548393e+01,4.950,0.850,5.550,4.3367,6.07094,12.450,1.650,3.150,0.9950
5,far,30,1e+10,P2,empty,2.591933e+01,4.750,2.050,5.650,-1.0000,7.15106,12.950,3.150,1.650,-1.0000
5,far,30,1e+10,P2,person,2.383113e+01,4.550,0.750,5.150,3.4951,5.16631,10.650,0.450,2.650,2.6330
5,far,30,1e+10,P2,vehicle,2.411368e+01,4.650,4.150,4.850,4.9984,6.28595,12.050,0.750,2.550,0.5950
5,far,30,1e+11,P1,empty,6.613957e+01,4.650,3.750,5.450,-1.0000,5.30278,13.150,2.650,3.050,-1.0000
5,far,30,1e+11,P1,person,6.158470e+01,4.350,4.450,5.150,4.5877,5.34501,13.250,1.750,2.050,5.3012
5,far,30,1e+11,P1,vehicle,6.084065e+01,4.950,2.850,5.450,4.4257,4.33989,8.850,4.350,3.050,2.5522
5,far,30,1e+11,P2,empty,8.334689e+01,4.650,2.550,4.850,-1.0000,4.08788,12.550,1.650,2.950,-1.0000
5,far,30,1e+11,P2,person,8.021046e+01,4.650,3.350,5.650,4.0314,3.76410,7.350,1.050,4.150,0.7211
5,far,30,1e+11,P2,vehicle,8.970671e+01,4.350,3.650,5.650,5.2667,3.78443,7.450,4.650,2.950,3.2230
5,far,30,1e+12,P1,empty,1.686190e+02,4.650,4.450,5.650,-1.0000,4.17973,9.750,3.650,1.550,-1.0000
5,far,30,1e+12,P1,person,2.136198e+02,4.850,1.150,5.550,3.4579,3.63695,13.350,4.050,3.850,5.7899
5,far,30,1e+12,P1,vehicle,2.224031e+02,4.550,1.150,5.350,4.6417,3.53215,4.350,3.250,2.750,4.8279
5,far,30,1e+12,P2,empty,2.719515e+02,4.350,3.650,5.150,-1.0000,4.17912,13.350,2.050,4.050,-1.0000
5,far,30,1e+12,P2,person,2.721656e+02,4.350,1.450,5.250,3.7186,3.52948,11.350,1.450,4.050,3.3276
5,far,30,1e+12,P2,vehicle,3.314509e+02,4.650,1.250,5.550,4.6152,3.93250,6.850,2.350,4.150,2.1916
5,far,30,1e+13,P1,empty,6.907737e+02,4.550,1.650,4.250,-1.0000,4.63359,4.550,1.650,4.250,-1.0000
5,far,30,1e+13,P1,person,5.694604e+02,4.350,3.250,5.550,4.1691,3.53802,8.450,1.850,2.750,0.5937
5,far,30,1e+13,P1,vehicle,6.781843e+02,4.450,1.550,5.450,4.7686,3.88830,6.850,3.950,3.350,3.0089
5,far,30,1e+13,P2,empty,8.187150e+02,4.350,1.150,5.450,-1.0000,3.63987,11.850,1.050,2.350,-1.0000
5,far,30,1e+13,P2,person,7.858936e+02,4.350,2.350,5.650,3.9780,3.47797,10.750,1.450,4.550,2.8838
5,far,30,1e+13,P2,vehicle,1.067511e+03,4.350,2.250,5.650,4.9516,3.72464,9.350,3.450,3.550,1.6500
5,far,20,1e+10,P1,empty,1.103870e+01,4.350,3.550,5.650,-1.0000,6.94784,13.250,2.250,1.350,-1.0000
5,far,20,1e+10,P1,person,9.323761e+00,4.650,1.850,5.550,3.6233,7.61132,13.650,3.250,2.050,5.8996
5,far,20,1e+10,P1,vehicle,1.269053e+01,4.550,0.650,5.650,4.7449,6.53966,7.950,4.350,1.650,2.8382
5,far,20,1e+10,P2,empty,1.315504e+01,5.050,2.350,5.650,-1.0000,7.46989,8.950,1.950,2.350,-1.0000
5,far,20,1e+10,P2,person,1.339354e+01,4.550,1.650,5.550,3.7027,6.07000,11.250,2.450,3.850,3.2867
5,far,20,1e+10,P2,vehicle,1.302634e+01,5.050,1.650,5.550,4.2445,5.48145,10.550,2.150,2.050,0.4856
5,far,20,1e+11,P1,empty,2.927857e+01,4.350,1.150,5.550,-1.0000,5.17496,11.650,1.050,1.650,-1.0000
5,far,20,1e+11,P1,person,3.061874e+01,4.750,1.850,5.550,3.5418,5.54996,11.850,1.250,4.350,3.8771
5,far,20,1e+11,P1,vehicle,3.141707e+01,4.350,3.450,5.650,5.1998,4.48935,10.950,4.550,2.050,2.7705
5,far,20,1e+11,P2,empty,4.394150e+01,4.350,4.250,5.250,-1.0000,4.16432,5.950,1.950,1.750,-1.0000
5,far,20,1e+11,P2,person,4.399954e+01,4.550,3.650,5.650,4.2351,4.25753,11.150,3.350,4.650,3.6831
5,far,20,1e+11,P2,vehicle,3.894987e+01,4.850,3.250,5.450,4.6258,4.07624,10.250,4.650,2.650,2.8500
5,far,20,1e+12,P1,empty,1.023893e+02,5.050,4.650,5.450,-1.0000,3.88054,5.050,4.650,5.450,-1.0000
5,far,20,1e+12,P1,person,9.570765e+01,4.550,0.850,5.650,3.7595,4.55961,10.250,0.650,1.750,2.6071
5,far,20,1e+12,P1,vehicle,1.015351e+02,4.650,0.950,5.450,4.5801,4.11858,12.850,2.750,2.950,1.6877
5,far,20,1e+12,P2,empty,1.338901e+02,4.650,1.650,5.650,-1.0000,3.55949,10.750,0.650,1.650,-1.0000
5,far,20,1e+12,P2,person,1.455483e+02,4.450,0.950,5.250,3.6309,3.61601,8.750,3.250,4.850,2.1760
5,far,20,1e+12,P2,vehicle,1.220351e+02,4.550,1.150,5.350,4.6417,3.52896,11.750,2.950,2.950,1.1872
5,far,20,1e+13,P1,empty,3.213470e+02,4.950,1.250,5.550,-1.0000,3.49360,6.250,3.950,5.250,-1.0000
5,far,20,1e+13,P1,person,3.647349e+02,4.450,3.050,5.550,4.0196,3.55486,13.350,0.650,3.750,5.2855
5,far,20,1e+13,P1,vehicle,3.097056e+02,4.550,1.350,5.650,4.7449,3.83225,7.850,0.950,3.250,1.1050
5,far,20,1e+13,P2,empty,4.112426e+02,4.750,2.250,5.550,-1.0000,3.50175,9.050,1.450,2.850,-1.0000
5,far,20,1e+13,P2,person,3.839015e+02,4.350,3.850,5.450,4.3815,3.54392,9.950,1.950,1.850,2.3164
5,far,20,1e+13,P2,vehicle,4.875683e+02,4.350,0.850,5.650,4.9311,3.74416,11.550,1.650,2.450,0.0950
5,far,15,1e+10,P1,empty,6.911240e+00,4.350,3.950,5.450,-1.0000,7.50493,10.750,1.250,1.750,-1.0000
5,far,15,1e+10,P1,person,5.690704e+00,4.350,1.150,5.550,3.8702,7.01520,11.550,3.150,4.050,3.8114
5,far,15,1e+10,P1,vehicle,7.474731e+00,4.350,1.350,5.650,4.9311,7.13634,12.350,4.350,1.450,2.8602
5,far,15,1e+10,P2,empty,1.334515e+01,4.550,1.950,5.550,-1.0000,6.44264,13.650,2.850,4.250,-1.0000
5,far,15,1e+10,P2,person,6.810715e+00,5.150,1.450,5.250,3.0387,5.85439,13.650,3.850,2.550,6.0120
5,far,15,1e+10,P2,vehicle,7.262604e+00,5.050,1.550,5.150,4.1043,5.50435,7.450,1.250,2.950,1.5050
5,far,15,1e+11,P1,empty,1.777179e+01,4.750,4.250,5.650,-1.0000,4.92633,11.550,3.750,3.250,-1.0000
5,far,15,1e+11,P1,person,1.491287e+01,5.050,1.150,5.450,3.2381,5.23623,8.550,2.750,1.750,1.8390
5,far,15,1e+11,P1,vehicle,1.526262e+01,4.550,4.050,5.650,5.2513,6.41412,8.850,4.050,4.450,2.3218
5,far,15,1e+11,P2,empty,2.070518e+01,4.450,3.750,5.650,-1.0000,4.36567,11.350,3.250,3.350,-1.0000
5,far,15,1e+11,P2,person,2.159546e+01,4.450,2.250,5.350,3.7215,4.14305,10.350,1.550,4.150,2.3746
5,far,15,1e+11,P2,vehicle,2.178597e+01,4.350,1.550,5.650,4.9311,5.02515,5.850,4.550,2.550,4.1477
5,far,15,1e+12,P1,empty,5.366231e+01,4.750,4.250,5.350,-1.0000,3.94428,8.350,1.650,2.050,-1.0000
5,far,15,1e+12,P1,person,4.695537e+01,4.450,0.850,5.550,3.7861,3.83389,10.050,0.650,4.950,2.4639
5,far,15,1e+12,P1,vehicle,4.385732e+01,4.450,1.150,5.650,4.8378,4.25346,11.050,4.150,4.050,2.3557
5,far,15,1e+12,P2,empty,6.250478e+01,4.650,2.850,5.650,-1.0000,3.41419,11.650,1.950,5.550,-1.0000
5,far,15,1e+12,P2,person,5.916736e+01,4.450,0.950,5.250,3.6309,3.41153,11.350,4.150,3.750,4.1017
5,far,15,1e+12,P2,vehicle,6.469249e+01,4.950,4.050,5.650,4.9206,3.56081,13.350,1.850,4.850,2.1264
5,far,15,1e+13,P1,empty,1.345333e+02,4.650,1.250,5.550,-1.0000,3.86417,6.250,1.350,5.250,-1.0000
5,far,15,1e+13,P1,person,1.384457e+02,5.050,3.450,5.450,3.6807,3.61573,9.750,1.450,4.850,2.1656
5,far,15,1e+13,P1,vehicle,1.366500e+02,4.550,2.750,5.450,4.7698,3.85856,7.050,2.150,2.350,1.9373
5,far,15,1e+13,P2,empty,2.036149e+02,4.650,0.350,5.450,-1.0000,3.64901,8.850,1.350,3.050,-1.0000
5,far,15,1e+13,P2,person,1.924484e+02,4.550,1.450,5.550,3.7027,3.45180,12.050,0.750,2.150,4.1103
5,far,15,1e+13,P2,vehicle,2.163397e+02,4.850,1.250,5.650,4.4677,3.39220,10.850,0.750,5.050,1.1633
5,far,10,1e+10,P1,empty,5.987946e+00,6.050,3.150,1.950,-1.0000,9.32678,6.050,3.150,1.950,-1.0000
5,far,10,1e+10,P1,person,5.331421e+00,8.850,4.450,3.750,2.8707,8.27389,8.850,4.450,3.750,2.8707
5,far,10,1e+10,P1,vehicle,5.518875e+00,4.350,1.650,4.750,4.6853,8.11700,4.350,1.650,4.750,4.6853
5,far,10,1e+10,P2,empty,5.673340e+00,13.450,2.350,3.850,-1.0000,6.29974,13.450,2.350,3.850,-1.0000
5,far,10,1e+10,P2,person,5.077911e+00,5.650,1.550,3.650,1.9785,5.56285,5.650,1.550,3.650,1.9785
5,far,10,1e+10,P2,vehicle,5.299988e+00,11.850,0.850,3.650,0.3950,5.84397,11.850,0.850,3.650,0.3950
5,far,10,1e+11,P1,empty,1.002814e+01,12.650,0.550,5.150,-1.0000,4.95971,12.650,0.550,5.150,-1.0000
5,far,10,1e+11,P1,person,9.691681e+00,6.750,2.350,5.650,2.4254,4.77217,6.750,2.350,5.650,2.4254
5,far,10,1e+11,P1,vehicle,1.066617e+01,6.950,1.150,3.850,2.0050,5.23558,6.950,1.150,3.850,2.0050
5,far,10,1e+11,P2,empty,1.151511e+01,5.850,3.050,3.150,-1.0000,4.00984,11.350,1.250,1.750,-1.0000
5,far,10,1e+11,P2,person,1.192645e+01,10.250,2.550,1.350,2.9707,4.14515,10.250,2.550,1.350,2.9707
5,far,10,1e+11,P2,vehicle,1.080362e+01,7.150,0.950,4.250,1.8412,3.77554,7.150,0.950,4.250,1.8412
5,far,10,1e+12,P1,empty,2.951321e+01,5.150,1.550,1.750,-1.0000,4.57288,5.150,1.550,1.750,-1.0000
5,far,10,1e+12,P1,person,3.075732e+01,10.850,1.250,4.050,2.8362,4.79180,10.850,1.250,4.050,2.8362
5,far,10,1e+12,P1,vehicle,2.569403e+01,12.650,3.150,5.550,2.4530,4.01305,12.650,3.150,5.550,2.4530
5,far,10,1e+12,P2,empty,3.630002e+01,8.550,3.550,5.050,-1.0000,4.00395,8.550,3.550,5.050,-1.0000
5,far,10,1e+12,P2,person,3.443628e+01,7.750,2.450,2.250,1.1962,3.78862,7.750,2.450,2.250,1.1962
5,far,10,1e+12,P2,vehicle,3.703467e+01,8.950,2.550,3.450,0.7500,4.07734,8.950,2.550,3.450,0.7500
5,far,10,1e+13,P1,empty,7.937375e+01,4.550,1.350,5.550,-1.0000,3.58258,7.350,3.450,3.150,-1.0000
5,far,10,1e+13,P1,person,7.308598e+01,6.050,0.550,4.350,1.7952,3.59072,6.050,0.550,4.350,1.7952
5,far,10,1e+13,P1,vehicle,7.762004e+01,4.350,0.750,5.050,4.7497,3.72572,8.550,0.850,1.450,1.0205
5,far,10,1e+13,P2,empty,1.049030e+02,8.050,2.950,2.450,-1.0000,3.66441,8.050,2.950,2.450,-1.0000
5,far,10,1e+13,P2,person,1.093572e+02,11.350,3.050,4.450,3.6756,3.81018,11.350,3.050,4.450,3.6756
5,far,10,1e+13,P2,vehicle,1.024148e+02,6.150,3.350,5.350,3.5231,3.52895,6.150,3.350,5.350,3.5231
5,far,5,1e+10,P1,empty,5.527527e+00,11.350,1.650,4.150,-1.0000,8.61242,11.350,1.650,4.150,-1.0000
5,far,5,1e+10,P1,person,5.186646e+00,7.350,1.550,2.950,0.3569,8.13245,7.350,1.550,2.950,0.3569
5,far,5,1e+10,P1,vehicle,4.812042e+00,6.550,2.150,5.250,2.7866,7.52622,6.550,2.150,5.250,2.7866
5,far,5,1e+10,P2,empty,5.108826e+00,12.650,0.550,4.250,-1.0000,5.63589,12.650,0.550,4.250,-1.0000
5,far,5,1e+10,P2,person,6.335663e+00,8.050,4.450,4.050,2.8081,7.00109,8.050,4.450,4.050,2.8081
5,far,5,1e+10,P2,vehicle,5.624695e+00,10.150,3.850,3.250,2.0500,6.16398,10.150,3.850,3.250,2.0500
5,far,5,1e+11,P1,empty,1.015439e+01,6.850,1.350,4.950,-1.0000,5.01331,6.850,1.350,4.950,-1.0000
5,far,5,1e+11,P1,person,1.088208e+01,8.750,4.650,3.750,3.0389,5.38703,8.750,4.650,3.750,3.0389
5,far,5,1e+11,P1,vehicle,1.046179e+01,7.650,0.750,2.750,1.3050,5.17972,7.650,0.750,2.750,1.3050
5,far,5,1e+11,P2,empty,1.257196e+01,10.950,1.150,3.650,-1.0000,4.38177,10.950,1.150,3.650,-1.0000
5,far,5,1e+11,P2,person,1.261295e+01,9.250,1.950,2.450,1.4098,4.38461,9.250,1.950,2.450,1.4098
5,far,5,1e+11,P2,vehicle,1.372733e+01,6.750,3.350,5.050,2.9356,4.81535,6.750,3.350,5.050,2.9356
5,far,5,1e+12,P1,empty,2.490155e+01,12.450,1.850,4.450,-1.0000,3.88522,12.450,1.850,4.450,-1.0000
5,far,5,1e+12,P1,person,2.905782e+01,4.750,0.550,3.750,2.8838,4.56138,4.750,0.550,3.750,2.8838
5,far,5,1e+12,P1,vehicle,2.664154e+01,11.850,2.050,4.550,0.8115,4.18636,11.850,2.050,4.550,0.8115
5,far,5,1e+12,P2,empty,3.534848e+01,8.050,3.550,3.350,-1.0000,3.91302,8.050,3.550,3.350,-1.0000
5,far,5,1e+12,P2,person,3.215656e+01,8.750,3.250,3.650,1.7004,3.54561,8.750,3.250,3.650,1.7004
5,far,5,1e+12,P2,vehicle,3.718616e+01,7.050,3.650,1.650,2.7558,4.12187,7.050,3.650,1.650,2.7558
5,far,5,1e+13,P1,empty,9.886108e+01,5.050,2.450,1.750,-1.0000,4.91108,5.050,2.450,1.750,-1.0000
5,far,5,1e+13,P1,person,7.336926e+01,6.350,1.550,2.450,1.4669,3.63841,6.350,1.550,2.450,1.4669
5,far,5,1e+13,P1,vehicle,7.634436e+01,12.750,4.150,3.650,2.6832,3.77612,12.750,4.150,3.650,2.6832
5,far,5,1e+13,P2,empty,1.121314e+02,10.450,3.750,1.950,-1.0000,3.88541,10.450,3.750,1.950,-1.0000
5,far,5,1e+13,P2,person,1.015392e+02,6.450,0.750,5.650,2.4643,3.56401,6.450,0.750,5.650,2.4643
5,far,5,1e+13,P2,vehicle,1.110747e+02,10.450,3.150,5.350,1.9909,3.89320,10.450,3.150,5.350,1.9909
5,near,inf,1e+10,P1,empty,1.211637e+02,4.850,3.850,5.650,-1.0000,4.59890,8.050,2.750,3.150,-1.0000
5,near,inf,1e+10,P1,person,1.184608e+02,4.350,0.950,5.250,3.7186,4.91864,12.150,0.350,4.150,4.1331
5,near,inf,1e+10,P1,vehicle,8.196660e+01,4.450,0.550,5.650,4.8378,3.99681,4.750,2.450,1.750,4.3023
5,near,inf,1e+10,P2,empty,1.175773e+02,4.350,0.950,4.850,-1.0000,3.70009,11.650,0.650,5.050,-1.0000
5,near,inf,1e+10,P2,person,1.554107e+02,4.650,4.650,5.250,4.5450,4.26790,4.750,0.450,4.050,2.9270
5,near,inf,1e+10,P2,vehicle,1.446149e+02,4.450,4.250,5.250,5.3063,3.43620,4.650,0.750,3.550,4.3050
5,near,inf,1e+11,P1,empty,2.485753e+02,4.850,4.150,5.350,-1.0000,3.87919,13.550,2.850,4.550,-1.0000
5,near,inf,1e+11,P1,person,2.995323e+02,4.350,4.350,5.350,4.6058,3.58971,4.550,0.950,2.550,3.1356
5,near,inf,1e+11,P1,vehicle,2.745287e+02,4.450,4.250,5.150,5.2815,4.15149,13.050,0.550,3.450,1.5950
5,near,inf,1e+11,P2,empty,4.649543e+02,4.450,2.950,5.350,-1.0000,3.82217,4.750,1.550,3.450,-1.0000
5,near,inf,1e+11,P2,person,3.881791e+02,5.150,1.250,5.450,3.1593,4.04710,13.350,4.350,4.250,5.9563
5,near,inf,1e+11,P2,vehicle,3.482926e+02,4.450,4.650,5.050,5.4563,3.54621,13.350,1.450,4.150,1.9132
5,near,inf,1e+12,P1,empty,9.105330e+02,4.350,0.850,5.450,-1.0000,3.66668,6.150,1.850,4.750,-1.0000
5,near,inf,1e+12,P1,person,9.268771e+02,4.550,2.150,5.250,3.5723,4.21701,7.250,2.050,2.950,0.5605
5,near,inf,1e+12,P1,vehicle,9.261325e+02,4.650,0.650,4.450,4.3417,3.64310,11.250,2.750,4.250,1.0171
5,near,inf,1e+12,P2,empty,1.101471e+03,5.150,1.650,5.550,-1.0000,3.65553,12.350,2.250,4.250,-1.0000
5,near,inf,1e+12,P2,person,1.301513e+03,4.350,0.450,5.250,3.7186,3.45325,4.850,2.650,3.150,2.9298
5,near,inf,1e+12,P2,vehicle,1.316888e+03,4.350,0.550,5.550,4.8962,3.78798,5.650,2.350,2.450,3.3505
5,near,inf,1e+13,P1,empty,3.341170e+03,4.650,4.050,5.550,-1.0000,3.75595,11.050,3.450,4.250,-1.0000
5,near,inf,1e+13,P1,person,2.792408e+03,4.650,1.350,5.650,3.6782,3.80455,6.350,1.550,4.350,1.5394
5,near,inf,1e+13,P1,vehicle,3.195472e+03,4.650,4.550,5.350,5.3139,4.04806,9.650,1.550,4.050,0.1633
5,near,inf,1e+13,P2,empty,3.927562e+03,5.450,4.150,1.550,-1.0000,3.87244,5.450,4.150,1.550,-1.0000
5,near,inf,1e+13,P2,person,5.408785e+03,5.050,4.650,5.250,4.2942,3.84062,5.050,4.650,5.250,4.2942
5,near,inf,1e+13,P2,vehicle,3.905153e+03,4.350,4.350,5.350,5.4635,3.52326,5.450,4.350,3.750,4.3345
5,near,50,1e+10,P1,empty,5.398892e+01,4.950,3.650,5.650,-1.0000,6.16703,13.050,2.050,5.350,-1.0000
5,near,50,1e+10,P1,person,5.940594e+01,4.750,0.450,5.450,3.4811,7.83706,13.150,3.850,1.850,5.6736
5,near,50,1e+10,P1,vehicle,5.671654e+01,5.450,0.850,5.250,3.7608,5.14605,13.550,3.950,4.050,3.0063
5,near,50,1e+10,P2,empty,7.684489e+01,5.450,3.950,5.350,-1.0000,3.84030,13.150,3.550,4.450,-1.0000
5,near,50,1e+10,P2,person,8.245996e+01,4.450,1.250,5.450,3.7324,3.75711,10.750,4.350,1.450,4.1470
5,near,50,1e+10,P2,vehicle,8.017680e+01,4.350,0.650,5.350,4.8319,3.73966,11.050,1.050,3.950,0.0633
5,near,50,1e+11,P1,empty,1.768488e+02,5.150,1.450,5.050,-1.0000,3.99597,10.850,3.350,5.250,-1.0000
5,near,50,1e+11,P1,person,2.242029e+02,4.750,1.850,5.650,3.6011,4.03212,13.450,2.450,1.750,5.6163
5,near,50,1e+11,P1,vehicle,1.890515e+02,4.750,0.650,5.450,4.4862,4.32254,10.350,3.150,2.050,1.3913
5,near,50,1e+11,P2,empty,2.195115e+02,4.350,1.350,5.050,-1.0000,3.66434,5.050,2.950,1.350,-1.0000
5,near,50,1e+11,P2,person,2.400458e+02,4.450,4.650,5.250,4.6782,4.00081,12.050,2.750,5.050,4.4036
5,near,50,1e+11,P2,vehicle,2.529520e+02,4.650,2.750,5.550,4.7120,3.50501,5.350,3.750,1.850,4.1336
5,near,50,1e+12,P1,empty,6.627627e+02,4.350,3.450,5.350,-1.0000,3.89316,12.350,2.850,2.750,-1.0000
5,near,50,1e+12,P1,person,6.514680e+02,4.750,3.850,5.650,4.1914,3.90696,13.150,4.050,5.050,5.8116
5,near,50,1e+12,P1,vehicle,5.140002e+02,4.750,3.350,4.850,4.5840,4.10572,11.350,0.550,3.050,0.0000
5,near,50,1e+12,P2,empty,9.491604e+02,4.750,2.050,5.650,-1.0000,3.44954,13.450,4.350,2.050,-1.0000
5,near,50,1e+12,P2,person,8.433420e+02,4.350,0.650,5.350,3.7671,3.74114,11.050,0.950,5.250,3.4640
5,near,50,1e+12,P2,vehicle,8.584597e+02,4.350,4.150,5.450,5.4012,3.65899,8.150,3.150,3.450,1.5718
5,near,50,1e+13,P1,empty,1.781606e+03,4.550,3.950,5.350,-1.0000,3.72412,13.550,2.450,2.850,-1.0000
5,near,50,1e+13,P1,person,1.721700e+03,4.550,1.550,5.450,3.6478,3.53272,9.450,2.350,5.650,2.6503
5,near,50,1e+13,P1,vehicle,1.818401e+03,4.350,0.750,5.650,4.9311,3.70699,6.050,4.450,2.050,3.9465
5,near,50,1e+13,P2,empty,2.618128e+03,4.550,3.250,5.250,-1.0000,3.38868,7.050,0.950,3.450,-1.0000
5,near,50,1e+13,P2,person,2.461257e+03,4.350,2.550,5.650,4.0156,3.46300,12.450,3.050,4.550,4.7049
5,near,50,1e+13,P2,vehicle,2.393566e+03,4.550,3.350,4.850,4.7681,3.78970,10.750,3.250,2.450,1.4500
5,near,30,1e+10,P1,empty,4.282573e+01,4.450,1.250,5.250,-1.0000,6.92116,13.350,2.150,2.350,-1.0000
5,near,30,1e+10,P1,person,4.533946e+01,4.550,3.850,5.350,4.1887,6.51046,12.350,1.650,1.450,4.6159
5,near,30,1e+10,P1,vehicle,4.487248e+01,5.150,0.750,5.350,4.0767,6.25602,13.450,2.150,4.550,2.1313
5,near,30,1e+10,P2,empty,6.456352e+01,4.350,3.450,5.550,-1.0000,5.53502,13.650,4.650,3.150,-1.0000
5,near,30,1e+10,P2,person,6.455943e+01,4.650,1.050,5.650,3.6782,5.37820,12.250,4.050,3.050,4.7960
5,near,30,1e+10,P2,vehicle,6.351782e+01,4.550,0.650,5.350,4.6417,5.86723,13.150,4.650,1.750,3.3765
5,near,30,1e+11,P1,empty,1.315966e+02,4.650,1.850,5.650,-1.0000,4.14767,13.150,2.350,3.650,-1.0000
5,near,30,1e+11,P1,person,1.753731e+02,4.350,1.150,5.450,3.8177,3.94520,11.750,2.050,3.550,3.6959
5,near,30,1e+11,P1,vehicle,1.465102e+02,4.350,1.750,5.150,4.7752,4.67092,12.550,0.550,2.050,1.1456
5,near,30,1e+11,P2,empty,1.816796e+02,4.850,0.450,5.150,-1.0000,4.12326,13.550,1.750,1.350,-1.0000
5,near,30,1e+11,P2,person,1.838085e+02,4.750,1.950,5.650,3.6066,3.68756,6.450,4.550,4.050,3.1332
5,near,30,1e+11,P2,vehicle,1.991767e+02,4.350,1.350,4.950,4.7262,3.34919,13.550,2.250,2.450,2.1428
5,near,30,1e+12,P1,empty,4.520942e+02,4.850,1.950,5.650,-1.0000,3.74307,12.250,0.450,4.550,-1.0000
5,near,30,1e+12,P1,person,4.249905e+02,4.350,0.450,4.750,3.5085,4.08495,5.450,4.150,3.250,3.2737
5,near,30,1e+12,P1,vehicle,4.184891e+02,4.550,3.950,5.650,5.2092,4.24467,13.150,3.550,4.150,2.4505
5,near,30,1e+12,P2,empty,6.199301e+02,4.750,3.050,5.650,-1.0000,3.74179,6.150,3.850,4.050,-1.0000
5,near,30,1e+12,P2,person,6.955212e+02,4.750,3.750,5.250,3.9463,3.54852,4.750,3.750,5.250,3.9463
5,near,30,1e+12,P2,vehicle,5.806826e+02,4.850,1.850,5.650,4.4680,3.51060,12.850,3.250,2.850,2.0121
5,near,30,1e+13,P1,empty,1.408176e+03,4.550,1.750,5.350,-1.0000,3.61569,12.850,4.150,3.150,-1.0000
5,near,30,1e+13,P1,person,1.474453e+03,4.850,1.050,5.650,3.5187,3.85537,10.150,0.650,2.150,2.3207
5,near,30,1e+13,P1,vehicle,1.222282e+03,4.350,0.850,4.850,4.7047,3.61005,7.450,1.450,4.150,1.5279
5,near,30,1e+13,P2,empty,2.303408e+03,4.450,1.350,5.550,-1.0000,3.54584,9.850,1.450,2.850,-1.0000
5,near,30,1e+13,P2,person,2.159022e+03,4.850,1.050,5.150,3.2346,3.54448,7.050,0.850,4.550,1.2113
5,near,30,1e+13,P2,vehicle,2.067216e+03,4.650,4.450,5.550,5.3219,3.73999,8.850,2.450,5.050,1.3367
5,near,20,1e+10,P1,empty,3.058120e+01,4.350,1.250,5.550,-1.0000,7.06071,10.750,2.450,1.950,-1.0000
5,near,20,1e+10,P1,person,2.734764e+01,4.650,1.650,5.450,3.5640,7.20417,8.750,0.650,1.850,1.4948
5,near,20,1e+10,P1,vehicle,3.145070e+01,4.350,3.650,5.450,5.2032,7.48318,13.050,4.050,3.150,2.7580
5,near,20,1e+10,P2,empty,4.786895e+01,4.450,1.650,5.550,-1.0000,7.10751,11.250,3.450,4.350,-1.0000
5,near,20,1e+10,P2,person,4.394307e+01,4.750,1.750,5.450,3.4814,4.75876,9.950,4.050,1.450,3.4715
5,near,20,1e+10,P2,vehicle,4.100969e+01,4.450,0.550,5.350,4.7367,5.01926,13.450,2.250,3.650,2.0451
5,near,20,1e+11,P1,empty,9.533061e+01,4.550,3.550,5.650,-1.0000,4.77623,13.550,4.150,3.350,-1.0000
5,near,20,1e+11,P1,person,1.114693e+02,4.550,1.450,5.650,3.7595,4.43966,11.550,4.050,4.450,4.3083
5,near,20,1e+11,P1,vehicle,1.108614e+02,4.350,3.750,5.550,5.2702,4.46673,12.250,1.250,4.350,0.9201
5,near,20,1e+11,P2,empty,1.430060e+02,4.750,2.150,5.550,-1.0000,3.69238,13.250,0.750,3.850,-1.0000
5,near,20,1e+11,P2,person,1.499035e+02,4.450,1.250,5.450,3.7324,4.29123,12.050,1.950,3.250,3.9865
5,near,20,1e+11,P2,vehicle,1.475060e+02,4.450,0.850,5.350,4.7367,3.85439,11.650,1.150,3.550,0.1950
5,near,20,1e+12,P1,empty,3.637079e+02,4.750,1.350,5.650,-1.0000,3.77340,8.150,1.750,4.550,-1.0000
5,near,20,1e+12,P1,person,3.265203e+02,4.850,0.950,5.250,3.2873,3.98128,12.150,3.350,4.050,4.4363
5,near,20,1e+12,P1,vehicle,3.309771e+02,4.350,1.450,5.150,4.7752,3.61292,13.450,3.750,2.650,2.7897
5,near,20,1e+12,P2,empty,4.842550e+02,4.350,1.650,5.350,-1.0000,3.62568,9.050,2.050,3.850,-1.0000
5,near,20,1e+12,P2,person,4.343682e+02,4.450,1.850,5.350,3.6837,3.43547,8.450,1.650,4.950,1.5162
5,near,20,1e+12,P2,vehicle,4.395296e+02,4.850,1.350,5.550,4.4292,3.49721,11.450,3.950,1.950,2.1939
5,near,20,1e+13,P1,empty,9.670793e+02,4.850,1.250,5.250,-1.0000,3.59294,10.850,4.250,4.250,-1.0000
5,near,20,1e+13,P1,person,8.459208e+02,4.550,4.450,5.550,4.6122,3.66746,12.150,4.050,2.350,4.7802
5,near,20,1e+13,P1,vehicle,8.221587e+02,4.450,3.550,5.450,5.0796,3.99677,7.450,3.550,4.350,2.3542
5,near,20,1e+13,P2,empty,1.193582e+03,5.050,1.150,5.650,-1.0000,3.58765,10.250,0.550,2.750,-1.0000
5,near,20,1e+13,P2,person,1.390117e+03,4.550,2.150,5.550,3.7300,3.70370,11.350,3.950,3.650,3.9800
5,near,20,1e+13,P2,vehicle,1.433514e+03,4.350,1.350,5.550,4.8962,3.55584,11.250,0.350,3.250,0.0000
5,near,15,1e+10,P1,empty,2.739758e+01,4.350,1.450,4.450,-1.0000,6.71487,10.550,3.950,5.150,-1.0000
5,near,15,1e+10,P1,person,2.099651e+01,4.750,1.150,5.450,3.4811,9.52922,11.750,0.950,3.150,3.6788
5,near,15,1e+10,P1,vehicle,2.547359e+01,4.550,3.550,5.550,5.0233,9.23399,12.550,2.250,3.050,1.1838
5,near,15,1e+10,P2,empty,3.410992e+01,4.450,2.750,5.650,-1.0000,5.45110,9.850,2.850,2.950,-1.0000
5,near,15,1e+10,P2,person,2.765854e+01,4.450,1.350,5.250,3.6309,5.72756,11.950,1.650,3.350,3.8787
5,near,15,1e+10,P2,vehicle,3.621017e+01,4.650,3.450,5.650,4.9361,6.31284,12.050,3.150,4.850,1.7620
5,near,15,1e+11,P1,empty,7.928264e+01,4.650,3.350,5.650,-1.0000,4.81812,13.250,4.550,4.450,-1.0000
5,near,15,1e+11,P1,person,1.159013e+02,4.350,1.250,5.550,3.8702,5.26227,12.850,3.050,4.350,5.0410
5,near,15,1e+11,P1,vehicle,6.764120e+01,4.450,2.550,5.450,4.8272,5.67035,11.850,0.550,3.550,0.3950
5,near,15,1e+11,P2,empty,1.055441e+02,4.550,2.150,5.650,-1.0000,4.17746,12.950,2.750,1.350,-1.0000
5,near,15,1e+11,P2,person,9.836989e+01,4.850,1.150,5.650,3.5187,4.22147,9.750,0.550,1.950,2.0822
5,near,15,1e+11,P2,vehicle,9.015692e+01,4.550,2.250,5.450,4.6958,3.86981,7.150,1.850,1.450,2.0342
5,near,15,1e+12,P1,empty,2.213087e+02,4.850,1.250,5.250,-1.0000,3.61867,11.350,3.950,3.850,-1.0000
5,near,15,1e+12,P1,person,2.315792e+02,4.850,0.850,5.550,3.4579,3.81198,8.850,3.550,2.350,2.1728
5,near,15,1e+12,P1,vehicle,1.864809e+02,4.450,1.850,5.150,4.6791,4.81316,11.650,2.250,2.250,0.5091
5,near,15,1e+12,P2,empty,2.869426e+02,4.350,0.550,5.450,-1.0000,3.94164,12.950,0.550,1.650,-1.0000
5,near,15,1e+12,P2,person,3.092541e+02,4.350,0.350,5.150,3.6721,3.45342,6.650,3.650,5.050,2.6842
5,near,15,1e+12,P2,vehicle,3.003793e+02,4.350,3.850,5.550,5.3081,3.46363,12.550,3.850,5.050,2.5990
5,near,15,1e+13,P1,empty,6.185056e+02,4.350,4.150,5.250,-1.0000,3.77384,6.550,2.150,3.350,-1.0000
5,near,15,1e+13,P1,person,7.039712e+02,4.350,1.550,5.650,3.9246,3.50693,12.850,0.950,2.950,4.7843
5,near,15,1e+13,P1,vehicle,5.881318e+02,4.350,3.850,5.350,5.2488,3.81814,7.750,3.050,2.350,1.7366
5,near,15,1e+13,P2,empty,9.643232e+02,4.750,3.150,5.550,-1.0000,3.59282,11.450,1.950,4.450,-1.0000
5,near,15,1e+13,P2,person,8.303359e+02,4.650,3.850,5.450,4.1623,3.46549,8.450,1.550,1.450,1.7728
5,near,15,1e+13,P2,vehicle,1.126449e+03,4.350,3.550,5.650,5.2324,3.78035,6.150,2.350,1.450,3.0080
5,near,10,1e+10,P1,empty,1.211833e+01,4.450,1.650,5.450,-1.0000,6.83037,11.550,4.650,3.650,-1.0000
5,near,10,1e+10,P1,person,1.519797e+01,4.450,0.950,5.650,3.8416,6.98879,8.450,3.250,2.650,1.6819
5,near,10,1e+10,P1,vehicle,1.910681e+01,4.350,1.250,5.650,4.9311,7.64841,13.350,1.150,2.150,1.9097
5,near,10,1e+10,P2,empty,1.338557e+01,4.350,0.650,5.450,-1.0000,6.54569,13.350,4.650,4.450,-1.0000
5,near,10,1e+10,P2,person,1.603993e+01,4.650,2.150,5.550,3.6481,6.11163,9.350,4.050,4.550,2.8807
5,near,10,1e+10,P2,vehicle,1.696326e+01,4.350,2.250,5.650,4.9516,5.98667,13.650,2.550,2.950,2.3196
5,near,10,1e+11,P1,empty,3.412140e+01,4.350,4.350,5.250,-1.0000,5.55450,10.950,4.050,1.950,-1.0000
5,near,10,1e+11,P1,person,3.501501e+01,4.450,1.450,5.450,3.7324,4.55434,9.950,3.050,4.150,2.4080
5,near,10,1e+11,P1,vehicle,3.431795e+01,4.450,2.850,5.650,4.9505,5.05536,12.550,2.550,5.150,1.8323
5,near,10,1e+11,P2,empty,5.599094e+01,4.350,0.650,5.650,-1.0000,4.40192,11.750,3.650,3.750,-1.0000
5,near,10,1e+11,P2,person,4.604211e+01,4.550,3.150,5.650,4.0294,4.34904,7.850,2.450,5.350,2.0131
5,near,10,1e+11,P2,vehicle,4.940596e+01,4.450,1.150,5.650,4.8378,3.95368,8.650,1.050,4.950,1.1062
5,near,10,1e+12,P1,empty,1.293096e+02,4.450,2.050,5.650,-1.0000,4.08557,4.950,3.650,2.250,-1.0000
5,near,10,1e+12,P1,person,1.008836e+02,4.450,0.350,5.350,3.6806,4.38291,12.150,4.450,4.650,5.0560
5,near,10,1e+12,P1,vehicle,1.229797e+02,4.350,2.250,5.450,4.8839,4.06615,13.550,2.450,2.750,2.1935
5,near,10,1e+12,P2,empty,1.886754e+02,4.450,2.150,5.550,-1.0000,3.75761,6.650,0.350,2.850,-1.0000
5,near,10,1e+12,P2,person,1.490275e+02,4.650,1.150,5.650,3.6782,4.27001,11.350,4.550,4.750,4.5255
5,near,10,1e+12,P2,vehicle,1.694666e+02,4.350,1.450,5.550,4.8962,3.56155,11.250,3.150,2.150,1.3706
5,near,10,1e+13,P1,empty,2.894327e+02,5.250,1.550,5.650,-1.0000,4.35691,10.350,1.350,4.150,-1.0000
5,near,10,1e+13,P1,person,3.587365e+02,4.750,1.950,5.650,3.6066,3.51557,4.750,1.450,3.850,2.8948
5,near,10,1e+13,P1,vehicle,3.874431e+02,4.650,2.750,5.650,4.7482,3.63631,7.550,0.350,2.250,1.4117
5,near,10,1e+13,P2,empty,4.867549e+02,4.550,1.450,5.650,-1.0000,3.58809,5.250,3.150,5.650,-1.0000
5,near,10,1e+13,P2,person,6.934748e+02,4.350,1.250,5.450,3.8177,3.42755,10.450,0.450,3.350,2.3787
5,near,10,1e+13,P2,vehicle,5.264802e+02,4.350,1.750,5.550,4.8962,3.51447,5.050,1.050,2.050,3.9195
5,near,5,1e+10,P1,empty,6.145325e+00,12.450,4.350,3.450,-1.0000,9.62957,12.450,4.350,3.450,-1.0000
5,near,5,1e+10,P1,person,5.240570e+00,4.450,2.450,3.450,3.2588,8.12206,4.450,2.450,3.450,3.2588
5,near,5,1e+10,P1,vehicle,5.797852e+00,13.050,4.550,3.450,3.1791,9.09280,13.050,4.550,3.450,3.1791
5,near,5,1e+10,P2,empty,4.655136e+00,5.750,0.950,5.350,-1.0000,5.01725,5.750,0.950,5.350,-1.0000
5,near,5,1e+10,P2,person,6.483459e+00,12.550,2.950,1.850,4.8369,7.17383,12.550,2.950,1.850,4.8369
5,near,5,1e+10,P2,vehicle,5.172913e+00,11.950,3.450,2.250,1.7281,5.68853,11.950,3.450,2.250,1.7281
5,near,5,1e+11,P1,empty,1.081171e+01,10.350,1.750,3.050,-1.0000,5.35664,10.350,1.750,3.050,-1.0000
5,near,5,1e+11,P1,person,1.028946e+01,5.550,3.350,1.650,3.0593,5.08605,5.550,3.350,1.650,3.0593
5,near,5,1e+11,P1,vehicle,1.163412e+01,10.150,2.450,4.450,0.8601,5.76240,10.150,2.450,4.450,0.8601
5,near,5,1e+11,P2,empty,1.189670e+01,7.850,1.650,4.350,-1.0000,4.17480,7.850,1.650,4.350,-1.0000
5,near,5,1e+11,P2,person,1.297858e+01,10.950,3.250,2.050,3.4598,4.55178,10.950,3.250,2.050,3.4598
5,near,5,1e+11,P2,vehicle,1.459558e+01,9.350,1.650,5.650,1.7633,5.08936,9.350,1.650,5.650,1.7633
5,near,5,1e+12,P1,empty,2.825955e+01,5.950,4.450,3.850,-1.0000,4.41040,5.950,4.450,3.850,-1.0000
5,near,5,1e+12,P1,person,2.519678e+01,4.650,1.350,5.550,3.6202,3.83578,10.250,0.550,1.650,2.6633
5,near,5,1e+12,P1,vehicle,2.663968e+01,5.550,2.850,3.050,3.5632,4.13870,5.550,2.850,3.050,3.5632
5,near,5,1e+12,P2,empty,3.471002e+01,12.950,3.150,2.350,-1.0000,3.84607,12.950,3.150,2.350,-1.0000
5,near,5,1e+12,P2,person,3.810858e+01,11.450,3.650,3.450,3.9010,4.20672,11.450,3.650,3.450,3.9010
5,near,5,1e+12,P2,vehicle,3.386401e+01,10.550,1.050,2.250,0.1367,3.73625,10.550,1.050,2.250,0.1367
5,near,5,1e+13,P1,empty,7.559869e+01,10.250,3.950,2.450,-1.0000,3.73416,10.250,3.950,2.450,-1.0000
5,near,5,1e+13,P1,person,8.014291e+01,4.350,3.750,1.550,4.1913,3.93446,4.350,3.750,1.550,4.1913
5,near,5,1e+13,P1,vehicle,8.394427e+01,10.550,1.150,3.450,0.0000,4.17507,10.550,1.150,3.450,0.0000
5,near,5,1e+13,P2,empty,1.089381e+02,4.950,1.950,5.550,-1.0000,3.67699,8.550,1.150,3.050,-1.0000
5,near,5,1e+13,P2,person,1.006162e+02,12.150,3.450,3.950,4.4629,3.51519,12.150,3.450,3.950,4.4629
5,near,5,1e+13,P2,vehicle,1.101815e+02,5.650,1.650,5.550,3.7000,3.69119,5.650,1.650,5.550,3.7000
6,far,inf,1e+10,P1,empty,9.300240e+01,4.450,0.450,4.350,-1.0000,4.41180,12.950,3.850,2.750,-1.0000
6,far,inf,1e+10,P1,person,9.456880e+01,4.850,3.850,5.250,3.6874,4.08054,12.350,4.350,3.350,5.2982
6,far,inf,1e+10,P1,vehicle,8.826050e+01,4.350,1.350,5.650,4.6522,3.97336,12.550,3.650,5.150,2.5674
6,far,inf,1e+10,P2,empty,1.218766e+02,4.650,4.550,5.150,-1.0000,3.68264,11.750,3.250,4.850,-1.0000
6,far,inf,1e+10,P2,person,1.299184e+02,4.650,4.450,5.050,4.1133,3.67015,11.050,1.050,3.450,3.2878
6,far,inf,1e+10,P2,vehicle,1.122980e+02,4.650,4.250,5.150,4.8703,3.51962,10.550,1.450,1.650,0.8430
6,far,inf,1e+11,P1,empty,2.575464e+02,5.950,2.050,4.450,-1.0000,4.23139,8.450,1.250,2.050,-1.0000
6,far,inf,1e+11,P1,person,2.866589e+02,5.250,2.650,4.750,2.5711,3.86330,9.550,1.750,5.150,2.4040
6,far,inf,1e+11,P1,vehicle,2.975166e+02,4.350,1.250,5.450,4.5847,4.09263,13.050,1.250,5.150,2.1845
6,far,inf,1e+11,P2,empty,3.676329e+02,4.350,3.850,5.350,-1.0000,3.54667,9.350,4.450,5.450,-1.0000
6,far,inf,1e+11,P2,person,3.838939e+02,4.850,3.250,5.150,3.3235,3.46445,10.450,0.950,3.150,2.6894
6,far,inf,1e+11,P2,vehicle,3.848165e+02,6.950,0.950,1.950,1.8295,4.09110,6.950,0.950,1.950,1.8295
6,far,inf,1e+12,P1,empty,9.096445e+02,4.850,0.550,5.350,-1.0000,3.97530,11.950,1.050,2.450,-1.0000
6,far,inf,1e+12,P1,person,8.996289e+02,4.850,1.250,5.550,3.1762,3.63816,5.550,3.050,2.450,2.3575
6,far,inf,1e+12,P1,vehicle,1.099690e+03,4.550,4.250,5.150,4.9537,3.59879,10.050,3.050,5.450,1.9198
6,far,inf,1e+12,P2,empty,1.228938e+03,4.750,3.250,5.450,-1.0000,3.71300,11.250,1.650,2.350,-1.0000
6,far,inf,1e+12,P2,person,1.528899e+03,4.350,3.750,5.350,4.0299,3.50708,12.450,2.250,2.950,4.7291
6,far,inf,1e+12,P2,vehicle,1.257603e+03,4.550,3.750,5.350,4.7793,4.13635,10.550,1.050,2.450,0.0430
6,far,inf,1e+13,P1,empty,3.311259e+03,4.650,0.850,5.450,-1.0000,3.61028,12.350,1.650,5.450,-1.0000
6,far,inf,1e+13,P1,person,3.255735e+03,4.550,1.050,5.650,3.4737,3.69169,8.850,1.150,5.050,1.8581
6,far,inf,1e+13,P1,vehicle,4.388006e+03,4.350,4.150,5.450,5.1519,4.05966,4.350,4.150,5.450,5.1519
6,far,inf,1e+13,P2,empty,3.863476e+03,4.350,4.550,5.450,-1.0000,3.42223,8.250,4.350,4.550,-1.0000
6,far,inf,1e+13,P2,person,3.954525e+03,5.350,0.450,5.650,2.8788,3.46899,6.750,4.050,1.550,2.9507
6,far,inf,1e+13,P2,vehicle,4.050346e+03,4.550,0.650,5.650,4.4658,3.66916,5.650,2.850,3.250,3.2229
6,far,50,1e+10,P1,empty,3.745664e+01,4.450,3.150,5.650,-1.0000,5.72051,12.950,2.950,4.050,-1.0000
6,far,50,1e+10,P1,person,3.328796e+01,4.650,0.450,5.250,3.1621,8.64116,11.350,2.350,1.550,4.0203
6,far,50,1e+10,P1,vehicle,3.165237e+01,4.350,0.350,4.350,4.3617,7.25388,13.450,3.750,5.250,3.2340
6,far,50,1e+10,P2,empty,6.039116e+01,4.450,1.150,5.350,-1.0000,4.74509,11.750,2.850,4.250,-1.0000
6,far,50,1e+10,P2,person,4.752982e+01,4.750,0.950,5.650,3.3169,4.95966,11.350,2.150,5.550,4.1353
6,far,50,1e+10,P2,vehicle,4.994681e+01,4.350,4.150,5.150,5.0752,4.86959,13.050,3.350,5.150,2.6786
6,far,50,1e+11,P1,empty,1.020611e+02,4.350,1.250,5.150,-1.0000,4.81333,12.650,4.050,4.950,-1.0000
6,far,50,1e+11,P1,person,1.089497e+02,4.950,1.850,5.450,3.0392,4.39218,13.650,1.350,5.350,6.1587
6,far,50,1e+11,P1,vehicle,1.190758e+02,4.750,1.650,5.650,4.2808,4.32704,9.950,2.250,2.150,0.5658
6,far,50,1e+11,P2,empty,1.627098e+02,4.650,1.050,5.450,-1.0000,3.68868,8.650,2.550,1.350,-1.0000
6,far,50,1e+11,P2,person,1.686046e+02,4.650,0.450,5.250,3.1621,3.84501,13.550,3.150,2.850,5.9796
6,far,50,1e+11,P2,vehicle,1.654630e+02,4.350,0.950,5.650,4.6522,3.82892,12.150,3.250,4.650,1.8554
6,far,50,1e+12,P1,empty,3.261202e+02,4.350,0.750,5.150,-1.0000,3.89338,10.850,3.750,4.050,-1.0000
6,far,50,1e+12,P1,person,3.700899e+02,4.550,2.550,5.150,3.3065,4.00362,6.150,1.350,5.250,2.0646
6,far,50,1e+12,P1,vehicle,3.833940e+02,4.750,1.850,5.450,4.2077,4.36634,13.550,2.450,2.450,2.4415
6,far,50,1e+12,P2,empty,5.244597e+02,4.450,2.950,5.650,-1.0000,3.51278,9.050,1.850,3.350,-1.0000
6,far,50,1e+12,P2,person,4.949485e+02,4.350,4.650,4.950,4.4108,3.32959,5.350,4.450,4.150,3.4323
6,far,50,1e+12,P2,vehicle,5.179358e+02,4.650,4.250,5.050,4.8475,3.63692,7.450,2.350,1.750,1.5523
6,far,50,1e+13,P1,empty,1.125229e+03,4.350,1.450,5.650,-1.0000,3.81551,12.250,0.950,1.650,-1.0000
6,far,50,1e+13,P1,person,1.247576e+03,4.750,2.950,5.550,3.4861,3.77768,8.950,1.550,1.750,1.9083
6,far,50,1e+13,P1,vehicle,1.125816e+03,4.450,2.750,5.450,4.5894,3.49888,12.350,4.150,2.950,2.6176
6,far,50,1e+13,P2,empty,1.852000e+03,4.350,3.150,5.650,-1.0000,3.63914,4.550,2.150,4.350,-1.0000
6,far,50,1e+13,P2,person,1.718792e+03,4.450,0.650,5.350,3.3846,3.80280,8.350,3.550,5.250,2.5846
6,far,50,1e+13,P2,vehicle,1.728765e+03,4.550,1.550,5.450,4.3956,3.79214,5.150,1.450,1.950,3.5884
6,far,30,1e+10,P1,empty,2.207176e+01,4.550,3.450,5.250,-1.0000,6.58137,10.750,3.550,4.150,-1.0000
6,far,30,1e+10,P1,person,2.122981e+01,4.450,2.250,5.450,3.4827,7.19952,11.050,4.450,3.650,4.2876
6,far,30,1e+10,P1,vehicle,2.142029e+01,4.450,0.850,4.850,4.3327,7.12179,10.650,1.750,4.350,0.3570
6,far,30,1e+10,P2,empty,3.057014e+01,5.050,0.750,5.350,-1.0000,5.82739,13.050,0.650,2.450,-1.0000
6,far,30,1e+10,P2,person,2.993588e+01,4.550,4.650,5.350,4.4267,4.76927,13.550,1.750,2.150,5.8904
6,far,30,1e+10,P2,vehicle,2.857498e+01,4.450,3.450,5.450,4.7836,4.65841,10.950,1.550,1.850,0.6430
6,far,30,1e+11,P1,empty,6.468980e+01,4.650,4.450,5.350,-1.0000,4.18253,11.650,0.650,2.450,-1.0000
6,far,30,1e+11,P1,person,8.476682e+01,4.550,4.150,5.250,4.0674,4.90564,12.850,4.150,5.550,5.9928
6,far,30,1e+11,P1,vehicle,6.969692e+01,4.650,1.550,5.650,4.3731,4.61305,10.750,0.650,3.750,0.0000
6,far,30,1e+11,P2,empty,8.831685e+01,4.450,1.150,5.050,-1.0000,3.84782,11.650,2.250,4.450,-1.0000
6,far,30,1e+11,P2,person,9.923486e+01,4.750,2.850,5.650,3.5106,3.95914,9.750,1.050,3.250,1.9878
6,far,30,1e+11,P2,vehicle,8.259665e+01,5.150,0.650,5.650,3.9150,3.66613,12.750,4.550,1.650,3.2688
6,far,30,1e+12,P1,empty,2.060318e+02,4.350,4.050,5.050,-1.0000,3.65121,11.350,1.750,2.350,-1.0000
6,far,30,1e+12,P1,person,1.620812e+02,4.350,3.950,5.450,4.1799,3.94518,10.850,4.350,5.250,4.4124
6,far,30,1e+12,P1,vehicle,1.914035e+02,4.450,3.150,5.250,4.6303,3.84728,11.250,1.350,1.950,0.5455
6,far,30,1e+12,P2,empty,2.746012e+02,4.350,1.150,5.350,-1.0000,4.00995,11.650,1.950,3.850,-1.0000
6,far,30,1e+12,P2,person,2.484154e+02,4.950,2.050,5.650,3.1843,3.89441,10.050,1.050,1.450,2.9071
6,far,30,1e+12,P2,vehicle,2.568838e+02,4.850,2.350,5.350,4.1163,3.97233,9.850,3.350,2.550,1.5500
6,far,30,1e+13,P1,empty,6.057472e+02,4.350,4.150,5.450,-1.0000,3.45204,8.750,0.350,3.050,-1.0000
6,far,30,1e+13,P1,person,5.658044e+02,4.650,0.950,5.550,3.3336,3.55691,10.650,0.350,4.150,2.9508
6,far,30,1e+13,P1,vehicle,6.561910e+02,4.350,4.050,5.550,5.1365,3.54419,7.450,2.650,4.850,1.7355
6,far,30,1e+13,P2,empty,8.073657e+02,4.450,0.550,5.350,-1.0000,3.70933,4.950,1.950,1.550,-1.0000
6,far,30,1e+13,P2,person,7.713991e+02,4.450,3.050,5.250,3.5954,3.48940,13.650,3.950,4.950,6.4581
6,far,30,1e+13,P2,vehicle,9.213091e+02,4.350,2.550,4.950,4.5139,3.53599,8.250,3.650,4.350,1.9364
6,far,20,1e+10,P1,empty,8.886063e+00,4.350,3.950,5.350,-1.0000,8.89915,10.350,2.650,1.650,-1.0000
6,far,20,1e+10,P1,person,1.229521e+01,4.350,2.350,5.650,3.6924,7.51294,9.750,1.450,4.450,2.1847
6,far,20,1e+10,P1,vehicle,1.095998e+01,4.450,2.350,5.350,4.4924,7.21455,10.850,1.150,2.550,0.0000
6,far,20,1e+10,P2,empty,1.310457e+01,4.450,4.050,5.650,-1.0000,6.18869,12.250,2.250,3.550,-1.0000
6,far,20,1e+10,P2,person,1.619695e+01,4.350,4.450,5.350,4.4272,4.36087,7.750,3.050,5.550,2.4183
6,far,20,1e+10,P2,vehicle,1.491974e+01,4.550,3.150,5.650,4.6654,6.20428,10.550,4.150,5.350,2.7137
6,far,20,1e+11,P1,empty,3.096851e+01,4.350,0.450,5.150,-1.0000,5.58911,10.250,2.750,2.850,-1.0000
6,far,20,1e+11,P1,person,3.842847e+01,4.350,3.650,5.550,4.0747,4.97263,10.550,3.150,2.050,3.3614
6,far,20,1e+11,P1,vehicle,3.045886e+01,4.450,1.150,5.450,4.4900,5.42726,11.650,0.750,2.650,0.4530
6,far,20,1e+11,P2,empty,3.527661e+01,4.750,4.250,5.150,-1.0000,4.41971,11.750,0.450,1.350,-1.0000
6,far,20,1e+11,P2,person,4.003484e+01,4.350,3.750,5.650,4.1730,3.82868,12.350,0.750,1.450,4.9259
6,far,20,1e+11,P2,vehicle,4.644001e+01,4.550,2.050,5.650,4.4728,4.19200,9.650,1.150,5.450,1.4570
6,far,20,1e+12,P1,empty,9.038720e+01,4.350,1.750,5.450,-1.0000,3.89800,4.550,0.450,2.250,-1.0000
6,far,20,1e+12,P1,person,8.841248e+01,4.650,3.750,5.550,3.9135,3.97432,10.950,4.250,2.750,4.1120
6,far,20,1e+12,P1,vehicle,8.600542e+01,4.450,3.750,4.950,4.7703,3.82173,10.150,2.950,4.050,1.1514
6,far,20,1e+12,P2,empty,1.185726e+02,4.550,2.850,5.650,-1.0000,3.75902,13.450,2.250,1.350,-1.0000
6,far,20,1e+12,P2,person,1.290370e+02,4.450,3.150,5.650,3.8382,3.49853,9.550,1.750,1.950,2.2073
6,far,20,1e+12,P2,vehicle,1.616983e+02,4.750,1.050,5.650,4.2808,3.79245,8.650,0.350,2.050,0.4454
6,far,20,1e+13,P1,empty,2.921886e+02,4.550,2.950,5.350,-1.0000,3.74761,6.450,2.950,3.450,-1.0000
6,far,20,1e+13,P1,person,3.675310e+02,4.350,3.250,5.650,3.9515,3.71123,4.650,2.450,3.050,2.7726
6,far,20,1e+13,P1,vehicle,3.103579e+02,4.550,3.250,5.650,4.6953,3.42765,10.450,4.650,3.950,2.8500
6,far,20,1e+13,P2,empty,4.130231e+02,4.550,1.850,5.650,-1.0000,3.64231,5.650,1.650,4.150,-1.0000
6,far,20,1e+13,P2,person,4.432596e+02,4.450,3.050,5.350,3.6439,3.45944,12.050,3.050,3.550,4.4953
6,far,20,1e+13,P2,vehicle,4.127054e+02,4.750,2.350,5.350,4.2099,3.78629,9.750,1.350,5.650,1.6570
6,far,15,1e+10,P1,empty,6.692657e+00,4.350,3.350,5.650,-1.0000,8.57420,13.150,1.150,5.350,-1.0000
6,far,15,1e+10,P1,person,6.667801e+00,4.950,2.550,5.550,3.2138,6.91843,11.850,3.850,1.550,4.9194
6,far,15,1e+10,P1,vehicle,6.145920e+00,5.850,2.450,4.750,3.0168,7.58753,8.950,4.250,1.850,2.5330
6,far,15,1e+10,P2,empty,7.040924e+00,4.350,1.550,5.550,-1.0000,7.14500,10.250,1.750,2.350,-1.0000
6,far,15,1e+10,P2,person,7.375336e+00,4.650,4.450,4.750,4.0131,6.53411,9.550,4.450,1.950,3.5259
6,far,15,1e+10,P2,vehicle,7.456573e+00,4.650,3.750,5.650,4.7882,6.33165,13.150,3.350,3.650,2.4933
6,far,15,1e+11,P1,empty,1.684991e+01,4.750,1.050,5.650,-1.0000,4.54493,9.650,4.150,1.850,-1.0000
6,far,15,1e+11,P1,person,2.087828e+01,4.350,1.250,5.350,3.4695,5.11706,11.650,2.950,4.950,4.3192
6,far,15,1e+11,P1,vehicle,1.642603e+01,4.650,0.950,5.650,4.3731,4.80034,13.150,2.350,2.550,2.0289
6,far,15,1e+11,P2,empty,2.448721e+01,4.350,1.250,5.350,-1.0000,4.77374,10.850,2.550,4.250,-1.0000
6,far,15,1e+11,P2,person,2.284369e+01,4.550,3.550,5.650,3.9356,4.14697,12.650,4.150,1.650,5.6950
6,far,15,1e+11,P2,vehicle,1.922173e+01,4.450,3.050,5.450,4.6608,3.90237,11.450,3.150,3.250,1.3735
6,far,15,1e+12,P1,empty,4.353920e+01,4.450,1.350,5.250,-1.0000,3.95930,4.650,4.050,3.350,-1.0000
6,far,15,1e+12,P1,person,4.962405e+01,4.750,1.450,5.450,3.1936,4.21592,8.750,1.350,3.850,1.0342
6,far,15,1e+12,P1,vehicle,4.878778e+01,4.350,1.050,5.650,4.6522,4.29882,7.350,2.350,2.050,1.5209
6,far,15,1e+12,P2,empty,5.633640e+01,4.950,4.550,5.150,-1.0000,3.56877,8.950,2.750,3.650,-1.0000
6,far,15,1e+12,P2,person,6.923001e+01,4.950,1.950,5.650,3.1748,4.18964,5.850,2.750,1.950,2.2167
6,far,15,1e+12,P2,vehicle,7.151564e+01,4.450,3.750,5.550,4.9259,3.48976,9.450,1.350,3.050,0.0000
6,far,15,1e+13,P1,empty,1.748869e+02,4.350,2.150,5.650,-1.0000,3.86413,11.450,4.450,3.950,-1.0000
6,far,15,1e+13,P1,person,1.426222e+02,4.350,0.450,5.250,3.4186,4.01320,11.850,2.950,5.050,4.5323
6,far,15,1e+13,P1,vehicle,1.440875e+02,4.950,3.950,5.550,4.5921,3.62415,7.650,1.650,4.550,1.1860
6,far,15,1e+13,P2,empty,1.965037e+02,4.450,1.850,5.250,-1.0000,3.59926,7.450,1.250,1.550,-1.0000
6,far,15,1e+13,P2,person,2.266754e+02,4.350,1.250,5.450,3.5226,3.84262,7.450,4.150,5.250,2.9857
6,far,15,1e+13,P2,vehicle,2.008147e+02,4.350,4.050,5.350,5.0794,3.29250,8.250,0.850,5.250,1.3342
6,far,10,1e+10,P1,empty,4.179581e+00,4.950,3.450,4.850,-1.0000,6.22219,4.950,3.450,4.850,-1.0000
6,far,10,1e+10,P1,person,5.275635e+00,6.350,4.650,5.450,3.6418,8.19427,6.350,4.650,5.450,3.6418
6,far,10,1e+10,P1,vehicle,4.577454e+00,12.650,1.650,3.650,1.4530,7.14135,12.650,1.650,3.650,1.4530
6,far,10,1e+10,P2,empty,5.198502e+00,4.450,1.750,4.250,-1.0000,5.59012,13.350,2.950,2.650,-1.0000
6,far,10,1e+10,P2,person,5.636078e+00,6.450,3.750,2.650,2.3018,6.22083,6.450,3.750,2.650,2.3018
6,far,10,1e+10,P2,vehicle,6.096313e+00,9.650,2.850,2.850,1.0500,6.71779,9.650,2.850,2.850,1.0500
6,far,10,1e+11,P1,empty,1.022685e+01,6.350,1.750,5.450,-1.0000,5.00565,6.350,1.750,5.450,-1.0000
6,far,10,1e+11,P1,person,1.069824e+01,10.650,1.950,1.350,3.4623,5.28562,10.650,1.950,1.350,3.4623
6,far,10,1e+11,P1,vehicle,9.835434e+00,4.650,0.350,4.250,4.0552,4.79565,10.150,1.250,2.150,0.3430
6,far,10,1e+11,P2,empty,1.150232e+01,6.050,4.250,2.350,-1.0000,3.97708,6.050,4.250,2.350,-1.0000
6,far,10,1e+11,P2,person,1.186328e+01,9.450,3.350,2.850,2.3929,4.13218,9.450,3.350,2.850,2.3929
6,far,10,1e+11,P2,vehicle,1.228644e+01,12.350,0.950,2.750,1.1530,4.31720,12.350,0.950,2.750,1.1530
6,far,10,1e+12,P1,empty,2.698163e+01,4.450,3.550,3.350,-1.0000,4.16453,4.450,3.550,3.350,-1.0000
6,far,10,1e+12,P1,person,2.710156e+01,11.750,3.250,5.550,4.7256,4.24808,11.750,3.250,5.550,4.7256
6,far,10,1e+12,P1,vehicle,2.600012e+01,13.150,3.150,5.350,2.7346,4.06187,13.150,3.150,5.350,2.7346
6,far,10,1e+12,P2,empty,3.419043e+01,8.750,2.150,2.350,-1.0000,3.78742,8.750,2.150,2.350,-1.0000
6,far,10,1e+12,P2,person,3.242590e+01,13.550,2.550,4.850,5.9940,3.56421,13.550,2.550,4.850,5.9940
6,far,10,1e+12,P2,vehicle,3.279529e+01,13.650,3.650,1.950,3.1200,3.61887,13.650,3.650,1.950,3.1200
6,far,10,1e+13,P1,empty,7.940646e+01,10.350,0.650,4.150,-1.0000,3.91741,10.350,0.650,4.150,-1.0000
6,far,10,1e+13,P1,person,7.736407e+01,10.450,4.650,2.650,4.0347,3.82902,10.450,4.650,2.650,4.0347
6,far,10,1e+13,P1,vehicle,7.380212e+01,6.150,1.550,1.850,2.6269,3.62235,6.150,1.550,1.850,2.6269
6,far,10,1e+13,P2,empty,1.020557e+02,5.350,3.050,2.850,-1.0000,3.54865,5.350,3.050,2.850,-1.0000
6,far,10,1e+13,P2,person,1.023178e+02,6.750,0.550,4.050,0.7567,3.56787,7.650,3.450,2.050,2.1183
6,far,10,1e+13,P2,vehicle,1.063423e+02,8.350,1.550,5.050,1.1126,3.71979,8.350,1.550,5.050,1.1126
6,far,5,1e+10,P1,empty,5.375183e+00,11.250,3.250,4.650,-1.0000,8.40178,11.250,3.250,4.650,-1.0000
6,far,5,1e+10,P1,person,5.805664e+00,13.450,4.250,2.650,6.2615,9.07006,13.450,4.250,2.650,6.2615
6,far,5,1e+10,P1,vehicle,5.664001e+00,13.650,0.950,1.850,2.5358,8.78872,13.650,0.950,1.850,2.5358
6,far,5,1e+10,P2,empty,5.467529e+00,11.950,2.450,5.350,-1.0000,6.06010,11.950,2.450,5.350,-1.0000
6,far,5,1e+10,P2,person,4.683716e+00,11.750,2.050,3.850,4.0148,5.18290,11.750,2.050,3.850,4.0148
6,far,5,1e+10,P2,vehicle,5.129211e+00,7.850,3.550,3.150,1.9442,5.63313,7.850,3.550,3.150,1.9442
6,far,5,1e+11,P1,empty,1.077560e+01,9.450,3.950,4.250,-1.0000,5.31844,9.450,3.950,4.250,-1.0000
6,far,5,1e+11,P1,person,9.952515e+00,10.150,1.750,1.950,2.7161,4.91898,10.150,1.750,1.950,2.7161
6,far,5,1e+11,P1,vehicle,1.002295e+01,5.650,2.250,2.850,3.0801,4.95657,5.650,2.250,2.850,3.0801
6,far,5,1e+11,P2,empty,1.146103e+01,6.950,1.450,5.250,-1.0000,3.98396,6.950,1.450,5.250,-1.0000
6,far,5,1e+11,P2,person,1.247894e+01,11.150,4.550,3.750,4.4320,4.36356,11.150,4.550,3.750,4.4320
6,far,5,1e+11,P2,vehicle,1.185486e+01,4.950,1.650,1.350,3.9175,4.13856,4.950,1.650,1.350,3.9175
6,far,5,1e+12,P1,empty,2.443683e+01,4.350,1.050,1.850,-1.0000,3.81119,4.350,1.050,1.850,-1.0000
6,far,5,1e+12,P1,person,2.390042e+01,7.750,2.650,4.750,1.5356,3.74879,7.750,2.650,4.750,1.5356
6,far,5,1e+12,P1,vehicle,2.426715e+01,5.350,3.050,3.750,3.5728,3.78742,5.350,3.050,3.750,3.5728
6,far,5,1e+12,P2,empty,3.358612e+01,12.450,2.550,2.450,-1.0000,3.71844,12.450,2.550,2.450,-1.0000
6,far,5,1e+12,P2,person,4.111479e+01,4.450,1.650,4.150,2.9257,4.52674,4.450,1.650,4.150,2.9257
6,far,5,1e+12,P2,vehicle,3.209167e+01,10.850,2.150,1.750,0.8213,3.54898,10.850,2.150,1.750,0.8213
6,far,5,1e+13,P1,empty,7.951529e+01,5.050,3.850,2.650,-1.0000,3.96489,5.050,3.850,2.650,-1.0000
6,far,5,1e+13,P1,person,6.798502e+01,8.650,1.750,3.750,0.9129,3.36652,8.650,1.750,3.750,0.9129
6,far,5,1e+13,P1,vehicle,6.971957e+01,9.150,3.950,5.250,2.4905,3.44794,8.650,2.150,3.250,0.3531
6,far,5,1e+13,P2,empty,1.082466e+02,8.350,0.350,5.650,-1.0000,3.78074,8.350,0.350,5.650,-1.0000
6,far,5,1e+13,P2,person,1.034301e+02,10.850,2.450,1.350,3.6990,3.62758,10.850,2.450,1.350,3.6990
6,far,5,1e+13,P2,vehicle,1.021323e+02,4.450,4.250,2.750,4.9030,3.55759,4.450,4.250,2.750,4.9030
6,near,inf,1e+10,P1,empty,9.000264e+01,4.350,4.650,5.350,-1.0000,3.95764,13.450,2.950,1.550,-1.0000
6,near,inf,1e+10,P1,person,8.715642e+01,4.550,1.050,5.050,3.1463,3.99598,13.550,0.550,3.850,5.7959
6,near,inf,1e+10,P1,vehicle,7.969789e+01,4.650,4.150,5.150,4.8208,4.63026,13.650,3.550,1.850,3.0811
6,near,inf,1e+10,P2,empty,1.238717e+02,4.450,3.550,5.050,-1.0000,4.29952,13.650,0.750,3.250,-1.0000
6,near,inf,1e+10,P2,person,1.303457e+02,4.350,4.650,5.050,4.4437,4.03110,12.050,1.450,4.650,4.4283
6,near,inf,1e+10,P2,vehicle,1.334378e+02,5.150,4.250,5.050,4.4386,3.92324,13.450,0.350,3.150,2.2530
6,near,inf,1e+11,P1,empty,2.589619e+02,4.750,4.050,5.550,-1.0000,3.58714,13.250,4.250,2.450,-1.0000
6,near,inf,1e+11,P1,person,3.121712e+02,4.750,1.650,4.550,2.7528,3.91835,4.750,1.650,4.550,2.7528
6,near,inf,1e+11,P1,vehicle,2.737471e+02,4.850,0.850,4.850,3.9413,3.61247,9.550,2.550,2.650,0.7500
6,near,inf,1e+11,P2,empty,4.002109e+02,4.450,1.250,4.950,-1.0000,3.91802,10.550,1.250,2.450,-1.0000
6,near,inf,1e+11,P2,person,3.944914e+02,4.650,3.950,5.150,3.8380,3.36517,5.950,3.350,5.050,2.6168
6,near,inf,1e+11,P2,vehicle,4.045244e+02,4.750,4.250,4.850,4.7240,4.06419,5.950,4.650,1.850,4.0103
6,near,inf,1e+12,P1,empty,1.018226e+03,4.350,3.450,4.750,-1.0000,3.58256,4.350,3.450,4.750,-1.0000
6,near,inf,1e+12,P1,person,9.203228e+02,4.450,0.350,5.450,3.4390,3.52520,10.650,2.950,3.650,3.1485
6,near,inf,1e+12,P1,vehicle,9.884842e+02,4.350,0.450,5.250,4.5251,3.61841,10.850,2.750,1.650,1.2701
6,near,inf,1e+12,P2,empty,1.131080e+03,5.150,0.950,5.450,-1.0000,3.73438,12.250,2.450,5.650,-1.0000
6,near,inf,1e+12,P2,person,1.348661e+03,4.450,3.950,5.650,4.2061,3.63159,6.950,3.950,1.350,2.9630
6,near,inf,1e+12,P2,vehicle,1.281030e+03,4.650,2.950,5.150,4.3635,3.64624,6.050,0.850,5.650,3.1229
6,near,inf,1e+13,P1,empty,3.664598e+03,4.450,3.750,5.250,-1.0000,3.56089,4.450,3.750,5.250,-1.0000
6,near,inf,1e+13,P1,person,4.453552e+03,4.750,1.050,5.650,3.3169,4.33992,4.750,1.050,5.650,3.3169
6,near,inf,1e+13,P1,vehicle,3.791079e+03,4.350,1.050,5.650,4.6522,3.91235,6.850,2.950,3.650,2.1758
6,near,inf,1e+13,P2,empty,3.955498e+03,5.150,4.350,5.550,-1.0000,3.65355,8.750,4.050,5.650,-1.0000
6,near,inf,1e+13,P2,person,3.639829e+03,4.350,4.550,5.350,4.4900,3.85849,8.150,4.150,1.850,2.8452
6,near,inf,1e+13,P2,vehicle,3.633082e+03,4.350,2.150,5.050,4.4874,3.61385,12.950,2.850,4.550,2.1179
6,near,50,1e+10,P1,empty,5.911516e+01,4.350,3.950,5.450,-1.0000,5.22844,9.650,4.550,1.650,-1.0000
6,near,50,1e+10,P1,person,6.366031e+01,4.550,3.950,5.450,4.0406,5.10305,11.150,4.250,1.350,4.6438
6,near,50,1e+10,P1,vehicle,5.134943e+01,4.950,2.350,5.650,4.1338,6.81275,12.350,3.150,5.150,2.1191
6,near,50,1e+10,P2,empty,9.821638e+01,4.850,3.950,5.350,-1.0000,4.04499,12.050,4.150,2.150,-1.0000
6,near,50,1e+10,P2,person,8.511002e+01,4.550,3.150,5.650,3.7642,4.24844,13.650,4.350,4.550,6.5346
6,near,50,1e+10,P2,vehicle,9.666963e+01,4.750,3.050,5.450,4.3891,4.86492,12.750,0.650,2.850,1.5530
6,near,50,1e+11,P1,empty,1.965191e+02,4.450,2.050,5.650,-1.0000,4.42082,13.250,2.650,4.250,-1.0000
6,near,50,1e+11,P1,person,1.839601e+02,4.350,4.350,5.250,4.3254,4.01660,11.850,2.250,2.350,4.2203
6,near,50,1e+11,P1,vehicle,2.369228e+02,4.350,3.650,5.550,4.9743,4.05428,9.750,0.650,1.750,0.7430
6,near,50,1e+11,P2,empty,2.362222e+02,4.550,3.450,5.050,-1.0000,3.54908,5.150,3.350,3.350,-1.0000
6,near,50,1e+11,P2,person,2.592444e+02,4.750,1.050,5.550,3.2543,3.70949,11.950,1.450,2.550,4.2449
6,near,50,1e+11,P2,vehicle,3.069503e+02,4.350,3.350,5.450,4.8397,3.45162,10.550,0.850,1.750,0.7430
6,near,50,1e+12,P1,empty,5.912063e+02,4.450,1.450,5.650,-1.0000,3.72827,12.650,3.250,1.850,-1.0000
6,near,50,1e+12,P1,person,6.531617e+02,4.450,4.450,5.150,4.2820,3.79284,11.750,1.950,4.950,4.2359
6,near,50,1e+12,P1,vehicle,5.929528e+02,4.750,1.750,5.650,4.2808,3.97726,8.350,2.950,1.350,1.6581
6,near,50,1e+12,P2,empty,7.886476e+02,4.350,1.550,5.650,-1.0000,3.49331,11.250,4.350,5.050,-1.0000
6,near,50,1e+12,P2,person,7.894364e+02,4.550,2.750,5.350,3.4634,3.56002,8.150,3.250,4.650,1.9435
6,near,50,1e+12,P2,vehicle,7.771583e+02,4.950,0.850,5.450,4.0204,3.68612,10.750,3.050,2.350,1.2581
6,near,50,1e+13,P1,empty,1.922881e+03,4.650,0.450,5.150,-1.0000,3.38884,10.550,1.750,1.550,-1.0000
6,near,50,1e+13,P1,person,2.266612e+03,4.750,4.150,5.450,4.0251,3.50923,7.550,3.150,3.350,1.4500
6,near,50,1e+13,P1,vehicle,1.908458e+03,4.650,3.450,5.550,4.6395,3.62301,6.650,1.150,2.650,2.0470
6,near,50,1e+13,P2,empty,2.334854e+03,4.950,1.650,5.050,-1.0000,3.95552,10.350,1.050,2.450,-1.0000
6,near,50,1e+13,P2,person,3.300819e+03,4.350,0.550,5.050,3.3232,3.92763,5.150,3.450,3.250,2.7817
6,near,50,1e+13,P2,vehicle,2.435173e+03,4.350,4.450,5.450,5.2955,3.61932,5.450,1.450,3.850,3.2470
6,near,30,1e+10,P1,empty,5.201689e+01,4.450,0.550,5.650,-1.0000,6.50161,10.450,3.950,2.150,-1.0000
6,near,30,1e+10,P1,person,4.549982e+01,5.050,0.750,5.450,2.9584,6.00144,11.750,2.950,3.750,4.1842
6,near,30,1e+10,P1,vehicle,4.804300e+01,4.350,3.450,4.950,4.7471,6.43286,11.950,3.950,1.750,2.3961
6,near,30,1e+10,P2,empty,5.708545e+01,4.750,2.650,5.350,-1.0000,4.76858,13.650,2.150,1.350,-1.0000
6,near,30,1e+10,P2,person,6.940634e+01,4.550,2.950,5.550,3.6357,4.24085,13.650,3.550,3.550,6.1716
6,near,30,1e+10,P2,vehicle,6.125730e+01,4.350,3.050,5.650,4.8172,4.86514,13.250,4.050,5.550,3.4208
6,near,30,1e+11,P1,empty,1.231000e+02,4.350,4.350,5.350,-1.0000,4.74239,10.250,1.750,2.150,-1.0000
6,near,30,1e+11,P1,person,1.423755e+02,4.350,2.750,5.450,3.6758,4.59396,11.050,4.150,4.050,4.1314
6,near,30,1e+11,P1,vehicle,1.597383e+02,4.550,0.650,5.350,4.3634,4.56435,13.550,0.750,2.050,2.3943
6,near,30,1e+11,P2,empty,2.098312e+02,4.750,4.450,5.250,-1.0000,3.65850,8.850,1.950,3.250,-1.0000
6,near,30,1e+11,P2,person,1.959131e+02,4.350,2.850,5.550,3.7580,3.79212,12.750,4.150,4.950,5.7323
6,near,30,1e+11,P2,vehicle,2.105941e+02,4.850,3.950,5.350,4.6113,3.72647,12.250,3.450,3.650,1.9574
6,near,30,1e+12,P1,empty,3.940488e+02,4.350,3.450,5.550,-1.0000,3.68504,8.350,1.350,4.250,-1.0000
6,near,30,1e+12,P1,person,4.380943e+02,4.350,2.150,5.050,3.3536,3.59792,5.850,2.150,4.550,1.8312
6,near,30,1e+12,P1,vehicle,4.630062e+02,4.450,1.050,5.550,4.5235,3.82917,12.250,3.050,2.150,1.6700
6,near,30,1e+12,P2,empty,6.170714e+02,4.550,2.050,5.650,-1.0000,3.76214,12.850,2.650,3.150,-1.0000
6,near,30,1e+12,P2,person,7.057678e+02,4.650,3.350,5.650,3.7745,3.46925,9.250,4.050,2.850,2.8091
6,near,30,1e+12,P2,vehicle,6.674195e+02,4.450,0.550,5.350,4.4586,3.76030,10.550,2.950,1.850,1.3175
6,near,30,1e+13,P1,empty,1.534861e+03,4.350,0.350,5.150,-1.0000,3.66157,8.650,0.650,2.750,-1.0000
6,near,30,1e+13,P1,person,1.360777e+03,4.350,4.450,5.350,4.4272,3.51177,9.950,1.350,5.350,2.8372
6,near,30,1e+13,P1,vehicle,1.468342e+03,4.350,0.750,5.250,4.5251,3.68664,11.550,3.050,1.650,1.5484
6,near,30,1e+13,P2,empty,1.785357e+03,4.650,3.750,5.550,-1.0000,3.84594,6.850,0.950,1.450,-1.0000
6,near,30,1e+13,P2,person,2.155755e+03,4.450,0.350,5.150,3.2822,3.65571,5.950,3.750,2.450,2.5861
6,near,30,1e+13,P2,vehicle,1.796810e+03,4.550,4.350,4.950,4.9615,3.57658,4.550,0.450,4.450,4.1721
6,near,20,1e+10,P1,empty,3.638509e+01,4.650,1.950,5.650,-1.0000,6.91225,10.950,3.850,3.150,-1.0000
6,near,20,1e+10,P1,person,4.044323e+01,4.450,3.350,5.650,3.9181,6.18334,12.750,1.750,3.850,4.9975
6,near,20,1e+10,P1,vehicle,3.364778e+01,4.850,0.850,5.250,4.0472,5.74086,10.950,2.550,3.550,0.7500
6,near,20,1e+10,P2,empty,4.822962e+01,4.450,2.150,5.650,-1.0000,5.81494,13.450,2.850,1.550,-1.0000
6,near,20,1e+10,P2,person,4.301877e+01,4.450,2.850,5.650,3.7352,4.48133,13.050,0.550,5.650,5.6919
6,near,20,1e+10,P2,vehicle,3.801784e+01,4.850,2.150,5.650,4.2033,5.92619,10.950,0.350,2.650,0.0000
6,near,20,1e+11,P1,empty,9.232462e+01,4.750,1.850,5.550,-1.0000,4.77693,11.450,2.850,2.950,-1.0000
6,near,20,1e+11,P1,person,1.268348e+02,4.350,1.450,5.650,3.6348,5.07861,11.750,4.450,1.950,5.0138
6,near,20,1e+11,P1,vehicle,9.634341e+01,4.350,2.950,5.450,4.7268,4.27651,13.650,1.250,2.350,2.4571
6,near,20,1e+11,P2,empty,1.562632e+02,4.950,3.150,5.450,-1.0000,3.86276,12.350,1.950,4.450,-1.0000
6,near,20,1e+11,P2,person,1.369332e+02,4.750,3.850,5.650,3.9528,3.79913,7.350,3.850,3.450,2.1500
6,near,20,1e+11,P2,vehicle,1.270946e+02,4.750,1.150,5.450,4.2074,3.86476,12.450,0.350,4.950,1.5767
6,near,20,1e+12,P1,empty,2.871306e+02,4.650,2.950,5.250,-1.0000,3.79881,10.150,0.550,4.450,-1.0000
6,near,20,1e+12,P1,person,3.076204e+02,4.550,3.250,5.650,3.8038,3.74843,9.150,2.650,4.550,1.9599
6,near,20,1e+12,P1,vehicle,3.403716e+02,4.450,1.250,5.250,4.4292,3.62742,7.750,0.550,5.350,1.6548
6,near,20,1e+12,P2,empty,4.173377e+02,4.850,1.150,5.350,-1.0000,3.85397,12.950,1.550,4.950,-1.0000
6,near,20,1e+12,P2,person,5.470085e+02,4.350,1.050,5.550,3.5778,3.43971,7.550,4.050,1.550,2.8967
6,near,20,1e+12,P2,vehicle,4.123201e+02,4.550,1.750,5.650,4.4658,3.68141,4.350,3.450,3.250,4.6496
6,near,20,1e+13,P1,empty,9.815995e+02,4.350,2.750,5.350,-1.0000,3.33632,13.250,4.350,2.550,-1.0000
6,near,20,1e+13,P1,person,9.327441e+02,4.750,2.950,5.450,3.4295,3.85355,7.150,3.550,4.950,2.3296
6,near,20,1e+13,P1,vehicle,1.095744e+03,4.350,3.950,5.650,5.1249,3.54958,6.650,0.450,5.450,2.5126
6,near,20,1e+13,P2,empty,1.358424e+03,4.750,4.350,5.350,-1.0000,3.70400,13.150,1.050,4.050,-1.0000
6,near,20,1e+13,P2,person,1.468594e+03,4.350,2.350,5.550,3.6363,4.13418,5.950,2.550,3.050,1.6173
6,near,20,1e+13,P2,vehicle,1.510206e+03,4.350,0.950,5.450,4.5847,3.62108,7.450,2.250,3.350,1.3257
6,near,15,1e+10,P1,empty,2.609558e+01,4.550,3.150,5.650,-1.0000,7.06281,10.850,2.250,3.250,-1.0000
6,near,15,1e+10,P1,person,2.045203e+01,4.550,2.450,5.650,3.5538,7.97240,12.150,1.250,2.550,4.4423
6,near,15,1e+10,P1,vehicle,2.510645e+01,4.550,2.550,5.250,4.3978,5.96807,8.450,1.450,1.850,0.6888
6,near,15,1e+10,P2,empty,3.171359e+01,4.350,0.350,5.150,-1.0000,5.10232,8.050,4.250,1.850,-1.0000
6,near,15,1e+10,P2,person,3.821384e+01,4.350,3.650,5.650,4.1248,5.57582,11.250,2.850,2.650,3.7202
6,near,15,1e+10,P2,vehicle,2.913788e+01,4.650,3.050,5.450,4.4793,6.24150,11.850,1.050,5.650,1.7811
6,near,15,1e+11,P1,empty,6.845753e+01,4.450,3.750,5.150,-1.0000,5.04813,11.250,2.450,1.950,-1.0000
6,near,15,1e+11,P1,person,9.180027e+01,4.450,2.950,5.650,3.7672,4.74395,12.050,0.750,5.550,4.7340
6,near,15,1e+11,P1,vehicle,6.134370e+01,4.450,0.550,5.650,4.5589,4.57394,12.150,3.250,5.350,2.2028
6,near,15,1e+11,P2,empty,9.414320e+01,4.750,1.450,5.350,-1.0000,4.05489,9.650,3.850,3.150,-1.0000
6,near,15,1e+11,P2,person,8.607600e+01,4.550,3.050,5.550,3.6712,4.34733,12.550,1.050,1.750,5.0154
6,near,15,1e+11,P2,vehicle,1.264313e+02,4.550,2.750,5.550,4.5304,3.80472,12.850,2.250,1.450,2.0056
6,near,15,1e+12,P1,empty,2.545207e+02,4.350,4.050,5.650,-1.0000,3.78134,12.950,2.750,2.350,-1.0000
6,near,15,1e+12,P1,person,1.964158e+02,4.550,0.750,5.650,3.4737,3.78483,4.950,3.450,2.450,3.0450
6,near,15,1e+12,P1,vehicle,2.146234e+02,4.350,0.350,5.450,4.5847,3.61294,8.250,3.150,1.350,1.8245
6,near,15,1e+12,P2,empty,3.071852e+02,4.450,3.750,5.550,-1.0000,3.96664,11.350,1.050,4.750,-1.0000
6,near,15,1e+12,P2,person,2.980369e+02,4.550,3.850,5.550,4.0346,3.74304,10.050,2.650,1.450,3.0583
6,near,15,1e+12,P2,vehicle,3.189738e+02,4.650,3.750,5.550,4.7545,3.61735,6.850,1.650,2.250,1.8629
6,near,15,1e+13,P1,empty,6.175353e+02,4.350,1.950,5.050,-1.0000,3.76605,7.950,1.150,1.350,-1.0000
6,near,15,1e+13,P1,person,7.239273e+02,4.950,2.150,5.350,3.0076,3.69059,6.450,0.650,3.950,0.9532
6,near,15,1e+13,P1,vehicle,8.172224e+02,4.350,1.150,5.550,4.6175,3.73910,8.450,4.450,1.950,2.7163
6,near,15,1e+13,P2,empty,1.013934e+03,4.650,3.750,5.550,-1.0000,4.04662,11.050,3.450,4.050,-1.0000
6,near,15,1e+13,P2,person,8.981237e+02,4.450,1.050,5.550,3.4954,3.82908,6.250,4.150,5.150,3.1163
6,near,15,1e+13,P2,vehicle,1.050046e+03,4.850,3.750,5.650,4.6204,3.52188,9.550,4.150,2.250,2.3625
6,near,10,1e+10,P1,empty,1.231452e+01,4.450,2.250,5.550,-1.0000,8.07754,12.850,2.250,3.450,-1.0000
6,near,10,1e+10,P1,person,1.318307e+01,4.450,3.150,5.650,3.8382,5.93090,12.150,4.650,3.750,5.2913
6,near,10,1e+10,P1,vehicle,1.105235e+01,5.350,1.850,5.550,3.6918,7.76589,10.850,2.250,3.150,0.4500
6,near,10,1e+10,P2,empty,1.725626e+01,4.350,3.650,5.650,-1.0000,6.32967,8.850,1.450,3.950,-1.0000
6,near,10,1e+10,P2,person,1.575851e+01,4.350,2.050,5.450,3.5400,7.18125,12.250,2.850,4.450,4.7206
6,near,10,1e+10,P2,vehicle,2.096774e+01,4.350,0.850,5.650,4.6522,5.81467,12.350,3.350,2.450,1.9323
6,near,10,1e+11,P1,empty,3.464928e+01,4.350,2.250,5.450,-1.0000,4.72198,8.650,0.550,2.750,-1.0000
6,near,10,1e+11,P1,person,4.632909e+01,4.450,1.250,5.650,3.5538,5.56580,12.350,2.150,5.550,5.0275
6,near,10,1e+11,P1,vehicle,3.617592e+01,4.750,3.050,5.250,4.3269,6.19530,13.550,1.250,1.550,2.5349
6,near,10,1e+11,P2,empty,5.062515e+01,4.450,3.150,5.550,-1.0000,3.90625,11.650,4.350,1.750,-1.0000
6,near,10,1e+11,P2,person,4.937886e+01,4.850,1.850,5.350,3.0575,3.91061,8.450,2.550,4.750,1.6282
6,near,10,1e+11,P2,vehicle,4.961711e+01,4.350,2.250,5.450,4.6068,3.96179,11.950,2.250,4.250,0.9141
6,near,10,1e+12,P1,empty,1.355390e+02,4.650,1.050,5.650,-1.0000,4.15801,8.350,3.750,4.550,-1.0000
6,near,10,1e+12,P1,person,1.176499e+02,4.550,0.350,5.350,3.3004,3.81271,10.850,4.650,1.550,4.5940
6,near,10,1e+12,P1,vehicle,1.261163e+02,4.450,1.050,5.450,4.4900,4.41148,11.550,4.150,3.050,2.3764
6,near,10,1e+12,P2,empty,1.602958e+02,4.450,1.450,5.650,-1.0000,3.77731,8.550,0.450,1.450,-1.0000
6,near,10,1e+12,P2,person,2.026851e+02,4.350,3.950,5.650,4.2748,3.91980,11.950,2.450,3.050,4.2588
6,near,10,1e+12,P2,vehicle,1.413061e+02,4.350,2.650,5.650,4.7292,3.72967,12.550,3.550,4.950,2.4102
6,near,10,1e+13,P1,empty,4.094610e+02,4.350,2.950,5.650,-1.0000,3.36864,11.350,3.350,5.550,-1.0000
6,near,10,1e+13,P1,person,4.375281e+02,4.450,2.050,5.450,3.4567,3.76717,10.250,3.750,1.550,3.6414
6,near,10,1e+13,P1,vehicle,3.392722e+02,4.450,2.950,5.550,4.6674,3.58366,9.150,3.350,1.350,1.9258
6,near,10,1e+13,P2,empty,5.540417e+02,4.550,3.450,5.650,-1.0000,3.74157,6.650,3.150,1.350,-1.0000
6,near,10,1e+13,P2,person,4.268786e+02,4.350,2.450,5.650,3.7114,3.77943,13.050,1.550,5.650,5.6919
6,near,10,1e+13,P2,vehicle,4.786675e+02,4.750,0.350,5.550,4.2431,3.65110,9.450,0.450,3.750,0.0000
6,near,5,1e+10,P1,empty,5.900757e+00,9.550,4.550,3.450,-1.0000,9.19579,9.550,4.550,3.450,-1.0000
6,near,5,1e+10,P1,person,5.604248e+00,8.650,1.050,2.350,1.2596,8.73283,8.650,1.050,2.350,1.2596
6,near,5,1e+10,P1,vehicle,5.569153e+00,9.750,2.550,3.250,0.7500,8.70371,9.750,2.550,3.250,0.7500
6,near,5,1e+10,P2,empty,5.450684e+00,10.950,4.650,1.450,-1.0000,6.03657,10.950,4.650,1.450,-1.0000
6,near,5,1e+10,P2,person,5.777740e+00,8.550,2.050,2.350,1.2416,6.37241,8.550,2.050,2.350,1.2416
6,near,5,1e+10,P2,vehicle,6.093689e+00,7.050,0.750,1.450,1.9495,6.73865,7.050,0.750,1.450,1.9495
6,near,5,1e+11,P1,empty,9.885559e+00,12.450,2.850,4.250,-1.0000,4.89165,12.450,2.850,4.250,-1.0000
6,near,5,1e+11,P1,person,9.898682e+00,4.650,1.450,2.250,2.8416,4.91773,4.650,1.450,2.250,2.8416
6,near,5,1e+11,P1,vehicle,1.082159e+01,10.850,0.350,3.250,0.0000,5.37258,10.850,0.350,3.250,0.0000
6,near,5,1e+11,P2,empty,1.142407e+01,8.450,2.550,2.150,-1.0000,3.98830,8.450,2.550,2.150,-1.0000
6,near,5,1e+11,P2,person,1.188748e+01,5.550,2.950,4.150,2.2440,4.10077,5.550,2.950,4.150,2.2440
6,near,5,1e+11,P2,vehicle,1.111218e+01,11.450,3.850,4.250,2.0815,3.90907,11.450,3.850,4.250,2.0815
6,near,5,1e+12,P1,empty,3.116309e+01,11.150,3.350,3.650,-1.0000,4.85048,11.150,3.350,3.650,-1.0000
6,near,5,1e+12,P1,person,3.288217e+01,10.250,3.650,4.450,3.2884,5.12639,10.250,3.650,4.450,3.2884
6,near,5,1e+12,P1,vehicle,2.674989e+01,4.750,0.750,5.650,4.2808,3.62964,7.350,2.850,3.150,1.7079
6,near,5,1e+12,P2,empty,3.274321e+01,4.750,0.350,5.550,-1.0000,3.57836,13.650,3.950,1.850,-1.0000
6,near,5,1e+12,P2,person,3.450548e+01,5.850,0.950,5.150,2.1722,3.75219,5.850,0.950,5.150,2.1722
6,near,5,1e+12,P2,vehicle,3.219934e+01,12.850,4.350,4.550,3.0895,3.54570,12.850,4.350,4.550,3.0895
6,near,5,1e+13,P1,empty,7.652649e+01,11.650,2.550,3.450,-1.0000,3.77423,7.750,2.350,4.450,-1.0000
6,near,5,1e+13,P1,person,7.350171e+01,13.250,1.850,4.650,5.6002,3.64464,13.250,1.850,4.650,5.6002
6,near,5,1e+13,P1,vehicle,7.309235e+01,10.550,2.350,2.650,0.5500,3.60375,10.550,2.350,2.650,0.5500
6,near,5,1e+13,P2,empty,1.090884e+02,5.350,3.250,2.150,-1.0000,3.79462,5.350,3.250,2.150,-1.0000
6,near,5,1e+13,P2,person,1.152911e+02,4.450,3.050,2.950,3.1782,4.02463,4.450,3.050,2.950,3.1782
6,near,5,1e+13,P2,vehicle,1.103016e+02,11.450,3.550,3.650,1.7682,3.83028,11.450,3.550,3.650,1.7682
7,far,inf,1e+10,P1,empty,8.816910e+01,4.350,4.450,4.150,-1.0000,3.98032,12.450,2.550,2.750,-1.0000
7,far,inf,1e+10,P1,person,8.461514e+01,4.550,1.250,1.650,3.5368,3.93073,13.150,3.950,3.350,5.6473
7,far,inf,1e+10,P1,vehicle,9.753571e+01,4.550,0.450,5.250,4.3117,3.87854,10.350,4.150,1.950,2.4163
7,far,inf,1e+10,P2,empty,1.123351e+02,4.950,4.150,5.550,-1.0000,3.70807,12.350,0.950,1.950,-1.0000
7,far,inf,1e+10,P2,person,1.255886e+02,4.950,2.750,5.350,3.1530,3.51831,13.550,3.250,5.650,6.0564
7,far,inf,1e+10,P2,vehicle,1.271519e+02,4.650,4.550,5.350,5.0591,3.73328,10.650,2.750,2.050,1.0565
7,far,inf,1e+11,P1,empty,2.783761e+02,5.150,4.150,4.850,-1.0000,3.91364,13.250,0.550,4.350,-1.0000
7,far,inf,1e+11,P1,person,2.987249e+02,4.450,1.150,5.650,3.5561,3.86236,11.650,1.550,2.050,3.9747
7,far,inf,1e+11,P1,vehicle,2.758875e+02,4.750,4.350,5.350,4.8722,3.57090,5.150,1.050,4.250,3.5382
7,far,inf,1e+11,P2,empty,4.673032e+02,4.850,4.050,5.150,-1.0000,3.57750,8.750,1.650,2.850,-1.0000
7,far,inf,1e+11,P2,person,3.752725e+02,4.650,3.750,5.450,3.8709,3.60396,11.350,3.850,4.650,4.0786
7,far,inf,1e+11,P2,vehicle,4.104415e+02,4.350,4.350,5.350,5.2003,3.73096,4.650,3.450,2.250,4.3628
7,far,inf,1e+12,P1,empty,7.500189e+02,5.150,4.050,5.350,-1.0000,3.51600,11.150,2.550,4.450,-1.0000
7,far,inf,1e+12,P1,person,8.719387e+02,4.550,0.650,4.150,2.9884,3.84745,7.550,1.750,3.750,0.0500
7,far,inf,1e+12,P1,vehicle,8.812745e+02,5.250,1.050,5.050,3.5838,4.12952,10.550,2.350,3.350,0.5500
7,far,inf,1e+12,P2,empty,1.150475e+03,4.950,4.050,5.650,-1.0000,3.39498,6.250,1.550,2.850,-1.0000
7,far,inf,1e+12,P2,person,1.301997e+03,4.350,0.950,4.950,3.3555,3.69884,6.250,0.950,1.350,2.5540
7,far,inf,1e+12,P2,vehicle,1.257904e+03,5.750,3.250,1.550,3.4080,3.83914,5.750,3.250,1.550,3.4080
7,far,inf,1e+13,P1,empty,2.778095e+03,4.850,1.050,5.650,-1.0000,3.51507,6.950,3.950,5.450,-1.0000
7,far,inf,1e+13,P1,person,3.192598e+03,4.750,1.050,5.650,3.3001,3.50534,8.550,1.750,3.150,0.7102
7,far,inf,1e+13,P1,vehicle,2.813236e+03,4.550,0.850,5.450,4.3733,3.49407,11.950,2.750,2.150,1.2753
7,far,inf,1e+13,P2,empty,3.523475e+03,4.650,0.450,4.750,-1.0000,3.62009,12.750,2.550,1.850,-1.0000
7,far,inf,1e+13,P2,person,3.969215e+03,4.350,1.550,5.550,3.5949,3.74188,11.250,2.550,3.550,3.3839
7,far,inf,1e+13,P2,vehicle,3.779831e+03,4.350,0.450,5.150,4.4772,3.61074,8.750,1.750,2.250,0.2623
7,far,50,1e+10,P1,empty,3.092700e+01,4.550,2.550,5.550,-1.0000,5.01442,11.650,0.850,5.450,-1.0000
7,far,50,1e+10,P1,person,3.691943e+01,4.550,1.350,5.650,3.4700,5.72760,12.450,3.350,3.850,4.7699
7,far,50,1e+10,P1,vehicle,4.514262e+01,4.450,2.550,5.250,4.4709,6.92592,13.550,1.650,4.750,2.4819
7,far,50,1e+10,P2,empty,5.811333e+01,4.650,4.050,5.650,-1.0000,5.39672,10.750,3.650,1.950,-1.0000
7,far,50,1e+10,P2,person,4.715022e+01,4.450,1.450,5.350,3.4152,4.60430,11.550,2.650,2.350,3.8933
7,far,50,1e+10,P2,vehicle,5.997430e+01,4.450,0.850,5.550,4.5010,4.87744,13.650,1.750,2.650,2.4698
7,far,50,1e+11,P1,empty,9.738794e+01,4.350,3.950,5.050,-1.0000,4.20747,10.450,2.350,1.950,-1.0000
7,far,50,1e+11,P1,person,1.055714e+02,4.850,3.750,5.550,3.7684,4.48732,10.550,3.550,2.750,3.2736
7,far,50,1e+11,P1,vehicle,1.169681e+02,4.350,3.050,5.450,4.7308,4.56127,13.150,1.250,2.050,2.0233
7,far,50,1e+11,P2,empty,1.561655e+02,4.650,3.950,5.650,-1.0000,3.84981,8.150,3.450,4.750,-1.0000
7,far,50,1e+11,P2,person,1.841357e+02,5.050,0.950,5.550,2.9948,3.74476,10.550,1.850,2.950,2.6516
7,far,50,1e+11,P2,vehicle,1.452050e+02,4.650,0.550,5.650,4.3503,3.71763,11.950,0.750,5.350,1.5434
7,far,50,1e+12,P1,empty,3.479384e+02,4.950,0.450,5.550,-1.0000,3.62083,12.850,0.850,3.550,-1.0000
7,far,50,1e+12,P1,person,3.299816e+02,4.350,3.450,5.650,4.0414,3.89567,11.850,4.650,3.450,4.8717
7,far,50,1e+12,P1,vehicle,3.391911e+02,4.550,1.050,4.750,4.1956,3.85091,11.450,4.650,3.750,2.8627
7,far,50,1e+12,P2,empty,4.581850e+02,4.750,1.750,5.450,-1.0000,3.68960,12.550,0.350,4.850,-1.0000
7,far,50,1e+12,P2,person,4.831301e+02,4.550,0.950,5.250,3.2820,3.68138,8.150,2.050,3.550,0.3917
7,far,50,1e+12,P2,vehicle,4.829167e+02,4.550,3.950,5.650,4.9359,3.58645,10.950,4.550,3.550,2.7500
7,far,50,1e+13,P1,empty,9.620271e+02,4.550,2.850,4.650,-1.0000,3.76341,12.250,3.750,5.050,-1.0000
7,far,50,1e+13,P1,person,1.237876e+03,4.450,3.350,5.250,3.7548,3.55389,12.950,3.150,5.650,5.4817
7,far,50,1e+13,P1,vehicle,1.193826e+03,4.450,1.250,5.350,4.4367,4.20205,11.550,3.950,5.350,2.5590
7,far,50,1e+13,P2,empty,1.469325e+03,4.550,4.050,4.650,-1.0000,3.60344,13.450,4.550,5.550,-1.0000
7,far,50,1e+13,P2,person,1.425134e+03,4.850,4.250,4.150,3.7065,3.87607,4.850,4.250,4.150,3.7065
7,far,50,1e+13,P2,vehicle,1.476516e+03,4.750,0.550,5.650,4.2578,3.54379,6.250,3.950,1.950,3.2931
7,far,30,1e+10,P1,empty,1.988512e+01,4.350,2.950,5.450,-1.0000,7.12340,13.450,4.650,1.650,-1.0000
7,far,30,1e+10,P1,person,2.443153e+01,4.350,1.950,5.450,3.5579,6.73589,12.050,3.650,5.250,4.7259
7,far,30,1e+10,P1,vehicle,2.140294e+01,4.450,0.850,5.450,4.4679,7.65557,12.950,1.750,5.150,2.1039
7,far,30,1e+10,P2,empty,2.956703e+01,4.750,1.150,5.250,-1.0000,5.49168,13.250,1.050,3.750,-1.0000
7,far,30,1e+10,P2,person,2.832224e+01,4.350,3.150,5.450,3.8339,6.79217,11.650,0.850,3.150,3.6985
7,far,30,1e+10,P2,vehicle,3.233107e+01,4.850,3.550,5.550,4.4830,5.58335,13.150,1.850,4.050,1.9708
7,far,30,1e+11,P1,empty,6.150131e+01,4.650,0.350,5.450,-1.0000,4.44592,13.050,2.950,1.650,-1.0000
7,far,30,1e+11,P1,person,5.689229e+01,4.550,1.150,4.750,3.1040,4.29378,10.750,4.050,3.450,3.6384
7,far,30,1e+11,P1,vehicle,5.954515e+01,4.450,3.350,5.650,4.7937,6.31116,11.050,4.550,3.450,2.7500
7,far,30,1e+11,P2,empty,9.081201e+01,4.450,0.950,5.450,-1.0000,3.83031,13.650,3.650,2.450,-1.0000
7,far,30,1e+11,P2,person,8.601785e+01,4.550,2.050,5.650,3.4876,3.87018,9.750,1.950,2.150,2.2829
7,far,30,1e+11,P2,vehicle,7.908591e+01,4.950,2.950,5.550,4.1954,4.62901,13.550,1.950,4.250,2.3864
7,far,30,1e+12,P1,empty,1.955245e+02,4.650,1.750,5.450,-1.0000,3.76850,7.550,1.750,2.350,-1.0000
7,far,30,1e+12,P1,person,1.945585e+02,5.050,1.950,5.250,2.8477,4.32558,11.650,1.250,1.650,4.1435
7,far,30,1e+12,P1,vehicle,1.715412e+02,4.450,3.350,5.550,4.7605,3.82845,12.050,3.750,3.350,2.1352
7,far,30,1e+12,P2,empty,2.344349e+02,4.950,3.250,5.550,-1.0000,3.71511,8.050,3.650,5.550,-1.0000
7,far,30,1e+12,P2,person,2.784897e+02,4.550,4.350,5.650,4.3662,3.41003,11.450,1.050,3.950,3.4765
7,far,30,1e+12,P2,vehicle,2.847887e+02,4.450,4.250,5.250,5.0427,4.13495,10.950,4.550,1.550,2.9135
7,far,30,1e+13,P1,empty,5.818920e+02,4.350,2.050,5.350,-1.0000,3.90851,8.550,3.550,1.450,-1.0000
7,far,30,1e+13,P1,person,5.573014e+02,4.350,0.550,4.950,3.3555,3.87332,8.450,3.950,1.750,2.9285
7,far,30,1e+13,P1,vehicle,5.527962e+02,4.550,4.550,5.250,5.1140,3.83642,8.650,3.550,1.850,1.8714
7,far,30,1e+13,P2,empty,9.219833e+02,4.550,4.450,5.550,-1.0000,3.41972,4.850,0.350,1.350,-1.0000
7,far,30,1e+13,P2,person,8.044463e+02,4.550,2.450,5.450,3.4538,3.68707,7.450,2.450,1.850,1.8717
7,far,30,1e+13,P2,vehicle,7.140492e+02,5.050,3.950,5.650,4.5258,3.44350,8.150,3.450,5.150,2.0732
7,far,20,1e+10,P1,empty,1.055646e+01,4.550,3.450,4.250,-1.0000,7.06701,11.750,0.550,2.050,-1.0000
7,far,20,1e+10,P1,person,1.240407e+01,4.450,3.850,5.650,4.1555,9.76424,11.150,4.350,3.250,4.1477
7,far,20,1e+10,P1,vehicle,1.157156e+01,4.450,1.350,4.950,4.3329,7.40132,8.850,0.950,4.250,0.2377
7,far,20,1e+10,P2,empty,1.445467e+01,4.350,2.750,5.550,-1.0000,6.00566,10.950,3.350,4.450,-1.0000
7,far,20,1e+10,P2,person,1.254553e+01,4.850,1.550,5.650,3.2165,7.20986,13.150,3.450,3.150,5.4789
7,far,20,1e+10,P2,vehicle,1.341882e+01,4.350,1.550,5.250,4.5036,6.39862,9.850,3.150,3.250,1.3500
7,far,20,1e+11,P1,empty,2.453679e+01,5.050,4.250,5.350,-1.0000,5.20150,10.050,4.550,1.950,-1.0000
7,far,20,1e+11,P1,person,3.089490e+01,5.350,3.650,5.650,3.4240,5.09503,13.250,1.950,5.250,5.4603
7,far,20,1e+11,P1,vehicle,3.085405e+01,4.450,1.950,5.250,4.4101,5.32951,11.950,2.350,4.650,1.1409
7,far,20,1e+11,P2,empty,3.683247e+01,4.350,0.450,5.250,-1.0000,3.89837,10.250,0.450,3.650,-1.0000
7,far,20,1e+11,P2,person,4.168710e+01,4.350,0.450,5.350,3.5055,4.38234,4.450,2.650,2.950,3.2760
7,far,20,1e+11,P2,vehicle,3.182484e+01,4.350,3.450,5.050,4.7487,3.77875,7.050,0.850,4.950,1.8807
7,far,20,1e+12,P1,empty,9.558186e+01,4.450,1.350,5.350,-1.0000,4.53015,7.550,1.450,5.050,-1.0000
7,far,20,1e+12,P1,person,9.164307e+01,4.450,2.250,4.550,3.1980,3.93844,4.450,2.250,4.550,3.1980
7,far,20,1e+12,P1,vehicle,9.866156e+01,4.450,2.750,4.950,4.4358,4.00294,10.650,4.150,5.550,2.8084
7,far,20,1e+12,P2,empty,1.352057e+02,4.550,4.050,5.550,-1.0000,3.59083,6.150,0.650,3.050,-1.0000
7,far,20,1e+12,P2,person,1.140976e+02,4.350,3.750,4.950,3.9321,3.74853,12.350,3.150,5.650,4.9436
7,far,20,1e+12,P2,vehicle,1.246930e+02,4.650,1.050,5.350,4.2464,3.55936,5.350,3.050,4.850,3.6544
7,far,20,1e+13,P1,empty,2.651231e+02,4.750,1.950,5.450,-1.0000,3.78916,12.150,4.150,5.650,-1.0000
7,far,20,1e+13,P1,person,2.880971e+02,4.850,4.350,5.150,3.9789,3.63406,9.050,3.650,5.550,2.7936
7,far,20,1e+13,P1,vehicle,2.540982e+02,4.750,0.550,5.650,4.2578,3.56146,11.350,4.350,3.550,2.5556
7,far,20,1e+13,P2,empty,5.050017e+02,4.650,1.450,5.650,-1.0000,3.85555,12.850,0.850,5.050,-1.0000
7,far,20,1e+13,P2,person,3.664510e+02,4.650,2.550,5.450,3.3917,3.66101,7.450,1.850,2.250,1.3239
7,far,20,1e+13,P2,vehicle,4.441908e+02,4.550,2.650,5.650,4.5236,3.50820,9.450,0.750,5.550,1.5377
7,far,15,1e+10,P1,empty,5.150009e+00,4.550,1.650,4.950,-1.0000,7.50142,12.850,1.250,2.150,-1.0000
7,far,15,1e+10,P1,person,5.937836e+00,4.450,4.150,5.450,4.2395,7.79668,12.350,2.350,4.050,4.4273
7,far,15,1e+10,P1,vehicle,6.407074e+00,6.550,3.350,5.550,3.0504,9.57385,13.250,0.850,2.150,2.1012
7,far,15,1e+10,P2,empty,6.878906e+00,4.550,2.950,5.650,-1.0000,6.77375,9.850,4.450,3.850,-1.0000
7,far,15,1e+10,P2,person,6.484665e+00,4.750,3.050,5.550,3.5165,5.67913,9.850,3.750,5.650,3.3033
7,far,15,1e+10,P2,vehicle,7.308090e+00,4.650,3.950,5.650,4.8526,5.53745,10.050,1.750,3.150,0.0000
7,far,15,1e+11,P1,empty,1.407167e+01,4.350,3.650,5.250,-1.0000,6.56274,12.050,2.650,5.550,-1.0000
7,far,15,1e+11,P1,person,1.370180e+01,4.750,2.050,5.650,3.3187,5.02234,10.350,2.750,5.050,2.8554
7,far,15,1e+11,P1,vehicle,1.502042e+01,6.050,4.250,5.050,3.7413,5.29660,6.050,4.250,5.050,3.7413
7,far,15,1e+11,P2,empty,2.337038e+01,5.150,1.250,5.550,-1.0000,4.23847,8.550,1.250,3.950,-1.0000
7,far,15,1e+11,P2,person,2.036879e+01,4.350,1.550,5.650,3.6429,4.56990,10.350,3.750,2.350,3.3641
7,far,15,1e+11,P2,vehicle,2.000681e+01,4.450,0.750,5.350,4.4367,3.96541,10.450,4.150,3.750,2.3500
7,far,15,1e+12,P1,empty,4.405429e+01,4.550,1.650,5.350,-1.0000,3.93899,13.450,1.450,5.250,-1.0000
7,far,15,1e+12,P1,person,4.641893e+01,4.450,4.450,5.650,4.4954,4.02609,7.150,1.950,4.450,0.7397
7,far,15,1e+12,P1,vehicle,4.154366e+01,4.350,3.550,5.650,4.9493,4.16044,9.750,0.750,4.250,0.2377
7,far,15,1e+12,P2,empty,5.461386e+01,5.050,4.050,5.250,-1.0000,3.70907,7.950,3.850,2.850,-1.0000
7,far,15,1e+12,P2,person,6.067027e+01,5.050,0.750,5.350,2.8869,4.28637,8.350,1.350,2.250,1.3658
7,far,15,1e+12,P2,vehicle,6.471629e+01,4.750,1.650,5.550,4.2203,3.96634,5.150,1.350,3.650,3.5302
7,far,15,1e+13,P1,empty,1.326771e+02,4.550,3.750,5.250,-1.0000,3.37025,11.650,0.550,3.550,-1.0000
7,far,15,1e+13,P1,person,1.366565e+02,4.450,0.650,5.550,3.5069,3.58871,10.050,2.550,2.550,2.4610
7,far,15,1e+13,P1,vehicle,1.517643e+02,4.350,1.850,5.550,4.5954,3.62624,11.550,1.350,3.550,0.3698
7,far,15,1e+13,P2,empty,2.030065e+02,4.450,1.050,5.650,-1.0000,3.93321,5.850,0.550,4.150,-1.0000
7,far,15,1e+13,P2,person,2.240327e+02,4.450,0.450,5.450,3.4599,3.60396,9.850,4.250,3.550,3.1654
7,far,15,1e+13,P2,vehicle,2.032740e+02,4.350,1.850,5.550,4.5954,3.70692,9.250,1.750,5.350,1.3377
7,far,10,1e+10,P1,empty,6.139557e+00,9.850,0.550,5.250,-1.0000,9.61460,9.850,0.550,5.250,-1.0000
7,far,10,1e+10,P1,person,5.687897e+00,8.550,2.750,2.150,1.8523,8.95391,8.550,2.750,2.150,1.8523
7,far,10,1e+10,P1,vehicle,5.298065e+00,5.850,0.350,1.550,2.9893,8.27553,5.850,0.350,1.550,2.9893
7,far,10,1e+10,P2,empty,5.543152e+00,10.450,3.550,3.850,-1.0000,6.09689,10.450,3.550,3.850,-1.0000
7,far,10,1e+10,P2,person,5.902344e+00,11.150,1.050,3.150,3.2022,6.55651,11.150,1.050,3.150,3.2022
7,far,10,1e+10,P2,vehicle,6.627228e+00,9.550,1.350,5.650,1.6377,7.31243,9.550,1.350,5.650,1.6377
7,far,10,1e+11,P1,empty,1.040585e+01,5.950,0.550,2.750,-1.0000,5.12327,5.950,0.550,2.750,-1.0000
7,far,10,1e+11,P1,person,9.838593e+00,8.250,4.550,1.650,3.4437,4.84858,8.250,4.550,1.650,3.4437
7,far,10,1e+11,P1,vehicle,9.747742e+00,9.450,1.450,1.750,0.7623,4.84018,9.450,1.450,1.750,0.7623
7,far,10,1e+11,P2,empty,1.279559e+01,5.150,3.350,4.950,-1.0000,4.29146,5.150,3.350,4.950,-1.0000
7,far,10,1e+11,P2,person,1.142157e+01,11.250,1.650,2.650,3.4003,3.99166,11.250,1.650,2.650,3.4003
7,far,10,1e+11,P2,vehicle,1.304163e+01,13.050,1.750,4.750,2.0100,4.54551,13.050,1.750,4.750,2.0100
7,far,10,1e+12,P1,empty,2.695407e+01,4.950,2.250,5.450,-1.0000,3.96557,6.650,4.550,5.650,-1.0000
7,far,10,1e+12,P1,person,2.577679e+01,6.450,2.050,2.850,1.3364,3.99189,6.450,2.050,2.850,1.3364
7,far,10,1e+12,P1,vehicle,2.624500e+01,7.450,2.450,5.050,1.7357,4.05908,7.450,2.450,5.050,1.7357
7,far,10,1e+12,P2,empty,3.437234e+01,5.150,4.250,3.550,-1.0000,3.76983,5.150,4.250,3.550,-1.0000
7,far,10,1e+12,P2,person,3.273401e+01,12.050,1.450,2.150,4.3135,3.60540,12.050,1.450,2.150,4.3135
7,far,10,1e+12,P2,vehicle,3.214044e+01,4.850,2.750,4.250,3.9534,3.47110,4.850,2.750,4.250,3.9534
7,far,10,1e+13,P1,empty,7.692603e+01,11.550,1.750,5.450,-1.0000,3.81913,11.550,1.750,5.450,-1.0000
7,far,10,1e+13,P1,person,7.417926e+01,11.250,1.750,3.050,3.3157,3.65440,11.250,1.750,3.050,3.3157
7,far,10,1e+13,P1,vehicle,8.188379e+01,6.650,2.150,1.350,2.3654,4.05037,6.650,2.150,1.350,2.3654
7,far,10,1e+13,P2,empty,1.053979e+02,10.550,1.150,3.650,-1.0000,3.65277,10.550,1.150,3.650,-1.0000
7,far,10,1e+13,P2,person,1.052484e+02,11.050,1.450,3.750,3.0754,3.67035,11.050,1.450,3.750,3.0754
7,far,10,1e+13,P2,vehicle,1.094282e+02,11.750,0.450,4.050,0.5710,3.82823,11.750,0.450,4.050,0.5710
7,far,5,1e+10,P1,empty,5.317566e+00,12.250,0.750,3.550,-1.0000,8.27147,12.250,0.750,3.550,-1.0000
7,far,5,1e+10,P1,person,6.969025e+00,8.950,4.550,4.950,3.2023,10.92062,8.950,4.550,4.950,3.2023
7,far,5,1e+10,P1,vehicle,4.939484e+00,6.750,3.450,3.650,2.5393,7.72182,13.250,4.650,2.850,3.5223
7,far,5,1e+10,P2,empty,5.331726e+00,12.550,1.050,1.450,-1.0000,5.89356,12.550,1.050,1.450,-1.0000
7,far,5,1e+10,P2,person,5.213287e+00,4.750,4.650,4.850,4.1683,5.74632,4.750,4.650,4.850,4.1683
7,far,5,1e+10,P2,vehicle,5.173920e+00,8.250,1.950,3.050,0.4556,5.71085,8.250,1.950,3.050,0.4556
7,far,5,1e+11,P1,empty,1.047714e+01,9.850,3.950,4.150,-1.0000,5.17798,9.850,3.950,4.150,-1.0000
7,far,5,1e+11,P1,person,9.771912e+00,12.650,1.050,3.750,4.6754,4.83278,12.650,1.050,3.750,4.6754
7,far,5,1e+11,P1,vehicle,1.119736e+01,10.250,2.450,4.350,0.7325,5.54739,10.250,2.450,4.350,0.7325
7,far,5,1e+11,P2,empty,1.224054e+01,12.850,3.050,3.250,-1.0000,4.25465,12.850,3.050,3.250,-1.0000
7,far,5,1e+11,P2,person,1.265515e+01,13.250,0.850,1.450,5.6829,4.44311,13.250,0.850,1.450,5.6829
7,far,5,1e+11,P2,vehicle,1.281821e+01,8.450,3.750,2.950,1.9635,4.43828,8.450,3.750,2.950,1.9635
7,far,5,1e+12,P1,empty,3.029736e+01,5.750,2.750,3.050,-1.0000,4.76543,5.750,2.750,3.050,-1.0000
7,far,5,1e+12,P1,person,2.679041e+01,5.650,3.050,2.550,2.5226,4.19602,5.650,3.050,2.550,2.5226
7,far,5,1e+12,P1,vehicle,2.662299e+01,13.150,4.650,5.250,3.6789,4.15452,13.150,4.650,5.250,3.6789
7,far,5,1e+12,P2,empty,3.120551e+01,10.050,3.450,2.150,-1.0000,3.45268,10.250,3.950,4.050,-1.0000
7,far,5,1e+12,P2,person,3.579297e+01,12.850,1.950,5.050,5.0240,3.96968,12.850,1.950,5.050,5.0240
7,far,5,1e+12,P2,vehicle,3.279941e+01,7.350,0.450,4.050,1.3308,3.61587,7.350,0.450,4.050,1.3308
7,far,5,1e+13,P1,empty,9.037810e+01,6.150,4.350,4.850,-1.0000,4.45271,6.150,4.350,4.850,-1.0000
7,far,5,1e+13,P1,person,8.210062e+01,5.550,1.250,3.050,2.0402,4.02881,5.550,1.250,3.050,2.0402
7,far,5,1e+13,P1,vehicle,7.120044e+01,13.250,0.850,5.550,2.5785,3.51549,13.250,0.850,5.550,2.5785
7,far,5,1e+13,P2,empty,9.932614e+01,7.450,2.450,2.750,-1.0000,3.47744,7.450,2.450,2.750,-1.0000
7,far,5,1e+13,P2,person,9.881439e+01,11.550,2.650,4.450,3.7457,3.48645,11.550,2.650,4.450,3.7457
7,far,5,1e+13,P2,vehicle,1.101893e+02,8.350,0.750,2.250,0.4217,3.82654,8.350,0.750,2.250,0.4217
7,near,inf,1e+10,P1,empty,8.611829e+01,5.650,0.350,5.550,-1.0000,4.08320,11.450,2.850,3.850,-1.0000
7,near,inf,1e+10,P1,person,7.928764e+01,4.950,4.650,4.650,3.9938,4.50686,12.050,3.950,2.150,4.8650
7,near,inf,1e+10,P1,vehicle,8.742961e+01,4.750,0.350,5.450,4.1849,4.66650,13.550,2.650,1.650,2.6612
7,near,inf,1e+10,P2,empty,1.102940e+02,4.650,3.650,4.650,-1.0000,4.16009,13.650,1.150,4.250,-1.0000
7,near,inf,1e+10,P2,person,1.232985e+02,4.950,3.750,4.850,3.4358,3.64205,11.350,0.650,4.150,3.3875
7,near,inf,1e+10,P2,vehicle,1.125999e+02,4.450,4.550,5.150,5.1722,3.66409,12.150,1.450,2.950,0.9698
7,near,inf,1e+11,P1,empty,2.814167e+02,4.750,1.850,4.450,-1.0000,3.63077,4.750,1.850,4.450,-1.0000
7,near,inf,1e+11,P1,person,2.816104e+02,4.450,4.450,5.050,4.2923,3.69956,6.750,3.950,1.550,3.1170
7,near,inf,1e+11,P1,vehicle,2.779251e+02,4.750,0.450,5.050,4.0649,3.88599,11.650,1.650,1.450,1.1615
7,near,inf,1e+11,P2,empty,3.502401e+02,4.550,1.450,5.350,-1.0000,3.70037,11.750,3.550,5.550,-1.0000
7,near,inf,1e+11,P2,person,3.636032e+02,4.350,0.650,5.150,3.4255,3.56745,8.350,3.650,4.950,2.2637
7,near,inf,1e+11,P2,vehicle,3.828076e+02,4.450,4.350,5.250,5.0921,3.52613,12.550,4.150,2.350,2.7249
7,near,inf,1e+12,P1,empty,9.262298e+02,4.550,4.050,5.650,-1.0000,3.57246,12.050,1.850,1.750,-1.0000
7,near,inf,1e+12,P1,person,8.339547e+02,4.850,4.450,5.250,4.0791,3.43929,9.350,4.550,4.150,3.1775
7,near,inf,1e+12,P1,vehicle,8.390080e+02,4.350,0.850,5.250,4.5036,3.66683,7.550,1.050,4.850,1.4068
7,near,inf,1e+12,P2,empty,1.309679e+03,4.850,0.650,5.150,-1.0000,3.79012,10.250,1.350,5.350,-1.0000
7,near,inf,1e+12,P2,person,1.346577e+03,4.650,4.650,5.150,4.3153,3.70391,11.550,2.250,3.550,3.6175
7,near,inf,1e+12,P2,vehicle,1.150711e+03,5.150,1.250,4.650,3.5874,3.55746,10.450,2.750,1.750,1.2180
7,near,inf,1e+13,P1,empty,3.326425e+03,4.550,4.150,5.450,-1.0000,3.90593,8.050,4.150,3.350,-1.0000
7,near,inf,1e+13,P1,person,3.557689e+03,4.350,3.950,5.650,4.2817,3.62554,4.750,0.850,1.450,3.4877
7,near,inf,1e+13,P1,vehicle,3.484788e+03,4.750,0.850,5.450,4.1849,3.93423,12.350,1.950,5.350,1.7834
7,near,inf,1e+13,P2,empty,3.895750e+03,4.950,2.050,5.350,-1.0000,4.07156,7.550,2.650,4.850,-1.0000
7,near,inf,1e+13,P2,person,3.609687e+03,4.850,4.650,5.050,4.1551,3.60743,12.750,1.350,2.750,4.8441
7,near,inf,1e+13,P2,vehicle,3.520517e+03,4.350,1.350,5.450,4.5627,3.63454,13.650,3.350,1.350,3.1390
7,near,50,1e+10,P1,empty,6.554681e+01,4.450,0.750,5.250,-1.0000,5.36910,12.950,4.650,1.550,-1.0000
7,near,50,1e+10,P1,person,5.066747e+01,4.350,4.350,5.450,4.4293,5.58662,13.350,3.750,1.950,5.9749
7,near,50,1e+10,P1,vehicle,5.974313e+01,4.650,3.650,5.250,4.6040,4.85986,12.550,1.850,2.750,1.3707
7,near,50,1e+10,P2,empty,7.356241e+01,4.750,2.250,5.450,-1.0000,3.77775,9.250,4.350,4.750,-1.0000
7,near,50,1e+10,P2,person,7.199678e+01,4.350,1.150,5.650,3.6429,4.20801,11.450,1.350,1.750,3.9200
7,near,50,1e+10,P2,vehicle,8.781287e+01,4.650,3.350,5.550,4.5836,4.85668,12.650,0.950,3.150,1.4698
7,near,50,1e+11,P1,empty,2.064408e+02,4.750,4.450,4.950,-1.0000,4.00892,11.750,3.750,5.250,-1.0000
7,near,50,1e+11,P1,person,1.719078e+02,4.550,3.850,5.550,4.0393,3.92462,7.150,1.450,4.750,0.9626
7,near,50,1e+11,P1,vehicle,1.611312e+02,4.950,2.450,5.450,4.0502,4.25000,13.450,1.850,1.450,2.5066
7,near,50,1e+11,P2,empty,2.450890e+02,4.850,2.550,5.550,-1.0000,3.51163,9.150,3.350,5.450,-1.0000
7,near,50,1e+11,P2,person,2.711949e+02,4.450,3.550,5.650,4.0085,3.70477,9.750,1.250,5.250,2.2528
7,near,50,1e+11,P2,vehicle,2.503820e+02,4.550,2.150,5.250,4.3259,3.77429,7.350,1.950,1.950,1.4519
7,near,50,1e+12,P1,empty,6.076716e+02,4.750,3.750,5.550,-1.0000,3.68211,12.350,0.850,3.950,-1.0000
7,near,50,1e+12,P1,person,6.260594e+02,4.450,1.150,5.450,3.4599,4.23098,10.450,3.050,3.150,2.8497
7,near,50,1e+12,P1,vehicle,5.625327e+02,4.550,1.450,5.050,4.2586,3.75247,9.650,3.650,5.050,2.1212
7,near,50,1e+12,P2,empty,7.731827e+02,4.550,0.550,5.250,-1.0000,3.59346,10.950,2.950,1.750,-1.0000
7,near,50,1e+12,P2,person,7.346301e+02,4.350,2.750,5.450,3.7011,3.50273,12.150,0.350,1.850,4.5132
7,near,50,1e+12,P2,vehicle,7.305173e+02,4.350,1.550,5.450,4.5627,4.03496,11.450,1.850,4.950,0.9770
7,near,50,1e+13,P1,empty,2.017193e+03,4.450,0.550,5.150,-1.0000,3.74978,11.750,0.350,2.150,-1.0000
7,near,50,1e+13,P1,person,1.611268e+03,4.350,1.150,5.550,3.5949,3.85820,6.950,2.150,3.250,0.7942
7,near,50,1e+13,P1,vehicle,1.567722e+03,5.550,1.750,5.550,3.4875,3.83229,10.050,1.850,3.450,0.0500
7,near,50,1e+13,P2,empty,2.671136e+03,4.350,1.550,5.650,-1.0000,3.46025,5.250,2.150,2.150,-1.0000
7,near,50,1e+13,P2,person,2.321064e+03,4.650,0.450,5.150,3.1495,3.60307,7.750,0.450,2.450,1.1133
7,near,50,1e+13,P2,vehicle,2.324804e+03,5.250,1.350,5.550,3.7591,3.72805,12.950,0.850,2.650,1.7698
7,near,30,1e+10,P1,empty,4.398454e+01,4.350,4.150,5.050,-1.0000,6.88473,13.150,2.250,3.850,-1.0000
7,near,30,1e+10,P1,person,4.771684e+01,4.350,0.350,4.950,3.3555,5.79212,12.550,1.150,5.650,4.9119
7,near,30,1e+10,P1,vehicle,4.257896e+01,4.750,4.050,5.450,4.7514,6.59120,11.350,0.450,3.250,0.1698
7,near,30,1e+10,P2,empty,6.536006e+01,4.350,1.050,5.550,-1.0000,4.57788,11.850,4.050,2.850,-1.0000
7,near,30,1e+10,P2,person,6.195689e+01,4.750,3.250,5.550,3.5981,4.74913,13.550,3.450,1.450,6.2140
7,near,30,1e+10,P2,vehicle,6.844538e+01,4.550,1.150,5.650,4.4431,4.74996,13.150,1.050,3.950,1.9698
7,near,30,1e+11,P1,empty,1.332145e+02,4.650,2.350,5.650,-1.0000,4.17232,12.650,2.250,1.550,-1.0000
7,near,30,1e+11,P1,person,1.219479e+02,4.750,3.350,5.350,3.5541,4.63886,12.950,4.250,3.550,5.5908
7,near,30,1e+11,P1,vehicle,1.386769e+02,4.350,2.850,5.650,4.7472,4.43389,11.850,1.950,1.750,1.0257
7,near,30,1e+11,P2,empty,1.999214e+02,4.450,1.550,5.550,-1.0000,4.03396,6.050,3.950,4.850,-1.0000
7,near,30,1e+11,P2,person,2.360094e+02,4.350,4.250,5.250,4.3016,3.50871,13.550,2.750,5.650,5.9481
7,near,30,1e+11,P2,vehicle,1.918510e+02,4.650,3.050,5.450,4.4578,3.71948,13.150,4.150,2.650,3.0664
7,near,30,1e+12,P1,empty,4.209666e+02,4.350,0.750,5.550,-1.0000,3.86315,12.850,3.350,3.450,-1.0000
7,near,30,1e+12,P1,person,4.221378e+02,4.750,1.050,5.350,3.1478,3.53677,11.450,2.350,4.050,3.5406
7,near,30,1e+12,P1,vehicle,4.576858e+02,4.850,0.750,5.650,4.1657,3.79228,13.050,2.450,2.850,1.9795
7,near,30,1e+12,P2,empty,6.348375e+02,4.350,3.650,5.150,-1.0000,3.60596,9.650,0.550,3.350,-1.0000
7,near,30,1e+12,P2,person,7.779752e+02,4.650,3.350,5.650,3.7654,3.85003,12.850,3.550,2.950,5.2505
7,near,30,1e+12,P2,vehicle,5.682455e+02,4.750,1.150,5.450,4.1849,3.65098,7.650,4.350,3.050,2.7502
7,near,30,1e+13,P1,empty,1.600787e+03,4.550,4.250,5.450,-1.0000,4.01282,11.350,0.550,3.650,-1.0000
7,near,30,1e+13,P1,person,1.243391e+03,4.350,1.150,5.350,3.5055,3.77500,9.850,1.750,2.550,2.1322
7,near,30,1e+13,P1,vehicle,1.486640e+03,4.350,1.050,5.550,4.5952,3.70216,11.650,2.450,1.850,1.0401
7,near,30,1e+13,P2,empty,1.701818e+03,4.450,3.850,5.150,-1.0000,3.57764,12.950,4.550,5.650,-1.0000
7,near,30,1e+13,P2,person,2.448660e+03,4.650,3.450,5.650,3.8103,3.68330,9.850,3.550,3.250,2.6529
7,near,30,1e+13,P2,vehicle,2.168577e+03,4.550,3.950,5.250,4.8180,3.53794,9.450,3.750,4.150,1.9549
7,near,20,1e+10,P1,empty,3.191354e+01,4.550,3.550,5.650,-1.0000,8.84040,13.250,3.250,1.650,-1.0000
7,near,20,1e+10,P1,person,3.311124e+01,4.550,1.850,5.650,3.4732,10.86576,13.150,1.350,4.950,5.2883
7,near,20,1e+10,P1,vehicle,3.062157e+01,4.550,3.250,5.550,4.6396,7.07292,12.450,1.450,5.050,1.6399
7,near,20,1e+10,P2,empty,4.777522e+01,4.650,3.850,5.650,-1.0000,5.82056,12.150,3.350,2.050,-1.0000
7,near,20,1e+10,P2,person,4.361172e+01,4.350,3.450,5.650,4.0414,7.67243,12.750,1.350,3.650,4.7754
7,near,20,1e+10,P2,vehicle,4.209204e+01,4.850,4.350,5.550,4.8516,7.13166,13.350,2.750,3.350,2.3686
7,near,20,1e+11,P1,empty,1.000855e+02,4.550,1.950,4.950,-1.0000,4.50033,12.750,3.150,4.950,-1.0000
7,near,20,1e+11,P1,person,1.182026e+02,5.050,1.750,5.450,2.9401,4.43424,13.250,3.050,3.750,5.4454
7,near,20,1e+11,P1,vehicle,1.130572e+02,4.350,2.750,5.450,4.6605,4.61123,13.050,0.550,3.050,1.8698
7,near,20,1e+11,P2,empty,1.713815e+02,4.350,2.050,5.550,-1.0000,4.14306,11.750,3.150,4.250,-1.0000
7,near,20,1e+11,P2,person,1.214455e+02,4.450,4.450,5.150,4.3211,3.94224,12.050,3.050,1.950,4.5863
7,near,20,1e+11,P2,vehicle,1.394326e+02,4.750,1.250,5.250,4.1205,4.42956,9.050,3.850,1.350,2.3566
7,near,20,1e+12,P1,empty,2.674540e+02,4.450,0.950,5.550,-1.0000,3.73353,4.450,3.650,2.150,-1.0000
7,near,20,1e+12,P1,person,3.017038e+02,4.450,1.050,5.650,3.5561,3.85873,11.250,2.050,2.850,3.3704
7,near,20,1e+12,P1,vehicle,3.255253e+02,4.550,0.550,4.950,4.2353,3.85097,10.050,4.350,3.450,2.5500
7,near,20,1e+12,P2,empty,4.696196e+02,4.450,3.550,5.650,-1.0000,3.44968,4.750,4.550,3.250,-1.0000
7,near,20,1e+12,P2,person,4.337923e+02,4.450,0.450,5.550,3.5069,3.59534,11.350,2.950,5.050,3.7900
7,near,20,1e+12,P2,vehicle,5.139730e+02,4.350,2.250,5.650,4.6514,4.17391,11.550,2.050,2.650,0.4464
7,near,20,1e+13,P1,empty,1.259109e+03,4.350,0.850,5.450,-1.0000,3.78530,4.450,3.850,4.150,-1.0000
7,near,20,1e+13,P1,person,9.650233e+02,4.350,0.550,5.150,3.4255,3.33524,11.150,1.550,4.850,3.3252
7,near,20,1e+13,P1,vehicle,8.355247e+02,4.750,3.150,5.550,4.4310,3.88518,6.650,0.850,4.250,2.0441
7,near,20,1e+13,P2,empty,1.392203e+03,4.350,1.450,5.450,-1.0000,3.95703,12.550,2.550,3.350,-1.0000
7,near,20,1e+13,P2,person,1.174110e+03,4.350,1.250,5.650,3.6429,3.77858,5.550,3.850,4.250,2.9447
7,near,20,1e+13,P2,vehicle,1.586628e+03,4.450,2.150,5.550,4.5146,3.49628,9.850,2.550,1.750,1.0694
7,near,15,1e+10,P1,empty,2.325391e+01,4.650,2.350,5.050,-1.0000,6.77003,11.650,1.350,4.750,-1.0000
7,near,15,1e+10,P1,person,2.217343e+01,4.350,1.350,5.550,3.5949,7.97371,10.750,0.950,2.450,2.9903
7,near,15,1e+10,P1,vehicle,2.345947e+01,4.350,3.450,5.550,4.8824,7.41394,12.550,0.850,4.650,1.5110
7,near,15,1e+10,P2,empty,3.633786e+01,4.350,1.950,5.650,-1.0000,5.94933,11.650,3.750,5.350,-1.0000
7,near,15,1e+10,P2,person,2.597836e+01,5.150,2.150,5.650,3.0056,6.11513,11.550,4.250,3.850,4.3916
7,near,15,1e+10,P2,vehicle,3.244740e+01,4.450,2.350,5.450,4.5016,6.42848,12.950,3.250,5.350,2.6503
7,near,15,1e+11,P1,empty,6.198663e+01,5.050,4.250,5.650,-1.0000,5.00657,13.350,1.650,1.450,-1.0000
7,near,15,1e+11,P1,person,7.258125e+01,4.550,1.950,5.650,3.4790,5.21943,11.050,1.050,2.550,3.2380
7,near,15,1e+11,P1,vehicle,6.998999e+01,4.450,2.150,5.450,4.4816,5.15658,11.650,0.950,3.250,0.4698
7,near,15,1e+11,P2,empty,1.006819e+02,4.750,3.550,5.450,-1.0000,3.83663,10.750,4.350,4.050,-1.0000
7,near,15,1e+11,P2,person,8.985181e+01,4.750,0.850,5.450,3.1963,3.58336,9.150,3.250,3.650,1.9453
7,near,15,1e+11,P2,vehicle,1.034846e+02,4.350,0.350,5.550,4.5952,3.80790,12.050,1.750,1.750,1.1565
7,near,15,1e+12,P1,empty,2.131277e+02,4.450,3.350,5.450,-1.0000,4.06387,9.850,4.650,4.850,-1.0000
7,near,15,1e+12,P1,person,2.104956e+02,4.450,0.350,5.250,3.3729,3.98976,12.050,4.550,2.450,5.0961
7,near,15,1e+12,P1,vehicle,2.246614e+02,4.450,0.850,5.350,4.4367,3.78759,12.450,1.150,4.450,1.3431
7,near,15,1e+12,P2,empty,3.330889e+02,4.550,1.050,5.650,-1.0000,3.87163,8.250,2.650,1.750,-1.0000
7,near,15,1e+12,P2,person,2.660059e+02,4.550,1.550,5.550,3.4196,3.50642,7.450,4.250,5.450,3.0043
7,near,15,1e+12,P2,vehicle,3.609132e+02,4.350,3.150,5.650,4.8224,3.67999,6.350,4.350,4.250,3.4625
7,near,15,1e+13,P1,empty,6.209562e+02,4.850,3.550,5.650,-1.0000,3.43123,10.250,1.250,1.650,-1.0000
7,near,15,1e+13,P1,person,7.313148e+02,4.950,0.850,5.650,3.1339,3.49621,5.550,1.650,3.150,2.0174
7,near,15,1e+13,P1,vehicle,7.475806e+02,4.550,3.850,5.450,4.8299,3.77365,10.350,4.050,4.050,2.2503
7,near,15,1e+13,P2,empty,1.044069e+03,4.350,1.250,5.550,-1.0000,4.14662,9.850,2.750,3.850,-1.0000
7,near,15,1e+13,P2,person,8.866031e+02,4.750,3.750,5.650,3.8850,3.86958,11.250,0.350,1.650,3.7932
7,near,15,1e+13,P2,vehicle,1.020557e+03,4.550,0.750,5.650,4.4431,3.44687,6.950,3.450,3.450,2.3909
7,near,10,1e+10,P1,empty,1.416656e+01,4.350,2.750,5.550,-1.0000,9.68470,11.650,2.950,5.650,-1.0000
7,near,10,1e+10,P1,person,1.331444e+01,4.450,0.850,5.350,3.4152,9.52313,13.350,1.550,1.450,5.7759
7,near,10,1e+10,P1,vehicle,1.363893e+01,4.350,3.550,5.550,4.9171,8.27285,9.950,2.850,4.250,1.0766
7,near,10,1e+10,P2,empty,1.718357e+01,4.350,1.350,5.650,-1.0000,6.07112,10.150,1.350,4.150,-1.0000
7,near,10,1e+10,P2,person,1.553172e+01,4.650,1.150,5.650,3.3847,5.78378,9.950,0.650,3.050,2.0410
7,near,10,1e+10,P2,vehicle,1.882690e+01,4.650,3.250,5.650,4.5856,5.41957,12.550,4.250,1.350,3.0380
7,near,10,1e+11,P1,empty,3.440704e+01,4.450,1.350,5.650,-1.0000,4.81580,11.050,3.050,5.550,-1.0000
7,near,10,1e+11,P1,person,4.129971e+01,4.350,1.750,5.550,3.5952,4.94229,10.350,1.850,4.050,2.3874
7,near,10,1e+11,P1,vehicle,3.209013e+01,4.550,2.050,5.650,4.4501,5.18768,5.850,2.950,2.350,3.0593
7,near,10,1e+11,P2,empty,5.040121e+01,4.350,1.650,5.550,-1.0000,3.88854,8.750,3.950,1.950,-1.0000
7,near,10,1e+11,P2,person,5.244113e+01,4.950,0.850,5.550,3.0779,4.31505,12.850,4.450,2.150,5.7731
7,near,10,1e+11,P2,vehicle,6.019318e+01,4.350,2.750,5.650,4.7260,3.74990,12.450,1.050,4.550,1.3789
7,near,10,1e+12,P1,empty,1.193374e+02,4.450,1.650,5.650,-1.0000,4.23366,11.150,0.950,5.550,-1.0000
7,near,10,1e+12,P1,person,1.198199e+02,4.350,3.050,5.550,3.8400,3.79318,13.150,0.850,2.450,5.2938
7,near,10,1e+12,P1,vehicle,1.173781e+02,4.350,1.950,5.250,4.5061,4.45812,8.750,3.950,5.150,2.4325
7,near,10,1e+12,P2,empty,1.430838e+02,4.350,3.550,5.550,-1.0000,3.71758,8.050,3.350,5.250,-1.0000
7,near,10,1e+12,P2,person,1.368599e+02,4.450,0.850,5.050,3.2957,4.01193,8.350,0.950,5.050,1.2447
7,near,10,1e+12,P2,vehicle,1.602608e+02,4.350,0.550,5.250,4.5036,3.78498,9.650,0.350,1.650,0.8623
7,near,10,1e+13,P1,empty,3.571934e+02,4.350,0.950,5.450,-1.0000,4.26067,13.650,2.850,5.150,-1.0000
7,near,10,1e+13,P1,person,3.380529e+02,4.650,1.850,5.550,3.3363,3.69919,11.550,2.650,5.050,3.8851
7,near,10,1e+13,P1,vehicle,3.531958e+02,4.650,1.350,5.650,4.3503,3.89958,10.650,3.550,1.750,1.9088
7,near,10,1e+13,P2,empty,4.804402e+02,4.450,0.450,5.650,-1.0000,3.67714,7.450,3.950,2.750,-1.0000
7,near,10,1e+13,P2,person,4.204434e+02,4.750,1.250,5.650,3.3001,3.69481,10.250,2.850,3.850,2.5495
7,near,10,1e+13,P2,vehicle,5.353450e+02,4.450,3.250,5.650,4.7623,3.48258,13.450,3.150,5.650,3.1075
7,near,5,1e+10,P1,empty,5.561737e+00,5.650,2.750,3.950,-1.0000,8.63279,5.650,2.750,3.950,-1.0000
7,near,5,1e+10,P1,person,5.194275e+00,7.450,1.250,3.650,0.0746,8.09286,7.450,1.250,3.650,0.0746
7,near,5,1e+10,P1,vehicle,4.948792e+00,7.950,4.050,5.450,2.7682,7.72788,7.950,4.050,5.450,2.7682
7,near,5,1e+10,P2,empty,4.918549e+00,5.050,3.950,5.150,-1.0000,5.24041,5.050,3.950,5.150,-1.0000
7,near,5,1e+10,P2,person,5.108978e+00,6.250,2.450,3.150,1.5356,5.64049,10.550,3.150,1.450,3.6333
7,near,5,1e+10,P2,vehicle,5.634216e+00,4.950,1.050,2.750,3.7302,6.22518,4.950,1.050,2.750,3.7302
7,near,5,1e+11,P1,empty,1.023737e+01,8.750,2.250,2.950,-1.0000,5.06731,8.750,2.250,2.950,-1.0000
7,near,5,1e+11,P1,person,1.019775e+01,12.350,4.450,4.050,5.1712,5.01770,12.350,4.450,4.050,5.1712
7,near,5,1e+11,P1,vehicle,1.237384e+01,5.850,1.650,3.550,2.8302,6.07282,5.850,1.650,3.550,2.8302
7,near,5,1e+11,P2,empty,1.386646e+01,10.950,1.750,3.850,-1.0000,4.84694,10.950,1.750,3.850,-1.0000
7,near,5,1e+11,P2,person,1.177844e+01,10.850,4.050,1.450,4.2727,4.13188,10.850,4.050,1.450,4.2727
7,near,5,1e+11,P2,vehicle,1.226505e+01,9.750,3.350,3.550,1.5500,4.30168,9.750,3.350,3.550,1.5500
7,near,5,1e+12,P1,empty,2.867410e+01,7.650,2.550,2.650,-1.0000,4.47957,7.650,2.550,2.650,-1.0000
7,near,5,1e+12,P1,person,2.337653e+01,9.650,2.250,3.350,1.7762,3.65856,9.650,2.250,3.350,1.7762
7,near,5,1e+12,P1,vehicle,2.806369e+01,8.450,2.650,2.250,0.9189,4.35884,8.450,2.650,2.250,0.9189
7,near,5,1e+12,P2,empty,3.345282e+01,9.950,2.150,5.650,-1.0000,3.70641,9.950,2.150,5.650,-1.0000
7,near,5,1e+12,P2,person,3.342664e+01,12.250,0.550,2.950,4.3191,3.68074,12.250,0.550,2.950,4.3191
7,near,5,1e+12,P2,vehicle,3.218756e+01,12.350,4.350,2.150,2.8288,3.54686,12.350,4.350,2.150,2.8288
7,near,5,1e+13,P1,empty,8.507635e+01,11.050,3.350,3.450,-1.0000,4.20318,11.050,3.350,3.450,-1.0000
7,near,5,1e+13,P1,person,8.729819e+01,4.350,2.650,5.450,3.6740,3.76392,12.750,4.450,3.450,5.5118
7,near,5,1e+13,P1,vehicle,7.965778e+01,12.850,4.150,5.350,3.1781,3.91984,12.850,4.150,5.350,3.1781
7,near,5,1e+13,P2,empty,1.143470e+02,12.350,1.550,2.050,-1.0000,4.01041,12.350,1.550,2.050,-1.0000
7,near,5,1e+13,P2,person,1.037778e+02,8.950,4.150,4.750,2.7821,3.62924,6.350,3.650,1.750,2.9103
7,near,5,1e+13,P2,vehicle,1.041304e+02,12.450,1.450,2.850,1.2698,3.62589,12.450,1.450,2.850,1.2698
8,far,inf,1e+10,P1,empty,9.245326e+01,5.250,4.350,5.250,-1.0000,3.90022,12.850,0.950,4.950,-1.0000
8,far,inf,1e+10,P1,person,9.074368e+01,4.950,2.150,5.450,3.6812,4.45936,11.250,1.050,2.750,3.0111
8,far,inf,1e+10,P1,vehicle,8.907791e+01,4.350,3.850,4.750,4.8449,3.99398,7.250,3.850,3.750,2.5336
8,far,inf,1e+10,P2,empty,1.636824e+02,4.750,1.250,5.350,-1.0000,3.71998,4.750,1.250,5.350,-1.0000
8,far,inf,1e+10,P2,person,1.476910e+02,4.550,2.650,4.750,3.7359,4.02603,4.550,2.650,4.750,3.7359
8,far,inf,1e+10,P2,vehicle,1.139143e+02,4.750,3.250,4.950,4.2543,3.90515,9.750,3.350,3.750,1.5500
8,far,inf,1e+11,P1,empty,2.683419e+02,5.350,3.450,5.150,-1.0000,4.13358,12.750,1.150,4.850,-1.0000
8,far,inf,1e+11,P1,person,2.674685e+02,4.450,4.650,5.250,4.9258,3.73597,11.350,1.050,1.450,3.4109
8,far,inf,1e+11,P1,vehicle,3.421061e+02,4.450,4.650,4.950,5.1578,3.65334,4.450,3.250,1.650,4.7715
8,far,inf,1e+11,P2,empty,5.299984e+02,4.750,4.150,5.050,-1.0000,4.21791,10.250,3.050,3.550,-1.0000
8,far,inf,1e+11,P2,person,4.588383e+02,4.450,2.850,5.350,4.1608,3.64620,11.450,4.650,2.550,4.3696
8,far,inf,1e+11,P2,vehicle,3.853125e+02,5.450,3.050,4.750,3.5196,3.64822,5.450,3.050,4.750,3.5196
8,far,inf,1e+12,P1,empty,9.969819e+02,4.350,0.850,4.650,-1.0000,3.46401,13.150,1.050,2.050,-1.0000
8,far,inf,1e+12,P1,person,9.760078e+02,4.350,4.650,4.850,4.8397,3.76423,11.550,1.450,1.650,3.5210
8,far,inf,1e+12,P1,vehicle,7.928508e+02,4.350,4.550,4.950,5.1875,3.64192,13.450,0.950,3.550,2.2111
8,far,inf,1e+12,P2,empty,1.299500e+03,4.750,0.550,5.250,-1.0000,3.76562,9.050,3.250,5.050,-1.0000
8,far,inf,1e+12,P2,person,1.478860e+03,4.450,0.850,5.450,4.0546,3.48978,7.850,2.050,5.250,2.1267
8,far,inf,1e+12,P2,vehicle,1.190284e+03,4.850,1.350,4.850,3.8936,3.51914,8.950,0.450,2.750,0.4069
8,far,inf,1e+13,P1,empty,3.544852e+03,4.650,0.950,5.550,-1.0000,3.62176,6.650,1.650,5.250,-1.0000
8,far,inf,1e+13,P1,person,3.944969e+03,4.350,0.850,5.450,4.1374,3.85708,5.550,2.650,4.650,2.8577
8,far,inf,1e+13,P1,vehicle,3.631025e+03,4.850,0.550,5.350,3.9501,3.62363,8.050,4.250,4.350,2.5450
8,far,inf,1e+13,P2,empty,4.568086e+03,4.450,4.150,5.450,-1.0000,3.75103,9.550,2.150,2.850,-1.0000
8,far,inf,1e+13,P2,person,4.048192e+03,6.850,3.650,2.050,2.3089,4.25157,6.850,3.650,2.050,2.3089
8,far,inf,1e+13,P2,vehicle,4.187251e+03,4.550,0.850,5.450,4.2633,4.06869,13.450,4.350,3.550,3.3752
8,far,50,1e+10,P1,empty,3.879919e+01,4.750,3.850,5.250,-1.0000,5.65004,11.050,2.150,3.750,-1.0000
8,far,50,1e+10,P1,person,4.166492e+01,5.650,4.350,5.350,4.0540,5.86750,11.850,2.550,3.450,3.7200
8,far,50,1e+10,P1,vehicle,3.120851e+01,5.450,4.250,5.350,4.1593,6.63961,12.450,4.050,5.350,2.6476
8,far,50,1e+10,P2,empty,4.705281e+01,4.550,1.050,5.350,-1.0000,5.50126,13.450,0.350,4.450,-1.0000
8,far,50,1e+10,P2,person,4.460582e+01,5.050,1.250,5.350,3.5130,4.63512,13.650,1.150,2.050,5.4685
8,far,50,1e+10,P2,vehicle,4.954138e+01,4.550,1.750,5.450,4.2633,5.19001,13.550,3.450,2.850,2.8562
8,far,50,1e+11,P1,empty,1.089698e+02,4.350,1.550,5.650,-1.0000,4.05419,13.650,1.450,1.550,-1.0000
8,far,50,1e+11,P1,person,1.122603e+02,4.450,0.850,5.450,4.0546,4.27456,12.250,3.050,2.950,4.2305
8,far,50,1e+11,P1,vehicle,1.147983e+02,4.450,4.450,5.050,5.0568,4.08726,10.050,4.450,1.850,2.9548
8,far,50,1e+11,P2,empty,1.429069e+02,4.650,2.150,5.650,-1.0000,3.46178,8.150,2.550,3.950,-1.0000
8,far,50,1e+11,P2,person,1.626822e+02,4.450,4.350,5.050,4.6673,4.00540,7.250,1.850,1.950,1.0625
8,far,50,1e+11,P2,vehicle,1.855148e+02,4.450,3.150,5.650,4.6047,4.47649,13.550,1.950,2.550,2.3942
8,far,50,1e+12,P1,empty,3.367382e+02,4.450,1.250,5.450,-1.0000,3.57910,13.150,1.150,5.550,-1.0000
8,far,50,1e+12,P1,person,4.090840e+02,4.450,1.450,5.650,4.1712,4.50189,13.250,0.450,2.950,5.0093
8,far,50,1e+12,P1,vehicle,4.081240e+02,5.350,3.950,5.250,4.0569,3.72034,5.350,3.950,5.250,4.0569
8,far,50,1e+12,P2,empty,5.708905e+02,4.350,1.550,5.650,-1.0000,3.59973,11.050,1.350,1.850,-1.0000
8,far,50,1e+12,P2,person,5.132116e+02,5.450,0.950,5.150,3.0773,3.78406,5.650,3.950,4.650,3.4479
8,far,50,1e+12,P2,vehicle,5.700486e+02,4.450,3.550,5.650,4.7374,3.78876,4.450,2.050,3.850,4.2961
8,far,50,1e+13,P1,empty,1.120806e+03,4.350,0.850,5.450,-1.0000,3.80754,6.350,4.050,2.350,-1.0000
8,far,50,1e+13,P1,person,1.340177e+03,5.050,3.750,5.350,4.0674,3.57265,5.050,3.750,5.350,4.0674
8,far,50,1e+13,P1,vehicle,1.312855e+03,5.150,1.050,5.350,3.6552,3.67589,5.150,1.050,5.350,3.6552
8,far,50,1e+13,P2,empty,1.621103e+03,4.750,0.550,5.350,-1.0000,3.64747,8.050,3.350,5.350,-1.0000
8,far,50,1e+13,P2,person,1.582727e+03,4.450,3.650,4.750,4.1851,3.44801,12.050,3.550,3.150,4.2348
8,far,50,1e+13,P2,vehicle,1.291766e+03,4.850,1.350,5.050,3.9087,3.64681,11.550,0.850,3.650,0.3111
8,far,30,1e+10,P1,empty,2.148015e+01,4.450,3.550,5.550,-1.0000,7.23893,11.950,1.450,4.550,-1.0000
8,far,30,1e+10,P1,person,1.832977e+01,4.450,1.150,4.950,3.7937,7.76570,13.550,3.250,2.250,5.5637
8,far,30,1e+10,P1,vehicle,2.142938e+01,4.650,1.950,5.550,4.1879,7.04806,10.150,0.450,3.550,0.0000
8,far,30,1e+10,P2,empty,2.667970e+01,4.550,4.650,5.250,-1.0000,5.22131,10.950,2.150,1.550,-1.0000
8,far,30,1e+10,P2,person,2.791262e+01,4.550,1.950,5.650,4.0992,5.58713,11.850,1.750,4.650,3.9081
8,far,30,1e+10,P2,vehicle,3.389699e+01,4.650,1.250,5.550,4.1852,5.11338,13.350,3.750,2.250,3.0136
8,far,30,1e+11,P1,empty,6.209091e+01,4.650,4.250,5.450,-1.0000,4.57029,11.250,0.350,3.350,-1.0000
8,far,30,1e+11,P1,person,6.415717e+01,4.550,4.650,5.250,4.8585,4.82553,13.150,4.250,1.950,5.6052
8,far,30,1e+11,P1,vehicle,5.907040e+01,4.450,1.550,5.450,4.3616,4.76211,12.250,0.550,3.950,1.0111
8,far,30,1e+11,P2,empty,8.131981e+01,4.650,1.150,5.550,-1.0000,3.91127,12.350,0.950,2.950,-1.0000
8,far,30,1e+11,P2,person,8.722043e+01,4.850,3.350,5.650,4.1963,3.88006,12.750,0.750,4.150,4.6184
8,far,30,1e+11,P2,vehicle,1.084130e+02,4.750,2.350,5.650,4.1472,4.32066,10.150,4.050,2.350,2.3903
8,far,30,1e+12,P1,empty,1.946343e+02,4.550,4.450,5.450,-1.0000,4.04201,10.150,2.050,3.650,-1.0000
8,far,30,1e+12,P1,person,2.093326e+02,4.550,3.450,5.350,4.2889,3.89725,6.750,3.350,5.550,3.0911
8,far,30,1e+12,P1,vehicle,2.357263e+02,4.550,0.450,5.450,4.2633,4.15061,10.850,0.950,1.450,1.7069
8,far,30,1e+12,P2,empty,2.620823e+02,4.650,2.750,5.250,-1.0000,3.62669,7.050,2.150,1.350,-1.0000
8,far,30,1e+12,P2,person,2.887545e+02,5.050,1.050,5.250,3.4513,4.14837,12.450,3.250,1.450,4.6997
8,far,30,1e+12,P2,vehicle,2.741637e+02,4.350,4.150,5.550,5.0579,3.86341,12.450,3.750,5.350,2.3979
8,far,30,1e+13,P1,empty,7.703116e+02,4.350,4.550,5.350,-1.0000,3.70952,7.550,1.750,5.650,-1.0000
8,far,30,1e+13,P1,person,6.328408e+02,4.650,3.250,5.350,4.1348,4.60283,5.150,4.650,2.850,3.9592
8,far,30,1e+13,P1,vehicle,6.801880e+02,4.750,3.450,5.650,4.4294,3.69641,11.850,2.550,2.950,0.9894
8,far,30,1e+13,P2,empty,8.710381e+02,4.550,3.250,5.250,-1.0000,3.57890,9.650,0.650,2.450,-1.0000
8,far,30,1e+13,P2,person,8.489141e+02,4.350,2.850,4.550,3.8877,3.59716,4.350,2.850,4.550,3.8877
8,far,30,1e+13,P2,vehicle,1.028279e+03,4.450,1.150,5.650,4.4023,3.77049,10.650,1.650,3.950,0.0000
8,far,20,1e+10,P1,empty,1.045508e+01,4.750,4.150,5.150,-1.0000,8.51752,12.450,0.750,2.550,-1.0000
8,far,20,1e+10,P1,person,9.672668e+00,4.450,0.450,5.350,3.9988,10.19638,10.150,4.350,2.750,3.2678
8,far,20,1e+10,P1,vehicle,1.012320e+01,4.850,1.950,5.250,3.9367,7.91076,12.950,3.650,3.850,2.5200
8,far,20,1e+10,P2,empty,1.312827e+01,4.550,1.450,5.650,-1.0000,6.42267,12.150,2.350,5.050,-1.0000
8,far,20,1e+10,P2,person,1.175693e+01,4.550,4.050,5.550,4.6662,5.62730,8.250,1.450,2.250,0.6023
8,far,20,1e+10,P2,vehicle,1.342850e+01,4.350,0.850,5.350,4.4432,5.51231,13.050,2.450,2.950,1.9354
8,far,20,1e+11,P1,empty,3.105525e+01,4.850,0.850,5.250,-1.0000,5.69820,11.550,3.550,2.350,-1.0000
8,far,20,1e+11,P1,person,3.143230e+01,4.550,1.050,5.150,3.8069,5.49867,12.350,2.050,3.750,4.1673
8,far,20,1e+11,P1,vehicle,3.531676e+01,4.350,3.950,5.550,4.9681,5.38680,11.150,4.450,3.350,2.6500
8,far,20,1e+11,P2,empty,3.748605e+01,4.450,2.650,5.550,-1.0000,3.80912,12.950,4.650,4.750,-1.0000
8,far,20,1e+11,P2,person,4.577974e+01,4.350,3.850,5.550,4.7127,4.18302,8.150,1.950,3.250,0.2684
8,far,20,1e+11,P2,vehicle,4.484247e+01,4.350,0.950,5.150,4.4165,4.62592,12.950,1.250,3.050,1.7145
8,far,20,1e+12,P1,empty,1.071347e+02,4.350,3.850,5.250,-1.0000,3.85647,8.350,1.750,2.650,-1.0000
8,far,20,1e+12,P1,person,8.622713e+01,4.550,1.550,5.650,4.0915,3.85485,10.250,3.650,4.250,3.0075
8,far,20,1e+12,P1,vehicle,9.346362e+01,4.850,4.150,5.650,4.6510,4.22767,11.250,3.750,4.250,1.9500
8,far,20,1e+12,P2,empty,1.190423e+02,4.650,3.150,5.650,-1.0000,3.53098,9.850,3.850,1.650,-1.0000
8,far,20,1e+12,P2,person,1.319756e+02,4.650,1.750,5.550,3.9516,3.78495,8.450,2.350,4.850,1.8299
8,far,20,1e+12,P2,vehicle,1.181583e+02,4.650,0.950,5.550,4.1852,3.50577,10.250,4.650,1.550,3.2718
8,far,20,1e+13,P1,empty,3.141432e+02,4.550,4.250,5.050,-1.0000,3.72092,10.950,1.650,3.950,-1.0000
8,far,20,1e+13,P1,person,3.001972e+02,4.450,3.750,5.650,4.6477,3.78620,10.750,3.450,5.550,3.8869
8,far,20,1e+13,P1,vehicle,2.612089e+02,4.450,3.750,5.550,4.7952,3.43269,5.850,3.350,2.750,3.3036
8,far,20,1e+13,P2,empty,4.832296e+02,4.550,3.550,4.850,-1.0000,4.02098,4.550,3.550,4.850,-1.0000
8,far,20,1e+13,P2,person,4.728147e+02,4.350,4.450,5.550,5.0150,3.54605,6.950,3.150,1.550,2.1225
8,far,20,1e+13,P2,vehicle,4.289667e+02,4.750,1.550,5.550,4.0876,3.67603,7.450,4.150,4.250,2.6802
8,far,15,1e+10,P1,empty,5.903244e+00,4.650,1.750,5.350,-1.0000,7.05645,7.150,3.450,3.950,-1.0000
8,far,15,1e+10,P1,person,6.779007e+00,5.250,1.250,4.450,2.8529,8.94898,9.950,3.450,4.850,2.9777
8,far,15,1e+10,P1,vehicle,5.578644e+00,9.650,3.950,3.950,2.1500,8.47934,9.650,3.950,3.950,2.1500
8,far,15,1e+10,P2,empty,6.665161e+00,4.450,4.650,5.250,-1.0000,5.97551,10.850,0.350,4.250,-1.0000
8,far,15,1e+10,P2,person,6.955063e+00,4.950,1.650,5.650,3.7826,6.50347,11.250,1.250,2.350,3.0510
8,far,15,1e+10,P2,vehicle,6.817764e+00,4.950,2.750,5.450,3.9858,6.22532,13.150,1.750,3.750,1.9111
8,far,15,1e+11,P1,empty,1.424475e+01,4.750,0.750,5.250,-1.0000,4.65342,4.650,2.950,2.150,-1.0000
8,far,15,1e+11,P1,person,1.458598e+01,4.350,3.350,5.350,4.4035,5.08385,10.350,2.950,1.850,2.6488
8,far,15,1e+11,P1,vehicle,1.482260e+01,4.550,4.050,5.650,4.8575,4.77380,10.850,3.150,2.450,1.5239
8,far,15,1e+11,P2,empty,1.965978e+01,4.350,1.450,5.550,-1.0000,4.09404,8.750,1.650,4.650,-1.0000
8,far,15,1e+11,P2,person,2.227995e+01,4.350,2.450,5.650,4.3173,4.25736,12.550,1.450,4.150,4.4233
8,far,15,1e+11,P2,vehicle,2.229027e+01,4.850,1.650,5.650,4.0136,4.25233,5.150,1.950,3.350,3.5920
8,far,15,1e+12,P1,empty,4.877021e+01,4.550,0.650,5.650,-1.0000,4.05323,7.550,2.650,1.950,-1.0000
8,far,15,1e+12,P1,person,4.348418e+01,4.350,1.550,5.550,4.1937,4.39810,11.650,3.150,2.350,3.7388
8,far,15,1e+12,P1,vehicle,4.379634e+01,4.550,0.450,5.250,4.2306,3.87838,5.650,2.650,1.450,3.6300
8,far,15,1e+12,P2,empty,6.881160e+01,4.850,4.150,5.450,-1.0000,4.22737,10.950,1.250,2.950,-1.0000
8,far,15,1e+12,P2,person,6.418307e+01,5.050,2.450,5.650,3.7832,3.44902,10.050,2.150,5.450,2.9590
8,far,15,1e+12,P2,vehicle,7.949998e+01,4.750,3.850,5.250,4.5238,3.65909,4.750,3.850,5.250,4.5238
8,far,15,1e+13,P1,empty,1.584295e+02,4.450,4.150,5.650,-1.0000,3.75201,9.850,3.950,4.250,-1.0000
8,far,15,1e+13,P1,person,1.329380e+02,4.750,3.350,5.550,4.2092,3.51311,7.650,4.050,4.950,2.9621
8,far,15,1e+13,P1,vehicle,1.628916e+02,4.550,4.150,5.250,4.8395,3.78262,13.050,2.050,4.650,1.8283
8,far,15,1e+13,P2,empty,2.306328e+02,4.750,3.650,4.850,-1.0000,4.30333,5.550,1.550,2.450,-1.0000
8,far,15,1e+13,P2,person,2.070563e+02,4.750,4.250,5.250,4.4887,3.78570,10.750,1.350,5.550,3.4707
8,far,15,1e+13,P2,vehicle,2.098521e+02,4.450,0.650,5.350,4.3445,3.46784,10.550,0.450,2.050,1.1069
8,far,10,1e+10,P1,empty,4.681549e+00,4.850,4.450,3.650,-1.0000,7.20093,4.850,4.450,3.650,-1.0000
8,far,10,1e+10,P1,person,5.374695e+00,10.350,0.950,3.450,2.1302,8.41160,10.350,0.950,3.450,2.1302
8,far,10,1e+10,P1,vehicle,5.681763e+00,7.650,3.950,4.050,2.4100,8.83797,7.650,3.950,4.050,2.4100
8,far,10,1e+10,P2,empty,5.834442e+00,5.350,1.050,2.950,-1.0000,6.42268,5.350,1.050,2.950,-1.0000
8,far,10,1e+10,P2,person,5.624817e+00,9.550,2.250,4.150,1.7356,6.21503,9.550,2.250,4.150,1.7356
8,far,10,1e+10,P2,vehicle,5.214966e+00,12.050,1.650,3.550,0.8111,5.76916,12.050,1.650,3.550,0.8111
8,far,10,1e+11,P1,empty,1.059094e+01,7.350,4.550,4.750,-1.0000,5.20374,7.350,4.550,4.750,-1.0000
8,far,10,1e+11,P1,person,9.753510e+00,5.350,3.650,2.650,3.1305,4.82761,5.350,3.650,2.650,3.1305
8,far,10,1e+11,P1,vehicle,1.082257e+01,13.050,0.850,5.250,1.9058,5.36927,13.050,0.850,5.250,1.9058
8,far,10,1e+11,P2,empty,1.254358e+01,7.650,0.550,2.950,-1.0000,4.35416,7.650,0.550,2.950,-1.0000
8,far,10,1e+11,P2,person,1.297641e+01,4.950,2.150,4.650,3.2427,4.51517,11.150,1.850,1.350,3.2777
8,far,10,1e+11,P2,vehicle,1.195386e+01,9.950,3.350,5.250,1.6596,4.16729,9.950,3.350,5.250,1.6596
8,far,10,1e+12,P1,empty,2.564108e+01,4.650,0.850,5.550,-1.0000,4.02412,12.350,0.750,1.650,-1.0000
8,far,10,1e+12,P1,person,2.679552e+01,5.450,2.750,4.950,3.1326,4.04786,5.450,2.750,4.950,3.1326
8,far,10,1e+12,P1,vehicle,2.657648e+01,13.050,3.350,1.450,2.9320,4.12805,13.050,3.350,1.450,2.9320
8,far,10,1e+12,P2,empty,3.741336e+01,8.750,4.550,2.750,-1.0000,4.11100,8.750,4.550,2.750,-1.0000
8,far,10,1e+12,P2,person,3.514977e+01,6.150,1.150,4.550,2.1553,3.85417,6.150,1.150,4.550,2.1553
8,far,10,1e+12,P2,vehicle,3.203906e+01,12.050,0.350,4.650,0.8111,3.54451,12.050,0.350,4.650,0.8111
8,far,10,1e+13,P1,empty,8.280890e+01,9.650,2.850,1.750,-1.0000,4.06995,9.650,2.850,1.750,-1.0000
8,far,10,1e+13,P1,person,8.216727e+01,5.350,4.350,2.950,3.6027,4.01881,5.350,4.350,2.950,3.6027
8,far,10,1e+13,P1,vehicle,7.369983e+01,4.950,2.350,1.950,4.0143,3.63693,4.950,2.350,1.950,4.0143
8,far,10,1e+13,P2,empty,1.061224e+02,9.350,2.050,1.650,-1.0000,3.71576,9.350,2.050,1.650,-1.0000
8,far,10,1e+13,P2,person,1.040215e+02,7.850,1.150,4.950,1.7977,3.63590,7.850,1.150,4.950,1.7977
8,far,10,1e+13,P2,vehicle,9.960741e+01,4.450,1.750,4.650,4.2889,3.36350,12.450,3.350,3.650,1.9671
8,far,5,1e+10,P1,empty,4.331360e+00,10.450,0.850,2.550,-1.0000,6.78362,10.450,0.850,2.550,-1.0000
8,far,5,1e+10,P1,person,6.343079e+00,12.450,1.750,1.550,4.4065,9.96054,12.450,1.750,1.550,4.4065
8,far,5,1e+10,P1,vehicle,5.032227e+00,13.550,3.650,3.550,2.9604,7.84251,13.550,3.650,3.550,2.9604
8,far,5,1e+10,P2,empty,5.337128e+00,7.250,0.350,2.450,-1.0000,5.86873,7.250,0.350,2.450,-1.0000
8,far,5,1e+10,P2,person,5.028137e+00,13.450,0.850,4.250,5.3237,5.56156,13.450,0.850,4.250,5.3237
8,far,5,1e+10,P2,vehicle,6.422485e+00,10.850,2.950,3.950,1.1500,7.09172,10.850,2.950,3.950,1.1500
8,far,5,1e+11,P1,empty,9.911011e+00,4.450,2.550,4.650,-1.0000,4.89933,4.450,2.550,4.650,-1.0000
8,far,5,1e+11,P1,person,9.835205e+00,11.850,4.150,1.350,4.6137,4.85528,11.850,4.150,1.350,4.6137
8,far,5,1e+11,P1,vehicle,9.784363e+00,6.650,4.650,4.950,3.5457,4.83813,6.650,4.650,4.950,3.5457
8,far,5,1e+11,P2,empty,1.182123e+01,11.550,4.650,4.350,-1.0000,4.13904,11.550,4.650,4.350,-1.0000
8,far,5,1e+11,P2,person,1.229561e+01,4.450,0.550,5.050,3.8421,4.31582,4.450,0.550,5.050,3.8421
8,far,5,1e+11,P2,vehicle,1.182254e+01,8.850,1.750,4.850,0.1931,4.12928,8.850,1.750,4.850,0.1931
8,far,5,1e+12,P1,empty,3.087183e+01,11.850,1.450,2.350,-1.0000,4.79416,11.850,1.450,2.350,-1.0000
8,far,5,1e+12,P1,person,2.705457e+01,5.250,1.050,3.050,2.5407,4.24343,5.250,1.050,3.050,2.5407
8,far,5,1e+12,P1,vehicle,2.562909e+01,12.950,0.950,1.750,2.2153,3.99592,12.950,0.950,1.750,2.2153
8,far,5,1e+12,P2,empty,3.518149e+01,10.750,2.250,4.950,-1.0000,3.89353,10.750,2.250,4.950,-1.0000
8,far,5,1e+12,P2,person,3.240918e+01,7.550,2.450,2.450,0.8844,3.58159,7.550,2.450,2.450,0.8844
8,far,5,1e+12,P2,vehicle,3.167963e+01,6.750,1.150,4.750,1.9910,3.50495,6.750,1.150,4.750,1.9910
8,far,5,1e+13,P1,empty,7.291489e+01,9.650,4.350,3.750,-1.0000,3.63166,9.650,4.350,3.750,-1.0000
8,far,5,1e+13,P1,person,7.660004e+01,7.750,0.650,3.050,0.0407,3.77385,7.750,0.650,3.050,0.0407
8,far,5,1e+13,P1,vehicle,8.157800e+01,11.650,0.350,2.750,0.5785,4.03507,11.650,0.350,2.750,0.5785
8,far,5,1e+13,P2,empty,1.081429e+02,11.150,4.150,2.950,-1.0000,3.77628,11.150,4.150,2.950,-1.0000
8,far,5,1e+13,P2,person,1.086497e+02,7.950,0.650,1.550,1.3023,3.78782,7.950,0.650,1.550,1.3023
8,far,5,1e+13,P2,vehicle,9.985223e+01,10.050,1.550,4.950,0.2931,3.48353,10.050,1.550,4.950,0.2931
8,near,inf,1e+10,P1,empty,8.481969e+01,4.350,3.950,5.050,-1.0000,3.64001,13.250,1.550,4.850,-1.0000
8,near,inf,1e+10,P1,person,1.100603e+02,4.450,1.050,5.650,4.1712,4.65573,11.950,3.250,2.850,4.0202
8,near,inf,1e+10,P1,vehicle,8.852246e+01,5.150,4.050,1.350,4.6051,4.09913,12.150,3.750,5.150,2.2081
8,near,inf,1e+10,P2,empty,1.663004e+02,4.650,4.550,5.150,-1.0000,3.50381,4.450,1.150,3.850,-1.0000
8,near,inf,1e+10,P2,person,1.215361e+02,4.350,3.550,5.150,4.3877,3.91096,11.250,3.050,4.850,3.7096
8,near,inf,1e+10,P2,vehicle,1.245634e+02,5.050,3.550,5.350,4.1413,3.67944,9.850,1.050,3.850,0.0000
8,near,inf,1e+11,P1,empty,2.693186e+02,4.350,0.450,5.150,-1.0000,3.82945,13.150,4.250,3.750,-1.0000
8,near,inf,1e+11,P1,person,2.918108e+02,5.050,4.550,5.150,4.4300,3.65257,11.250,3.450,2.950,3.4812
8,near,inf,1e+11,P1,vehicle,2.934874e+02,5.250,0.650,4.750,3.4901,3.81413,12.850,3.650,4.650,2.4532
8,near,inf,1e+11,P2,empty,4.138866e+02,4.350,0.550,4.950,-1.0000,3.37803,13.450,1.050,4.850,-1.0000
8,near,inf,1e+11,P2,person,4.054854e+02,4.850,1.750,5.650,3.8586,3.69647,12.250,0.450,3.550,4.0290
8,near,inf,1e+11,P2,vehicle,3.737645e+02,4.750,1.450,5.050,4.0082,3.74131,5.350,4.650,3.450,4.4280
8,near,inf,1e+12,P1,empty,8.811527e+02,4.450,0.950,5.550,-1.0000,3.87227,5.550,4.550,2.950,-1.0000
8,near,inf,1e+12,P1,person,9.490513e+02,4.350,4.150,5.450,4.8084,3.45223,11.150,2.750,4.750,3.4813
8,near,inf,1e+12,P1,vehicle,9.760127e+02,4.450,0.450,5.350,4.3445,3.37200,12.250,2.150,3.950,1.0700
8,near,inf,1e+12,P2,empty,1.353511e+03,4.350,1.450,4.950,-1.0000,3.51763,10.150,0.750,5.450,-1.0000
8,near,inf,1e+12,P2,person,1.157416e+03,4.550,1.850,5.550,4.0340,3.41109,10.550,4.150,2.050,3.4611
8,near,inf,1e+12,P2,vehicle,1.349295e+03,4.550,3.850,5.050,4.6801,3.51171,11.750,2.450,2.950,0.8524
8,near,inf,1e+13,P1,empty,3.232339e+03,4.550,4.050,5.550,-1.0000,3.83657,6.750,1.650,1.850,-1.0000
8,near,inf,1e+13,P1,person,4.024356e+03,4.650,0.950,5.550,3.9513,3.85027,4.650,0.950,5.550,3.9513
8,near,inf,1e+13,P1,vehicle,3.397082e+03,4.450,4.250,5.450,5.0026,4.01603,12.150,3.350,4.550,1.7980
8,near,inf,1e+13,P2,empty,4.097175e+03,4.650,4.050,4.950,-1.0000,3.75629,12.950,1.950,3.050,-1.0000
8,near,inf,1e+13,P2,person,3.791308e+03,5.050,3.650,5.550,4.1307,3.77279,5.850,3.150,4.750,2.9020
8,near,inf,1e+13,P2,vehicle,4.995204e+03,4.550,4.550,5.250,5.0459,3.54170,7.550,2.850,2.350,1.7796
8,near,50,1e+10,P1,empty,5.410602e+01,4.750,2.450,4.850,-1.0000,6.85735,13.450,3.850,1.350,-1.0000
8,near,50,1e+10,P1,person,5.913191e+01,4.650,2.050,5.450,3.9072,5.79112,13.550,3.650,4.250,5.7616
8,near,50,1e+10,P1,vehicle,6.331609e+01,4.350,1.550,5.250,4.4287,6.41817,13.450,2.450,1.350,2.9286
8,near,50,1e+10,P2,empty,8.628021e+01,4.450,0.450,5.450,-1.0000,4.26066,12.450,3.050,4.150,-1.0000
8,near,50,1e+10,P2,person,9.051584e+01,5.550,4.350,5.350,4.1077,4.24815,13.350,2.150,2.850,5.1291
8,near,50,1e+10,P2,vehicle,8.417851e+01,4.550,4.650,5.350,5.1136,4.14278,13.650,1.750,2.050,2.6531
8,near,50,1e+11,P1,empty,1.859879e+02,4.550,0.450,5.250,-1.0000,3.75158,10.650,3.750,4.550,-1.0000
8,near,50,1e+11,P1,person,1.672665e+02,4.850,3.150,5.250,3.8924,3.69318,5.850,0.450,2.550,1.9641
8,near,50,1e+11,P1,vehicle,1.996875e+02,4.550,4.450,5.050,4.9723,4.40377,10.850,2.150,3.550,0.3500
8,near,50,1e+11,P2,empty,2.783716e+02,4.350,3.350,5.650,-1.0000,3.53344,11.150,1.850,2.150,-1.0000
8,near,50,1e+11,P2,person,2.783819e+02,4.650,3.650,5.150,4.2021,3.60948,13.550,0.550,2.250,5.3434
8,near,50,1e+11,P2,vehicle,2.711998e+02,4.450,1.050,5.450,4.3616,3.81220,9.050,0.650,5.350,0.6931
8,near,50,1e+12,P1,empty,6.102163e+02,4.650,2.950,5.350,-1.0000,3.62332,7.450,1.550,4.250,-1.0000
8,near,50,1e+12,P1,person,5.637435e+02,4.550,0.550,5.350,3.9156,3.74445,6.350,0.650,3.950,1.6468
8,near,50,1e+12,P1,vehicle,5.038942e+02,4.850,1.150,4.950,3.8999,3.69483,10.250,1.050,2.950,0.2069
8,near,50,1e+12,P2,empty,8.866852e+02,4.550,0.350,5.350,-1.0000,3.54237,8.450,1.650,1.550,-1.0000
8,near,50,1e+12,P2,person,7.616385e+02,4.350,4.650,5.350,5.0369,4.31238,7.950,3.250,3.150,1.5500
8,near,50,1e+12,P2,vehicle,8.092090e+02,4.750,3.950,5.250,4.5700,3.68362,5.450,0.450,2.450,3.3640
8,near,50,1e+13,P1,empty,1.766390e+03,4.350,4.350,4.750,-1.0000,3.64923,4.550,0.850,2.250,-1.0000
8,near,50,1e+13,P1,person,2.322988e+03,4.550,0.650,5.350,3.9156,3.69620,5.950,4.350,1.750,3.4096
8,near,50,1e+13,P1,vehicle,1.855267e+03,4.750,4.050,5.350,4.6318,3.69218,5.150,0.850,4.350,3.5889
8,near,50,1e+13,P2,empty,2.927563e+03,4.350,0.350,5.150,-1.0000,3.44133,12.950,4.250,1.350,-1.0000
8,near,50,1e+13,P2,person,3.422427e+03,4.550,0.950,5.050,3.7554,3.72046,8.650,2.450,3.050,0.8544
8,near,50,1e+13,P2,vehicle,2.457341e+03,4.550,4.450,5.350,5.0049,3.70718,4.850,0.550,1.550,4.2078
8,near,30,1e+10,P1,empty,4.677838e+01,4.350,2.850,5.150,-1.0000,5.52527,13.250,2.850,1.750,-1.0000
8,near,30,1e+10,P1,person,4.877576e+01,4.350,3.850,5.350,4.6142,5.58370,11.650,2.450,1.850,3.6319
8,near,30,1e+10,P1,vehicle,4.905826e+01,5.350,3.450,5.250,3.8156,7.43354,11.250,0.750,2.550,0.6070
8,near,30,1e+10,P2,empty,6.421407e+01,4.450,0.750,5.650,-1.0000,4.69204,12.350,2.350,3.050,-1.0000
8,near,30,1e+10,P2,person,6.317546e+01,4.550,1.750,5.650,4.0918,4.98088,12.150,1.050,1.850,4.0358
8,near,30,1e+10,P2,vehicle,5.728117e+01,4.550,2.650,5.250,4.3152,5.37382,13.350,3.750,1.650,3.2450
8,near,30,1e+11,P1,empty,1.589161e+02,4.550,2.950,5.650,-1.0000,4.64563,12.750,0.750,1.650,-1.0000
8,near,30,1e+11,P1,person,1.511637e+02,4.650,1.850,5.650,4.0156,4.29792,13.450,1.350,3.550,5.2245
8,near,30,1e+11,P1,vehicle,1.463108e+02,4.350,1.350,5.650,4.4998,4.34148,12.950,3.050,3.250,2.1191
8,near,30,1e+11,P2,empty,2.027265e+02,4.550,1.150,4.850,-1.0000,3.58521,12.950,1.850,4.650,-1.0000
8,near,30,1e+11,P2,person,1.905938e+02,4.350,1.850,5.550,4.1964,3.50312,12.150,2.350,2.450,3.9834
8,near,30,1e+11,P2,vehicle,2.224849e+02,4.350,2.650,5.450,4.5402,4.09476,11.350,2.350,1.950,1.3310
8,near,30,1e+12,P1,empty,4.231154e+02,4.550,4.550,5.250,-1.0000,3.79510,10.750,1.350,3.050,-1.0000
8,near,30,1e+12,P1,person,4.540416e+02,4.550,1.850,5.650,4.0943,3.75039,12.350,4.250,3.350,4.8403
8,near,30,1e+12,P1,vehicle,5.434868e+02,4.650,2.550,5.550,4.2519,4.00465,8.550,4.350,3.150,2.5570
8,near,30,1e+12,P2,empty,6.571254e+02,4.450,2.650,5.650,-1.0000,3.56657,10.250,4.650,3.450,-1.0000
8,near,30,1e+12,P2,person,6.314990e+02,4.550,3.450,5.650,4.4501,3.70990,9.050,3.550,2.750,2.0219
8,near,30,1e+12,P2,vehicle,6.633892e+02,4.350,0.350,5.250,4.4287,3.99998,12.150,1.950,1.450,1.9407
8,near,30,1e+13,P1,empty,1.694467e+03,4.550,2.550,5.050,-1.0000,3.94777,4.550,2.550,5.050,-1.0000
8,near,30,1e+13,P1,person,1.716110e+03,4.550,4.150,5.050,4.4840,4.27339,6.450,4.350,1.550,3.2428
8,near,30,1e+13,P1,vehicle,1.314841e+03,4.650,1.850,5.650,4.2080,3.69489,10.650,2.050,3.150,0.2501
8,near,30,1e+13,P2,empty,1.875242e+03,4.450,0.950,5.550,-1.0000,3.83968,11.950,2.050,4.350,-1.0000
8,near,30,1e+13,P2,person,2.714488e+03,4.550,1.150,5.550,4.0313,3.67942,9.950,0.950,3.650,1.7803
8,near,30,1e+13,P2,vehicle,2.259469e+03,4.450,1.450,5.550,4.3808,3.88975,7.050,3.550,3.450,2.4320
8,near,20,1e+10,P1,empty,3.091052e+01,5.150,3.550,5.650,-1.0000,8.00329,11.250,0.850,4.250,-1.0000
8,near,20,1e+10,P1,person,3.606927e+01,4.550,3.650,5.250,4.3249,8.15564,12.750,1.250,3.750,4.5488
8,near,20,1e+10,P1,vehicle,3.226561e+01,4.350,2.350,5.450,4.4937,5.77097,13.550,1.250,2.250,2.4827
8,near,20,1e+10,P2,empty,4.686336e+01,4.450,1.250,5.650,-1.0000,6.38281,13.550,0.450,2.250,-1.0000
8,near,20,1e+10,P2,person,4.433968e+01,4.350,1.650,5.650,4.2517,5.24190,13.050,1.150,5.550,5.3739
8,near,20,1e+10,P2,vehicle,4.730975e+01,4.450,0.550,5.450,4.3616,5.99506,12.350,0.750,2.550,1.2661
8,near,20,1e+11,P1,empty,1.186315e+02,4.750,2.350,5.650,-1.0000,4.41662,10.550,2.250,3.850,-1.0000
8,near,20,1e+11,P1,person,9.801218e+01,5.250,1.150,5.550,3.4934,4.39419,12.450,0.350,4.750,4.5024
8,near,20,1e+11,P1,vehicle,9.544113e+01,4.350,3.550,5.350,4.7754,5.21231,13.350,3.550,4.450,2.7422
8,near,20,1e+11,P2,empty,1.268265e+02,4.650,0.750,5.650,-1.0000,4.28803,12.950,2.050,4.850,-1.0000
8,near,20,1e+11,P2,person,1.486434e+02,4.350,2.050,5.650,4.2661,4.34648,12.550,4.550,2.950,5.1665
8,near,20,1e+11,P2,vehicle,1.330128e+02,4.850,3.050,5.650,4.2038,3.66159,10.650,2.150,3.350,0.3500
8,near,20,1e+12,P1,empty,3.710636e+02,4.750,2.550,5.550,-1.0000,3.97479,13.350,1.150,5.450,-1.0000
8,near,20,1e+12,P1,person,3.625803e+02,4.750,2.850,5.650,4.0996,3.71882,8.450,1.050,5.150,2.0087
8,near,20,1e+12,P1,vehicle,2.758707e+02,4.450,4.450,5.650,5.1384,3.89683,10.050,2.150,1.650,1.5471
8,near,20,1e+12,P2,empty,4.548792e+02,5.050,1.150,5.550,-1.0000,4.41504,11.150,1.150,1.950,-1.0000
8,near,20,1e+12,P2,person,4.475113e+02,4.350,0.450,5.050,3.9293,3.67082,7.850,4.350,3.450,2.6667
8,near,20,1e+12,P2,vehicle,4.966360e+02,4.450,3.450,5.650,4.7014,3.53606,10.550,2.350,1.550,1.6985
8,near,20,1e+13,P1,empty,9.803399e+02,4.750,1.250,5.050,-1.0000,3.59611,9.750,1.050,5.650,-1.0000
8,near,20,1e+13,P1,person,1.087370e+03,4.550,3.750,5.550,4.5226,3.49705,4.350,2.350,3.550,3.5240
8,near,20,1e+13,P1,vehicle,9.958356e+02,5.050,3.950,5.250,4.3107,4.02443,12.250,3.450,1.350,2.6476
8,near,20,1e+13,P2,empty,1.216281e+03,4.650,0.750,5.250,-1.0000,3.91843,8.350,3.750,2.950,-1.0000
8,near,20,1e+13,P2,person,1.514723e+03,4.450,1.450,5.450,4.0546,3.43708,5.350,4.350,3.750,3.6519
8,near,20,1e+13,P2,vehicle,1.427179e+03,4.450,0.750,5.550,4.3808,3.64068,8.950,0.750,3.550,0.0000
8,near,15,1e+10,P1,empty,3.458311e+01,4.350,2.150,5.650,-1.0000,7.37144,11.150,4.350,1.950,-1.0000
8,near,15,1e+10,P1,person,2.466421e+01,4.550,1.350,5.650,4.0915,6.26800,10.750,2.050,5.050,3.1655
8,near,15,1e+10,P1,vehicle,2.680005e+01,4.750,1.050,5.650,4.1106,8.74415,10.450,0.650,1.950,1.2069
8,near,15,1e+10,P2,empty,4.170206e+01,4.450,1.550,5.650,-1.0000,6.43326,12.250,4.350,5.150,-1.0000
8,near,15,1e+10,P2,person,3.209964e+01,4.450,1.950,5.650,4.1787,5.63603,12.450,0.750,4.350,4.3764
8,near,15,1e+10,P2,vehicle,2.736909e+01,4.350,2.050,5.350,4.4503,5.26547,9.750,0.750,1.850,1.3069
8,near,15,1e+11,P1,empty,8.118430e+01,4.350,2.450,5.550,-1.0000,5.39012,11.450,0.950,4.250,-1.0000
8,near,15,1e+11,P1,person,7.530100e+01,4.450,1.050,5.650,4.1712,5.16059,10.150,0.350,3.150,1.9093
8,near,15,1e+11,P1,vehicle,7.200461e+01,4.750,2.050,5.150,4.0270,5.01136,9.750,2.650,1.550,1.8179
8,near,15,1e+11,P2,empty,9.506071e+01,5.050,0.450,5.450,-1.0000,3.92286,10.150,3.850,1.350,-1.0000
8,near,15,1e+11,P2,person,1.171757e+02,4.350,1.450,5.450,4.1374,3.60389,9.050,4.350,5.250,3.4753
8,near,15,1e+11,P2,vehicle,1.218531e+02,4.350,3.050,5.650,4.6702,3.96555,11.650,4.550,3.350,2.7806
8,near,15,1e+12,P1,empty,2.205256e+02,4.550,2.550,5.650,-1.0000,4.15047,10.550,1.650,5.150,-1.0000
8,near,15,1e+12,P1,person,2.472513e+02,4.350,1.850,5.650,4.2543,3.90652,13.450,3.350,3.350,5.4680
8,near,15,1e+12,P1,vehicle,2.408798e+02,4.350,4.150,5.250,5.0136,3.82120,12.150,3.550,5.250,2.0602
8,near,15,1e+12,P2,empty,4.080536e+02,4.450,2.150,5.650,-1.0000,3.72276,8.350,1.950,4.050,-1.0000
8,near,15,1e+12,P2,person,4.016796e+02,4.750,1.550,5.650,3.9350,3.63686,7.350,2.350,2.450,0.8823
8,near,15,1e+12,P2,vehicle,3.331534e+02,4.950,4.050,5.650,4.5171,3.85709,8.950,1.550,5.050,0.3931
8,near,15,1e+13,P1,empty,6.799106e+02,4.350,0.950,5.650,-1.0000,4.12816,6.750,4.550,2.650,-1.0000
8,near,15,1e+13,P1,person,6.261929e+02,4.450,1.050,5.450,4.0546,3.70776,6.550,2.050,1.850,1.6329
8,near,15,1e+13,P1,vehicle,6.522059e+02,4.450,3.550,5.150,4.6583,3.69307,4.850,4.150,1.650,4.7871
8,near,15,1e+13,P2,empty,1.110766e+03,4.550,3.450,5.650,-1.0000,3.27212,10.450,3.650,1.350,-1.0000
8,near,15,1e+13,P2,person,9.480930e+02,4.450,1.450,5.050,3.8421,3.60648,13.050,3.150,5.250,5.4436
8,near,15,1e+13,P2,vehicle,1.028455e+03,4.450,1.350,5.550,4.3808,3.76308,10.750,2.050,2.350,0.8448
8,near,10,1e+10,P1,empty,1.172763e+01,4.850,1.250,5.550,-1.0000,9.25594,9.450,0.850,4.550,-1.0000
8,near,10,1e+10,P1,person,1.166512e+01,4.550,1.450,5.650,4.0915,7.76977,13.050,3.150,5.150,5.4058
8,near,10,1e+10,P1,vehicle,1.883038e+01,4.350,1.450,5.650,4.4998,8.88560,11.450,2.350,4.850,0.6200
8,near,10,1e+10,P2,empty,1.644052e+01,4.850,1.650,5.650,-1.0000,5.09885,6.950,3.950,3.050,-1.0000
8,near,10,1e+10,P2,person,1.581896e+01,4.650,1.350,5.650,4.0128,5.51903,12.650,2.250,2.950,4.4435
8,near,10,1e+10,P2,vehicle,1.703754e+01,4.550,1.050,5.650,4.3050,5.67515,12.450,0.850,1.750,1.8564
8,near,10,1e+11,P1,empty,3.524364e+01,4.550,2.650,5.650,-1.0000,4.71639,10.750,4.350,1.550,-1.0000
8,near,10,1e+11,P1,person,4.793184e+01,4.450,3.150,5.650,4.4160,5.47841,9.850,3.850,3.650,2.7313
8,near,10,1e+11,P1,vehicle,3.092395e+01,4.550,3.050,5.450,4.4427,5.49174,11.350,2.450,5.150,0.8234
8,near,10,1e+11,P2,empty,6.230370e+01,4.650,3.450,5.650,-1.0000,4.15433,7.350,3.550,4.450,-1.0000
8,near,10,1e+11,P2,person,5.423314e+01,4.750,1.250,5.550,3.8723,4.93134,9.850,3.150,5.650,3.3062
8,near,10,1e+11,P2,vehicle,5.125580e+01,4.650,1.450,5.550,4.1852,4.37279,8.450,3.750,2.150,2.2136
8,near,10,1e+12,P1,empty,1.180720e+02,4.450,1.550,5.650,-1.0000,4.13816,6.750,4.650,1.750,-1.0000
8,near,10,1e+12,P1,person,1.366352e+02,4.450,3.250,5.650,4.4499,4.05397,10.150,0.650,2.350,1.9743
8,near,10,1e+12,P1,vehicle,1.078135e+02,4.450,0.850,5.550,4.3808,3.97642,7.650,1.550,1.550,1.9411
8,near,10,1e+12,P2,empty,2.161541e+02,4.450,3.350,5.450,-1.0000,3.73053,4.450,3.350,5.450,-1.0000
8,near,10,1e+12,P2,person,1.779738e+02,4.750,2.150,5.650,3.9607,3.48732,4.450,1.850,2.150,3.4170
8,near,10,1e+12,P2,vehicle,1.451107e+02,4.350,3.450,5.650,4.7928,3.60418,4.650,3.150,3.050,4.3073
8,near,10,1e+13,P1,empty,3.662274e+02,4.450,0.950,5.350,-1.0000,3.80742,12.350,3.650,1.850,-1.0000
8,near,10,1e+13,P1,person,3.582869e+02,4.550,2.050,5.650,4.1065,3.85259,7.450,3.150,2.950,1.4895
8,near,10,1e+13,P1,vehicle,3.553285e+02,4.650,0.950,5.550,4.1852,3.73014,10.650,2.650,5.150,0.9827
8,near,10,1e+13,P2,empty,5.803126e+02,4.650,2.250,5.550,-1.0000,4.27430,10.350,4.650,2.450,-1.0000
8,near,10,1e+13,P2,person,4.627452e+02,4.450,3.850,5.550,4.6402,3.39098,11.850,0.850,1.350,3.9095
8,near,10,1e+13,P2,vehicle,5.443044e+02,4.450,1.850,5.650,4.4026,3.59776,6.150,0.650,3.450,2.5889
8,near,5,1e+10,P1,empty,5.884583e+00,12.350,2.250,2.250,-1.0000,9.22542,12.350,2.250,2.250,-1.0000
8,near,5,1e+10,P1,person,4.729797e+00,12.650,1.050,2.350,4.4378,7.40258,12.750,1.150,2.650,4.5139
8,near,5,1e+10,P1,vehicle,5.318207e+00,5.150,4.250,2.950,4.3503,8.29077,5.150,4.250,2.950,4.3503
8,near,5,1e+10,P2,empty,6.128937e+00,9.250,3.050,5.350,-1.0000,6.72709,9.250,3.050,5.350,-1.0000
8,near,5,1e+10,P2,person,5.268127e+00,5.250,3.350,2.350,3.0708,5.84481,5.250,3.350,2.350,3.0708
8,near,5,1e+10,P2,vehicle,5.565735e+00,10.650,2.950,4.550,1.1500,6.14462,10.650,2.950,4.550,1.1500
8,near,5,1e+11,P1,empty,1.124207e+01,12.250,0.650,2.050,-1.0000,5.55158,12.250,0.650,2.050,-1.0000
8,near,5,1e+11,P1,person,1.047583e+01,11.750,2.350,4.450,3.7976,5.17029,11.750,2.350,4.450,3.7976
8,near,5,1e+11,P1,vehicle,1.020129e+01,13.150,4.150,5.050,3.0544,5.05478,13.150,4.150,5.050,3.0544
8,near,5,1e+11,P2,empty,1.228217e+01,13.050,1.950,4.750,-1.0000,4.29649,13.050,1.950,4.750,-1.0000
8,near,5,1e+11,P2,person,1.349017e+01,12.750,2.750,1.450,4.8377,4.70215,12.750,2.750,1.450,4.8377
8,near,5,1e+11,P2,vehicle,1.158113e+01,4.850,4.550,5.250,4.7997,3.87732,4.850,4.550,5.250,4.7997
8,near,5,1e+12,P1,empty,2.998596e+01,12.550,2.150,1.950,-1.0000,4.70055,12.550,2.150,1.950,-1.0000
8,near,5,1e+12,P1,person,2.487695e+01,8.650,4.250,3.150,2.5826,3.87596,8.650,4.250,3.150,2.5826
8,near,5,1e+12,P1,vehicle,2.580145e+01,10.850,2.150,1.350,1.8405,4.01427,10.850,2.150,1.350,1.8405
8,near,5,1e+12,P2,empty,3.393976e+01,7.050,2.350,3.650,-1.0000,3.72913,7.050,2.350,3.650,-1.0000
8,near,5,1e+12,P2,person,3.377112e+01,5.950,1.050,3.950,2.0061,3.72788,5.950,1.050,3.950,2.0061
8,near,5,1e+12,P2,vehicle,3.547535e+01,4.550,1.550,5.650,4.3050,3.44826,5.550,3.950,5.150,3.8774
8,near,5,1e+13,P1,empty,8.691913e+01,11.650,3.850,3.250,-1.0000,4.29310,11.650,3.850,3.250,-1.0000
8,near,5,1e+13,P1,person,7.896136e+01,13.150,0.950,2.350,4.9350,3.89298,13.150,0.950,2.350,4.9350
8,near,5,1e+13,P1,vehicle,8.353094e+01,4.450,1.950,4.850,4.2958,3.97270,5.350,0.750,3.450,3.3889
8,near,5,1e+13,P2,empty,1.170976e+02,5.650,4.450,1.850,-1.0000,4.09450,5.650,4.450,1.850,-1.0000
8,near,5,1e+13,P2,person,1.187251e+02,4.350,2.450,5.550,4.2603,3.60199,12.550,1.250,1.850,4.4244
8,near,5,1e+13,P2,vehicle,1.082962e+02,10.750,0.650,3.450,0.0000,3.78296,5.950,2.750,3.250,2.9462
