instance,seed,cut,energy_tracked,energy_scratch,consistent,success,wall_s,assignment_sha256
G1,1,11624,-11624,-11624,1,1,0.183825,a38ab2be90612a6f3db1dcefc87f4cec4bd59bbdda017c35ce86e06478ac5e63
G1,2,11624,-11624,-11624,1,1,0.199902,8db8c7a9e180ec9fd08acc263b5e8d6f126a09e8acbfe457703f05b698a06935
G1,3,11624,-11624,-11624,1,1,0.191938,ce7dd0458bb444dd9dc2f94f05837d7d1c1b11bfa9d1a73e051788491c49cc7c
G1,4,11624,-11624,-11624,1,1,0.187383,310c06eef75eec012b94be2c12d68476d793daf4a51092c454f169f6da612d10
G1,5,11621,-11621,-11621,1,0,0.216162,0bf6f7d451a6703137dc2c048c535d5e2c1ec3b009b445616b82899d8a4eb76d
G1,6,11624,-11624,-11624,1,1,0.171228,83b149b2c571c0c29c2a7c1d1fdc5c8771d831e613f358e54b8f6af6bc4c12cb
G1,7,11624,-11624,-11624,1,1,0.184737,ab73a6fd2fbc9a293c12060ae58fab65066c80a6ac53e378bbd97594c0381f7b
G1,8,11595,-11595,-11595,1,0,0.193565,302790b27d9786a9868c59f60d1a447338f3224513671fd30e29ca50de4d9c4e
G1,9,11620,-11620,-11620,1,0,0.170294,ba5e4eb3c6f287aa01b21ccf0afe3355126b3c6f0dc2deba341a5c1dce5b7b62
G1,10,11624,-11624,-11624,1,1,0.150719,fe36c212e73d85bb0e50357703591f86b06c081deec1e9ef04fb07e6bf535537
G1,11,11624,-11624,-11624,1,1,0.139613,5bd9a7737129f76b546f653f221b4c9c0165e4c28d4ea8889e32eb6d83fa2f6e
G1,12,11624,-11624,-11624,1,1,0.198745,f00ccdf1f843784e40796c8c60ade3312583c0770f8be0a79352ebe1cf1c7b8c
G1,13,11624,-11624,-11624,1,1,0.137978,7578d1ee9002774816e00b55d7210f83a2f93b1c147e3735752114038c74c23a
G1,14,11624,-11624,-11624,1,1,0.172246,0668f70770468f6a792090b42938fd491791455017fe1f513f385236900a8a76
G1,15,11596,-11596,-11596,1,0,0.166885,a70b193baa3ba945df07b09e9b9933008c22f6ca9d06119ad70174b0c8f47b05
G1,16,11624,-11624,-11624,1,1,0.142734,b0dfff30e738288a2c022d98f312ab00179a01d5ac5321c621de313a64de8d0e
G1,17,11598,-11598,-11598,1,0,0.176935,5c1258c0cab158fc37ea1c6a524be06dc56c43849f93cb3b8ffd5789c29b2b2b
G1,18,11602,-11602,-11602,1,0,0.142337,fc81fab1570b86adbe92b4a215deb54ed7c5effc946ddfe8d6d6eec96ae8dfbf
G1,19,11607,-11607,-11607,1,0,0.169147,e33e568cb1adb918994316418f82f6b26c52c5fbb63a5e4a55917cae38bf6875
G1,20,11624,-11624,-11624,1,1,0.116912,d1c855d988d02d0404f20cf8c8b85148606ed026d3213f5805039a7b3368d7f3
G1,21,11589,-11589,-11589,1,0,0.165925,2e70edec89c89467ededbe5f91378e8ff6e173892ba0fd8c191826e45dc66d44
G1,22,11602,-11602,-11602,1,0,0.145023,82febaf39bddc010801d7375e26fcf0f6545d01ec6f454204ad3c35722cc81e3
G1,23,11624,-11624,-11624,1,1,0.152741,5444d5dda1003140724948e53404a9caedc566ad6ba4904f5cfa0ed0b1b7aca4
G1,24,11621,-11621,-11621,1,0,0.171468,749fe689c06525d70ee8c667f96970a0356758f619e73226f35c623333103246
G1,25,11624,-11624,-11624,1,1,0.174879,435e4300927947246d86965221c0134cb55d73bc84616b209c553f2e63b5fec0
G1,26,11624,-11624,-11624,1,1,0.148754,57b76f36341fc9eb8b0e7c4d1f2f251bde85c38623839024ea23b9f7d4504f7a
G1,27,11624,-11624,-11624,1,1,0.117540,e765ed7d0d86d2891886c21bd541faee29ba929f7ca303d4f9673e3832ae0d2b
G1,28,11624,-11624,-11624,1,1,0.131821,be8417da05955e23de9737edf67b2dafc6243a2acb72e5b077e5a3619fc54ec3
G1,29,11624,-11624,-11624,1,1,0.155135,cd7728338eb20c8abae80a7330648065417d1e525dd21aff59ca6328dd82f409
G1,30,11624,-11624,-11624,1,1,0.135705,85088040071b613f1b0dfdb0064018de2f7f1856191bb903b515744aada86ae0
G1,31,11624,-11624,-11624,1,1,0.159670,fd01ece27ba549de4ba4ff3cb51d333ee8ba7dc997dfd0d3995d977ba93b07d3
G1,32,11624,-11624,-11624,1,1,0.178516,f5a08c3635558c888e09461faf13a46dbdba47589a97b1856bd4dd57a7d14e6d
G1,33,11624,-11624,-11624,1,1,0.144779,f4b0b87b085bfa9d5216453441e677a991632be67170c0597732341384aca205
G1,34,11608,-11608,-11608,1,0,0.128590,3a22862276a74bc0c4f96a5035398bfb1d67360454766f38c7cc3e260ca5e5e7
G1,35,11624,-11624,-11624,1,1,0.139409,3b3042362dce64a006b9796ee78f94c52b40fa605f78445c4c49859328443ef2
G1,36,11607,-11607,-11607,1,0,0.144947,ea5f05e1cbb170d536771625baa3e554741a0668666b82e4395ac14980d60f38
G1,37,11598,-11598,-11598,1,0,0.156288,b2b9d7fd3605200cacdfa3ef23c98e15097ecd373ab0fcfea1439eec8f645314
G1,38,11624,-11624,-11624,1,1,0.132102,2edffbbc8cb13f9cb5e8a0213ddeb871fbbfb81db33e835ad4eaac67bfb31c11
G1,39,11594,-11594,-11594,1,0,0.155087,c164627bf49537f32a377cd52fb5076e5e9e684b57cd872173104b08c446152b
G1,40,11624,-11624,-11624,1,1,0.171208,668124924905fde442a0b9461888193bff8f67cb3e25a6b38439fed408b45875
G1,41,11594,-11594,-11594,1,0,0.158401,ba2049e6f8f53a9556516a570126ccd7daf2188af6594615efe45b4ef526e3b2
G1,42,11624,-11624,-11624,1,1,0.123103,96c88b5328c8e556a501d8081129d6f3efcbc2f5343f7c714eb69fa1a0f2b66d
G1,43,11621,-11621,-11621,1,0,0.137165,ca30c92c2c75cb9175f4ded81f544aadfb77194a1e39541e472ece47a7575110
G1,44,11602,-11602,-11602,1,0,0.150719,0930a53e3d1d65553e7c32afb7adedf1338e370151234dcb6aa8d60f2b20ba72
G1,45,11624,-11624,-11624,1,1,0.157302,ef265e64dcf5642d43c3ce21ea9d322834a98daeeb3a64bd1a1bb43946e0b3e2
G1,46,11591,-11591,-11591,1,0,0.135781,759375eec4dcf399e39859175f6c1afda87bd7ccd9f37c4bca618644ebc4c974
G1,47,11624,-11624,-11624,1,1,0.137911,d3fb339153ec5a5223882da124820298bed0b27f2687a3384f3627325f4fa233
G1,48,11624,-11624,-11624,1,1,0.137444,03e03729495cd935c0157e19f27244809d77a49c0da86bbac58983ccebcded05
G1,49,11621,-11621,-11621,1,0,0.134630,c6f663393ea96cf74462dd49915aab5e6a9138347fd6e471b10d8fabceda22f1
G1,50,11624,-11624,-11624,1,1,0.142418,9d32ce428c906ea6215a22ada3c8a0096b334b4c972e1c3f8d8342869a953895
G1,51,11602,-11602,-11602,1,0,0.155882,87584d8e34e1e341cb8e0860f6774f7ad817c59983d6470c3072c6320313415e
G1,52,11602,-11602,-11602,1,0,0.129010,0b50a6bf37716526716bb236ba57a812054928909e6367d7d047673fec4ef854
G1,53,11624,-11624,-11624,1,1,0.149921,e0b0680023140713914457a9dec36ac225c3cf6e2bd679fa24652ab42dac90fc
G1,54,11615,-11615,-11615,1,0,0.124033,06626f33fb0e90c585f0bcfca3895dfc22f0fad37be0f951ed38f37980f24e28
G1,55,11624,-11624,-11624,1,1,0.138513,3a52c579fb7b6f728e65b9b39eefb6338ada57a4de1c4a717fbc3ea5fa3b7ba4
G1,56,11624,-11624,-11624,1,1,0.125611,3001044a31bd188b20ac4cbcd054ba36e54cf80ed9a80d0e7d29c56562cdf413
G1,57,11624,-11624,-11624,1,1,0.149489,dc5b53fcf90940e2dcd9e6b28af3ef631994293fce04dc9672ad36417f86713b
G1,58,11602,-11602,-11602,1,0,0.129099,0f8de619444224a004bf4034366ace42c6df7cd58852df8304636fc80a329116
G1,59,11624,-11624,-11624,1,1,0.124136,7bd6a0c99a8d3a34fcc6c63164b20a7b7487be7696abd7d60a903cc8dbb46575
G1,60,11624,-11624,-11624,1,1,0.119021,e85b0e416fa92bbab91998ad20c1dc32282e40e71c6e80047ee5adfbc1072335
G1,61,11624,-11624,-11624,1,1,0.128070,3f8c039aa6a4a734cb393cb81d58dd5bdd08b93f7f35c334a110656f17ad5709
G1,62,11624,-11624,-11624,1,1,0.142042,1f74dd2993333f6a3307e1150ee3ffb99749911726a2c30981efdc759fe4dece
G1,63,11624,-11624,-11624,1,1,0.128623,609bad658c57911f48e780bc6da6d685973ee243cf11be313051ed616ed11ad5
G1,64,11624,-11624,-11624,1,1,0.158509,667c2a7c86499873479bee908e7a09e027699db03413e9e4231f31f8fcf94625
G1,65,11624,-11624,-11624,1,1,0.146671,23c5d7eaf5207646bf6fd6a96fea49e0d0ada103f785c83f71568a1c15a156d2
G1,66,11624,-11624,-11624,1,1,0.121690,da0e9dc967def2621dfd4bbff0665ed5bbef4eded970e7ead35ed366028901d7
G1,67,11624,-11624,-11624,1,1,0.140881,d437718c4da494dd1db0f9e6e0f840ba9d41c3936d40044c1194cba85cb3a469
G1,68,11598,-11598,-11598,1,0,0.126948,375f585d1ca1897bc37cf6677bd3883f8ae580f0cbde358c49a53bc7cf70b82f
G1,69,11595,-11595,-11595,1,0,0.131061,207895e406f1d9d137d698e455839cab03aedb0ecaae79e7379c5bb313b61d82
G1,70,11624,-11624,-11624,1,1,0.121826,609bad658c57911f48e780bc6da6d685973ee243cf11be313051ed616ed11ad5
G1,71,11613,-11613,-11613,1,0,0.141060,13627a8039e193683e735f1aeae0fc008879acdca449f4786d83776b70636999
G1,72,11624,-11624,-11624,1,1,0.138848,c267267329bb01efc1d6a08e76654d128920a8eb82538c0d5d42f3deebefb2a8
G1,73,11624,-11624,-11624,1,1,0.121270,fbfb6ddf6d910405a28dc615412f137aa70b6a76d6b99b52390696a0e1ab7ccb
G1,74,11602,-11602,-11602,1,0,0.144409,b1609e7ef6e552c2d0772d212904bf2900e498a2ac33164cf4d9c15862109fc7
G1,75,11624,-11624,-11624,1,1,0.126666,b0ecc5b3f7c0256bf3584f82f6218308a2d95232d7d9ab8170291d210cbe1e33
G1,76,11624,-11624,-11624,1,1,0.120318,7ee3a8d93ad94a52ac21f8a2a585de88dc20f7cedfd0db2c1ca5fd9eff516691
G1,77,11593,-11593,-11593,1,0,0.133329,8d6e14816f2abd4b2c781eb0922472a19848af9d9dc4c31fa8f0194a0e0817a0
G1,78,11624,-11624,-11624,1,1,0.139573,867764d467518e5ccc212e607cf00a013cea5d1caa5ae87e8c38e13636453878
G1,79,11624,-11624,-11624,1,1,0.150911,57be4cbd4f96fdc626f328d8c8c7d66792912a9ccfb4a733e297d3cc993a1f3f
G1,80,11603,-11603,-11603,1,0,0.130892,cc15d4a4e2cc9ee74df673a28766ab76a4e5068b4d3ac681bdc2b8f744755a62
G1,81,11624,-11624,-11624,1,1,0.143966,22a9ee198da2d6ef6ec4f55760546238879e57428fa28c90618f62b42b0a6cbf
G1,82,11624,-11624,-11624,1,1,0.131556,3536255f20ece5ecc878a10cc68909e660b3445430ada27eee00ed364ecc0eb3
G1,83,11598,-11598,-11598,1,0,0.137001,c3b61a1e048b2e852e0923c4943bfb8e7e78ae8c03885c118231e5e73936127a
G1,84,11624,-11624,-11624,1,1,0.140245,a416ad995c97d6476791d7ad776f4e147854488aadb223d620f13bf7f8fb0b8e
G1,85,11624,-11624,-11624,1,1,0.139804,5b9ec53d1560113436adf18fb9aaaa2b1bf6d80ff3e31967e6bf69884d9e8bd5
G1,86,11596,-11596,-11596,1,0,0.135610,ebc65ab9793cdeb2b59afc58339a605563bfb8b3f0843688e20e825cd5d319a0
G1,87,11620,-11620,-11620,1,0,0.136151,c7248ca828b1c70d861c1ee47ee37bd1167eb2a5d11dbed6b29b3361ee3e1e2a
G1,88,11624,-11624,-11624,1,1,0.132295,f20c5462c26d980127ed0eb2fc7f0257b28b2b452c72afebaa1c447d25248722
G1,89,11624,-11624,-11624,1,1,0.123219,21df15c618ce99a494471a8c88f2aeb345222da93a6de86aee160bc4839a5a34
G1,90,11624,-11624,-11624,1,1,0.153177,5b9ec53d1560113436adf18fb9aaaa2b1bf6d80ff3e31967e6bf69884d9e8bd5
G1,91,11615,-11615,-11615,1,0,0.144231,d76189618bb3c6fdb882f850a30c9be5a199c255c411cc35b2cb77f4a6334039
G1,92,11591,-11591,-11591,1,0,0.164477,0a71c32d17353ec13a8f33f27b3600c5d85ef7aca7a4d73c48c53b575c333a71
G1,93,11624,-11624,-11624,1,1,0.145653,446990125fd91b1205142ee71963b617723cee4b4a1d2b039c715120c2ff9cf5
G1,94,11596,-11596,-11596,1,0,0.128523,3a51d8683cbf2c13919c8ed248b5679702a80abe8a9a32f4055a830898e54411
G1,95,11624,-11624,-11624,1,1,0.125094,a5ee166f4918670b907c1281cb7d171e25ddc05744a889afdb94c64d38d10f08
G1,96,11624,-11624,-11624,1,1,0.132232,12194d2c9732f1203076cc99c541e9abe6a0ce67bdf20fd9d2addff226418302
G1,97,11624,-11624,-11624,1,1,0.126564,9f2c1d23590a9294b64f870cdbf6181eb7164c37a0855c6cc1656a82e583dd30
G1,98,11602,-11602,-11602,1,0,0.132477,a7ad0309d9fc7d381e758ddc0623d0326524c099e17e23660067a4e355872da5
G1,99,11624,-11624,-11624,1,1,0.127207,3497c2a91ae1c669ef2571150ef6e0cad4d396c647bb1665c2e3d90e10868751
G1,100,11610,-11610,-11610,1,0,0.135997,c47860afd435b484404bb450b05e23285ae7b99060ab68a21bb7c6e4de680aa4
G1,101,11578,-11578,-11578,1,0,0.131154,07b34bbbad0c21b4c88deb03542b585597a624b011d24b63a8632791a2e54341
G1,102,11594,-11594,-11594,1,0,0.155094,7107a3af9ef2f55e0bf4036d6408e67b498ce6601eacecede635aedfe6796e5f
G1,103,11624,-11624,-11624,1,1,0.125386,30bfda2438cdadd63eafc2b2f14abcbe3c05528b5a337ab30d620b4f84759f37
G1,104,11624,-11624,-11624,1,1,0.128030,8511d4de4bb764a74c62d32adb948927e079f8604ac3f4f55ee5e41c68d66ee2
G1,105,11624,-11624,-11624,1,1,0.151270,0eb08815fbc2a231f0c0f6e30091e64efb21acfa120119cc65b11f68b7079d0f
G1,106,11624,-11624,-11624,1,1,0.124048,838a020b3d90c2888be7d1eeda57f048381e8844830675fa0de7c909ed5b0cf4
G1,107,11624,-11624,-11624,1,1,0.137185,4aa5c8de6fc34b3ad27c5588062d62e8d6e292b8809f4d3b990456f869064125
G1,108,11593,-11593,-11593,1,0,0.118441,a220a4b41bdf39dc91695ee964009c17ad32e6a45e65a94d57644d34346c8ad9
G1,109,11602,-11602,-11602,1,0,0.137725,a8e65d9002b97d06323fd9dbb99c056dd880f3f6b825591dde3154a362c38c5f
G1,110,11624,-11624,-11624,1,1,0.144405,d31291af693305f6ba13142b5e2b1291e59069e3f95e2d304634d141d1cf5379
G1,111,11624,-11624,-11624,1,1,0.126251,b20b06e8c73270cbed5f26ecdadc732b36ca26afc495917d3ae395a329566755
G1,112,11590,-11590,-11590,1,0,0.134031,23d995ea906b1b74697c0446cc02e3c5c43321b2142cb2a1289ce1995fc45219
G1,113,11624,-11624,-11624,1,1,0.118951,8f3f9cf5754708498e4ffa9f7d6b406a88092f30739f5157a1a01a161842ed87
G1,114,11624,-11624,-11624,1,1,0.130650,3f725dc96cfb91149e7aaba9a04c88dcb1e503c95904d168a13846f00a622b3d
G1,115,11620,-11620,-11620,1,0,0.117491,f7052659d091d3a4bae071efbfbede002d67b41e8a1788dd76f1f6f24926638d
G1,116,11620,-11620,-11620,1,0,0.119159,bd2abebb58833904ab375cd1a27b5c618c66f2e863862c276e406f917cc8ed73
G1,117,11624,-11624,-11624,1,1,0.148163,867764d467518e5ccc212e607cf00a013cea5d1caa5ae87e8c38e13636453878
G1,118,11624,-11624,-11624,1,1,0.115164,0dcdc589502b097142aab4aa9138163c5b49b9e6271d2e29201806eb6126ac21
G1,119,11624,-11624,-11624,1,1,0.154856,ce2a99e99f0c2864fef381ef8ee15f79cc62f58717500f23cac70944f92edf3b
G1,120,11624,-11624,-11624,1,1,0.133285,291ec58e515e4d6034bdedb7330802633504612938c679e2e7fe6eadc9f4499a
G1,121,11624,-11624,-11624,1,1,0.136947,8ecd3de3d295763c6d0deac3fc14ff8de38c882ae496e815054b57974be2cb6c
G1,122,11602,-11602,-11602,1,0,0.126145,98266ea1067e3161da83eb35f60b386817d02f067327286a101506cdaec8579a
G1,123,11606,-11606,-11606,1,0,0.140125,3663de52db32e2f88478ce8a30b3faff3f891fc4ccd76f216f0d698f1ca93b8f
G1,124,11624,-11624,-11624,1,1,0.143200,30bfda2438cdadd63eafc2b2f14abcbe3c05528b5a337ab30d620b4f84759f37
G1,125,11624,-11624,-11624,1,1,0.128586,310c06eef75eec012b94be2c12d68476d793daf4a51092c454f169f6da612d10
G1,126,11624,-11624,-11624,1,1,0.123147,b011af8d6b10e0b83ccd1f122da41c3aa0fc5aee9e9079ca9b4b841bdb5e2660
G1,127,11624,-11624,-11624,1,1,0.132475,0b30c10f89d7d9d39158a031e38f0cdad545e18539fb104787cedb1bf3fdd270
G1,128,11623,-11623,-11623,1,0,0.119812,369455095b50039f4c3d1ac9d2f21a80e45017fe3e69136f1534f5b5d9dc5d32
G1,129,11623,-11623,-11623,1,0,0.144374,891bf5dae8a82fbcfad8bf77c6d2c7595b6898b5c9844a4d5dceea2ed478af94
G1,130,11601,-11601,-11601,1,0,0.119495,7beb5e0dbe00f45abebee631493cec62e96a43a3e603fe08e285c6e1704aa125
G1,131,11624,-11624,-11624,1,1,0.141757,8550622ff6c5ed73d919ca68c7abd6fbfaab0f38160636bc88923cab9ac7160a
G1,132,11624,-11624,-11624,1,1,0.125117,c04cb224c9a08007f821b1b5a1334f58998edd87f12e43e1d86a091e85d47f5a
G1,133,11620,-11620,-11620,1,0,0.123164,2f0cea507da3acdd150753d675c3988ad5cd7924a14614e209839222c966739f
G1,134,11624,-11624,-11624,1,1,0.161203,400ac75e1e7621c8b8554256ceb4a56ee4f18cd6a539f82137543b230ae269ee
G1,135,11624,-11624,-11624,1,1,0.137196,ce2a99e99f0c2864fef381ef8ee15f79cc62f58717500f23cac70944f92edf3b
G1,136,11585,-11585,-11585,1,0,0.149192,15d51cde30ad830a729dc1cf94367a5236db9a2728100e251b0817561dc7ab7a
G1,137,11624,-11624,-11624,1,1,0.136268,2e47ff9b9bd05294d23409318bcaa4d9db966056b33ae7eef4025a96bf8bb02c
G1,138,11624,-11624,-11624,1,1,0.136157,06af21d13144977bd85d34cfcd62ddd8a0d97977e27237878ddb0db69613d103
G1,139,11624,-11624,-11624,1,1,0.128563,4e1bd089f201077abc430517f90b70fc18f6d86f7bf2e85c7783f8031dbb6dce
G1,140,11624,-11624,-11624,1,1,0.120307,7f557133c5276851530bf397a8a5a693c0cd1c9b9e8e4461880e579da9cf2c35
G1,141,11620,-11620,-11620,1,0,0.155085,140f557cf9ba30a100c7d1be425e83683741845f03a5e3d26605f919c1a19366
G1,142,11624,-11624,-11624,1,1,0.170372,62771c5eb772a1ef00fe5a06da85db28d1d615d5b4a91c218a27167ca40b4a63
G1,143,11620,-11620,-11620,1,0,0.132668,4b43b573a662c7416fe8bbef4a8a0ed1d8e62961c2bb1ddc386a6908fe5ccf75
G1,144,11602,-11602,-11602,1,0,0.156071,35e01b413274fd00d8bd2accf2ad0c0284269be15a9774f97c3023543834b773
G1,145,11624,-11624,-11624,1,1,0.128335,7157a9ffa4dae03f200037ffc8acbce58f7c812481cfda17dbb669776c30b5f5
G1,146,11624,-11624,-11624,1,1,0.137712,23c5d7eaf5207646bf6fd6a96fea49e0d0ada103f785c83f71568a1c15a156d2
G1,147,11624,-11624,-11624,1,1,0.147493,5d4d673331c64bcb9820b3bb57884f914354679bb6796c7e88c1884aef4e493a
G1,148,11624,-11624,-11624,1,1,0.125824,0fd5bc78e5b2969e0979339239f785e05d5f1f539850eed047a2c444654c0416
G1,149,11624,-11624,-11624,1,1,0.151979,df103a69a72ecef394c843516edfee640c062387ceb84828414418d15c561f1d
G1,150,11621,-11621,-11621,1,0,0.142580,ca30c92c2c75cb9175f4ded81f544aadfb77194a1e39541e472ece47a7575110
G1,151,11620,-11620,-11620,1,0,0.129888,d2cd9efc03d59140c9b05d416bca03ab899f0e6972f0bf6b4370044b5961d453
G1,152,11620,-11620,-11620,1,0,0.143605,a1cfce6e9b34e35e90924edfcc9ea1a02303ca9d4a4f16a20de1f1fc3de3d92f
G1,153,11624,-11624,-11624,1,1,0.128554,f4b0b87b085bfa9d5216453441e677a991632be67170c0597732341384aca205
G1,154,11595,-11595,-11595,1,0,0.144508,d2562971acac88b104ee73127b75816955f1cf39d32f254ca350ee5c7dccc9db
G1,155,11624,-11624,-11624,1,1,0.158665,4e1bd089f201077abc430517f90b70fc18f6d86f7bf2e85c7783f8031dbb6dce
G1,156,11617,-11617,-11617,1,0,0.126793,8b0a9e52dd5bf128c6e9c6e2b05987b8d81fed31790f6f1bf8195da5a977751b
G1,157,11595,-11595,-11595,1,0,0.140850,eeeb1c9acfffa0be8aefea6500543ec9d36f4e7e2575bf3e7b7bfd3924f42679
G1,158,11589,-11589,-11589,1,0,0.117550,22649b0f3b3d90c28978ebfedc3622c89d06b6618a6510622c1d8b0b2e4d239b
G1,159,11624,-11624,-11624,1,1,0.145251,91cef628e5adc8829d51e17b4131f3f71b146db733ef8838ab4aabd74545c15b
G1,160,11607,-11607,-11607,1,0,0.158935,2f7705040bbd9e0eada78b05c738f48c5a67de37358ae6d94987a86ffb16f891
G1,161,11602,-11602,-11602,1,0,0.134419,d8de2735e05db2223e55ab8d0be4b50bdf583769faed6125a2f39cb8ea6eec1e
G1,162,11623,-11623,-11623,1,0,0.142122,d4be907405f99bf04cf4002bcf14a259853d8d09165ac4b2bc0ea176786aa374
G1,163,11624,-11624,-11624,1,1,0.130719,dfbd66f231db559b8a95ed697279565686360b56faa1acd7016b384f81b1f641
G1,164,11624,-11624,-11624,1,1,0.135799,fcc7772d52f225bec49171c0059b13cc9fe20353eea796629192ec7326863db7
G1,165,11624,-11624,-11624,1,1,0.124613,fcc7772d52f225bec49171c0059b13cc9fe20353eea796629192ec7326863db7
G1,166,11624,-11624,-11624,1,1,0.175696,5b9ec53d1560113436adf18fb9aaaa2b1bf6d80ff3e31967e6bf69884d9e8bd5
G1,167,11624,-11624,-11624,1,1,0.132631,6e12031f754ef3a5e20630dc47089eb58cec1316457f2379a6eaca65b9aa86df
G1,168,11602,-11602,-11602,1,0,0.123041,1ec133c8ea08f3ceb03e1938a266e95a480c0a0ef143625311b504b7ccc368b7
G1,169,11580,-11580,-11580,1,0,0.136798,bc9fa22fa13e9f1b76369b87066de483fa452f1eeae1b3db74bf9c39cfc4f518
G1,170,11624,-11624,-11624,1,1,0.127344,9ed66b97dd958654f3e68df24072808050af9e4284111f4f217a0bf5d90e68f9
G1,171,11620,-11620,-11620,1,0,0.118991,482e9bce1e09a30fc32823b8894c16fb26228efce9caa12e119d2455651af8e3
G1,172,11624,-11624,-11624,1,1,0.150638,8e12f26757cb5f42b3317d73e5b9677564888829dd858d2527e200e7debe5439
G1,173,11624,-11624,-11624,1,1,0.134103,dc249837594d47f3c40ffbc2e29422ba995b226f07fb7c786ca46e2f59e949f5
G1,174,11594,-11594,-11594,1,0,0.131297,5dacb43fb1b240d2e95472f1e29b0f11a89da58cf201fa355eccf2df3bfd234c
G1,175,11624,-11624,-11624,1,1,0.143892,7af2b711a7266aa63ff0e7341e976477e147731dd84874e87aff4172d3b5a393
G1,176,11615,-11615,-11615,1,0,0.123082,4519a28d738919549283aaa35fe961eae597b3a073a8785432337139e336db0c
G1,177,11620,-11620,-11620,1,0,0.148794,d10c61ac92d866de756284a2572734fabfebe27ce5c83384a6fa506e5e51ba0a
G1,178,11598,-11598,-11598,1,0,0.119712,a71e324a71055d65f8808192e4ee94e9c424c27bc3f3307b51820c1c91445923
G1,179,11624,-11624,-11624,1,1,0.157799,fe9e643e9e809b043f54741d093c44d506ee85a91412d525b644cc642ba5165e
G1,180,11624,-11624,-11624,1,1,0.123005,a573c8dd013a7f8315e16930cfb62b7d7ba7f00277ae2267991bf5cd72269e03
G1,181,11615,-11615,-11615,1,0,0.138879,af041f9d9fa616555c41f25ccab90794217a2e091991d0d03df2fc3dade47e1e
G1,182,11586,-11586,-11586,1,0,0.160589,56eed136122d0648d19bebb2a14373af8f3753947abd28380634e77ebd50d622
G1,183,11620,-11620,-11620,1,0,0.164010,22bd4a34ea987fee1d11b2a9486bc095e62f660f6d077a89fd6e872f6aed0d89
G1,184,11624,-11624,-11624,1,1,0.142225,55121248fb2e5fbfd6c30cda6fc066e3954d83dfb1bace5fa61dc8275899f863
G1,185,11624,-11624,-11624,1,1,0.145231,d3fb339153ec5a5223882da124820298bed0b27f2687a3384f3627325f4fa233
G1,186,11624,-11624,-11624,1,1,0.122070,fce61ca42483251f4f2b521741a5ed9ddd66964b622a930e5a6b1aac82f5ae8f
G1,187,11624,-11624,-11624,1,1,0.126360,85bd231a86ec298425736c30140e0ee405d9dfa1b7acac03c2ff2cc5652d034e
G1,188,11624,-11624,-11624,1,1,0.139217,f9d05ef650396167e7db5816ec1c01f32c4f36b71cef7f4d16d844fb30f1c94d
G1,189,11624,-11624,-11624,1,1,0.139916,0b30c10f89d7d9d39158a031e38f0cdad545e18539fb104787cedb1bf3fdd270
G1,190,11624,-11624,-11624,1,1,0.146818,bd71710fa8e516c4d85e0deff157d2bc8606a76fc5e69b1f1a1e1dcdb2cf82b9
G1,191,11624,-11624,-11624,1,1,0.139817,2ccb7805136118d85b950872cc6a5da2941ff066c2787f19396b35af36898321
G1,192,11615,-11615,-11615,1,0,0.120504,7b0526e4cb67c767a78445792900b3125c66eaba7ecf955825da3a5e98338d1d
G1,193,11624,-11624,-11624,1,1,0.125273,bc211c6cbf413c598f8af98ce2cfa9f7c75607d69e66b8efc8eccdaeba0061de
G1,194,11620,-11620,-11620,1,0,0.124122,8377c1e7b9a39a0814d8cad5f759f3215bdf2867e3580f4a53a157d2342d749d
G1,195,11624,-11624,-11624,1,1,0.150194,78b24bf8d683d3cbb84499a29f4347b7bcd5aadcd0303d810f501c23a92b1aa4
G1,196,11624,-11624,-11624,1,1,0.123485,5f03dc47cc18f16d17c9114c6846ad5a4bc621bbcd6ef2417e2f5fbed85170fa
G1,197,11624,-11624,-11624,1,1,0.155499,e17a19243b82accff40cafa88435b20fc90b767d509e52eabd5d9df28477cb51
G1,198,11624,-11624,-11624,1,1,0.116776,85f6008910427e2bca35d019d4bc658778fb480bbc2bf2e4c3b6d3e6498a1f75
G1,199,11624,-11624,-11624,1,1,0.137638,a7da6e50a877436454f8397dfed883e1e65922718f2e0bad25c06f0b57d973fe
G1,200,11598,-11598,-11598,1,0,0.131852,9d4929d561b1ab9a8ec5555605518a6e7d952c3e479d2a0f983e497cca12dd4f
G1,201,11624,-11624,-11624,1,1,0.122452,c375407495f38d342ec18d73d7dd6007542977def6e840c5ac848d3556b25921
G1,202,11607,-11607,-11607,1,0,0.142926,0c02bc0762b9ecb88c7649d486850a5fee975aa5e90b5e799b3e1d938fc1fe1a
G1,203,11624,-11624,-11624,1,1,0.145565,55121248fb2e5fbfd6c30cda6fc066e3954d83dfb1bace5fa61dc8275899f863
G1,204,11623,-11623,-11623,1,0,0.118676,3942522ba7b1db2d426646a39186bfdff6618536940b3030a1da9c72c9011a1c
G1,205,11589,-11589,-11589,1,0,0.151276,329c1d76e22de045f6bbf54c01a15cc4a1fee8638699e6b3df0106f26a4d6615
G1,206,11624,-11624,-11624,1,1,0.115864,658e59c6e8d585f69d744302e551c0085b3f6071c2738f72307f80fb0ffc4203
G1,207,11620,-11620,-11620,1,0,0.138355,7f908e3ba54f9036380adc9dfdff35a06f7920c1e015afb6d7f987d2443dd360
G1,208,11624,-11624,-11624,1,1,0.131718,80c8a76b94bd5c7a54297171e25fa32f1a32b3b587f8fef7f6880f41fba701f5
G1,209,11596,-11596,-11596,1,0,0.146273,972f2c617c93757f6c08ee3045a06c79035a392b93ec2114066dc7233cdf012c
G1,210,11607,-11607,-11607,1,0,0.155672,c2c733fdcd7160337363bb026bd30063b4e85c8201d5cad8b692b4bb1cfdcd08
G1,211,11620,-11620,-11620,1,0,0.129095,c7248ca828b1c70d861c1ee47ee37bd1167eb2a5d11dbed6b29b3361ee3e1e2a
G1,212,11624,-11624,-11624,1,1,0.142839,91cef628e5adc8829d51e17b4131f3f71b146db733ef8838ab4aabd74545c15b
G1,213,11624,-11624,-11624,1,1,0.146225,762bf20ea921ea4688be6cc37fe0fa005cd153ad98119bffffbc249dd7041eb6
G1,214,11624,-11624,-11624,1,1,0.140673,756055b824cd08233f9b466e2e9e49a02930e691e3b4f3fb97b7f8123bb206c2
G1,215,11594,-11594,-11594,1,0,0.132634,181f5206e41631825120b60d3dfafedd7c99fba8d0a5c4f0c7bad8962f9eff88
G1,216,11595,-11595,-11595,1,0,0.135588,d020515527080b392c55f1a909ec23023575bd26995b230b9007a5c20588a45d
G1,217,11621,-11621,-11621,1,0,0.137250,356e9af5c72b01bd8cee9b3939972140487859c3d959dd8176421cb3b296fa59
G1,218,11624,-11624,-11624,1,1,0.128291,8c29aebf5fbfc31b44f5acbc3e4941b19116a9d97ec9dff62797cf082a32f43c
G1,219,11624,-11624,-11624,1,1,0.135984,1ae0ebcef2eb31d3451328b82686a1ecba05758c52e981f7d68d13cea996513d
G1,220,11624,-11624,-11624,1,1,0.126655,35d34ef8e44da9c11d848e9528b47e6bd03a6555d2c50e1b8bc4f03de70ed354
G1,221,11624,-11624,-11624,1,1,0.132755,85f6008910427e2bca35d019d4bc658778fb480bbc2bf2e4c3b6d3e6498a1f75
G1,222,11624,-11624,-11624,1,1,0.147315,abd3f81a31d1c0ebe5e1bd0d401f83760ab68cc022d93d07119b11d54fce5d04
G1,223,11602,-11602,-11602,1,0,0.141052,e790d54e0714c3165d9e1809be2ea349add593ae30f1026d41df9e1810b1d290
G1,224,11624,-11624,-11624,1,1,0.135567,2fa4d2e89caf37e5d70915fa2e6efe4a17ef87081d2ffe4aea75da80001137de
G1,225,11624,-11624,-11624,1,1,0.125169,fd2089446d7d4e6d3a3cae2a14cf62807714e5c4e3600aaf2af946509a5d2c7b
G1,226,11624,-11624,-11624,1,1,0.151916,fd01ece27ba549de4ba4ff3cb51d333ee8ba7dc997dfd0d3995d977ba93b07d3
G1,227,11623,-11623,-11623,1,0,0.126963,5eab376dfdfbc9c46eec2f95638675fc90a865c4fa8ef3384ebe85d4ed82f39d
G1,228,11624,-11624,-11624,1,1,0.125755,5d4d673331c64bcb9820b3bb57884f914354679bb6796c7e88c1884aef4e493a
G1,229,11620,-11620,-11620,1,0,0.126316,7c72216ab6e239fd1f410096b7475c1af13407b1643e63d896b09d36149684da
G1,230,11624,-11624,-11624,1,1,0.134815,e39dc7f280040de98bb97b12d263644d8e1cc2ed0a298f6bdf12e715ac8e4869
G1,231,11624,-11624,-11624,1,1,0.114839,59ea1e7e97631218c459f2c1f6f6051d241adfa6d0c0c981eef256493b5af85f
G1,232,11624,-11624,-11624,1,1,0.149496,9976bd5bf5ea3b6c2c24762ff868d475c3d23aeb3ae187012229c851818fd156
G1,233,11623,-11623,-11623,1,0,0.152583,9df4f895980fd795b2f1e7a08cc789865309737ff109e3223b73ab6eb430963a
G1,234,11602,-11602,-11602,1,0,0.140351,2f674f0c3c81925def7f2e0dcb7b9116954b83ccb15428d475f1847bf1ef1f1f
G1,235,11624,-11624,-11624,1,1,0.121469,0e8caf02eda2bee1aeed0ef77ec4620673dd6e71b13c0ed2128f6ce8206e2dd9
G1,236,11624,-11624,-11624,1,1,0.123883,487fe12bb46be54eb5674d5a81dd57e9e4fd9b0cce0d369ab2d7de0ff0258358
G1,237,11624,-11624,-11624,1,1,0.161311,4691f04344f591795bab31cdd5f1a94b7f395d3f43ea99978e31e4a01856da37
G1,238,11624,-11624,-11624,1,1,0.129423,d5ed20755813ede5996ead2149f6f02df53b99329c9a478d1aee3754c1d54a9f
G1,239,11624,-11624,-11624,1,1,0.137573,de44df9d6181af907fab784c719f599ef9194c4d3135ec926183775ccd7682ee
G1,240,11624,-11624,-11624,1,1,0.153906,ee94c9a91965c1d3debc6c469824f7a781472fa42e066d82873bf9141cb5726c
G1,241,11624,-11624,-11624,1,1,0.134059,4979544d343a91b8f1f2b4913f8181ba05e86b5c4199f8b289618775af79dd30
G1,242,11620,-11620,-11620,1,0,0.154571,7327d31d64c542bdd61225d9f992d698b57edf12d29d5c1a60b3d3a6d59caa92
G1,243,11624,-11624,-11624,1,1,0.127351,b0b7543e8c7b0da32e34442cb23caeeb057425aeeadc28c60ae593ad95a849ae
G1,244,11620,-11620,-11620,1,0,0.147561,6eaa1c411ea4aa646c3202602a175f176194a5a8d570adc6c41a2c40db4e27f4
G1,245,11624,-11624,-11624,1,1,0.134272,d917512629550537d437ccb945b1911f65e1af4f2fd377d2d4501998fac2b736
G1,246,11607,-11607,-11607,1,0,0.131490,f905263afd64f383b72d10a6e0ecb495efadd6eedd18d6856f19efb9fa0522dd
G1,247,11623,-11623,-11623,1,0,0.140727,ea84c53389d80bf42dd93492a3938959a9e7c28485222726a260f501bf5131dc
G1,248,11624,-11624,-11624,1,1,0.143984,62771c5eb772a1ef00fe5a06da85db28d1d615d5b4a91c218a27167ca40b4a63
G1,249,11624,-11624,-11624,1,1,0.131564,55121248fb2e5fbfd6c30cda6fc066e3954d83dfb1bace5fa61dc8275899f863
G1,250,11624,-11624,-11624,1,1,0.125434,f0da0ce2f840be24e77b4fb26027bb37f03766ca025551b015c70fa0319a4633
G1,251,11624,-11624,-11624,1,1,0.126159,eabb995e16a3d8669aaa34e4433664675dbc3b4478484384c5f860a4b23b7bb1
G1,252,11623,-11623,-11623,1,0,0.151525,179d74392c0bd0a2637d2319feebabd4f934f7d409fdbdd290e3449afc8e5731
G1,253,11624,-11624,-11624,1,1,0.119238,ef417efe9291c53b0f5066f19ac697cef688871c228ae3b2685b901c29b33102
G1,254,11624,-11624,-11624,1,1,0.129199,9f3c6a890899e88efca3e89caacdb85ced33de290208161ea1704e969c688f39
G1,255,11589,-11589,-11589,1,0,0.149469,9ab6591c6ea2e8e74576c0e0a97ed1219753b9a254ecaecffe257c6e1300cf3a
G1,256,11590,-11590,-11590,1,0,0.120335,50067a3306c588f714d5839f9d05f6d803170d4e16445da6c19cacf33b927d1c
G1,257,11591,-11591,-11591,1,0,0.134231,a8759835e9bc86cf75e8681775c9334b6279b3cb63cf76240ba8e9494df9c624
G1,258,11624,-11624,-11624,1,1,0.135720,7ffcf668d0d82f65850aacd6009e6bb21044f60c89dda5f9e7a1d01415ae102d
G1,259,11624,-11624,-11624,1,1,0.154857,40104761047ff54ba58e2c5c80613b00e1a7e4cb5e1e47535d6dea041c23313e
G1,260,11624,-11624,-11624,1,1,0.136662,3d8ec7d2a20eca69ef7448590dca49fdd177715f6725b867c3c320ca78dfc270
G1,261,11624,-11624,-11624,1,1,0.132144,f00ccdf1f843784e40796c8c60ade3312583c0770f8be0a79352ebe1cf1c7b8c
G1,262,11620,-11620,-11620,1,0,0.146088,9c5ba78cc8580b88553eae9406747b6d84459273aeade2afb6d7a4e711d815a6
G1,263,11624,-11624,-11624,1,1,0.128562,2e605ff1db456ffc03feedc95c773ed594de40e12d19f2fbcd1028cde0231815
G1,264,11624,-11624,-11624,1,1,0.131295,4678182a930556ff303dc560f3e152aaf95b6dce82e720362467c8b29bae039e
G1,265,11620,-11620,-11620,1,0,0.129025,dba6fd91973a6f00c2ac958c55f012998acf95b76e3b4d1ce4b59e5d16e97a59
G1,266,11624,-11624,-11624,1,1,0.148814,be8417da05955e23de9737edf67b2dafc6243a2acb72e5b077e5a3619fc54ec3
G1,267,11624,-11624,-11624,1,1,0.152932,d13ba65c359d5514c125b8458049378e21f6f7d89f45c835096d3a99b968ab8d
G1,268,11624,-11624,-11624,1,1,0.123097,df9c0c800a7905a45d785bc3d12e8b91f1ea376cb4f5e751cc6654efcebca875
G1,269,11624,-11624,-11624,1,1,0.145848,7000a99a1067b247932222d1f0722674820c5f0bec879258b8d506589e124c5a
G1,270,11624,-11624,-11624,1,1,0.123035,bbab9e30d05394c891f460872bf49b95f51d154772a0b24a9d4be87608c2c6a5
G1,271,11624,-11624,-11624,1,1,0.141175,bc211c6cbf413c598f8af98ce2cfa9f7c75607d69e66b8efc8eccdaeba0061de
G1,272,11624,-11624,-11624,1,1,0.149808,f5a08c3635558c888e09461faf13a46dbdba47589a97b1856bd4dd57a7d14e6d
G1,273,11620,-11620,-11620,1,0,0.138180,409f97fb21199459e46a1636eb1f52dba0ada3b10310437ff52bd30ddceca5a0
G1,274,11620,-11620,-11620,1,0,0.130769,96c3d27888d90d04f27bdadb657307bdee95c9f4a751945b132c91715e9b78b7
G1,275,11624,-11624,-11624,1,1,0.139655,5ae1de97389b070fbe7ab8206f793b62450e464bd5511dca992b57905304c2a2
G1,276,11624,-11624,-11624,1,1,0.130444,b8487ee3672c56ca72ccca95a4a3be31ad32cd3422faf9c10445d8b211a010ac
G1,277,11620,-11620,-11620,1,0,0.126692,140f557cf9ba30a100c7d1be425e83683741845f03a5e3d26605f919c1a19366
G1,278,11624,-11624,-11624,1,1,0.146302,179e01e59314e2e6333670cac8060d8ad39e176016c98a16a5cf8274208db867
G1,279,11620,-11620,-11620,1,0,0.131397,9834be231d38f4a7e242522c8e9ab838ea446f0082446f42cf61168fafaa5b30
G1,280,11624,-11624,-11624,1,1,0.134314,a7fca0d8c702cfd4c8b7e6603078908fdf17117a27b5771f77beaaa909ab2d91
G1,281,11624,-11624,-11624,1,1,0.133458,609bad658c57911f48e780bc6da6d685973ee243cf11be313051ed616ed11ad5
G1,282,11620,-11620,-11620,1,0,0.122584,c8c09a5322d99300ee2079440617d6d0c06c98b7ab94cded58bf3de66af0851f
G1,283,11597,-11597,-11597,1,0,0.118262,0a0254605a0cd040a691b3216728f127a387c902a6f4c4152bed79f026bb4b75
G1,284,11624,-11624,-11624,1,1,0.126717,dbc62190600607c78910961c0a58307f4e720206f10b6fcd967d534018f738c0
G1,285,11624,-11624,-11624,1,1,0.135795,44df325d574feed864bd1e19e99df86d3ce33086dfe5e81b613946ead9b89c49
G1,286,11624,-11624,-11624,1,1,0.131190,7c88f30ad3c8b611dfbc848c70aa7899b16c0f1a5e3837554d74850f841fc9d0
G1,287,11591,-11591,-11591,1,0,0.143051,5e446ac1fff1b51141e3d3dde656dab278a3fe645957808cb9b0b86b064316e3
G1,288,11620,-11620,-11620,1,0,0.134981,7f908e3ba54f9036380adc9dfdff35a06f7920c1e015afb6d7f987d2443dd360
G1,289,11624,-11624,-11624,1,1,0.119831,d1c855d988d02d0404f20cf8c8b85148606ed026d3213f5805039a7b3368d7f3
G1,290,11615,-11615,-11615,1,0,0.126106,d76189618bb3c6fdb882f850a30c9be5a199c255c411cc35b2cb77f4a6334039
G1,291,11624,-11624,-11624,1,1,0.130069,e6c29065da12a736fa5a614a5e86b96f7477bd689ffa5a4ff4807c0409c9f966
G1,292,11624,-11624,-11624,1,1,0.129492,e17a19243b82accff40cafa88435b20fc90b767d509e52eabd5d9df28477cb51
G1,293,11624,-11624,-11624,1,1,0.137095,760e6be68e999a4e029c714a5ea5138dafa782860cbd2800f2576a98373c939c
G1,294,11624,-11624,-11624,1,1,0.127606,6514ae5eb3cc9e594f619b83f3d7267c79adb253a7b25e6d082c6f3b6477cd30
G1,295,11624,-11624,-11624,1,1,0.127844,fce61ca42483251f4f2b521741a5ed9ddd66964b622a930e5a6b1aac82f5ae8f
G1,296,11624,-11624,-11624,1,1,0.127554,7ee46952d42a82ab3dfd5f990457b5c2ce0036366bebf450b9a519965f0b91fd
G1,297,11613,-11613,-11613,1,0,0.123813,5e8f8c99100b36231dad824b99ac7d3f9621a256e182fa8889d01e82e71eceb0
G1,298,11624,-11624,-11624,1,1,0.117604,ff73845cdd1972bc6fc142f09aa1d087d1828c31904bbe4beb1fd77dcd3dd993
G1,299,11624,-11624,-11624,1,1,0.144563,1fd622a568be9244939d7007951422cd345bf5c0b3616ef1a7ecd9f906e75980
G1,300,11624,-11624,-11624,1,1,0.158746,40104761047ff54ba58e2c5c80613b00e1a7e4cb5e1e47535d6dea041c23313e
G1,301,11624,-11624,-11624,1,1,0.157448,9d71d4f11487e05ce2c00d5ed1b1ec0ef9060d5aee951cd0b14ee82d26667ba5
G1,302,11620,-11620,-11620,1,0,0.136972,d09b16ea2410a3d042147eefd470b916682db64b5dbb9e8e4bad5ebe3e76cab8
G1,303,11624,-11624,-11624,1,1,0.117274,aa2d3126ff14de3470020b1b0b1617b959a8eba7a94849fa597ca6816db621f2
G1,304,11607,-11607,-11607,1,0,0.154376,fe7a95c38f4fc4a8d01b7501c64cd0521a24c293d698772efd6b3930d9d2585c
G1,305,11596,-11596,-11596,1,0,0.147063,c624f679e8714eae1ad1d9379b62f1941da07550daeeb7b4957f99732ab84758
G1,306,11612,-11612,-11612,1,0,0.133635,24184e7ad0c7174ebd264edf4b6d71866f17bcab5f9931fd7369c826146f1710
G1,307,11624,-11624,-11624,1,1,0.130201,cd7728338eb20c8abae80a7330648065417d1e525dd21aff59ca6328dd82f409
G1,308,11624,-11624,-11624,1,1,0.156050,c37314f042d0efdd19e58b5024bf4b532f6d684125a49b593f86e7edc8a84383
G1,309,11624,-11624,-11624,1,1,0.130627,5aa1fddab447aa7c9f9ed3956bf441d0837b04ccdbe80cad12ea2349508bbeb5
G1,310,11624,-11624,-11624,1,1,0.135977,d31291af693305f6ba13142b5e2b1291e59069e3f95e2d304634d141d1cf5379
G1,311,11624,-11624,-11624,1,1,0.117409,e4fa542d25d81bef4bc5b4abb0c25fa7cdc9a6e1f88ec0b91e16949a912ecd54
G1,312,11624,-11624,-11624,1,1,0.127253,0cef4e149547812ddcaf26836a3ecc36a557b269d131442390bbfd709dcad14f
G1,313,11624,-11624,-11624,1,1,0.153909,2940dab3c0e403471ccca67a23dab2eb4c9dcc22a2f68083ba2f40ff75af7215
G1,314,11620,-11620,-11620,1,0,0.125546,7354cdb0d98f43b904d40b979283c41d885192c38bcc53a50adbca8fb9d563a0
G1,315,11624,-11624,-11624,1,1,0.138984,becf9ab7a87f5651d81afcadca6d425f20e4b67a753efaa4f21f2dfc36c3ee1d
G1,316,11624,-11624,-11624,1,1,0.156399,29572ace01c7bd02a0dd2fcc3d3bc72f5ee6c7fb13c545baf4b6d8d9921d97d0
G1,317,11624,-11624,-11624,1,1,0.156390,66fc166fb790a70d501b03f3f53baa44923f52667d250860bbbaae5d7fc223a8
G1,318,11624,-11624,-11624,1,1,0.154468,38fb2ba5f280337572c6a6bf6df9e22dbf66eeae7b6284db33d61b1980a3dd61
G1,319,11590,-11590,-11590,1,0,0.143312,11801f6b9d6b7af33f2b9684fbbfa67c42b2d4f437db8b1c62f5890873f3d669
G1,320,11624,-11624,-11624,1,1,0.132369,2e605ff1db456ffc03feedc95c773ed594de40e12d19f2fbcd1028cde0231815
G1,321,11620,-11620,-11620,1,0,0.130647,8da72f65d7a1cb31f41dd26f0fbe33a712ca913b7c37570c929eb2f419fa11a1
G1,322,11624,-11624,-11624,1,1,0.146831,55121248fb2e5fbfd6c30cda6fc066e3954d83dfb1bace5fa61dc8275899f863
G1,323,11620,-11620,-11620,1,0,0.129796,5c019f88b5f10fdf9c402bb34311b1050b091e6d8860f7722c61d4e2bc1b061d
G1,324,11624,-11624,-11624,1,1,0.122191,19747ec264a7c8568206b7cd6a83c01bde3ed3b79e11ac2185d7d1093c8fb60d
G1,325,11624,-11624,-11624,1,1,0.128499,f1be50cbd0b085853e98388c8ac1d6648437ecdcdbb8c6c5d053c02f33f3cd0f
G1,326,11592,-11592,-11592,1,0,0.126275,20b2f24d0e04db6d9c5fba3c02369cb709617e0dccdd3a77e7296304c3a4afea
G1,327,11620,-11620,-11620,1,0,0.121833,a1cfce6e9b34e35e90924edfcc9ea1a02303ca9d4a4f16a20de1f1fc3de3d92f
G1,328,11602,-11602,-11602,1,0,0.131789,2765476a5ec2f5a845cb8abea6f389f2f74b3ab9823545baf64bddabf92214b3
G1,329,11624,-11624,-11624,1,1,0.123570,ce4571e153a9ba78a26817dea4c0bbb4b48a0fb4a082001b8813912f7f045374
G1,330,11624,-11624,-11624,1,1,0.119673,1fd622a568be9244939d7007951422cd345bf5c0b3616ef1a7ecd9f906e75980
G1,331,11591,-11591,-11591,1,0,0.149110,a15f3034ba82f78578a304435e01e834c5fdcd78d23ddcf0496174310010afac
G1,332,11624,-11624,-11624,1,1,0.136871,7b34d0160c577c5350fc93558431341a0860d9ed5db4a4b4f90af3a827b42b22
G1,333,11584,-11584,-11584,1,0,0.148484,4a309df4f7caed40cb2ef40c11e27721bcadfe214173d630c32264e8a551a5e6
G1,334,11624,-11624,-11624,1,1,0.143878,6e12031f754ef3a5e20630dc47089eb58cec1316457f2379a6eaca65b9aa86df
G1,335,11593,-11593,-11593,1,0,0.131912,adc5ab62d48604adf1b0954873ce4cff29f3ef72737a72f28c10c99c1f06689b
G1,336,11620,-11620,-11620,1,0,0.129949,58acfc2ae8e2479d0aad12bf19d4a7e10e3af18b767351fd4fe083c8d32f5dcf
G1,337,11592,-11592,-11592,1,0,0.144396,a709010135ae2e6a0989a9c7f5dd2a47eee998a77f402648994ad275d585d986
G1,338,11624,-11624,-11624,1,1,0.128620,2dd4a9acd216b90b17a3c318edcdf02ef82852d2bb51f92cd1558915200a3f38
G1,339,11624,-11624,-11624,1,1,0.133532,32501955e6864ff01ac98946a528cc6a8bb8a6d13d89ff05ebcb85900cdfd258
G1,340,11624,-11624,-11624,1,1,0.140746,0bd04a34e4b979bf0e79132f1ceb5e9459fa14e646efc92224f48d6ff53b25e8
G1,341,11620,-11620,-11620,1,0,0.121343,6518a2fbc0f2aa6f037d0f56e7e561525732436a61fe939ff85036f8b2a7d5a0
G1,342,11624,-11624,-11624,1,1,0.146361,14476c0aaa2c54ac6419fcb4672227803e514f29dce470b0657dd716451cff9f
G1,343,11584,-11584,-11584,1,0,0.145864,033e3acd42460291c0562b0564dc0d3b21b989cab1f6fb2d0115a74feb68a2f3
G1,344,11624,-11624,-11624,1,1,0.131424,e61a4afe57e8b2823f214912d49ca0713d3c2f4518e93ea646538d9c06404713
G1,345,11596,-11596,-11596,1,0,0.120796,bd89048038cee275c2ec96e50829db06271cfa388d38b84b86122fbe3a2e9a5d
G1,346,11624,-11624,-11624,1,1,0.128987,496e9a560f49a6044f41d615ccf6588b2046deb7a42ba4280c111db5cfb30259
G1,347,11624,-11624,-11624,1,1,0.126823,c74d34d3b05f7f465d2520b72192d4b7fc76504180ed2b577c29d57ea5ebc854
G1,348,11620,-11620,-11620,1,0,0.135440,cde80b51c7e9c71938cdf0f89bdc9aaf1e2417cbb3214fdb872fbff670527d6a
G1,349,11608,-11608,-11608,1,0,0.154144,f9fde3cdc66546091a676afa97e8b81f2710346e96ed1a890b39f45c299e73c0
G1,350,11624,-11624,-11624,1,1,0.118614,946bd736faf9ccafd19ae0dd67e37a55aedcfc38b20f1135046d7da432a00ddf
G1,351,11602,-11602,-11602,1,0,0.139796,2ec97cfcc963255f09e7b3f9c373027dc38d00c27b0a72dcba648da4da879fd8
G1,352,11624,-11624,-11624,1,1,0.115944,a1fef30f78464031e29b6f1c9fd9e230f9a0b7c73330a3c03853a37c3192a2e8
G1,353,11624,-11624,-11624,1,1,0.124046,83b149b2c571c0c29c2a7c1d1fdc5c8771d831e613f358e54b8f6af6bc4c12cb
G1,354,11624,-11624,-11624,1,1,0.138386,9ebccd14d1b3a86aa46c77132ff48332af101e3ae60d1abffba1a0e0db4e5654
G1,355,11624,-11624,-11624,1,1,0.147391,96c88b5328c8e556a501d8081129d6f3efcbc2f5343f7c714eb69fa1a0f2b66d
G1,356,11624,-11624,-11624,1,1,0.148219,6b6ff8c94dbf03664d350666263027acc88c71163395ae473bbc52931a5aa3e9
G1,357,11624,-11624,-11624,1,1,0.126044,57b76f36341fc9eb8b0e7c4d1f2f251bde85c38623839024ea23b9f7d4504f7a
G1,358,11602,-11602,-11602,1,0,0.139782,9207b607ac73e45703f1f094f942feb3cb4cc409e23d5e399827fd6964ef6601
G1,359,11624,-11624,-11624,1,1,0.127175,f0faab2add5b972c4c9af35677ee315c20fa31dc78171a39361652a9551a45aa
G1,360,11620,-11620,-11620,1,0,0.148211,c2f2751f772429be1f93330d0e857005f94ce828a0d9ee83d655ee34ef1b1b50
G1,361,11624,-11624,-11624,1,1,0.127114,aee009ac13b6761dc9f786dd31fd7fdae222ca4f6fbd1f38b73b79f3c5d293ed
G1,362,11624,-11624,-11624,1,1,0.121010,c375407495f38d342ec18d73d7dd6007542977def6e840c5ac848d3556b25921
G1,363,11615,-11615,-11615,1,0,0.131586,e74c4b07370ad43cb9e95285d292119ba936eef2dd34987a91beedc360c2e1c0
G1,364,11624,-11624,-11624,1,1,0.124670,668124924905fde442a0b9461888193bff8f67cb3e25a6b38439fed408b45875
G1,365,11624,-11624,-11624,1,1,0.115999,32501955e6864ff01ac98946a528cc6a8bb8a6d13d89ff05ebcb85900cdfd258
G1,366,11624,-11624,-11624,1,1,0.142571,59d78e1fdf445b9a7096bdad8c1d472ca500a9c82105b3cbbfe082bc09a81f1e
G1,367,11624,-11624,-11624,1,1,0.148035,758055d0407062fd9de8335904ccd576f71fa87a485fe63db1180edf87c49e6e
G1,368,11624,-11624,-11624,1,1,0.137786,83714f7e0200f6d25af4ff30dce10b06634a592888e1195c9ac7b08b8a09dbe1
G1,369,11602,-11602,-11602,1,0,0.145769,d062cdfcdf0133445b75db462070705a45bd4f95991dbdd8526952e2f3a9351b
G1,370,11624,-11624,-11624,1,1,0.150381,ce68899b3505880bbdc92701e023b1a7e3679b9da1f8c2c3ff31a42079cacee2
G1,371,11602,-11602,-11602,1,0,0.119959,d57483a6428456e7ec642765c841cb0013710e7e3f5e8701d36c432dec133a8a
G1,372,11620,-11620,-11620,1,0,0.116686,bb111aac8c47c508992943f945e47f7c85234816732277ec64eb17395c7c24ab
G1,373,11624,-11624,-11624,1,1,0.147823,75dee4d8fc5daffae56fc2f008dabfb54653743c8f9caef94411a4d6d886d4f1
G1,374,11620,-11620,-11620,1,0,0.125554,cde80b51c7e9c71938cdf0f89bdc9aaf1e2417cbb3214fdb872fbff670527d6a
G1,375,11624,-11624,-11624,1,1,0.131070,1e27ba2d7fe0e417e732fd20ccaf621ee53b0071d27fa1c35edf85f641f4c0c3
G1,376,11624,-11624,-11624,1,1,0.128941,d1340494b3f1203d8e8edc8bd40e94b1101806e73805764a5ab3411ce13ca00b
G1,377,11624,-11624,-11624,1,1,0.149267,c267267329bb01efc1d6a08e76654d128920a8eb82538c0d5d42f3deebefb2a8
G1,378,11624,-11624,-11624,1,1,0.118955,c9b0f2054877d7cc39d67136818ac7b452f7940c7334ee3c986a5612ecc0c81b
G1,379,11624,-11624,-11624,1,1,0.152398,e7bd6d520e3126b0b817fbfbdac4893538d81d72bc958e01f5e01d1f96997918
G1,380,11624,-11624,-11624,1,1,0.166205,03e03729495cd935c0157e19f27244809d77a49c0da86bbac58983ccebcded05
G1,381,11620,-11620,-11620,1,0,0.124423,35b4d0e1153df8693a7aacda49f104522de7915bcea30ad75419ec1d79b1b898
G1,382,11620,-11620,-11620,1,0,0.119018,8247198745223cc7f7dd48d8a331631f0667905034c54c64fbf8630e5a47d29f
G1,383,11610,-11610,-11610,1,0,0.141176,8a8bd2ff69da1beef7112c51d9323399bb3df3dea4ca915a528259b49a295cd5
G1,384,11624,-11624,-11624,1,1,0.149527,1448e54353e98ef00cd0b2b44f54afb94c5555078e666dd19f5cbabce84a6366
G1,385,11607,-11607,-11607,1,0,0.135944,f9d364dad505999fbdff769d5bc91551603f44529f3449021628e5c76a39b0db
G1,386,11624,-11624,-11624,1,1,0.123612,abd3f81a31d1c0ebe5e1bd0d401f83760ab68cc022d93d07119b11d54fce5d04
G1,387,11598,-11598,-11598,1,0,0.124701,2995f1a93588510455fa052bd5b11fc32c451f0aa4707adf1abe184c2a51fe5a
G1,388,11624,-11624,-11624,1,1,0.129952,36ebfbe52cc8c03e6b276176d133d77abdeff8b40279ffa2629bdbd0b7f301ae
G1,389,11624,-11624,-11624,1,1,0.130081,ce68899b3505880bbdc92701e023b1a7e3679b9da1f8c2c3ff31a42079cacee2
G1,390,11624,-11624,-11624,1,1,0.123547,53fab0cd52f0e7802b3f662e7a467d929e6763c87cde6a2ddf21b4e2e8eb94cc
G1,391,11624,-11624,-11624,1,1,0.133731,182cad44c0fa949d39b7403cc20ae193ebbed9ee0877d68aaa70c8245c78ddb5
G1,392,11624,-11624,-11624,1,1,0.150874,9e31e450cf6bd0fa3113647788af7bbad6974841151e6cf0ac359522d4785f8b
G1,393,11624,-11624,-11624,1,1,0.127839,dad7dddf6f3ce25c4731dda3d300388abaf46250427453e609fc41ca6970a4c5
G1,394,11624,-11624,-11624,1,1,0.145849,1b344d355dd769204e6b276da4ed5ba3d08e70b60555f22442d2de7f337ee6b5
G1,395,11624,-11624,-11624,1,1,0.127503,f3ffa47c65377cddb36b0ebe539ed16467033322a51944d6b2ef28c066d1d2b5
G1,396,11624,-11624,-11624,1,1,0.117345,393a2a5e08da7aadcff951a46fd4950bfef7042402ac44d40d5c0b798388ff11
G1,397,11602,-11602,-11602,1,0,0.134517,f18ae66f8c54b3e473e03664bd54c4a167c167434b7d87dbf2e34efcbe4d4c7c
G1,398,11624,-11624,-11624,1,1,0.136154,57be4cbd4f96fdc626f328d8c8c7d66792912a9ccfb4a733e297d3cc993a1f3f
G1,399,11624,-11624,-11624,1,1,0.152894,57b76f36341fc9eb8b0e7c4d1f2f251bde85c38623839024ea23b9f7d4504f7a
G1,400,11624,-11624,-11624,1,1,0.124135,6899fc9a12f531c69359114b55da25e5ce5e0c177c42942ecea79cdbb2d8772e
G1,401,11624,-11624,-11624,1,1,0.114768,c2153670e8ce09a3e4021010deff75e997c0842465a567cc0279cb6b76b478c8
G1,402,11624,-11624,-11624,1,1,0.151586,14476c0aaa2c54ac6419fcb4672227803e514f29dce470b0657dd716451cff9f
G1,403,11624,-11624,-11624,1,1,0.143348,4391dcfc28df28d01ce373d0c4ed475f933628fa14b34dee0b47259bc6bc9c16
G1,404,11623,-11623,-11623,1,0,0.131082,afea38d1f39d4adc125fcc40420ab65e90ec624f140c0244bad4b7c8d1565ed2
G1,405,11624,-11624,-11624,1,1,0.124786,e23eab3ba878ab51ce134495dc6b2ba629963fdcfec5b5be8d1955ad5bd3e692
G1,406,11624,-11624,-11624,1,1,0.130588,aa2d3126ff14de3470020b1b0b1617b959a8eba7a94849fa597ca6816db621f2
G1,407,11624,-11624,-11624,1,1,0.126991,14dee43ce905456e0c35e9d3f195e3db395fdf2ed204396be7e3ffaaad15fb1d
G1,408,11593,-11593,-11593,1,0,0.157184,65f5fadf60f14001adf9b2f4b28562b4d2b05dac251da7894e1a29f9dc297544
G1,409,11602,-11602,-11602,1,0,0.139090,51927618c2b0ec27b34a7f7a08d837f954898ad5f9c85b46eac07ea5837d9777
G1,410,11624,-11624,-11624,1,1,0.128259,d936b7f991e630abe80bd8a11fa677abf8e9561511e822e8c414691a46441e32
G1,411,11624,-11624,-11624,1,1,0.149766,dbc62190600607c78910961c0a58307f4e720206f10b6fcd967d534018f738c0
G1,412,11624,-11624,-11624,1,1,0.120810,8ecd3de3d295763c6d0deac3fc14ff8de38c882ae496e815054b57974be2cb6c
G1,413,11599,-11599,-11599,1,0,0.143493,45b169ebf4ce4179bce009017c1253edcefb88ebd659bd702cb8371b06ffd044
G1,414,11624,-11624,-11624,1,1,0.115830,871b1f957346e8730538ddec3926fa98b157c7c430428798fbd306a330c62692
G1,415,11620,-11620,-11620,1,0,0.129132,e7ec84bb64ec2f2e16190051fe5452e518c3b7c1faf2fdc258efca200e0ae73a
G1,416,11602,-11602,-11602,1,0,0.138631,7fe59a71069084d94170cf6a3a627f8aa398f89f3976f095e7f4bcdb982befb7
G1,417,11624,-11624,-11624,1,1,0.120880,5166b335e97f334eb57f3ae0c2665bcb2ab44732ed20b5160d76a84615c1f8af
G1,418,11620,-11620,-11620,1,0,0.134557,de8fa1ace8d5684bac3d91512913a68e571891485187bb1dbd979c443dc8ea7a
G1,419,11624,-11624,-11624,1,1,0.149330,9e4ba2b24760174cdd93e95f095af08155a53fda70205ea7f0f78d7be4b5cc97
G1,420,11624,-11624,-11624,1,1,0.130460,3dbb0bbedd12eb95f81348d5deb805a85ccc6b0690f06a965339c184d8793287
G1,421,11596,-11596,-11596,1,0,0.136991,de5c30178054470446e50ff3ecfcb29ae6870a59c059fa90d443277bf838f418
G1,422,11624,-11624,-11624,1,1,0.130757,038ca424d9b857b07c036fce4b57d2dcfe2b6c3ade435bee5b89c8c978d6e59c
G1,423,11624,-11624,-11624,1,1,0.146578,6e12031f754ef3a5e20630dc47089eb58cec1316457f2379a6eaca65b9aa86df
G1,424,11624,-11624,-11624,1,1,0.121597,912c303f61410c55919927666da16e21c18416f1666773604fd412fb7da9f28f
G1,425,11606,-11606,-11606,1,0,0.122965,aa603903c31ea08b1b382d604c74f680c20c74e573726800363dfd7fe0f3e360
G1,426,11624,-11624,-11624,1,1,0.138262,21df15c618ce99a494471a8c88f2aeb345222da93a6de86aee160bc4839a5a34
G1,427,11624,-11624,-11624,1,1,0.142896,3283fe545b37706fa2d2a40328315cefae28d5bf6e3052b4edcfa3b3627ed642
G1,428,11624,-11624,-11624,1,1,0.123441,641b573a582273b1c72b5f826a4285f4b1df12f52dbbf7a631797120efa01f70
G1,429,11624,-11624,-11624,1,1,0.119961,8ecd3de3d295763c6d0deac3fc14ff8de38c882ae496e815054b57974be2cb6c
G1,430,11624,-11624,-11624,1,1,0.126229,7b34d0160c577c5350fc93558431341a0860d9ed5db4a4b4f90af3a827b42b22
G1,431,11624,-11624,-11624,1,1,0.131044,85640412912ab2ffedaa49feb492c47e1a6684052a607c66b74fb08fe17d1e93
G1,432,11596,-11596,-11596,1,0,0.122327,23236532962db2f9af553c4f35ec0bf4f059f281aba9b53ba1707d0eadf744f6
G1,433,11624,-11624,-11624,1,1,0.128240,4f5028664e9b7c758d43647134925db484172d4675dcadafedff3fc003c03dc0
G1,434,11620,-11620,-11620,1,0,0.149409,7f908e3ba54f9036380adc9dfdff35a06f7920c1e015afb6d7f987d2443dd360
G1,435,11590,-11590,-11590,1,0,0.128452,47c87cc7f80347503fb1ffa2cf5ce23bfc09e9fac6080c828c0031b5ec65ddee
G1,436,11620,-11620,-11620,1,0,0.136629,959ef13191d97b3d19600bf2045c7401c29b4686fd50a524dceaf741d00748dd
G1,437,11624,-11624,-11624,1,1,0.123092,a38ab2be90612a6f3db1dcefc87f4cec4bd59bbdda017c35ce86e06478ac5e63
G1,438,11624,-11624,-11624,1,1,0.138537,9e4ba2b24760174cdd93e95f095af08155a53fda70205ea7f0f78d7be4b5cc97
G1,439,11624,-11624,-11624,1,1,0.132330,c6716f5e361c48c4841999df7ce324ba06b7a229b47861ff642d33007140c185
G1,440,11624,-11624,-11624,1,1,0.139227,ef99a8a1707d01d56df4004204b39aa46499beb17c21418315b218da8b764e99
G1,441,11620,-11620,-11620,1,0,0.156578,a47061645fd65b52146c17d55a925e0d942204249815c1685b4f72effe889b20
G1,442,11610,-11610,-11610,1,0,0.130638,2177586eb2a311282d58038ad5d9d3870b1a1c559e185d9a4be8a21565427f41
G1,443,11620,-11620,-11620,1,0,0.137759,34e2050d9713cdd4a71d69a4dd11f6a7e54013853b94aa31328ea848bb56ca08
G1,444,11624,-11624,-11624,1,1,0.145613,8550622ff6c5ed73d919ca68c7abd6fbfaab0f38160636bc88923cab9ac7160a
G1,445,11624,-11624,-11624,1,1,0.159745,e85b0e416fa92bbab91998ad20c1dc32282e40e71c6e80047ee5adfbc1072335
G1,446,11624,-11624,-11624,1,1,0.132240,d55b41b44b97447d4555fbd02e84b73eda9595124c2136c0dc8f1c8230af905c
G1,447,11624,-11624,-11624,1,1,0.140184,0031a00963407bdfb5c473eb23deef4c64e8afe1cc744a38e40ca12f449d3e04
G1,448,11624,-11624,-11624,1,1,0.127619,9effea219e3d8468b18dddc2746290190fa0830061d2006b9988405bd6a3ae94
G1,449,11624,-11624,-11624,1,1,0.130730,f00ccdf1f843784e40796c8c60ade3312583c0770f8be0a79352ebe1cf1c7b8c
G1,450,11624,-11624,-11624,1,1,0.124389,bb39d625f7f9d856097a483c1da88447291db480208c2b3a9fb04257be1efe8a
G1,451,11624,-11624,-11624,1,1,0.134006,6eb4c46afee532d72d6c9e7ee345819a6a64d9841753761469f9384a1920c889
G1,452,11624,-11624,-11624,1,1,0.158231,1fbcda089077ce1f58a86bd6e5637207b77e94850a5db94169d429d8af6091e9
G1,453,11624,-11624,-11624,1,1,0.149063,7387d3882d48d4919378c22c8c9b5267d5e9f031cb493d04956754bafce0056e
G1,454,11614,-11614,-11614,1,0,0.116531,649a7806a5820c00d6a087db816119fd5e61e79f556a9589d0d96163410c4822
G1,455,11624,-11624,-11624,1,1,0.135504,0382871d5968bdacf82762e0265325832b95b558aba3ddd6358d7d70b0b6110d
G1,456,11624,-11624,-11624,1,1,0.130794,83714f7e0200f6d25af4ff30dce10b06634a592888e1195c9ac7b08b8a09dbe1
G1,457,11587,-11587,-11587,1,0,0.143852,8363a5818352dcd7040b765a9774285495c47434ad3a8846ab58f7a9f6fd5078
G1,458,11624,-11624,-11624,1,1,0.126385,4eafd9fcb2b6fbd9588fbf8ea78eb5c0c05efb7e1bbad1be4c62c7bb79ff0eb0
G1,459,11624,-11624,-11624,1,1,0.139400,4f8cef04bc077828cfff7963a44d785960696dea5752b5138ed8fb3f4c252f8a
G1,460,11624,-11624,-11624,1,1,0.137754,1095f405c9ed280f79239e0c88d98eea7c1208a41b469b22d7f84f837c253e56
G1,461,11602,-11602,-11602,1,0,0.122171,48fd09918011643e3cab14005eb986d3f14041d5bfa76ebe74ea9088a5e3df75
G1,462,11611,-11611,-11611,1,0,0.142692,61994a0b435d03a1d5bed3cb07d94c05ed9c3bf8154caa073cf902a44b169a9a
G1,463,11624,-11624,-11624,1,1,0.131400,e6c29065da12a736fa5a614a5e86b96f7477bd689ffa5a4ff4807c0409c9f966
G1,464,11624,-11624,-11624,1,1,0.123904,f5a08c3635558c888e09461faf13a46dbdba47589a97b1856bd4dd57a7d14e6d
G1,465,11624,-11624,-11624,1,1,0.145583,fe9e643e9e809b043f54741d093c44d506ee85a91412d525b644cc642ba5165e
G1,466,11624,-11624,-11624,1,1,0.126381,f701e0620d8485511f9ea1e09e8156e8bbe2f58f2558c60127d3e83e9060985b
G1,467,11624,-11624,-11624,1,1,0.134837,0e49d468e2ecaac76bf086c2a5a11ae550514461307d4fbc51746aabdece0f5a
G1,468,11624,-11624,-11624,1,1,0.133178,c1f8bdfb089e4836a1c31c9084807bda130820699c08a82d438fb3e3f69e809f
G1,469,11624,-11624,-11624,1,1,0.130709,5ed5f39b9c85aefe60bd74dd43818a56ad9ca0e9e28bfb4762c06262e9436c18
G1,470,11592,-11592,-11592,1,0,0.147741,678172df290ddf73ae2d41a150d93d15d34c245206927ecb03f48cef2b47b3bf
G1,471,11624,-11624,-11624,1,1,0.124817,246b6fedc60b370ef04c2a8dd4b4f907bb47c9565030b2a2515c424c80c5a3af
G1,472,11624,-11624,-11624,1,1,0.133699,d917512629550537d437ccb945b1911f65e1af4f2fd377d2d4501998fac2b736
G1,473,11624,-11624,-11624,1,1,0.120052,be8417da05955e23de9737edf67b2dafc6243a2acb72e5b077e5a3619fc54ec3
G1,474,11624,-11624,-11624,1,1,0.125494,4b3506e8917831c3de9d8b230bd68711fbbee16645d15d23ab7a472f858b0a73
G1,475,11624,-11624,-11624,1,1,0.149329,871b1f957346e8730538ddec3926fa98b157c7c430428798fbd306a330c62692
G1,476,11610,-11610,-11610,1,0,0.141170,998a25bf649f8aa10e56e83db561b8140f86a2d2d58da9b2a2d95b8d689a94bf
G1,477,11620,-11620,-11620,1,0,0.115130,34468744414c6394516ce7c5fdfbbfe5cac6220ef9dbda3e738dda00323fc176
G1,478,11624,-11624,-11624,1,1,0.130352,a3630834028eae31cbac46d63bd45b1511833d3571ae17b6c437a3c942798142
G1,479,11624,-11624,-11624,1,1,0.139836,751a8e92a4eee38b38e39aa1451350e6cbecf9e0ee9016004b9436b8c26a2eee
G1,480,11620,-11620,-11620,1,0,0.121564,482e9bce1e09a30fc32823b8894c16fb26228efce9caa12e119d2455651af8e3
G1,481,11602,-11602,-11602,1,0,0.128016,e207de2b7a150ecec3a806dbf37ba65973347139037f931ab7c675731ebb2d70
G1,482,11624,-11624,-11624,1,1,0.131866,cbb744592dd2732363c57f3e1189bac903598f7607b0aec925341ebba4fca6f6
G1,483,11593,-11593,-11593,1,0,0.132382,321f96b587407542063b89c4c33bccf690ade2408c7b27ff113a74712e4130e2
G1,484,11624,-11624,-11624,1,1,0.132048,f5d5a7e55ededc28999cdb6e5252b1cfe121241aaedc349d5724a55f2b9c469d
G1,485,11608,-11608,-11608,1,0,0.141204,953f065bd5824341a400c7e597fb0c164b628aaa57e3c25722efa3d65435008a
G1,486,11624,-11624,-11624,1,1,0.134266,5aa380e8639105af46181c1731a25cabc89aeb952678a87c0a6fe1c92c338d89
G1,487,11624,-11624,-11624,1,1,0.132262,efab737e99e934a86ff6a27b8d1c32cd2d6b107e44619204eb5c8cc26cde4b23
G1,488,11607,-11607,-11607,1,0,0.139931,b0b4f810374f09d0dcb511a8362a0ed536f633f6e8f91973d830ea98e085092e
G1,489,11624,-11624,-11624,1,1,0.141956,7ffcf668d0d82f65850aacd6009e6bb21044f60c89dda5f9e7a1d01415ae102d
G1,490,11624,-11624,-11624,1,1,0.150287,4391dcfc28df28d01ce373d0c4ed475f933628fa14b34dee0b47259bc6bc9c16
G1,491,11624,-11624,-11624,1,1,0.127209,ef99a8a1707d01d56df4004204b39aa46499beb17c21418315b218da8b764e99
G1,492,11589,-11589,-11589,1,0,0.129285,40c1362465c4fe800f85f791407ebcbbeeca8c97a40d055239d0d9716b2ff629
G1,493,11624,-11624,-11624,1,1,0.133342,8db8c7a9e180ec9fd08acc263b5e8d6f126a09e8acbfe457703f05b698a06935
G1,494,11624,-11624,-11624,1,1,0.142235,57be4cbd4f96fdc626f328d8c8c7d66792912a9ccfb4a733e297d3cc993a1f3f
G1,495,11624,-11624,-11624,1,1,0.141783,b20b06e8c73270cbed5f26ecdadc732b36ca26afc495917d3ae395a329566755
G1,496,11624,-11624,-11624,1,1,0.142585,32d30244e0791213b23d400a224bdf6c37411b8cccf52941d04d77fd75423211
G1,497,11624,-11624,-11624,1,1,0.179721,3f725dc96cfb91149e7aaba9a04c88dcb1e503c95904d168a13846f00a622b3d
G1,498,11624,-11624,-11624,1,1,0.133405,f1be50cbd0b085853e98388c8ac1d6648437ecdcdbb8c6c5d053c02f33f3cd0f
G1,499,11588,-11588,-11588,1,0,0.125536,44c20faaa32992990415029629040a74867bf028029e266df105f9d20d6222b3
G1,500,11624,-11624,-11624,1,1,0.161212,0667e17e06820e2e09a404b5e92725504e40baaf039e9cdd85ee569e6f0c9433
G1,501,11624,-11624,-11624,1,1,0.131333,22a9ee198da2d6ef6ec4f55760546238879e57428fa28c90618f62b42b0a6cbf
G1,502,11624,-11624,-11624,1,1,0.133618,2bf05767b5e44bd1ca2d4968e9ab808c2304bf29fbbcc0fd813584b6424273b6
G1,503,11624,-11624,-11624,1,1,0.129355,d82af00995a562a6a663a8c13aa757173b0f42d4452454922003aacdfcc6a7b4
G1,504,11624,-11624,-11624,1,1,0.122105,c267267329bb01efc1d6a08e76654d128920a8eb82538c0d5d42f3deebefb2a8
G1,505,11620,-11620,-11620,1,0,0.125659,ba29026fc5645a7bf8f82f3cf853c6ce18b90377cd3266e2a06efc58c732389a
G1,506,11624,-11624,-11624,1,1,0.130015,e8d73277a1df4c6c370724a9b952b40e8f2197b7ecfd66e17e0aa92c8ae75a4b
G1,507,11624,-11624,-11624,1,1,0.136170,4979544d343a91b8f1f2b4913f8181ba05e86b5c4199f8b289618775af79dd30
G1,508,11624,-11624,-11624,1,1,0.134231,fd960f3ca777b81afcf08e2bb96b4716a1ee34f61f387c179a81d6a56286252c
G1,509,11624,-11624,-11624,1,1,0.129473,aa2d3126ff14de3470020b1b0b1617b959a8eba7a94849fa597ca6816db621f2
G1,510,11606,-11606,-11606,1,0,0.152668,339bb631056489ffe4a5a03d49403c7e21a2ec3c168280c07858e90c8bc31307
G1,511,11624,-11624,-11624,1,1,0.141634,bb39d625f7f9d856097a483c1da88447291db480208c2b3a9fb04257be1efe8a
G1,512,11624,-11624,-11624,1,1,0.137223,7b34d0160c577c5350fc93558431341a0860d9ed5db4a4b4f90af3a827b42b22
G1,513,11624,-11624,-11624,1,1,0.149668,e33e5cbbd223198212e0b9e5b6195b1f5a6825989d83d3cdf4b7ff133626c902
G1,514,11613,-11613,-11613,1,0,0.122818,5086e0e37969874e3a2ca7c8c8e0b386f15313e9d4a2a300e7ada1702cb10f99
G1,515,11624,-11624,-11624,1,1,0.149934,310c06eef75eec012b94be2c12d68476d793daf4a51092c454f169f6da612d10
G1,516,11596,-11596,-11596,1,0,0.131474,a70b193baa3ba945df07b09e9b9933008c22f6ca9d06119ad70174b0c8f47b05
G1,517,11624,-11624,-11624,1,1,0.134051,2dfbd0749b9b12e97f18a8ecf830e42ec6f1bf4cf1e2e3585174cebb014522e2
G1,518,11587,-11587,-11587,1,0,0.159270,b9e73d7eed7f4d774e24f0eb0e1ef0f5fec6501f92c3613ef249f94ae0ac2da8
G1,519,11624,-11624,-11624,1,1,0.139042,d13bc094aea16f88957d2d61814604363efd8839f68acf544b1dbabef77d209b
G1,520,11620,-11620,-11620,1,0,0.144553,d09b16ea2410a3d042147eefd470b916682db64b5dbb9e8e4bad5ebe3e76cab8
G1,521,11624,-11624,-11624,1,1,0.134860,75830ce170edbde2e2dedc1f40e8d1bd99630a3416e199a80795d580c3fd2ad0
G1,522,11624,-11624,-11624,1,1,0.130902,c53350477e5a0604a41189ce168c17885e9fb6e665719ce93447c0f5bd27b2c8
G1,523,11624,-11624,-11624,1,1,0.115158,a2e3b1de66b6abe5e47012423cfb78a408f4a21d1c090f9ca63d1ad5a3bd1085
G1,524,11586,-11586,-11586,1,0,0.145360,0d5f8c936e1cd781adb9dfc694e70467cc48e2aca98f1dd7be5c2aa25542d32b
G1,525,11623,-11623,-11623,1,0,0.124090,922a5d454e3391980356485a3dfaee0b5328cc82cad58b97168b36e15cf14841
G1,526,11624,-11624,-11624,1,1,0.129613,658e59c6e8d585f69d744302e551c0085b3f6071c2738f72307f80fb0ffc4203
G1,527,11620,-11620,-11620,1,0,0.123863,3f5652a199ad6f222a74d7e28d6dc5bb2c3aa484c8846910933066b9e48b6ecc
G1,528,11597,-11597,-11597,1,0,0.125393,5c47529c607911a7d3e5a74dac48e733ce27415597fdeb1b8804181a9c861043
G1,529,11588,-11588,-11588,1,0,0.150392,31cb352a797f5358919dd05ba4389cff56e3212f1d3aecfc977b37fa7371e300
G1,530,11624,-11624,-11624,1,1,0.115402,c267267329bb01efc1d6a08e76654d128920a8eb82538c0d5d42f3deebefb2a8
G1,531,11620,-11620,-11620,1,0,0.156246,f81cc0e873e6929abbcf9d56dc6a1829c3e8e73b53bfb9817c6a6cddfd8195ea
G1,532,11624,-11624,-11624,1,1,0.132260,32d5c5eb5a54968b088624b08e107b376b711eaef3e2bc6e148f096ba3b73089
G1,533,11624,-11624,-11624,1,1,0.120285,fba1d9065629d2125f3754d8519917361ad47d0af77b76340a7576ed1b45b82f
G1,534,11594,-11594,-11594,1,0,0.130829,74401e3295b9d87215769d2d14e6308384b13475d035566c281b281ebb62f018
G1,535,11586,-11586,-11586,1,0,0.127865,194b5bb5206602ff909fbe41040e741fda7452d16e1da7d3dbde8679b98eaa84
G1,536,11624,-11624,-11624,1,1,0.156249,182cad44c0fa949d39b7403cc20ae193ebbed9ee0877d68aaa70c8245c78ddb5
G1,537,11624,-11624,-11624,1,1,0.137579,7cdcd76fba4f426d97cf2566880e8346025dad77bb18420e2d780466e6ceab32
G1,538,11624,-11624,-11624,1,1,0.121519,2e605ff1db456ffc03feedc95c773ed594de40e12d19f2fbcd1028cde0231815
G1,539,11624,-11624,-11624,1,1,0.149025,0c9dbcf72ccbc04acb4fbab01dbc3174bf6b92edee534de85a6961f2c70a17dc
G1,540,11615,-11615,-11615,1,0,0.132627,06626f33fb0e90c585f0bcfca3895dfc22f0fad37be0f951ed38f37980f24e28
G1,541,11583,-11583,-11583,1,0,0.146008,5719301592c05acfad9eb1e87b7b812970ca480a7be1a721c9ed7dfbfe40a71d
G1,542,11624,-11624,-11624,1,1,0.165441,ce68899b3505880bbdc92701e023b1a7e3679b9da1f8c2c3ff31a42079cacee2
G1,543,11620,-11620,-11620,1,0,0.117567,dba6fd91973a6f00c2ac958c55f012998acf95b76e3b4d1ce4b59e5d16e97a59
G1,544,11591,-11591,-11591,1,0,0.132287,586973c2ec8d1c0c59a0f9d771c67585d73b8e276840a8c21fa5008863a082aa
G1,545,11624,-11624,-11624,1,1,0.126747,f1be50cbd0b085853e98388c8ac1d6648437ecdcdbb8c6c5d053c02f33f3cd0f
G1,546,11624,-11624,-11624,1,1,0.129245,9c2509c7d111e555f79c593d8d98c5ecc35023d882e372a8b8ae58bc36c485f9
G1,547,11624,-11624,-11624,1,1,0.143597,5566dd1114b36a9aadc427e23f8417c818f21ac967cb4f2e59312bf7f6a028e5
G1,548,11624,-11624,-11624,1,1,0.132927,2af1090b68f5a20fca7362cde136dc4dcce36f7c9a355df5824802e3d7431828
G1,549,11624,-11624,-11624,1,1,0.140582,667c2a7c86499873479bee908e7a09e027699db03413e9e4231f31f8fcf94625
G1,550,11624,-11624,-11624,1,1,0.128453,704acd76ef64443ac0bd8356a0f6c9f206dc22fc051fc0afe942939194b8569e
G1,551,11585,-11585,-11585,1,0,0.143779,533a1136b246ef38fee8856ce202fbac6541141d2014dd1da76530ccb0637318
G1,552,11624,-11624,-11624,1,1,0.128381,e14edbea2d8ab92d74501dfacc0a824355233a81329f4334edaaef7a6fae1108
G1,553,11624,-11624,-11624,1,1,0.135781,667c2a7c86499873479bee908e7a09e027699db03413e9e4231f31f8fcf94625
G1,554,11620,-11620,-11620,1,0,0.160813,db50e7f9e9a7a11873f1c83e8f8175b6d94a1d055c66c35a4c6c24e2f30ad073
G1,555,11624,-11624,-11624,1,1,0.123091,1707a00f2753ff49db4d5315cd5277247a60c2cb8f1b8b7c6fa4772bf674229e
G1,556,11624,-11624,-11624,1,1,0.126406,ca7776812f1969269ab48063473b288f5b5dd66d3ea9842414200d64340ea4ac
G1,557,11624,-11624,-11624,1,1,0.133643,feddd2445739fa483ae5dd1f9205e206941f2e39e2d35e2c230924be5202f3e3
G1,558,11624,-11624,-11624,1,1,0.139893,5aa1fddab447aa7c9f9ed3956bf441d0837b04ccdbe80cad12ea2349508bbeb5
G1,559,11624,-11624,-11624,1,1,0.126697,dd786509b84d3f37adb6da3eb3b175987d4385ddf49a3106f4d18cf21345912b
G1,560,11602,-11602,-11602,1,0,0.121016,25b77c5cb6e4eeab93d120225f6a6fa90604e165803955d17a7c1f27f63210e1
G1,561,11624,-11624,-11624,1,1,0.152190,2ee57833b958e11198a0a2b90177d80a4e1342888511a2fdfb743411b8a9ef4f
G1,562,11624,-11624,-11624,1,1,0.141044,3536255f20ece5ecc878a10cc68909e660b3445430ada27eee00ed364ecc0eb3
G1,563,11598,-11598,-11598,1,0,0.158840,c7d4e2075a432b50b78693874d8947bc978216606f66d21b8900170d28349a37
G1,564,11624,-11624,-11624,1,1,0.125602,f3ffa47c65377cddb36b0ebe539ed16467033322a51944d6b2ef28c066d1d2b5
G1,565,11624,-11624,-11624,1,1,0.156616,e33e5cbbd223198212e0b9e5b6195b1f5a6825989d83d3cdf4b7ff133626c902
G1,566,11624,-11624,-11624,1,1,0.125078,0bd04a34e4b979bf0e79132f1ceb5e9459fa14e646efc92224f48d6ff53b25e8
G1,567,11620,-11620,-11620,1,0,0.145175,3f5652a199ad6f222a74d7e28d6dc5bb2c3aa484c8846910933066b9e48b6ecc
G1,568,11620,-11620,-11620,1,0,0.146907,14c73fd1076c3a67dc1c29dad8caa1d42b4c3f5f21a3489afeccb68679198f53
G1,569,11624,-11624,-11624,1,1,0.161106,636594bab513c4b349bb8d38a12d390818fa718bf31eaf6500c5ea9b5b698ede
G1,570,11607,-11607,-11607,1,0,0.127477,0c02bc0762b9ecb88c7649d486850a5fee975aa5e90b5e799b3e1d938fc1fe1a
G1,571,11624,-11624,-11624,1,1,0.135356,cd7728338eb20c8abae80a7330648065417d1e525dd21aff59ca6328dd82f409
G1,572,11624,-11624,-11624,1,1,0.119596,5166b335e97f334eb57f3ae0c2665bcb2ab44732ed20b5160d76a84615c1f8af
G1,573,11624,-11624,-11624,1,1,0.128358,291ec58e515e4d6034bdedb7330802633504612938c679e2e7fe6eadc9f4499a
G1,574,11624,-11624,-11624,1,1,0.136320,faa7ee4cbdcc54a9cad103f36dcd484b9e7232cc93b530f5f4b30566c6de5f86
G1,575,11624,-11624,-11624,1,1,0.134944,dad7dddf6f3ce25c4731dda3d300388abaf46250427453e609fc41ca6970a4c5
G1,576,11624,-11624,-11624,1,1,0.128622,435e4300927947246d86965221c0134cb55d73bc84616b209c553f2e63b5fec0
G1,577,11624,-11624,-11624,1,1,0.127748,2824d75b05c6875f3864d860860d1ee3caa4433f388d81416582315a5bd46c70
G1,578,11624,-11624,-11624,1,1,0.129089,9ea45e469ed287c744cbeb55baeb2785d95ca16afea97087ac19fe253fdbb546
G1,579,11624,-11624,-11624,1,1,0.118617,bbf36352201d840441dba300ec9a8794ccfc8bd60d0888f43eb6578a1ad908d9
G1,580,11624,-11624,-11624,1,1,0.117687,b2411a055a32fb1aa9504dd80c29c26cf6771aa76e82f9251e777f600aa35cac
G1,581,11621,-11621,-11621,1,0,0.116899,0bf6f7d451a6703137dc2c048c535d5e2c1ec3b009b445616b82899d8a4eb76d
G1,582,11624,-11624,-11624,1,1,0.115975,87592f4716210cde3234d2d6d1900daf5d5e3244bee16967f87c7055bec91523
G1,583,11624,-11624,-11624,1,1,0.129234,e8d73277a1df4c6c370724a9b952b40e8f2197b7ecfd66e17e0aa92c8ae75a4b
G1,584,11602,-11602,-11602,1,0,0.129056,c8642d700f10610d0080ceca86e28dffca138fecb53eebb3af695532eed0df6f
G22,1,13357,-13357,-13357,1,0,0.348169,baeb2115fc5a83f8f00b7e8d1ad42d89834f8f9ff22648b55056c15a8af5deb9
G22,2,13358,-13358,-13358,1,0,0.296090,7a3232c5164da5bc44d3963743c2f4f84de76035e3e9d4e447aefe381dfb68bc
G22,3,13356,-13356,-13356,1,0,0.339634,495f383223833869be45ca827a271e4d29c8377d85b6fc42faace1ec60c10646
G22,4,13357,-13357,-13357,1,0,0.324331,4b065e0704fdba3dcbdb622833a50d8abaf72ffbe0942e97bb920b4725f5e739
G22,5,13358,-13358,-13358,1,0,0.336909,aceedffa8c7ce02cface7f6c6937458cf1842280bedd247f9bace76ca215741a
G22,6,13357,-13357,-13357,1,0,0.328375,96b21f013eb8129a5a7fd134630c595544649191b638982f3f82eac99e30371f
G22,7,13358,-13358,-13358,1,0,0.322817,bc74860272e13e2e9ad136b4455544ea86cf9b6b155b3dcc90f146b9f2afa9e6
G22,8,13329,-13329,-13329,1,0,0.294879,7cd94f7baa5357366e47b5c506af3a21e75240e56ba674b9bfbbbf1840411e91
G22,9,13322,-13322,-13322,1,0,0.306652,11278b793a01dc20214fb116df5bed869b0378f25f0c232bf784e6d0e0ea2872
G22,10,13358,-13358,-13358,1,0,0.264775,9e701f93416148a22b1669450fbb5215d80ebad397727b68ca1a5fc8b2579b02
G22,11,13357,-13357,-13357,1,0,0.291086,51fa86629c71460031b618f038d79520f2f0918c93c73948ed578608e3de092e
G22,12,13327,-13327,-13327,1,0,0.339731,62b74edee69f2a0f97d7f4f86252b99d3b86e314ef1ac8255a7d57c8ece8f768
G22,13,13358,-13358,-13358,1,0,0.369704,80468ec34d08e07eaed7e3b5f2ee2d65672a7c6d5f27875df06cbddc8daa2db9
G22,14,13355,-13355,-13355,1,0,0.335809,9712c13bcce85dd16493b92fec2938bc5a28631c514c7c0e2e4a63caf9561d27
G22,15,13356,-13356,-13356,1,0,0.326284,f85e42f18f9c07139512e16ed92e15161a7dd19971f251a3e02dce95b20fe767
G22,16,13357,-13357,-13357,1,0,0.328859,03b289a1b1ba15fee417c078b8309807f6cb934f5edb93452712271432204e09
G22,17,13353,-13353,-13353,1,0,0.271240,e42443106c3b0263403694ee89f795499e1832c246f69b82ec4eefdc7d6298e8
G22,18,13355,-13355,-13355,1,0,0.280601,a3bd759a317149a3de1f372694e50d6d6425e5ddfdfe6a1527e5f1a6917faf93
G22,19,13321,-13321,-13321,1,0,0.283852,33d6c3623748dd35769f61d392d3dc011041e004931351c0e9c94ee53ddd2f82
G22,20,13349,-13349,-13349,1,0,0.280239,794255ef8e822eba8c80a87be72b7aab3f3849f42d7fc46ccd6fda7e39eea4a1
G22,21,13358,-13358,-13358,1,0,0.272829,db8268d4ef3e13085e0eb0790d855a13e103a8c905939fb2d3ab6850be96e283
G22,22,13334,-13334,-13334,1,0,0.264744,1d5aac16750261042a2f36c450bb28b5bf8b1dd3df22c6ad07b1ebee56e32937
G22,23,13350,-13350,-13350,1,0,0.272578,a0c98635ae9d5d1632fd7d5e8821962aff62520e830ce74ec3922042a32c51af
G22,24,13357,-13357,-13357,1,0,0.259627,f0f6ef4a3a761e44f2cbe7bdb9c86d9ff6322cd413a05e112be852674250ebec
G22,25,13334,-13334,-13334,1,0,0.284006,b4ffaf02558635edb2b1b89f55b3fcc64f2e2c2afd0e5931aa932a6d9c0e0666
G22,26,13357,-13357,-13357,1,0,0.259617,18683fbad11294c61aa0ba4d8061b1775711f84bdc991270f997d494be3262f3
G22,27,13358,-13358,-13358,1,0,0.312607,a36e701d641fecb6a742ed3aaaaaaf1bf2f4193dae906dd4d58345675889839f
G22,28,13328,-13328,-13328,1,0,0.279521,1ef902da9d57483854003db03d822ad78f0ec5503eecc25bc3582474bc298eef
G22,29,13357,-13357,-13357,1,0,0.289129,5318ef4e22bb82cae8c44a5d6638207840b1fffa82565c71f89bd14fc95c6959
G22,30,13358,-13358,-13358,1,0,0.288560,c933acba6c8bde53a8fb07ed6daeb1fc6a5eb9532e8b7031eab1726599c8f639
G22,31,13320,-13320,-13320,1,0,0.254946,45f5b96d0bb6b9c3a79cfa5be865c44836da35b23825c91c5f6616d0932f4859
G22,32,13352,-13352,-13352,1,0,0.287521,be03c83e3b10fe183ae58663a38117d353aafa6330fe2a5802a41cc34a817311
G22,33,13349,-13349,-13349,1,0,0.251594,357db67809466c1a5f4d91698d02fe3ea2ad4a2c9481a622dbd8dc8262ea834b
G22,34,13326,-13326,-13326,1,0,0.253530,91b298f1dd06baae8a3edf5212db5ed4ee2e5522c769c881f8e46bb27b092907
G22,35,13313,-13313,-13313,1,0,0.259567,1b85fc1dcc2bf55f4a0610029f6de6b33f36340f1e112a8d675450f767ceb428
G22,36,13353,-13353,-13353,1,0,0.251726,c2f3cbd5fe0a556cce504bcf75002f1abeec0ba4ea86881e0e6545360420e9f6
G22,37,13330,-13330,-13330,1,0,0.244639,3d39a67a26c661c76530e95a49eed4919e52b76281d9582c97357ce8479d17e5
G22,38,13355,-13355,-13355,1,0,0.285112,0f0948d6d3ac497541720a07139c82cd8655984ee4d3578941d8a277bbfe49b3
G22,39,13357,-13357,-13357,1,0,0.256390,a1f22a92733bf568303c8493d1600709b10df79fe9ee8163ed5bc217fef231c1
G22,40,13321,-13321,-13321,1,0,0.266329,46c2d7a495ca8db600acf8de83099419bd629b7a11e26bdfe9eadeb33c1ef455
G22,41,13357,-13357,-13357,1,0,0.256684,eaceadc44115737bca9e392379d2bc4a9f46e1f2496018f4a94ead68068c8059
G22,42,13353,-13353,-13353,1,0,0.269261,7e608d27e88195485bf2734cfe51c88b3b12c73384713a664a78d8d9a4e7bb9e
G22,43,13355,-13355,-13355,1,0,0.263258,57b6cba837b4ef70a4423a9d35a715d8c961209227b3fef2d3291085970dcab2
G22,44,13357,-13357,-13357,1,0,0.267154,1fca400cd8dbe66ff80fe73c4a7331c76a0792c89e6123d02cb5809c17d77f24
G22,45,13357,-13357,-13357,1,0,0.249348,8b2a25768fc862a5074fb9a17ea5098be98a4a48eb78f9057e43912327d5764d
G22,46,13347,-13347,-13347,1,0,0.261939,e7b270072884e8ed12cfef98863a72c2fd45c34a8240f6a65be30a1f5d1ed538
G22,47,13357,-13357,-13357,1,0,0.269745,bc8467c20ed9a46a6197d37cef6d03a6c2163c6c6d9ad8f1b06c3e4fc7affc9f
G22,48,13352,-13352,-13352,1,0,0.287588,afb570a15ff3edb72d8db1bd0ffe6d85fa17fc952e4c07e3952f48dfeccea55a
G22,49,13358,-13358,-13358,1,0,0.263863,cc8266790b6960b4e27d0d9cd974880213d8e7a02ea2a1129af93dc9389eab18
G22,50,13354,-13354,-13354,1,0,0.265038,aab9f574099160336516e2bdcde16ad20d9ff76a7530b4ee190061e9003f267a
G22,51,13326,-13326,-13326,1,0,0.245860,8c90e5d86406b825b8a2122f785dc27758ada73ad78158091f899140fdd5d0b7
G22,52,13321,-13321,-13321,1,0,0.275584,b7a2aab1d7b66b720a31a339cd27e4f4a36fec925777d0c4c2449e0bf7de7ad9
G22,53,13355,-13355,-13355,1,0,0.248066,6a347167c5bf1c524d99e91ccbdc58ed191a83991040bcf51b383e085c35c655
G22,54,13358,-13358,-13358,1,0,0.289627,99832ce4398714484737f8a437a4bacf3ff1f9ecaefda7cdaa447e3e09332b93
G22,55,13357,-13357,-13357,1,0,0.265944,e68a3a8920ab307bf0821ee72306ff2e2808b2343f910ca0334de4964cc9fd2f
G22,56,13357,-13357,-13357,1,0,0.258103,e5373972db9a037b0107b9a6c53c5849399efa0ebaef703f353a170f193c2615
G22,57,13357,-13357,-13357,1,0,0.282280,d0702e19efc7e98e356191851f9a457f7ecfa3da124a0484e13c60ce46af9eb6
G22,58,13322,-13322,-13322,1,0,0.285096,4232dfc63e08aa57a154fb11363dce157aea1969022c7b9fe13f03a893ef9b4b
G22,59,13358,-13358,-13358,1,0,0.261355,0ff92f9dd5f33758f3ee3beb6316267da03f11d0af7384181857b4faa8eccc7f
G22,60,13329,-13329,-13329,1,0,0.271753,b55e884f4b76ac33ac19847abbd19009438798d5d183880c968cf7621dfee7c0
G22,61,13323,-13323,-13323,1,0,0.229831,80464348d65d14a2f6b5300ed7f8812569a88034821c7e7e92f188b030c71825
G22,62,13358,-13358,-13358,1,0,0.265007,d228ede6698882fa69a7c13e4d5bf4b47aa305b2b5332f15bc6022c8ae77dc36
G22,63,13357,-13357,-13357,1,0,0.251329,4c63d8384760f0fa2a452958916879e19d8660f279c49ce4b38ef1327a3c154b
G22,64,13358,-13358,-13358,1,0,0.252414,2ad5a5862bf740d9df070e22e41d75307bc432096654a346c31240a903c6f36c
G22,65,13340,-13340,-13340,1,0,0.249302,f785acf608ccb87add79cc5816b5c44152796b67a447fe29848c78fec2026475
G22,66,13356,-13356,-13356,1,0,0.284722,81420ced177d4fc10690511620fc60080395c6474f45c52db63042076ce74f7b
G22,67,13358,-13358,-13358,1,0,0.262401,dfd289adfba9bb4f4d1fb25f132643a25699fb2481d074940ea54b96a81b1c55
G22,68,13354,-13354,-13354,1,0,0.255544,5c3cbee1a696d109f7dd738fb52d19d2c2d32e82bf8250a75bef84f9455d9f14
G22,69,13323,-13323,-13323,1,0,0.238208,6e6909c494e71520df0a37a267e872da04cf2ea062d09ce90b5243dcb76568b8
G22,70,13358,-13358,-13358,1,0,0.292034,2c291b0bf0301b22c83696c7ba54e6685bb35eaea29325dac145a222dd4815cf
G22,71,13358,-13358,-13358,1,0,0.245333,9a2a586070dd1240892677b1c5f48b27c1e9557da6aa5abc9b264d4415daa861
G22,72,13353,-13353,-13353,1,0,0.269555,d1ce53c2e4d933319149450debfc048178344b4510e0e78345908f69125eaf94
G22,73,13358,-13358,-13358,1,0,0.242548,daee830a528eee236b8bf4f273adcb4e12135674e739797c5672d15bd74e5d9a
G22,74,13358,-13358,-13358,1,0,0.254962,ef06477dc4edd419eff8596c099b0c60e4402c3e3162055be65256f5e5122436
G22,75,13358,-13358,-13358,1,0,0.269928,5d26c955d10a3cc4dcab8d0a9477fd97c28c97177fe8997cc7e52ebbf029f63c
G22,76,13320,-13320,-13320,1,0,0.273488,99c7816443ebf7d5f30bc8385cfdcea5ff51ae4e4491c3601e3726f6306d0961
G22,77,13354,-13354,-13354,1,0,0.247622,22eda9efd1b8bdaeb9c362111591102c1b01958aadd929ba144d356237c12b6e
G22,78,13357,-13357,-13357,1,0,0.265715,1142f7ed1058047f464d26f653904528c5d3c5fc9f878829ecb3fb579154079b
G22,79,13317,-13317,-13317,1,0,0.267439,6c08df4c0ecccee623c96d348a87aee3b0787d72c4161aa6a080cc2b8de2b71f
G22,80,13358,-13358,-13358,1,0,0.245451,c87a1fe23235f3c087b0c8e07a20e23dfb971870ea282859936b531303eeb0af
G22,81,13326,-13326,-13326,1,0,0.269716,4f3e3fc559e5afe5f17a4767ce40df462338e08207c43d65823d64c2cacc8d3c
G22,82,13357,-13357,-13357,1,0,0.239348,3a1922cf2467eaac29ee189d024e5cf10dc98d9b13f72f9e4d92ac3124c5884f
G22,83,13358,-13358,-13358,1,0,0.282274,e68b82a304515a198c6d0c0b650299a20308d8399018171a3fcf50d90484c86b
G22,84,13358,-13358,-13358,1,0,0.261423,a23d3191c3b07be09549f139103ef22009ba2366e17ad450a38041add09f9996
G22,85,13328,-13328,-13328,1,0,0.261196,2ff524c2453f455e9825590bc0e3bc72e7c2d3b0793f20d1a328d2ee357e2393
G22,86,13354,-13354,-13354,1,0,0.272535,5e6ee09e4c62b8cf061ae8c430d545bf1a565ba27c76b07e124a57633040db72
G22,87,13318,-13318,-13318,1,0,0.256615,f4853e6f298a0bc68f417ac27deb32b359b16d2c52eb0a8edaaf36738c5ffb73
G22,88,13356,-13356,-13356,1,0,0.264002,839a65511c1c7bf208734f679292d332ef1d7613224cdebf16bec13dcaaa9972
G22,89,13357,-13357,-13357,1,0,0.261808,d20b737ed24aa6a1c69511a9be6f7b364e38866a1b8da38692464dcad284767e
G22,90,13358,-13358,-13358,1,0,0.251830,38666e8effb30331757b7d298279e63b7951bcfdeded2c42323b91f99d27a181
G22,91,13358,-13358,-13358,1,0,0.247525,e1d9229238859798f114396f2fb289ebd2e08704f9e5bd68a97d61bb7480b29c
G22,92,13356,-13356,-13356,1,0,0.233579,5118d7108f461cd371d72d85a1625279726e079e0cc74dca3f2d8a264edeb13d
G22,93,13357,-13357,-13357,1,0,0.242470,b27d7f9338b091fff1e54a6d3841d16a1584c1a89adca835b2855a94c9379fd2
G22,94,13358,-13358,-13358,1,0,0.266690,37aa47d8674141ee2c10e7709435dd620ac4bf003a6868cab041a52e80dddefa
G22,95,13358,-13358,-13358,1,0,0.252758,c8fa42601915630b9bf96f6efc8c0fce929963e69497f7f15909972dc7028704
G22,96,13358,-13358,-13358,1,0,0.264269,675577b1dc8b3ed40f46fed5e0bef9c3aa9caf64ef7dbd37dab287469d71d7a5
G22,97,13354,-13354,-13354,1,0,0.282749,a804d11a4e0728abf665635cd859f0d9355cebf98ff3bde8f4e9b6785cda4aa2
G22,98,13357,-13357,-13357,1,0,0.253646,1db2cf3121f26f2bdfb09eabff3d03ce0463c32e259c1fd17b0985af7782bdf6
G22,99,13357,-13357,-13357,1,0,0.251833,56262cf877f196cb837c1b21d810dc281ceb5d581d723e5b4fd126fd12c8b2f2
G22,100,13355,-13355,-13355,1,0,0.272090,cc8840618e6ec8258a8eb1eda510b0fc5eba4af4d4276257424e726dac850879
G22,101,13316,-13316,-13316,1,0,0.255437,a70fafadcd8c7554ccc60726502ad7265fe77f85a8b4eef9651126d01954b97e
G22,102,13357,-13357,-13357,1,0,0.278046,702e2b1a92bbcf8f388369961569b3f00b7207421e7c5c8d7570e297aa912c50
G22,103,13357,-13357,-13357,1,0,0.244878,64368929ad79909d924a9a4309788b122d2ca82032427a9ee36c9fbce6396c1b
G22,104,13356,-13356,-13356,1,0,0.267447,3fdab04a66e5dda74e62e268ab3e710886c50126f244b4f1c99cd298431b9d9a
G22,105,13328,-13328,-13328,1,0,0.282797,2c431155b45cf6aa9a0622af7089d707bc407bb334d22ce50f02852d019fe65f
G22,106,13358,-13358,-13358,1,0,0.247965,de3b8708910647d2030aab9cf22470264ae4edb7b8fc1a5ca0bdcab6014ec32a
G22,107,13318,-13318,-13318,1,0,0.276923,1b899ceb4a4b90d5e305bd98e1a82fcc5d9cd7b702bb07c77959e54572dbedff
G22,108,13326,-13326,-13326,1,0,0.268514,8e083996e82c6ed9b156fb7f37d2b9515251d55c39f3844ff71d18e361e08704
G22,109,13356,-13356,-13356,1,0,0.268525,2911a4a46b41e001faf1953a75270816ad9b0717726f3a120e9c9eee10c27f00
G22,110,13357,-13357,-13357,1,0,0.248117,e8dd12a653f633d9788f30372a84a5420a340df1414736b4ff02862f97b742b6
G22,111,13358,-13358,-13358,1,0,0.270677,8aa833d663bb1b34e6d600aee16aee6e292a95bf15154c2a25761ed6c3a97ee8
G22,112,13357,-13357,-13357,1,0,0.245764,9400bb96904330f6c7aaf78650fd056457a633c67602e829a8ada6c4b4dccbaf
G22,113,13321,-13321,-13321,1,0,0.254630,1d44f05271076fc0887f158d52c0d3e97675d23205b11340ce979397d516060e
G22,114,13356,-13356,-13356,1,0,0.269007,a66182d3aa08cbc5118a23855d5ea36378f77b5e5fc1740f5702319335efe5e7
G22,115,13357,-13357,-13357,1,0,0.265179,127466ed71786a6cb3ca21a1cdd9632e8ffce15111b06a008bf6ab38b7ffaf00
G22,116,13356,-13356,-13356,1,0,0.255147,2e9f00838a459e5fed04dd3d42d092e68bfb605d9a566b9f9aea9e81d2dd3de4
G22,117,13317,-13317,-13317,1,0,0.255149,822dc3df27cfc7af21ca5c39c704b3e8bafc53e67376ad0963162cd1c00b6d33
G22,118,13358,-13358,-13358,1,0,0.239566,8dc3ca4cd82919d8bd52704cba12a8c064ee68c31bea172d007935929ccbf190
G22,119,13318,-13318,-13318,1,0,0.254390,61ce52b1535b645e1575f2b69db8f34a6cb8c819fb676fbdb8806b137a258773
G22,120,13357,-13357,-13357,1,0,0.268428,542016d2699065405e3954c144f7bfc571bb75bed84fa41c398034695e68ff0a
G22,121,13318,-13318,-13318,1,0,0.255798,d7f3d14d17761569df51fa18b217ae086b6d5ad697d4a25293dd5c93d21c2118
G22,122,13356,-13356,-13356,1,0,0.267166,05f003d70722e67417f8b49f0b577065b76166c95673ebf1bd4b2f6b5bc4a116
G22,123,13356,-13356,-13356,1,0,0.248252,ac428be21848eadce7bd003d08392e7fc52df6022797a0a087f8990357e9ddff
G22,124,13358,-13358,-13358,1,0,0.235752,c814222e512bc750083f7b0b673339fc61f474772832f75bdd184b0a3c7835db
G22,125,13358,-13358,-13358,1,0,0.273472,6fdac3be95b1e5a27d7125f1818e1f6e1bf1d6b3568f1fdb9ff43ab98a8318a4
G22,126,13353,-13353,-13353,1,0,0.246595,d34838f2f51e692b4d40b42930943ccc74ea364bfecd99474cc259201bbe12c6
G22,127,13353,-13353,-13353,1,0,0.249337,37f9093a2df9da10d3630d1746173c4e8da2cb1632fea9d4cf317574e353b665
G22,128,13354,-13354,-13354,1,0,0.234935,2afd2a36b85e5c92553d3f7f02e5988fea503cc917a47c506e91bd49ce7d59a9
G22,129,13353,-13353,-13353,1,0,0.260394,de62de5d0e75cf8a0ffc46e0ae581d371b365c593e91bd9b8c3df50b9564a87e
G22,130,13353,-13353,-13353,1,0,0.272300,d98ec92d772efd8f603310cc3c6caccc86b7802867d5833c46dae3cbd531268a
G22,131,13356,-13356,-13356,1,0,0.264325,f40fe3a91361c02f11e5fdfa0b36b48a30e142e3c0c1b8f991e77b75a7ad1d38
G22,132,13358,-13358,-13358,1,0,0.253150,a0679818562f80926404a399e83ca7bb7d6fcbc75c6d067323dd82a5bde16e48
G22,133,13358,-13358,-13358,1,0,0.242665,a203ad1a8f68df58830ac41bb940d470aa171b8302e7a3eea37a80e4c5e8e3aa
G22,134,13356,-13356,-13356,1,0,0.263527,b77face644997a81bb4b7277ce082af9e9959db317a77703c21c1023eebe1d94
G22,135,13358,-13358,-13358,1,0,0.243766,15a3fcf451c733e71e9e2a3086efbb6bd96ef4acb42afc8c70d30f5477cca218
G22,136,13357,-13357,-13357,1,0,0.248536,127b01649cee255d4baf1e54ef0456227fc3af058482f036172170137bed7019
G22,137,13356,-13356,-13356,1,0,0.249860,bccaada95f2b7a424b114433990b5d24a17b1798aaba1b3ce1db30abff9d218d
G22,138,13357,-13357,-13357,1,0,0.264256,c47c080cd0bb44d1bef297b7ec3e70c40d71912bbb4d5c3b78fd4b3d3bae0186
G22,139,13320,-13320,-13320,1,0,0.262498,83de66782be50337ef480f8696b74c983066177efd10f318e7b45cf5beb07c64
G22,140,13355,-13355,-13355,1,0,0.250366,778c848107b0f68c461b1dee26741ff113d78e2fc772085bd72b2e286c7b4646
G22,141,13356,-13356,-13356,1,0,0.244261,14dd4cc8d4d3e41cd9c2d3bf5ff5628f4cc3500bf574de364e16a9ffd443883f
G22,142,13358,-13358,-13358,1,0,0.249674,de1ff304bac20ea9e01fd9e2e6b3854d42d20ca7fe862dcd05be231178166484
G22,143,13357,-13357,-13357,1,0,0.267835,511daf9b3329545412981395a4c71afdffedd763b606d1008ddbdf96ce152c0f
G22,144,13357,-13357,-13357,1,0,0.268445,9384678b745398875a125ad1e36ac2d31901c24346a7494691d552cb39fa118e
G22,145,13357,-13357,-13357,1,0,0.259720,6001b1a8b97c34df5ef4c933f494a0165f0dd9ea6fbb5221054f850c0e2a45ee
G22,146,13357,-13357,-13357,1,0,0.254009,96ef04e00a189885f9af44e63d58e427d3d898deb509075caacdd6d09fa6ec6a
G22,147,13332,-13332,-13332,1,0,0.233174,e83bf324eaa07cc5f8e12bfaa07ca1af911bc7eedd33a5fc2ad063316f8453da
G22,148,13357,-13357,-13357,1,0,0.250038,485ca41898e62786a32852b8087d590a3d1cdee05e27938ec0adac57d6ed2bd7
G22,149,13341,-13341,-13341,1,0,0.247462,fde0e6e9d82f65dfbbdeabf5e6e18781c3dac7dfd97b49a8a74ed5ce9d948d81
G22,150,13357,-13357,-13357,1,0,0.308433,61e92f715d71b409b32317f32189996bb3bc22fbd966e2797e1af9741d61749b
G22,151,13320,-13320,-13320,1,0,0.298649,551cb9f472af0bad4d7c6db4213d567a43e55d5b8de9d04fc91e5d9c82008ab1
G22,152,13358,-13358,-13358,1,0,0.252882,869b5e63a1a503fa72de96b937f53de90f72790e3cdd275161dcb128366a6779
G22,153,13355,-13355,-13355,1,0,0.269635,d45e6f450de44b6f738e21704f88c2f84133e1fa711585d4c936cd3d898b5c56
G22,154,13358,-13358,-13358,1,0,0.270875,d18372a0dae82c64af157a61c80a62d794c711237b12e84e1a59c8207ae9e94f
G22,155,13357,-13357,-13357,1,0,0.257696,55e897c2135f5f1238a2686c68b549f71ec6d4572e8a824f8943c6a39de176ce
G22,156,13329,-13329,-13329,1,0,0.257621,d005669db2fcfa7a2dde35c7b778d9cb5bde5734997a364d4aa23eb96aef89db
G22,157,13358,-13358,-13358,1,0,0.232151,13702bbee4ce4908a33e20436909734a253d4cc71eaa781a91071f1641185ae0
G22,158,13358,-13358,-13358,1,0,0.242238,8427cec26e3a1a2b94463778d3b171f8fb86a03987592f4bc1b6f6ea1f7a7f52
G22,159,13353,-13353,-13353,1,0,0.264473,a268abce5f6119e382127095a41438d41c2a8b3f544c246164a23f969643ce41
G22,160,13357,-13357,-13357,1,0,0.246213,15f9af30a94b221968d341ba9c7491b6fd94a1e9df15b6379cf1f571c913ac56
G22,161,13331,-13331,-13331,1,0,0.298158,4dc5cbca6394f4e4086510dbb91e02fb18f784b45e732c589a5e32e48f425cd9
G22,162,13352,-13352,-13352,1,0,0.252122,bcf1d79bd61d92df9b4afd031015089d37c3c942a796a54b4fdaad203626999f
G22,163,13316,-13316,-13316,1,0,0.231829,2d058f607a92f81fe8323cf871ef2e0fea21515676ebaecb9ea6aba5b667e54d
G22,164,13355,-13355,-13355,1,0,0.278736,02d81af01f9a2925c2242a1a8861ebbfba9c82085fc17c6fa89da70f46d83573
G22,165,13354,-13354,-13354,1,0,0.257651,2b62b1039a2cbfe468c6ca99be77384ff69cd7b59c4615e676ac86e9019098a7
G22,166,13357,-13357,-13357,1,0,0.254466,679cf10ab356180d8351dd6fd024711c1eb36c0cf6589ffcea6271084c52ffb4
G22,167,13358,-13358,-13358,1,0,0.271354,a071387a6245a7ed867ca2a3605cb160b28a6143c4ffb38bb120422a00d0abfe
G22,168,13354,-13354,-13354,1,0,0.260631,e1e904cbc7cf14a3a491655a0fb8722a42839ab6312cadf7697ceff42c2e0adf
G22,169,13357,-13357,-13357,1,0,0.261521,80aec8d0ec9e212d6f37b9243f9df8688ddbafc6f1991be1ad6b42ef8c244c3a
G22,170,13323,-13323,-13323,1,0,0.267004,dc12dafa4f725626ee9b57f6fbafbc8ac2f6c2ed4fb54eab48e663725c43a8f8
G22,171,13358,-13358,-13358,1,0,0.271833,4483b6b8e41fa058d8c3a95db4676f98d5df9c044790d63ef44d05ccd2df40ad
G22,172,13358,-13358,-13358,1,0,0.260927,8a53a6718c0dc0553387db54eea58ba129d3fd57705125c504b77235f5014f29
G22,173,13357,-13357,-13357,1,0,0.253790,1d6371584c4ce65d03e059adc510123f30c49556de719d9133e0c60eab6d380c
G22,174,13357,-13357,-13357,1,0,0.258583,fd7103e91e949d8a2a2d22d10d5f84b47e177a57967851bb366eeb3d47285e42
G22,175,13322,-13322,-13322,1,0,0.254376,3a5a3f1b63f865d383bae77676b59a0bba5185fcf85ee723906653916b6afabd
G22,176,13356,-13356,-13356,1,0,0.283804,2230b83aa44426ac6e35914940bd619284653d610097df7ca0c21b8afb562b24
G22,177,13356,-13356,-13356,1,0,0.274806,25791a4410416437ed12929d8952b8be6a90e9a88a745fe49a0a74f371d68967
G22,178,13355,-13355,-13355,1,0,0.273807,b19c5893682f5893743dad1613cd4acb9c797bdcceb83a091bb0441cabed5d35
G22,179,13354,-13354,-13354,1,0,0.251528,fffecadd906e12f8c0544f8f456ed3b4eda68c6516741a9d79d0e384e4c238cc
G22,180,13357,-13357,-13357,1,0,0.260741,c1f097260c2841278e25b7a5c35642f3e32f1980f6a68acdaf79d15495a801ed
G22,181,13355,-13355,-13355,1,0,0.246157,35bac991803fcd665dccac052042696f222022955e1c5807abd263dd8fde83dd
G22,182,13357,-13357,-13357,1,0,0.235327,45908206482e11b972ccf6fb6871eb5a79a67c64e6b72e608c4b93ec8a8a3c4a
G22,183,13358,-13358,-13358,1,0,0.287287,421a91c2e75c799edba5badb804e6ed43a9c93570a43e9e05293ddc4e3ff3004
G22,184,13358,-13358,-13358,1,0,0.257808,7775b9dd9d8e1e27f3029f9edf0f00871595b2a38cdd07e0ab469ef68dd5858b
G22,185,13358,-13358,-13358,1,0,0.266018,1220a2d2c6cd70b0e1f830f901d78b57ea07fafcaca3ea861e5c065fd0b321b0
G22,186,13358,-13358,-13358,1,0,0.247836,4867461439cbcbebb95aababb2bb6c9d0c136761fd77fd193bd1fb53331b0df6
G22,187,13358,-13358,-13358,1,0,0.279405,36ea74ddf7193e6ab65c20ac8094a49788f3de88a10fc086a06c09979e0bb7f3
G22,188,13355,-13355,-13355,1,0,0.272831,5648bd85ef3ab6c7aec9bdbcee578cbbeb2619b30fb7e8fac64d39ce62344025
G22,189,13357,-13357,-13357,1,0,0.280375,a9c13e55d8c05ce45fad31b6cf1cf5bc2a610106d3b7e7092f48926e7b3c1049
G22,190,13305,-13305,-13305,1,0,0.250838,eaf0f838be56d2a77616cc197ea32d3dd75393d97c24e8928f5be5b1c0b8d376
G22,191,13356,-13356,-13356,1,0,0.253305,453495a8e9decc5430d18ae1a3ee5fef0ec8a36020e7d4b1c5f70d5d66470ba7
G22,192,13314,-13314,-13314,1,0,0.237299,ba666c31b5ff99662533652256f7899f09f79fc321426a3e0d021780cab1d24a
G22,193,13355,-13355,-13355,1,0,0.270597,306f99e23eb2928e707b4671f96a8421335ed105d646a4d55f6deecd8fe29c5b
G22,194,13331,-13331,-13331,1,0,0.239026,786951b417866a6da4f5a1b8f0dd47e1374b386425380ad562ee15458a9c35ca
G22,195,13356,-13356,-13356,1,0,0.253407,31b64164e12862fe9c414ae5db2c6c2b49c552047229bc72744923aad1f84d35
G22,196,13354,-13354,-13354,1,0,0.249105,551ca0a907fd90973ff463b51a532a1b7d69efbd4f52a4ac060d2450f79080c8
G22,197,13356,-13356,-13356,1,0,0.247583,c9af267a7bd037dbc58a55994a83e350311e2e86678159cd7477cd6caca12778
G22,198,13354,-13354,-13354,1,0,0.281828,0c971ba06297cfd6d68c5c6b10ab428848056a07652c3de00def4f9657ed1823
G22,199,13357,-13357,-13357,1,0,0.267021,fa7562d0cffb36094b0933cb1b1821461b10a60bee9b9bd72b0bc66d7511ca70
G22,200,13351,-13351,-13351,1,0,0.259371,d2aee67756a6a1e4498ebabc8485ada29e5e9f8581d418aa91e7ebf9f7da24c1
G22,201,13358,-13358,-13358,1,0,0.250847,181d8cb9d0e4e1f343c10bc0dab3c3c18192aca0cbcaf11a8935a9d23cd31510
G22,202,13358,-13358,-13358,1,0,0.263872,35b7cad2b42da63a0bc4e19a2c274b1f8f3d2a4d830f9d48f51038f60bb34e47
G22,203,13357,-13357,-13357,1,0,0.271053,c0bd66c71fc997d6715bdc017bf0f248fde5c6faf2caee4fb452cfdc04f5f4cf
G22,204,13311,-13311,-13311,1,0,0.289309,a2a1f4264916143ef9938e7dc9dea5d38571188348141e319665e32c819ace62
G22,205,13357,-13357,-13357,1,0,0.258717,79b331003fceedb74afd07e3d8cdcaf46df56df013d9882ccee136ca726f890c
G22,206,13353,-13353,-13353,1,0,0.272085,351be8bfb7229e7ab2f4b9c7cac17f3b50524001d79ba79437d93c80621a7b58
G22,207,13357,-13357,-13357,1,0,0.271557,aef7b818b59f0f79e545cadf701a2b0d90d39d2b32d917bca14c68d9d0c92d22
G22,208,13356,-13356,-13356,1,0,0.241107,fe5e3fb2496a3eff1cf901e1421269f2b3fb7f490b3b2ae04f2b2b17b7b6e8df
G22,209,13358,-13358,-13358,1,0,0.263700,19999f129939913e5225b10c6d8be8a67a44e7fee7b1b86b6e1e8cae97cc2158
G22,210,13357,-13357,-13357,1,0,0.264844,b95c03f0980cb275b875e7d27e52ec9b201440211a9d9b87f19010c25c49867d
G22,211,13338,-13338,-13338,1,0,0.279210,553f65f07591e48e6c4566ebb88bdf5d469fa9ad5c198a505715dc3896065416
G22,212,13329,-13329,-13329,1,0,0.271013,7593b538c21379f8dc5bbf8ea35eb332f64475bb9d35e17716313e83413edec3
G22,213,13334,-13334,-13334,1,0,0.256620,3b5f3725cc290db804c89f97e9c73502974221806f4ce6d53997dbff6f1e4ec2
G22,214,13357,-13357,-13357,1,0,0.271209,32796d8e024cd5a955c69d15451a1afb02641a272191df963c0943c6fefae136
G22,215,13339,-13339,-13339,1,0,0.263347,d8fd8c7d24f0871e0c2ef925c638327161ce57458d4902a5787b778f600240f4
G22,216,13337,-13337,-13337,1,0,0.250949,7aaa60558589b31c8ff396bb4aaeb24c5aad78cea0e0fd0d56a152f6dc5b428b
G22,217,13357,-13357,-13357,1,0,0.246054,79e612c36ff56d4d561486d3729b783f2ed9c412fbdb5919ee7b7a35f54c7df1
G22,218,13354,-13354,-13354,1,0,0.238337,1b08d02560f528f1ee884b89bd6030ff0be7044d2a5cad4a9f7ea721ce78f161
G22,219,13358,-13358,-13358,1,0,0.268762,331a692e9d2ae6a2d29dc9f49db4edc42c903020137d36a4cbaa6b832b7d1fef
G22,220,13358,-13358,-13358,1,0,0.264218,7b924fcd0f0f0956eac07d151dd2fd25be3b20fe0b6173387d547c2f944eebe4
G22,221,13356,-13356,-13356,1,0,0.259952,107da0802fd4249c7f8456ea55ae895372217037b33bcc619f28e4c04c5f9364
G22,222,13358,-13358,-13358,1,0,0.251294,66486959106ab7524f6de0b94f972c6a55dd35b99eaaeaa28f9d212af4ebf5f5
G22,223,13354,-13354,-13354,1,0,0.246354,17db65cebe0ed5e99831f077ee8a99e2cb526d389bfe7e1dfb3186018f8e55f6
G22,224,13353,-13353,-13353,1,0,0.291522,901942aff30a922d2040bb574fbe512ced121130df465f8e6da6e14af3193522
G22,225,13357,-13357,-13357,1,0,0.261875,35ee6f39ebee93076cfb98bfc5c008666374d1294a672beb9677f18833bafd62
G22,226,13356,-13356,-13356,1,0,0.262413,b9fb83a820a85eb95aa77d966b11b1ac6fa531c30b6714a966f439871dd2c38d
G22,227,13358,-13358,-13358,1,0,0.232187,968c18ced311aac65df781cd99d53bb121bf936580ceb207fde446a78091554d
G22,228,13358,-13358,-13358,1,0,0.272907,57c7d1e065cd980a509bf5d8dc191e1aa21010599d8382e249fab52cfe2f8ccf
G22,229,13356,-13356,-13356,1,0,0.280913,eda43cfe64992d76004ed4715e9ad065114c3db577debf9206a52f265188377e
G22,230,13357,-13357,-13357,1,0,0.239102,9b92bd2245e6ec205c9641c19ca46b33432bc3320cfc659cb2c2dd7aa5995fab
G22,231,13324,-13324,-13324,1,0,0.244763,bd5c7147674eb071e81fdf3c6816d8d31a7f19063ccaee863b9d981a1f30d658
G22,232,13352,-13352,-13352,1,0,0.269207,1dff718147616c901aad469be3cee523c0752080cb7bff037ae3249681862c28
G22,233,13358,-13358,-13358,1,0,0.251542,f86dfaa62ae2468be65ae614143f427c3db82f7a3d7c0d2af90bca7f4efc8bba
G22,234,13358,-13358,-13358,1,0,0.236062,c20890c13a2ce7f8b86f71bac919c48aacf6b645f96ee188dc9fc63857b08d3b
G22,235,13357,-13357,-13357,1,0,0.256482,17480308bce71311e8d0c4f1ee0c8f8673ac9eaacf19980d64f3ae5908bfcc53
G22,236,13357,-13357,-13357,1,0,0.258530,79e6274a5c27c479540f4eecffb9b90c4fab500b4da09c172c9021a4c9cc52d9
G22,237,13358,-13358,-13358,1,0,0.268765,d74366788d47a3e4d37f16b3e8da023adaf5438a5bc5e9a85f348dd1a779841f
G22,238,13320,-13320,-13320,1,0,0.276538,6a0b82747f5fe6e3124593fa21990a3873acbaa1bb6b6dbc326464dd79d3fcfb
G22,239,13354,-13354,-13354,1,0,0.232060,bee2a77185550a89a00d400051daa816e4f2e4de4845832a99770c17ccd034dd
G22,240,13358,-13358,-13358,1,0,0.239426,503b408f65b6833308e34955eed2468daa40143172b2102210aaa9bd517cb8c5
G22,241,13355,-13355,-13355,1,0,0.288937,ff6e1ab0d2049d25d6eb670a5c83f9f366e288e9a24e8279ba286521643cbb9f
G22,242,13358,-13358,-13358,1,0,0.236228,805b8ba8a9ad446af7efe6a42b9526c7cdea16a354125df617f087937a7cdbad
G22,243,13358,-13358,-13358,1,0,0.269883,fb915a1d3a291252f739a8c65d670ba07d8163f53d63219c4622e3d874eab316
G22,244,13356,-13356,-13356,1,0,0.267269,2dc86a5ff37fdaf365d1eb060fd5e683025b2f349ea6b79aa690c1dd84518bd3
G22,245,13354,-13354,-13354,1,0,0.266439,780c64463c9dd9dfebe3a3b70ded08bfc4b92ed481ccd0924828fa6c938dbcc2
G22,246,13356,-13356,-13356,1,0,0.272247,dd5dd08c93df07ec09d7e10a5b19ef390dc2b749af1c8731f3fd01d2416df9d1
G22,247,13357,-13357,-13357,1,0,0.268832,79b9282440c5d45707d9a45fc9b967b051d4038f59d434386ccb33142a9c398c
G22,248,13358,-13358,-13358,1,0,0.263597,739b414f378d1801ecf35f58c1bb9bc86f581e2c97452b945ed9f2d4141a885a
G22,249,13335,-13335,-13335,1,0,0.248935,a9067670311fd851568ef79b3da020f0cd4848f0f3d5dafa25d4f92d82415c00
G22,250,13354,-13354,-13354,1,0,0.274229,5d7ec84978b70f165bf98f4f15331a3f497c2faca787f8ae76158e063e6bc3a2
G22,251,13352,-13352,-13352,1,0,0.254994,ca954d1261b15308333f6181574413be8474fa715b64ebbbc59289c8073ef908
G22,252,13316,-13316,-13316,1,0,0.275520,7907bd2d440fd1cdafe191cfe4b00c9765ff204436eb9eb2d874267c9f92d84e
G22,253,13357,-13357,-13357,1,0,0.259891,7581c1cc99afd07b97ecf44ddbe5fa56f9d01a3fc1dd334f6005c905657fcfd0
G22,254,13355,-13355,-13355,1,0,0.234614,b0d70c8266978399fec20629fc471521f7e47ea67d1c93828787ae6fd50192c2
G22,255,13357,-13357,-13357,1,0,0.287151,4eaa55e745ea357a9c599c6ce4a8e58ff8df74e10339cd4d103ba9384b26cd0b
G22,256,13330,-13330,-13330,1,0,0.239506,e8eac92357836692a3fbed8e463d160994dfd1718895dc4fb4bb0c1169dc5f52
G22,257,13354,-13354,-13354,1,0,0.282870,5e2fff5ec6285a460132300fdfdce25a64d04a14a4ae2c4eac4f62ed2df8c0d7
G22,258,13357,-13357,-13357,1,0,0.255071,695abbb3e5e4cfca339fa7f963e38243f3baf92a4c07fcbcc3825724f4467549
G22,259,13358,-13358,-13358,1,0,0.252669,872aaa2e44dc9f2bb641987dc6fa0ca1acdde253622b16c82b03fd90c856fcef
G22,260,13351,-13351,-13351,1,0,0.255331,87f35937136a083805cedef80d4f47777f094b29c9b57b212ac389839afaae46
G22,261,13358,-13358,-13358,1,0,0.248815,e9a53fd1f9909689e58e7ff8b21d20d4ab2ab6c57f0699a72510b1324d195ecd
G22,262,13357,-13357,-13357,1,0,0.269296,d8106bf747c9e2479e7fc5c356adacd476c3b629e75b80819819f22faed4ac7c
G22,263,13353,-13353,-13353,1,0,0.272291,34ec5a5fceba835e6d3fc600752e5e72105411441607c3727674507a952783c8
G22,264,13356,-13356,-13356,1,0,0.243916,9f613830f5e69c13dbf73548ebc9e48bee9e700a466cde943848978d92d515a0
G22,265,13324,-13324,-13324,1,0,0.253899,9870ab36807f1821984ef41183335fc10486a86232bdb739034f468543dbfe89
G22,266,13358,-13358,-13358,1,0,0.253803,6da5fec66f14f3c86aec3272f71d39ade0e3ccd575f5f23356e8b22295bbef1c
G22,267,13356,-13356,-13356,1,0,0.254420,bb8288a980f6c19baf3dd406835f7b6db2e8443e35503c03c2c8d32b5141b073
G22,268,13357,-13357,-13357,1,0,0.248594,b07204708e8733c13b24a87a7628634bfe260d57cc008a017f2b615c620257b4
G22,269,13357,-13357,-13357,1,0,0.246526,b095a68400999ee671b41a308b8df9aac6211599c5c5016e32bdbfbb4921ccbe
G22,270,13358,-13358,-13358,1,0,0.249095,be6f9e3be5670f108cefeeba39b684c0a92b9c213fbc307a5497dff30295ea13
G22,271,13357,-13357,-13357,1,0,0.296768,b69dc6eda74874962baf0f3c99b6b44947042ef11436238ffaf723b468b46fb1
G22,272,13334,-13334,-13334,1,0,0.287296,562c98d62970568430a5a81c1e4ee333f5f37d7f0511a30182280bebd91fdcb4
G22,273,13357,-13357,-13357,1,0,0.250110,b64b82099623b6eb76905adbe82446f069f01c2570e60b64357fce3db1ea9835
G22,274,13318,-13318,-13318,1,0,0.263140,2fc744eef74a1566f51340aa3d2689a4593f8b966b90d3a3dcf2ce9866030189
G22,275,13348,-13348,-13348,1,0,0.247704,80ac9a947a30343885b0883ff3a7b87b6ce5a1ddb6976e79fdc22bb265628099
G22,276,13357,-13357,-13357,1,0,0.299643,34f7c7e641412e31517c1ee91476d124ca4fb89c238c26427eb096fb864b8bdd
G22,277,13356,-13356,-13356,1,0,0.244631,aab30ceaa49749bcb78870e40abad444ef44b4330d2264e91b6fed1001dffb88
G22,278,13358,-13358,-13358,1,0,0.298721,d0e24926dc2017003ee1e763372166b509ec6469959696123da47414fabf65e6
G22,279,13358,-13358,-13358,1,0,0.277419,8dc0578225958db069cc333f96d001606464cb80b2696dfb9ea4aba1472df65a
G22,280,13357,-13357,-13357,1,0,0.275074,cccd920e9b07dbeb7c59e5c249a78f92d05e779e6dcc1ab7edbbde6500560ad1
G22,281,13354,-13354,-13354,1,0,0.264314,a871dcfd561122b07037eb4938f71baff0613c0339ebccf61e3ddfe968a6c63b
G22,282,13357,-13357,-13357,1,0,0.257024,bc6a0a19bbff3bea97fb24e5e2bb5eb49fbb15b1d52db04c67a646701a6f2731
G22,283,13354,-13354,-13354,1,0,0.235039,9c08c9ede32511b08ec503d384c64b99125be99569a579348365aad8fb608a7c
G22,284,13358,-13358,-13358,1,0,0.249867,cc4f5147b1ad829b7d43c1c9995441773b01d8d8574f171007c35d236bd4bd4c
G22,285,13355,-13355,-13355,1,0,0.234250,0fd256a24a641b52ffd1a4c5a637d0e0d4702d1cc9c9f13503f02967173bcd78
G22,286,13358,-13358,-13358,1,0,0.224782,d8cdfdc5600595066aea7dacf45b48260d81851bbac0c0ec3c9fbc4bebac60c4
G22,287,13354,-13354,-13354,1,0,0.247743,74540ca77cbd4617577e1883533fdf4ecc2a76e7f31b0fcbe11372f2a166e9ae
G22,288,13357,-13357,-13357,1,0,0.274936,5ee93d551d51b923e866e6274c95706c81df1d93bed000fb0b7b720b27c7a15e
G22,289,13356,-13356,-13356,1,0,0.243241,0505084547153242f881a1b5c83555510972350f67e49fa8d12edd6b3765fd8f
G22,290,13358,-13358,-13358,1,0,0.297232,530a8c39ef170cd9bbe37d9f2ff78bc807176fabfeb3dc31e7dfabdf78863237
G22,291,13358,-13358,-13358,1,0,0.294517,ea12a7b18b2581e247f0acd2a8f9585a290f514a822c05909d2c5979227d447b
G22,292,13358,-13358,-13358,1,0,0.268449,0503c2153b32b41423eb1eb45d65678e2733793672af86185956ed50602c5233
G22,293,13357,-13357,-13357,1,0,0.232208,f597e15bcf11ec474b4d6182295dc54b5798e1b0e27e199ec283b2983018acbc
G22,294,13322,-13322,-13322,1,0,0.248504,e423777a3f0b72b89da86520dbcdde06bee76238840836724d3d8b1c470e9dbb
G22,295,13358,-13358,-13358,1,0,0.239290,b7a7ddfabd25d8740211dafe81f420c087e24d7a3fde5342f6d5d461b57054de
G22,296,13357,-13357,-13357,1,0,0.256433,56908cb2c172c14326e4a1ff728975d3b12163033f70d2ac283f9885b98f40d7
G22,297,13358,-13358,-13358,1,0,0.272381,aa2ae231b6c550b87742d38f1a9d7482b1d6fa6ee2f2ebf4235f4b506581491a
G22,298,13319,-13319,-13319,1,0,0.271731,994e0972b4bd5970d108639ffc3d957dfc8d7af4e9a23c71bf40f195726c9746
G22,299,13358,-13358,-13358,1,0,0.257226,4ccd4f5649913f34ac6dd06362a7f8a359764f36612e2d7a8d935b00d0adfdff
G22,300,13354,-13354,-13354,1,0,0.235952,ef76de5788e6d3a34e21274cd16a302e20ba6e23194c1ecac2b68a3db2217a05
G22,301,13357,-13357,-13357,1,0,0.255683,643fd2df11bd292e997cff7da26123c827405e42ac735b91de5ae1feffacf4f9
G22,302,13356,-13356,-13356,1,0,0.241503,08f457cb22ac4eba050048c3bdaefc921897f1b316e6ab86ec3192110c885263
G22,303,13357,-13357,-13357,1,0,0.258404,82f4a22f1921a88729da697d9845c43000116301fb4b7c58ea5c03d963a0d5a8
G22,304,13358,-13358,-13358,1,0,0.261499,044942a678ed06df08148bf34b12d1b39bec6d1a7e33e1e1968faa6ef74964bd
G22,305,13357,-13357,-13357,1,0,0.259511,94572cb9f4b29da8239ca60c57015a0a9af15de54fc8fd528289da856c4f51bc
G22,306,13356,-13356,-13356,1,0,0.259674,526baa6b382b7b087b772c12c58234ffa992fc53222b0de353fe3a1eeed0150b
G22,307,13353,-13353,-13353,1,0,0.247514,57ab0cdb693a9e2e7ae5dac5895316a357896eb81da111ee1be9330054565db3
G22,308,13357,-13357,-13357,1,0,0.237949,7fd0b8371bac8e0947e8911bf06699f23a1cc97c04dfc4cf899f4df988cb6431
G22,309,13357,-13357,-13357,1,0,0.240114,bf1bce686cd278992229dcb77d160baa3b2a39865b8f095ad29f0a88f65c76d8
G22,310,13324,-13324,-13324,1,0,0.268470,8016f1d6260688278c32f30b66af3ccf931a67d1f07c4a3f8e8f8a8897128ba9
G22,311,13355,-13355,-13355,1,0,0.261297,48adcb62753517ab4cf15b540a6ee54b200aa00eb11f178ab31a0623ba40e35a
G22,312,13354,-13354,-13354,1,0,0.248968,c5018b56c1a3bb43dd2a3c0b4d256180815fb970fd8f45670d8505d4bbfaffcd
G22,313,13354,-13354,-13354,1,0,0.232664,77b0c75b268ba1eadb8a5f353c4d6873c8ff782ff33cef5101ffac0d7f7a7719
G22,314,13355,-13355,-13355,1,0,0.262606,28faec3efa12f337788ceaf482574fde4028da1db63625d31c085bcd56889417
G22,315,13355,-13355,-13355,1,0,0.263019,96e0aa7b639d2da828852e5e9239b75752d6edb3c22eb81426f596e0dcb9081a
G22,316,13358,-13358,-13358,1,0,0.262274,125913df2d554b62fdbcac6f1ce307d9317dd56d2f53e16dba327e025866c0f7
G22,317,13321,-13321,-13321,1,0,0.259781,0e2c844dc747935a33ae8cb85fdb753013e91e898ce95c4f6982493e8d8f27ce
G22,318,13353,-13353,-13353,1,0,0.235681,05e4a7507ecd23251cd7225a795eb776004c73ad762840e054dfe66a448aa18d
G22,319,13358,-13358,-13358,1,0,0.284023,6cb15b55f55c7bb7783431031d0aeb366f0cf3ffce04eea41d1774a312026ea0
G22,320,13359,-13359,-13359,1,1,0.248074,9c24263089cabd4e6240b712d0e7af931044b0e8812324c52a6175914d7568a7
G22,321,13357,-13357,-13357,1,0,0.251845,aae3b05f25ba56dd6276addd7212bec3f1f4f17eeb5e6c84fecd17b9023604b0
G22,322,13358,-13358,-13358,1,0,0.262596,5bbc685698013db59a03990ca16f60ec80a9084ade357147ae3d423d5221fe2c
G22,323,13357,-13357,-13357,1,0,0.262911,a7bc62c71c754cedbacee6f1b1f451b08715c8a84a94bab3f67520a8bfaeef31
G22,324,13326,-13326,-13326,1,0,0.244645,2a4171fa49f04c09507103f119f3f30d2317d80edac198a16129140410487621
G22,325,13316,-13316,-13316,1,0,0.259921,aee2bf472ee2a5bda7773c5f0f1e15808e03aa56ca11cd26b41c21699ebcd7ea
G22,326,13328,-13328,-13328,1,0,0.249923,45df9801b6896658650abd52eec1601459f1c31e8728e031781a33c7bf36dd70
G22,327,13339,-13339,-13339,1,0,0.242572,2af9c0980fa1752f41f31ada0c6a38b4e8b4c17a1457026d5ba32e4e4eb207b7
G22,328,13357,-13357,-13357,1,0,0.269538,784a82994bb3ba7a3a572b036f99c6653de8306ea9cd11a23a4d827b9ad75242
G22,329,13354,-13354,-13354,1,0,0.271602,e1f898257c380d54233eff0e3e0e7fc30ae2752271da2555ca7db08ebac9c2bb
G22,330,13320,-13320,-13320,1,0,0.246060,7b4e4606105f0f0a00cc341b7f5121a4a2afae14982abcf2eeeba321b4c33dac
G22,331,13358,-13358,-13358,1,0,0.275653,a1c409d14370930f4078e38b7b5770df658629ca1498bab060035cd8b3921fca
G22,332,13358,-13358,-13358,1,0,0.248546,f720f9c2285636c53ab330d387accf3ff90b982f50e684284a99a8379f836efe
G22,333,13358,-13358,-13358,1,0,0.236560,71538d08bc8ff3f0de3f858775e3a7feed80fbb0911fbd9a2a7f5a37e37cac59
G22,334,13357,-13357,-13357,1,0,0.253764,b34e53e304bd41129fb073979ffe9f08b1279fad915adb63227b98eb8d7cd364
G22,335,13357,-13357,-13357,1,0,0.264252,04f10a4ca8becdcab86f73ddbd94c5417367d4b8ac45cb82c660fc01c8c31a00
G22,336,13354,-13354,-13354,1,0,0.273350,6cdffecd3b9925b9d058e252246cdbc88c4d98906ffa2b183a87fe6ac53525e6
G22,337,13320,-13320,-13320,1,0,0.258302,de1465efe1cd26c69c928660f4439f422cc0139af70bbf29a9765ab917851d45
G22,338,13358,-13358,-13358,1,0,0.270478,038a76996a118b35609ed16dfe61c8351396de1fb96c53159541181dec976142
G22,339,13355,-13355,-13355,1,0,0.248421,c4bed56880027d60debb008f5a7ed0a54e1e9d026bc7676033090cc673950af6
G22,340,13354,-13354,-13354,1,0,0.288484,06b99059a66cd8e6fd67c2f8f178f602166756c6602ad9f5fafd679cd1eabf20
G22,341,13358,-13358,-13358,1,0,0.276087,bbb5a6f893029ca5dac2cf87f6e82b1b8e368cd528d32d5cc9a9d9b815c47a61
G22,342,13354,-13354,-13354,1,0,0.250705,b1f53b870db82d1a317d170a3bfe9f0c8d6de1b1f6227780ece033067d02d755
G22,343,13357,-13357,-13357,1,0,0.253799,b3ac16e21ad6205672a33bb61f13e3dd7aa08a53c2ede190791e80e224c96d7f
G22,344,13358,-13358,-13358,1,0,0.249987,9fe048e7bc7dfa039e59ab3d9731408cc01338ff48f8ee0839ecace9080ba8f2
G22,345,13357,-13357,-13357,1,0,0.263288,3686820b2349384fd9de48c1a6b483a2de374eb73506f2d1d1f6162a98d944a2
G22,346,13356,-13356,-13356,1,0,0.259687,62dc82c09cca7687bfb9822ceca818610273a4e422751efcbbc8f3e5be7a42ef
G22,347,13353,-13353,-13353,1,0,0.273899,0c48a00c206ae94fccf15d550572d38182f3b5c2722a7221021c105783932636
G22,348,13322,-13322,-13322,1,0,0.259946,05b92077baa3d2278bbe6e2a73cffa19dbe9cea1dee19b1e92342b7f9e164647
G22,349,13328,-13328,-13328,1,0,0.233679,6b68d1b4a476dd32e4cacdaf8ded3ad331c60ad6c5c2c6c30cea6fefd66b2e7f
G22,350,13357,-13357,-13357,1,0,0.261062,e5ec5d512c3663eaa2667eacb86e43e53bc8ad63d9b915d40f654d467860de7b
G22,351,13354,-13354,-13354,1,0,0.253795,13f33777fe910346d6ee579df37e03a197c7e97d641fcddd6cd552af0cd38d51
G22,352,13354,-13354,-13354,1,0,0.252766,dea47bb669e1335ba957d96e830678c8b9e98827d8dd72f0f30e2e6a1ebb542f
G22,353,13357,-13357,-13357,1,0,0.247882,00443931a8a21da1001674aed9177e986925016f1c871330c880946eb15abd93
G22,354,13354,-13354,-13354,1,0,0.265047,3e7ac601ea1ca57f7661551319691a2aee88636736d7f9d0bd0ed1bdbe39622b
G22,355,13352,-13352,-13352,1,0,0.256688,17bd4a187ef743adf978ed5a7efc4ebf2136de63b2921d3fce8eb67a7a51f191
G22,356,13355,-13355,-13355,1,0,0.252177,7a07eb2009729605c5400f2383c4910bef2c5c6cf33f321d13e937c2143557a7
G22,357,13357,-13357,-13357,1,0,0.267516,758aac28da8cd0680f8abca50077448229f39c46f10caf825d7eadcd70f1a7aa
G22,358,13357,-13357,-13357,1,0,0.260432,09e1d156b32daa505edb0dcd7ad98e2005ef8a89f333d2381659d2e9ad86a537
G22,359,13344,-13344,-13344,1,0,0.253788,2d88a151286154901545e1dab399202c4e1bb8ebc8ba64462fe0f2b1c967ddcf
G22,360,13357,-13357,-13357,1,0,0.256196,21d3bc87a3760e0392f94df1c92662d36c316699da66f12872ac9768eaf4dc05
G22,361,13353,-13353,-13353,1,0,0.255208,87d4b34632b1584f57908a091be13721ba5952ded7da7649f177afe2ec274f43
G22,362,13357,-13357,-13357,1,0,0.259763,a85475d932b7426771c8dc5208063b4c790eaf633aefba19c36fc0b0683b377a
G22,363,13355,-13355,-13355,1,0,0.283283,78c632153a00af36ec45455d5a5b576890d2b592b7e295f9f2cdf7a4476a932c
G22,364,13358,-13358,-13358,1,0,0.251634,ce7fe8ef23e4e4cd210652dc14859ffa304efe61c63f57565d551afda1dcd7a3
G22,365,13357,-13357,-13357,1,0,0.273474,d7f19d91283504b18fa437d8e7e83237451b7c0727cd12ac88fba3d888cc4382
G22,366,13357,-13357,-13357,1,0,0.251311,accac16a7b92e4ea8fbb0c9060f6521949d80372b81a6a7fd0bb7979ab33efd0
G22,367,13358,-13358,-13358,1,0,0.258375,4032536f57cef126440d196f491ddebdddd5109565ba098d69d966909cba01de
G22,368,13358,-13358,-13358,1,0,0.260427,a906ef55c7094402ab1780285fd9163697de7533866b87e034262b08d6a84e3f
G22,369,13320,-13320,-13320,1,0,0.297024,d06e78eed68e0340f6b911130b546bac19d801aaefa3af30f77c59a9e2f53711
G22,370,13357,-13357,-13357,1,0,0.249969,7521c83cd82297f7645fb0f4dc752afb250a16d84f8ff6d4d1ee7de776ec2e89
G22,371,13357,-13357,-13357,1,0,0.270120,963cdf2c952d7d72d248aecba2c6c9f0b68a71bc9ba42f791086957298e9017d
G22,372,13357,-13357,-13357,1,0,0.237368,3d319b670a84ce691ab2a7221a4b7bdfd28454623b0849b869ff17dfaf52047f
G22,373,13355,-13355,-13355,1,0,0.246717,b7e78338933f7e7bad9ac6d958f3c46937326b0380de98b03d58bfdaf5f88424
G22,374,13318,-13318,-13318,1,0,0.254707,9751364986e43df201a860939914b4688cdc5e7880d8138af81273c635b954cb
G22,375,13357,-13357,-13357,1,0,0.230595,4a2b8fbb8a4d6709faffdb2f2469eb671fd86b08531ee2606afeba99fa975a0b
G22,376,13357,-13357,-13357,1,0,0.241054,b759538e538eec0335d4de526f67f4aece7ae6821fecc7bc76e7373e6c6e575c
G22,377,13358,-13358,-13358,1,0,0.250702,7b04ac7daa522e5e44c53094d588cfd24e8c8f8e56b1b09fb4e1917a9029793c
G22,378,13356,-13356,-13356,1,0,0.284239,302a25e33fa101b9636740fc73887a0aeaeaeb086b0751e500ec8b9a773b9a8a
G22,379,13335,-13335,-13335,1,0,0.266005,04a8738f3f244d9db46cec73d55f943315b12ff8012a223951ea57291e9b9598
G22,380,13329,-13329,-13329,1,0,0.249002,fe8eec2f786d6d0baf4c8ae3bbb84bdd9363d0d281e9c3dbf55922d108840647
G22,381,13327,-13327,-13327,1,0,0.264612,1696bcdc7d43bf2d757bab45a514906bae8ac8f1b89873a45dc16c8095342b3e
G22,382,13349,-13349,-13349,1,0,0.234966,3f9ea256a8ee678d8ac7aee2048e8aa1cb91cbec3da5e91ac188b6b142136de1
G22,383,13358,-13358,-13358,1,0,0.283628,c4d946cad5911e9c51050ca9797e2da8d4fb319e49cd5cb40751f60cb3617407
G22,384,13354,-13354,-13354,1,0,0.272433,006a03e66c6b964086c9cb5e06476410dbd18c2c3eccac3744f3d898261f7634
G22,385,13355,-13355,-13355,1,0,0.234455,b13caa81037b25dbbb2f51e936f0c3ebcfb5d38bcb42fe43fee2ff9cc7aaa052
G22,386,13356,-13356,-13356,1,0,0.254992,3bd08304ccb66702fa8fe3d11978684d238b7982cc25e09c0b6d938aed033bf7
G22,387,13356,-13356,-13356,1,0,0.249813,0de2261c04a2bb533fb53092fad81bb60187af44b6d3dd164fa457354e11261b
G22,388,13354,-13354,-13354,1,0,0.249063,0bf2c5ff65d1209a361512281f3ea3c7460a09e2c5dcdcb12de3a5fad8a9c60b
G22,389,13329,-13329,-13329,1,0,0.278138,8fe92483134d304524fc754b68fb239bbdff733b2ffe869fbc0b3a9468982c0b
G22,390,13356,-13356,-13356,1,0,0.263837,467ff79c7793aebf80b51ab08a1544a55fc131b91844def4dff2fc1568ba3f55
G22,391,13357,-13357,-13357,1,0,0.254377,5fefaf8f091ae581a1e1b2510d71f70288f37da8875758ac268da9b5c5f04782
G22,392,13357,-13357,-13357,1,0,0.254344,02537b2ad0c4dd737cc82c7401c51e1d2ee87ee0fc2ba7e4763f2e5185bad44a
G22,393,13357,-13357,-13357,1,0,0.256974,9166393ce0aa808b883ef34e9f175b3d5b3fdad57ae61c6d75c94e6857555fe1
G22,394,13355,-13355,-13355,1,0,0.233964,cd94b8662ee1635d7b17cd6ddf629530426041513683ede39433e7986941cce8
G22,395,13356,-13356,-13356,1,0,0.269055,8c5646405fae0b4c12faacdfe6ece716da27be3fc7e198a481a7611895921bba
G22,396,13331,-13331,-13331,1,0,0.274973,8609e3b344d66668ca9da2fa0e9c273528cab93c74e2aa0142f68b625bd16c24
G22,397,13354,-13354,-13354,1,0,0.282597,44d0b8390fcba6923e0d65af7762b71f5c614430a73c3da87be69916c54440c4
G22,398,13354,-13354,-13354,1,0,0.271477,5a4dabca2a822ef40116d2d5c7c920e368135d22c0d4f821915a8f5e07b70f30
G22,399,13314,-13314,-13314,1,0,0.237335,0a1da7f127914fce5317fbffd6962b3dae486b9305560bd92f2e572762379ee3
G22,400,13356,-13356,-13356,1,0,0.268346,70b1f16065a5e39bf3cd5eaa99c6b2bdd84d8ec321e99a81553bb82ad073aec9
G22,401,13352,-13352,-13352,1,0,0.261229,35573a5ef25efc804e100b75a1d262a8223bba01a3612483be8abfa1eb536cbf
G22,402,13358,-13358,-13358,1,0,0.273948,ebba9a18a80a05a9da136a43f6b3ba2bf9db9e11769c8b78b24a7e2a93a7b3f4
G22,403,13356,-13356,-13356,1,0,0.241940,de02480a8f035f76df91bba85f8679d0cba7a7a0fffc9f48f973ed8cefeea170
G22,404,13358,-13358,-13358,1,0,0.232242,853063dfe86122e4a33e7356677866ac90c20078b66538158a877ac7943d43f5
G22,405,13357,-13357,-13357,1,0,0.263932,3cc5b30254e4c1d4d4b4ae118ed3ae90ad087b8960ab856d78a555d862734838
G22,406,13328,-13328,-13328,1,0,0.267483,d040ec54839405c9bb3dc7e9b03beebdcc305423bb032bdec2bc5f267e291d07
G22,407,13355,-13355,-13355,1,0,0.260910,4ea7a635fee81fe33bb37e5b7f1dce14fd30f757b3350df50bc4917ef436b3e8
G22,408,13355,-13355,-13355,1,0,0.245905,e4be5623b8029366954750b285e1827515fb88786f919c40c594f167dae3874e
G22,409,13351,-13351,-13351,1,0,0.274500,367dd805021231b2dfe3f3891d55afcceece2b7c9e0dce016e3fe1df00cc3f13
G22,410,13347,-13347,-13347,1,0,0.244599,bc16c313298f4109021687cb6a9422e80100d15b9fae4dcd6bd4acdb8db9d988
G22,411,13358,-13358,-13358,1,0,0.234318,598072f538070f582f5093392302a48f56a694f2ccb9b49c7a730caa97e2e4f4
G22,412,13355,-13355,-13355,1,0,0.270263,7cff25359941b5c842431fdd88d0880e8d77ad57aad2e24d7754400b52014dfd
G22,413,13316,-13316,-13316,1,0,0.231935,c072ad7ad830da1dac76416579f22cdefe82376ca152bfa5c7f73382371b2b8f
G22,414,13354,-13354,-13354,1,0,0.246885,272f3652701ed556642005c508cfaff662f27821d433a2eb656923a54ecad7cd
G22,415,13354,-13354,-13354,1,0,0.246284,8c24df431495c294950e5d1ed0c8300d30e14d14002f9ec6ba0f8e8dbf6d7dd2
G22,416,13321,-13321,-13321,1,0,0.247905,63f8e23e4d968b23a85b1011fba1ac4f3060678caaa05fd7e3143b19949b2450
G22,417,13356,-13356,-13356,1,0,0.244304,d4917e28d82edc3a08d1cdf6b6bd3dbf3fb31eed80c6e502122d96be54933521
G22,418,13352,-13352,-13352,1,0,0.286399,e76e2812c555273b31bc488f6d3d866ee0b5b4c8f54319dcf3981249f729cd2e
G22,419,13357,-13357,-13357,1,0,0.265926,d8c201841f49e23a1bd4464dcb21404639823f8b28337228152c54b16e80e96e
G22,420,13355,-13355,-13355,1,0,0.256395,bc62be470f1c8505e10eec28177c4cadee7aa7d61393f654c4b3543a0513ada3
G22,421,13357,-13357,-13357,1,0,0.244166,f2eedbdbeaff7c5800f21e27874ca0f89bd39a9087a257f4222acabd9ac474fc
G22,422,13352,-13352,-13352,1,0,0.265882,24c9b102342c69eb66a36223771b3976f25eeef3b9e7a0c4c07bc38bd6a57c4f
G22,423,13358,-13358,-13358,1,0,0.247510,3efd460e0fd4f5b0b11a064e57030651e99855656f6bd348cd8df4515c36e4a1
G22,424,13357,-13357,-13357,1,0,0.263721,a8a0a6f2de5caaeb6696f4f06e7b87ec42ebb9e8621876c7ac4a5a1c6bbf6e37
G22,425,13357,-13357,-13357,1,0,0.242145,5919342b44b591fe841619c5f315ec5696e30079114b9c36b8e50be7dbb21dad
G22,426,13357,-13357,-13357,1,0,0.270722,1a454abf1c9357ef014fa6d68885fcf9bc3aefc21137e2fee72dd294609a7779
G22,427,13327,-13327,-13327,1,0,0.266670,a933e8ab1e24aa17ef351f1ffdd45651077a63207f12c39621ca97eebdd02dea
G22,428,13321,-13321,-13321,1,0,0.246001,465765456bc0f4830645a350082431877bba58f9068c7085cf61c6afc5be7b79
G22,429,13315,-13315,-13315,1,0,0.253280,d61877524a6c78a65d6e22f5d85fdeb590d19a3f968c2b093ac0b7e951341d8e
G22,430,13334,-13334,-13334,1,0,0.247667,744572d25e6f802b69d593c85ef1effd40a2ed5c8d2fc0e8176cf26775a2adf4
G22,431,13356,-13356,-13356,1,0,0.246399,8d7498dc1697d782f986e835098bf95b72505a757e488938825c64a518973a63
G22,432,13350,-13350,-13350,1,0,0.297897,67108a0e6ac99e843dd718fb20b2d35a5743ac830bda531cf57d5087faecde1f
G22,433,13357,-13357,-13357,1,0,0.257684,2f4956b562a2e53db2b99463d3decb8452e450987ce3d6c5df463251e44ec71f
G22,434,13350,-13350,-13350,1,0,0.281702,4c8ed63f1107b2cf78394b28ab7c071147fb4d396df7b0e8cb5d1bdf761bed96
G22,435,13324,-13324,-13324,1,0,0.268623,fdc19c8ab66d707e8a195d3e811b80bba332cb16087092beea41d33c09c6e638
G22,436,13327,-13327,-13327,1,0,0.262088,e2e832d831b7eb2b53a15a2b2a96f20f63b5ac76bbc46b3a0933f43a9fb15c02
G22,437,13358,-13358,-13358,1,0,0.231408,81590f7ad086a10c76e6d67f68263e8396e96932b01a106c6365bc928bd5d1b3
G22,438,13356,-13356,-13356,1,0,0.246963,ed7c64b8726829e2a4c1e91f8ffa8ae62fdf4d526443e78dc5b529a5b2210dab
G22,439,13358,-13358,-13358,1,0,0.254800,cd4b06bfd4244ab93c5ba8314acbce68ba9710bab2bde94f17f82dbd92c02612
G22,440,13358,-13358,-13358,1,0,0.240329,ffe2dc9893433e86d078ae9bdb3d02efa25471e5634ae0205fa8b12e6bb06795
G22,441,13358,-13358,-13358,1,0,0.240395,482982cebe3ea4015c23f23f7df49a946af8faba17c3764eeef97296414194f5
G22,442,13354,-13354,-13354,1,0,0.268473,4a52a1b93c25028ce8d5c20c2103b1bebb083fb6e58a6d8cd65ee25c744f39d0
G22,443,13354,-13354,-13354,1,0,0.260951,3ebf5905012a9c87394695dc51d1e90a6c16363ab2f3001103647ea6a0dfbd68
G22,444,13358,-13358,-13358,1,0,0.261708,196823d6ebcd7b990fabfe702fb2cb951f385389267e910673efbcb2c94e0532
G22,445,13358,-13358,-13358,1,0,0.278929,cac94f9458b2a40f42c169ede7e123cdf33b59028f37fd854b737272aff47b8b
G22,446,13357,-13357,-13357,1,0,0.277782,d29b4e0ffd84cf17fb4055fc0fba0730d8bc4b2d284ec840a7dade0ef9ca1293
G22,447,13357,-13357,-13357,1,0,0.259966,18c3649fcec7b774818b2eba0a596ab557bc3d526949e3227d51cc73fc1cb1bb
G22,448,13357,-13357,-13357,1,0,0.238509,3ee30017a16c7a3c3b0093c69a7d11583ff6301b84f779c2b4b7d083e3ff2af7
G22,449,13357,-13357,-13357,1,0,0.231194,ab1c7dfb7162b20faf745ad82b3d81f336d707aa4fb973764c86757111b88088
G22,450,13354,-13354,-13354,1,0,0.244978,5ed65b14f62c9002e5c7290075ca67bc2a1129da8664c8400200e3548fee7af4
G22,451,13359,-13359,-13359,1,1,0.271645,89456f89151da1465aa5e7df7c480460ff448e116b8c99ad5a204e245eed2c00
G22,452,13334,-13334,-13334,1,0,0.253387,faa98b8963007fb39146a5a56469917a4434308acb52d1b7b81424cd4a55b719
G22,453,13354,-13354,-13354,1,0,0.268865,e018172f16cd6bc64a9bab4aba2411da03a7473389ddd9c7c409a4f260165b87
G22,454,13355,-13355,-13355,1,0,0.239092,4d3efac5bab255387bfef273b905ce5f5ad72ba8c9dba59f7ca18b2ab7f9811f
G22,455,13327,-13327,-13327,1,0,0.262567,8fd74eb3f967b30edacfe3601d216172e7dac161d610419fa2ba0f018c80f4bf
G22,456,13357,-13357,-13357,1,0,0.252244,4a1015c3b914a80d44224febb76ed4afd8e97431462622dd37ee04ee0ea71f2a
G22,457,13344,-13344,-13344,1,0,0.249354,08a6787b7ad07181189e4ac1546bff5195f8dea473d7870cea87386363902042
G22,458,13357,-13357,-13357,1,0,0.276706,60a308a03633c2a499fd33a0ec64d20915691f7be0eac196ad3fec3d9be8aaff
G22,459,13358,-13358,-13358,1,0,0.276045,e132ec61ccbf8418104328c8f0c1ee01a7c4aeb9417397aed26b2af3e60cd6e9
G22,460,13354,-13354,-13354,1,0,0.273574,c624a8cce7f5f405e4d7fff630b23f312c861ffa064b1bf1026f62e87efa2108
G22,461,13358,-13358,-13358,1,0,0.254062,abca418466cd5c12e1663099e0af4917a8b86ed61bf8c05c8f39619c09eaaf6e
G22,462,13317,-13317,-13317,1,0,0.291384,cbd0a47008b295202fe2b4f32ad6ae262593c6a3d0a836f86e795cd0962e954c
G22,463,13323,-13323,-13323,1,0,0.248774,92a3553fae101f277f7304cc2e5d44ac5eca816c07d5220d0820a198302a3cdf
G22,464,13344,-13344,-13344,1,0,0.253722,64c7e9be73902e4dd480bbbf9f360bdd883b96818d9f5fc91cd966289b14d25b
G22,465,13358,-13358,-13358,1,0,0.278037,d18c7412de2f3b690e7ce9e0f1ca830a325f34a90314a46fafa88eb7bed29795
G22,466,13349,-13349,-13349,1,0,0.261482,c6331c9746a3615c7003b74400d8530fdc874eaea19ee6cac0a64981d00baf14
G22,467,13358,-13358,-13358,1,0,0.274048,7c7cb58bbfe0366348e74f8d448ecc2ebb1841c39a3b3e462e98b1c330be4979
G22,468,13358,-13358,-13358,1,0,0.259143,e4e7837621fd91a4ad27dee1f2d8cb048861dcb2ce1bf271a91c5228112c47a0
G22,469,13316,-13316,-13316,1,0,0.262993,f932be58e117716cd0c963f1adf24979ef2d2fb4e9c9739013c94fd3536359ab
G22,470,13355,-13355,-13355,1,0,0.277868,3a14dc47278444c6d12a76c277819ab0f85e25d5ee3bfc056e3b1da9d735c55f
G22,471,13357,-13357,-13357,1,0,0.263985,ffa4a0c5a7c3d4d033db31d76329f3eef3eb1801d9f16b0b2dd145ba562902ac
G22,472,13353,-13353,-13353,1,0,0.266516,8909ad35c01121d48c27dc8af035041a8c3471a22839a5f905dbcfd13321c348
G22,473,13357,-13357,-13357,1,0,0.255252,0deeeb9f5fff05faca57f4eabdc2b1f02defa9d4a7962d25d0ecb2b45596c1da
G22,474,13358,-13358,-13358,1,0,0.243691,a172d5382e233b4caf614eb570a1523f42513cc71c30fc7494029963510b71dd
G22,475,13343,-13343,-13343,1,0,0.260694,bcbf3b21f29416176abb6801d2a81c2928b3e1e53871bfca883a8322d251a153
G22,476,13358,-13358,-13358,1,0,0.262066,c3566c842e3d3f1c84e0da1f7e17074ce63ebe782491bd0c5830710f9c97729b
G22,477,13337,-13337,-13337,1,0,0.274088,6d699058bdcb6e8f94e07101b98a447c71fe69e1ca6be660fe268944f31ffe2e
G22,478,13351,-13351,-13351,1,0,0.235246,3139e8297ca09770c73bcd414a92a2b6bc47c051d9df91bcfeb95c37031d53dd
G22,479,13354,-13354,-13354,1,0,0.245524,857eed3f7f94027b36cb69dfc5399118df8a05179923c1313c62a5420557e3b5
G22,480,13356,-13356,-13356,1,0,0.265115,200312eb38786884298f38864deedb644ad53327b1998e1d021c387ccf83963a
G22,481,13358,-13358,-13358,1,0,0.266421,f558b65cb5c2e847330fd11816f8f653531d41c22ff6b6c2a29825d486c8ad03
G22,482,13354,-13354,-13354,1,0,0.235572,daff92de6d7b31e345c1e029728ccfce492d83569e7c5cffaa6e958ba09b9705
G22,483,13355,-13355,-13355,1,0,0.245994,dfac51191b215fa6bd1c4a9a30e3e3d74eae49ccdb340906f3bff98529f6381a
G22,484,13328,-13328,-13328,1,0,0.264238,9357565c9e62c57aeeaf801d8736ca3e7ab2bd935723a156df7a3705719d8bdf
G22,485,13358,-13358,-13358,1,0,0.246989,c93fe0cf79a57d975592fd8cc3ce7a610efdddf5fecbb0cdee20e5500171dda5
G22,486,13358,-13358,-13358,1,0,0.254736,a9e7164149dd15777a79258a286677c7dac5c8b3e82e4a3aac2178ac069e5376
G22,487,13354,-13354,-13354,1,0,0.277931,6b08e3161c77bbf7ec1c7f6985ae895b4471b613a92edc2164720d8a71cc0bcd
G22,488,13358,-13358,-13358,1,0,0.270800,f6fdb12cde939fe0de3ece0092c9b41da628c95656b12d85cf9c3e684e65a3e2
G22,489,13354,-13354,-13354,1,0,0.256741,303a4e20d11ebccd0af03382473dc0387be2919ecd4ad2d8f3df5cca48aecef6
G22,490,13352,-13352,-13352,1,0,0.277950,20279e101500f96af5a3ed579fdf78348703c982968d1935147010b299da9cdc
G22,491,13357,-13357,-13357,1,0,0.266807,3c781065c1558a3ba692bfc8001b97126697421299b215a10bac6fd1391c846c
G22,492,13358,-13358,-13358,1,0,0.239866,a29f7db60e523c62e49cce5363fbc6f1858ace0ecd4aab6ca2bd1730b942c7c8
G22,493,13320,-13320,-13320,1,0,0.268060,62a3f2c1fb588f61fe0cabc7d20a640540aacaa92e648fcc216cc3d42116002a
G22,494,13357,-13357,-13357,1,0,0.274392,425224ee2e26457fa1e799f9f7b496ab19ee9b791b7f1836483b8032fd8154b5
G22,495,13356,-13356,-13356,1,0,0.261599,ab27ebbf3ee91abd42c8ed1ddf8b6052d18ebf46b8d4cacb577a22aed198cc35
G22,496,13333,-13333,-13333,1,0,0.257861,6c831f3f81884bc6b94433223b8c34c472b3ab0a6ad23c9645c85a5f00e84cdf
G22,497,13357,-13357,-13357,1,0,0.269145,1456fd497606ec1961d291c285fe0b5ca66e6482357209a0555776aec191bec4
G22,498,13327,-13327,-13327,1,0,0.277593,270359d09ff68c6336146bbce315f2857a7ee75f9f052d70487c09e3895d413e
G22,499,13358,-13358,-13358,1,0,0.270726,5c5002f6da62f6487131745feacd801f50953182df304ffe73faef0d566c5ccd
G22,500,13357,-13357,-13357,1,0,0.271073,c8a8726c8c6b2cd80dd596a93bdafa6f9b71cd4429cc5843f80381d7e5d1990a
G22,501,13357,-13357,-13357,1,0,0.237493,0983861ee34bec8eaeebc94b6961107037b04ff42b72950c96620fd1a38c50d3
G22,502,13319,-13319,-13319,1,0,0.261086,0d63cc872ee8d33ac38bab9786f5adb3642d1a9f179307b72a4b746acf0468f5
G22,503,13357,-13357,-13357,1,0,0.242412,2101bf00733b5f2f265849c2c5c0baa879fb5fe5f03f640dc9562f5a1c25473e
G22,504,13352,-13352,-13352,1,0,0.273510,59bae279e3a441364af5c4f0af0d18cb8e9e42f92c1f7f5a30bf0b38739c5803
G22,505,13358,-13358,-13358,1,0,0.234565,0d5a5a23018880c3c7a6295a8a410e72429e8f5d80c095bacc48bac21766538f
G22,506,13358,-13358,-13358,1,0,0.230930,45ade854e02008fc9f8ff3f2eec868fe86a4161f7219266551fc4ddd169fbab2
G22,507,13357,-13357,-13357,1,0,0.275413,4e78f85f9e0dd3e2c8c04bb94876d4fb98d219dd24e16875a66307a0a5731d32
G22,508,13358,-13358,-13358,1,0,0.287664,85e7f98b67a789233d533792fa7565a50627e2dce74d56da6ac77fd96934c842
G22,509,13358,-13358,-13358,1,0,0.278640,9ec57afe68689fd2d246cd0fa0f535149aab1254267b3483f6b7ae63bfc2d34e
G22,510,13329,-13329,-13329,1,0,0.247621,0cec2c2ce3cdfe57ed2f0a9c7f425221ca494e9fc2795229f370881df71e96b0
G22,511,13357,-13357,-13357,1,0,0.252148,2369fcc91e56ae5d92ec54b7845a902847383cffbc9f4370a856440eb01a448a
G22,512,13315,-13315,-13315,1,0,0.262748,0569d5a80a9aad1ae42515654d0bcd5a303c6fec2753136b396a33f0d38d5fa3
G22,513,13358,-13358,-13358,1,0,0.251135,be7ef9eee369bfe90b56949ee751e777f891f9c7cc615580efbe5b23c90a4f1a
G22,514,13356,-13356,-13356,1,0,0.270669,2425c1cc6013a9d02bfda2fe0771eb2e725db116018bf796d5e3558f610f10f4
G22,515,13357,-13357,-13357,1,0,0.252153,5ccd797a71d8ad8cdeeb2d67ab9b17cbeb3b55aedcfc46e6971a85853ac227c8
G22,516,13357,-13357,-13357,1,0,0.255823,cce7a4f703d482fede51473bcbfb66181d70266de157e74e075362a4bf0ce8fc
G22,517,13357,-13357,-13357,1,0,0.312032,e3d36cbb8b662874e859481b1322c2d7e052fd404abf23c3251947c81c6658d7
G22,518,13323,-13323,-13323,1,0,0.252218,9ab13847585c1eb89afea9e7b6d4ce2440bf19de7d9d80ef426307412364dbdc
G22,519,13357,-13357,-13357,1,0,0.244886,9c709455020e9739ee468d35148c6a6e04c46ae6d37f987d5e94dae847b38c15
G22,520,13357,-13357,-13357,1,0,0.245213,0f601b680fa40d924e1b19f19231da75b41090d9ef92d71da759008eb8c7e0ee
G22,521,13326,-13326,-13326,1,0,0.264039,b3d3934e447da4d7bf138f6b8e8fa3d19987929ed4bbdc660c94c32ad5d341c4
G22,522,13354,-13354,-13354,1,0,0.267617,f0044ef8531eae1bcdbbb8e1accdc30b98984249eb7ae46154dddf515864f963
G22,523,13354,-13354,-13354,1,0,0.256579,ef95830afabf1f2cbacdb98282e0555512a5b4978ddc79376ee7c67b07a24719
G22,524,13357,-13357,-13357,1,0,0.243377,9185d1802049b78c296a5c717155bd8cab149482c064ada149b0c8498d5caa8e
G22,525,13355,-13355,-13355,1,0,0.247350,aaefb626fde7f5bd7ff15db631e8a36a68e0c3dea66ae010bf61bfcd7dd19e2a
G22,526,13355,-13355,-13355,1,0,0.260008,8577f028485bb22dd293fb6eb3d9343071036a30c15c37a20a0be13692af87cb
G22,527,13354,-13354,-13354,1,0,0.257926,d7475642c52698e98a1bce41f7424174ad771b66b9ecdde0f4b2b4f9b4ab8fdd
G22,528,13354,-13354,-13354,1,0,0.253558,3a866510eb7a0f5a528aa1d58f913ef852315a2e7f5840a6b1755563df4081ec
G22,529,13347,-13347,-13347,1,0,0.265043,f0ed314a72611dab3906e74df0da8370cf4c91850d32ef32634a471999e9bc00
G22,530,13358,-13358,-13358,1,0,0.265278,0c537d512e26bd54f75b8197b6c9cdb27ebd199e3ccfe8584636bc1be63080cb
G22,531,13358,-13358,-13358,1,0,0.227754,03b92fba94918271ec2c2bcbf8730bf1c76ad185545c4c1a8ad080dcc5057ea7
G22,532,13358,-13358,-13358,1,0,0.239665,5535a24bf8213c4a4112f8e4aa2e9b366d614975c8f2f772a002f827d5334c72
G22,533,13354,-13354,-13354,1,0,0.264539,5ed9618b8d4afa51cef2ce3beeb4f7b22c0811eb6c1d0d03999d351159d7268e
G22,534,13357,-13357,-13357,1,0,0.264697,b8f7212f6f3588930c60627dd56940580e311289abed7d52acc32143f328b172
G22,535,13358,-13358,-13358,1,0,0.258672,3e4c49d5d368f3fbe60f95f3af51380dfd168809ef173a24f8edfdd456be1cc7
G22,536,13318,-13318,-13318,1,0,0.263936,7409346554daed402ec8245adcc6c535ca53e159fd66acff9b5ddea5c01f3fa3
G22,537,13357,-13357,-13357,1,0,0.285735,78875dbd9143ebcab3874e89f70cafe932c675937e98f7de2fe4c5876824b9d8
G22,538,13357,-13357,-13357,1,0,0.249156,43a22bad4138278dc8ac8878ae3bdd7693d2f450030c9fc1f84cb06b82ecd96b
G22,539,13325,-13325,-13325,1,0,0.279087,2fdc751bfc3a0b902dddfb355a4244d68c863b8becf3eb0c142ca22849b336b3
G22,540,13352,-13352,-13352,1,0,0.252318,85a0eb9b2ab076756f8b8a985cad2d1233b8ee52c10a01422d192bf2c2e38dab
G22,541,13356,-13356,-13356,1,0,0.245556,e8a77d199c8001e7d840c664d07d48f083d4e62589bda46684601a678e3e660b
G22,542,13357,-13357,-13357,1,0,0.249596,da7a423fcc95165ff5f0125edd79a2133760e166131876de84befeb85beb9f77
G22,543,13355,-13355,-13355,1,0,0.256247,1374bd9fdba23817aba5db50726e9138444c51fb923d63623aac3df2a0c2fb12
G22,544,13358,-13358,-13358,1,0,0.257605,8b5e204211964fe27e0c2e5b24786716444e5c3bc8ca91f16fcf67b0d0b3a07f
G22,545,13356,-13356,-13356,1,0,0.251937,7bd36bdd190c0462cf75476bf8b9c5d15a1fe069c8da5580fc325dd42da3ae37
G22,546,13357,-13357,-13357,1,0,0.240518,04948b524dc49e35f0f26bb22008fa13e818c56679d239199c2d441de4ad699a
G22,547,13353,-13353,-13353,1,0,0.232019,2e2e836211e85889cbb213dca477efdd0150416c647e065f6078fb8c4813386d
G22,548,13356,-13356,-13356,1,0,0.272527,bf5db3287db7b93ec73bb2f08c64ddb8bbb6705f5536e0749a3d147e6b195c7a
G22,549,13354,-13354,-13354,1,0,0.265798,acb4515e07e06e5b016efb1cc6e711362e9c26abdbb8ff29983b4cbbb10e359a
G22,550,13322,-13322,-13322,1,0,0.247927,669a35a08a8dada877b7c6a9fc0fa96aeb89d69d280716522228b181e6908edd
G22,551,13355,-13355,-13355,1,0,0.238684,a3a583a2c621ab698490117d9d141fc7fd49ed0ce0d5f9aace14bc04c5d479cf
G22,552,13358,-13358,-13358,1,0,0.295530,f53a99e82500bce3a5ad8eb3db10c4cb09cfa62319a566f1abd81d3c1f0a2992
G22,553,13356,-13356,-13356,1,0,0.251651,cd9c983c94791a159fb8e59fea2bd12d55159a5a8d3c38ed9d8dcd14ae73150c
G22,554,13355,-13355,-13355,1,0,0.260680,13db95f87529012f4e4fba373c7be37886065602692ca5de4363f38d578ed5f1
G22,555,13358,-13358,-13358,1,0,0.291019,11dd0a40b6b56ec2b1f9a41b4ff8b7d909968f5045639ddd7b1d9b05bbf7d0f9
G22,556,13354,-13354,-13354,1,0,0.230590,4d8a41fedaad669d3ea3c6b012849002b940cf07d409780f9769121bdac68cc4
G22,557,13330,-13330,-13330,1,0,0.264628,bbcb42769d22c9e0c537bf0549db8e3e65fd7c2ac17def388d8a22ac8586ed51
G22,558,13357,-13357,-13357,1,0,0.256350,68a3b7323c5cc5c2279ba400a848d68cd79b13c0c6a808e893bb6cca9f3c5563
G22,559,13357,-13357,-13357,1,0,0.279504,02d6e50c8ea04ca5b0683d4553090df252d1ae5d107a37e9c404beeb4cb2ff01
G22,560,13357,-13357,-13357,1,0,0.247590,81c3bd1877a2b56ecb388a45706cac0bd4befe5153fb508db7786a2eb77b189d
G22,561,13357,-13357,-13357,1,0,0.276479,ba0436ec11706691f7f66b92a3fc031e80b347c6a22efb3a18bfe9cc799100b7
G22,562,13358,-13358,-13358,1,0,0.243828,6509538851093ef8318f5c9a2085f834b2c54ee397918fd2912376bcdefee4b5
G22,563,13352,-13352,-13352,1,0,0.267105,f9abae59cbf2ec76f9c913e04844a474af2ff4071a9450e0733e04d2daaf9b45
G22,564,13358,-13358,-13358,1,0,0.243190,0247fafe88eb4afa7f7ffe14f61534c7e53446a7d9af88e74c1c2d2340f5c4ab
G22,565,13358,-13358,-13358,1,0,0.262886,13d9850a5aa4c049f84d4fe595227ed60708a566efe3f6a92e9a7cd091acd6be
G22,566,13357,-13357,-13357,1,0,0.259520,f1d6a3203e7a5a5875ea517b5e62937068c5a339c0408bbe805e89878af88030
G22,567,13357,-13357,-13357,1,0,0.279904,a14e07d29f32f7add855137a0199aa8166ce11f1c297b3d9b05bc5a765731ea1
G22,568,13357,-13357,-13357,1,0,0.289160,87665b8dd57202b8ecb3140a95fe065e2cff03793d588bba87211ee826209594
G22,569,13357,-13357,-13357,1,0,0.271288,129ceb657943aec1ce9af2ba4b0a9088bb48874c1040cc8df289f49f114315f5
G22,570,13358,-13358,-13358,1,0,0.260221,2b41a64ff71d76a07d559443a3d6ee276d9c762cd7c473f78eb64a3ba90df538
G22,571,13358,-13358,-13358,1,0,0.270909,9e02f71d17daeb9e2b240afaa4bc7f9a59975b368d5dd1a125e6057fc841d4bd
G22,572,13355,-13355,-13355,1,0,0.226496,4409fe060f0613e2e0db19151506477ad4d03290975ecffaef3bf90a08acc5e0
G22,573,13357,-13357,-13357,1,0,0.259337,8df94a6cf322b30ed8e6bc0b3ec0a40c7355f63c382ad1a003e6b8b5ba361f20
G22,574,13309,-13309,-13309,1,0,0.263315,dea9626c7ddf3876a7655ca9705020f27a434e28ff8d49038e97bb004f11b5dd
G22,575,13357,-13357,-13357,1,0,0.258790,d9e3ea5b244ea197684ad3583ccc287be9c838e4733d86518289957bee4fa03f
G22,576,13318,-13318,-13318,1,0,0.266534,a58ff7a27a60b5559d006a6382875356654236d5c649ec2ecbe67e91b1b75157
G22,577,13354,-13354,-13354,1,0,0.262577,e425f58ac8978601043852cc24b69de280331c6564773520630ff81ff2f22c44
G22,578,13357,-13357,-13357,1,0,0.264344,d2b7b31726a27cda78a80d090fe2bcc627dfd24cd505bd6c77d4e742e897a007
G22,579,13358,-13358,-13358,1,0,0.239759,af68776cfa9f777756d98ee2dfa56e4c3ac817006731598ac721511fffaee307
G22,580,13357,-13357,-13357,1,0,0.258065,0be4b3f903937ede929cf5b5369ce2c2818f352eb2d3d7bc44fbadb5cc322daa
G22,581,13334,-13334,-13334,1,0,0.241782,8bb29a7148c6e26499b3a2bf29942e5b4cc7105b9d69b5356c998fb4e6020d31
G22,582,13351,-13351,-13351,1,0,0.245981,b7dcc1b4140ef3d21fe546620b0563b59450be4958dc6bfab2ef0de8756ec989
G22,583,13357,-13357,-13357,1,0,0.264725,6d8aa9bc483db3605ceb4d6361d0e5ed7e4b628d167f3ce1de3cf3d1e6606159
G22,584,13358,-13358,-13358,1,0,0.269389,08d9d68ca706d7d1ef9345dfa52b215525a0248c53bf2a530a836015cdb4409a
G22,585,13314,-13314,-13314,1,0,0.243354,9ad997ef7ec93c4719baf23696ee6d123e31971311301704b80873719bae1f79
G22,586,13355,-13355,-13355,1,0,0.250536,4d41c9cb8798ea5d42ccf5e7d196627497956670ff69a450b5ee07c86e30862c
G22,587,13356,-13356,-13356,1,0,0.243503,bf8db204641ce8dfe6df6650109963dcb00c536702cc2d47308ebe6ca8e558c1
G22,588,13323,-13323,-13323,1,0,0.286306,105d02f3bb4e2c872f2df0fb84a00d94fb3423485e437f94dd82046dbf1ccc9e
G22,589,13354,-13354,-13354,1,0,0.231072,51ed5c39fde8613c775c9216f7123dea80c227689efc86a93cc5958f18a2af30
G22,590,13356,-13356,-13356,1,0,0.261847,cfd24cb0967741107c25574e52ef38029b943092858baafddcd89f5a4ee79278
G22,591,13327,-13327,-13327,1,0,0.285845,a3a2086038b137e9c863126e3745ad761a266ae7ce224c5a1d2a148ddbf5064c
G22,592,13358,-13358,-13358,1,0,0.248096,8755cd144fa1ff72a3bd0516c02fc38a6028459ff2ab42a60c5a7c69523d784f
G22,593,13357,-13357,-13357,1,0,0.271868,4d47eae4138785785b2900e6b98ff6a8f7f40977ced3474cfe1da796de43aa09
G22,594,13357,-13357,-13357,1,0,0.264649,fd9f8377357841c045070579dd01e01364c81be70013180a55c7241e111b5846
G22,595,13357,-13357,-13357,1,0,0.275554,dc1e9ffee233d5b839056221fc6b3eaa2ecaefb91979fb6ddde1f7610c15f1d4
G22,596,13356,-13356,-13356,1,0,0.286939,fc7f29d0c1535a7bde551c9ebc444eba34901aa97f0e8361b6bfeb328e0e3243
G22,597,13328,-13328,-13328,1,0,0.258401,f32496b9028ecf0200b33ef0401bc9d83b11d96cb24fd12968961fed0c22690a
G22,598,13356,-13356,-13356,1,0,0.289762,e85f5a0945f8128c6c6661fc27845508ac2a6f79f48d0e738b0f2834f1f0455c
G22,599,13356,-13356,-13356,1,0,0.281259,0f9036cb4068289f26ce88f751b1b08742eca5e9518a719e1dd9f93000c36fd4
G22,600,13326,-13326,-13326,1,0,0.269378,8d1edb0502133721aad873d438c71dbd15b40f3c3a45ffebf0edbcdb279b1ec0
G22,601,13357,-13357,-13357,1,0,0.288992,f148c9f1de6f04fef575780865497939c65838f422dfadcb68de4cabc4398d70
G22,602,13324,-13324,-13324,1,0,0.273337,7347b3d2bb34efd5583d646e6f595c3070b51a8cce1f4256f0603e20259d3215
G22,603,13356,-13356,-13356,1,0,0.266259,007ad877ccf7c9301979d2f7146fd854a6340538971c4d3f2bc4bc70332214e5
G22,604,13357,-13357,-13357,1,0,0.278201,59f6b8a3e897ab8db25099938363d47907fd2e24114e03fcfd94b543db70cc3c
G22,605,13358,-13358,-13358,1,0,0.243647,3d8f6ec9dad6785d8ff25dfcbca8d7b3543e60438275f6fdd6f3991f8189f8af
G22,606,13356,-13356,-13356,1,0,0.271636,f8a7353509eb1bbabf165de2a7d9aa50bb216d009e7b22789f4e6499bc0d4134
G22,607,13328,-13328,-13328,1,0,0.254307,1427c82129282cea1d402d5760e4643a6da902bb1710a7e2a51e261148dfc477
G22,608,13354,-13354,-13354,1,0,0.267160,ae5123f1114dcb5f53ba1a7c187f275b5179b7ea02be9c6bcb13334c87921707
G22,609,13356,-13356,-13356,1,0,0.254024,aec9da15327884c14b47fd5da8c082957227c5d6ae03166c0144e2fc6fc833a7
G22,610,13357,-13357,-13357,1,0,0.283723,a93f15f627c6cb0d935baca6577e145910a7fa4f8c2682ef79a7b349e9457114
G22,611,13358,-13358,-13358,1,0,0.264088,12368306f67dce3db818e60dbdded99142ea696cba031cfcf71b10213dac16bd
G22,612,13318,-13318,-13318,1,0,0.262472,56e9ba777bc971ec39ffc6b93c854b0db6d1159b14a3915f85c7779242e82dd6
G22,613,13358,-13358,-13358,1,0,0.265174,0bd3e0d0a502ce1871de291919d5dddd8f43cd5eb96e143fd01c7218ae188242
G22,614,13357,-13357,-13357,1,0,0.266078,9c3344bec041f8ca9e7451f9068f17fd6da20fcec7de53b5a2fabb763d71f0ea
G22,615,13321,-13321,-13321,1,0,0.287573,b4257d3de0c4b199c924bcc60113c178f78fee7a4b86db0f5d0cc9b461e2e397
G22,616,13357,-13357,-13357,1,0,0.281049,d00e70806e19de5f42b4103122bc87777951dd959c058b1c9237c24db90a907a
G22,617,13342,-13342,-13342,1,0,0.250240,2d838bf113c1676b6f33f25f0f02586c716a08beb17edf6412573fbdd63673cb
G22,618,13309,-13309,-13309,1,0,0.272530,4e91c05cf21b61e3dce27204b4d602aea4516ba363d0c18815780e217a39ca1a
G22,619,13355,-13355,-13355,1,0,0.249148,cbdcc618b7b21af6196a922765a2d680ced3651ff1e164d488333ec62def9f2d
G22,620,13358,-13358,-13358,1,0,0.242011,35a88497e6e41511b51dc4014bb3dba6702b70ffbec4c2e7c124b18d5f4ef7b8
G22,621,13354,-13354,-13354,1,0,0.293401,73933f8259f42a25507b1c2a7093e8eb3c1c83630e38339d742531f2d03ca173
G22,622,13358,-13358,-13358,1,0,0.260122,cded983fbd94daef596720fa88ef42f2139d16abd861740e66e3ca63df628d80
G22,623,13358,-13358,-13358,1,0,0.248754,647ee715f505adcc4ba7e1266447eb235d18b849aba68636b82a97719cbaaabe
G22,624,13357,-13357,-13357,1,0,0.255823,58a0f553836cb9e889cc6494ca7900e631c45c25491bd019809160d548b029f9
G22,625,13351,-13351,-13351,1,0,0.249017,e391ac0d5490f97ad713880d964a514cfe3522ac65be3e3cdd9de40b02b8254a
G22,626,13357,-13357,-13357,1,0,0.273149,d2d460e4065b7bcfd3cf6457af20457c6cd67bb245f7e523e5daeed79e1bdde1
G22,627,13357,-13357,-13357,1,0,0.271957,b9c2f764e6ccabe77c01be221bd67744a6b0662eccde51a57ede5c24115f5be0
G22,628,13355,-13355,-13355,1,0,0.267858,815df47df5bc54ddd71baa22e56a7c5df6dd9f2226f40aeb18949b4b1f7ccf28
G22,629,13327,-13327,-13327,1,0,0.267712,d46b70ebd70486bebd391a722921464aabeda93b9261d8579cc4e9abb6ffde48
G22,630,13356,-13356,-13356,1,0,0.275572,9c1549372968600355c41102baaa5ffbaf5d772a43596d096618c264cdeda1de
G22,631,13358,-13358,-13358,1,0,0.274510,324c022158baaaf25cce04d9d601c0e10bc4120eb05a803e3664058e16bc6e95
G22,632,13358,-13358,-13358,1,0,0.268351,0a56e1ec52452041a0c8006c0ab200922a901daa0bd8abdc023dce3e39a26685
G22,633,13334,-13334,-13334,1,0,0.259227,66500a56e3b953176ddc8d02951e1ad7d3bdaa31760c76892062ea2f50193946
G22,634,13357,-13357,-13357,1,0,0.258799,8445a7b205d4bf11821acb1edd327fa5b85dad08c5f0fc03bccdd3bc565dd56b
G22,635,13358,-13358,-13358,1,0,0.270416,eb434bcd4c7794b3bc5a94960b41110d418d4ced9e48fa4572302a55c479cf5f
G22,636,13355,-13355,-13355,1,0,0.267706,fb3fdd3084d311267374db8e19a548276153ba330906b04366697197a25e13f0
G22,637,13357,-13357,-13357,1,0,0.305984,bb0683c04e67497e23861fbac005b28819c7682fe88fa8452701c6cefad780cf
G22,638,13357,-13357,-13357,1,0,0.279062,f6d86e3061857a3f6506c0886cc413ef9457121442ed9e166f64b22880c3abbe
G22,639,13357,-13357,-13357,1,0,0.290071,1eddaa2386c02f61734a88d396fad122f533b984336ecee683f4d20036749194
G22,640,13357,-13357,-13357,1,0,0.267190,b955259d9568ea9f022e7420784ca80cca0f68c4e2ec190cf0a36607c2b1d7ff
G22,641,13355,-13355,-13355,1,0,0.272164,4ff99fcd624c62b4d9fae6a766be98a1907414d76bbef7d42f0d6865f197c9c6
G22,642,13324,-13324,-13324,1,0,0.243201,d4f65ede35b2281f8ebeb1ebd116638d2c0c06b0afbd2373e5d3b9d9fc5226b9
G22,643,13357,-13357,-13357,1,0,0.272164,25a625e8a1b458ff565f9b18f02c52d4c8e2476d9592f707e1b494b16a7caf9b
G22,644,13355,-13355,-13355,1,0,0.269654,8bb43a050b98e20e22f0433bde08a3d74308864d1d59553972c61b15ac5fa578
G22,645,13357,-13357,-13357,1,0,0.244681,68c57ab990fab6155cf1b2f1a990e8de2935409ad113829c23375f91cad8387a
G22,646,13354,-13354,-13354,1,0,0.258925,cd6a10cc0994942b20993b0401c6189d0eb40b91ca6127f9650963cb33b09bea
G22,647,13358,-13358,-13358,1,0,0.263082,df95c7d21ee61f8d9ec1a612fdf1f6a2ec1d1935b9a40fb28f6229dd596b5196
G22,648,13322,-13322,-13322,1,0,0.238692,5765522f98350865ba42cc64d7663532c8d09582c268e2a9e1ca55d246b714ee
G22,649,13328,-13328,-13328,1,0,0.281165,d9af882e93279a5651dbd18f063ec9a95340e53cfd1ddcc2b8b9f5cca3783a6c
G22,650,13358,-13358,-13358,1,0,0.283314,b6c82c4c5b458fbbdb47ffe41cd82739880f2a316e85ed70ae5ec5d653fe7d23
G22,651,13338,-13338,-13338,1,0,0.265377,bf53e6eada9349779fedc0a2dde477efa22fcdd1d08956810572a59238684639
G22,652,13356,-13356,-13356,1,0,0.262539,8b2128a46816e531b7fbfce91e0e512abb969590bc91bd1c033882891bd8af79
G22,653,13356,-13356,-13356,1,0,0.234287,e12f24d5052cdac8b04fcc10d1b96543a10708a94115bd60f44bd9f8e1ff5a25
G22,654,13358,-13358,-13358,1,0,0.242208,595620b59590ec3809ef69dc7cca264991a2824fdad627f1deaa1bad15d050bd
G22,655,13327,-13327,-13327,1,0,0.247091,eb814ccb2d4c0b2dd8b13a152d6e12c325338f0d461b56e007ddef4486583b7c
G22,656,13357,-13357,-13357,1,0,0.284257,605d315f41b0aa95eeeecaf91a655f5eeba64aab7a4e5b21e93f06b408b127f3
G22,657,13328,-13328,-13328,1,0,0.268755,5404f8380cef5c3cc433393f0d8cd4b0aca40e76f19d35cd6345e7743a9f83eb
G22,658,13323,-13323,-13323,1,0,0.270300,f7feb62cbde456b182e7f35c034983334f80f0a32b6ef6ebfb038777f5d5c4e9
G22,659,13357,-13357,-13357,1,0,0.265004,a51a97ecc79d9fbe99825f51de4c3c709b27eca2ef2465bc77707dbce5196a4d
G22,660,13356,-13356,-13356,1,0,0.248666,82c136a43e3226b1d610d188f2885b1a053e80533cdc1cff33ed5e513543226a
G22,661,13357,-13357,-13357,1,0,0.283900,7ab9b0f1cc9817e9fd44c25a0aedd3a2d10324cd4bcbd5d0775d7badf632df44
G22,662,13357,-13357,-13357,1,0,0.245931,5a805f4e6776e5080e8a576fd84de7766b8fdaff9db81336ada34820b07e4095
G22,663,13354,-13354,-13354,1,0,0.261107,11b4886fdbaa034da75a43dc6a4c471ada7763743c9e99106098613c1158d8d0
G22,664,13317,-13317,-13317,1,0,0.234311,e6e88bbbdbfad945616265d73f2603e46e409ec35df988c8dd049e3f18d987e5
G22,665,13355,-13355,-13355,1,0,0.274998,0e6e8d34fd67676740f8f0e60c385e1541a1aca41315c1d642d8503212092676
G22,666,13357,-13357,-13357,1,0,0.237207,54f4fdcf52be69ce805638a9c3dc16e5d638ee5bddc3d56fbbfae4446c0ce253
G22,667,13336,-13336,-13336,1,0,0.284042,9fd114850aa5cb5f7c45065afb02db874823f7da63a0481373cd84e39827e2c1
G22,668,13354,-13354,-13354,1,0,0.263778,96814911fe4035ff272b7316db1ba4104a2832fbccda0033165ac23f6c1f1dbf
G22,669,13357,-13357,-13357,1,0,0.286757,a9e8890bbfa50a4e39243c548b1cba6030a6a921b5d6a99f48ae2a56781692f0
G22,670,13341,-13341,-13341,1,0,0.247456,73ae8bbc004c494d10170a6f46883dbc74986421e70500ebe6b52f6d12a4ca7f
G22,671,13358,-13358,-13358,1,0,0.256563,995659095e199b3620f266c52cd2d1bd81cb7d677fbfddfddc3aae6ce4f11347
G22,672,13358,-13358,-13358,1,0,0.262764,5fbd38eeea3d04cdd6e26eb209e7956adb2339cc4dcad711c56050bf469d1ee8
G22,673,13321,-13321,-13321,1,0,0.246225,e1b10f1e1944d5e4fa300b865b41638622fd9ff46069c300a9f53fefb6938314
G22,674,13358,-13358,-13358,1,0,0.259660,94e779759af13ae063c1df05b81a2197ddca7d6968280c16444b670d8b2e00fa
G22,675,13357,-13357,-13357,1,0,0.241740,242abe617c5bbbe1f68dc023aa1f72375455d5566bb4ecc1d50a197a8cd40e49
G22,676,13341,-13341,-13341,1,0,0.259281,43546c2e709045b907e5adb5e4a8d654770f9237707a98695972a7009c18dacb
G22,677,13358,-13358,-13358,1,0,0.266232,130182b574c731f3f337c3a28f7c3560685cb6d9b9e32d870c60a04b44033d83
G22,678,13354,-13354,-13354,1,0,0.241824,cfa79f6f5390b41bf2a1b40213dd9815129c9d07ad26328125a39c5134dd355c
G22,679,13353,-13353,-13353,1,0,0.274113,4a40d4f576ece9298f98bc73016ba6724d835dc3e549e89a6c199bc38fcdfe01
G22,680,13352,-13352,-13352,1,0,0.266991,fb8df928269107e1b8d8f9e72055cc40a5875f40af98b5be769314945819635e
G22,681,13329,-13329,-13329,1,0,0.238110,2bdea6dac296c8e5a5ed24c55e0c588a49104d9898080bf5f3c50b65db650240
G22,682,13358,-13358,-13358,1,0,0.235386,96af2f2b465991318061829a1c577b0b5000560e9d55f7ffc5a1f2fa280920ff
G22,683,13358,-13358,-13358,1,0,0.261750,d358f5a3ff816a78800abe6c6a5f20fa9cd17f16bc5db4401d8f5e5b321bb1a8
G22,684,13358,-13358,-13358,1,0,0.295520,1c9aa83d8fa83de13b166dd2f501a2880e1e57a619f9e1bb4c1fb2f02f696225
G22,685,13330,-13330,-13330,1,0,0.252841,9bba1a74afec7d0cbb4be8cfa4cfa556c1a8f271e93d86cb72feaecf702a6574
G22,686,13354,-13354,-13354,1,0,0.235332,e7aa5bd351918b831a297b850ed6ca17623fbff92ba65f674da5c15bfd770e7d
G22,687,13357,-13357,-13357,1,0,0.273231,49d862d2c8e0e08e42303373a9d4425059533af94c32cd4abe06c62f8c65a56c
G22,688,13356,-13356,-13356,1,0,0.240681,77d79bf6caad2d482a9ec27b152da236343466d8e1fc065bef4499e3f4305030
G22,689,13327,-13327,-13327,1,0,0.264905,4bc5b209aee09f2a639ca7d354249a4bf1f84ca5597454f3fc1d8d25aa4675a3
G22,690,13356,-13356,-13356,1,0,0.242375,bd77edeb9eb5244a3800f0f4e91050edd058148467b7c80a4cfceef5b8d336ef
G22,691,13315,-13315,-13315,1,0,0.248610,6834ccfe775468b8d996b5b7b19d431226f0bc4aa52db9e8a4dcf377c7b139eb
G22,692,13350,-13350,-13350,1,0,0.259246,9c7c34ac93d62383b21857416378be538d5fba8d320525e11c27874a2da2418e
G22,693,13328,-13328,-13328,1,0,0.269740,e4cecd8fb2d2e10bea882a78dce1ab77585a149e517df058163e9ea8ee1bf886
G22,694,13357,-13357,-13357,1,0,0.235159,b9373cac37078e093610aa83bb16d62acd53222e90d56fbb13b286e3a0bcfcf5
G22,695,13357,-13357,-13357,1,0,0.275291,1a0292b41016021209c1ee863f589b67965547020a1819e65b1284caa762870f
G22,696,13355,-13355,-13355,1,0,0.235837,b6bb8fc1e77e69cc1a1a02a0eb9dff2ee942ba6f8eb182c62ea3b1bcc733590c
G22,697,13330,-13330,-13330,1,0,0.246390,1bbf23274c4cc3531aab9f629cf09e5e165200bfc5e69b9c787ecc8f7b219d14
G22,698,13352,-13352,-13352,1,0,0.265554,33bf6a9c97f3023d3630e632f24f39da8f65450bdb956b049e914b3a5c838e16
G22,699,13355,-13355,-13355,1,0,0.235849,d36527a851fed2d4b541722b2448974d17358cde682dde5c51dd3a40cdba406c
G22,700,13358,-13358,-13358,1,0,0.260924,0e6baf3df851b12a4d3f8616453cff6b63e67277ca875710eea6c8642f9c3671
G22,701,13358,-13358,-13358,1,0,0.265816,7fc9bdb59ad5c6c0b318dd6f0fed358a7ec67e28e8b44f8268e75d08200241cc
G22,702,13357,-13357,-13357,1,0,0.256690,e8835dec64d7e921e57225d45fe13154174cc8eacbc0bc69464afb9455125ea4
G22,703,13317,-13317,-13317,1,0,0.285607,30332d87052099c24ee666c976572279f099fc5fced824545d77b4a6d8e58153
G22,704,13358,-13358,-13358,1,0,0.284890,9c5ea70c6649085243d57a1eba7fca2f049e1d86fc6d4e927d9ab2d5b94b88e3
G22,705,13329,-13329,-13329,1,0,0.270721,dc757dead054f5de26a18f3815c2d564cb97d72b3c08dd976c4b4d19f2666aaa
G22,706,13324,-13324,-13324,1,0,0.252810,e4454fdd01a8557ae0b12448dd33458edb0148d562de820ca30c9eb82e46c900
G22,707,13354,-13354,-13354,1,0,0.266456,90bdf89bdf7a5fcc80d2395d0699eecee41d1dc19753df2a12a12630813b00c7
G22,708,13354,-13354,-13354,1,0,0.264985,16669d9efe8c7c825b1e0d3ddfac8719efa6066b404687a28124ed7ab6aaa380
G22,709,13350,-13350,-13350,1,0,0.266237,edca05f090367c7d969a4c0fc840689ad714182919c64144d538fed325783a3b
G22,710,13341,-13341,-13341,1,0,0.265688,a65fac0778d3362498f54349d035c741ef55e0d425edec99571f27130cd35a99
G22,711,13356,-13356,-13356,1,0,0.261619,623717e5f68ca09dac94269513302127c93a8934d97e6fcf2ce142be4d167dcc
G22,712,13356,-13356,-13356,1,0,0.260207,744a11ea4284c30d6dbd8804d288c43642d83166f5acda084d833099c39da1f8
G22,713,13356,-13356,-13356,1,0,0.238539,deb092bb697b83346c24308f9a645fa2fdfac28aa75fac55173678262db2d111
G22,714,13353,-13353,-13353,1,0,0.258600,498636a2344506176078268cee39c001b5a4409a2606d083de14e125b281a061
G22,715,13354,-13354,-13354,1,0,0.252261,a67ea55514296173eb996e4d15c38fe56cae62777dc655f531a910b4be966c5c
G22,716,13355,-13355,-13355,1,0,0.302081,458fc78bbdc0640238d4601fb2c6e81d3e32f193e64333692a276775c03d9733
G22,717,13358,-13358,-13358,1,0,0.248817,6d3dc8559b6c8d75aaae6b67720b93487fb3e327b7863eee53736f8c33ed5c36
G22,718,13359,-13359,-13359,1,1,0.254707,c19ac0089fbeb8270bfffc6a364080333449e464cb7ffe8643809dfaf04b514b
G22,719,13353,-13353,-13353,1,0,0.265112,5290c0a2fe4d59e71615fd64f4d9ac06fc0dc1dd047f12d28314b8c153a50a27
G22,720,13321,-13321,-13321,1,0,0.273754,634462988444f84c2be2de0067aa291cfe492a803a656c7fa43f320e3d34dce3
G22,721,13353,-13353,-13353,1,0,0.243758,96ee47e5c40e4796978ece4f5239c31570cf5ac1788cd767ae3465a4a6b57fc3
G22,722,13357,-13357,-13357,1,0,0.280666,dc34a4496910e7fa20cf89cebf9ccc712538322f3c0444957e9db5f7436ccc01
G22,723,13357,-13357,-13357,1,0,0.268743,d9e761e6d2e023ef5c412d4e0d7f370f9ecc052c32b617bbe0b3c51a97a491d2
G22,724,13357,-13357,-13357,1,0,0.236414,75fee2e0986b20b99d5067410a33930b3ba7c3aa4a3428df25454d98f970bd90
G22,725,13338,-13338,-13338,1,0,0.245552,320ff0b34e4db635ad70c9aa1c5ad83cacc2997e1a46c99dcc6b79b96ae8ee93
G22,726,13317,-13317,-13317,1,0,0.275755,d27200aebbc87db02f002e55173f12dd7919acb3900d635d882f88900d2dc605
G22,727,13356,-13356,-13356,1,0,0.283133,bbf721c1d6a3897c2a842b3e2233f2aec1371ddddc92d975538bcc3f1038b698
G22,728,13327,-13327,-13327,1,0,0.238980,701fd7f0ca89a75571b88ade3d4594c0176ea8478b9ec6397474becf011d6ca3
G22,729,13314,-13314,-13314,1,0,0.259161,8535ef6517e736ed4efe122f5d98e25084690a185e235a9e691c1a257689abd2
G22,730,13357,-13357,-13357,1,0,0.266104,7b89f206604516b1bed80ff990a0b15160db92329d490f890f3092ad77fdadca
G22,731,13320,-13320,-13320,1,0,0.274638,f29bbda3af53cb279d4e67abb685abc7c7fc107449a65c1877d0688a4f39e8ed
G22,732,13355,-13355,-13355,1,0,0.263603,db40b401347fd34264f8610679c9ff3ac3f91d08a2c9dbb81d77e32e1459ac09
G22,733,13357,-13357,-13357,1,0,0.256137,258e13bdd952e31df0a952e4ec2d3fdae5d891e00df3d4a7aa15bdd58aa47bf2
G22,734,13356,-13356,-13356,1,0,0.249093,382fe2e3ec997d08e25d01d150e464c27f17187e8e72871345237a3e876d8b1a
G22,735,13318,-13318,-13318,1,0,0.244086,d69d0727f7d4cc7d3dfe48b9744f547f8e1c9da271e15df994110b4a5856af73
G22,736,13352,-13352,-13352,1,0,0.303052,8c75bedd0693b69c2a689ad22eb2a9a3e2eecf21825d64c782f22ec29884f880
G22,737,13355,-13355,-13355,1,0,0.270108,ebbfc1dbefda4f02a05dfa1402c030f7eea8e95c4db9aa43be4d95f1e1251b0c
G22,738,13358,-13358,-13358,1,0,0.236235,3d59b3d05e85f280e7f6f7df0c322ca2a26c0180107808dec3c5dec2aad5b6b5
G22,739,13357,-13357,-13357,1,0,0.280412,91b4dfa6dce77e85c97f54f12162bda2582ac816aaa919d0d226e645c18c485a
G22,740,13355,-13355,-13355,1,0,0.249771,80bc95269a5f84ec2ddf6b0034d6a2bd8ef5ebddcd8ccaa6fb7817f73c3f670e
G22,741,13357,-13357,-13357,1,0,0.286427,445f4661680bcf34af7767b5e447968bcc0da33cd1fe766765cc021bf975320b
G22,742,13358,-13358,-13358,1,0,0.263935,74a55e31c049e47955caea3f9903f881f66f94e758ef9a23d2b5b10c2bc4ef85
G22,743,13356,-13356,-13356,1,0,0.265059,f7396fe64a4590d95751a6a59ee0babd26e9385ba279c3ca87436d549e8ae35a
G22,744,13358,-13358,-13358,1,0,0.300579,983aa176f88fbe8dbf07a735b84c5575a724b15d11e6e77c94fd150d994275f1
G22,745,13357,-13357,-13357,1,0,0.299598,ecd0ca7a5fac1c5d15b92a3425ad349f7e77173ebd441bf4a02410abcf10ce80
G22,746,13358,-13358,-13358,1,0,0.274614,6d7e20ca643ae333b620fdc597a36e8dbc5996dcffa434d7bc6f9a2c0f50153a
G22,747,13356,-13356,-13356,1,0,0.275880,c15c584a98235356282f86c49102f0ce28c0a88f3e80c7d715986dcbd2c7dfc4
G22,748,13357,-13357,-13357,1,0,0.272730,f5249d4aed23c3c98d55cfb28d1a7aca5ac7bf76137cd5074eb02567142b4e7e
G22,749,13357,-13357,-13357,1,0,0.254822,259508c227338ed8d030bfba1aec3b76cee587bc9bf460457d313c9bf88bcc66
G22,750,13329,-13329,-13329,1,0,0.288586,c48a8a9aec00e4bd49ff49f0874fe84ee80a375505b4deb47e901d9ba6c8c218
G22,751,13323,-13323,-13323,1,0,0.256464,e32c352a49ea816450e091fc70e640fd3cc41529b46ae0bd5632b4f3d186d015
G22,752,13355,-13355,-13355,1,0,0.287352,8ad6c44c51473bbf75d5b2d1d8a8350eb54da9279727ba9d00dc9d89239e9649
G22,753,13358,-13358,-13358,1,0,0.277988,4c7ea5cb33ecc76d4da3954b35ac120eb528fe56d35511468d79576cb7b37c9b
G22,754,13322,-13322,-13322,1,0,0.270651,2072b65aa37ec5f6a3c417ae4a0e28fc15baeee28469e919be484e43177b6848
G22,755,13333,-13333,-13333,1,0,0.263189,0d818f3133d513e4f13729d7e2620c58fb98886f562f3dfbceab34e4a3daed12
G22,756,13358,-13358,-13358,1,0,0.275299,547b06d52be6ebefe864a52cda29b5801cc89e6d044f97078264a44dfa1c3454
G22,757,13328,-13328,-13328,1,0,0.312904,63bc185d39a53c71ad11f8a17094434f5c99e427943d2de4bd43bbf75f179aa4
G22,758,13357,-13357,-13357,1,0,0.249109,08b754e697a7986427c5868ac5d475cf25c77a51b7e4623ee82f40f84c7cacff
G22,759,13356,-13356,-13356,1,0,0.263628,79e2d8d80b6ed95106ec91f7a1ccfd1caa0014af8323ef3a33b13a89a1e55937
G22,760,13356,-13356,-13356,1,0,0.257345,bfa0981c4815650c89502a12a5d5d5568e8366e70361e8070e0a20bdf00e8f11
G22,761,13321,-13321,-13321,1,0,0.269009,694f5f9ce4e24df3c84c24acaa078208a8cc0335c4dfce1163c3d6994e4b0f2c
G22,762,13357,-13357,-13357,1,0,0.257077,4512e8f9944c1312194a0c84072f41ac7b86e19dbb25d034bc4e53397a02a99b
G22,763,13328,-13328,-13328,1,0,0.286812,33184d19a5cdb40882e38f33e485d569d569e1c0e25a23e953794677990daf2c
G22,764,13355,-13355,-13355,1,0,0.278209,c8d321908f6238eaad524e4a241254ca01f4d7edb4c7290bad46002295d702a5
G22,765,13357,-13357,-13357,1,0,0.246905,bf9446065d4fef59107f0238e193fe0740d7ef51a592886121a47e3b6a756e4c
G22,766,13352,-13352,-13352,1,0,0.290284,0a2cb17c6fe55aade1b240f30302355784313d39d6d4aa7d13310636935ebaf1
G22,767,13357,-13357,-13357,1,0,0.286024,428350d5474a36f17af537e7d142a61590633d2f863bd55afca298f51971ad3a
G22,768,13355,-13355,-13355,1,0,0.270334,3201c0e167aaa19ca8687f26a9405ce6473cdfa6719a9bedd662d18e2306ac2b
G22,769,13356,-13356,-13356,1,0,0.272831,ddb975f7f40a967bf9ce37f37840303dd502f2ae8ada6e064868adffb0f5d54a
G22,770,13358,-13358,-13358,1,0,0.265862,303bb99fdf87e42970a72e36a48d25f7375f6f87e867e96f9af14c5c616db23d
G22,771,13329,-13329,-13329,1,0,0.274042,679dd617b2a9512d8dc0c5fce112c2172bbfeb1491ce3953ed972a947670e741
G22,772,13357,-13357,-13357,1,0,0.281299,8a9f6671e3325f7da2e13c5eb5d53a968acc5f841f6c3daf3490989bf84d35c8
G22,773,13340,-13340,-13340,1,0,0.244543,954daf51621f38b7a717ea317fa638f38a7557699968091260c82fafa6c8ac9f
G22,774,13354,-13354,-13354,1,0,0.249208,7e33c9219b6ae3d949e5f150a470f52f754d433bb3e6eb2fcca66413ed804b2b
G22,775,13358,-13358,-13358,1,0,0.242440,d127aab4fd3495777d00d2139be3043e4846242cfccabfdbff89e7eb475e70f5
G22,776,13353,-13353,-13353,1,0,0.261023,e40fc3ad0575e0d2134138e0d0baa51dc4ea3ffded89a230e7f7152a0c192b6f
G22,777,13344,-13344,-13344,1,0,0.257501,4101832d26fba9d7df52f818288e7136d56cbf38b504d80940b629fc8eb99f65
G22,778,13357,-13357,-13357,1,0,0.251388,5e3d2682a2057c8efb3ce5f1b4b4f501ca6f4341c02293d12661f3649b362127
G22,779,13357,-13357,-13357,1,0,0.266961,ac257fcdf06bc79a38526c2dce4fc9f0d4a29b349708b4e43b4a1f1cb20bb4ce
G22,780,13354,-13354,-13354,1,0,0.252889,435bcc99125de4337284d3dad1ee79eead4bd61fcca0a0c6a6e392351d18021e
G22,781,13358,-13358,-13358,1,0,0.280185,c2d88930e4474bf1e0248591b2a996b1fcfd006f1345e0e5a6773688b5708ead
G22,782,13330,-13330,-13330,1,0,0.250108,116f762f7d7a1a5f40e5929e3b74a49f0f5e4a9ab981d1288a3afa55b761a45d
G22,783,13353,-13353,-13353,1,0,0.265614,cad82d10ead4cb26c91d62907100abe662ebcbf31f3c0229692c93dec45ce697
G22,784,13357,-13357,-13357,1,0,0.289135,f5c2173b97ad9025ca2e1fcdb5f441bd3d9030433132394d1271fd5f97c618a1
G22,785,13353,-13353,-13353,1,0,0.277219,26dc27fdb0ae121c5f685bdfe91978f37d354f6c3c24af059e6f9b52210ae072
G22,786,13354,-13354,-13354,1,0,0.255481,fb28082dc397f5eeb8778ca0680426f125c3085f075d2948e9f96dd9e8736cbb
G22,787,13358,-13358,-13358,1,0,0.240294,133a307a4c64132e94013188d804337b65e91d6b931856d94be524b6578e9393
G22,788,13357,-13357,-13357,1,0,0.235524,ce1db8185b2f5d42185fcc287c7de694f309feb27bd3e9bf6b99bcbfa2455109
G22,789,13356,-13356,-13356,1,0,0.255370,229073e49023c13dd341c1340895682346f342772f69ba28a58083ccd9fdfff6
G22,790,13357,-13357,-13357,1,0,0.264742,11cc394170663afbad6adc88b900226dd4b4f99c61017ed85c6dec77781663ae
G22,791,13357,-13357,-13357,1,0,0.231107,d0a2b36f9aab24f359d0750d212ed48fb88e3591e00f56aa71b354d99edf0815
G22,792,13357,-13357,-13357,1,0,0.250941,972c563d8a0af8c86804db2926c79c3d8f655bb9f1bfda25e506da84812a2952
G22,793,13357,-13357,-13357,1,0,0.240861,55cf0242f9e4082e6f298003363c4b6a6468c6349bc4cf957e1e85269077854c
G22,794,13358,-13358,-13358,1,0,0.231401,d52be75160dc1edf9e55b081a2723f47ae46bb7ccc2f6941fd85404d803cadf5
G22,795,13352,-13352,-13352,1,0,0.243980,cc2753d72b84fc4c3c9a71e747a53779a90492da83546786908574fdfe1fa42c
G22,796,13358,-13358,-13358,1,0,0.242696,66b82a8fb0f8a776e107867da2f73ffd02c4c90a23ea26677b74529542de4e0d
G22,797,13325,-13325,-13325,1,0,0.274094,635efb05f2ac28efc14fb9632faa21763cc46cf01592e7d8885af9ca0f9ea9a7
G22,798,13358,-13358,-13358,1,0,0.260781,1878e53af762893024abb262aba3f31fe8f2a0cc3f66426567a1a55048949e19
G22,799,13358,-13358,-13358,1,0,0.268718,71b6a52623f2d6d443f5f59bc921746f88a4d16afead7df2768b44a1be820f9a
G22,800,13355,-13355,-13355,1,0,0.255814,013697f23c08df9b538eb919bdf0aade76549e0ac26e0dc20423fca60d0765e5
G22,801,13358,-13358,-13358,1,0,0.294626,f29a6b94ff7ae1e56c2690cd0206e86399c26b2b7b1bf0bda518cc5e42f7b4f1
G22,802,13358,-13358,-13358,1,0,0.278975,22f2188f3ba71d58542713000748fbffadac88781d51540677284220a5ea66c9
G22,803,13358,-13358,-13358,1,0,0.244612,e950e3fc38638bded99d1a4c6e43fc01f077b2162615a2631c0320bf1e41ddb9
G22,804,13354,-13354,-13354,1,0,0.267359,d154593b01794c00d07d073c11a8de503f8bebfc089a6180d69a1ded7dbfd512
G22,805,13358,-13358,-13358,1,0,0.258063,33e79767a08921fd6c304d26a98bb01c4f611b5c6735e64afa666714aacd226b
G22,806,13352,-13352,-13352,1,0,0.269556,77b616a76de4570b2f58877dc0d1ece932409877cfd6b5e1372d11ee8f92d768
G22,807,13358,-13358,-13358,1,0,0.289762,d45406ff5447c0dc942fafb85c84109a4c1d6efe4043f4a14a4e71a14b0b40cd
G22,808,13326,-13326,-13326,1,0,0.267374,5590b4841ce9b89085f6e530ad832ee22bcff980a558980b68d0d2690226cfe0
G22,809,13354,-13354,-13354,1,0,0.269258,95b24bda92eca4a9f2ab75ef156cf63394fa0b852ffdd3ae46d1d8ba883a6b18
G22,810,13358,-13358,-13358,1,0,0.265201,032e19adefe37c4b48905d6e20ea2d47c31091f0bf45bdd51f7b97fff39fa6fc
G22,811,13357,-13357,-13357,1,0,0.249771,692ff873ab47f68210986600387f0fa5950d8e67e92dba1d0f801ddb6c6a12a3
G22,812,13354,-13354,-13354,1,0,0.279063,f8a4c6631b11168178edc93d1ecf9effffa683a299b1dd3afab6d36c20005786
G22,813,13357,-13357,-13357,1,0,0.276097,f46fab8019d424c4134b83aafa7a8db5672b77ec077bccae618d3ec88e533eba
G22,814,13324,-13324,-13324,1,0,0.276221,a46587a3376f367e4bd44d1f7e2cde7d85da74b184a0679e606ef40506a5f035
G22,815,13358,-13358,-13358,1,0,0.247946,13da1252aa4fa1c1356aec5c7e7062e23f0aca8ef300e9a169340c3f97fe978b
G22,816,13354,-13354,-13354,1,0,0.250364,63257dc04c7877e9442434f95d7ecfc4f6de45603516fa13980d8746e6c45aa4
G22,817,13356,-13356,-13356,1,0,0.256070,d60eb1015dc5a60d7a7a935116406c808d84bd8dde6a02f924b8dea98ff54eca
G22,818,13357,-13357,-13357,1,0,0.257102,bda458409830900fcdd2a821ec37e47363a190906584fe35358e046719efd333
G22,819,13330,-13330,-13330,1,0,0.259801,c5005485e417972f61a9161d1adbca14884c5298cb4f7e7d2283f4f33068dc94
G22,820,13358,-13358,-13358,1,0,0.262345,bca6f0b6e482523affc17047b915f395730cef852d572bc62df2579fbca28da6
G22,821,13358,-13358,-13358,1,0,0.267974,e341ca8a4ef85b173d15cb7085a9d25ee9c6aa74334ba978ad5a5d9d3a6fa7e5
G22,822,13322,-13322,-13322,1,0,0.262104,aa9d0a0da952f34b5665611e4831b176e3709ad84aac4e805cb86e6c230b279c
G22,823,13356,-13356,-13356,1,0,0.280203,13018df4ced7f65d067e70a73cc52f438e2d4e768496837863fc9086e3303a3d
G22,824,13357,-13357,-13357,1,0,0.262246,4cc5f883f034f0e6ab8d59a5243b6fe8db063ac01b816989a2216dd7e5bab321
G22,825,13322,-13322,-13322,1,0,0.239051,da682df342d0ccb7974ac56d1c45ede7a40a8cba991f33f6ecd67e3508991504
G22,826,13327,-13327,-13327,1,0,0.265014,ead2717b08c148b88dcec913cc47ef3cc55436f110906b711a46fbda26bd9764
G22,827,13355,-13355,-13355,1,0,0.246822,23f91284759d6756b4dd062dce4cf4f4f13aec41b6be5b0e9063c4d7901e5039
G22,828,13354,-13354,-13354,1,0,0.254225,dfbfed61849e30fe2c2efe1f59db78fd76eed585d39c77e3e44286ef3915bd93
G22,829,13357,-13357,-13357,1,0,0.234377,2d7939a9ab470193385f5ca71b1d96ed1ea141ca132e6de1a5e8b703066ce497
G22,830,13357,-13357,-13357,1,0,0.272563,a4c3f5f6e46c949c5912df55d8303dabe4a69d0ae9d8e0f7aebb586199231052
G22,831,13328,-13328,-13328,1,0,0.260587,ce65c291599b420dd24fe0b0e534647df6b92f00e63f6a4ed168f03db954f229
G22,832,13358,-13358,-13358,1,0,0.250770,68da9cf67ef337d25d9d60eaf64d889e5d0b3410e201a618a2b08cd4460372cd
G22,833,13354,-13354,-13354,1,0,0.269114,c6df3c36e6abc974bfa65186f9275df95c08189683225ed10578c13b0f9c9a72
G22,834,13356,-13356,-13356,1,0,0.236667,4bc07efe932593369f7d58554b6848a8b798054be2e6b462d915f9a1d5e89e57
G22,835,13331,-13331,-13331,1,0,0.243022,dc2bb803de8ccbed1854b70ef4dee046a3f65c21fde39b8e38ac540a88a3809b
G22,836,13358,-13358,-13358,1,0,0.256575,6618e0ada1067fe5b35c1765fbac6e716c3293578844fd88b7c9c150b1253c6a
G22,837,13328,-13328,-13328,1,0,0.270119,45edf26c9d7719eea227befdd598a6268771a3bc15291aa8d84c88f1e5c2548b
G22,838,13357,-13357,-13357,1,0,0.301702,ed20d683d91c36644b26b39a963f6a28588153419ca36b78e1f0e2e2389ceb4b
G22,839,13357,-13357,-13357,1,0,0.246873,9e2311c6aa92c70b1c86bf9eb6cd23a1c5c70d56703f4e34451b35dc83cbe170
G22,840,13341,-13341,-13341,1,0,0.249307,79f8a57cb2d78b1b12d0708a3f361ec156251aae1ddacc253ca144bfcaee81f0
G22,841,13353,-13353,-13353,1,0,0.270279,6d237b9eec122a5f7401bc23a04e909a3171733ba4b9bf63b00e99e088a13db3
G22,842,13356,-13356,-13356,1,0,0.247279,921caa1ed9d9ac02de86383d47972a63e6cf59dfbebc82e62bb773a0e6e6fb62
G22,843,13354,-13354,-13354,1,0,0.246752,c7e4350de4fd74569c5490ab318ef9ed83668f21812c5a02e52abf58f2fdcd7b
G22,844,13358,-13358,-13358,1,0,0.232490,73dbbefcee0db006846a465cbbb55383aa737b4669f78272eb65b6e2519c8ef1
G22,845,13354,-13354,-13354,1,0,0.257010,1a85526a492e8391ef424e550b9d786df253865024a3e6a0572c20f8770c09e6
G22,846,13358,-13358,-13358,1,0,0.291304,f87fbb7ecab2a965ad73d17292bce9d5906c76ae9e4f4d601915dce7f49c93cc
G22,847,13328,-13328,-13328,1,0,0.242938,2ad0474008b7a14a4a0e92e1d12bcaab90c6be894aec5053c88126f3b5b838a4
G22,848,13329,-13329,-13329,1,0,0.304839,b885d3be134b7c0d943dee1e97db288554690d6f52badf26bfbc1ac5451550ca
G22,849,13354,-13354,-13354,1,0,0.286494,0def9c0295e13a7f0352f5c643c4283e5a35a8f8c5ae7e4717a6722a70dbf398
G22,850,13355,-13355,-13355,1,0,0.272927,964be80d82a002dc1b4b861b646f6543ec32de67d813c474f8b4573d36cfb52b
G22,851,13358,-13358,-13358,1,0,0.227208,451ddeba84cd3ff513e09e4a8e504e9bdd8748450d947a6ba93e298fa29730b0
G22,852,13356,-13356,-13356,1,0,0.251733,ff3a2e38c2b19400d29dddd29c0e052f1afaa6b14e63bc43d07eb21a9039ad94
G22,853,13354,-13354,-13354,1,0,0.296485,abfc68a35bed66771a8137f4c6b7b1c31c9cdf1366abb1270b0eadfd8fddc369
G22,854,13357,-13357,-13357,1,0,0.295739,4d4c380d899e7ab42fb2dfa524bfa67255b3ecc3386507f29f426b112148e0c0
G22,855,13320,-13320,-13320,1,0,0.247940,c6f254ac8fb267fd343c0cea2ab39df9037af6029254b3c6ae642420bc90cab2
G22,856,13355,-13355,-13355,1,0,0.277992,cec17218abb249fb63bbabca5dcf80227b9cbf25779b06c372d092b9e91c8670
G22,857,13357,-13357,-13357,1,0,0.261322,3c2939f990f7a43d3bc1bb8aa0e01c727fd8aaf8056d757a3ea96be47880dc1d
G22,858,13356,-13356,-13356,1,0,0.265502,9aa035a5d272007f0000e822acf75e393bcb4303b4b51993525f0c358c7fb9f7
G22,859,13318,-13318,-13318,1,0,0.256266,c8b4ddc55342ae03ee4df6187caea5e6d346aa1ae416ffbe5ace204850bea154
G22,860,13357,-13357,-13357,1,0,0.280378,c339287f67308dab7b9224a4982e0f1dfe44dea4dc1f89257cdda0d03f101525
G22,861,13357,-13357,-13357,1,0,0.255435,a94baa255a61afd355d338a87174492585be90e4cff4e9a1c0b103085cfacd27
G22,862,13358,-13358,-13358,1,0,0.289101,1c58b348fd8b93813f7a7939cf29fc53a745894705772ca3c8b6570e99d57523
G22,863,13356,-13356,-13356,1,0,0.255184,5c870d6e1b77e5ba2c537e4506783c277eaee7cbcaf1416c03bd1ad92f45edb1
G22,864,13357,-13357,-13357,1,0,0.256622,56a3cae979cb127bb6923cda15817131c136d217037ea57124df63b138824bf1
G22,865,13323,-13323,-13323,1,0,0.262374,58c184b12eabcf453b737dd1a8b0c2854b1e0b7c38f15f7a28ab9549ed33a490
G22,866,13354,-13354,-13354,1,0,0.285889,ee556961c93753dc70db3d7b9058c3fd29f96be921aececbe1a6f42903ff741b
G22,867,13358,-13358,-13358,1,0,0.266174,3ae6129de13c9316268e8d7354822339aafaffcc66cfa925d81bf847215eb149
G22,868,13358,-13358,-13358,1,0,0.278849,26bc3b17bec4d22590eedad95f77b54591c1617f3df99e033cc2523c94f9ffb2
G22,869,13356,-13356,-13356,1,0,0.258632,57e99abdf9e5040a66d83fed27c2291925284b0ff34145229d7a43304a4197ad
G22,870,13357,-13357,-13357,1,0,0.251847,be7396665b1ebd65765db9f93b227dc62b7d788c6c9e4639afe5bec381008760
G22,871,13357,-13357,-13357,1,0,0.244776,18e9b0fe79be4607c47a79a5adba47d242b09809b7f21177c2886428a8f69e5c
G22,872,13318,-13318,-13318,1,0,0.250443,40716dfd7af21d0a5d55300f7fe26bc2922d2d48862a2176a36e9cf79daf684f
G22,873,13358,-13358,-13358,1,0,0.262336,e62e073eaa021852e74cba1e6da914780608fa47babc22a64007d6914869e4e2
G22,874,13355,-13355,-13355,1,0,0.262374,3f41a46363bb5933e4d9c6dd54beb7d5bf22a34e9bcc85534ca7034074136ade
G22,875,13358,-13358,-13358,1,0,0.241942,11efe8d283ae19d7c8d5283eda09be9859339585593f2f96206bf6db926bb7e4
G22,876,13357,-13357,-13357,1,0,0.251231,853c8c33bf547876ea802dadd20b894b8f0d7b3c6eff382c3b5bc5cd0e5ee746
G22,877,13319,-13319,-13319,1,0,0.283299,813e53847870b483c7177e554f4aeb856d9c6106e098fedf19485b3e3be40ac3
G22,878,13315,-13315,-13315,1,0,0.255140,bc84ff9302cbcdd170749022dc6c76ee54bfb15535c3b44cca283cb91d5a6b06
G22,879,13354,-13354,-13354,1,0,0.266823,3bf702f4b369a40999bfbd53ae5b0f73038d830e5132912204316427e8e576f5
G22,880,13354,-13354,-13354,1,0,0.270824,2bef2939e9c2ed96a7d17217a3f313da920898a32540bcf9f44243bbdff616af
G22,881,13355,-13355,-13355,1,0,0.255607,fc5a403e079abae63af3404b66063c0f7d5a8e618073d3ad4204649a10dddec4
G22,882,13356,-13356,-13356,1,0,0.238648,8a09fdb9d74fde00c1d695e5ba400b3d890b0afeb49d58d5b8330e450308df88
G22,883,13358,-13358,-13358,1,0,0.242729,e3bbdd5ccdf000038e9bc8395e25c33c17725f1cdee8cd119f24a4182dfcca11
G22,884,13358,-13358,-13358,1,0,0.234465,f5abb8c1ab17e20c8201384d017fc9044d55460e58441bf24b9018f98642fd04
G22,885,13357,-13357,-13357,1,0,0.241379,3f06f7f5e90bfdec06785e49b0b5b2bd85a454b4750c435c77bd0088f8c02be1
G22,886,13321,-13321,-13321,1,0,0.227948,d21f18014c181af0b3c307594dd63ca3ff73fc3dec0dcc29dcecab3258372210
G22,887,13358,-13358,-13358,1,0,0.247446,d4494c8e32988b8f39e812b406728d331a78e7b573f87e225cb1dd538c29cf01
G22,888,13358,-13358,-13358,1,0,0.231748,2c9c80171cd89b76e279370b860a68d4547f85208b382b2302a968b43c12114f
G22,889,13356,-13356,-13356,1,0,0.237735,f7f8a4b601868845780c2d1867186d22f1e5df73bfb79d4cc7269682327b4012
G22,890,13357,-13357,-13357,1,0,0.246800,409352153da7bfb181dc518c3d016a5e911ae631a1f67faa59cd158d5ebcdebc
G22,891,13357,-13357,-13357,1,0,0.249491,83ac1c690a2f909cbdf42d912bc580f439197bcb74740d9c2bb6ccc4c38c075b
G22,892,13322,-13322,-13322,1,0,0.236511,fe7c23fe84ce76ac1f45f57a3b26283c93aeab7ca8f722e6429dec51de18c502
