id,seed,energy,penalty_units,feasible,cost,hit,time_us
MP_P507-A,1,1.05252787278,0,1,68.2077163925,0,487.60
MP_P507-A,2,1,1,0,0,0,478.90
MP_P507-A,3,1,1,0,0,0,480.10
MP_P507-A,4,1,1,0,0,0,477.90
MP_P507-A,5,0.906280716083,0,1,58.7303573169,1,483.70
MP_P507-A,6,1,1,0,0,0,476.30
MP_P507-A,7,1.08677292716,0,1,70.4269231398,0,513.10
MP_P507-A,8,1.08396273416,0,1,70.2448121928,0,484.10
MP_P507-A,9,1.05252787278,0,1,68.2077163925,0,481.50
MP_P507-A,10,1.49061827895,0,1,96.5976022572,0,476.60
MP_P507-A,11,1.08396273416,0,1,70.2448121928,0,477.00
MP_P507-A,12,0.999060282257,0,1,64.7428178894,0,478.30
MP_P507-A,13,1.08396273416,0,1,70.2448121928,0,479.00
MP_P507-A,14,1,1,0,0,0,476.40
MP_P507-A,15,1.08396273416,0,1,70.2448121928,0,473.20
MP_P507-A,16,1.23226327597,0,1,79.8552382525,0,479.60
MP_P507-A,17,1.49061827895,0,1,96.5976022572,0,480.00
MP_P507-A,18,0.909090909091,0,1,58.9124682639,0,478.50
MP_P507-A,19,0.906280716083,0,1,58.7303573169,1,478.40
MP_P507-A,20,0.999060282257,0,1,64.7428178894,0,476.80
MP_P507-A,21,1.08396273416,0,1,70.2448121928,0,477.10
MP_P507-A,22,0.909090909091,0,1,58.9124682639,0,476.90
MP_P507-A,23,0.909090909091,0,1,58.9124682639,0,478.60
MP_P507-A,24,1.05252787278,0,1,68.2077163925,0,476.40
MP_P507-A,25,0.906280716083,0,1,58.7303573169,1,481.40
MP_P507-A,26,0.999060282257,0,1,64.7428178894,0,478.00
MP_P507-A,27,1,1,0,0,0,482.50
MP_P507-A,28,0.909090909091,0,1,58.9124682639,0,477.70
MP_P507-A,29,1,1,0,0,0,482.00
MP_P507-A,30,0.906280716083,0,1,58.7303573169,1,478.90
MP_P507-A,31,1.08396273416,0,1,70.2448121928,0,478.00
MP_P507-A,32,0.909090909091,0,1,58.9124682639,0,476.50
MP_P507-A,33,0.999060282257,0,1,64.7428178894,0,480.90
MP_P507-A,34,0.906280716083,0,1,58.7303573169,1,478.60
MP_P507-A,35,0.906280716083,0,1,58.7303573169,1,480.10
MP_P507-A,36,1.08396273416,0,1,70.2448121928,0,476.10
MP_P507-A,37,1,1,0,0,0,482.20
MP_P507-A,38,1,1,0,0,0,476.40
MP_P507-A,39,0.909090909091,0,1,58.9124682639,0,477.90
MP_P507-A,40,0.999060282257,0,1,64.7428178894,0,506.10
MP_P507-A,41,1,1,0,0,0,491.90
MP_P507-A,42,1,1,0,0,0,479.40
MP_P507-A,43,0.999060282257,0,1,64.7428178894,0,489.70
MP_P507-A,44,0.906280716083,0,1,58.7303573169,1,477.10
MP_P507-A,45,1.08396273416,0,1,70.2448121928,0,478.10
MP_P507-A,46,0.999060282257,0,1,64.7428178894,0,478.10
MP_P507-A,47,1,1,0,0,0,478.30
MP_P507-A,48,0.906280716083,0,1,58.7303573169,1,490.40
MP_P507-A,49,1.05252787278,0,1,68.2077163925,0,478.70
MP_P507-A,50,1.05252787278,0,1,68.2077163925,0,482.80
MP_P507-A,51,0.999060282257,0,1,64.7428178894,0,477.70
MP_P507-A,52,1,1,0,0,0,477.80
MP_P507-A,53,0.999060282257,0,1,64.7428178894,0,480.90
MP_P507-A,54,1.05252787278,0,1,68.2077163925,0,479.00
MP_P507-A,55,0.906280716083,0,1,58.7303573169,1,479.20
MP_P507-A,56,0.906280716083,0,1,58.7303573169,1,479.60
MP_P507-A,57,0.999060282257,0,1,64.7428178894,0,477.60
MP_P507-A,58,0.999060282257,0,1,64.7428178894,0,480.10
MP_P507-A,59,1,1,0,0,0,477.20
MP_P507-A,60,0.906280716083,0,1,58.7303573169,1,481.70
MP_P507-A,61,1.08677292716,0,1,70.4269231398,0,481.50
MP_P507-A,62,1.39390206897,0,1,90.3300325413,0,476.10
MP_P507-A,63,1.23226327597,0,1,79.8552382525,0,482.20
MP_P507-A,64,0.909090909091,0,1,58.9124682639,0,477.40
MP_P507-B,1,0.907516878169,0,1,50.1967481937,1,389.30
MP_P507-B,2,1,1,0,0,0,382.70
MP_P507-B,3,1.06148203359,0,1,58.712898497,0,380.50
MP_P507-B,4,0.909090909091,0,1,50.283811295,0,384.60
MP_P507-B,5,1.23694920421,0,1,68.4183724024,0,398.80
MP_P507-B,6,0.907516878169,0,1,50.1967481937,1,402.00
MP_P507-B,7,0.909090909091,0,1,50.283811295,0,381.00
MP_P507-B,8,0.909090909091,0,1,50.283811295,0,387.50
MP_P507-B,9,0.907516878169,0,1,50.1967481937,1,388.00
MP_P507-B,10,1.01793572346,0,1,56.304256612,0,413.00
MP_P507-B,11,1,1,0,0,0,384.10
MP_P507-B,12,1.01793572346,0,1,56.304256612,0,382.80
MP_P507-B,13,1.06148203359,0,1,58.712898497,0,407.60
MP_P507-B,14,0.907516878169,0,1,50.1967481937,1,441.00
MP_P507-B,15,1.08057830462,0,1,59.7691551151,0,383.40
MP_P507-B,16,0.909090909091,0,1,50.283811295,0,384.10
MP_P507-B,17,1.23694920421,0,1,68.4183724024,0,432.70
MP_P507-B,18,1,1,0,0,0,382.10
MP_P507-B,19,0.907516878169,0,1,50.1967481937,1,423.40
MP_P507-B,20,1.01793572346,0,1,56.304256612,0,405.40
MP_P507-B,21,0.907516878169,0,1,50.1967481937,1,392.10
MP_P507-B,22,0.909090909091,0,1,50.283811295,0,394.00
MP_P507-B,23,0.907516878169,0,1,50.1967481937,1,396.70
MP_P507-B,24,1.01793572346,0,1,56.304256612,0,400.60
MP_P507-B,25,1.40220146478,0,1,77.5588372375,0,382.60
MP_P507-B,26,1,1,0,0,0,385.10
MP_P507-B,27,1.51723247842,0,1,83.9214547992,0,398.10
MP_P507-B,28,0.909090909091,0,1,50.283811295,0,398.70
MP_P507-B,29,1.01793572346,0,1,56.304256612,0,386.50
MP_P507-B,30,0.909090909091,0,1,50.283811295,0,382.30
MP_P507-B,31,1,1,0,0,0,381.90
MP_P507-B,32,1.08057830462,0,1,59.7691551151,0,382.60
MP_P507-B,33,1,1,0,0,0,394.80
MP_P507-B,34,1.06305606451,0,1,58.7999615983,0,402.00
MP_P507-B,35,1.06305606451,0,1,58.7999615983,0,380.20
MP_P507-B,36,1.51723247842,0,1,83.9214547992,0,382.90
MP_P507-B,37,0.907516878169,0,1,50.1967481937,1,386.30
MP_P507-B,38,1.06305606451,0,1,58.7999615983,0,382.60
MP_P507-B,39,0.909090909091,0,1,50.283811295,0,382.20
MP_P507-B,40,1.23694920421,0,1,68.4183724024,0,388.60
MP_P507-B,41,0.909090909091,0,1,50.283811295,0,382.70
MP_P507-B,42,1,1,0,0,0,386.50
MP_P507-B,43,1.08057830462,0,1,59.7691551151,0,382.60
MP_P507-B,44,1.01793572346,0,1,56.304256612,0,382.20
MP_P507-B,45,1.57987505958,0,1,87.3863533024,0,410.20
MP_P507-B,46,0.909090909091,0,1,50.283811295,0,381.20
MP_P507-B,47,1,1,0,0,0,382.20
MP_P507-B,48,1.01793572346,0,1,56.304256612,0,385.30
MP_P507-B,49,1,1,0,0,0,380.50
MP_P507-B,50,1.51723247842,0,1,83.9214547992,0,381.70
MP_P507-B,51,0.907516878169,0,1,50.1967481937,1,383.70
MP_P507-B,52,1.23694920421,0,1,68.4183724024,0,382.70
MP_P507-B,53,0.909090909091,0,1,50.283811295,0,415.20
MP_P507-B,54,1.69083444979,0,1,93.5237604447,0,383.80
MP_P507-B,55,1,1,0,0,0,384.50
MP_P507-B,56,1.06148203359,0,1,58.712898497,0,381.50
MP_P507-B,57,1.01793572346,0,1,56.304256612,0,382.10
MP_P507-B,58,1.40220146478,0,1,77.5588372375,0,383.50
MP_P507-B,59,1.06305606451,0,1,58.7999615983,0,382.90
MP_P507-B,60,0.907516878169,0,1,50.1967481937,1,387.20
MP_P507-B,61,1.23694920421,0,1,68.4183724024,0,384.30
MP_P507-B,62,1.01793572346,0,1,56.304256612,0,384.90
MP_P507-B,63,1.06148203359,0,1,58.712898497,0,384.10
MP_P507-B,64,0.907516878169,0,1,50.1967481937,1,382.80
R4_0,1,0.909090909091,0,1,95.442063869,0,255.70
R4_0,2,0.952295367913,0,1,99.9779388591,0,508.10
R4_0,3,0.892312571139,0,1,93.6805687464,1,361.80
R4_0,4,0.909090909091,0,1,95.442063869,0,405.10
R4_0,5,0.952295367913,0,1,99.9779388591,0,413.20
R4_0,6,0.952295367913,0,1,99.9779388591,0,315.80
R4_0,7,1.16531450412,0,1,122.342023463,0,299.60
R4_0,8,1,1,0,0,0,328.30
R4_0,9,0.892312571139,0,1,93.6805687464,1,336.90
R4_0,10,0.952295367913,0,1,99.9779388591,0,334.00
R4_0,11,0.952295367913,0,1,99.9779388591,0,324.30
R4_0,12,1.16531450412,0,1,122.342023463,0,214.00
R4_0,13,0.892312571139,0,1,93.6805687464,1,181.60
R4_0,14,1,1,0,0,0,174.80
R4_0,15,0.952295367913,0,1,99.9779388591,0,174.90
R4_0,16,0.892312571139,0,1,93.6805687464,1,175.30
R4_0,17,0.892312571139,0,1,93.6805687464,1,178.30
R4_0,18,1,1,0,0,0,174.00
R4_0,19,0.892312571139,0,1,93.6805687464,1,175.40
R4_0,20,0.892312571139,0,1,93.6805687464,1,174.20
R4_0,21,0.909090909091,0,1,95.442063869,0,174.10
R4_0,22,1.16531450412,0,1,122.342023463,0,176.40
R4_0,23,0.892312571139,0,1,93.6805687464,1,178.00
R4_0,24,0.892312571139,0,1,93.6805687464,1,173.60
R4_0,25,0.909090909091,0,1,95.442063869,0,180.60
R4_0,26,0.952295367913,0,1,99.9779388591,0,181.10
R4_0,27,1.29165569897,0,1,135.606114289,0,174.80
R4_0,28,0.909090909091,0,1,95.442063869,0,177.50
R4_0,29,0.909090909091,0,1,95.442063869,0,173.90
R4_0,30,1,1,0,0,0,173.80
R4_0,31,0.892312571139,0,1,93.6805687464,1,175.00
R4_0,32,0.952295367913,0,1,99.9779388591,0,178.80
R4_0,33,1,1,0,0,0,173.80
R4_0,34,0.892312571139,0,1,93.6805687464,1,173.90
R4_0,35,1.16531450412,0,1,122.342023463,0,177.00
R4_0,36,0.892312571139,0,1,93.6805687464,1,175.40
R4_0,37,1.16531450412,0,1,122.342023463,0,175.10
R4_0,38,1,1,0,0,0,177.10
R4_0,39,0.909090909091,0,1,95.442063869,0,180.10
R4_0,40,0.952295367913,0,1,99.9779388591,0,175.80
R4_0,41,0.952295367913,0,1,99.9779388591,0,174.40
R4_0,42,0.909090909091,0,1,95.442063869,0,176.70
R4_0,43,0.952295367913,0,1,99.9779388591,0,175.60
R4_0,44,0.909090909091,0,1,95.442063869,0,176.60
R4_0,45,0.892312571139,0,1,93.6805687464,1,178.30
R4_0,46,1,1,0,0,0,180.40
R4_0,47,1,1,0,0,0,175.20
R4_0,48,0.892312571139,0,1,93.6805687464,1,176.00
R4_0,49,0.909090909091,0,1,95.442063869,0,174.50
R4_0,50,1,1,0,0,0,175.10
R4_0,51,1.29165569897,0,1,135.606114289,0,178.20
R4_0,52,0.952295367913,0,1,99.9779388591,0,177.10
R4_0,53,0.892312571139,0,1,93.6805687464,1,175.10
R4_0,54,1,1,0,0,0,174.30
R4_0,55,0.892312571139,0,1,93.6805687464,1,175.10
R4_0,56,1,1,0,0,0,177.30
R4_0,57,0.892312571139,0,1,93.6805687464,1,175.80
R4_0,58,0.892312571139,0,1,93.6805687464,1,175.30
R4_0,59,1,1,0,0,0,175.70
R4_0,60,0.892312571139,0,1,93.6805687464,1,175.00
R4_0,61,0.892312571139,0,1,93.6805687464,1,176.30
R4_0,62,0.952295367913,0,1,99.9779388591,0,177.40
R4_0,63,0.909090909091,0,1,95.442063869,0,176.30
R4_0,64,0.952295367913,0,1,99.9779388591,0,175.60
R4_1,1,1.11571517008,0,1,96.1063728068,0,178.10
R4_1,2,1.09571803579,0,1,94.3838435313,0,176.40
R4_1,3,0.909090909091,0,1,78.3080056336,1,180.90
R4_1,4,1,1,0,0,0,174.70
R4_1,5,1.09571803579,0,1,94.3838435313,0,175.30
R4_1,6,1.09571803579,0,1,94.3838435313,0,178.90
R4_1,7,0.909090909091,0,1,78.3080056336,1,175.60
R4_1,8,1,1,0,0,0,177.30
R4_1,9,1,1,0,0,0,173.90
R4_1,10,1.24313910816,0,1,107.082518714,0,174.70
R4_1,11,0.909090909091,0,1,78.3080056336,1,174.60
R4_1,12,1.09571803579,0,1,94.3838435313,0,173.30
R4_1,13,1,1,0,0,0,173.00
R4_1,14,1,1,0,0,0,174.70
R4_1,15,0.909090909091,0,1,78.3080056336,1,180.80
R4_1,16,1.11571517008,0,1,96.1063728068,0,175.70
R4_1,17,0.909090909091,0,1,78.3080056336,1,173.70
R4_1,18,1.24313910816,0,1,107.082518714,0,174.50
R4_1,19,1.24313910816,0,1,107.082518714,0,175.20
R4_1,20,1.24313910816,0,1,107.082518714,0,174.10
R4_1,21,1.11571517008,0,1,96.1063728068,0,174.30
R4_1,22,1.27273134253,0,1,109.631558455,0,180.10
R4_1,23,1.09571803579,0,1,94.3838435313,0,174.90
R4_1,24,1,1,0,0,0,173.80
R4_1,25,1.09571803579,0,1,94.3838435313,0,176.30
R4_1,26,1,1,0,0,0,173.30
R4_1,27,1.09571803579,0,1,94.3838435313,0,176.20
R4_1,28,0.909090909091,0,1,78.3080056336,1,176.00
R4_1,29,1.27273134253,0,1,109.631558455,0,174.70
R4_1,30,1,1,0,0,0,176.30
R4_1,31,0.909090909091,0,1,78.3080056336,1,173.60
R4_1,32,0.909090909091,0,1,78.3080056336,1,174.10
R4_1,33,1,1,0,0,0,179.30
R4_1,34,0.909090909091,0,1,78.3080056336,1,174.60
R4_1,35,0.909090909091,0,1,78.3080056336,1,174.00
R4_1,36,1,1,0,0,0,181.10
R4_1,37,1.09571803579,0,1,94.3838435313,0,175.30
R4_1,38,1.27273134253,0,1,109.631558455,0,174.80
R4_1,39,1.11571517008,0,1,96.1063728068,0,175.70
R4_1,40,1,1,0,0,0,172.30
R4_1,41,1.27273134253,0,1,109.631558455,0,174.30
R4_1,42,0.909090909091,0,1,78.3080056336,1,176.30
R4_1,43,1,1,0,0,0,172.00
R4_1,44,1.09571803579,0,1,94.3838435313,0,175.60
R4_1,45,1.09571803579,0,1,94.3838435313,0,174.40
R4_1,46,1,1,0,0,0,173.50
R4_1,47,0.909090909091,0,1,78.3080056336,1,178.30
R4_1,48,1,1,0,0,0,174.10
R4_1,49,0.909090909091,0,1,78.3080056336,1,173.60
R4_1,50,1,1,0,0,0,174.30
R4_1,51,1.27273134253,0,1,109.631558455,0,174.70
R4_1,52,0.909090909091,0,1,78.3080056336,1,175.60
R4_1,53,1,1,0,0,0,174.70
R4_1,54,1,1,0,0,0,173.80
R4_1,55,1.11571517008,0,1,96.1063728068,0,174.10
R4_1,56,0.909090909091,0,1,78.3080056336,1,174.60
R4_1,57,1.27273134253,0,1,109.631558455,0,173.40
R4_1,58,0.909090909091,0,1,78.3080056336,1,203.60
R4_1,59,1.11571517008,0,1,96.1063728068,0,179.00
R4_1,60,1,1,0,0,0,173.20
R4_1,61,0.909090909091,0,1,78.3080056336,1,174.20
R4_1,62,1.09571803579,0,1,94.3838435313,0,175.30
R4_1,63,1.09571803579,0,1,94.3838435313,0,175.40
R4_1,64,0.909090909091,0,1,78.3080056336,1,175.60
R4_2,1,0.909090909091,0,1,119.588480975,1,225.00
R4_2,2,1.0824734031,0,1,142.396484969,0,236.60
R4_2,3,1.0824734031,0,1,142.396484969,0,217.40
R4_2,4,0.909090909091,0,1,119.588480975,1,217.90
R4_2,5,1.0824734031,0,1,142.396484969,0,224.40
R4_2,6,1.02659912031,0,1,135.046372304,0,256.10
R4_2,7,1.15588962808,0,1,152.054193277,0,217.10
R4_2,8,0.909090909091,0,1,119.588480975,1,219.00
R4_2,9,0.909090909091,0,1,119.588480975,1,216.30
R4_2,10,0.948260238551,0,1,124.741101647,0,226.80
R4_2,11,1,1,0,0,0,236.60
R4_2,12,1.02659912031,0,1,135.046372304,0,217.50
R4_2,13,0.948260238551,0,1,124.741101647,0,216.10
R4_2,14,1.15588962808,0,1,152.054193277,0,220.80
R4_2,15,0.909090909091,0,1,119.588480975,1,216.20
R4_2,16,1.02659912031,0,1,135.046372304,0,218.90
R4_2,17,0.948260238551,0,1,124.741101647,0,217.00
R4_2,18,1.15588962808,0,1,152.054193277,0,216.20
R4_2,19,0.948260238551,0,1,124.741101647,0,219.70
R4_2,20,1,1,0,0,0,214.60
R4_2,21,0.948260238551,0,1,124.741101647,0,216.00
R4_2,22,1.0824734031,0,1,142.396484969,0,217.10
R4_2,23,0.948260238551,0,1,124.741101647,0,217.00
R4_2,24,1,1,0,0,0,212.50
R4_2,25,0.948260238551,0,1,124.741101647,0,215.70
R4_2,26,1,1,0,0,0,213.00
R4_2,27,0.909090909091,0,1,119.588480975,1,215.00
R4_2,28,0.948260238551,0,1,124.741101647,0,228.90
R4_2,29,1.15588962808,0,1,152.054193277,0,216.60
R4_2,30,0.948260238551,0,1,124.741101647,0,215.20
R4_2,31,0.909090909091,0,1,119.588480975,1,218.60
R4_2,32,0.948260238551,0,1,124.741101647,0,217.10
R4_2,33,1.02659912031,0,1,135.046372304,0,220.90
R4_2,34,0.909090909091,0,1,119.588480975,1,216.20
R4_2,35,1,1,0,0,0,213.80
R4_2,36,1.02659912031,0,1,135.046372304,0,217.40
R4_2,37,0.909090909091,0,1,119.588480975,1,219.20
R4_2,38,1,1,0,0,0,215.50
R4_2,39,0.948260238551,0,1,124.741101647,0,219.30
R4_2,40,1,1,0,0,0,214.50
R4_2,41,1.02659912031,0,1,135.046372304,0,219.40
R4_2,42,0.909090909091,0,1,119.588480975,1,216.50
R4_2,43,1.02659912031,0,1,135.046372304,0,216.90
R4_2,44,0.948260238551,0,1,124.741101647,0,218.30
R4_2,45,0.948260238551,0,1,124.741101647,0,216.30
R4_2,46,0.909090909091,0,1,119.588480975,1,216.30
R4_2,47,0.948260238551,0,1,124.741101647,0,216.40
R4_2,48,0.909090909091,0,1,119.588480975,1,219.60
R4_2,49,0.909090909091,0,1,119.588480975,1,216.60
R4_2,50,1.02659912031,0,1,135.046372304,0,218.00
R4_2,51,0.909090909091,0,1,119.588480975,1,217.00
R4_2,52,1,1,0,0,0,217.20
R4_2,53,1.02659912031,0,1,135.046372304,0,218.50
R4_2,54,0.909090909091,0,1,119.588480975,1,215.90
R4_2,55,0.909090909091,0,1,119.588480975,1,216.00
R4_2,56,0.948260238551,0,1,124.741101647,0,217.20
R4_2,57,0.948260238551,0,1,124.741101647,0,218.40
R4_2,58,1,1,0,0,0,213.70
R4_2,59,1,1,0,0,0,215.10
R4_2,60,0.948260238551,0,1,124.741101647,0,214.70
R4_2,61,0.909090909091,0,1,119.588480975,1,214.70
R4_2,62,1,1,0,0,0,217.90
R4_2,63,1,1,0,0,0,217.00
R4_2,64,1,1,0,0,0,214.30
R4_3,1,1,1,0,0,0,217.60
R4_3,2,1.01126219858,0,1,65.7397646787,0,228.40
R4_3,3,0.909090909091,0,1,59.0978507051,1,270.20
R4_3,4,1,1,0,0,0,217.90
R4_3,5,0.909090909091,0,1,59.0978507051,1,216.70
R4_3,6,1.01126219858,0,1,65.7397646787,0,217.50
R4_3,7,0.909090909091,0,1,59.0978507051,1,217.50
R4_3,8,1,1,0,0,0,176.10
R4_3,9,1,1,0,0,0,174.90
R4_3,10,1.30500853361,0,1,84.8355194369,0,178.90
R4_3,11,1.18833737612,0,1,77.2510033254,0,174.90
R4_3,12,1,1,0,0,0,175.00
R4_3,13,1.30500853361,0,1,84.8355194369,0,176.00
R4_3,14,1.01126219858,0,1,65.7397646787,0,175.10
R4_3,15,1,1,0,0,0,203.50
R4_3,16,1.01126219858,0,1,65.7397646787,0,177.00
R4_3,17,1,1,0,0,0,174.00
R4_3,18,1.01126219858,0,1,65.7397646787,0,202.90
R4_3,19,1.30500853361,0,1,84.8355194369,0,200.60
R4_3,20,0.909090909091,0,1,59.0978507051,1,175.60
R4_3,21,1.62284491472,0,1,105.497311136,0,177.20
R4_3,22,1.18833737612,0,1,77.2510033254,0,175.00
R4_3,23,1.01126219858,0,1,65.7397646787,0,176.40
R4_3,24,1.30500853361,0,1,84.8355194369,0,174.80
R4_3,25,1,1,0,0,0,173.10
R4_3,26,0.909090909091,0,1,59.0978507051,1,239.60
R4_3,27,1,1,0,0,0,173.90
R4_3,28,0.909090909091,0,1,59.0978507051,1,188.90
R4_3,29,1.01126219858,0,1,65.7397646787,0,181.50
R4_3,30,1,1,0,0,0,161.40
R4_3,31,1,1,0,0,0,162.00
R4_3,32,0.909090909091,0,1,59.0978507051,1,184.00
R4_3,33,1.18833737612,0,1,77.2510033254,0,167.40
R4_3,34,0.909090909091,0,1,59.0978507051,1,168.60
R4_3,35,0.909090909091,0,1,59.0978507051,1,185.50
R4_3,36,1.01126219858,0,1,65.7397646787,0,175.40
R4_3,37,1,1,0,0,0,175.60
R4_3,38,1,1,0,0,0,171.80
R4_3,39,1.01126219858,0,1,65.7397646787,0,175.10
R4_3,40,0.909090909091,0,1,59.0978507051,1,200.30
R4_3,41,1,1,0,0,0,161.60
R4_3,42,1.30500853361,0,1,84.8355194369,0,162.00
R4_3,43,1,1,0,0,0,198.80
R4_3,44,0.909090909091,0,1,59.0978507051,1,176.00
R4_3,45,0.909090909091,0,1,59.0978507051,1,198.70
R4_3,46,0.909090909091,0,1,59.0978507051,1,161.60
R4_3,47,1.30500853361,0,1,84.8355194369,0,161.20
R4_3,48,0.909090909091,0,1,59.0978507051,1,164.20
R4_3,49,1,1,0,0,0,205.50
R4_3,50,1.01126219858,0,1,65.7397646787,0,188.00
R4_3,51,1,1,0,0,0,175.70
R4_3,52,1.01126219858,0,1,65.7397646787,0,163.50
R4_3,53,1.01126219858,0,1,65.7397646787,0,180.40
R4_3,54,1.01126219858,0,1,65.7397646787,0,192.20
R4_3,55,1,1,0,0,0,173.10
R4_3,56,1.01126219858,0,1,65.7397646787,0,175.10
R4_3,57,1,1,0,0,0,184.00
R4_3,58,1.01126219858,0,1,65.7397646787,0,174.20
R4_3,59,0.909090909091,0,1,59.0978507051,1,175.50
R4_3,60,1.01126219858,0,1,65.7397646787,0,175.70
R4_3,61,0.909090909091,0,1,59.0978507051,1,176.30
R4_3,62,1,1,0,0,0,174.10
R4_3,63,1.01126219858,0,1,65.7397646787,0,179.30
R4_3,64,1.01126219858,0,1,65.7397646787,0,176.00
R4_4,1,0.909090909091,0,1,78.4792754339,1,176.90
R4_4,2,0.909090909091,0,1,78.4792754339,1,189.10
R4_4,3,0.909090909091,0,1,78.4792754339,1,228.50
R4_4,4,1.11065417483,0,1,95.8796683882,0,175.40
R4_4,5,0.909090909091,0,1,78.4792754339,1,174.30
R4_4,6,1.11065417483,0,1,95.8796683882,0,174.90
R4_4,7,0.909090909091,0,1,78.4792754339,1,184.60
R4_4,8,1.11065417483,0,1,95.8796683882,0,191.80
R4_4,9,0.963176131375,0,1,83.1483013961,0,175.70
R4_4,10,0.909090909091,0,1,78.4792754339,1,175.00
R4_4,11,0.963176131375,0,1,83.1483013961,0,198.90
R4_4,12,1,1,0,0,0,161.50
R4_4,13,0.963176131375,0,1,83.1483013961,0,204.50
R4_4,14,1,1,0,0,0,198.60
R4_4,15,0.963176131375,0,1,83.1483013961,0,175.70
R4_4,16,0.963176131375,0,1,83.1483013961,0,176.60
R4_4,17,1.11065417483,0,1,95.8796683882,0,175.00
R4_4,18,0.909090909091,0,1,78.4792754339,1,174.50
R4_4,19,0.963176131375,0,1,83.1483013961,0,185.80
R4_4,20,1,1,0,0,0,173.10
R4_4,21,1.11065417483,0,1,95.8796683882,0,175.70
R4_4,22,1.11065417483,0,1,95.8796683882,0,175.90
R4_4,23,0.963176131375,0,1,83.1483013961,0,173.70
R4_4,24,0.909090909091,0,1,78.4792754339,1,181.90
R4_4,25,0.909090909091,0,1,78.4792754339,1,173.30
R4_4,26,1,1,0,0,0,173.90
R4_4,27,1.16014471598,0,1,100.152048379,0,175.60
R4_4,28,0.909090909091,0,1,78.4792754339,1,175.20
R4_4,29,0.963176131375,0,1,83.1483013961,0,174.60
R4_4,30,0.963176131375,0,1,83.1483013961,0,177.60
R4_4,31,0.909090909091,0,1,78.4792754339,1,174.20
R4_4,32,1.11065417483,0,1,95.8796683882,0,175.40
R4_4,33,0.963176131375,0,1,83.1483013961,0,181.20
R4_4,34,0.909090909091,0,1,78.4792754339,1,174.80
R4_4,35,0.909090909091,0,1,78.4792754339,1,174.00
R4_4,36,0.963176131375,0,1,83.1483013961,0,174.10
R4_4,37,1,1,0,0,0,174.30
R4_4,38,1,1,0,0,0,172.50
R4_4,39,1.11065417483,0,1,95.8796683882,0,174.70
R4_4,40,0.963176131375,0,1,83.1483013961,0,174.00
R4_4,41,0.963176131375,0,1,83.1483013961,0,179.20
R4_4,42,1.24029439585,0,1,107.071146062,0,176.00
R4_4,43,1.11065417483,0,1,95.8796683882,0,176.20
R4_4,44,0.963176131375,0,1,83.1483013961,0,176.40
R4_4,45,1.24029439585,0,1,107.071146062,0,176.60
R4_4,46,1,1,0,0,0,173.00
R4_4,47,0.909090909091,0,1,78.4792754339,1,179.00
R4_4,48,1.11065417483,0,1,95.8796683882,0,180.80
R4_4,49,1,1,0,0,0,172.30
R4_4,50,1.11065417483,0,1,95.8796683882,0,174.60
R4_4,51,1.16014471598,0,1,100.152048379,0,175.60
R4_4,52,0.909090909091,0,1,78.4792754339,1,175.30
R4_4,53,0.963176131375,0,1,83.1483013961,0,178.50
R4_4,54,0.909090909091,0,1,78.4792754339,1,173.80
R4_4,55,1,1,0,0,0,173.70
R4_4,56,1,1,0,0,0,173.30
R4_4,57,1,1,0,0,0,173.00
R4_4,58,0.909090909091,0,1,78.4792754339,1,175.90
R4_4,59,1,1,0,0,0,175.60
R4_4,60,1.11065417483,0,1,95.8796683882,0,174.60
R4_4,61,1.16014471598,0,1,100.152048379,0,176.40
R4_4,62,1.16014471598,0,1,100.152048379,0,175.00
R4_4,63,1.11065417483,0,1,95.8796683882,0,176.70
R4_4,64,0.909090909091,0,1,78.4792754339,1,177.10
R4_5,1,0.909090909091,0,1,110.628882742,0,176.60
R4_5,2,1.00848823911,0,1,122.724719866,0,178.70
R4_5,3,0.899704882087,0,1,109.486680493,1,175.60
R4_5,4,1.09973422558,0,1,133.828605558,0,177.80
R4_5,5,0.909090909091,0,1,110.628882742,0,175.20
R4_5,6,0.909090909091,0,1,110.628882742,0,175.00
R4_5,7,0.899704882087,0,1,109.486680493,1,178.40
R4_5,8,1,1,0,0,0,178.10
R4_5,9,0.909090909091,0,1,110.628882742,0,175.70
R4_5,10,0.909090909091,0,1,110.628882742,0,173.20
R4_5,11,0.899704882087,0,1,109.486680493,1,174.80
R4_5,12,1.00848823911,0,1,122.724719866,0,175.70
R4_5,13,0.899704882087,0,1,109.486680493,1,177.70
R4_5,14,0.899704882087,0,1,109.486680493,1,176.60
R4_5,15,0.909090909091,0,1,110.628882742,0,175.30
R4_5,16,1,1,0,0,0,174.30
R4_5,17,0.909090909091,0,1,110.628882742,0,174.30
R4_5,18,1.00848823911,0,1,122.724719866,0,176.80
R4_5,19,0.909090909091,0,1,110.628882742,0,174.40
R4_5,20,0.909090909091,0,1,110.628882742,0,174.70
R4_5,21,0.949620180487,0,1,115.560961556,0,174.20
R4_5,22,0.909090909091,0,1,110.628882742,0,174.70
R4_5,23,1.00848823911,0,1,122.724719866,0,175.20
R4_5,24,0.909090909091,0,1,110.628882742,0,177.50
R4_5,25,0.899704882087,0,1,109.486680493,1,230.30
R4_5,26,0.899704882087,0,1,109.486680493,1,175.40
R4_5,27,0.909090909091,0,1,110.628882742,0,175.60
R4_5,28,1,1,0,0,0,173.60
R4_5,29,0.899704882087,0,1,109.486680493,1,174.90
R4_5,30,0.909090909091,0,1,110.628882742,0,178.40
R4_5,31,1.00848823911,0,1,122.724719866,0,175.00
R4_5,32,1.00848823911,0,1,122.724719866,0,175.60
R4_5,33,0.909090909091,0,1,110.628882742,0,173.60
R4_5,34,1.09973422558,0,1,133.828605558,0,176.10
R4_5,35,0.949620180487,0,1,115.560961556,0,175.60
R4_5,36,1.00848823911,0,1,122.724719866,0,175.70
R4_5,37,1,1,0,0,0,173.60
R4_5,38,1,1,0,0,0,183.40
R4_5,39,1,1,0,0,0,181.60
R4_5,40,0.899704882087,0,1,109.486680493,1,176.00
R4_5,41,0.909090909091,0,1,110.628882742,0,176.10
R4_5,42,1.00848823911,0,1,122.724719866,0,174.60
R4_5,43,1.00848823911,0,1,122.724719866,0,174.10
R4_5,44,0.899704882087,0,1,109.486680493,1,175.80
R4_5,45,1.00848823911,0,1,122.724719866,0,180.20
R4_5,46,1.09973422558,0,1,133.828605558,0,185.60
R4_5,47,0.909090909091,0,1,110.628882742,0,178.60
R4_5,48,0.909090909091,0,1,110.628882742,0,173.70
R4_5,49,1,1,0,0,0,173.60
R4_5,50,0.909090909091,0,1,110.628882742,0,173.40
R4_5,51,1.09973422558,0,1,133.828605558,0,183.50
R4_5,52,0.949620180487,0,1,115.560961556,0,188.90
R4_5,53,1,1,0,0,0,173.50
R4_5,54,0.949620180487,0,1,115.560961556,0,176.60
R4_5,55,0.899704882087,0,1,109.486680493,1,174.90
R4_5,56,0.909090909091,0,1,110.628882742,0,174.30
R4_5,57,1,1,0,0,0,179.10
R4_5,58,1.00848823911,0,1,122.724719866,0,176.70
R4_5,59,0.899704882087,0,1,109.486680493,1,175.00
R4_5,60,1.00848823911,0,1,122.724719866,0,185.80
R4_5,61,0.909090909091,0,1,110.628882742,0,167.80
R4_5,62,1.00848823911,0,1,122.724719866,0,189.50
R4_5,63,0.899704882087,0,1,109.486680493,1,179.40
R4_5,64,1.00848823911,0,1,122.724719866,0,175.20
R4_6,1,0.909090909091,0,1,96.8044240211,1,195.90
R4_6,2,1.12334938078,0,1,119.619708759,0,175.00
R4_6,3,0.909090909091,0,1,96.8044240211,1,175.80
R4_6,4,1.16384729669,0,1,123.932123925,0,176.10
R4_6,5,1.12334938078,0,1,119.619708759,0,179.50
R4_6,6,1.04946300162,0,1,111.751927544,0,176.20
R4_6,7,1,1,0,0,0,174.10
R4_6,8,1.16384729669,0,1,123.932123925,0,181.00
R4_6,9,1.03793505504,0,1,110.524375692,0,181.00
R4_6,10,0.909090909091,0,1,96.8044240211,1,173.80
R4_6,11,1.03793505504,0,1,110.524375692,0,182.20
R4_6,12,0.909090909091,0,1,96.8044240211,1,180.50
R4_6,13,1,1,0,0,0,175.30
R4_6,14,1,1,0,0,0,174.70
R4_6,15,1,1,0,0,0,196.80
R4_6,16,0.909090909091,0,1,96.8044240211,1,181.50
R4_6,17,0.909090909091,0,1,96.8044240211,1,189.60
R4_6,18,1.03793505504,0,1,110.524375692,0,217.90
R4_6,19,0.909090909091,0,1,96.8044240211,1,187.10
R4_6,20,1.12334938078,0,1,119.619708759,0,174.40
R4_6,21,1.03793505504,0,1,110.524375692,0,175.60
R4_6,22,1.12334938078,0,1,119.619708759,0,199.60
R4_6,23,1,1,0,0,0,173.30
R4_6,24,1,1,0,0,0,172.20
R4_6,25,0.909090909091,0,1,96.8044240211,1,179.80
R4_6,26,1.03793505504,0,1,110.524375692,0,174.70
R4_6,27,0.909090909091,0,1,96.8044240211,1,177.50
R4_6,28,0.909090909091,0,1,96.8044240211,1,174.50
R4_6,29,0.909090909091,0,1,96.8044240211,1,179.20
R4_6,30,1.12334938078,0,1,119.619708759,0,173.90
R4_6,31,1.03793505504,0,1,110.524375692,0,174.80
R4_6,32,1.12334938078,0,1,119.619708759,0,174.60
R4_6,33,1.04946300162,0,1,111.751927544,0,177.00
R4_6,34,1,1,0,0,0,174.90
R4_6,35,0.909090909091,0,1,96.8044240211,1,175.10
R4_6,36,1.12334938078,0,1,119.619708759,0,174.40
R4_6,37,1.04946300162,0,1,111.751927544,0,175.20
R4_6,38,1,1,0,0,0,201.20
R4_6,39,1.03793505504,0,1,110.524375692,0,176.90
R4_6,40,1.03793505504,0,1,110.524375692,0,174.40
R4_6,41,1.03793505504,0,1,110.524375692,0,174.70
R4_6,42,0.909090909091,0,1,96.8044240211,1,173.30
R4_6,43,1.16384729669,0,1,123.932123925,0,174.90
R4_6,44,1,1,0,0,0,176.90
R4_6,45,1.12334938078,0,1,119.619708759,0,175.10
R4_6,46,1.03793505504,0,1,110.524375692,0,204.80
R4_6,47,0.909090909091,0,1,96.8044240211,1,174.70
R4_6,48,1.12334938078,0,1,119.619708759,0,174.60
R4_6,49,0.909090909091,0,1,96.8044240211,1,176.40
R4_6,50,1.16384729669,0,1,123.932123925,0,175.10
R4_6,51,1,1,0,0,0,180.00
R4_6,52,1.03793505504,0,1,110.524375692,0,188.10
R4_6,53,0.909090909091,0,1,96.8044240211,1,167.90
R4_6,54,1.04946300162,0,1,111.751927544,0,187.30
R4_6,55,1.12334938078,0,1,119.619708759,0,176.90
R4_6,56,1,1,0,0,0,173.00
R4_6,57,0.909090909091,0,1,96.8044240211,1,173.00
R4_6,58,0.909090909091,0,1,96.8044240211,1,175.70
R4_6,59,0.909090909091,0,1,96.8044240211,1,174.20
R4_6,60,1.16384729669,0,1,123.932123925,0,174.90
R4_6,61,1,1,0,0,0,174.10
R4_6,62,1,1,0,0,0,182.40
R4_6,63,0.909090909091,0,1,96.8044240211,1,190.50
R4_6,64,1.04946300162,0,1,111.751927544,0,183.30
R4_7,1,0.909090909091,0,1,94.8217842585,1,184.20
R4_7,2,0.909090909091,0,1,94.8217842585,1,214.40
R4_7,3,0.909090909091,0,1,94.8217842585,1,181.70
R4_7,4,1.05185457793,0,1,109.712600646,0,182.40
R4_7,5,1.04418766787,0,1,108.912911545,0,181.80
R4_7,6,1,1,0,0,0,181.00
R4_7,7,1.04312793188,0,1,108.802376882,0,184.30
R4_7,8,1.05185457793,0,1,109.712600646,0,181.90
R4_7,9,1.06492927261,0,1,111.076343111,0,181.60
R4_7,10,0.909090909091,0,1,94.8217842585,1,195.80
R4_7,11,1.04418766787,0,1,108.912911545,0,202.30
R4_7,12,1.04418766787,0,1,108.912911545,0,182.50
R4_7,13,1,1,0,0,0,181.80
R4_7,14,1.04312793188,0,1,108.802376882,0,181.30
R4_7,15,1.06492927261,0,1,111.076343111,0,183.10
R4_7,16,1,1,0,0,0,181.70
R4_7,17,0.909090909091,0,1,94.8217842585,1,181.50
R4_7,18,1.05185457793,0,1,109.712600646,0,184.70
R4_7,19,1.04312793188,0,1,108.802376882,0,182.30
R4_7,20,0.909090909091,0,1,94.8217842585,1,181.70
R4_7,21,1.04312793188,0,1,108.802376882,0,181.10
R4_7,22,1,1,0,0,0,180.60
R4_7,23,1.04418766787,0,1,108.912911545,0,183.90
R4_7,24,1.04312793188,0,1,108.802376882,0,182.30
R4_7,25,1.06492927261,0,1,111.076343111,0,188.30
R4_7,26,1.04312793188,0,1,108.802376882,0,209.90
R4_7,27,1.06492927261,0,1,111.076343111,0,184.40
R4_7,28,1.06492927261,0,1,111.076343111,0,222.40
R4_7,29,1,1,0,0,0,181.70
R4_7,30,1.05185457793,0,1,109.712600646,0,207.50
R4_7,31,0.909090909091,0,1,94.8217842585,1,168.40
R4_7,32,1.04312793188,0,1,108.802376882,0,174.10
R4_7,33,1.04312793188,0,1,108.802376882,0,169.90
R4_7,34,1,1,0,0,0,210.00
R4_7,35,1.05185457793,0,1,109.712600646,0,188.90
R4_7,36,1.06492927261,0,1,111.076343111,0,184.80
R4_7,37,1,1,0,0,0,182.50
R4_7,38,0.909090909091,0,1,94.8217842585,1,187.50
R4_7,39,0.909090909091,0,1,94.8217842585,1,182.80
R4_7,40,1.06492927261,0,1,111.076343111,0,185.20
R4_7,41,0.909090909091,0,1,94.8217842585,1,187.90
R4_7,42,0.909090909091,0,1,94.8217842585,1,181.40
R4_7,43,0.909090909091,0,1,94.8217842585,1,180.80
R4_7,44,1.06492927261,0,1,111.076343111,0,182.00
R4_7,45,1.05185457793,0,1,109.712600646,0,183.50
R4_7,46,1.04418766787,0,1,108.912911545,0,181.50
R4_7,47,1,1,0,0,0,220.80
R4_7,48,1.04312793188,0,1,108.802376882,0,189.20
R4_7,49,0.909090909091,0,1,94.8217842585,1,181.80
R4_7,50,0.909090909091,0,1,94.8217842585,1,180.50
R4_7,51,1.06492927261,0,1,111.076343111,0,182.80
R4_7,52,1.06492927261,0,1,111.076343111,0,186.20
R4_7,53,1,1,0,0,0,181.70
R4_7,54,1,1,0,0,0,179.40
R4_7,55,1,1,0,0,0,181.30
R4_7,56,0.909090909091,0,1,94.8217842585,1,182.00
R4_7,57,0.909090909091,0,1,94.8217842585,1,181.90
R4_7,58,1,1,0,0,0,180.70
R4_7,59,1,1,0,0,0,180.40
R4_7,60,1.05185457793,0,1,109.712600646,0,180.40
R4_7,61,1.04418766787,0,1,108.912911545,0,181.70
R4_7,62,1.05185457793,0,1,109.712600646,0,181.90
R4_7,63,0.909090909091,0,1,94.8217842585,1,188.30
R4_7,64,1,1,0,0,0,179.80
R4_8,1,1,1,0,0,0,180.00
R4_8,2,0.909090909091,0,1,69.7159627142,1,177.00
R4_8,3,0.909090909091,0,1,69.7159627142,1,176.50
R4_8,4,1,1,0,0,0,175.40
R4_8,5,0.973693635643,0,1,74.6701881173,0,175.00
R4_8,6,0.909090909091,0,1,69.7159627142,1,177.90
R4_8,7,0.973693635643,0,1,74.6701881173,0,176.30
R4_8,8,0.909090909091,0,1,69.7159627142,1,174.90
R4_8,9,0.973693635643,0,1,74.6701881173,0,175.20
R4_8,10,1.22669986609,0,1,94.0726183386,0,176.00
R4_8,11,1,1,0,0,0,173.60
R4_8,12,1.22404298869,0,1,93.8688688964,0,178.00
R4_8,13,1,1,0,0,0,174.10
R4_8,14,0.909090909091,0,1,69.7159627142,1,174.70
R4_8,15,1,1,0,0,0,180.20
R4_8,16,0.909090909091,0,1,69.7159627142,1,175.00
R4_8,17,1.22404298869,0,1,93.8688688964,0,182.90
R4_8,18,1,1,0,0,0,174.10
R4_8,19,1.22404298869,0,1,93.8688688964,0,175.70
R4_8,20,0.909090909091,0,1,69.7159627142,1,174.40
R4_8,21,0.909090909091,0,1,69.7159627142,1,176.20
R4_8,22,0.973693635643,0,1,74.6701881173,0,175.30
R4_8,23,0.909090909091,0,1,69.7159627142,1,177.50
R4_8,24,0.973693635643,0,1,74.6701881173,0,176.70
R4_8,25,0.973693635643,0,1,74.6701881173,0,175.40
R4_8,26,0.973693635643,0,1,74.6701881173,0,181.70
R4_8,27,1.22669986609,0,1,94.0726183386,0,175.10
R4_8,28,0.909090909091,0,1,69.7159627142,1,175.50
R4_8,29,0.973693635643,0,1,74.6701881173,0,183.50
R4_8,30,0.973693635643,0,1,74.6701881173,0,178.50
R4_8,31,1,1,0,0,0,174.30
R4_8,32,0.909090909091,0,1,69.7159627142,1,174.80
R4_8,33,0.909090909091,0,1,69.7159627142,1,180.30
R4_8,34,1,1,0,0,0,176.90
R4_8,35,1,1,0,0,0,173.80
R4_8,36,1.20771102439,0,1,92.6164104201,0,175.90
R4_8,37,1,1,0,0,0,173.70
R4_8,38,1.22669986609,0,1,94.0726183386,0,174.70
R4_8,39,0.909090909091,0,1,69.7159627142,1,174.40
R4_8,40,1.20771102439,0,1,92.6164104201,0,186.80
R4_8,41,0.909090909091,0,1,69.7159627142,1,174.00
R4_8,42,1.20771102439,0,1,92.6164104201,0,175.10
R4_8,43,0.909090909091,0,1,69.7159627142,1,174.80
R4_8,44,1.22404298869,0,1,93.8688688964,0,176.90
R4_8,45,0.973693635643,0,1,74.6701881173,0,178.70
R4_8,46,0.973693635643,0,1,74.6701881173,0,174.50
R4_8,47,1,1,0,0,0,175.20
R4_8,48,1,1,0,0,0,173.60
R4_8,49,1,1,0,0,0,183.30
R4_8,50,0.909090909091,0,1,69.7159627142,1,167.60
R4_8,51,1.20771102439,0,1,92.6164104201,0,170.20
R4_8,52,1,1,0,0,0,168.10
R4_8,53,1,1,0,0,0,168.40
R4_8,54,0.909090909091,0,1,69.7159627142,1,168.30
R4_8,55,1,1,0,0,0,187.70
R4_8,56,0.909090909091,0,1,69.7159627142,1,174.30
R4_8,57,0.909090909091,0,1,69.7159627142,1,176.20
R4_8,58,0.909090909091,0,1,69.7159627142,1,173.60
R4_8,59,1.22404298869,0,1,93.8688688964,0,175.20
R4_8,60,0.973693635643,0,1,74.6701881173,0,182.80
R4_8,61,0.909090909091,0,1,69.7159627142,1,173.60
R4_8,62,1.20771102439,0,1,92.6164104201,0,193.10
R4_8,63,0.909090909091,0,1,69.7159627142,1,191.20
R4_8,64,0.909090909091,0,1,69.7159627142,1,174.10
R4_9,1,0.909090909091,0,1,65.3732335591,1,176.50
R4_9,2,0.909090909091,0,1,65.3732335591,1,174.10
R4_9,3,1,1,0,0,0,173.70
R4_9,4,1,1,0,0,0,175.50
R4_9,5,0.909090909091,0,1,65.3732335591,1,176.60
R4_9,6,1,1,0,0,0,174.90
R4_9,7,1,1,0,0,0,172.50
R4_9,8,1,1,0,0,0,171.80
R4_9,9,1.19396893278,0,1,85.8589708952,0,174.70
R4_9,10,0.909090909091,0,1,65.3732335591,1,173.50
R4_9,11,1,1,0,0,0,175.70
R4_9,12,1.17874869947,0,1,84.7644754417,0,174.60
R4_9,13,0.909090909091,0,1,65.3732335591,1,174.50
R4_9,14,1.19396893278,0,1,85.8589708952,0,174.60
R4_9,15,1,1,0,0,0,174.20
R4_9,16,0.909090909091,0,1,65.3732335591,1,178.00
R4_9,17,0.909090909091,0,1,65.3732335591,1,173.20
R4_9,18,0.909090909091,0,1,65.3732335591,1,174.80
R4_9,19,1,1,0,0,0,173.00
R4_9,20,0.967568919072,0,1,69.5784198241,0,175.10
R4_9,21,0.967568919072,0,1,69.5784198241,0,174.70
R4_9,22,0.967568919072,0,1,69.5784198241,0,179.00
R4_9,23,0.909090909091,0,1,65.3732335591,1,175.20
R4_9,24,1.19396893278,0,1,85.8589708952,0,175.10
R4_9,25,0.909090909091,0,1,65.3732335591,1,174.30
R4_9,26,1.19396893278,0,1,85.8589708952,0,174.60
R4_9,27,1.16411033964,0,1,83.7118228338,0,176.70
R4_9,28,1,1,0,0,0,172.30
R4_9,29,1.17874869947,0,1,84.7644754417,0,176.10
R4_9,30,1,1,0,0,0,173.60
R4_9,31,0.909090909091,0,1,65.3732335591,1,175.30
R4_9,32,0.909090909091,0,1,65.3732335591,1,174.30
R4_9,33,1.19396893278,0,1,85.8589708952,0,176.10
R4_9,34,1,1,0,0,0,173.60
R4_9,35,0.967568919072,0,1,69.5784198241,0,175.50
R4_9,36,0.909090909091,0,1,65.3732335591,1,174.90
R4_9,37,1,1,0,0,0,172.60
R4_9,38,0.909090909091,0,1,65.3732335591,1,174.10
R4_9,39,1,1,0,0,0,175.40
R4_9,40,1.19396893278,0,1,85.8589708952,0,174.00
R4_9,41,1.16411033964,0,1,83.7118228338,0,175.20
R4_9,42,0.909090909091,0,1,65.3732335591,1,174.50
R4_9,43,1,1,0,0,0,172.80
R4_9,44,1,1,0,0,0,176.30
R4_9,45,1.19396893278,0,1,85.8589708952,0,175.40
R4_9,46,1.19396893278,0,1,85.8589708952,0,173.80
R4_9,47,1,1,0,0,0,174.40
R4_9,48,1,1,0,0,0,172.80
R4_9,49,1.19396893278,0,1,85.8589708952,0,173.40
R4_9,50,0.967568919072,0,1,69.5784198241,0,177.40
R4_9,51,0.967568919072,0,1,69.5784198241,0,175.20
R4_9,52,1.16411033964,0,1,83.7118228338,0,175.50
R4_9,53,0.967568919072,0,1,69.5784198241,0,174.30
R4_9,54,0.909090909091,0,1,65.3732335591,1,173.60
R4_9,55,0.967568919072,0,1,69.5784198241,0,190.10
R4_9,56,1.17874869947,0,1,84.7644754417,0,191.40
R4_9,57,0.909090909091,0,1,65.3732335591,1,174.20
R4_9,58,0.909090909091,0,1,65.3732335591,1,203.40
R4_9,59,1.17874869947,0,1,84.7644754417,0,177.00
R4_9,60,1.19396893278,0,1,85.8589708952,0,175.60
R4_9,61,0.967568919072,0,1,69.5784198241,0,177.20
R4_9,62,1,1,0,0,0,172.30
R4_9,63,1,1,0,0,0,173.80
R4_9,64,1.19396893278,0,1,85.8589708952,0,175.60
R5_0,1,1,1,0,0,0,395.00
R5_0,2,1.0661393245,0,1,111.150199502,0,391.80
R5_0,3,0.986877665853,0,1,102.886786861,0,384.20
R5_0,4,1.10628366223,0,1,115.335441567,0,412.30
R5_0,5,1.00091879222,0,1,104.350642438,0,383.90
R5_0,6,0.888371321259,0,1,92.617022298,1,384.60
R5_0,7,1.02642258029,0,1,107.009536138,0,414.50
R5_0,8,1.02642258029,0,1,107.009536138,0,400.70
R5_0,9,1.0661393245,0,1,111.150199502,0,443.90
R5_0,10,1,1,0,0,0,388.80
R5_0,11,0.888371321259,0,1,92.617022298,1,383.00
R5_0,12,0.909090909091,0,1,94.7771399001,0,512.10
R5_0,13,0.888371321259,0,1,92.617022298,1,386.40
R5_0,14,0.928873029919,0,1,96.8395220167,0,386.40
R5_0,15,0.909090909091,0,1,94.7771399001,0,387.80
R5_0,16,0.986877665853,0,1,102.886786861,0,468.70
R5_0,17,0.96818924035,0,1,100.938427791,0,462.70
R5_0,18,0.953601612403,0,1,99.4175967705,0,384.60
R5_0,19,0.909090909091,0,1,94.7771399001,0,387.20
R5_0,20,1.10628366223,0,1,115.335441567,0,401.20
R5_0,21,0.909090909091,0,1,94.7771399001,0,425.40
R5_0,22,1.10628366223,0,1,115.335441567,0,386.90
R5_0,23,1.1646456691,0,1,121.419964065,0,388.00
R5_0,24,0.978748029551,0,1,102.039232816,0,383.20
R5_0,25,0.909090909091,0,1,94.7771399001,0,389.30
R5_0,26,1.0661393245,0,1,111.150199502,0,415.60
R5_0,27,0.953601612403,0,1,99.4175967705,0,388.50
R5_0,28,0.986877665853,0,1,102.886786861,0,395.70
R5_0,29,1.00091879222,0,1,104.350642438,0,374.50
R5_0,30,0.953601612403,0,1,99.4175967705,0,407.70
R5_0,31,1,1,0,0,0,384.50
R5_0,32,0.986877665853,0,1,102.886786861,0,384.90
R5_0,33,0.96818924035,0,1,100.938427791,0,384.60
R5_0,34,0.909090909091,0,1,94.7771399001,0,386.30
R5_0,35,0.96818924035,0,1,100.938427791,0,412.40
R5_0,36,0.909090909091,0,1,94.7771399001,0,393.60
R5_0,37,0.943460657866,0,1,98.3603530369,0,396.40
R5_0,38,1,1,0,0,0,386.40
R5_0,39,1.02642258029,0,1,107.009536138,0,388.50
R5_0,40,0.953601612403,0,1,99.4175967705,0,400.10
R5_0,41,1,1,0,0,0,385.30
R5_0,42,0.888371321259,0,1,92.617022298,1,387.90
R5_0,43,0.943460657866,0,1,98.3603530369,0,385.20
R5_0,44,0.943460657866,0,1,98.3603530369,0,387.50
R5_0,45,1.0661393245,0,1,111.150199502,0,388.40
R5_0,46,1.1646456691,0,1,121.419964065,0,384.50
R5_0,47,0.943460657866,0,1,98.3603530369,0,400.70
R5_0,48,0.978748029551,0,1,102.039232816,0,432.40
R5_0,49,1,1,0,0,0,406.80
R5_0,50,0.953601612403,0,1,99.4175967705,0,446.20
R5_0,51,0.96818924035,0,1,100.938427791,0,386.20
R5_0,52,0.96818924035,0,1,100.938427791,0,389.90
R5_0,53,1.02642258029,0,1,107.009536138,0,386.00
R5_0,54,0.928873029919,0,1,96.8395220167,0,384.20
R5_0,55,0.928873029919,0,1,96.8395220167,0,390.20
R5_0,56,1.0661393245,0,1,111.150199502,0,386.60
R5_0,57,0.953601612403,0,1,99.4175967705,0,443.10
R5_0,58,0.928873029919,0,1,96.8395220167,0,399.10
R5_0,59,0.943460657866,0,1,98.3603530369,0,385.00
R5_0,60,0.888371321259,0,1,92.617022298,1,395.90
R5_0,61,0.96818924035,0,1,100.938427791,0,403.00
R5_0,62,1.02642258029,0,1,107.009536138,0,399.10
R5_0,63,1.01445577911,0,1,105.761939029,0,427.60
R5_0,64,1.01445577911,0,1,105.761939029,0,389.50
R5_1,1,1.08264066868,0,1,113.149644643,0,421.40
R5_1,2,1.09557170394,0,1,114.501101398,0,404.20
R5_1,3,0.909090909091,0,1,95.0114994644,1,346.90
R5_1,4,1.27050295624,0,1,132.783630041,0,329.80
R5_1,5,1.08264066868,0,1,113.149644643,0,365.50
R5_1,6,1.17614821218,0,1,122.922365755,0,348.80
R5_1,7,1.00021318714,0,1,104.534930164,0,350.50
R5_1,8,1.0627992148,0,1,111.075961731,0,416.40
R5_1,9,1,1,0,0,0,369.80
R5_1,10,1,1,0,0,0,393.70
R5_1,11,1.21534290417,0,1,127.018706857,0,379.60
R5_1,12,1.16497346582,0,1,121.754463406,0,381.40
R5_1,13,1.08264066868,0,1,113.149644643,0,382.20
R5_1,14,1.00021318714,0,1,104.534930164,0,380.00
R5_1,15,1,1,0,0,0,382.10
R5_1,16,1.17614821218,0,1,122.922365755,0,384.30
R5_1,17,1,1,0,0,0,379.60
R5_1,18,1.17614821218,0,1,122.922365755,0,403.40
R5_1,19,1.17614821218,0,1,122.922365755,0,380.60
R5_1,20,1.17614821218,0,1,122.922365755,0,392.90
R5_1,21,1,1,0,0,0,379.90
R5_1,22,1.00021318714,0,1,104.534930164,0,384.00
R5_1,23,1.35767581884,0,1,141.894296868,0,383.50
R5_1,24,1.16497346582,0,1,121.754463406,0,412.30
R5_1,25,1,1,0,0,0,382.50
R5_1,26,1,1,0,0,0,381.80
R5_1,27,1.26726798674,0,1,132.445534808,0,408.10
R5_1,28,0.909090909091,0,1,95.0114994644,1,380.30
R5_1,29,1.0627992148,0,1,111.075961731,0,380.80
R5_1,30,1,1,0,0,0,382.40
R5_1,31,1.09557170394,0,1,114.501101398,0,380.00
R5_1,32,1.17614821218,0,1,122.922365755,0,381.00
R5_1,33,1.07780060321,0,1,112.643796578,0,381.50
R5_1,34,1.16497346582,0,1,121.754463406,0,414.60
R5_1,35,1.09557170394,0,1,114.501101398,0,423.10
R5_1,36,1.08264066868,0,1,113.149644643,0,397.70
R5_1,37,1,1,0,0,0,410.10
R5_1,38,1.17614821218,0,1,122.922365755,0,389.10
R5_1,39,0.909090909091,0,1,95.0114994644,1,386.40
R5_1,40,1,1,0,0,0,423.80
R5_1,41,1.08264066868,0,1,113.149644643,0,373.90
R5_1,42,1,1,0,0,0,432.70
R5_1,43,0.909090909091,0,1,95.0114994644,1,380.10
R5_1,44,1.16497346582,0,1,121.754463406,0,405.80
R5_1,45,1.08264066868,0,1,113.149644643,0,381.50
R5_1,46,1.00021318714,0,1,104.534930164,0,358.80
R5_1,47,1.08264066868,0,1,113.149644643,0,327.70
R5_1,48,1.16497346582,0,1,121.754463406,0,373.20
R5_1,49,1.08264066868,0,1,113.149644643,0,377.70
R5_1,50,1.09557170394,0,1,114.501101398,0,329.60
R5_1,51,1.15392149286,0,1,120.59939243,0,382.30
R5_1,52,1.21534290417,0,1,127.018706857,0,371.40
R5_1,53,1.17614821218,0,1,122.922365755,0,330.40
R5_1,54,1.21534290417,0,1,127.018706857,0,410.40
R5_1,55,1.07780060321,0,1,112.643796578,0,378.20
R5_1,56,1,1,0,0,0,382.30
R5_1,57,1.07780060321,0,1,112.643796578,0,381.40
R5_1,58,1,1,0,0,0,379.90
R5_1,59,1.0627992148,0,1,111.075961731,0,421.30
R5_1,60,1.07780060321,0,1,112.643796578,0,391.30
R5_1,61,1.07780060321,0,1,112.643796578,0,381.70
R5_1,62,1,1,0,0,0,379.90
R5_1,63,1.07780060321,0,1,112.643796578,0,393.00
R5_1,64,1.09557170394,0,1,114.501101398,0,397.60
R5_2,1,1,1,0,0,0,381.60
R5_2,2,1.07170775372,0,1,163.168365758,0,391.50
R5_2,3,1.07170775372,0,1,163.168365758,0,411.10
R5_2,4,1.03336256449,0,1,157.330279919,0,384.90
R5_2,5,1.15622681533,0,1,176.036460731,0,380.60
R5_2,6,1.28049847073,0,1,194.956920018,0,407.10
R5_2,7,0.909090909091,0,1,138.409820632,1,396.00
R5_2,8,1.17248341701,0,1,178.511541386,0,421.90
R5_2,9,1.34330959983,0,1,204.519964842,0,380.00
R5_2,10,1.03336256449,0,1,157.330279919,0,381.70
R5_2,11,1,1,0,0,0,385.80
R5_2,12,1.17248341701,0,1,178.511541386,0,397.30
R5_2,13,1,1,0,0,0,407.30
R5_2,14,0.933049802624,0,1,142.057581404,0,379.50
R5_2,15,1,1,0,0,0,378.80
R5_2,16,1.17248341701,0,1,178.511541386,0,384.40
R5_2,17,1.15622681533,0,1,176.036460731,0,426.00
R5_2,18,1.07170775372,0,1,163.168365758,0,386.60
R5_2,19,1,1,0,0,0,409.50
R5_2,20,0.909090909091,0,1,138.409820632,1,383.90
R5_2,21,0.933049802624,0,1,142.057581404,0,394.30
R5_2,22,0.909090909091,0,1,138.409820632,1,443.70
R5_2,23,1.10704843174,0,1,168.549012354,0,392.10
R5_2,24,1,1,0,0,0,381.70
R5_2,25,1.17248341701,0,1,178.511541386,0,382.40
R5_2,26,1.03336256449,0,1,157.330279919,0,381.70
R5_2,27,1.03336256449,0,1,157.330279919,0,406.10
R5_2,28,1.13944978432,0,1,173.482144294,0,380.30
R5_2,29,1,1,0,0,0,386.10
R5_2,30,0.909090909091,0,1,138.409820632,1,379.40
R5_2,31,0.933049802624,0,1,142.057581404,0,378.60
R5_2,32,1,1,0,0,0,381.80
R5_2,33,1,1,0,0,0,384.20
R5_2,34,0.909090909091,0,1,138.409820632,1,379.10
R5_2,35,1.07170775372,0,1,163.168365758,0,386.40
R5_2,36,0.909090909091,0,1,138.409820632,1,378.10
R5_2,37,1.15622681533,0,1,176.036460731,0,380.70
R5_2,38,1.13944978432,0,1,173.482144294,0,381.80
R5_2,39,1,1,0,0,0,430.20
R5_2,40,1.03336256449,0,1,157.330279919,0,383.40
R5_2,41,0.933049802624,0,1,142.057581404,0,377.90
R5_2,42,1,1,0,0,0,379.00
R5_2,43,0.909090909091,0,1,138.409820632,1,380.30
R5_2,44,1.34330959983,0,1,204.519964842,0,427.00
R5_2,45,0.933049802624,0,1,142.057581404,0,383.50
R5_2,46,1.37333321781,0,1,209.091084779,0,378.10
R5_2,47,1,1,0,0,0,395.90
R5_2,48,1.15622681533,0,1,176.036460731,0,448.10
R5_2,49,0.909090909091,0,1,138.409820632,1,394.40
R5_2,50,1.07170775372,0,1,163.168365758,0,446.50
R5_2,51,1.03336256449,0,1,157.330279919,0,387.10
R5_2,52,1.03336256449,0,1,157.330279919,0,426.80
R5_2,53,1.10704843174,0,1,168.549012354,0,380.20
R5_2,54,1,1,0,0,0,388.80
R5_2,55,0.909090909091,0,1,138.409820632,1,420.50
R5_2,56,1.28326986109,0,1,195.378866425,0,396.70
R5_2,57,1.07170775372,0,1,163.168365758,0,399.80
R5_2,58,1,1,0,0,0,387.50
R5_2,59,1.28326986109,0,1,195.378866425,0,372.90
R5_2,60,1.28049847073,0,1,194.956920018,0,384.20
R5_2,61,1.10704843174,0,1,168.549012354,0,347.90
R5_2,62,1.17248341701,0,1,178.511541386,0,328.00
R5_2,63,1.28049847073,0,1,194.956920018,0,386.80
R5_2,64,0.933049802624,0,1,142.057581404,0,367.40
R5_3,1,1.12627203008,0,1,124.453692953,0,388.90
R5_3,2,1,1,0,0,0,388.80
R5_3,3,1.05332517,0,1,116.393023875,0,383.40
R5_3,4,1.18817647204,0,1,131.294168617,0,393.70
R5_3,5,1.05332517,0,1,116.393023875,0,385.10
R5_3,6,1.05332517,0,1,116.393023875,0,383.80
R5_3,7,1.29044477604,0,1,142.594873744,0,393.80
R5_3,8,0.951050896864,0,1,105.091659155,0,390.40
R5_3,9,1,1,0,0,0,385.20
R5_3,10,0.909090909091,0,1,100.4550569,1,381.50
R5_3,11,0.951050896864,0,1,105.091659155,0,384.00
R5_3,12,1,1,0,0,0,391.50
R5_3,13,0.951050896864,0,1,105.091659155,0,383.90
R5_3,14,1,1,0,0,0,418.60
R5_3,15,0.951050896864,0,1,105.091659155,0,382.90
R5_3,16,1.10825137317,0,1,122.462400227,0,409.10
R5_3,17,1.05332517,0,1,116.393023875,0,384.90
R5_3,18,1.18817647204,0,1,131.294168617,0,386.70
R5_3,19,1.12627203008,0,1,124.453692953,0,395.00
R5_3,20,1.18817647204,0,1,131.294168617,0,411.30
R5_3,21,0.951050896864,0,1,105.091659155,0,383.00
R5_3,22,1.22563000435,0,1,135.432805007,0,386.30
R5_3,23,0.909090909091,0,1,100.4550569,1,382.30
R5_3,24,1.18817647204,0,1,131.294168617,0,387.20
R5_3,25,1.05332517,0,1,116.393023875,0,383.90
R5_3,26,1.08431204231,0,1,119.817090698,0,432.00
R5_3,27,1.14244901337,0,1,126.241258708,0,400.10
R5_3,28,1.05332517,0,1,116.393023875,0,388.20
R5_3,29,0.951050896864,0,1,105.091659155,0,383.50
R5_3,30,0.951050896864,0,1,105.091659155,0,409.50
R5_3,31,1,1,0,0,0,407.70
R5_3,32,1.37956861942,0,1,152.443108577,0,416.70
R5_3,33,1,1,0,0,0,382.40
R5_3,34,1.08431204231,0,1,119.817090698,0,396.60
R5_3,35,1,1,0,0,0,422.10
R5_3,36,0.909090909091,0,1,100.4550569,1,388.30
R5_3,37,0.951050896864,0,1,105.091659155,0,416.70
R5_3,38,0.909090909091,0,1,100.4550569,1,382.70
R5_3,39,0.909090909091,0,1,100.4550569,1,411.10
R5_3,40,1.08431204231,0,1,119.817090698,0,385.50
R5_3,41,1.38604763112,0,1,153.159043015,0,384.70
R5_3,42,0.951050896864,0,1,105.091659155,0,384.40
R5_3,43,1,1,0,0,0,383.20
R5_3,44,1,1,0,0,0,389.00
R5_3,45,1.10825137317,0,1,122.462400227,0,385.90
R5_3,46,1.37956861942,0,1,152.443108577,0,384.90
R5_3,47,1.29044477604,0,1,142.594873744,0,385.30
R5_3,48,1.22563000435,0,1,135.432805007,0,383.70
R5_3,49,1.14244901337,0,1,126.241258708,0,384.60
R5_3,50,1,1,0,0,0,391.40
R5_3,51,1.12627203008,0,1,124.453692953,0,384.30
R5_3,52,1.38604763112,0,1,153.159043015,0,423.00
R5_3,53,1,1,0,0,0,386.50
R5_3,54,1.12627203008,0,1,124.453692953,0,384.60
R5_3,55,1.05332517,0,1,116.393023875,0,382.30
R5_3,56,1,1,0,0,0,384.30
R5_3,57,1.18817647204,0,1,131.294168617,0,389.10
R5_3,58,1.08431204231,0,1,119.817090698,0,383.60
R5_3,59,0.909090909091,0,1,100.4550569,1,384.40
R5_3,60,1,1,0,0,0,381.80
R5_3,61,0.909090909091,0,1,100.4550569,1,409.80
R5_3,62,1.18817647204,0,1,131.294168617,0,383.80
R5_3,63,1.12627203008,0,1,124.453692953,0,415.00
R5_3,64,1.08431204231,0,1,119.817090698,0,386.70
R5_4,1,1.08206642655,0,1,110.028026618,0,432.80
R5_4,2,0.985647451619,0,1,100.223832273,0,403.80
R5_4,3,0.909090909091,0,1,92.4393145274,1,430.60
R5_4,4,1.33563901582,0,1,135.812110587,0,382.80
R5_4,5,1.31728738589,0,1,133.946057286,0,392.30
R5_4,6,1.12262274613,0,1,114.151924838,0,383.70
R5_4,7,1.09885064394,0,1,111.734700323,0,382.00
R5_4,8,1.08206642655,0,1,110.028026618,0,443.80
R5_4,9,1,1,0,0,0,383.50
R5_4,10,0.985647451619,0,1,100.223832273,0,383.90
R5_4,11,1,1,0,0,0,383.30
R5_4,12,1,1,0,0,0,384.20
R5_4,13,0.909090909091,0,1,92.4393145274,1,400.90
R5_4,14,0.909090909091,0,1,92.4393145274,1,383.00
R5_4,15,0.909090909091,0,1,92.4393145274,1,384.10
R5_4,16,1.09885064394,0,1,111.734700323,0,385.10
R5_4,17,1.12262274613,0,1,114.151924838,0,386.70
R5_4,18,1,1,0,0,0,390.30
R5_4,19,1.24748688425,0,1,126.848515708,0,399.00
R5_4,20,1.08206642655,0,1,110.028026618,0,391.60
R5_4,21,1,1,0,0,0,407.00
R5_4,22,0.985647451619,0,1,100.223832273,0,406.30
R5_4,23,0.985647451619,0,1,100.223832273,0,413.60
R5_4,24,1.32213242493,0,1,134.438716583,0,407.40
R5_4,25,1.32213242493,0,1,134.438716583,0,400.40
R5_4,26,1.31728738589,0,1,133.946057286,0,391.70
R5_4,27,1.12262274613,0,1,114.151924838,0,398.60
R5_4,28,1.44884220814,0,1,147.322978637,0,422.00
R5_4,29,1,1,0,0,0,406.30
R5_4,30,0.985647451619,0,1,100.223832273,0,395.60
R5_4,31,1.12262274613,0,1,114.151924838,0,381.70
R5_4,32,1.34624811642,0,1,136.890878372,0,385.30
R5_4,33,1.10860058789,0,1,112.726106272,0,421.40
R5_4,34,0.909090909091,0,1,92.4393145274,1,403.70
R5_4,35,1.09885064394,0,1,111.734700323,0,412.10
R5_4,36,1.24748688425,0,1,126.848515708,0,427.50
R5_4,37,1.32213242493,0,1,134.438716583,0,424.80
R5_4,38,1,1,0,0,0,396.60
R5_4,39,0.985647451619,0,1,100.223832273,0,415.60
R5_4,40,0.985647451619,0,1,100.223832273,0,381.50
R5_4,41,1.44884220814,0,1,147.322978637,0,403.00
R5_4,42,1.09885064394,0,1,111.734700323,0,382.50
R5_4,43,1.24748688425,0,1,126.848515708,0,384.70
R5_4,44,1.08206642655,0,1,110.028026618,0,387.30
R5_4,45,0.909090909091,0,1,92.4393145274,1,401.10
R5_4,46,0.909090909091,0,1,92.4393145274,1,399.30
R5_4,47,1.41694858684,0,1,144.079931697,0,424.10
R5_4,48,1.10860058789,0,1,112.726106272,0,356.70
R5_4,49,1.09885064394,0,1,111.734700323,0,460.60
R5_4,50,0.985647451619,0,1,100.223832273,0,371.10
R5_4,51,1.09885064394,0,1,111.734700323,0,388.60
R5_4,52,1.34624811642,0,1,136.890878372,0,383.50
R5_4,53,1.32213242493,0,1,134.438716583,0,395.00
R5_4,54,1.09885064394,0,1,111.734700323,0,382.20
R5_4,55,1.24748688425,0,1,126.848515708,0,392.80
R5_4,56,1.44590931737,0,1,147.024752783,0,391.20
R5_4,57,1,1,0,0,0,383.40
R5_4,58,1.09885064394,0,1,111.734700323,0,384.00
R5_4,59,0.909090909091,0,1,92.4393145274,1,385.40
R5_4,60,0.909090909091,0,1,92.4393145274,1,383.60
R5_4,61,1.08206642655,0,1,110.028026618,0,393.60
R5_4,62,1.24748688425,0,1,126.848515708,0,399.90
R5_4,63,1.12262274613,0,1,114.151924838,0,435.40
R5_4,64,1.24748688425,0,1,126.848515708,0,402.80
R5_5,1,0.914380921779,0,1,75.6544417543,0,384.00
R5_5,2,1.24065173261,0,1,102.649576349,0,391.40
R5_5,3,1.45679417502,1,0,37.7944328065,0,415.40
R5_5,4,0.900987142672,0,1,74.5462615013,1,379.30
R5_5,5,0.90627715536,0,1,74.983948845,0,465.40
R5_5,6,0.914380921779,0,1,75.6544417543,0,378.30
R5_5,7,1,1,0,0,0,391.90
R5_5,8,0.909090909091,0,1,75.2167544107,0,502.50
R5_5,9,1.25655247155,0,1,103.965178522,0,380.30
R5_5,10,1.26808683037,0,1,104.919513261,0,382.40
R5_5,11,0.90627715536,0,1,74.983948845,0,398.50
R5_5,12,0.900987142672,0,1,74.5462615013,1,380.10
R5_5,13,0.900987142672,0,1,74.5462615013,1,381.00
R5_5,14,0.900987142672,0,1,74.5462615013,1,379.70
R5_5,15,0.909090909091,0,1,75.2167544107,0,390.50
R5_5,16,0.914380921779,0,1,75.6544417543,0,410.00
R5_5,17,1,1,0,0,0,392.30
R5_5,18,0.914380921779,0,1,75.6544417543,0,345.30
R5_5,19,1.31120881881,0,1,108.487358876,0,418.40
R5_5,20,1.29381041567,0,1,107.047842318,0,343.30
R5_5,21,0.90627715536,0,1,74.983948845,0,397.60
R5_5,22,1.25655247155,0,1,103.965178522,0,391.10
R5_5,23,1.28282728261,0,1,106.139115134,0,407.10
R5_5,24,1.24065173261,0,1,102.649576349,0,385.40
R5_5,25,0.90627715536,0,1,74.983948845,0,380.30
R5_5,26,1,1,0,0,0,382.00
R5_5,27,1.45679417502,1,0,37.7944328065,0,381.90
R5_5,28,1.24065173261,0,1,102.649576349,0,381.10
R5_5,29,1.25655247155,0,1,103.965178522,0,384.00
R5_5,30,0.90627715536,0,1,74.983948845,0,381.00
R5_5,31,0.909090909091,0,1,75.2167544107,0,380.00
R5_5,32,0.90627715536,0,1,74.983948845,0,382.60
R5_5,33,0.900987142672,0,1,74.5462615013,1,385.20
R5_5,34,0.914380921779,0,1,75.6544417543,0,379.40
R5_5,35,0.900987142672,0,1,74.5462615013,1,394.80
R5_5,36,0.914380921779,0,1,75.6544417543,0,391.50
R5_5,37,1.31120881881,0,1,108.487358876,0,384.50
R5_5,38,1.26808683037,0,1,104.919513261,0,380.70
R5_5,39,1.25655247155,0,1,103.965178522,0,407.30
R5_5,40,1.29381041567,0,1,107.047842318,0,380.00
R5_5,41,0.90627715536,0,1,74.983948845,0,403.90
R5_5,42,0.914380921779,0,1,75.6544417543,0,383.90
R5_5,43,1.29381041567,0,1,107.047842318,0,378.50
R5_5,44,1.31120881881,0,1,108.487358876,0,409.20
R5_5,45,1,1,0,0,0,384.80
R5_5,46,0.909090909091,0,1,75.2167544107,0,376.50
R5_5,47,0.909090909091,0,1,75.2167544107,0,413.20
R5_5,48,1.28282728261,0,1,106.139115134,0,379.80
R5_5,49,0.914380921779,0,1,75.6544417543,0,380.60
R5_5,50,0.914380921779,0,1,75.6544417543,0,378.90
R5_5,51,1.24065173261,0,1,102.649576349,0,421.60
R5_5,52,1.29381041567,0,1,107.047842318,0,393.80
R5_5,53,0.909090909091,0,1,75.2167544107,0,421.00
R5_5,54,0.914380921779,0,1,75.6544417543,0,427.80
R5_5,55,1,1,0,0,0,381.70
R5_5,56,1.24065173261,0,1,102.649576349,0,386.00
R5_5,57,0.909090909091,0,1,75.2167544107,0,395.60
R5_5,58,1.25655247155,0,1,103.965178522,0,408.20
R5_5,59,0.909090909091,0,1,75.2167544107,0,332.80
R5_5,60,1.28282728261,0,1,106.139115134,0,420.90
R5_5,61,0.909090909091,0,1,75.2167544107,0,389.80
R5_5,62,0.914380921779,0,1,75.6544417543,0,397.40
R5_5,63,0.900987142672,0,1,74.5462615013,1,451.80
R5_5,64,1.26808683037,0,1,104.919513261,0,392.70
R5_6,1,0.932142297004,0,1,81.2661843745,0,383.20
R5_6,2,0.932142297004,0,1,81.2661843745,0,396.60
R5_6,3,0.909090909091,0,1,79.2565144494,0,398.80
R5_6,4,0.950273144627,0,1,82.8468709398,0,392.90
R5_6,5,0.943776713198,0,1,82.2804979772,0,444.10
R5_6,6,0.950273144627,0,1,82.8468709398,0,388.80
R5_6,7,1.09918382199,0,1,95.8292263169,0,398.90
R5_6,8,0.967237329908,0,1,84.3258453552,0,428.10
R5_6,9,0.991975096088,0,1,86.4825373902,0,448.50
R5_6,10,0.938638728433,0,1,81.832557337,0,412.10
R5_6,11,0.991975096088,0,1,86.4825373902,0,397.20
R5_6,12,0.888702936546,0,1,77.4790468447,1,440.30
R5_6,13,0.888702936546,0,1,77.4790468447,1,380.90
R5_6,14,0.950273144627,0,1,82.8468709398,0,393.00
R5_6,15,0.950273144627,0,1,82.8468709398,0,454.20
R5_6,16,1.05012151691,0,1,91.551868296,0,381.00
R5_6,17,1,1,0,0,0,414.30
R5_6,18,1.05012151691,0,1,91.551868296,0,393.80
R5_6,19,0.888702936546,0,1,77.4790468447,1,451.00
R5_6,20,0.979178957933,0,1,85.3669423508,0,395.60
R5_6,21,0.888702936546,0,1,77.4790468447,1,451.30
R5_6,22,0.941481578025,0,1,82.0804031218,0,420.10
R5_6,23,0.943776713198,0,1,82.2804979772,0,400.20
R5_6,24,0.991975096088,0,1,86.4825373902,0,428.00
R5_6,25,0.991975096088,0,1,86.4825373902,0,409.30
R5_6,26,0.967237329908,0,1,84.3258453552,0,353.50
R5_6,27,0.932142297004,0,1,81.2661843745,0,412.30
R5_6,28,0.979178957933,0,1,85.3669423508,0,391.10
R5_6,29,0.909090909091,0,1,79.2565144494,0,374.70
R5_6,30,0.932142297004,0,1,81.2661843745,0,375.90
R5_6,31,0.932142297004,0,1,81.2661843745,0,329.90
R5_6,32,0.979178957933,0,1,85.3669423508,0,410.30
R5_6,33,0.941481578025,0,1,82.0804031218,0,376.10
R5_6,34,1,1,0,0,0,328.50
R5_6,35,0.967237329908,0,1,84.3258453552,0,453.00
R5_6,36,0.950273144627,0,1,82.8468709398,0,385.50
R5_6,37,0.991705605068,0,1,86.4590425794,0,384.10
R5_6,38,1.05012151691,0,1,91.551868296,0,385.90
R5_6,39,0.888702936546,0,1,77.4790468447,1,385.90
R5_6,40,1.05012151691,0,1,91.551868296,0,386.70
R5_6,41,0.888702936546,0,1,77.4790468447,1,384.70
R5_6,42,0.967237329908,0,1,84.3258453552,0,380.40
R5_6,43,0.967237329908,0,1,84.3258453552,0,383.70
R5_6,44,0.888702936546,0,1,77.4790468447,1,393.70
R5_6,45,0.909090909091,0,1,79.2565144494,0,422.50
R5_6,46,0.967237329908,0,1,84.3258453552,0,408.40
R5_6,47,0.909090909091,0,1,79.2565144494,0,403.80
R5_6,48,0.967237329908,0,1,84.3258453552,0,421.50
R5_6,49,1.05012151691,0,1,91.551868296,0,408.10
R5_6,50,0.941481578025,0,1,82.0804031218,0,408.80
R5_6,51,0.932142297004,0,1,81.2661843745,0,395.00
R5_6,52,0.941481578025,0,1,82.0804031218,0,393.30
R5_6,53,0.991975096088,0,1,86.4825373902,0,484.00
R5_6,54,0.941481578025,0,1,82.0804031218,0,380.60
R5_6,55,0.991975096088,0,1,86.4825373902,0,387.40
R5_6,56,0.888702936546,0,1,77.4790468447,1,381.90
R5_6,57,1.09918382199,0,1,95.8292263169,0,379.80
R5_6,58,0.996181153466,0,1,86.8492305822,0,384.50
R5_6,59,0.932142297004,0,1,81.2661843745,0,381.90
R5_6,60,0.932142297004,0,1,81.2661843745,0,381.50
R5_6,61,0.932142297004,0,1,81.2661843745,0,413.30
R5_6,62,0.938638728433,0,1,81.832557337,0,413.70
R5_6,63,0.938638728433,0,1,81.832557337,0,385.90
R5_6,64,1.09918382199,0,1,95.8292263169,0,379.30
R5_7,1,0.862134565888,0,1,105.706049573,1,367.70
R5_7,2,1,1,0,0,0,349.70
R5_7,3,0.909090909091,0,1,111.463352132,0,333.20
R5_7,4,1.10899140836,0,1,135.973089847,0,406.20
R5_7,5,0.862134565888,0,1,105.706049573,1,347.30
R5_7,6,1.1024208438,0,1,135.167474981,0,350.30
R5_7,7,1.1024208438,0,1,135.167474981,0,386.00
R5_7,8,1.06303322642,0,1,130.338171528,0,408.90
R5_7,9,0.909090909091,0,1,111.463352132,0,380.40
R5_7,10,0.862134565888,0,1,105.706049573,1,378.60
R5_7,11,1.05906761952,0,1,129.851949707,0,381.40
R5_7,12,0.947999989635,0,1,116.233982332,0,383.70
R5_7,13,0.994956332838,0,1,121.991284891,0,379.20
R5_7,14,1.03059771174,0,1,126.361263215,0,437.60
R5_7,15,1.01803588242,0,1,124.82106125,0,406.70
R5_7,16,1.03059771174,0,1,126.361263215,0,407.50
R5_7,17,0.862134565888,0,1,105.706049573,1,385.40
R5_7,18,1,1,0,0,0,419.80
R5_7,19,0.862134565888,0,1,105.706049573,1,403.20
R5_7,20,0.994956332838,0,1,121.991284891,0,432.80
R5_7,21,1,1,0,0,0,410.60
R5_7,22,0.994956332838,0,1,121.991284891,0,426.50
R5_7,23,0.862134565888,0,1,105.706049573,1,381.30
R5_7,24,0.862134565888,0,1,105.706049573,1,397.80
R5_7,25,1,1,0,0,0,385.40
R5_7,26,0.947999989635,0,1,116.233982332,0,381.70
R5_7,27,1.10899140836,0,1,135.973089847,0,390.30
R5_7,28,0.947999989635,0,1,116.233982332,0,381.00
R5_7,29,1.06303322642,0,1,130.338171528,0,407.10
R5_7,30,1.1024208438,0,1,135.167474981,0,379.30
R5_7,31,1.19442617115,0,1,146.448219401,0,394.40
R5_7,32,1.10899140836,0,1,135.973089847,0,384.20
R5_7,33,1.06303322642,0,1,130.338171528,0,409.30
R5_7,34,1.03059771174,0,1,126.361263215,0,383.50
R5_7,35,0.947999989635,0,1,116.233982332,0,380.20
R5_7,36,1.05906761952,0,1,129.851949707,0,380.50
R5_7,37,0.909090909091,0,1,111.463352132,0,382.90
R5_7,38,0.994956332838,0,1,121.991284891,0,381.70
R5_7,39,1.06303322642,0,1,130.338171528,0,382.20
R5_7,40,0.909090909091,0,1,111.463352132,0,379.20
R5_7,41,1.01803588242,0,1,124.82106125,0,379.20
R5_7,42,1.03059771174,0,1,126.361263215,0,414.70
R5_7,43,1,1,0,0,0,385.00
R5_7,44,1.1024208438,0,1,135.167474981,0,382.10
R5_7,45,0.994956332838,0,1,121.991284891,0,382.60
R5_7,46,1.06303322642,0,1,130.338171528,0,381.90
R5_7,47,1.19442617115,0,1,146.448219401,0,390.80
R5_7,48,0.994956332838,0,1,121.991284891,0,385.40
R5_7,49,0.862134565888,0,1,105.706049573,1,386.80
R5_7,50,0.909090909091,0,1,111.463352132,0,378.50
R5_7,51,0.947999989635,0,1,116.233982332,0,382.60
R5_7,52,1.10899140836,0,1,135.973089847,0,385.20
R5_7,53,1,1,0,0,0,381.60
R5_7,54,0.994956332838,0,1,121.991284891,0,386.10
R5_7,55,0.947999989635,0,1,116.233982332,0,382.80
R5_7,56,1.01146531787,0,1,124.015446384,0,381.70
R5_7,57,0.909090909091,0,1,111.463352132,0,382.20
R5_7,58,0.947999989635,0,1,116.233982332,0,380.40
R5_7,59,0.989135313679,0,1,121.277571552,0,382.20
R5_7,60,0.862134565888,0,1,105.706049573,1,381.70
R5_7,61,0.989135313679,0,1,121.277571552,0,389.50
R5_7,62,0.862134565888,0,1,105.706049573,1,391.20
R5_7,63,0.989135313679,0,1,121.277571552,0,413.50
R5_7,64,1.06303322642,0,1,130.338171528,0,384.60
R5_8,1,0.912109175758,0,1,122.324120969,0,381.40
R5_8,2,1.01137605864,0,1,135.636928814,0,383.70
R5_8,3,1.0800564516,0,1,144.847743615,0,380.00
R5_8,4,0.959141280002,0,1,128.631656253,0,386.60
R5_8,5,0.909090909091,0,1,121.91933739,1,393.90
R5_8,6,1.01512151292,0,1,136.139236448,0,389.00
R5_8,7,1.0800564516,0,1,144.847743615,0,403.50
R5_8,8,0.912109175758,0,1,122.324120969,0,385.20
R5_8,9,0.915773247181,0,1,122.815514245,0,379.80
R5_8,10,0.909090909091,0,1,121.91933739,1,381.50
R5_8,11,1.16977716963,0,1,156.880303157,0,411.20
R5_8,12,0.959141280002,0,1,128.631656253,0,414.70
R5_8,13,0.915773247181,0,1,122.815514245,0,388.40
R5_8,14,1.20078483655,0,1,161.038780782,0,415.10
R5_8,15,0.912109175758,0,1,122.324120969,0,384.20
R5_8,16,1.0800564516,0,1,144.847743615,0,410.40
R5_8,17,0.952458941912,0,1,127.735479398,0,441.90
R5_8,18,0.952458941912,0,1,127.735479398,0,412.30
R5_8,19,0.912109175758,0,1,122.324120969,0,361.40
R5_8,20,0.909090909091,0,1,121.91933739,1,422.20
R5_8,21,1.01512151292,0,1,136.139236448,0,379.20
R5_8,22,0.915773247181,0,1,122.815514245,0,391.70
R5_8,23,0.915773247181,0,1,122.815514245,0,380.50
R5_8,24,1.01137605864,0,1,135.636928814,0,380.20
R5_8,25,1.01137605864,0,1,135.636928814,0,385.60
R5_8,26,1,1,0,0,0,384.10
R5_8,27,0.952458941912,0,1,127.735479398,0,411.80
R5_8,28,1.06137123191,0,1,142.341845051,0,385.30
R5_8,29,0.912109175758,0,1,122.324120969,0,380.90
R5_8,30,1.06137123191,0,1,142.341845051,0,381.20
R5_8,31,1.20078483655,0,1,161.038780782,0,554.80
R5_8,32,0.915773247181,0,1,122.815514245,0,381.10
R5_8,33,0.915773247181,0,1,122.815514245,0,383.70
R5_8,34,0.909090909091,0,1,121.91933739,1,380.40
R5_8,35,1.16977716963,0,1,156.880303157,0,383.50
R5_8,36,1,1,0,0,0,381.30
R5_8,37,1.0800564516,0,1,144.847743615,0,379.80
R5_8,38,0.909090909091,0,1,121.91933739,1,387.80
R5_8,39,1,1,0,0,0,380.20
R5_8,40,1.06137123191,0,1,142.341845051,0,386.00
R5_8,41,1.01137605864,0,1,135.636928814,0,381.10
R5_8,42,0.952458941912,0,1,127.735479398,0,380.00
R5_8,43,0.912109175758,0,1,122.324120969,0,380.20
R5_8,44,0.912109175758,0,1,122.324120969,0,378.30
R5_8,45,0.909090909091,0,1,121.91933739,1,408.00
R5_8,46,1.16977716963,0,1,156.880303157,0,381.60
R5_8,47,0.912109175758,0,1,122.324120969,0,378.80
R5_8,48,0.952458941912,0,1,127.735479398,0,384.60
R5_8,49,1.01137605864,0,1,135.636928814,0,377.80
R5_8,50,0.915773247181,0,1,122.815514245,0,380.10
R5_8,51,0.952458941912,0,1,127.735479398,0,413.70
R5_8,52,0.912109175758,0,1,122.324120969,0,379.10
R5_8,53,1.01137605864,0,1,135.636928814,0,380.10
R5_8,54,1.01512151292,0,1,136.139236448,0,384.20
R5_8,55,1.42166416947,0,1,190.661188886,0,427.90
R5_8,56,1.0800564516,0,1,144.847743615,0,384.00
R5_8,57,1.0800564516,0,1,144.847743615,0,351.00
R5_8,58,1.0800564516,0,1,144.847743615,0,327.20
R5_8,59,0.915773247181,0,1,122.815514245,0,405.30
R5_8,60,1.0800564516,0,1,144.847743615,0,389.50
R5_8,61,0.912109175758,0,1,122.324120969,0,384.60
R5_8,62,1.20078483655,0,1,161.038780782,0,408.70
R5_8,63,1.0800564516,0,1,144.847743615,0,407.30
R5_8,64,1.01137605864,0,1,135.636928814,0,381.90
R5_9,1,0.895764634256,0,1,87.1036385863,0,387.60
R5_9,2,1.0038560337,0,1,97.6143841904,0,385.70
R5_9,3,1.0038560337,0,1,97.6143841904,0,379.20
R5_9,4,0.909090909091,0,1,88.3994778978,0,383.00
R5_9,5,1.12853501446,0,1,109.738096675,0,386.40
R5_9,6,1.12853501446,0,1,109.738096675,0,379.20
R5_9,7,0.965053539049,0,1,93.8412518949,0,415.80
R5_9,8,0.909090909091,0,1,88.3994778978,0,384.70
R5_9,9,0.909090909091,0,1,88.3994778978,0,381.60
R5_9,10,1.01401784899,0,1,98.6025132724,0,386.20
R5_9,11,1.01401784899,0,1,98.6025132724,0,382.20
R5_9,12,0.961455618367,0,1,93.4913921542,0,384.10
R5_9,13,1.01401784899,0,1,98.6025132724,0,383.00
R5_9,14,0.884745743111,0,1,86.0321679396,0,380.70
R5_9,15,0.855915027731,0,1,83.228685734,0,406.30
R5_9,16,0.980594008488,0,1,95.3523982181,0,383.80
R5_9,17,0.843202403637,0,1,81.992517468,0,381.10
R5_9,18,0.884745743111,0,1,86.0321679396,0,383.10
R5_9,19,1,1,0,0,0,378.50
R5_9,20,0.843202403637,0,1,81.992517468,0,380.30
R5_9,21,0.884745743111,0,1,86.0321679396,0,382.10
R5_9,22,0.909090909091,0,1,88.3994778978,0,383.00
R5_9,23,0.909090909091,0,1,88.3994778978,0,383.90
R5_9,24,0.909090909091,0,1,88.3994778978,0,384.50
R5_9,25,1.0038560337,0,1,97.6143841904,0,380.60
R5_9,26,1,1,0,0,0,384.50
R5_9,27,0.884745743111,0,1,86.0321679396,0,411.90
R5_9,28,0.909090909091,0,1,88.3994778978,0,381.80
R5_9,29,0.932243349291,0,1,90.6508078862,0,414.90
R5_9,30,0.895764634256,0,1,87.1036385863,0,381.00
R5_9,31,1.01401784899,0,1,98.6025132724,0,381.80
R5_9,32,0.843202403637,0,1,81.992517468,0,414.00
R5_9,33,0.895764634256,0,1,87.1036385863,0,401.00
R5_9,34,1,1,0,0,0,390.20
R5_9,35,0.855915027731,0,1,83.228685734,0,382.60
R5_9,36,1.0038560337,0,1,97.6143841904,0,380.60
R5_9,37,1,1,0,0,0,380.70
R5_9,38,1.12853501446,0,1,109.738096675,0,391.90
R5_9,39,1,1,0,0,0,379.00
R5_9,40,1,1,0,0,0,461.90
R5_9,41,0.895764634256,0,1,87.1036385863,0,396.30
R5_9,42,0.909090909091,0,1,88.3994778978,0,384.40
R5_9,43,0.884745743111,0,1,86.0321679396,0,381.20
R5_9,44,1,1,0,0,0,379.80
R5_9,45,0.855915027731,0,1,83.228685734,0,381.70
R5_9,46,0.855915027731,0,1,83.228685734,0,379.40
R5_9,47,0.984608058567,0,1,95.7427221425,0,421.90
R5_9,48,0.815456838318,0,1,79.294554631,1,404.50
R5_9,49,0.909090909091,0,1,88.3994778978,0,409.20
R5_9,50,0.855915027731,0,1,83.228685734,0,399.50
R5_9,51,0.884745743111,0,1,86.0321679396,0,441.40
R5_9,52,0.961455618367,0,1,93.4913921542,0,388.40
R5_9,53,0.961455618367,0,1,93.4913921542,0,384.50
R5_9,54,1.12853501446,0,1,109.738096675,0,408.00
R5_9,55,0.984608058567,0,1,95.7427221425,0,368.00
R5_9,56,1.0038560337,0,1,97.6143841904,0,395.80
R5_9,57,0.815456838318,0,1,79.294554631,1,385.30
R5_9,58,0.843202403637,0,1,81.992517468,0,381.20
R5_9,59,0.895764634256,0,1,87.1036385863,0,418.00
R5_9,60,0.895764634256,0,1,87.1036385863,0,450.30
R5_9,61,0.843202403637,0,1,81.992517468,0,400.20
R5_9,62,1.0038560337,0,1,97.6143841904,0,405.50
R5_9,63,0.855915027731,0,1,83.228685734,0,465.80
R5_9,64,1,1,0,0,0,398.20
R6_0,1,0.951424381481,0,1,108.898200037,0,720.80
R6_0,2,1.19279821946,0,1,136.525384082,0,766.50
R6_0,3,1.37225432542,0,1,157.065583919,0,722.50
R6_0,4,0.950882089995,0,1,108.836130399,0,712.50
R6_0,5,1.21067280219,0,1,138.571274353,0,749.30
R6_0,6,1.08454060988,0,1,124.134426847,0,753.40
R6_0,7,1,1,0,0,0,787.30
R6_0,8,0.993215562385,0,1,113.681538016,0,775.90
R6_0,9,1.39785409784,0,1,159.995684504,0,737.10
R6_0,10,1.38555969082,0,1,158.588490385,0,715.40
R6_0,11,1.00524894546,0,1,115.058855839,0,759.50
R6_0,12,1.19279821946,0,1,136.525384082,0,766.00
R6_0,13,1.21067280219,0,1,138.571274353,0,713.20
R6_0,14,1.44136454321,0,1,164.975806178,0,772.20
R6_0,15,1.2947029312,0,1,148.189200881,0,716.70
R6_0,16,1.09196547461,0,1,124.984262546,0,765.90
R6_0,17,1.00524894546,0,1,115.058855839,0,728.60
R6_0,18,0.993215562385,0,1,113.681538016,0,778.50
R6_0,19,1.12034746818,0,1,128.2328108,0,805.00
R6_0,20,1.3462659051,0,1,154.090999443,0,670.60
R6_0,21,1.37225432542,0,1,157.065583919,0,701.30
R6_0,22,1.40516621206,0,1,160.832614998,0,716.50
R6_0,23,1.25972878407,0,1,144.186127443,0,747.70
R6_0,24,1,1,0,0,0,713.50
R6_0,25,0.993215562385,0,1,113.681538016,0,714.00
R6_0,26,1,1,0,0,0,710.70
R6_0,27,0.951424381481,0,1,108.898200037,0,715.20
R6_0,28,1,1,0,0,0,713.70
R6_0,29,0.909090909091,0,1,104.052792421,1,712.40
R6_0,30,1.02144083901,0,1,116.91214875,0,773.90
R6_0,31,1.25850460006,0,1,144.046009701,0,715.20
R6_0,32,0.951424381481,0,1,108.898200037,0,737.70
R6_0,33,1.44136454321,0,1,164.975806178,0,712.20
R6_0,34,0.993215562385,0,1,113.681538016,0,714.50
R6_0,35,1.23120222189,0,1,140.921032144,0,739.00
R6_0,36,1.10096216156,0,1,126.014005986,0,746.80
R6_0,37,1.18812351099,0,1,135.990325965,0,751.70
R6_0,38,1.12034746818,0,1,128.2328108,0,713.00
R6_0,39,1.21067280219,0,1,138.571274353,0,742.50
R6_0,40,1.18812351099,0,1,135.990325965,0,743.20
R6_0,41,1.18812351099,0,1,135.990325965,0,730.50
R6_0,42,1.16810245101,0,1,133.698754047,0,724.50
R6_0,43,1.44896306639,0,1,165.84551849,0,828.50
R6_0,44,1.3462659051,0,1,154.090999443,0,724.20
R6_0,45,1,1,0,0,0,711.20
R6_0,46,1.02144083901,0,1,116.91214875,0,713.70
R6_0,47,1.31841940137,0,1,150.903742323,0,717.00
R6_0,48,0.951424381481,0,1,108.898200037,0,711.20
R6_0,49,1.00524894546,0,1,115.058855839,0,713.70
R6_0,50,0.993215562385,0,1,113.681538016,0,770.10
R6_0,51,1.23120222189,0,1,140.921032144,0,779.40
R6_0,52,1.16268094057,0,1,133.078218417,0,783.70
R6_0,53,0.993215562385,0,1,113.681538016,0,759.60
R6_0,54,1.2947029312,0,1,148.189200881,0,776.50
R6_0,55,0.950882089995,0,1,108.836130399,0,754.50
R6_0,56,1.16268094057,0,1,133.078218417,0,711.90
R6_0,57,1.04758241785,0,1,119.904263455,0,744.50
R6_0,58,1.16810245101,0,1,133.698754047,0,740.60
R6_0,59,1.21067280219,0,1,138.571274353,0,802.50
R6_0,60,1,1,0,0,0,726.00
R6_0,61,1.23889807881,0,1,141.801885088,0,785.00
R6_0,62,1.08454060988,0,1,124.134426847,0,813.90
R6_0,63,0.950882089995,0,1,108.836130399,0,712.60
R6_0,64,1.42956397469,0,1,163.625135862,0,777.80
R6_1,1,1.18818988106,0,1,131.295637359,0,750.30
R6_1,2,1.10573911733,0,1,122.18478248,0,720.50
R6_1,3,1.03475404106,0,1,114.340892391,0,727.20
R6_1,4,1.41204127143,0,1,156.031339489,0,729.40
R6_1,5,1.13740506611,0,1,125.68388729,0,711.00
R6_1,6,1.03475404106,0,1,114.340892391,0,742.60
R6_1,7,1.29933305651,0,1,143.577019562,0,713.90
R6_1,8,1.42695797945,0,1,157.679643954,0,766.80
R6_1,9,0.909090909091,0,1,100.455046983,0,712.70
R6_1,10,1.01481840648,0,1,112.137993772,0,714.40
R6_1,11,0.893206952002,0,1,98.6998609615,0,742.50
R6_1,12,0.995271075389,0,1,109.978002903,0,738.70
R6_1,13,1.39298741089,0,1,153.925877388,0,787.80
R6_1,14,1.41208421745,0,1,156.036085048,0,899.80
R6_1,15,1.013783585,0,1,112.023645428,0,905.10
R6_1,16,1.3422923994,0,1,148.324050651,0,884.70
R6_1,17,1.18818988106,0,1,131.295637359,0,883.50
R6_1,18,0.893206952002,0,1,98.6998609615,0,886.20
R6_1,19,0.913121556344,0,1,100.900435728,0,881.60
R6_1,20,1.00975293775,0,1,111.578256683,0,885.80
R6_1,21,1.10573911733,0,1,122.18478248,0,885.80
R6_1,22,0.909090909091,0,1,100.455046983,0,884.30
R6_1,23,1.42695797945,0,1,157.679643954,0,887.60
R6_1,24,1.11613336536,0,1,123.333352622,0,898.90
R6_1,25,0.909090909091,0,1,100.455046983,0,888.00
R6_1,26,1.16359700454,0,1,128.578110935,0,929.20
R6_1,27,1.5871949149,1,0,64.8853620409,0,880.80
R6_1,28,1.28700146195,0,1,142.21437156,0,883.00
R6_1,29,0.913121556344,0,1,100.900435728,0,884.40
R6_1,30,1.29933305651,0,1,143.577019562,0,882.20
R6_1,31,1,1,0,0,0,879.80
R6_1,32,0.889176304749,0,1,98.2544722163,1,880.40
R6_1,33,1.13681816445,0,1,125.619034333,0,884.90
R6_1,34,1.06761324806,0,1,117.971852893,0,887.00
R6_1,35,1.13681816445,0,1,125.619034333,0,882.20
R6_1,36,0.995271075389,0,1,109.978002903,0,892.70
R6_1,37,1.06761324806,0,1,117.971852893,0,886.50
R6_1,38,1.34546302147,1,0,38.1738544583,0,886.90
R6_1,39,1.13740506611,0,1,125.68388729,0,881.10
R6_1,40,1.4056862787,0,1,155.329109286,0,885.80
R6_1,41,1.11613336536,0,1,123.333352622,0,888.00
R6_1,42,1.4056862787,0,1,155.329109286,0,885.50
R6_1,43,1.24254157962,0,1,137.301530035,0,881.40
R6_1,44,1.29933305651,0,1,143.577019562,0,884.70
R6_1,45,1.26995022672,0,1,140.33020066,0,881.70
R6_1,46,1.42695797945,0,1,157.679643954,0,883.50
R6_1,47,1.4628690324,0,1,161.647835117,0,885.20
R6_1,48,1.34546302147,1,0,38.1738544583,0,928.30
R6_1,49,1,1,0,0,0,885.20
R6_1,50,1.10170847008,0,1,121.739393735,0,884.90
R6_1,51,1.06761324806,0,1,117.971852893,0,878.80
R6_1,52,1.24254157962,0,1,137.301530035,0,881.70
R6_1,53,1.34546302147,1,0,38.1738544583,0,885.20
R6_1,54,1.00975293775,0,1,111.578256683,0,878.90
R6_1,55,1.16359700454,0,1,128.578110935,0,881.70
R6_1,56,1,1,0,0,0,880.50
R6_1,57,1,1,0,0,0,885.20
R6_1,58,0.995271075389,0,1,109.978002903,0,883.10
R6_1,59,1.11613336536,0,1,123.333352622,0,888.90
R6_1,60,1.13681816445,0,1,125.619034333,0,882.70
R6_1,61,0.893206952002,0,1,98.6998609615,0,893.00
R6_1,62,1.28417363753,0,1,141.901895402,0,889.10
R6_1,63,1.18818988106,0,1,131.295637359,0,885.80
R6_1,64,1.26995022672,0,1,140.33020066,0,887.00
R6_2,1,0.938176785715,0,1,117.865386617,0,894.50
R6_2,2,0.880101603589,0,1,110.569263009,1,889.60
R6_2,3,1.25264106428,0,1,157.372283754,0,889.20
R6_2,4,1.63440797372,0,1,205.334570888,0,885.50
R6_2,5,1.48258839746,0,1,186.261115517,0,894.70
R6_2,6,1.38522133826,0,1,174.028659705,0,892.90
R6_2,7,0.909090909091,0,1,114.211258583,0,885.80
R6_2,8,1,1,0,0,0,887.20
R6_2,9,1.34403743569,0,1,168.854627824,0,895.20
R6_2,10,0.909090909091,0,1,114.211258583,0,894.10
R6_2,11,0.924623232982,0,1,116.162621469,0,888.70
R6_2,12,1.15056788805,0,1,144.548587238,0,915.70
R6_2,13,0.919494461019,0,1,115.518281618,0,889.70
R6_2,14,0.946704120776,0,1,118.936696053,0,890.80
R6_2,15,1.18994249889,0,1,149.495313483,0,889.40
R6_2,16,1.16085662226,0,1,145.841185449,0,892.30
R6_2,17,1.17400773151,0,1,147.493390662,0,887.20
R6_2,18,1.33627693386,0,1,167.879657474,0,891.90
R6_2,19,1.3285051118,0,1,166.903264938,0,891.00
R6_2,20,1.63052209004,0,1,204.846378056,0,896.10
R6_2,21,0.880101603589,0,1,110.569263009,1,890.40
R6_2,22,1.17647254866,0,1,147.803051518,0,891.70
R6_2,23,0.946704120776,0,1,118.936696053,0,903.40
R6_2,24,1.15056788805,0,1,144.548587238,0,891.20
R6_2,25,0.880101603589,0,1,110.569263009,1,890.50
R6_2,26,0.931171796885,0,1,116.985333167,0,885.00
R6_2,27,3.10009713079,1,0,263.840210099,0,890.80
R6_2,28,1.3128370904,0,1,164.93485405,0,891.60
R6_2,29,0.946704120776,0,1,118.936696053,0,926.00
R6_2,30,0.938176785715,0,1,117.865386617,0,892.60
R6_2,31,1,1,0,0,0,887.30
R6_2,32,1.33627693386,0,1,167.879657474,0,891.40
R6_2,33,1.34403743569,0,1,168.854627824,0,887.40
R6_2,34,1.18994249889,0,1,149.495313483,0,894.50
R6_2,35,1,1,0,0,0,883.30
R6_2,36,1,1,0,0,0,885.80
R6_2,37,1,1,0,0,0,894.60
R6_2,38,0.931171796885,0,1,116.985333167,0,892.10
R6_2,39,0.919494461019,0,1,115.518281618,0,885.70
R6_2,40,1.34403743569,0,1,168.854627824,0,890.60
R6_2,41,0.880101603589,0,1,110.569263009,1,891.40
R6_2,42,1.17400773151,0,1,147.493390662,0,892.90
R6_2,43,0.938176785715,0,1,117.865386617,0,892.40
R6_2,44,1,1,0,0,0,887.00
R6_2,45,1.65548975315,0,1,207.983125106,0,893.80
R6_2,46,1.15056788805,0,1,144.548587238,0,962.80
R6_2,47,1.61027303468,0,1,202.302440949,0,891.10
R6_2,48,1.38522133826,0,1,174.028659705,0,890.10
R6_2,49,1.20227371445,0,1,151.044513497,0,893.90
R6_2,50,1.70608937812,0,1,214.340076643,0,889.70
R6_2,51,1,1,0,0,0,886.10
R6_2,52,1.20227371445,0,1,151.044513497,0,890.50
R6_2,53,1,1,0,0,0,887.30
R6_2,54,0.931171796885,0,1,116.985333167,0,886.50
R6_2,55,0.924623232982,0,1,116.162621469,0,892.20
R6_2,56,1.16523554846,0,1,146.391320388,0,943.60
R6_2,57,1.26034889658,0,1,158.340637104,0,893.20
R6_2,58,1.17400773151,0,1,147.493390662,0,882.50
R6_2,59,0.924623232982,0,1,116.162621469,0,888.40
R6_2,60,1,1,0,0,0,884.40
R6_2,61,1.23082268429,0,1,154.631188651,0,888.50
R6_2,62,0.924623232982,0,1,116.162621469,0,887.90
R6_2,63,1.23082268429,0,1,154.631188651,0,934.60
R6_2,64,1.34403743569,0,1,168.854627824,0,903.00
R6_3,1,1.02510930748,0,1,109.473876241,0,886.40
R6_3,2,1.06133210245,0,1,113.342195204,0,884.40
R6_3,3,1.34191721698,0,1,143.306551082,0,887.70
R6_3,4,1.05171684088,0,1,112.31535841,0,881.70
R6_3,5,0.992341501322,0,1,105.974523801,0,888.80
R6_3,6,1.17572944952,0,1,125.558961674,0,888.40
R6_3,7,1.05731185029,0,1,112.912862855,0,883.00
R6_3,8,0.985046227411,0,1,105.195444041,0,891.70
R6_3,9,1.17572944952,0,1,125.558961674,0,891.90
R6_3,10,1.02510930748,0,1,109.473876241,0,927.40
R6_3,11,1.04126555837,0,1,111.199240939,0,885.30
R6_3,12,0.992341501322,0,1,105.974523801,0,884.60
R6_3,13,0.944692051594,0,1,100.88592503,0,885.50
R6_3,14,1.18228394738,0,1,126.258932187,0,884.20
R6_3,15,0.96729542289,0,1,103.299793145,0,886.00
R6_3,16,1.06133210245,0,1,113.342195204,0,884.60
R6_3,17,0.967629344341,0,1,103.335453416,0,885.20
R6_3,18,1,1,0,0,0,878.00
R6_3,19,1.05171684088,0,1,112.31535841,0,899.70
R6_3,20,1.13676096359,0,1,121.397423802,0,883.00
R6_3,21,1.13530223793,0,1,121.241642998,0,884.70
R6_3,22,1.04126555837,0,1,111.199240939,0,882.00
R6_3,23,0.944692051594,0,1,100.88592503,0,882.80
R6_3,24,0.909090909091,0,1,97.0839938214,1,884.20
R6_3,25,1.03766730124,0,1,110.814974449,0,887.00
R6_3,26,1.2111085029,0,1,129.337175453,0,885.20
R6_3,27,1,1,0,0,0,897.50
R6_3,28,1.16823440774,0,1,124.758548225,0,892.50
R6_3,29,1.03766730124,0,1,110.814974449,0,884.90
R6_3,30,1.00069248365,0,1,106.86634519,0,887.20
R6_3,31,0.944692051594,0,1,100.88592503,0,879.20
R6_3,32,1.27745587719,0,1,136.422570338,0,885.80
R6_3,33,1.1663498575,0,1,124.557292595,0,884.30
R6_3,34,1.03766730124,0,1,110.814974449,0,888.70
R6_3,35,1.04166559405,0,1,111.241961707,0,882.00
R6_3,36,1.12091789347,0,1,119.705504429,0,887.80
R6_3,37,0.967629344341,0,1,103.335453416,0,884.70
R6_3,38,1.04166559405,0,1,111.241961707,0,882.20
R6_3,39,1.05171684088,0,1,112.31535841,0,885.90
R6_3,40,1.2111085029,0,1,129.337175453,0,891.30
R6_3,41,1.09237972202,0,1,116.657844802,0,885.30
R6_3,42,1.00069248365,0,1,106.86634519,0,884.90
R6_3,43,1,1,0,0,0,875.90
R6_3,44,1.03766730124,0,1,110.814974449,0,913.20
R6_3,45,0.96729542289,0,1,103.299793145,0,886.60
R6_3,46,1.02510930748,0,1,109.473876241,0,882.80
R6_3,47,1.27745587719,0,1,136.422570338,0,883.20
R6_3,48,1.22515804254,0,1,130.837559415,0,891.10
R6_3,49,1.336521865,0,1,142.730368533,0,888.20
R6_3,50,1.03766730124,0,1,110.814974449,0,885.30
R6_3,51,1.38006294955,1,0,40.5878319501,0,888.50
R6_3,52,0.96729542289,0,1,103.299793145,0,881.40
R6_3,53,1.12091789347,0,1,119.705504429,0,899.70
R6_3,54,0.992341501322,0,1,105.974523801,0,883.20
R6_3,55,1.04166559405,0,1,111.241961707,0,881.90
R6_3,56,1.35847350355,0,1,145.074636548,0,882.90
R6_3,57,1.02794264383,0,1,109.77645501,0,885.40
R6_3,58,1.09237972202,0,1,116.657844802,0,883.40
R6_3,59,1.35847350355,0,1,145.074636548,0,884.10
R6_3,60,1.26255172952,0,1,134.830920739,0,887.80
R6_3,61,1.04126555837,0,1,111.199240939,0,924.60
R6_3,62,1.04166559405,0,1,111.241961707,0,887.10
R6_3,63,1.13496743311,0,1,121.20588839,0,887.70
R6_3,64,0.944692051594,0,1,100.88592503,0,880.00
R6_4,1,1.5936026424,0,1,133.912352998,0,886.50
R6_4,2,1.13670120629,0,1,95.5183739908,0,893.20
R6_4,3,1.02914636796,0,1,86.4804111427,0,887.40
R6_4,4,1.00512651075,0,1,84.4619935567,0,880.30
R6_4,5,0.909090909091,0,1,76.392006066,1,879.90
R6_4,6,0.960443041462,0,1,80.7071877143,0,887.00
R6_4,7,1.34248500455,0,1,112.810634872,0,883.80
R6_4,8,1.234086835,0,1,103.701805884,0,949.80
R6_4,9,0.909090909091,0,1,76.392006066,1,884.70
R6_4,10,1.00512651075,0,1,84.4619935567,0,885.60
R6_4,11,1.13732479006,0,1,95.5707744876,0,886.50
R6_4,12,0.909090909091,0,1,76.392006066,1,883.90
R6_4,13,1.11093122507,0,1,93.3528913729,0,885.30
R6_4,14,1,1,0,0,0,883.80
R6_4,15,1.13732479006,0,1,95.5707744876,0,879.30
R6_4,16,1.31135388034,0,1,110.19464894,0,883.30
R6_4,17,1.21839904861,0,1,102.383542264,0,903.70
R6_4,18,1,1,0,0,0,878.30
R6_4,19,1.13732479006,0,1,95.5707744876,0,877.60
R6_4,20,1.00512651075,0,1,84.4619935567,0,881.40
R6_4,21,1.19323501593,0,1,100.268978233,0,882.00
R6_4,22,0.960443041462,0,1,80.7071877143,0,881.30
R6_4,23,1.08049850033,0,1,90.795592791,0,886.00
R6_4,24,1.13804840084,0,1,95.6315803747,0,881.80
R6_4,25,1.19323501593,0,1,100.268978233,0,904.60
R6_4,26,1.234086835,0,1,103.701805884,0,885.90
R6_4,27,1.20769327,0,1,101.483922769,0,882.70
R6_4,28,1.21839904861,0,1,102.383542264,0,885.20
R6_4,29,1.04066560463,0,1,87.4483865001,0,889.40
R6_4,30,1,1,0,0,0,878.30
R6_4,31,1,1,0,0,0,876.70
R6_4,32,1.092017737,0,1,91.7635681484,0,881.10
R6_4,33,1.37016500241,0,1,115.136618493,0,801.60
R6_4,34,0.909090909091,0,1,76.392006066,1,711.90
R6_4,35,1.3898434661,0,1,116.790223542,0,774.00
R6_4,36,1.21459183541,0,1,102.063617544,0,798.70
R6_4,37,1.21459183541,0,1,102.063617544,0,823.70
R6_4,38,1.34074615654,0,1,112.664517376,0,793.70
R6_4,39,1.21459183541,0,1,102.063617544,0,768.40
R6_4,40,1.10951670761,0,1,93.2340277636,0,740.50
R6_4,41,1.21239676158,0,1,101.879162841,0,789.10
R6_4,42,1.07611857446,0,1,90.4275423348,0,881.20
R6_4,43,1.13670120629,0,1,95.5183739908,0,846.90
R6_4,44,1,1,0,0,0,714.70
R6_4,45,1.13732479006,0,1,95.5707744876,0,709.70
R6_4,46,1.00512651075,0,1,84.4619935567,0,812.60
R6_4,47,1.19323501593,0,1,100.268978233,0,771.10
R6_4,48,1.08049850033,0,1,90.795592791,0,719.60
R6_4,49,1.21239676158,0,1,101.879162841,0,698.90
R6_4,50,1.00512651075,0,1,84.4619935567,0,662.20
R6_4,51,1,1,0,0,0,613.50
R6_4,52,0.909090909091,0,1,76.392006066,1,678.70
R6_4,53,1.10951670761,0,1,93.2340277636,0,723.10
R6_4,54,1,1,0,0,0,759.70
R6_4,55,1,1,0,0,0,713.10
R6_4,56,1,1,0,0,0,706.00
R6_4,57,1.48327162595,1,0,40.6098978792,0,709.70
R6_4,58,0.960443041462,0,1,80.7071877143,0,739.10
R6_4,59,1.00512651075,0,1,84.4619935567,0,798.50
R6_4,60,1.21239676158,0,1,101.879162841,0,734.60
R6_4,61,0.960443041462,0,1,80.7071877143,0,706.00
R6_4,62,1.31516109355,0,1,110.51457366,0,713.10
R6_4,63,0.909090909091,0,1,76.392006066,1,762.40
R6_4,64,0.909090909091,0,1,76.392006066,1,764.20
R6_5,1,1.0727646242,0,1,164.685308108,0,693.70
R6_5,2,0.896527493785,0,1,137.630290197,0,724.30
R6_5,3,0.936875672441,0,1,143.824335082,0,739.70
R6_5,4,0.844021318562,0,1,129.569812205,0,755.10
R6_5,5,0.867044482749,0,1,133.104209967,0,739.50
R6_5,6,0.887681852687,0,1,136.272352867,0,721.90
R6_5,7,2.14268164057,1,0,175.418608893,0,726.10
R6_5,8,2.38411648813,1,0,212.482445043,0,720.90
R6_5,9,0.949022200719,0,1,145.689007636,0,718.50
R6_5,10,0.823734261304,0,1,126.455447506,1,745.90
R6_5,11,0.965002806089,0,1,148.142267988,0,817.80
R6_5,12,0.909090909091,0,1,139.558961104,0,794.00
R6_5,13,0.865456870431,0,1,132.860487889,0,786.50
R6_5,14,0.931440247273,0,1,142.989916564,0,801.60
R6_5,15,1.03386665792,0,1,158.713892369,0,719.40
R6_5,16,0.867044482749,0,1,133.104209967,0,760.50
R6_5,17,0.823734261304,0,1,126.455447506,1,800.00
R6_5,18,1.13760459154,0,1,174.639206436,0,735.00
R6_5,19,0.906776614723,0,1,139.203682534,0,789.80
R6_5,20,0.906776614723,0,1,139.203682534,0,770.20
R6_5,21,0.942003780805,0,1,144.611575905,0,688.00
R6_5,22,0.95285627781,0,1,146.277595434,0,746.80
R6_5,23,1,1,0,0,0,785.60
R6_5,24,0.887681852687,0,1,136.272352867,0,653.30
R6_5,25,1.06878654454,0,1,164.074613778,0,747.60
R6_5,26,1.0727646242,0,1,164.685308108,0,691.10
R6_5,27,0.982321211255,0,1,150.800900484,0,746.80
R6_5,28,1.06878654454,0,1,164.074613778,0,717.10
R6_5,29,1,1,0,0,0,775.10
R6_5,30,0.909090909091,0,1,139.558961104,0,724.70
R6_5,31,0.942003780805,0,1,144.611575905,0,719.30
R6_5,32,0.867044482749,0,1,133.104209967,0,720.60
R6_5,33,1.06878654454,0,1,164.074613778,0,790.30
R6_5,34,2.42463422619,1,0,218.702519816,0,724.50
R6_5,35,0.95285627781,0,1,146.277595434,0,788.50
R6_5,36,0.853310342152,0,1,130.995815335,0,716.40
R6_5,37,0.928199590745,0,1,142.492427639,0,813.10
R6_5,38,0.86877347864,0,1,133.369636525,0,816.60
R6_5,39,1.05297533958,0,1,161.647358905,0,792.50
R6_5,40,1.21039782402,0,1,185.814049127,0,787.80
R6_5,41,0.942003780805,0,1,144.611575905,0,786.40
R6_5,42,1,1,0,0,0,822.50
R6_5,43,1.04576338036,0,1,160.540216015,0,745.20
R6_5,44,0.894671839031,0,1,137.345419622,0,783.70
R6_5,45,0.936875672441,0,1,143.824335082,0,725.60
R6_5,46,0.95285627781,0,1,146.277595434,0,787.60
R6_5,47,1.17951573259,0,1,181.073189271,0,785.20
R6_5,48,1.16062775573,0,1,178.173604199,0,786.80
R6_5,49,0.865456870431,0,1,132.860487889,0,711.50
R6_5,50,0.846757425492,0,1,129.989845269,0,718.80
R6_5,51,0.90681836731,0,1,139.210092177,0,788.20
R6_5,52,0.906776614723,0,1,139.203682534,0,743.60
R6_5,53,0.942003780805,0,1,144.611575905,0,851.10
R6_5,54,1.00142989291,0,1,153.73436702,0,776.20
R6_5,55,1.0101059746,0,1,155.066274463,0,812.10
R6_5,56,0.86877347864,0,1,133.369636525,0,716.80
R6_5,57,0.931440247273,0,1,142.989916564,0,717.70
R6_5,58,0.950548928927,0,1,145.923383099,0,716.10
R6_5,59,0.867044482749,0,1,133.104209967,0,717.70
R6_5,60,0.887681852687,0,1,136.272352867,0,718.70
R6_5,61,1.06878654454,0,1,164.074613778,0,720.00
R6_5,62,0.90681836731,0,1,139.210092177,0,740.60
R6_5,63,1.04576338036,0,1,160.540216015,0,786.70
R6_5,64,0.996073429443,0,1,152.912070296,0,738.90
R6_6,1,0.821246289124,0,1,131.635146015,1,719.10
R6_6,2,0.977027759799,0,1,156.604898585,0,717.80
R6_6,3,1.15018676517,0,1,184.360044949,0,760.50
R6_6,4,1.20137776823,0,1,192.565299879,0,714.30
R6_6,5,1.13304845706,0,1,181.612996079,0,716.00
R6_6,6,0.988620336437,0,1,158.46303851,0,770.30
R6_6,7,1.13072798091,0,1,181.2410538,0,728.50
R6_6,8,1.21851367546,0,1,195.311963919,0,715.10
R6_6,9,1.03282133363,0,1,165.547886012,0,721.60
R6_6,10,1.15037924892,0,1,184.390897603,0,765.30
R6_6,11,0.905895370304,0,1,145.203297626,0,715.30
R6_6,12,1.13072798091,0,1,181.2410538,0,737.70
R6_6,13,0.923223761285,0,1,147.980814319,0,714.50
R6_6,14,0.987858951369,0,1,158.340998343,0,742.70
R6_6,15,1,1,0,0,0,736.80
R6_6,16,0.924234516682,0,1,148.142825321,0,717.90
R6_6,17,0.905895370304,0,1,145.203297626,0,742.20
R6_6,18,0.905895370304,0,1,145.203297626,0,721.10
R6_6,19,1.02018852001,0,1,163.523009568,0,735.90
R6_6,20,1.13829489015,0,1,182.453931369,0,718.60
R6_6,21,1.13453621342,0,1,181.851464159,0,681.80
R6_6,22,0.924234516682,0,1,148.142825321,0,716.40
R6_6,23,1.0838129547,0,1,173.72118259,0,693.30
R6_6,24,0.917200292452,0,1,147.015330262,0,716.40
R6_6,25,1.0838129547,0,1,173.72118259,0,712.70
R6_6,26,1.15037924892,0,1,184.390897603,0,718.50
R6_6,27,0.969025901316,0,1,155.322304284,0,771.70
R6_6,28,0.909090909091,0,1,145.715501115,0,717.40
R6_6,29,0.905895370304,0,1,145.203297626,0,731.20
R6_6,30,1.13453621342,0,1,181.851464159,0,715.70
R6_6,31,0.917200292452,0,1,147.015330262,0,722.20
R6_6,32,1.20518600074,0,1,193.175710238,0,726.70
R6_6,33,1.20518600074,0,1,193.175710238,0,736.20
R6_6,34,0.923223761285,0,1,147.980814319,0,732.50
R6_6,35,1.21851367546,0,1,195.311963919,0,718.60
R6_6,36,0.924234516682,0,1,148.142825321,0,721.50
R6_6,37,0.905895370304,0,1,145.203297626,0,714.10
R6_6,38,1.03282133363,0,1,165.547886012,0,712.80
R6_6,39,1.15037924892,0,1,184.390897603,0,719.40
R6_6,40,1.06764510283,0,1,171.12968529,0,716.40
R6_6,41,1,1,0,0,0,711.10
R6_6,42,0.923223761285,0,1,147.980814319,0,737.40
R6_6,43,0.909090909091,0,1,145.715501115,0,722.90
R6_6,44,0.924234516682,0,1,148.142825321,0,741.30
R6_6,45,1.03282133363,0,1,165.547886012,0,707.70
R6_6,46,1.16751515615,0,1,187.137561642,0,723.60
R6_6,47,1.02922051709,0,1,164.970721746,0,717.70
R6_6,48,0.969025901316,0,1,155.322304284,0,718.80
R6_6,49,1.14641314511,0,1,183.755182517,0,784.70
R6_6,50,0.97422228059,0,1,156.155216595,0,722.60
R6_6,51,0.917200292452,0,1,147.015330262,0,717.00
R6_6,52,1.07972946161,0,1,173.066651523,0,715.80
R6_6,53,0.821246289124,0,1,131.635146015,1,746.70
R6_6,54,1.0838129547,0,1,173.72118259,0,714.30
R6_6,55,1.00504491242,0,1,161.095685362,0,716.00
R6_6,56,0.923223761285,0,1,147.980814319,0,713.10
R6_6,57,1.05428041478,0,1,168.987498851,0,749.30
R6_6,58,2.49879458219,1,0,240.237363975,0,746.70
R6_6,59,1.02078653442,0,1,163.618863535,0,710.30
R6_6,60,0.923223761285,0,1,147.980814319,0,715.20
R6_6,61,0.909090909091,0,1,145.715501115,0,713.00
R6_6,62,1.04441391027,0,1,167.406025938,0,726.30
R6_6,63,0.97422228059,0,1,156.155216595,0,748.70
R6_6,64,1.13072798091,0,1,181.2410538,0,759.80
R6_7,1,0.971628587619,0,1,90.3799881045,0,722.50
R6_7,2,1.00555094318,0,1,93.5354140882,0,716.70
R6_7,3,0.909090909091,0,1,84.5627913758,1,715.30
R6_7,4,1,1,0,0,0,796.50
R6_7,5,1.1648072045,0,1,108.34928349,0,803.60
R6_7,6,0.940526870346,0,1,87.4869352725,0,787.40
R6_7,7,1.48190520377,0,1,137.845444644,0,798.50
R6_7,8,1.07894195298,0,1,100.362177604,0,747.30
R6_7,9,0.989503359785,0,1,92.042682797,0,743.90
R6_7,10,1.00555094318,0,1,93.5354140882,0,715.00
R6_7,11,1,1,0,0,0,805.70
R6_7,12,1,1,0,0,0,733.60
R6_7,13,1.65900128587,0,1,154.318757592,0,784.70
R6_7,14,1.10870880989,0,1,103.131062966,0,762.20
R6_7,15,0.909090909091,0,1,84.5627913758,1,696.40
R6_7,16,0.940526870346,0,1,87.4869352725,0,780.90
R6_7,17,1.22524605625,0,1,113.971249302,0,656.10
R6_7,18,1,1,0,0,0,644.10
R6_7,19,1.43044506969,1,0,40.0396002897,0,747.40
R6_7,20,1.07590713179,0,1,100.079881358,0,731.90
R6_7,21,1.43044506969,1,0,40.0396002897,0,772.80
R6_7,22,1.08315027571,0,1,100.753631873,0,715.40
R6_7,23,1.04448754895,0,1,97.1572609659,0,720.00
R6_7,24,1.10870880989,0,1,103.131062966,0,728.40
R6_7,25,1.53329986882,0,1,142.626128616,0,721.90
R6_7,26,0.909090909091,0,1,84.5627913758,1,720.10
R6_7,27,1.28946731718,0,1,119.945051302,0,714.70
R6_7,28,1.00555094318,0,1,93.5354140882,0,749.00
R6_7,29,0.971628587619,0,1,90.3799881045,0,743.70
R6_7,30,1.48479066121,0,1,138.113847213,0,718.40
R6_7,31,0.989503359785,0,1,92.042682797,0,745.90
R6_7,32,0.909090909091,0,1,84.5627913758,1,745.70
R6_7,33,1.28946731718,0,1,119.945051302,0,721.00
R6_7,34,1.08315027571,0,1,100.753631873,0,736.20
R6_7,35,1.2669436042,0,1,117.849916455,0,744.40
R6_7,36,1.32345372189,0,1,123.106435078,0,740.40
R6_7,37,1.48190520377,0,1,137.845444644,0,711.30
R6_7,38,1.07894195298,0,1,100.362177604,0,725.90
R6_7,39,1.9271227957,0,1,179.259171221,0,866.80
R6_7,40,1.26390878301,0,1,117.56762021,0,726.90
R6_7,41,1.17026186708,0,1,108.856671133,0,742.50
R6_7,42,1.48479066121,0,1,138.113847213,0,732.60
R6_7,43,1,1,0,0,0,683.60
R6_7,44,1.10870880989,0,1,103.131062966,0,718.10
R6_7,45,1.04448754895,0,1,97.1572609659,0,728.10
R6_7,46,0.971628587619,0,1,90.3799881045,0,717.60
R6_7,47,1.07894195298,0,1,100.362177604,0,717.40
R6_7,48,1.35737607745,0,1,126.261861062,0,714.20
R6_7,49,0.971628587619,0,1,90.3799881045,0,818.90
R6_7,50,1.1648072045,0,1,108.34928349,0,782.80
R6_7,51,1.26517835898,0,1,117.685714986,0,796.40
R6_7,52,1.00474813128,0,1,93.4607372721,0,765.00
R6_7,53,1.08315027571,0,1,100.753631873,0,720.90
R6_7,54,1.56622762683,0,1,145.68903806,0,768.80
R6_7,55,1.10058594356,0,1,102.37548149,0,796.30
R6_7,56,1.26390878301,0,1,117.56762021,0,773.90
R6_7,57,1,1,0,0,0,781.10
R6_7,58,1.1648072045,0,1,108.34928349,0,774.60
R6_7,59,1.17026186708,0,1,108.856671133,0,719.70
R6_7,60,1.07590713179,0,1,100.079881358,0,780.50
R6_7,61,1.48479066121,0,1,138.113847213,0,717.90
R6_7,62,0.971628587619,0,1,90.3799881045,0,723.20
R6_7,63,1.02996546354,0,1,95.8064300792,0,748.60
R6_7,64,1.00474813128,0,1,93.4607372721,0,749.70
R6_8,1,1.58798207657,0,1,153.391620264,0,720.10
R6_8,2,1,1,0,0,0,739.00
R6_8,3,1.2541386404,0,1,121.143910202,0,714.60
R6_8,4,0.909090909091,0,1,87.8139177832,1,713.60
R6_8,5,1.09640340215,0,1,105.907426035,0,714.80
R6_8,6,1.29698338798,0,1,125.282511858,0,721.80
R6_8,7,1.58798207657,0,1,153.391620264,0,713.70
R6_8,8,0.917128163556,0,1,88.5902788663,0,717.90
R6_8,9,1.09640340215,0,1,105.907426035,0,713.20
R6_8,10,0.959483428303,0,1,92.6815987761,0,720.90
R6_8,11,1.19835874559,0,1,115.755833996,0,717.10
R6_8,12,1.1558134962,0,1,111.646162461,0,774.70
R6_8,13,1.19835874559,0,1,115.755833996,0,717.80
R6_8,14,0.951446173838,0,1,91.905237693,0,713.50
R6_8,15,1.19835874559,0,1,115.755833996,0,773.20
R6_8,16,1.31480627256,0,1,127.004118912,0,720.40
R6_8,17,1.46350977749,0,1,141.368180003,0,714.70
R6_8,18,1.46421167911,0,1,141.435980407,0,728.40
R6_8,19,0.951446173838,0,1,91.905237693,0,714.10
R6_8,20,1.2374673315,0,1,119.533539958,0,718.10
R6_8,21,1.09640340215,0,1,105.907426035,0,712.30
R6_8,22,1.25456520358,0,1,121.185114205,0,715.00
R6_8,23,1.37862810592,0,1,133.169008661,0,723.10
R6_8,24,1.09640340215,0,1,105.907426035,0,713.90
R6_8,25,1.31480627256,0,1,127.004118912,0,716.60
R6_8,26,1.31480627256,0,1,127.004118912,0,745.30
R6_8,27,0.917128163556,0,1,88.5902788663,0,741.50
R6_8,28,1.27667276247,0,1,123.3206007,0,724.30
R6_8,29,0.959483428303,0,1,92.6815987761,0,737.60
R6_8,30,1.22943007703,0,1,118.757178875,0,729.40
R6_8,31,0.917128163556,0,1,88.5902788663,0,714.40
R6_8,32,1,1,0,0,0,744.70
R6_8,33,0.959483428303,0,1,92.6815987761,0,750.00
R6_8,34,1.1558134962,0,1,111.646162461,0,720.10
R6_8,35,1.46421167911,0,1,141.435980407,0,712.30
R6_8,36,1,1,0,0,0,711.80
R6_8,37,0.959483428303,0,1,92.6815987761,0,736.90
R6_8,38,0.959483428303,0,1,92.6815987761,0,745.20
R6_8,39,0.959483428303,0,1,92.6815987761,0,712.00
R6_8,40,1.09640340215,0,1,105.907426035,0,716.70
R6_8,41,1.58798207657,0,1,153.391620264,0,745.20
R6_8,42,0.959483428303,0,1,92.6815987761,0,714.80
R6_8,43,1.47625862658,0,1,142.599659027,0,714.00
R6_8,44,1.82735002092,0,1,176.513440948,0,716.60
R6_8,45,1.22943007703,0,1,118.757178875,0,737.40
R6_8,46,1.09640340215,0,1,105.907426035,0,711.90
R6_8,47,1.44543441241,0,1,139.622184518,0,739.00
R6_8,48,0.959483428303,0,1,92.6815987761,0,737.70
R6_8,49,1.6565279869,0,1,160.012833692,0,716.70
R6_8,50,1.19835874559,0,1,115.755833996,0,770.80
R6_8,51,0.909090909091,0,1,87.8139177832,1,720.50
R6_8,52,1,1,0,0,0,730.30
R6_8,53,1.2541386404,0,1,121.143910202,0,715.80
R6_8,54,1.73700392225,0,1,167.78643158,0,773.30
R6_8,55,0.909090909091,0,1,87.8139177832,1,729.20
R6_8,56,1.19835874559,0,1,115.755833996,0,713.60
R6_8,57,1.2374673315,0,1,119.533539958,0,726.70
R6_8,58,1.47625862658,0,1,142.599659027,0,716.00
R6_8,59,0.909090909091,0,1,87.8139177832,1,716.90
R6_8,60,1.4781501666,1,0,46.1870633597,0,717.10
R6_8,61,1.22943007703,0,1,118.757178875,0,716.20
R6_8,62,0.959483428303,0,1,92.6815987761,0,722.90
R6_8,63,1.31480627256,0,1,127.004118912,0,714.60
R6_8,64,0.959483428303,0,1,92.6815987761,0,720.20
R6_9,1,1.44558718062,0,1,200.686373837,0,718.70
R6_9,2,1,1,0,0,0,713.60
R6_9,3,1.01154013106,0,1,140.428971435,0,716.30
R6_9,4,1.29913177459,0,1,180.35442516,0,765.70
R6_9,5,1.1048238337,0,1,153.379257845,0,721.00
R6_9,6,0.909090909091,0,1,126.206264471,1,717.30
R6_9,7,1.58437380954,0,1,219.953690031,0,713.70
R6_9,8,1.49567071099,0,1,207.639314644,0,727.50
R6_9,9,1.28648995313,0,1,178.599400391,0,718.00
R6_9,10,1.23217040608,0,1,171.058386558,0,719.00
R6_9,11,1.00237461173,0,1,139.156550882,0,715.60
R6_9,12,1.18057890065,0,1,163.896098262,0,715.00
R6_9,13,1.21952858462,0,1,169.303361789,0,716.30
R6_9,14,0.909090909091,0,1,126.206264471,1,714.20
R6_9,15,1.21901649278,0,1,169.232269671,0,712.70
R6_9,16,1.18057890065,0,1,163.896098262,0,748.00
R6_9,17,1,1,0,0,0,714.60
R6_9,18,0.921732730553,0,1,127.961289241,0,715.00
R6_9,19,1.21952858462,0,1,169.303361789,0,714.70
R6_9,20,1,1,0,0,0,713.20
R6_9,21,1.25732315666,1,0,35.7233738003,0,717.90
R6_9,22,0.969696042091,0,1,134.61988666,0,729.80
R6_9,23,1.21901649278,0,1,169.232269671,0,734.70
R6_9,24,0.946554635895,0,1,131.407237186,0,717.70
R6_9,25,1.12629145567,0,1,156.359541059,0,745.90
R6_9,26,1.49567071099,0,1,207.639314644,0,747.90
R6_9,27,1.00237461173,0,1,139.156550882,0,730.10
R6_9,28,0.969696042091,0,1,134.61988666,0,757.10
R6_9,29,1.01154013106,0,1,140.428971435,0,717.70
R6_9,30,1.01154013106,0,1,140.428971435,0,775.10
R6_9,31,1.49597993705,0,1,207.682243538,0,766.70
R6_9,32,1.31179072743,0,1,182.111828225,0,792.20
R6_9,33,0.969696042091,0,1,134.61988666,0,719.30
R6_9,34,0.946554635895,0,1,131.407237186,0,774.30
R6_9,35,1.58437380954,0,1,219.953690031,0,759.40
R6_9,36,1.21952858462,0,1,169.303361789,0,724.90
R6_9,37,0.909090909091,0,1,126.206264471,1,725.90
R6_9,38,0.969696042091,0,1,134.61988666,0,712.70
R6_9,39,1.28648995313,0,1,178.599400391,0,739.70
R6_9,40,1.51254854913,0,1,209.982412439,0,715.40
R6_9,41,1.12629145567,0,1,156.359541059,0,747.30
R6_9,42,1.21901649278,0,1,169.232269671,0,716.10
R6_9,43,1.03983833853,0,1,144.357523596,0,773.40
R6_9,44,1.1048238337,0,1,153.379257845,0,739.30
R6_9,45,1.2732241284,0,1,176.757747188,0,745.40
R6_9,46,1.21280135581,0,1,168.369441529,0,798.00
R6_9,47,1.21952858462,0,1,169.303361789,0,779.30
R6_9,48,1.31179072743,0,1,182.111828225,0,730.90
R6_9,49,1.1048238337,0,1,153.379257845,0,717.20
R6_9,50,1,1,0,0,0,711.10
R6_9,51,1.03983833853,0,1,144.357523596,0,723.30
R6_9,52,1.18057890065,0,1,163.896098262,0,725.00
R6_9,53,0.946554635895,0,1,131.407237186,0,721.40
R6_9,54,1.21901649278,0,1,169.232269671,0,731.30
R6_9,55,1.06297974473,0,1,147.57017307,0,718.20
R6_9,56,1.21901649278,0,1,169.232269671,0,721.70
R6_9,57,0.921732730553,0,1,127.961289241,0,714.20
R6_9,58,1.1048238337,0,1,153.379257845,0,716.70
R6_9,59,1.03983833853,0,1,144.357523596,0,718.90
R6_9,60,1.49657518068,1,0,68.9379884407,0,767.30
R6_9,61,1.00237461173,0,1,139.156550882,0,716.60
R6_9,62,1.48393335921,1,0,67.1829636716,0,718.10
R6_9,63,1.28648995313,0,1,178.599400391,0,715.60
R6_9,64,0.921732730553,0,1,127.961289241,0,715.90
R7_0,1,1.28610992047,0,1,141.262761232,0,1344.90
R7_0,2,1.04647839647,0,1,114.942296535,0,1337.80
R7_0,3,0.91566387807,0,1,100.573991163,0,1321.20
R7_0,4,1.12100681206,0,1,123.128291844,0,1299.30
R7_0,5,1.02253207358,0,1,112.312098572,0,1351.70
R7_0,6,1.24866142594,0,1,137.149522031,0,1305.90
R7_0,7,1.15436357135,0,1,126.792106148,0,1305.40
R7_0,8,1.13408152828,0,1,124.56438256,0,1363.10
R7_0,9,1.25384799586,0,1,137.719200545,0,1341.20
R7_0,10,1.07324280917,0,1,117.882025698,0,1304.70
R7_0,11,1.26055817197,0,1,138.456227754,0,1364.10
R7_0,12,1.18052095391,0,1,129.665160798,0,1317.00
R7_0,13,1.08991432589,0,1,119.713179045,0,1343.90
R7_0,14,1.07314008603,0,1,117.870742872,0,1355.00
R7_0,15,1.16585634453,0,1,128.054440609,0,1365.10
R7_0,16,1.41733864413,0,1,155.676561765,0,1358.80
R7_0,17,1,1,0,0,0,1342.30
R7_0,18,0.939080930009,0,1,103.146055467,0,1313.40
R7_0,19,1.26055817197,0,1,138.456227754,0,1304.00
R7_0,20,1.26050222289,0,1,138.450082462,0,1349.00
R7_0,21,1.02063622557,0,1,112.103863863,0,1307.40
R7_0,22,1.16467731437,0,1,127.924939193,0,1306.00
R7_0,23,1.08991432589,0,1,119.713179045,0,1306.50
R7_0,24,1.26050222289,0,1,138.450082462,0,1310.20
R7_0,25,0.90719506108,0,1,99.6437996973,1,1306.00
R7_0,26,0.937185081998,0,1,102.937820758,0,1304.90
R7_0,27,1.02183965118,0,1,112.236044808,0,1334.30
R7_0,28,0.920892690335,0,1,101.14830946,0,1311.90
R7_0,29,1.18052095391,0,1,129.665160798,0,1307.60
R7_0,30,1.10790601481,0,1,121.68933646,0,1319.40
R7_0,31,0.90719506108,0,1,99.6437996973,1,1329.60
R7_0,32,1.10275518821,0,1,121.123583894,0,1322.60
R7_0,33,0.920892690335,0,1,101.14830946,0,1364.10
R7_0,34,1.21874133811,0,1,133.863182228,0,1414.10
R7_0,35,0.962463585824,0,1,105.714341795,0,1397.60
R7_0,36,1.19276242637,0,1,131.00973032,0,1339.60
R7_0,37,1.18064027563,0,1,129.678266766,0,1345.00
R7_0,38,1.05533896816,0,1,115.915517255,0,1357.00
R7_0,39,1.1307098402,0,1,124.194045654,0,1353.80
R7_0,40,1.12391932617,0,1,123.448194349,0,1459.10
R7_0,41,1.1603866331,0,1,127.453662614,0,1464.90
R7_0,42,1.15849078509,0,1,127.245427905,0,1397.20
R7_0,43,1.12100681206,0,1,123.128291844,0,1304.70
R7_0,44,1.14770934432,0,1,126.061224231,0,1307.50
R7_0,45,1.33816040576,0,1,146.979842765,0,1392.80
R7_0,46,1.14541429616,0,1,125.809142481,0,1495.10
R7_0,47,1.2275332588,0,1,134.828862512,0,1446.30
R7_0,48,1.24866142594,0,1,137.149522031,0,1428.90
R7_0,49,1.02253207358,0,1,112.312098572,0,1431.50
R7_0,50,1.17203328853,0,1,128.732899076,0,1470.90
R7_0,51,1.04941155196,0,1,115.264466232,0,1453.90
R7_0,52,0.91566387807,0,1,100.573991163,0,1311.40
R7_0,53,1.07324280917,0,1,117.882025698,0,1333.80
R7_0,54,0.979592699325,0,1,107.595756309,0,1311.40
R7_0,55,0.964359433835,0,1,105.922576504,0,1310.60
R7_0,56,1.41733864413,0,1,155.676561765,0,1306.60
R7_0,57,1.19276242637,0,1,131.00973032,0,1327.60
R7_0,58,1.01653340729,0,1,111.653221635,0,1328.80
R7_0,59,1.36693652972,1,0,40.3032948899,0,1310.00
R7_0,60,1.20321660565,0,1,132.157988496,0,1326.90
R7_0,61,0.964359433835,0,1,105.922576504,0,1308.20
R7_0,62,1.30983845453,0,1,143.869037872,0,1339.70
R7_0,63,1.1665424633,0,1,128.129802,0,1320.60
R7_0,64,1.26050222289,0,1,138.450082462,0,1391.70
R7_1,1,0.921687813451,0,1,88.1481488374,0,1419.10
R7_1,2,1.20785343686,0,1,115.516385236,0,1354.90
R7_1,3,1.34313247884,0,1,128.454168456,0,1368.10
R7_1,4,1.12394838634,0,1,107.491894977,0,1478.20
R7_1,5,1.22513320433,0,1,117.168983321,0,1419.90
R7_1,6,0.936421793339,0,1,89.557273525,0,1353.80
R7_1,7,0.921837273299,0,1,88.1624428411,0,1258.40
R7_1,8,1.12141845429,0,1,107.249937967,0,1437.50
R7_1,9,1.19761792004,0,1,114.537483436,0,1339.30
R7_1,10,1.01286353641,0,1,96.8679898516,0,1337.30
R7_1,11,1.07995739105,0,1,103.28469516,0,1342.00
R7_1,12,1.07887763902,0,1,103.181430104,0,1339.40
R7_1,13,1.20969018452,0,1,115.69204765,0,1332.40
R7_1,14,1.01286353641,0,1,96.8679898516,0,1394.00
R7_1,15,1.11743572013,0,1,106.869038233,0,1362.20
R7_1,16,1.05076903556,0,1,100.493186509,0,1381.70
R7_1,17,1.03370862676,0,1,98.8615673943,0,1429.60
R7_1,18,1,1,0,0,0,1404.70
R7_1,19,1.01286353641,0,1,96.8679898516,0,1386.20
R7_1,20,1.03949780228,0,1,99.4152311169,0,1399.50
R7_1,21,1.07283227102,0,1,102.60326471,0,1334.20
R7_1,22,1.18117592876,0,1,112.965008381,0,1330.90
R7_1,23,0.949018697698,0,1,90.762013117,0,1419.80
R7_1,24,1.15458283624,0,1,110.421704843,0,1435.70
R7_1,25,0.909090909091,0,1,86.9434092454,1,1404.30
R7_1,26,1.39997888377,0,1,133.890830729,0,1424.00
R7_1,27,1.1326357605,0,1,108.322735896,0,1401.90
R7_1,28,1.39956532452,0,1,133.851278853,0,1377.40
R7_1,29,0.993367278904,0,1,95.0034116468,0,1334.30
R7_1,30,1.15458283624,0,1,110.421704843,0,1306.10
R7_1,31,1.36735262048,0,1,130.770528312,0,1384.50
R7_1,32,1.01497523151,0,1,97.06994762,0,1307.70
R7_1,33,1.26915843133,0,1,121.379456982,0,1332.20
R7_1,34,0.968169283846,0,1,92.5935320906,0,1334.70
R7_1,35,1.17154737171,0,1,112.044154848,0,1349.80
R7_1,36,1.04471576064,0,1,99.9142649146,0,1457.90
R7_1,37,1.38020700437,0,1,131.999892666,0,1421.60
R7_1,38,1.33223095816,0,1,127.411571545,0,1385.00
R7_1,39,1.01286353641,0,1,96.8679898516,0,1379.90
R7_1,40,1,1,0,0,0,1433.90
R7_1,41,1.24140618221,0,1,118.725294314,0,1379.50
R7_1,42,1.31027597548,0,1,125.311846397,0,1318.60
R7_1,43,1.01497523151,0,1,97.06994762,0,1326.40
R7_1,44,1.07995739105,0,1,103.28469516,0,1320.00
R7_1,45,1.30034297376,0,1,124.36187646,0,1338.40
R7_1,46,1.36735262048,0,1,130.770528312,0,1334.30
R7_1,47,1.13155169522,0,1,108.219058331,0,1362.40
R7_1,48,1.229480312,0,1,117.584730918,0,1399.40
R7_1,49,1.23739108209,0,1,118.341299171,0,1457.60
R7_1,50,1.12141845429,0,1,107.249937967,0,1376.50
R7_1,51,1.17601787436,0,1,112.471703664,0,1390.10
R7_1,52,1.07995739105,0,1,103.28469516,0,1365.00
R7_1,53,1.05894714213,0,1,101.275322222,0,1401.00
R7_1,54,1.09828513399,0,1,105.037519259,0,1356.70
R7_1,55,1.04072691927,0,1,99.5327811004,0,1333.10
R7_1,56,0.936421793339,0,1,89.557273525,0,1340.10
R7_1,57,1.06982140005,0,1,102.315311785,0,1360.80
R7_1,58,1.1335192551,0,1,108.407231332,0,1331.10
R7_1,59,1.30160690023,0,1,124.482755544,0,1360.80
R7_1,60,1.49577615435,0,1,143.05266616,0,1359.20
R7_1,61,1.16014313786,0,1,110.95347958,0,1385.80
R7_1,62,0.993367278904,0,1,95.0034116468,0,1374.30
R7_1,63,1.26310515641,0,1,120.800535387,0,1393.80
R7_1,64,0.953387413964,0,1,91.1798273118,0,1355.90
R7_2,1,1.34898365292,0,1,186.528884329,0,1302.10
R7_2,2,0.965206558973,0,1,133.462627365,0,1404.10
R7_2,3,1.354448737,0,1,187.284561414,0,1331.30
R7_2,4,1.02507449647,0,1,141.740785195,0,1330.20
R7_2,5,1.53659388164,0,1,212.470434158,0,1344.20
R7_2,6,1.06571639359,0,1,147.360488378,0,1343.90
R7_2,7,1.41784268873,0,1,196.050274079,0,1327.30
R7_2,8,1.25482460069,0,1,173.509169135,0,1312.50
R7_2,9,1.32777710448,0,1,183.596577616,0,1358.00
R7_2,10,1.21515049735,0,1,168.023286324,0,1344.30
R7_2,11,1.20794899923,0,1,167.027508943,0,1250.20
R7_2,12,1.2174038249,0,1,168.334862135,0,1307.50
R7_2,13,1.10788788166,0,1,153.191693673,0,1307.90
R7_2,14,1.06772193877,0,1,147.637802416,0,2293.30
R7_2,15,1.35008396872,0,1,186.681029003,0,2856.20
R7_2,16,0.978782652049,0,1,135.339843216,0,2916.80
R7_2,17,1,1,0,0,0,2825.90
R7_2,18,1.10788788166,0,1,153.191693673,0,2839.20
R7_2,19,1.17947774037,0,1,163.090684253,0,2578.80
R7_2,20,1.02507449647,0,1,141.740785195,0,1307.40
R7_2,21,2.83429587937,1,0,253.634773978,0,1327.20
R7_2,22,0.960694436522,0,1,132.838719756,0,1302.20
R7_2,23,1.02507449647,0,1,141.740785195,0,1315.00
R7_2,24,1.10788788166,0,1,153.191693673,0,1324.00
R7_2,25,0.978782652049,0,1,135.339843216,0,1340.40
R7_2,26,1.20654482776,0,1,166.833349038,0,1304.60
R7_2,27,0.943109895071,0,1,130.407241145,0,1364.20
R7_2,28,1.62036119219,0,1,224.05324537,0,1289.10
R7_2,29,1.05795359516,0,1,146.287097957,0,1336.10
R7_2,30,1.16610915016,0,1,161.242160581,0,1311.30
R7_2,31,1.36869196205,0,1,189.254024033,0,1366.40
R7_2,32,1.41784268873,0,1,196.050274079,0,1332.30
R7_2,33,1.02592328027,0,1,141.858149623,0,1376.30
R7_2,34,0.9829030084,0,1,135.9095799,0,1381.60
R7_2,35,1.19602667715,0,1,165.378966033,0,1343.90
R7_2,36,1.02507449647,0,1,141.740785195,0,1384.60
R7_2,37,1.02507449647,0,1,141.740785195,0,1359.70
R7_2,38,1.63158793309,0,1,225.605607737,0,1366.50
R7_2,39,1.37951678291,0,1,190.750811451,0,1331.90
R7_2,40,1.40676716729,0,1,194.518821379,0,1376.40
R7_2,41,1.12314485388,0,1,155.301330805,0,1220.50
R7_2,42,1.55197592028,0,1,214.597364681,0,1276.10
R7_2,43,1.42171234451,0,1,196.585345481,0,1337.40
R7_2,44,1,1,0,0,0,1301.40
R7_2,45,1.23004566313,0,1,170.082895163,0,1310.20
R7_2,46,0.974418238536,0,1,134.736359859,0,1330.30
R7_2,47,1.24986708342,0,1,172.82367516,0,1336.50
R7_2,48,1.16610915016,0,1,161.242160581,0,1373.50
R7_2,49,1.35008396872,0,1,186.681029003,0,1365.10
R7_2,50,1.2174038249,0,1,168.334862135,0,1460.20
R7_2,51,2.5597764259,1,0,215.675969012,0,1444.50
R7_2,52,1.21818644149,0,1,168.443077382,0,1400.20
R7_2,53,1.60953637132,0,1,222.556457952,0,1340.10
R7_2,54,1.08145443053,0,1,149.536644082,0,1281.70
R7_2,55,1.32262611556,0,1,182.884331611,0,1318.80
R7_2,56,1.15996517299,0,1,160.392610474,0,1299.20
R7_2,57,1.04265903792,0,1,144.172263805,0,1390.70
R7_2,58,1.59990729117,0,1,221.225009958,0,1330.60
R7_2,59,0.974418238536,0,1,134.736359859,0,1389.30
R7_2,60,0.991055510487,0,1,137.036856065,0,1353.30
R7_2,61,1.35845900288,0,1,187.839075488,0,1377.20
R7_2,62,1.12314485388,0,1,155.301330805,0,1387.30
R7_2,63,1.61020544677,0,1,222.648973452,0,1366.40
R7_2,64,1.02507449647,0,1,141.740785195,0,1343.10
R7_3,1,0.975562627124,0,1,130.220448861,0,1402.10
R7_3,2,0.992661896954,0,1,132.502900577,0,1416.20
R7_3,3,1.18534718541,0,1,158.222996913,0,1442.30
R7_3,4,1.13103793153,0,1,150.973666916,0,1311.80
R7_3,5,0.94061783726,0,1,125.555934155,0,1401.30
R7_3,6,1,1,0,0,0,1299.90
R7_3,7,1,1,0,0,0,1302.30
R7_3,8,0.992661896954,0,1,132.502900577,0,1315.90
R7_3,9,0.95414224771,0,1,127.361205032,0,1344.30
R7_3,10,0.937987659475,0,1,125.20485169,0,1307.40
R7_3,11,0.968611339755,0,1,129.292574283,0,1312.20
R7_3,12,1.21355889621,0,1,161.988764012,0,1336.60
R7_3,13,1.17003675205,0,1,156.179323398,0,1399.70
R7_3,14,1.23854778511,0,1,165.324341081,0,1369.80
R7_3,15,1.2196792218,0,1,162.805719811,0,1378.90
R7_3,16,1.31268450172,0,1,175.220288554,0,1402.40
R7_3,17,1.06693841395,0,1,142.417508942,0,1356.90
R7_3,18,1.04410513816,0,1,139.369668302,0,1514.20
R7_3,19,1.27049095642,0,1,169.588192515,0,1360.90
R7_3,20,1.17815521348,0,1,157.262995181,0,1325.60
R7_3,21,1.28013065914,0,1,170.874923249,0,1309.00
R7_3,22,1.17815521348,0,1,157.262995181,0,1319.50
R7_3,23,1.21147338206,0,1,161.71038456,0,1316.40
R7_3,24,0.960452960627,0,1,128.203574189,0,1312.90
R7_3,25,1.07466149145,0,1,143.448403926,0,1343.50
R7_3,26,1.24178483781,0,1,165.756430671,0,1314.40
R7_3,27,1.10123286443,0,1,146.995214781,0,1308.90
R7_3,28,0.94061783726,0,1,125.555934155,0,1310.80
R7_3,29,0.950938642721,0,1,126.933580123,0,1386.00
R7_3,30,1.12329701062,0,1,149.94039015,0,1343.00
R7_3,31,1.24702883867,0,1,166.456412536,0,1346.80
R7_3,32,1,1,0,0,0,1347.50
R7_3,33,1.13103793153,0,1,150.973666916,0,1354.10
R7_3,34,1.03638206066,0,1,138.338773318,0,1321.80
R7_3,35,0.991979888796,0,1,132.411864486,0,1316.10
R7_3,36,1.2196792218,0,1,162.805719811,0,1314.00
R7_3,37,1.12595598831,0,1,150.295316897,0,1382.30
R7_3,38,1.08972493727,0,1,145.459108951,0,1399.20
R7_3,39,2.92942279306,1,0,257.544000939,0,1357.70
R7_3,40,0.991979888796,0,1,132.411864486,0,1340.70
R7_3,41,0.909090909091,0,1,121.347643858,1,1388.20
R7_3,42,0.946419170208,0,1,126.330310048,0,1316.60
R7_3,43,1.23236366801,0,1,164.498870238,0,1319.50
R7_3,44,0.968792146324,0,1,129.316708779,0,1328.50
R7_3,45,1.23679734908,0,1,165.090688665,0,1302.40
R7_3,46,1.18618833891,0,1,158.335276108,0,1324.60
R7_3,47,1.06915194001,0,1,142.712975731,0,1312.70
R7_3,48,1.04434840751,0,1,139.40214048,0,1314.40
R7_3,49,1.17003675205,0,1,156.179323398,0,1342.40
R7_3,50,0.968611339755,0,1,129.292574283,0,1384.20
R7_3,51,0.937987659475,0,1,125.20485169,0,1352.30
R7_3,52,0.993342726088,0,1,132.59377929,0,1477.10
R7_3,53,0.977223657056,0,1,130.442167137,0,1355.20
R7_3,54,1.37831447022,0,1,183.980734802,0,1383.20
R7_3,55,0.937987659475,0,1,125.20485169,0,1329.00
R7_3,56,1.2040445783,0,1,160.718769945,0,1369.30
R7_3,57,1.03662533,0,1,138.371245495,0,1318.40
R7_3,58,2.71075067261,1,0,228.355119684,0,1319.60
R7_3,59,2.75600208977,1,0,234.395387824,0,1318.10
R7_3,60,0.946419170208,0,1,126.330310048,0,1312.60
R7_3,61,1.13632823228,0,1,151.679829,0,1380.80
R7_3,62,1.31516264191,0,1,175.551076675,0,1419.00
R7_3,63,0.968792146324,0,1,129.316708779,0,1366.10
R7_3,64,0.937987659475,0,1,125.20485169,0,1378.30
R7_4,1,1.3648204881,0,1,186.469064671,0,1313.20
R7_4,2,1.32590329692,0,1,181.151990154,0,1336.90
R7_4,3,1.19890910151,0,1,163.801364893,0,1366.50
R7_4,4,0.974081958015,0,1,133.084279733,0,1361.10
R7_4,5,1.83352933097,0,1,250.506570185,0,1358.70
R7_4,6,1.35718749646,0,1,185.426204585,0,1309.00
R7_4,7,0.909090909091,0,1,124.204855508,1,1378.20
R7_4,8,1.11742081976,0,1,152.668000607,0,1326.00
R7_4,9,1.04362722058,0,1,142.58592495,0,1359.60
R7_4,10,1.44178971827,0,1,196.985011994,0,1303.90
R7_4,11,1.1234856649,0,1,153.496612142,0,1321.50
R7_4,12,1.21836040204,0,1,166.458905461,0,1274.10
R7_4,13,1.1234856649,0,1,153.496612142,0,1329.70
R7_4,14,1.03244809165,0,1,141.058572647,0,1316.00
R7_4,15,1.12767979898,0,1,154.069637141,0,1336.60
R7_4,16,1,1,0,0,0,1360.10
R7_4,17,1.13374464411,0,1,154.898248676,0,1378.00
R7_4,18,1.41537356317,0,1,193.375895794,0,1392.60
R7_4,19,1.19890910151,0,1,163.801364893,0,1381.70
R7_4,20,1.55552307884,0,1,212.523871171,0,1320.50
R7_4,21,0.919349888305,0,1,125.606492042,0,1361.00
R7_4,22,0.919349888305,0,1,125.606492042,0,1349.70
R7_4,23,1.54241172809,0,1,210.732528403,0,1322.30
R7_4,24,0.919349888305,0,1,125.606492042,0,1332.40
R7_4,25,2.59152379718,1,0,217.442481593,0,1336.50
R7_4,26,1.56235787783,0,1,213.457677915,0,1305.90
R7_4,27,1.38639044818,0,1,189.416067823,0,1309.10
R7_4,28,1.1959184145,0,1,163.392761259,0,1346.60
R7_4,29,0.919349888305,0,1,125.606492042,0,1310.60
R7_4,30,1.43259134399,0,1,195.72828097,0,1310.40
R7_4,31,1,1,0,0,0,1308.80
R7_4,32,1.42347907365,0,1,194.483313928,0,1355.40
R7_4,33,1,1,0,0,0,1332.50
R7_4,34,1.11443013275,0,1,152.259396973,0,1377.70
R7_4,35,1,1,0,0,0,1276.80
R7_4,36,1.28650157169,0,1,175.768716006,0,1344.90
R7_4,37,1.3583952514,0,1,185.591214515,0,1342.20
R7_4,38,0.909090909091,0,1,124.204855508,1,1313.20
R7_4,39,1.19890910151,0,1,163.801364893,0,1314.20
R7_4,40,1.05868417983,0,1,144.643087142,0,1318.10
R7_4,41,1.55464622179,0,1,212.404070278,0,1366.50
R7_4,42,1.0607720586,0,1,144.928344292,0,1484.90
R7_4,43,1.16315324139,0,1,158.916208309,0,1409.30
R7_4,44,1.13375818023,0,1,154.900098052,0,1393.20
R7_4,45,1.19780908288,0,1,163.651074472,0,1355.90
R7_4,46,1.41362044947,0,1,193.136376036,0,1312.80
R7_4,47,1.02218911244,0,1,139.656936113,0,1344.40
R7_4,48,0.974081958015,0,1,133.084279733,0,1289.20
R7_4,49,1.32851423262,0,1,181.508710133,0,1332.70
R7_4,50,1.1959184145,0,1,163.392761259,0,1335.30
R7_4,51,0.974081958015,0,1,133.084279733,0,1365.80
R7_4,52,1.58086659074,0,1,215.986437129,0,1368.10
R7_4,53,1,1,0,0,0,1420.20
R7_4,54,1.18565943528,0,1,161.991124725,0,1469.50
R7_4,55,1.66633186927,0,1,227.663159957,0,1437.70
R7_4,56,1.584841726,0,1,216.529541339,0,1489.60
R7_4,57,1.52938598055,0,1,208.952881204,0,1438.00
R7_4,58,1.20173618755,0,1,164.187616488,0,1335.10
R7_4,59,1.584841726,0,1,216.529541339,0,1370.00
R7_4,60,1.58842799797,0,1,217.01951697,0,1341.70
R7_4,61,1.49686184492,0,1,204.509260081,0,1292.70
R7_4,62,0.919349888305,0,1,125.606492042,0,1392.20
R7_4,63,1.11742081976,0,1,152.668000607,0,1321.60
R7_4,64,1,1,0,0,0,1336.60
R7_5,1,1.24079290621,0,1,172.319435915,0,1343.70
R7_5,2,1.08874974108,0,1,151.203911866,0,1323.60
R7_5,3,0.928830647288,0,1,128.994590797,0,1309.10
R7_5,4,1.27104676016,0,1,176.521045241,0,1321.80
R7_5,5,1.29076563345,0,1,179.25957244,0,1394.50
R7_5,6,1.07369056074,0,1,149.112515753,0,1319.00
R7_5,7,1.16317289324,0,1,161.539686301,0,1353.40
R7_5,8,1.00408457156,0,1,139.445741602,0,1379.60
R7_5,9,1.03347960092,0,1,143.528078674,0,2514.40
R7_5,10,1.35790310391,0,1,188.583522457,0,2625.70
R7_5,11,1.10236950624,0,1,153.095404184,0,1298.50
R7_5,12,1.725943498,0,1,239.696413888,0,1345.10
R7_5,13,1.53434638166,0,1,213.087697118,0,1306.90
R7_5,14,0.964361049245,0,1,133.928999104,0,1299.90
R7_5,15,1.5702353367,0,1,218.071900733,0,1297.50
R7_5,16,0.949301868904,0,1,131.837602991,0,1343.00
R7_5,17,1.00408457156,0,1,139.445741602,0,1329.50
R7_5,18,1.55535697611,1,0,77.1271340898,0,1317.80
R7_5,19,1.5676274269,0,1,217.709718178,0,1328.70
R7_5,20,1.27104676016,0,1,176.521045241,0,1296.00
R7_5,21,1.50628983256,0,1,209.191246155,0,1318.20
R7_5,22,1.46253233786,0,1,203.114271693,0,1318.70
R7_5,23,1.29076563345,0,1,179.25957244,0,1354.40
R7_5,24,1,1,0,0,0,1309.60
R7_5,25,1.2545762784,0,1,174.233649728,0,1312.00
R7_5,26,1.27626575164,0,1,177.245850858,0,1310.40
R7_5,27,1.10236950624,0,1,153.095404184,0,1356.80
R7_5,28,1.48300355947,0,1,205.957283886,0,1400.50
R7_5,29,1.22415131545,0,1,170.008277044,0,1382.50
R7_5,30,1.35473717977,0,1,188.143843717,0,1332.20
R7_5,31,1.2545762784,0,1,174.233649728,0,1358.30
R7_5,32,0.964361049245,0,1,133.928999104,0,1373.40
R7_5,33,1.23847487452,0,1,171.997511191,0,1407.60
R7_5,34,1.60125293661,0,1,222.37957794,0,1370.50
R7_5,35,1.21483772877,0,1,168.714820258,0,1343.80
R7_5,36,1.21593981202,0,1,168.867875908,0,1308.20
R7_5,37,1.13912319702,0,1,158.199700986,0,1325.90
R7_5,38,1.02460385018,0,1,142.29542788,0,1312.90
R7_5,39,1.60728530879,0,1,223.217344634,0,1337.10
R7_5,40,1,1,0,0,0,1311.10
R7_5,41,1,1,0,0,0,1410.70
R7_5,42,1.16317289324,0,1,161.539686301,0,1359.70
R7_5,43,0.949301868904,0,1,131.837602991,0,1335.90
R7_5,44,0.952467793038,0,1,132.27728173,0,1399.30
R7_5,45,1.02460385018,0,1,142.29542788,0,1310.60
R7_5,46,1.16633881737,0,1,161.979365041,0,1375.10
R7_5,47,1.81253499734,0,1,251.722109915,0,1339.50
R7_5,48,1.36979636011,0,1,190.235239831,0,1308.40
R7_5,49,1.12406401668,0,1,156.108304872,0,1338.50
R7_5,50,1.59064371803,0,1,220.906185763,0,1322.70
R7_5,51,1.12296193342,0,1,155.955249222,0,1313.20
R7_5,52,1.31452621996,0,1,182.559406638,0,1312.70
R7_5,53,1.19193993788,0,1,165.534809807,0,1322.90
R7_5,54,1.16317289324,0,1,161.539686301,0,1315.30
R7_5,55,1.20699911822,0,1,167.62620592,0,1314.80
R7_5,56,1.08874974108,0,1,151.203911866,0,1310.30
R7_5,57,1.60382469862,0,1,222.736740345,0,1406.30
R7_5,58,1.12296193342,0,1,155.955249222,0,1344.00
R7_5,59,1.07685648487,0,1,149.552194492,0,1310.30
R7_5,60,0.980447425807,0,1,136.16305067,0,1347.00
R7_5,61,1.44279259966,0,1,200.372846807,0,1317.80
R7_5,62,0.952467793038,0,1,132.27728173,0,1339.80
R7_5,63,1.51168250498,0,1,209.940172318,0,1308.50
R7_5,64,1.07873236049,0,1,149.812713252,0,1312.30
R7_6,1,1.0674890298,0,1,132.570334006,0,1333.70
R7_6,2,1.14630844057,0,1,142.358833297,0,1309.00
R7_6,3,1.01211830636,0,1,125.693902403,0,1322.20
R7_6,4,1.0674890298,0,1,132.570334006,0,1321.20
R7_6,5,1.01211830636,0,1,125.693902403,0,1305.30
R7_6,6,0.910120083916,0,1,113.026850995,0,1392.00
R7_6,7,1.30909370311,0,1,162.574962947,0,1365.70
R7_6,8,1.16725887405,0,1,144.960645482,0,1518.40
R7_6,9,1.03352212451,0,1,128.352019949,0,1462.60
R7_6,10,1.04980652854,0,1,130.374362869,0,1440.00
R7_6,11,1.31148602582,0,1,162.872062975,0,1335.30
R7_6,12,1.25495740996,0,1,155.851833937,0,1351.00
R7_6,13,0.940151851398,0,1,116.756464448,0,1377.40
R7_6,14,0.953458628776,0,1,118.409019062,0,1293.90
R7_6,15,2.50709959519,1,0,187.165105342,0,1307.70
R7_6,16,0.882324761775,0,1,109.574979325,0,1305.90
R7_6,17,1.01424250021,0,1,125.957703791,0,1323.40
R7_6,18,1.0228516967,0,1,127.026870801,0,1304.40
R7_6,19,1.0761631889,0,1,133.647568654,0,1335.30
R7_6,20,1.06398318016,0,1,132.134946246,0,1394.90
R7_6,21,0.932700404017,0,1,115.831077075,0,1453.20
R7_6,22,1.15244024749,0,1,143.120335916,0,1350.30
R7_6,23,0.959466551333,0,1,119.155136612,0,1308.10
R7_6,24,0.954397429505,0,1,118.525607732,0,1307.80
R7_6,25,1.26921525449,0,1,157.622500574,0,1384.10
R7_6,26,0.953458628776,0,1,118.409019062,0,1318.80
R7_6,27,0.94820958322,0,1,117.757145644,0,1353.30
R7_6,28,0.945486882946,0,1,117.419016375,0,1231.90
R7_6,29,0.912734413766,0,1,113.351521855,0,1321.70
R7_6,30,1.275954817,0,1,158.459479718,0,1343.10
R7_6,31,1.00217869874,0,1,124.459513041,0,1361.50
R7_6,32,1.51319211055,0,1,187.921728384,0,1373.70
R7_6,33,1.06842783053,0,1,132.686922676,0,1383.90
R7_6,34,0.94820958322,0,1,117.757145644,0,1372.50
R7_6,35,0.909090909091,0,1,112.899038862,0,1340.90
R7_6,36,1.03888445368,0,1,129.01796194,0,1379.60
R7_6,37,1.01424250021,0,1,125.957703791,0,1319.50
R7_6,38,0.99185910877,0,1,123.177934073,0,1306.40
R7_6,39,0.872841348694,0,1,108.397244281,0,1263.00
R7_6,40,0.996085549384,0,1,123.702811265,0,1200.70
R7_6,41,2.56186941567,1,0,193.966911442,0,1384.10
R7_6,42,0.929639263492,0,1,115.45091727,0,1308.30
R7_6,43,1.04694665639,0,1,130.01919837,0,1308.30
R7_6,44,0.913845088421,0,1,113.489455366,0,1429.60
R7_6,45,1.24177401836,0,1,154.214602472,0,1461.80
R7_6,46,0.959466551333,0,1,119.155136612,0,1404.70
R7_6,47,0.959466551333,0,1,119.155136612,0,1335.50
R7_6,48,0.905954827434,0,1,112.509572196,0,1444.80
R7_6,49,0.911795613037,0,1,113.234933185,0,1409.20
R7_6,50,1.27660236839,0,1,158.539898439,0,1317.40
R7_6,51,0.954397429505,0,1,118.525607732,0,1423.00
R7_6,52,0.872841348694,0,1,108.397244281,0,1273.10
R7_6,53,0.905954827434,0,1,112.509572196,0,1312.40
R7_6,54,0.902873116176,0,1,112.126857733,0,1307.10
R7_6,55,1.43019335862,0,1,177.614201133,0,1304.90
R7_6,56,0.891411668422,0,1,110.703472655,0,1365.00
R7_6,57,0.872841348694,0,1,108.397244281,0,1352.10
R7_6,58,1.07851733615,0,1,133.939927712,0,1394.60
R7_6,59,0.988195288397,0,1,122.722928095,0,1333.20
R7_6,60,1.1936652441,0,1,148.240024659,0,1436.10
R7_6,61,1.08619744529,0,1,134.893712346,0,1454.20
R7_6,62,1.0228516967,0,1,127.026870801,0,1331.90
R7_6,63,1.04694665639,0,1,130.01919837,0,1313.30
R7_6,64,0.882324761775,0,1,109.574979325,0,1303.70
R7_7,1,1.06507435046,0,1,122.099223823,0,1366.20
R7_7,2,1.06507435046,0,1,122.099223823,0,1420.30
R7_7,3,1.36535877868,0,1,156.523577011,0,1480.30
R7_7,4,1.08263180701,0,1,124.11199581,0,1368.60
R7_7,5,1.1139674923,0,1,127.704292301,0,1331.90
R7_7,6,1.07823696068,0,1,123.60817434,0,1288.50
R7_7,7,1.05296414605,0,1,120.710920219,0,1441.70
R7_7,8,1.31371411769,0,1,150.603076701,0,1365.60
R7_7,9,2.60922058422,1,0,184.479688398,0,1365.50
R7_7,10,0.949032945697,0,1,108.796335206,0,1386.50
R7_7,11,1.05023971092,0,1,120.398593277,0,1396.20
R7_7,12,1.13518702175,0,1,130.136881232,0,1411.90
R7_7,13,0.976613940939,0,1,111.958197202,0,1350.10
R7_7,14,0.976613940939,0,1,111.958197202,0,1397.30
R7_7,15,2.77295004104,1,0,203.249495018,0,1347.20
R7_7,16,1.13518702175,0,1,130.136881232,0,1360.10
R7_7,17,1.22876680686,0,1,140.864788746,0,1352.30
R7_7,18,1.26097737476,0,1,144.557381041,0,1273.00
R7_7,19,1.07756452394,0,1,123.531086759,0,1309.10
R7_7,20,1.33115787788,0,1,152.602814634,0,1308.60
R7_7,21,1.13446472182,0,1,130.054077379,0,1308.20
R7_7,22,1.22347157676,0,1,140.25774804,0,1312.50
R7_7,23,1.2724789756,0,1,145.875914846,0,1358.40
R7_7,24,1.07051173962,0,1,122.722561523,0,1396.00
R7_7,25,0.946596707096,0,1,108.517046871,0,1363.70
R7_7,26,1.05296414605,0,1,120.710920219,0,1411.40
R7_7,27,1.44683323384,0,1,165.863739725,0,1396.90
R7_7,28,1.0130169093,0,1,116.131402743,0,1413.80
R7_7,29,2.17791512368,1,0,135.035194744,0,1385.70
R7_7,30,0.940481304805,0,1,107.815982318,0,1336.60
R7_7,31,1.27241531798,0,1,145.86861719,0,1325.80
R7_7,32,1.07756452394,0,1,123.531086759,0,1309.50
R7_7,33,1.07823696068,0,1,123.60817434,0,1319.30
R7_7,34,0.909090909091,0,1,104.21741387,0,1310.70
R7_7,35,0.925148891685,0,1,106.05828743,0,1332.00
R7_7,36,1.23403703778,0,1,141.468963568,0,1362.20
R7_7,37,0.994982149668,0,1,114.063913134,0,1344.20
R7_7,38,1.07347756823,0,1,123.062561609,0,1317.20
R7_7,39,1,1,0,0,0,1337.50
R7_7,40,0.960756576333,0,1,110.140322319,0,1335.40
R7_7,41,1.07347756823,0,1,123.062561609,0,1362.00
R7_7,42,1.20078360517,0,1,137.656818144,0,1324.00
R7_7,43,1.12234217979,0,1,128.6643594,0,1309.90
R7_7,44,1.23916188537,0,1,142.056471766,0,1421.20
R7_7,45,1.04914954543,0,1,120.273617627,0,1318.40
R7_7,46,1.03477134861,0,1,118.625313289,0,1306.60
R7_7,47,0.997684496177,0,1,114.373707855,0,1401.60
R7_7,48,1.06265141726,0,1,121.821460807,0,1406.60
R7_7,49,1.15123048212,0,1,131.976089976,0,1407.40
R7_7,50,0.977704106427,0,1,112.083172852,0,1431.40
R7_7,51,1.33115787788,0,1,152.602814634,0,1440.00
R7_7,52,2.17370678419,1,0,134.552754259,0,1344.00
R7_7,53,1.24621056704,0,1,142.864526679,0,1425.30
R7_7,54,0.991976992455,0,1,113.71940445,0,1404.40
R7_7,55,1.03459593732,0,1,118.605204287,0,1237.60
R7_7,56,1.27009462106,0,1,145.602574455,0,1263.90
R7_7,57,1.0130169093,0,1,116.131402743,0,1309.90
R7_7,58,1.05023971092,0,1,120.398593277,0,1310.80
R7_7,59,1.27124455194,0,1,145.73440156,0,1367.90
R7_7,60,1.26822661021,0,1,145.388427269,0,1447.40
R7_7,61,0.925148891685,0,1,106.05828743,0,1391.00
R7_7,62,1.07756452394,0,1,123.531086759,0,1385.80
R7_7,63,1.06219776772,0,1,121.769454808,0,1410.60
R7_7,64,2.29320630126,1,0,148.25207795,0,1374.50
R7_8,1,1.09375018204,0,1,187.937802364,0,1327.70
R7_8,2,1.16562633439,0,1,200.288196756,0,1353.60
R7_8,3,1.15547499321,0,1,198.543903788,0,1353.80
R7_8,4,1.13030962526,0,1,194.219768326,0,1384.80
R7_8,5,1.17482425651,0,1,201.868664855,0,2542.50
R7_8,6,1.48459120068,1,0,83.2667338452,0,1315.40
R7_8,7,1.08471562036,0,1,186.385404298,0,1401.60
R7_8,8,1.25992974629,0,1,216.492240678,0,1309.20
R7_8,9,1.23349905951,0,1,211.950686975,0,1353.20
R7_8,10,1.14703427525,0,1,197.093545186,0,1312.90
R7_8,11,1.0586312537,0,1,181.903358373,0,1337.60
R7_8,12,1.1499204983,0,1,197.589481485,0,1339.60
R7_8,13,1.1066515637,0,1,190.154631542,0,1334.60
R7_8,14,1.10996051429,0,1,190.723204614,0,1342.20
R7_8,15,1.07603497759,0,1,184.8938197,0,1445.10
R7_8,16,1.07197580066,0,1,184.196336122,0,1314.00
R7_8,17,1.03069621524,0,1,177.103313698,0,1336.60
R7_8,18,1.17739636576,0,1,202.310627349,0,1338.10
R7_8,19,1.09676942321,0,1,188.456595009,0,1418.50
R7_8,20,1.1605581968,0,1,199.417344659,0,1423.10
R7_8,21,1.08803452771,0,1,186.955688229,0,1358.00
R7_8,22,1.06036259153,0,1,182.200852108,0,1369.00
R7_8,23,1.10700243694,0,1,190.214921676,0,1343.80
R7_8,24,1.13158718242,0,1,194.439289464,0,1309.40
R7_8,25,1,1,0,0,0,1307.30
R7_8,26,0.999826922854,0,1,171.799079635,0,1388.70
R7_8,27,2.42558010068,1,0,244.955745485,0,1460.10
R7_8,28,1.069907344,0,1,183.840915655,0,1337.60
R7_8,29,0.999826922854,0,1,171.799079635,0,1361.80
R7_8,30,0.988060854056,0,1,169.777329926,0,1358.20
R7_8,31,0.983751457867,0,1,169.036851467,0,1415.70
R7_8,32,0.999826922854,0,1,171.799079635,0,1373.50
R7_8,33,1.17914753996,0,1,202.611529544,0,1264.60
R7_8,34,1.20376450389,0,1,206.841433391,0,1309.50
R7_8,35,1.09785590315,0,1,188.643283575,0,1308.40
R7_8,36,1.10889268521,0,1,190.539720804,0,1506.30
R7_8,37,1.17914753996,0,1,202.611529544,0,1462.00
R7_8,38,0.986709535214,0,1,169.545134405,0,1640.40
R7_8,39,1.16902563861,0,1,200.872295187,0,1346.40
R7_8,40,1.12285378987,0,1,192.938640934,0,1426.40
R7_8,41,1.07031932326,0,1,183.911705565,0,1372.80
R7_8,42,1.08803452771,0,1,186.955688229,0,1396.70
R7_8,43,1.04428712654,0,1,179.43862394,0,1349.70
R7_8,44,1.0175421273,0,1,174.843062299,0,1376.90
R7_8,45,1.18423074355,0,1,203.484970416,0,1367.60
R7_8,46,1.10889268521,0,1,190.539720804,0,1316.70
R7_8,47,1.03069621524,0,1,177.103313698,0,1311.90
R7_8,48,1.29298471221,0,1,222.172036442,0,1402.30
R7_8,49,1,1,0,0,0,1543.50
R7_8,50,1.04966132382,0,1,180.362065912,0,1386.30
R7_8,51,1.1569129952,0,1,198.790993972,0,1400.70
R7_8,52,1.0175421273,0,1,174.843062299,0,1328.70
R7_8,53,1.07283364443,0,1,184.343738403,0,1314.70
R7_8,54,1.14220908147,0,1,196.264437836,0,1372.60
R7_8,55,1.12675476271,0,1,193.608940492,0,1337.20
R7_8,56,1.05816581061,0,1,181.823381837,0,1359.90
R7_8,57,1.06518778531,0,1,183.029959458,0,1342.50
R7_8,58,1.13158718242,0,1,194.439289464,0,1317.30
R7_8,59,0.929233554378,0,1,159.669104481,0,1312.40
R7_8,60,1.16599596329,0,1,200.351709653,0,1309.80
R7_8,61,1.14703427525,0,1,197.093545186,0,1447.00
R7_8,62,1.22326141785,0,1,210.191565096,0,1387.50
R7_8,63,2.51152763666,1,0,259.724009112,0,1414.50
R7_8,64,1.00146666232,0,1,172.080834131,0,1418.70
R7_9,1,0.941532645525,0,1,132.932888611,0,1339.90
R7_9,2,1.06648664153,0,1,150.574863864,0,1438.30
R7_9,3,1.09280835861,0,1,154.291168234,0,1382.40
R7_9,4,0.997048461611,0,1,140.77104253,0,1426.90
R7_9,5,0.970823682749,0,1,137.068424651,0,1448.90
R7_9,6,1.1205799588,0,1,158.212178357,0,1518.90
R7_9,7,0.986028753317,0,1,139.21519456,0,1362.40
R7_9,8,0.958661170327,0,1,135.351226722,0,1440.70
R7_9,9,1.04723161603,0,1,147.856289875,0,1359.20
R7_9,10,1.03559901455,0,1,146.213908887,0,1310.40
R7_9,11,1.15134982411,0,1,162.556506828,0,1902.70
R7_9,12,1.13221011339,0,1,159.854213874,0,1662.10
R7_9,13,1.25255870076,0,1,176.845961781,0,1506.30
R7_9,14,1.08990392148,0,1,153.88109725,0,1371.90
R7_9,15,1.25255870076,0,1,176.845961781,0,1323.00
R7_9,16,1.10133269943,0,1,155.49470085,0,1388.20
R7_9,17,1.27117108594,0,1,179.473802821,0,1432.70
R7_9,18,1.21302067649,0,1,171.263676556,0,1382.00
R7_9,19,0.972514168299,0,1,137.307100525,0,1344.90
R7_9,20,1.14850923555,0,1,162.155450482,0,1325.10
R7_9,21,1.00819027826,0,1,142.344130706,0,1271.30
R7_9,22,1.09348654075,0,1,154.386919253,0,1566.40
R7_9,23,1.06648664153,0,1,150.574863864,0,1911.70
R7_9,24,0.985506083359,0,1,139.141399958,0,1390.00
R7_9,25,1.24363271326,0,1,175.585721568,0,1345.50
R7_9,26,1.18876315499,0,1,167.838811344,0,1403.60
R7_9,27,1.01012065107,0,1,142.616675726,0,1418.10
R7_9,28,2.33035497683,1,0,187.829844019,0,1505.10
R7_9,29,0.909090909091,0,1,128.352512395,0,1416.90
R7_9,30,0.983829884971,0,1,138.904741256,0,1329.70
R7_9,31,0.968835784774,0,1,136.787757782,0,1380.60
R7_9,32,1.10133269943,0,1,155.49470085,0,1318.80
R7_9,33,0.982825804614,0,1,138.762977396,0,1294.20
R7_9,34,1.04327746392,0,1,147.298011982,0,2166.30
R7_9,35,1.10127298345,0,1,155.486269685,0,1573.60
R7_9,36,1.09379379066,0,1,154.430299181,0,1435.20
R7_9,37,1.05466802363,0,1,148.906219633,0,1407.90
R7_9,38,1.1205799588,0,1,158.212178357,0,1379.70
R7_9,39,1.00522341341,0,1,141.925245693,0,1420.30
R7_9,40,1.09730845669,0,1,154.926527018,0,1497.80
R7_9,41,1.2374568281,0,1,174.713762154,0,1428.10
R7_9,42,0.985506083359,0,1,139.141399958,0,1396.10
R7_9,43,0.968835784774,0,1,136.787757782,0,1380.40
R7_9,44,0.965253165508,0,1,136.281935779,0,1532.60
R7_9,45,1.20950601046,0,1,170.767448719,0,1861.20
R7_9,46,1.02681952678,0,1,144.974352642,0,1374.90
R7_9,47,1.15202390159,0,1,162.651678319,0,1417.90
R7_9,48,1.22811839564,0,1,173.395289758,0,1314.60
R7_9,49,1.10133269943,0,1,155.49470085,0,1338.90
R7_9,50,1.02751190755,0,1,145.072108335,0,1313.00
R7_9,51,1.06442827798,0,1,150.284248118,0,1678.70
R7_9,52,1.14850923555,0,1,162.155450482,0,1384.40
R7_9,53,1.01945908354,0,1,143.935148122,0,1406.10
R7_9,54,0.984813702589,0,1,139.043644265,0,1451.90
R7_9,55,1.08990392148,0,1,153.88109725,0,1432.60
R7_9,56,1.00180520552,0,1,141.442636566,0,1601.20
R7_9,57,1.02751190755,0,1,145.072108335,0,1626.90
R7_9,58,1.23358929538,0,1,174.167713859,0,1359.70
R7_9,59,1,1,0,0,0,1577.70
R7_9,60,0.941532645525,0,1,132.932888611,0,1433.50
R7_9,61,1,1,0,0,0,1455.30
R7_9,62,1.17714737766,0,1,166.198805721,0,1561.80
R7_9,63,0.986028753317,0,1,139.21519456,0,1493.00
R7_9,64,1.06813661956,0,1,150.807820572,0,1487.50
R8_0,1,0.91247704029,0,1,111.970498572,0,2182.00
R8_0,2,1.13671791021,0,1,139.487204085,0,2142.40
R8_0,3,0.898690154813,0,1,110.278703192,0,2145.10
R8_0,4,2.91212148591,1,0,234.637351575,0,2188.80
R8_0,5,2.37953493846,1,0,169.283398964,0,2176.60
R8_0,6,0.815549363095,0,1,100.076456462,0,2176.40
R8_0,7,0.898690154813,0,1,110.278703192,0,2230.10
R8_0,8,0.912156027175,0,1,111.931106897,0,2615.80
R8_0,9,1.14217403746,0,1,140.156728097,0,2662.50
R8_0,10,1.12805029147,0,1,138.423596401,0,2658.30
R8_0,11,2.66337590486,1,0,204.113661118,0,2664.30
R8_0,12,0.949317747854,0,1,116.4912396,0,2657.50
R8_0,13,1.67327871937,0,1,205.328840272,0,2779.80
R8_0,14,2.18036604402,1,0,144.843287678,0,2663.70
R8_0,15,1.11559374352,0,1,136.895047382,0,2647.50
R8_0,16,1.00917597779,0,1,123.836471923,0,2694.90
R8_0,17,2.40948593993,1,0,172.958700827,0,2664.40
R8_0,18,2.04412618473,1,0,128.125228706,0,2695.70
R8_0,19,0.88727540823,0,1,108.877994123,0,2853.00
R8_0,20,2.83829426644,1,0,225.577977797,0,2665.20
R8_0,21,1.06240949267,0,1,130.368782258,0,2664.90
R8_0,22,1.01739346903,0,1,124.844844243,0,2658.80
R8_0,23,0.875593837748,0,1,107.444542964,0,2656.00
R8_0,24,0.92654865011,0,1,113.697232613,0,2702.10
R8_0,25,0.944631536247,0,1,115.916192309,0,2661.80
R8_0,26,0.851626454458,0,1,104.503493778,0,2657.40
R8_0,27,1.05715873221,0,1,129.724458905,0,2692.20
R8_0,28,1.20370359025,0,1,147.707049254,0,2652.30
R8_0,29,0.923657402875,0,1,113.342446267,0,2684.20
R8_0,30,0.95078519843,0,1,116.67131117,0,2743.80
R8_0,31,0.962592720093,0,1,118.120217859,0,2689.50
R8_0,32,0.813863055161,0,1,99.8695288009,0,2660.60
R8_0,33,0.904786387094,0,1,111.026774801,0,2654.20
R8_0,34,0.97054680654,0,1,119.096267651,0,2666.70
R8_0,35,1.39397502736,0,1,171.05534925,0,2687.80
R8_0,36,0.896718004438,0,1,110.036699667,0,2750.20
R8_0,37,0.91247704029,0,1,111.970498572,0,2660.60
R8_0,38,2.62599596201,1,0,199.526750267,0,2696.00
R8_0,39,1.22407488709,0,1,150.206820934,0,2676.70
R8_0,40,0.994971972267,0,1,122.09349154,0,2683.20
R8_0,41,2.86840484837,1,0,229.272861857,0,2732.60
R8_0,42,0.819312190392,0,1,100.538194818,0,2666.10
R8_0,43,0.879730579016,0,1,107.952164484,0,2694.20
R8_0,44,0.851626454458,0,1,104.503493778,0,2658.20
R8_0,45,1.50836466307,0,1,185.092156728,0,2663.70
R8_0,46,1.00087542185,0,1,122.817906692,0,2666.00
R8_0,47,1.43747856436,0,1,176.393689299,0,2722.70
R8_0,48,1.19908019225,0,1,147.139709851,0,2680.10
R8_0,49,0.809855369262,0,1,99.3777437275,1,2693.40
R8_0,50,0.88379029733,0,1,108.45033448,0,2655.50
R8_0,51,0.920577632277,0,1,112.964526129,0,2668.80
R8_0,52,1.37784319183,0,1,169.075803916,0,2686.50
R8_0,53,1.23079817925,0,1,151.031839363,0,2943.70
R8_0,54,1.78023537708,0,1,218.453543426,0,3892.40
R8_0,55,0.879730579016,0,1,107.952164484,0,3922.50
R8_0,56,1.14217403746,0,1,140.156728097,0,4389.30
R8_0,57,0.884777775001,0,1,108.571508342,0,4366.70
R8_0,58,0.959206803531,0,1,117.704730401,0,4413.20
R8_0,59,2.79097281004,1,0,219.771139013,0,3007.90
R8_0,60,1.13050242051,0,1,138.72449834,0,2664.80
R8_0,61,0.952958131385,0,1,116.937952823,0,2747.20
R8_0,62,1.32119757315,0,1,162.124792674,0,2679.10
R8_0,63,2.00778467502,1,0,123.665744487,0,2680.10
R8_0,64,2.26799301234,1,0,155.596035307,0,2695.70
R8_1,1,1.10054913154,0,1,140.434341188,0,2695.50
R8_1,2,1.55921268501,0,1,198.961591005,0,2757.50
R8_1,3,2.64471147142,1,0,209.871568032,0,2658.10
R8_1,4,1.10054913154,0,1,140.434341188,0,2648.80
R8_1,5,1.01730601813,0,1,129.812196791,0,2677.20
R8_1,6,1.15415656748,0,1,147.274858102,0,2681.40
R8_1,7,1.62311075587,0,1,207.115232881,0,2680.50
R8_1,8,1.36071846721,0,1,173.632958319,0,2656.70
R8_1,9,1.02750994573,0,1,131.114257562,0,2679.50
R8_1,10,1.43993364576,0,1,183.741122591,0,2652.60
R8_1,11,1.60818474977,0,1,205.210616565,0,2650.50
R8_1,12,1.68347745739,0,1,214.818258321,0,2647.80
R8_1,13,1.03094289217,0,1,131.552314853,0,2728.00
R8_1,14,1.34422453365,0,1,171.528268373,0,2657.60
R8_1,15,1.4468241259,0,1,184.620374604,0,2668.70
R8_1,16,1.24121965806,0,1,158.384446413,0,2692.80
R8_1,17,1.11301513023,0,1,142.02505101,0,2667.30
R8_1,18,1.30623067029,0,1,166.680103926,0,2720.50
R8_1,19,1.43429571099,0,1,183.02170023,0,2744.40
R8_1,20,1.22533494365,0,1,156.357495194,0,2708.50
R8_1,21,2.67584234504,1,0,213.843988347,0,2656.40
R8_1,22,1.00346265007,0,1,128.045729291,0,2655.80
R8_1,23,2.55199334854,1,0,198.040375649,0,2666.80
R8_1,24,1.26359464529,0,1,161.239581637,0,2706.00
R8_1,25,1.53848189357,0,1,196.316261547,0,2707.90
R8_1,26,1.79455107491,0,1,228.99168307,0,2656.30
R8_1,27,1.32499434826,0,1,169.07442207,0,2697.80
R8_1,28,1.15038237675,0,1,146.793256714,0,2689.50
R8_1,29,1.03127607995,0,1,131.594830908,0,2577.40
R8_1,30,1.25339388432,0,1,159.937924941,0,2169.30
R8_1,31,0.947018532943,0,1,120.843240847,0,3039.10
R8_1,32,2.67104504452,1,0,213.231834178,0,3156.60
R8_1,33,0.90027765201,0,1,114.878923006,1,3379.00
R8_1,34,1.09243643577,0,1,139.399129716,0,3565.00
R8_1,35,1.44917209317,0,1,184.919984343,0,3607.10
R8_1,36,1.44834820854,0,1,184.814853465,0,4722.60
R8_1,37,1.31247559976,0,1,167.476981168,0,4040.00
R8_1,38,1.3522279625,0,1,172.549536961,0,2667.30
R8_1,39,1.29946016089,0,1,165.816160646,0,2651.50
R8_1,40,2.79665460271,1,0,229.260101383,0,2716.70
R8_1,41,1.18104112425,0,1,150.705431903,0,2670.40
R8_1,42,1.3246000773,0,1,169.024111565,0,2651.40
R8_1,43,1.00726330627,0,1,128.530707775,0,2661.30
R8_1,44,1.12962583154,0,1,144.144640975,0,2660.40
R8_1,45,1.2600352493,0,1,160.785388892,0,2740.00
R8_1,46,0.992220629893,0,1,126.611203879,0,2654.70
R8_1,47,1.34546815277,0,1,171.686958999,0,2658.50
R8_1,48,1.48634207191,0,1,189.663017912,0,2670.40
R8_1,49,1.12742123963,0,1,143.863326489,0,2654.50
R8_1,50,1.15583026332,0,1,147.488428188,0,2665.60
R8_1,51,1.15415656748,0,1,147.274858102,0,2746.90
R8_1,52,1.35906468075,0,1,173.421928747,0,2696.80
R8_1,53,2.74039741278,1,0,222.081465575,0,2696.00
R8_1,54,1.64036061371,0,1,209.316381699,0,2657.20
R8_1,55,1.27921352143,0,1,163.232610859,0,2668.30
R8_1,56,1.51838527273,0,1,193.751854718,0,2648.90
R8_1,57,1.37000856715,0,1,174.818411133,0,2671.00
R8_1,58,1.24121965806,0,1,158.384446413,0,2711.20
R8_1,59,1.47735278055,0,1,188.515949441,0,2681.80
R8_1,60,1.37728466891,0,1,175.746869961,0,2655.80
R8_1,61,1.19073691041,0,1,151.942651854,0,2658.10
R8_1,62,1.79530624216,0,1,229.088045343,0,2666.40
R8_1,63,0.935233780065,0,1,119.339460635,0,2697.10
R8_1,64,1.21377620431,0,1,154.882555186,0,2690.90
R8_2,1,1.11329137529,0,1,174.156635001,0,2158.80
R8_2,2,1.21574160392,0,1,190.18333517,0,2147.40
R8_2,3,1.06511987035,0,1,166.620973277,0,2139.70
R8_2,4,1.02482361492,0,1,160.317268422,0,2143.50
R8_2,5,1.10764059912,0,1,173.272661421,0,2185.20
R8_2,6,1.1582013022,0,1,181.182074992,0,2144.20
R8_2,7,2.58798230953,1,0,248.414441724,0,2146.70
R8_2,8,1.04465055217,0,1,163.418875737,0,2139.10
R8_2,9,0.916772071903,0,1,143.414332177,0,2144.40
R8_2,10,0.935890855479,0,1,146.405160173,0,2139.10
R8_2,11,1.33067434824,0,1,208.162725335,0,2172.20
R8_2,12,1.17847790035,0,1,184.354024564,0,2416.90
R8_2,13,1.15979617426,0,1,181.431567224,0,2654.70
R8_2,14,1.13738623527,0,1,177.925890586,0,2704.70
R8_2,15,1.08231153682,0,1,169.310334615,0,2655.30
R8_2,16,1.12398547883,0,1,175.829556509,0,2652.50
R8_2,17,0.909090909091,0,1,142.212737071,0,2654.40
R8_2,18,2.66091605422,1,0,259.823759927,0,2687.10
R8_2,19,1.02436307175,0,1,160.245223807,0,2654.00
R8_2,20,1.02050756685,0,1,159.642091711,0,2653.10
R8_2,21,0.892219345577,0,1,139.573450722,0,2682.80
R8_2,22,1.17921943166,0,1,184.470025282,0,2654.20
R8_2,23,2.44378213907,1,0,225.856630704,0,2748.50
R8_2,24,0.913310116067,0,1,142.87276454,0,2654.80
R8_2,25,1.09334010416,0,1,171.035577638,0,2668.40
R8_2,26,1.29846862801,0,1,203.124655349,0,2650.50
R8_2,27,1.28289124266,0,1,200.68782248,0,2654.20
R8_2,28,1.15701876614,0,1,180.997086132,0,2664.00
R8_2,29,1.00325174044,0,1,156.942693577,0,2648.30
R8_2,30,2.57719810257,1,0,246.727424976,0,2659.60
R8_2,31,1.05046934075,0,1,164.329132172,0,2652.10
R8_2,32,0.982003374094,0,1,153.618726407,0,2652.50
R8_2,33,1.37174595841,0,1,214.587722042,0,2657.10
R8_2,34,0.957718582901,0,1,149.81975912,0,2655.60
R8_2,35,2.19454774108,1,0,186.867894203,0,2744.70
R8_2,36,1.04465055217,0,1,163.418875737,0,2661.60
R8_2,37,1.05603304116,0,1,165.199484143,0,2711.00
R8_2,38,0.994256709345,0,1,155.535564785,0,2653.60
R8_2,39,1.33780923561,0,1,209.278864382,0,2665.10
R8_2,40,2.74637466331,1,0,273.192392902,0,2658.30
R8_2,41,1.17340804589,0,1,183.560926898,0,2714.30
R8_2,42,1.25889595959,0,1,196.93414411,0,2668.40
R8_2,43,1.0920797447,0,1,170.838414552,0,2661.80
R8_2,44,1.02183085513,0,1,159.849099005,0,2658.30
R8_2,45,0.946482849746,0,1,148.062108318,0,2659.80
R8_2,46,1.04947554669,0,1,164.173668981,0,2692.40
R8_2,47,1.10764059912,0,1,173.272661421,0,2650.30
R8_2,48,1.33555055814,0,1,208.925530406,0,2672.20
R8_2,49,1.04887446869,0,1,164.07963994,0,2655.10
R8_2,50,1.30215664646,0,1,203.701586866,0,2666.70
R8_2,51,1.074630374,0,1,168.108739509,0,2655.90
R8_2,52,2.60782430635,1,0,251.518404869,0,2665.70
R8_2,53,1.27150875366,0,1,198.907214074,0,2643.30
R8_2,54,1.07334095899,0,1,167.907031147,0,2645.30
R8_2,55,1.16492658466,0,1,182.234137899,0,2654.50
R8_2,56,3.06158573618,1,0,322.502125272,0,2649.20
R8_2,57,1.21843305238,0,1,190.604369247,0,2648.30
R8_2,58,1.39500694991,0,1,218.226532237,0,2689.90
R8_2,59,1.15701876614,0,1,180.997086132,0,2670.80
R8_2,60,1.38559825243,0,1,216.754691953,0,2661.10
R8_2,61,1.20886157559,0,1,189.107064744,0,2663.20
R8_2,62,0.892219345577,0,1,139.573450722,0,2656.90
R8_2,63,1,1,0,0,0,2671.90
R8_2,64,1,1,0,0,0,2651.00
R8_3,1,1.47929722372,0,1,201.868483997,0,2677.90
R8_3,2,1.42743431851,0,1,194.79114627,0,2700.30
R8_3,3,1.55224531064,0,1,211.823156716,0,2684.40
R8_3,4,1.07305565449,0,1,146.431774996,0,2655.40
R8_3,5,1.02247841817,0,1,139.529882762,0,2682.00
R8_3,6,2.58699868646,1,0,216.565686601,0,2667.50
R8_3,7,1.08306164213,0,1,147.797216318,0,2678.50
R8_3,8,1.36748142677,0,1,186.609829377,0,2658.00
R8_3,9,2.56347939673,1,0,213.356187329,0,2678.10
R8_3,10,1.17515744301,0,1,160.364832486,0,2700.10
R8_3,11,1.20459552812,0,1,164.382024918,0,2695.90
R8_3,12,2.66076671498,1,0,226.632250538,0,2668.10
R8_3,13,1.20459552812,0,1,164.382024918,0,2677.00
R8_3,14,1.22988747049,0,1,167.833424666,0,2671.50
R8_3,15,2.44194947219,1,0,196.771919317,0,2664.00
R8_3,16,1.14864336213,0,1,156.746656756,0,2679.50
R8_3,17,1.50653803765,0,1,205.58583148,0,2667.20
R8_3,18,0.966908248875,0,1,131.946642794,0,2655.90
R8_3,19,1.27837294453,0,1,174.44986995,0,2667.20
R8_3,20,2.37345960531,1,0,187.425626107,0,2671.00
R8_3,21,2.0941525641,1,0,149.310710407,0,2671.10
R8_3,22,1.13497323043,0,1,154.881197457,0,2803.40
R8_3,23,2.25780293815,1,0,171.642837031,0,2669.20
R8_3,24,1.03819839462,0,1,141.675068844,0,2656.60
R8_3,25,1.38515300108,0,1,189.021335231,0,2662.00
R8_3,26,1.07407670233,0,1,146.571109659,0,2661.30
R8_3,27,2.67347869229,1,0,228.366957767,0,2789.30
R8_3,28,1.38515300108,0,1,189.021335231,0,2282.20
R8_3,29,2.21668173121,1,0,166.031337481,0,2146.60
R8_3,30,1.32727456198,0,1,181.123103173,0,2181.10
R8_3,31,1.06978221969,0,1,145.985074151,0,2159.40
R8_3,32,1.001766308,0,1,136.703458016,0,2168.20
R8_3,33,1.07818389477,0,1,147.131587092,0,2153.80
R8_3,34,2.54802613204,1,0,211.24739738,0,2191.40
R8_3,35,1.04002665795,0,1,141.924558087,0,2198.30
R8_3,36,2.82667827177,1,0,249.272943638,0,2205.10
R8_3,37,2.25004677774,1,0,170.584412585,0,2214.10
R8_3,38,1.11085367951,0,1,151.589785088,0,2203.50
R8_3,39,1.08667329853,0,1,148.290071702,0,2178.40
R8_3,40,1.23088096012,0,1,167.968998668,0,2189.20
R8_3,41,1.05508947346,0,1,143.980066395,0,2207.80
R8_3,42,1.57072202907,0,1,214.34453449,0,2246.00
R8_3,43,0.953687030259,0,1,130.142443262,0,2274.50
R8_3,44,1.0747652967,0,1,146.665076915,0,2257.20
R8_3,45,1.03819839462,0,1,141.675068844,0,2281.80
R8_3,46,1.47339563328,0,1,201.063138664,0,2274.70
R8_3,47,1.06078925175,0,1,144.757871952,0,2222.60
R8_3,48,1.31678095997,0,1,179.691120813,0,2212.70
R8_3,49,1.11355337692,0,1,151.958192339,0,2147.00
R8_3,50,2.54696940938,1,0,211.103194445,0,2145.90
R8_3,51,0.973466392171,0,1,132.841582921,0,2144.50
R8_3,52,1.16087741492,0,1,158.416145247,0,2144.70
R8_3,53,1.06815991417,0,1,145.763690409,0,2146.60
R8_3,54,1.15151930509,0,1,157.139114902,0,2145.10
R8_3,55,1.22092347321,0,1,166.610175873,0,2175.70
R8_3,56,2.38745744861,1,0,189.335805726,0,2161.90
R8_3,57,1.34088838315,0,1,182.980878201,0,2148.30
R8_3,58,2.76344657171,1,0,240.644192615,0,2152.00
R8_3,59,1.11843772632,0,1,152.624722494,0,2151.10
R8_3,60,1.05178848044,0,1,143.529604888,0,2156.40
R8_3,61,0.962398835466,0,1,131.331277313,0,2153.00
R8_3,62,2.38853613498,1,0,189.483005882,0,2201.60
R8_3,63,1.26081700153,0,1,172.054143425,0,2160.90
R8_3,64,1.15151930509,0,1,157.139114902,0,2152.00
R8_4,1,0.885915830772,0,1,115.810702946,0,2176.30
R8_4,2,2.61933117152,1,0,211.685890197,0,2233.70
R8_4,3,1.40571248248,0,1,183.760742365,0,2186.60
R8_4,4,3.02223569056,1,0,264.35529055,0,2290.10
R8_4,5,1.23970057703,0,1,162.05895671,0,2233.70
R8_4,6,1.04387406023,0,1,136.459677661,0,2169.50
R8_4,7,1.35595792516,0,1,177.256614029,0,2178.80
R8_4,8,1.06624573215,0,1,139.38419821,0,2157.50
R8_4,9,1.088431041,0,1,142.284356581,0,2221.70
R8_4,10,0.967085998623,0,1,126.42161413,0,2186.10
R8_4,11,0.987259434695,0,1,129.058771895,0,2251.70
R8_4,12,1.25323412861,0,1,163.828120403,0,2214.80
R8_4,13,1.21624033567,0,1,158.992133713,0,2183.90
R8_4,14,1.05974279568,0,1,138.534106567,0,2149.70
R8_4,15,2.42717838722,1,0,186.566857158,0,2189.00
R8_4,16,1.46859734219,0,1,191.981319936,0,2147.70
R8_4,17,1.30233856426,0,1,170.247262055,0,2164.10
R8_4,18,1.34035836167,0,1,175.217372432,0,2229.50
R8_4,19,1.10405592253,0,1,144.326907861,0,2269.00
R8_4,20,1.35575692298,0,1,177.230338165,0,2216.90
R8_4,21,1.53452649624,0,1,200.599860671,0,2205.10
R8_4,22,2.50765471488,1,0,197.087066586,0,2186.20
R8_4,23,0.885915830772,0,1,115.810702946,0,2138.40
R8_4,24,0.972077824049,0,1,127.07416688,0,2235.40
R8_4,25,1.18270966708,0,1,154.608861438,0,2223.50
R8_4,26,1.22885821441,0,1,160.641596739,0,2294.50
R8_4,27,1.0025485422,0,1,131.057429359,0,2192.50
R8_4,28,1.38471981671,0,1,181.016491393,0,2233.50
R8_4,29,1.40571248248,0,1,183.760742365,0,2187.20
R8_4,30,1.44437384304,0,1,188.814720619,0,2193.00
R8_4,31,0.909127360297,0,1,118.845013269,0,2237.70
R8_4,32,2.94690257235,1,0,254.507423435,0,2353.40
R8_4,33,1.02151761725,0,1,133.537147905,0,2227.00
R8_4,34,1.28697726613,0,1,168.239167525,0,2218.60
R8_4,35,1.33871971153,0,1,175.003161085,0,2210.50
R8_4,36,1.10405592253,0,1,144.326907861,0,2118.80
R8_4,37,1.12649352646,0,1,147.260047323,0,2202.50
R8_4,38,1.03346703595,0,1,135.099226978,0,2139.80
R8_4,39,0.978567811894,0,1,127.922565823,0,2209.60
R8_4,40,1.05592728737,0,1,138.035327016,0,2184.20
R8_4,41,2.31761434998,1,0,172.244178038,0,2178.80
R8_4,42,1.24484126993,0,1,162.730970052,0,2219.80
R8_4,43,0.931148082866,0,1,121.723656218,0,2210.60
R8_4,44,0.972077824049,0,1,127.07416688,0,2192.10
R8_4,45,1.02191111646,0,1,133.588587804,0,2153.20
R8_4,46,1.31403959428,0,1,171.776870698,0,2178.80
R8_4,47,2.99488364745,1,0,260.779714598,0,2292.00
R8_4,48,1.08968290713,0,1,142.448005871,0,2187.40
R8_4,49,0.969362176612,0,1,126.719165843,0,2276.30
R8_4,50,0.957468182489,0,1,125.164332108,0,2270.30
R8_4,51,1.38768248205,0,1,181.403783667,0,2133.10
R8_4,52,1.02991316447,0,1,134.634649712,0,2199.80
R8_4,53,1.50426640011,0,1,196.644131603,0,2257.60
R8_4,54,1.33434926577,0,1,174.431837739,0,2168.50
R8_4,55,0.99994536523,0,1,130.717130942,0,2197.00
R8_4,56,1.37044716692,0,1,179.150709626,0,2163.90
R8_4,57,1.34396548332,0,1,175.688910788,0,2173.60
R8_4,58,1.12232736638,0,1,146.715429075,0,2170.50
R8_4,59,2.61555468657,1,0,211.192211947,0,2265.20
R8_4,60,1.10405592253,0,1,144.326907861,0,2243.50
R8_4,61,2.93602905573,1,0,253.085990881,0,2185.80
R8_4,62,1.00913011,0,1,131.917800025,0,2179.60
R8_4,63,0.945729913332,0,1,123.629855406,0,2160.90
R8_4,64,1.18463613313,0,1,154.860697312,0,2189.10
R8_5,1,1.04149164854,0,1,184.779810615,0,2219.70
R8_5,2,2.41996286256,1,0,251.92757829,0,2218.80
R8_5,3,1.10828079428,0,1,196.629435831,0,2161.50
R8_5,4,2.94967009734,1,0,345.907402958,0,2227.10
R8_5,5,2.28170738613,1,0,227.398509058,0,2160.00
R8_5,6,1.13263600538,0,1,200.950499089,0,2158.70
R8_5,7,0.979703404722,0,1,173.817437555,0,2744.90
R8_5,8,1.10355360636,0,1,195.790745584,0,2624.50
R8_5,9,0.923595634033,0,1,163.862885105,0,2181.60
R8_5,10,1.02325352659,0,1,181.544031698,0,2183.10
R8_5,11,1.03792643884,0,1,184.147276716,0,2193.10
R8_5,12,1.32930729321,0,1,235.843609725,0,2148.40
R8_5,13,1.65822570559,1,0,116.781369675,0,2182.80
R8_5,14,2.49679199597,1,0,265.558482331,0,2227.30
R8_5,15,2.90189680153,1,0,337.431539937,0,2201.80
R8_5,16,1.18484421225,0,1,210.213197058,0,2197.40
R8_5,17,1.2958196003,0,1,229.902275905,0,2250.50
R8_5,18,0.913544274354,0,1,162.079588675,0,2265.00
R8_5,19,1.01823570683,0,1,180.653778006,0,2191.70
R8_5,20,0.933672415808,0,1,165.650691882,0,2139.20
R8_5,21,1.00510556776,0,1,178.324249377,0,2149.60
R8_5,22,2.87983853622,1,0,333.517997189,0,2289.30
R8_5,23,0.951961097917,0,1,168.895441104,0,2346.60
R8_5,24,1.12968392509,0,1,200.426745645,0,2308.80
R8_5,25,0.971622490132,0,1,172.383734395,0,2183.20
R8_5,26,1.02645009378,0,1,182.111161622,0,2165.70
R8_5,27,1.14395384152,0,1,202.95849178,0,2158.80
R8_5,28,1.00016039455,0,1,177.446884524,0,2193.00
R8_5,29,0.890287099141,0,1,157.953337219,0,2153.50
R8_5,30,0.965952129507,0,1,171.377707929,0,2201.20
R8_5,31,1.01823570683,0,1,180.653778006,0,2199.40
R8_5,32,1.32930729321,0,1,235.843609725,0,2183.50
R8_5,33,0.930420164459,0,1,165.073682562,0,2191.10
R8_5,34,1.12208584597,0,1,199.078706395,0,2185.00
R8_5,35,1,1,0,0,0,2149.10
R8_5,36,2.80306935165,1,0,319.897729176,0,2199.60
R8_5,37,1.06025483083,0,1,188.108744914,0,2154.60
R8_5,38,1.01642332454,0,1,180.33222799,0,2188.00
R8_5,39,2.27179399517,1,0,225.639690821,0,2237.90
R8_5,40,1.03228471256,0,1,183.146330512,0,2220.90
R8_5,41,1.44690340904,0,1,256.707327684,0,2191.20
R8_5,42,2.62934620501,1,0,289.076041668,0,2178.70
R8_5,43,1.34963735893,0,1,239.450538017,0,2151.90
R8_5,44,2.38136527869,1,0,245.079655651,0,2206.10
R8_5,45,1.26858336306,0,1,225.070065521,0,2277.60
R8_5,46,0.915861173071,0,1,162.490649203,0,2158.30
R8_5,47,1.23770370952,0,1,219.591445945,0,2149.20
R8_5,48,1.04215934359,0,1,184.898272021,0,2154.60
R8_5,49,1.0697208013,0,1,189.78818251,0,2163.50
R8_5,50,2.67443450607,1,0,297.075537142,0,2165.10
R8_5,51,0.934655533892,0,1,165.825115147,0,2165.80
R8_5,52,1.06176460833,0,1,188.376607264,0,2166.80
R8_5,53,0.915861173071,0,1,162.490649203,0,2152.50
R8_5,54,1.11795930965,0,1,198.34658281,0,2176.70
R8_5,55,1.53134707456,0,1,271.689190039,0,2149.00
R8_5,56,1.32945126774,0,1,235.869153459,0,2255.10
R8_5,57,0.919120493798,0,1,163.068912761,0,2175.60
R8_5,58,1.22838696653,0,1,217.938484054,0,2151.50
R8_5,59,0.930084253923,0,1,165.014085843,0,2185.80
R8_5,60,0.881170419473,0,1,156.335870248,0,2152.20
R8_5,61,1.29902590008,0,1,230.471132571,0,2213.70
R8_5,62,1.24919777838,0,1,221.63070557,0,2226.00
R8_5,63,0.9984654623,0,1,177.146172309,0,2245.60
R8_5,64,2.49531741619,1,0,265.296864705,0,2273.50
R8_6,1,1.28871142842,0,1,164.278006265,0,2174.70
R8_6,2,1.17883635899,0,1,150.271722975,0,2203.30
R8_6,3,1.33001600484,0,1,169.543291661,0,2148.30
R8_6,4,1.07603467656,0,1,137.167117043,0,2141.60
R8_6,5,2.53223173618,1,0,195.320666213,0,2145.30
R8_6,6,3.11305865229,1,0,269.361359621,0,2154.90
R8_6,7,1.06535161371,0,1,135.805297611,0,2158.60
R8_6,8,1.14149916569,0,1,145.512178255,0,2085.20
R8_6,9,1.02675042376,0,1,130.884625391,0,2147.80
R8_6,10,1.19527327352,0,1,152.367012494,0,2212.70
R8_6,11,1.05259256171,0,1,134.17884224,0,2253.00
R8_6,12,1.17054211291,0,1,149.214417065,0,2246.90
R8_6,13,1.18105100758,0,1,150.554034474,0,2229.60
R8_6,14,1.06790483369,0,1,136.130768371,0,2270.20
R8_6,15,1.06619641722,0,1,135.912988622,0,2169.70
R8_6,16,0.984205798541,0,1,125.46126524,0,2196.20
R8_6,17,0.988385742172,0,1,125.994101987,0,2192.60
R8_6,18,1.31370354762,0,1,167.463867292,0,2147.30
R8_6,19,1.28839622055,0,1,164.23782526,0,2155.70
R8_6,20,1.0992540786,0,1,140.127001615,0,2185.00
R8_6,21,1.32190110814,0,1,168.508848246,0,2158.30
R8_6,22,2.89195601344,1,0,241.176383614,0,2170.40
R8_6,23,1.40542086394,0,1,179.155497809,0,2182.70
R8_6,24,1.37891442679,0,1,175.776599669,0,2178.00
R8_6,25,1.38106211037,0,1,176.050374829,0,2148.70
R8_6,26,1.45646042693,0,1,185.661746969,0,2161.20
R8_6,27,1.27572962617,0,1,162.623155888,0,2166.10
R8_6,28,1.14707858712,0,1,146.223412911,0,2203.60
R8_6,29,1.069484374,0,1,136.33211968,0,2170.80
R8_6,30,1.09118742461,0,1,139.09870792,0,2287.10
R8_6,31,1.34446030948,0,1,171.38457398,0,2169.50
R8_6,32,1.14450641099,0,1,145.895525723,0,2157.00
R8_6,33,2.58010065565,1,0,201.422738778,0,2158.20
R8_6,34,1.08256195894,0,1,137.999179917,0,2186.30
R8_6,35,1.17054211291,0,1,149.214417065,0,2193.40
R8_6,36,0.920915783674,0,1,117.393394319,0,2195.50
R8_6,37,1.09438683352,0,1,139.506551372,0,2239.50
R8_6,38,2.67855839037,1,0,213.973601605,0,2930.60
R8_6,39,1.41388293438,0,1,180.234197067,0,2660.80
R8_6,40,1.21944303286,0,1,155.448043506,0,2147.80
R8_6,41,1.0992540786,0,1,140.127001615,0,2146.70
R8_6,42,1.16294020068,0,1,148.245366154,0,2139.70
R8_6,43,1.32311821946,0,1,168.663999055,0,2148.30
R8_6,44,2.9721791286,1,0,251.402795147,0,2252.20
R8_6,45,1.2131128373,0,1,154.641104199,0,2169.20
R8_6,46,1,1,0,0,0,2159.20
R8_6,47,2.76847457019,1,0,225.435632922,0,2178.80
R8_6,48,1.14149916569,0,1,145.512178255,0,2142.00
R8_6,49,1.39514900912,0,1,177.846096967,0,2150.10
R8_6,50,1.50706485791,0,1,192.112527839,0,2147.10
R8_6,51,1.17992915892,0,1,150.411027237,0,2182.70
R8_6,52,1.30123059474,0,1,165.873882299,0,2222.30
R8_6,53,1.09118742461,0,1,139.09870792,0,2182.40
R8_6,54,1.60581783322,0,1,204.701026349,0,2206.80
R8_6,55,1.01254280206,0,1,129.073514141,0,2236.00
R8_6,56,1.06619641722,0,1,135.912988622,0,2323.80
R8_6,57,1.16294020068,0,1,148.245366154,0,2246.20
R8_6,58,1.09438683352,0,1,139.506551372,0,2259.80
R8_6,59,3.01527152053,1,0,256.895981655,0,2251.30
R8_6,60,1.20668946814,0,1,153.822287624,0,2213.40
R8_6,61,0.981823051428,0,1,125.157525445,0,2178.30
R8_6,62,1.21989274221,0,1,155.505370037,0,2157.10
R8_6,63,1.1002469248,0,1,140.253564312,0,2170.90
R8_6,64,1.28014165276,0,1,163.185577325,0,2274.90
R8_7,1,1.0558166873,0,1,152.109668832,0,2261.20
R8_7,2,1.1283539344,0,1,162.55998352,0,2181.30
R8_7,3,0.986337757761,0,1,142.099960622,0,2171.30
R8_7,4,1.04389872054,0,1,150.392668146,0,2162.30
R8_7,5,1.11748853005,0,1,160.994623663,0,2161.20
R8_7,6,1.0479791574,0,1,150.980529567,0,2174.40
R8_7,7,1.05472038831,0,1,151.951726949,0,2160.70
R8_7,8,1.15259604184,0,1,166.05250166,0,2263.60
R8_7,9,1.06389907363,0,1,153.274084136,0,2215.40
R8_7,10,1.23203537709,0,1,177.49718815,0,2176.60
R8_7,11,1.28912226775,0,1,185.721596931,0,2226.40
R8_7,12,0.909090909091,0,1,130.97114185,0,2195.40
R8_7,13,1.20910894306,0,1,174.194216783,0,2260.10
R8_7,14,0.979907024528,0,1,141.1734961,0,2155.00
R8_7,15,1.0431468599,0,1,150.284348895,0,2254.20
R8_7,16,1.35473715892,0,1,195.174619872,0,2162.10
R8_7,17,1.00641819768,0,1,144.992914582,0,2188.80
R8_7,18,1.0224668097,0,1,147.305010127,0,2162.70
R8_7,19,2.57887678949,1,0,227.466025556,0,2164.00
R8_7,20,0.946634874113,0,1,136.380035416,0,2174.90
R8_7,21,2.58005068931,1,0,227.635147255,0,2191.70
R8_7,22,1.0471363317,0,1,150.859105139,0,3869.60
R8_7,23,1.18530903423,0,1,170.765405424,0,4686.50
R8_7,24,0.941574598359,0,1,135.651010313,0,4680.20
R8_7,25,1.15332095743,0,1,166.156938986,0,4797.00
R8_7,26,1.3454592031,0,1,193.837960958,0,4694.10
R8_7,27,1.03778470361,0,1,149.51183239,0,3547.30
R8_7,28,2.47364700128,1,0,212.305753486,0,2172.60
R8_7,29,2.72799542795,1,0,248.949287741,0,2499.50
R8_7,30,1.03055676304,0,1,148.470515596,0,3397.70
R8_7,31,1.17200853805,0,1,168.849226136,0,3517.60
R8_7,32,0.990599359698,0,1,142.713922181,0,3472.90
R8_7,33,0.947266590241,0,1,136.471045656,0,3464.30
R8_7,34,1.18758432771,0,1,171.093202988,0,4390.30
R8_7,35,2.55098799286,1,0,223.448135262,0,4718.50
R8_7,36,1.1749658697,0,1,169.275283748,0,4731.00
R8_7,37,0.97594053571,0,1,140.602050974,0,4749.50
R8_7,38,2.4062480214,1,0,202.595699997,0,2293.90
R8_7,39,1.1830532275,0,1,170.440415283,0,2168.60
R8_7,40,1.11529715421,0,1,160.678915969,0,2164.90
R8_7,41,0.968923475578,0,1,139.591115358,0,2177.70
R8_7,42,2.54747352041,1,0,222.941811346,0,2159.10
R8_7,43,0.880416963622,0,1,126.840136533,1,2197.90
R8_7,44,1.30674626053,0,1,188.260654835,0,2171.80
R8_7,45,1.21663141347,0,1,175.277965977,0,2186.20
R8_7,46,1.09197928482,0,1,157.319551191,0,2180.70
R8_7,47,1.06389907363,0,1,153.274084136,0,2159.60
R8_7,48,2.75276120134,1,0,252.517249522,0,2237.40
R8_7,49,0.979569085577,0,1,141.124809825,0,2163.20
R8_7,50,1.19362818598,0,1,171.963931108,0,2191.80
R8_7,51,2.73343161122,1,0,249.732469185,0,2236.60
R8_7,52,1.06963604273,0,1,154.100599269,0,2154.30
R8_7,53,1.08168645102,0,1,155.836680576,0,2166.50
R8_7,54,1.46528787814,0,1,211.101469193,0,2169.30
R8_7,55,1.62506182397,0,1,234.119822929,0,2152.00
R8_7,56,1.15733271706,0,1,166.734906199,0,2209.40
R8_7,57,1.15275150727,0,1,166.074899294,0,2194.30
R8_7,58,1.23203537709,0,1,177.49718815,0,2161.90
R8_7,59,1.13439321657,0,1,163.430052369,0,2225.50
R8_7,60,1.00341813224,0,1,144.560700386,0,2156.70
R8_7,61,1.23493555906,0,1,177.91501231,0,2181.20
R8_7,62,1.06504347836,0,1,153.438956529,0,2158.90
R8_7,63,1.21186967329,0,1,174.591950373,0,2158.70
R8_7,64,2.51654093369,1,0,218.485407523,0,2170.80
R8_8,1,1.30214875505,0,1,205.266064827,0,2302.60
R8_8,2,2.54074261137,1,0,242.877145579,0,2250.90
R8_8,3,1,1,0,0,0,2278.50
R8_8,4,1.18850118197,0,1,187.351068545,0,2249.10
R8_8,5,1.35493929861,1,0,55.9513594702,0,2227.70
R8_8,6,0.990087578949,0,1,156.073858978,0,2152.60
R8_8,7,1.33607989015,0,1,210.614847406,0,2150.90
R8_8,8,1.21018259472,0,1,190.768848779,0,2218.90
R8_8,9,1.35744212585,0,1,213.982313711,0,2150.50
R8_8,10,1.16705953608,0,1,183.971084301,0,2148.20
R8_8,11,1.27293759511,0,1,200.661322222,0,2151.70
R8_8,12,1.46663064684,0,1,231.194400994,0,2151.60
R8_8,13,1.07601960412,0,1,169.619875576,0,2189.00
R8_8,14,1.05486439804,0,1,166.285044677,0,2142.80
R8_8,15,2.93265528597,1,0,304.656855584,0,2193.60
R8_8,16,1.17230942952,0,1,184.798658696,0,2148.40
R8_8,17,1.22636499355,0,1,193.319784157,0,2176.60
R8_8,18,2.64630058845,1,0,259.516926927,0,2146.50
R8_8,19,1.36107475068,0,1,214.554947676,0,2198.40
R8_8,20,1.27549726155,0,1,201.064818869,0,2166.60
R8_8,21,1.02079434711,0,1,160.914363905,0,2185.20
R8_8,22,0.98944394712,0,1,155.972399162,0,2250.20
R8_8,23,2.56291618105,1,0,246.372507667,0,2150.50
R8_8,24,0.942605919428,0,1,148.589020273,0,2192.90
R8_8,25,1.13918283496,0,1,179.576701004,0,2227.30
R8_8,26,1.21685576692,0,1,191.820783738,0,2250.10
R8_8,27,2.40380396845,1,0,221.290628489,0,2237.00
R8_8,28,2.68232514604,1,0,265.195709129,0,2238.90
R8_8,29,1.00802637035,0,1,158.901665788,0,2185.00
R8_8,30,1.0256315083,0,1,161.676876666,0,2147.80
R8_8,31,0.986706215233,0,1,155.540832915,0,2142.30
R8_8,32,1.02360258929,0,1,161.357045141,0,2152.50
R8_8,33,1.2056281573,0,1,190.05090358,0,2160.20
R8_8,34,0.990087578949,0,1,156.073858978,0,2187.70
R8_8,35,1.11136228404,0,1,175.191169024,0,2189.60
R8_8,36,1.27908650711,0,1,201.630614681,0,2179.30
R8_8,37,1.03089758294,0,1,162.507001805,0,2150.30
R8_8,38,1.17559728926,0,1,185.316945127,0,2143.70
R8_8,39,1.41069248873,0,1,222.376510148,0,2144.70
R8_8,40,0.955928936783,0,1,150.689212999,0,2136.20
R8_8,41,1.02360258929,0,1,161.357045141,0,2139.80
R8_8,42,1.14208227892,0,1,180.033758964,0,2211.50
R8_8,43,1.50987977817,0,1,238.012039119,0,2264.80
R8_8,44,2.88867897389,1,0,297.724587292,0,2161.10
R8_8,45,1.32984786355,0,1,209.632453059,0,2151.50
R8_8,46,1.25040589912,0,1,197.109506384,0,2242.70
R8_8,47,1.05165093261,0,1,165.778485499,0,2234.50
R8_8,48,1.21549811042,0,1,191.60676763,0,2207.70
R8_8,49,1.00845035286,0,1,158.968500873,0,2181.80
R8_8,50,1.09240276017,0,1,172.202457603,0,2260.20
R8_8,51,1.45907084064,0,1,230.002700228,0,2185.90
R8_8,52,2.35333436029,1,0,213.334780265,0,2160.50
R8_8,53,1.17580605467,0,1,185.349854158,0,2145.30
R8_8,54,1.00802637035,0,1,158.901665788,0,2144.80
R8_8,55,0.909090909091,0,1,143.30583411,0,2165.00
R8_8,56,0.966233849822,0,1,152.313642574,0,2141.90
R8_8,57,1.07328481883,0,1,169.18877382,0,2198.20
R8_8,58,1,1,0,0,0,2139.90
R8_8,59,0.911613781497,0,1,143.703530678,0,2193.90
R8_8,60,0.91978005639,0,1,144.990832997,0,2145.80
R8_8,61,1.02962538172,0,1,162.306456564,0,2180.50
R8_8,62,1.38335977418,0,1,218.067878945,0,2204.50
R8_8,63,1.43868726446,0,1,226.789506302,0,2196.80
R8_8,64,1.29199447421,0,1,203.665380371,0,2212.10
R8_9,1,1.94779612738,0,1,255.875505643,0,2198.90
R8_9,2,1.27700937848,0,1,167.756479149,0,2155.00
R8_9,3,1.1747365923,0,1,154.321243032,0,2153.20
R8_9,4,3.11803643379,1,0,278.239409067,0,2212.50
R8_9,5,1.93868414253,0,1,254.678494468,0,2177.50
R8_9,6,1.36886018693,0,1,179.822614677,0,2165.00
R8_9,7,1.11194490984,0,1,146.072508335,0,2173.40
R8_9,8,1.71146066211,0,1,224.828900802,0,2258.70
R8_9,9,1.08565826021,0,1,142.619318512,0,2157.20
R8_9,10,1.04567788064,0,1,137.367228883,0,2232.20
R8_9,11,1.25202657329,0,1,164.474571037,0,2223.30
R8_9,12,1.29625301325,0,1,170.284451512,0,2146.10
R8_9,13,2.4211445171,1,0,186.691033416,0,2217.30
R8_9,14,1.20348456038,0,1,158.097768083,0,2162.80
R8_9,15,1.08081842507,0,1,141.98352545,0,2199.20
R8_9,16,1.07762235083,0,1,141.563667796,0,2154.20
R8_9,17,1.0325794813,0,1,135.646535683,0,2156.60
R8_9,18,0.909090909091,0,1,119.424252246,1,2154.40
R8_9,19,1.5530247464,0,1,204.015700963,0,2166.00
R8_9,20,1.38407696464,0,1,181.821592208,0,2160.70
R8_9,21,3.35513602799,1,0,309.386394988,0,2151.60
R8_9,22,1.11194490984,0,1,146.072508335,0,2244.40
R8_9,23,2.17381924813,1,0,154.200734578,0,2155.80
R8_9,24,1.43512885892,0,1,188.528109937,0,2148.50
R8_9,25,1.12193977812,0,1,147.385500973,0,2145.80
R8_9,26,1.53846269345,0,1,202.102732451,0,2150.10
R8_9,27,1.0310718105,0,1,135.448477978,0,2156.30
R8_9,28,1.11904738176,0,1,147.005536473,0,2148.00
R8_9,29,3.09934474506,1,0,275.783944023,0,2217.00
R8_9,30,1.37045564701,1,0,48.6655274974,0,2142.80
R8_9,31,1.22464685891,0,1,160.877788929,0,2149.20
R8_9,32,1.1209263668,0,1,147.252372495,0,2146.20
R8_9,33,1.46644591897,0,1,192.642128064,0,2179.10
R8_9,34,1.1108644937,0,1,145.930577657,0,2163.90
R8_9,35,2.43749014155,1,0,188.838303791,0,2156.10
R8_9,36,1.38521498154,0,1,181.971089707,0,2231.80
R8_9,37,1.18948542697,0,1,156.25874844,0,2145.60
R8_9,38,1.27065289267,0,1,166.921448728,0,2156.50
R8_9,39,1.19879265869,0,1,157.481408548,0,2146.50
R8_9,40,1.16785149305,0,1,153.41677042,0,2146.30
R8_9,41,1.1939224666,0,1,156.841627595,0,2153.80
R8_9,42,2.66834788205,1,0,219.165318129,0,2153.80
R8_9,43,1.49519789683,0,1,196.419179867,0,2212.00
R8_9,44,1.36908281266,0,1,179.851860281,0,2146.20
R8_9,45,1.28596280193,0,1,168.93266064,0,2161.00
R8_9,46,1.57873587682,0,1,207.39328674,0,2147.30
R8_9,47,1.105031244,0,1,145.164283025,0,2163.30
R8_9,48,1,1,0,0,0,2149.10
R8_9,49,1.17418248716,0,1,154.248452081,0,2151.70
R8_9,50,1.46287702582,0,1,192.17329443,0,2236.90
R8_9,51,2.71066319508,1,0,224.724140208,0,2175.10
R8_9,52,1.11904738176,0,1,147.005536473,0,2155.00
R8_9,53,1.2106449787,0,1,159.038408447,0,2151.10
R8_9,54,1.34764929683,0,1,177.03621052,0,2160.40
R8_9,55,1.02991323777,0,1,135.296280129,0,2153.00
R8_9,56,1.33410100204,0,1,175.256416047,0,2148.30
R8_9,57,1.09452343559,0,1,143.783907147,0,2158.80
R8_9,58,1.04567788064,0,1,137.367228883,0,2202.00
R8_9,59,1.16785149305,0,1,153.41677042,0,2155.40
R8_9,60,2.51625372315,1,0,199.185213812,0,2155.70
R8_9,61,1.10704875126,0,1,145.42931625,0,2168.00
R8_9,62,1.07907875732,0,1,141.754991077,0,2145.50
R8_9,63,1.25175125421,0,1,164.438403285,0,2170.10
R8_9,64,1.16928930779,0,1,153.605651365,0,2157.70
R9_0,1,2.45022912087,1,0,212.948351162,0,3414.60
R9_0,2,1.05987227545,0,1,155.62923834,0,3400.50
R9_0,3,0.967331907848,0,1,142.040820887,0,3426.80
R9_0,4,1.00037356781,0,1,146.89258321,0,3413.60
R9_0,5,2.660994373,1,0,243.896642212,0,3409.50
R9_0,6,0.952725122612,0,1,139.89599371,0,3423.20
R9_0,7,2.64442704121,1,0,241.463932831,0,3506.00
R9_0,8,0.938841133282,0,1,137.857300242,0,3416.10
R9_0,9,1.22833704984,0,1,180.366223289,0,3410.30
R9_0,10,1.08444096417,0,1,159.236848805,0,3414.30
R9_0,11,0.890672794687,0,1,130.784370776,1,3405.30
R9_0,12,2.34796904081,1,0,197.932713201,0,5385.00
R9_0,13,0.944258660103,0,1,138.652797579,0,3500.10
R9_0,14,1.00535368558,0,1,147.623852395,0,3391.40
R9_0,15,2.5345489903,1,0,225.329689329,0,3443.60
R9_0,16,1.21480250065,0,1,178.378840818,0,3444.70
R9_0,17,1.00304167511,0,1,147.284362028,0,3394.90
R9_0,18,2.52481834862,1,0,223.900863999,0,3398.30
R9_0,19,4.13577628512,2,0,313.61254013,0,3408.40
R9_0,20,1.0430604514,0,1,153.16062827,0,3439.50
R9_0,21,2.58930774332,1,0,233.370340285,0,3394.80
R9_0,22,1.21113565486,0,1,177.840409508,0,3392.00
R9_0,23,0.938841133282,0,1,137.857300242,0,3388.30
R9_0,24,2.2489950189,1,0,183.399592558,0,3405.20
R9_0,25,2.63203518343,1,0,239.644340572,0,3460.00
R9_0,26,2.38452600706,1,0,203.300655119,0,3394.40
R9_0,27,0.973604523893,0,1,142.961877584,0,3407.80
R9_0,28,0.967619823217,0,1,142.083097726,0,3537.30
R9_0,29,1.05228350305,0,1,154.514920232,0,3586.90
R9_0,30,1.25087603771,0,1,183.675797089,0,3574.70
R9_0,31,2.35665485157,1,0,199.208117931,0,3604.60
R9_0,32,2.69191895581,1,0,248.437537735,0,3517.10
R9_0,33,2.22308059219,1,0,179.594376983,0,3539.10
R9_0,34,1.01168755533,0,1,148.553903448,0,3429.20
R9_0,35,2.2380014083,1,0,181.785315741,0,3401.80
R9_0,36,2.76912699317,1,0,259.774590628,0,3424.20
R9_0,37,2.65204048967,1,0,242.581874316,0,3451.00
R9_0,38,1.1772928073,0,1,172.871002618,0,5081.40
R9_0,39,2.26948413359,1,0,186.408167636,0,5447.60
R9_0,40,2.7260079409,1,0,253.4430869,0,4697.00
R9_0,41,2.8852382935,1,0,276.824110322,0,3543.00
R9_0,42,2.40531036737,1,0,206.352583393,0,3412.40
R9_0,43,1.06137263715,0,1,155.849548045,0,3418.10
R9_0,44,2.93003582954,1,0,283.402078796,0,3442.30
R9_0,45,2.72418132162,1,0,253.174870273,0,3434.40
R9_0,46,1.25879119091,0,1,184.838040213,0,3662.20
R9_0,47,1.00501764854,0,1,147.574509479,0,3744.30
R9_0,48,1.02934709741,0,1,151.146990507,0,3681.70
R9_0,49,0.961980091421,0,1,141.254972315,0,3493.80
R9_0,50,1.14683423618,0,1,168.398535195,0,3453.60
R9_0,51,0.940542259713,0,1,138.107089784,0,3419.40
R9_0,52,2.46631652788,1,0,215.310589478,0,3675.80
R9_0,53,1.07556026841,0,1,157.932827604,0,3483.00
R9_0,54,1.04232042566,0,1,153.05196457,0,3437.00
R9_0,55,2.29835412442,1,0,190.647371537,0,3693.10
R9_0,56,1.20232004673,0,1,176.545945627,0,4806.60
R9_0,57,1.17473688332,0,1,172.495696543,0,4119.20
R9_0,58,2.68240361161,1,0,247.040326198,0,3403.50
R9_0,59,1.00082409134,0,1,146.958737062,0,3423.90
R9_0,60,4.09431580372,2,0,307.524577184,0,3461.40
R9_0,61,2.43037734167,1,0,210.03336098,0,3470.00
R9_0,62,0.969606786029,0,1,142.374858834,0,3552.90
R9_0,63,2.38700309509,1,0,203.6643851,0,3437.20
R9_0,64,2.71148946611,1,0,251.311227029,0,3399.70
R9_1,1,1.07066844337,0,1,164.619990209,0,6974.40
R9_1,2,1.52440822843,0,1,234.384481204,0,3409.50
R9_1,3,1.02565061868,0,1,157.698301329,0,3443.60
R9_1,4,2.5169704536,1,0,233.240890555,0,3420.70
R9_1,5,2.35454748696,1,0,208.267643847,0,4308.30
R9_1,6,1.66336022518,0,1,255.748962884,0,7456.10
R9_1,7,2.85888070681,1,0,285.811098338,0,7453.50
R9_1,8,1.3866038801,0,1,213.196455523,0,4289.90
R9_1,9,1.15574466719,0,1,177.700834441,0,4194.00
R9_1,10,2.70775092878,1,0,262.574229134,0,4199.70
R9_1,11,3.45358047081,1,0,377.248807121,0,4197.10
R9_1,12,2.86541290594,1,0,286.815452734,0,4240.60
R9_1,13,1.16914391694,0,1,179.761028124,0,4187.50
R9_1,14,1.27071872424,0,1,195.378602254,0,4239.00
R9_1,15,1.60590290225,0,1,246.914646344,0,4225.50
R9_1,16,1.41452469861,0,1,217.48940438,0,4282.30
R9_1,17,2.82646066296,1,0,280.826373764,0,4207.60
R9_1,18,1.53817459808,0,1,236.501121187,0,4201.60
R9_1,19,1.30831224792,0,1,201.158772146,0,4305.00
R9_1,20,1.37287485393,0,1,211.085557263,0,3790.30
R9_1,21,1.52632783845,0,1,234.679629701,0,3449.90
R9_1,22,1.25730019204,0,1,193.31544381,0,3531.80
R9_1,23,1.31100602901,0,1,201.572952856,0,3473.80
R9_1,24,3.24196187077,1,0,344.711515037,0,3440.30
R9_1,25,1.00128188481,0,1,153.951501135,0,3404.40
R9_1,26,1.29157108916,0,1,198.584745229,0,3404.90
R9_1,27,1.10990212164,0,1,170.652341095,0,3482.80
R9_1,28,1.02539219422,0,1,157.658567429,0,3438.30
R9_1,29,2.45038054044,1,0,223.002398031,0,3465.70
R9_1,30,1.61292216403,0,1,247.993888768,0,3444.10
R9_1,31,1.02565061868,0,1,157.698301329,0,3554.90
R9_1,32,1.53723299424,0,1,236.356345448,0,3459.00
R9_1,33,1.26757853768,0,1,194.895784737,0,3489.60
R9_1,34,1.5901933502,0,1,244.499233505,0,3452.70
R9_1,35,1.05834796296,0,1,162.725662067,0,3637.60
R9_1,36,1.25437572387,0,1,192.865793946,0,3725.80
R9_1,37,1.03126901245,0,1,158.562154124,0,3465.30
R9_1,38,3.34181459897,1,0,360.06431192,0,3421.50
R9_1,39,1.30007554077,0,1,199.892342134,0,3436.10
R9_1,40,1.08471721211,0,1,166.780050297,0,3507.90
R9_1,41,1.33181613738,0,1,204.772598701,0,3505.00
R9_1,42,1.40872708163,0,1,216.597995227,0,3462.50
R9_1,43,3.80119189064,1,0,430.695594391,0,3518.00
R9_1,44,1.27048647244,0,1,195.342892517,0,3529.80
R9_1,45,1.25038143319,0,1,192.251654156,0,3507.00
R9_1,46,1.37554912222,0,1,211.496737796,0,3461.50
R9_1,47,1.28619142148,0,1,197.757597624,0,3424.70
R9_1,48,3.21648603585,1,0,340.794493179,0,3460.50
R9_1,49,2.81973416241,1,0,279.792144669,0,3391.00
R9_1,50,2.73165081551,1,0,266.248942015,0,3520.50
R9_1,51,3.39474034211,1,0,368.201878102,0,3430.60
R9_1,52,1.31334976731,0,1,201.933312946,0,3538.50
R9_1,53,1.31334976731,0,1,201.933312946,0,3388.80
R9_1,54,1.69992599954,0,1,261.371111789,0,3638.40
R9_1,55,2.47875924912,1,0,227.365749519,0,3409.00
R9_1,56,2.73746062016,1,0,267.142225076,0,3401.70
R9_1,57,0.96296390039,0,1,148.059942213,0,3399.70
R9_1,58,1.18605685471,0,1,182.361466819,0,3400.60
R9_1,59,1.09142318167,0,1,167.811122662,0,3444.90
R9_1,60,2.50633677732,1,0,231.605915977,0,3387.80
R9_1,61,3.0425877203,1,0,314.05686102,0,3390.80
R9_1,62,1.26267795329,0,1,194.142298296,0,3379.80
R9_1,63,1.2585869027,0,1,193.513281243,0,3393.20
R9_1,64,1.0655898968,0,1,163.8391413,0,3446.60
R9_2,1,1.04758662502,0,1,141.846827651,0,3461.70
R9_2,2,1.37492668337,0,1,186.169796016,0,3398.10
R9_2,3,1.06881461062,0,1,144.721169823,0,3388.40
R9_2,4,2.54390818342,1,0,209.0504716,0,3386.40
R9_2,5,1.43160020454,0,1,193.843585465,0,3451.30
R9_2,6,1.23368721896,0,1,167.045487354,0,3459.30
R9_2,7,1.40719292655,0,1,190.538756182,0,3442.90
R9_2,8,1.44517860297,0,1,195.682147256,0,3380.60
R9_2,9,1.08078377073,0,1,146.341835218,0,3398.60
R9_2,10,1.24643456334,0,1,168.771521573,0,3547.90
R9_2,11,1.11717797282,0,1,151.269735201,0,3421.50
R9_2,12,1.38858677188,0,1,188.019418925,0,3475.20
R9_2,13,1.28758171869,0,1,174.342987755,0,3420.30
R9_2,14,1.45215415698,0,1,196.626661231,0,3408.90
R9_2,15,1.08423944071,0,1,146.809744804,0,3633.60
R9_2,16,4.34759612968,2,0,317.872580317,0,3672.20
R9_2,17,2.5676980556,1,0,212.271702016,0,3464.70
R9_2,18,1.56038948899,0,1,211.28209699,0,3470.40
R9_2,19,3.47238167475,2,0,199.365536622,0,3418.70
R9_2,20,2.4407179138,1,0,195.078154619,0,3455.70
R9_2,21,1.24783125232,0,1,168.960638058,0,3402.60
R9_2,22,2.15881305687,1,0,156.907268603,0,3380.90
R9_2,23,2.54200974014,1,0,208.793415859,0,3349.10
R9_2,24,1.33253970139,0,1,180.43045305,0,6384.80
R9_2,25,3.02507987482,1,0,274.202771516,0,7364.20
R9_2,26,1.28078038924,0,1,173.422064384,0,5468.50
R9_2,27,4.5681539273,2,0,347.736863765,0,4225.40
R9_2,28,2.63423882793,1,0,221.281551167,0,4230.00
R9_2,29,2.33464410874,1,0,180.715397034,0,4228.60
R9_2,30,1.08935405639,0,1,147.502281337,0,4233.20
R9_2,31,2.47400367439,1,0,199.585160945,0,4198.00
R9_2,32,1.1090735049,0,1,150.172362404,0,4199.90
R9_2,33,2.68493700324,1,0,228.14625826,0,4242.70
R9_2,34,1.28331143226,0,1,173.764776304,0,4191.80
R9_2,35,0.981940665423,0,1,132.958139218,0,4190.50
R9_2,36,1.06026325018,0,1,143.563286245,0,4195.40
R9_2,37,1.00232823012,0,1,135.718685512,0,4584.90
R9_2,38,1.09873832736,0,1,148.772943862,0,4198.40
R9_2,39,1.01207322319,0,1,137.038191049,0,4197.80
R9_2,40,0.890116013636,0,1,120.524765934,0,4204.30
R9_2,41,3.09781763591,1,0,284.051714232,0,4314.90
R9_2,42,2.4928031439,1,0,202.130673695,0,4208.60
R9_2,43,2.4632555572,1,0,198.129828956,0,4209.60
R9_2,44,1.16787073934,0,1,158.133709925,0,4281.90
R9_2,45,2.66539786955,1,0,225.500592439,0,4195.60
R9_2,46,1.13202204771,0,1,153.279673932,0,4202.20
R9_2,47,2.55523648784,1,0,210.584362933,0,4272.40
R9_2,48,1.02283081261,0,1,138.494805611,0,4278.00
R9_2,49,1.07320234694,0,1,145.315284394,0,4184.70
R9_2,50,2.5097101222,1,0,204.419936636,0,4222.60
R9_2,51,1.33250825993,0,1,180.426195768,0,4334.50
R9_2,52,2.28355207554,1,0,173.79736023,0,4214.20
R9_2,53,1.32229541432,0,1,179.04334139,0,4215.30
R9_2,54,1.31681290607,0,1,178.300990939,0,4219.30
R9_2,55,1.38945445297,0,1,188.136905925,0,4252.40
R9_2,56,1.37632074456,0,1,186.358556689,0,4191.30
R9_2,57,0.991258961161,0,1,134.21986847,0,4200.20
R9_2,58,1.30588530216,0,1,176.821355832,0,4278.20
R9_2,59,4.38242785944,2,0,322.58891618,0,4209.90
R9_2,60,0.917661194752,0,1,124.254478079,0,4198.70
R9_2,61,2.34966154286,1,0,182.748809201,0,4224.90
R9_2,62,1.30588530216,0,1,176.821355832,0,4242.90
R9_2,63,1.15716855029,0,1,156.684596764,0,4201.00
R9_2,64,1.1787135595,0,1,159.601865022,0,4202.40
R9_3,1,1.11233694419,0,1,179.516625634,0,3489.40
R9_3,2,3.14858475862,1,0,346.753461501,0,3513.90
R9_3,3,1.49629045316,0,1,241.481697179,0,3584.20
R9_3,4,1.37928114553,0,1,222.597926229,0,3626.50
R9_3,5,1.27688124614,0,1,206.071922576,0,3602.10
R9_3,6,1.16870935596,0,1,188.614395147,0,3438.00
R9_3,7,1.183665944,0,1,191.028192719,0,3433.00
R9_3,8,1.1701636011,0,1,188.849091281,0,3387.50
R9_3,9,1.17774136418,0,1,190.072043071,0,3388.50
R9_3,10,3.18758349245,1,0,353.047346766,0,3459.70
R9_3,11,1.37928114553,0,1,222.597926229,0,3716.40
R9_3,12,2.67690160093,1,0,270.629972769,0,7324.50
R9_3,13,0.909090909091,0,1,146.71537545,1,4208.00
R9_3,14,1.51243936528,0,1,244.087920255,0,4247.70
R9_3,15,1.43886323762,0,1,232.213696141,0,4233.30
R9_3,16,0.974918377521,0,1,157.33906737,0,4197.80
R9_3,17,1.15646831334,0,1,186.638851067,0,4210.70
R9_3,18,1.30125621754,0,1,210.005723963,0,4240.80
R9_3,19,1.2691737536,0,1,204.828034148,0,4224.40
R9_3,20,1.12221048588,0,1,181.110086046,0,4151.70
R9_3,21,1.44624404982,0,1,233.404862637,0,3388.60
R9_3,22,1.35334685441,0,1,218.412471044,0,3435.20
R9_3,23,1.38307567953,0,1,223.210314358,0,3425.50
R9_3,24,2.9092898149,1,0,308.134389239,0,3428.80
R9_3,25,1.43697942483,0,1,231.90967341,0,3454.50
R9_3,26,1.10093185463,0,1,177.675993436,0,3421.60
R9_3,27,2.87442142003,1,0,302.50708663,0,3392.10
R9_3,28,1.16393747195,0,1,187.844275517,0,3404.60
R9_3,29,1.56655138595,0,1,252.820892226,0,3395.90
R9_3,30,1.32162879707,0,1,213.293591684,0,3459.90
R9_3,31,1.31985591725,0,1,213.007472082,0,3438.20
R9_3,32,2.42509285589,1,0,229.991336743,0,3453.90
R9_3,33,1.16190966525,0,1,187.517014053,0,3410.90
R9_3,34,1.30326798593,0,1,210.330397055,0,3429.20
R9_3,35,1.44955193792,0,1,233.938712487,0,3438.90
R9_3,36,1.35334685441,0,1,218.412471044,0,3436.30
R9_3,37,2.69609552035,1,0,273.727620174,0,3465.10
R9_3,38,3.36611602852,1,0,381.860161631,0,3401.40
R9_3,39,1.41749332229,0,1,228.764871476,0,3475.80
R9_3,40,2.91227699413,1,0,308.616480873,0,3473.00
R9_3,41,0.972015857395,0,1,156.870638607,0,3509.00
R9_3,42,1.12351789946,0,1,181.321085489,0,3460.40
R9_3,43,1.15855076002,0,1,186.974930707,0,3435.00
R9_3,44,1.01943574742,0,1,164.523588273,0,3505.00
R9_3,45,2.99357835496,1,0,321.737456521,0,3427.50
R9_3,46,1.05030228254,0,1,169.505043091,0,3429.20
R9_3,47,3.25363300968,1,0,363.706874456,0,3440.40
R9_3,48,1.4193092288,0,1,229.057935021,0,3426.20
R9_3,49,2.78387395502,1,0,287.893910773,0,3390.40
R9_3,50,1.13812486344,0,1,183.678458313,0,3392.70
R9_3,51,2.55406821655,1,0,250.806272052,0,3395.50
R9_3,52,0.992547633004,0,1,160.184198491,0,3420.60
R9_3,53,2.9471341789,1,0,314.24197432,0,3449.50
R9_3,54,1.17655194538,0,1,189.880086443,0,3443.90
R9_3,55,1.0412360609,0,1,168.041873568,0,3410.30
R9_3,56,2.99313766539,1,0,321.666334991,0,3518.90
R9_3,57,1.12151250426,0,1,180.997440948,0,3487.30
R9_3,58,1.38000229511,0,1,222.714310333,0,3396.30
R9_3,59,1.47161861488,0,1,237.499985362,0,3531.00
R9_3,60,1.33168042454,0,1,214.915792813,0,3572.80
R9_3,61,2.77154059005,1,0,285.903467073,0,3347.80
R9_3,62,1.40358971528,0,1,226.521011261,0,3416.60
R9_3,63,1.1876969542,0,1,191.678745011,0,3504.80
R9_3,64,1.34448206798,0,1,216.981810528,0,3441.50
R9_4,1,2.80897468345,1,0,235.589250303,0,4239.10
R9_4,2,2.96757266108,1,0,256.244032811,0,4211.40
R9_4,3,1.41838134792,0,1,184.720881645,0,4205.40
R9_4,4,2.59422423733,1,0,207.621530762,0,4303.60
R9_4,5,1.30789230383,0,1,170.331497813,0,4213.70
R9_4,6,1.21928357834,0,1,158.791666217,0,4214.00
R9_4,7,1.04913221554,0,1,136.632244989,0,4214.80
R9_4,8,1.37673548529,0,1,179.297191837,0,4232.10
R9_4,9,2.89096482047,1,0,246.267119424,0,4218.30
R9_4,10,1.05332852877,0,1,137.178745887,0,4219.70
R9_4,11,1.02889414353,0,1,133.996568406,0,4254.70
R9_4,12,2.72212691337,1,0,224.278754236,0,4213.30
R9_4,13,2.71561750315,1,0,223.431010435,0,4206.10
R9_4,14,1.15358038004,0,1,150.234903442,0,4201.20
R9_4,15,0.969862479834,0,1,126.308663472,0,4260.50
R9_4,16,1.11610741088,0,1,145.354664493,0,4213.80
R9_4,17,1.26243226457,0,1,164.411074123,0,4211.40
R9_4,18,2.70528216787,1,0,222.085002714,0,4215.90
R9_4,19,1.10957108085,0,1,144.503414828,0,4248.00
R9_4,20,0.923463432763,0,1,120.265949434,0,4212.50
R9_4,21,0.99458478923,0,1,129.528338346,0,4199.20
R9_4,22,1.15992877079,0,1,151.061677101,0,4373.20
R9_4,23,2.62727113946,1,0,211.925347156,0,4230.40
R9_4,24,2.47248976543,1,0,191.7676146,0,4219.30
R9_4,25,1.17036648475,0,1,152.421017963,0,4225.30
R9_4,26,1.41466359811,0,1,184.236705775,0,4222.30
R9_4,27,1.08346329029,0,1,141.103303781,0,4668.60
R9_4,28,1.07044812107,0,1,139.40829169,0,7243.10
R9_4,29,1.29623109227,0,1,168.812816476,0,7454.70
R9_4,30,1.44872850331,0,1,188.673100354,0,7093.10
R9_4,31,1.27548010828,0,1,166.110341529,0,4253.50
R9_4,32,1.11367108373,0,1,145.037372883,0,4221.30
R9_4,33,1.22549882948,0,1,159.601100627,0,4208.30
R9_4,34,2.90952830447,1,0,248.684708415,0,4225.60
R9_4,35,2.9745919825,1,0,257.158184174,0,4300.20
R9_4,36,1.03941431348,0,1,135.366647808,0,4209.70
R9_4,37,1.24596163611,0,1,162.266045204,0,4231.20
R9_4,38,2.40984408919,1,0,183.609043871,0,4258.40
R9_4,39,1.19028953313,0,1,155.015667891,0,4210.50
R9_4,40,2.86215225449,1,0,242.51475579,0,4226.80
R9_4,41,2.9193341044,1,0,249.961752851,0,4237.90
R9_4,42,2.5982176959,1,0,208.141613171,0,4258.00
R9_4,43,1.09803630049,0,1,143.00119908,0,4195.30
R9_4,44,2.89458315619,1,0,246.738348241,0,4294.80
R9_4,45,2.37359814365,1,0,178.8886046,0,4221.20
R9_4,46,1.11075737819,0,1,144.657910578,0,4230.30
R9_4,47,2.83347334592,1,0,238.779798837,0,4223.60
R9_4,48,1.16888976722,0,1,152.228699752,0,4208.50
R9_4,49,1.22037360317,0,1,158.933624053,0,4222.60
R9_4,50,1.13079411612,0,1,147.267366703,0,4213.60
R9_4,51,1.19469267884,0,1,155.589105323,0,4213.10
R9_4,52,1.08957775408,0,1,141.899612294,0,4280.70
R9_4,53,1.2615977227,0,1,164.302388747,0,4248.10
R9_4,54,2.2434092769,1,0,161.933642326,0,4224.70
R9_4,55,3.15056032815,1,0,280.075171906,0,4231.00
R9_4,56,1.28609621536,0,1,167.492915167,0,4268.70
R9_4,57,1.07285610136,0,1,139.721891586,0,4203.20
R9_4,58,2.88004215901,1,0,244.844622112,0,4232.30
R9_4,59,1.08735453712,0,1,141.610074788,0,4211.00
R9_4,60,1.12711955709,0,1,146.788815724,0,4227.30
R9_4,61,2.9209355429,1,0,250.170313921,0,4261.20
R9_4,62,1.26057216265,0,1,164.16882639,0,4219.00
R9_4,63,1.22439622537,0,1,159.457504546,0,4219.00
R9_4,64,3.14339483112,1,0,279.14198357,0,4235.00
R9_5,1,1.91783927402,0,1,263.727779899,0,4211.90
R9_5,2,1.48014919668,0,1,203.539716204,0,4194.30
R9_5,3,1,1,0,0,0,4277.30
R9_5,4,0.972706308498,0,1,133.75973613,0,4184.60
R9_5,5,1.31063897935,0,1,180.229862302,0,4200.10
R9_5,6,1.35396255494,0,1,186.187415973,0,4207.00
R9_5,7,1.10492340791,0,1,151.941302524,0,4247.40
R9_5,8,1.69421559189,0,1,232.976622583,0,4217.90
R9_5,9,0.936578705536,0,1,128.791722047,0,4204.30
R9_5,10,1.66951001809,0,1,229.579285685,0,4257.30
R9_5,11,1.22248350805,0,1,168.107341375,0,4187.90
R9_5,12,1.06246092512,0,1,146.102160283,0,4202.00
R9_5,13,3.06996166491,2,0,147.13360931,0,4212.40
R9_5,14,2.72108712336,1,0,236.671806759,0,4239.90
R9_5,15,1.67173972152,0,1,229.885898833,0,4194.50
R9_5,16,1.70183242498,0,1,234.024035945,0,4207.50
R9_5,17,1.98397395239,0,1,272.822156126,0,4196.30
R9_5,18,1.52977535179,0,1,210.363956321,0,4243.90
R9_5,19,2.09992305038,0,1,288.766661282,0,4190.40
R9_5,20,1.45657121824,0,1,200.297438296,0,4185.40
R9_5,21,3.41489002185,1,0,332.078705858,0,4235.10
R9_5,22,1.20433683728,0,1,165.611938731,0,4194.90
R9_5,23,2.06537382422,0,1,284.015694486,0,4200.30
R9_5,24,1.24587467753,0,1,171.323930628,0,4203.20
R9_5,25,2.72687155015,1,0,237.467240483,0,4272.90
R9_5,26,1.22673565549,0,1,168.69206681,0,4195.20
R9_5,27,1.53837964999,0,1,211.547158945,0,4198.70
R9_5,28,1.42563531524,0,1,196.043350309,0,4207.60
R9_5,29,1.60853751866,0,1,221.19477603,0,4233.30
R9_5,30,0.941330559833,0,1,129.445163658,0,3725.50
R9_5,31,1.39486344274,0,1,191.811818643,0,3414.30
R9_5,32,1.32191729043,0,1,181.780776386,0,3431.00
R9_5,33,1.35169041594,0,1,185.874967384,0,3487.60
R9_5,34,2.83597250189,1,0,252.47003669,0,3499.00
R9_5,35,1.66167365693,0,1,228.501684366,0,3419.80
R9_5,36,3.0932720728,1,0,287.852065584,0,3452.00
R9_5,37,1.23169962125,0,1,169.374676499,0,3460.50
R9_5,38,1.32509465918,0,1,182.217705808,0,3526.30
R9_5,39,1.3683653295,0,1,188.167984319,0,3435.90
R9_5,40,1.3274256839,0,1,182.538251947,0,3443.00
R9_5,41,0.957820135736,0,1,131.712694261,0,3421.50
R9_5,42,1.47578540801,0,1,202.939638652,0,3446.30
R9_5,43,6.25711449554,2,0,585.408469778,0,3501.90
R9_5,44,1.22248350805,0,1,168.107341375,0,3439.80
R9_5,45,1.08504868403,0,1,149.208270159,0,3466.50
R9_5,46,1.4262161392,0,1,196.123221138,0,3445.70
R9_5,47,1.15740297668,0,1,159.157924036,0,3416.90
R9_5,48,1.24071598921,0,1,170.614544061,0,3209.40
R9_5,49,1.12510234158,0,1,154.716167681,0,3392.90
R9_5,50,1.34777503802,0,1,185.336552126,0,3480.50
R9_5,51,1.06531256444,0,1,146.494297684,0,3411.70
R9_5,52,1.36906865642,0,1,188.264700894,0,3393.30
R9_5,53,1.18069584775,0,1,162.360995982,0,3405.60
R9_5,54,1.28351754846,0,1,176.500313714,0,3378.80
R9_5,55,1.53539754909,0,1,211.137081385,0,3433.30
R9_5,56,1.02637093294,0,1,141.13931817,0,3796.90
R9_5,57,2.92919489246,1,0,265.289324748,0,3723.20
R9_5,58,1.96357379734,0,1,270.016870159,0,3372.10
R9_5,59,1.09366309468,0,1,150.392863377,0,3419.30
R9_5,60,1.48881303597,0,1,204.7311065,0,3494.40
R9_5,61,1.07717351878,0,1,148.125332775,0,3443.40
R9_5,62,1.07895050102,0,1,148.369690886,0,3292.70
R9_5,63,1.88800005231,0,1,259.624499815,0,3672.60
R9_5,64,1.15740297668,0,1,159.157924036,0,3625.90
R9_6,1,1.10736736668,0,1,165.367027587,0,3483.20
R9_6,2,0.989952837384,0,1,147.833106786,0,3501.20
R9_6,3,2.24228768517,1,0,185.515148888,0,3500.80
R9_6,4,1.39361671111,0,1,208.113639652,0,3669.70
R9_6,5,0.98982439632,0,1,147.813926234,0,3207.40
R9_6,6,1.30629645828,0,1,195.073802022,0,3484.20
R9_6,7,2.8788468438,1,0,280.574746195,0,3656.80
R9_6,8,2.95448210841,1,0,291.869623816,0,3589.10
R9_6,9,1.69546030568,0,1,253.18899543,0,3653.40
R9_6,10,1.3773327517,0,1,205.68189925,0,3552.90
R9_6,11,1.26028214362,0,1,188.202324072,0,3425.80
R9_6,12,2.51142063327,1,0,225.705709847,0,3437.20
R9_6,13,1.10546377818,0,1,165.082758082,0,3423.90
R9_6,14,1.68816003463,0,1,252.098820515,0,3460.90
R9_6,15,0.969776743661,0,1,144.820140405,0,3469.00
R9_6,16,2.55205989329,1,0,231.774512156,0,3448.90
R9_6,17,2.5785226995,1,0,235.726295219,0,3503.00
R9_6,18,1.1757506119,0,1,175.578935883,0,3463.10
R9_6,19,3.23831811894,1,0,334.255844321,0,3434.20
R9_6,20,1.53929046182,0,1,229.867608459,0,3506.40
R9_6,21,1.02042235133,0,1,152.383225477,0,3434.60
R9_6,22,1.21351185171,0,1,181.217953407,0,3572.30
R9_6,23,1.18886805084,0,1,177.537808748,0,3557.00
R9_6,24,3.10107713938,1,0,313.761170614,0,3413.00
R9_6,25,1.38183994978,0,1,206.354974846,0,3434.70
R9_6,26,2.84897403908,1,0,276.113736171,0,3479.20
R9_6,27,2.71419021635,1,0,255.985998256,0,3546.70
R9_6,28,1.73466872911,0,1,259.044125926,0,3446.20
R9_6,29,1.36220562827,0,1,203.422913196,0,3441.90
R9_6,30,0.974913618739,0,1,145.58724786,0,3466.40
R9_6,31,1.11903214822,0,1,167.108970061,0,3598.40
R9_6,32,2.83609856239,1,0,274.190996371,0,3483.40
R9_6,33,4.22807066615,2,0,332.725556487,0,3446.80
R9_6,34,1.07872998884,0,1,161.090508165,0,3450.30
R9_6,35,1.30478361079,0,1,194.847883234,0,3429.70
R9_6,36,0.994438489755,0,1,148.502964885,0,3605.20
R9_6,37,3.42852038954,1,0,362.659412167,0,3608.10
R9_6,38,1.37067183144,0,1,204.687200817,0,3452.80
R9_6,39,1.49156100728,0,1,222.740002695,0,3247.00
R9_6,40,2.32176823439,1,0,197.384256261,0,3528.60
R9_6,41,1.07172931315,0,1,160.045072869,0,3611.40
R9_6,42,0.935896649997,0,1,139.760707959,0,3800.00
R9_6,43,1.17781096702,0,1,175.886615893,0,3524.10
R9_6,44,1.01760356454,0,1,151.962286223,0,3556.00
R9_6,45,0.982165980686,0,1,146.670268341,0,3502.30
R9_6,46,0.972603117305,0,1,145.24221263,0,3473.40
R9_6,47,1.34500170616,0,1,200.85379156,0,3588.70
R9_6,48,1.3216884675,0,1,197.372344393,0,3255.10
R9_6,49,0.930043138515,0,1,138.886582693,0,3537.50
R9_6,50,1.21886798366,0,1,182.017803255,0,3503.70
R9_6,51,1.43383253797,0,1,214.119209213,0,3577.80
R9_6,52,1.59221278261,0,1,237.770683036,0,3589.00
R9_6,53,0.993223064502,0,1,148.321461197,0,3527.00
R9_6,54,1.6509400184,0,1,246.540625796,0,3434.70
R9_6,55,2.70914428718,1,0,255.232472071,0,3571.70
R9_6,56,1.06283431378,0,1,158.716751618,0,3555.40
R9_6,57,1.19212849524,0,1,178.024702273,0,3553.00
R9_6,58,1.32397356194,0,1,197.713585509,0,3624.70
R9_6,59,2.49497332497,1,0,223.249575986,0,3413.80
R9_6,60,1.18542939666,0,1,177.024302539,0,3437.50
R9_6,61,0.946203067487,0,1,141.299801197,0,3536.50
R9_6,62,1.72974423933,0,1,258.308734707,0,3426.50
R9_6,63,1.45970672403,0,1,217.983091578,0,3405.10
R9_6,64,1.10027029757,0,1,164.307197526,0,3600.60
R9_7,1,4.16469414172,2,0,317.709399512,0,3489.90
R9_7,2,1.22868150237,0,1,180.332017714,0,3541.10
R9_7,3,0.944847568749,0,1,138.674073123,0,3520.30
R9_7,4,1.37879344653,0,1,202.363756387,0,3562.70
R9_7,5,1.0619221733,0,1,155.85696358,0,3287.10
R9_7,6,1.04734211503,0,1,153.717067014,0,3405.90
R9_7,7,1.30720545437,0,1,191.856878043,0,3458.20
R9_7,8,2.52413835315,1,0,223.695843038,0,3523.40
R9_7,9,2.60876014143,1,0,236.115675023,0,3520.80
R9_7,10,1.21187552438,0,1,177.865425749,0,3254.60
R9_7,11,2.57396723259,1,0,231.009164149,0,3384.30
R9_7,12,3.02515635748,1,0,297.22961681,0,3737.10
R9_7,13,1.0814691947,0,1,158.725854991,0,3565.70
R9_7,14,2.74244631759,1,0,255.736624668,0,3510.80
R9_7,15,2.49662199774,1,0,219.657302634,0,3472.90
R9_7,16,2.46504909353,1,0,215.023387734,0,3440.40
R9_7,17,1.17043548974,0,1,171.783324694,0,3509.70
R9_7,18,1.32244944357,0,1,194.094218903,0,3604.30
R9_7,19,1.07796902909,0,1,158.212140147,0,3571.70
R9_7,20,1.04395465581,0,1,153.219893944,0,3496.90
R9_7,21,1.31439289195,0,1,192.911769093,0,3484.00
R9_7,22,1.20775191412,0,1,177.260208728,0,3437.10
R9_7,23,1.1419396582,0,1,167.601027828,0,3462.10
R9_7,24,0.953708021436,0,1,139.974510468,0,3531.50
R9_7,25,2.60013303156,1,0,234.849485107,0,3441.70
R9_7,26,0.945450759075,0,1,138.762602598,0,3476.60
R9_7,27,2.67990187508,1,0,246.557056576,0,3599.70
R9_7,28,2.60064959162,1,0,234.925299968,0,3331.70
R9_7,29,1.13771738382,0,1,166.98133,0,3352.40
R9_7,30,1.1294065967,0,1,165.76156637,0,3317.30
R9_7,31,1.07119512847,0,1,157.217943388,0,3398.90
R9_7,32,1.18818049247,0,1,174.387736123,0,3494.10
R9_7,33,1.02666330802,0,1,150.682064873,0,3523.10
R9_7,34,1.08670010715,0,1,159.493589343,0,3514.70
R9_7,35,1.3208430431,0,1,193.858449554,0,3412.50
R9_7,36,2.47537800766,1,0,216.539349293,0,3413.50
R9_7,37,1.18330015752,0,1,173.671455585,0,3407.40
R9_7,38,2.31878941286,1,0,193.557040862,0,3404.50
R9_7,39,2.50253480148,1,0,220.525117301,0,3547.50
R9_7,40,1.17312742612,0,1,172.178416766,0,3465.40
R9_7,41,2.79065700984,1,0,262.812446509,0,3420.80
R9_7,42,2.40936555906,1,0,206.850786368,0,3398.90
R9_7,43,2.53354369318,1,0,225.076252805,0,3410.40
R9_7,44,1.06257302673,0,1,155.952488508,0,3430.00
R9_7,45,1.32420937277,0,1,194.352521469,0,3392.40
R9_7,46,1.05523830888,0,1,154.875981319,0,3382.20
R9_7,47,2.49065636559,1,0,218.781734409,0,3404.30
R9_7,48,2.34828412529,1,0,197.885942204,0,3523.00
R9_7,49,1.17695170896,0,1,172.739701882,0,3402.20
R9_7,50,1.19313546507,0,1,175.114971136,0,3401.30
R9_7,51,1.18141810936,0,1,173.395229776,0,3448.30
R9_7,52,1.05587544653,0,1,154.969493201,0,3449.70
R9_7,53,1.10675911811,0,1,162.437624809,0,3445.60
R9_7,54,0.978227917599,0,1,143.573264368,0,3422.00
R9_7,55,2.96363245213,1,0,288.199831655,0,3524.00
R9_7,56,1.22755248779,0,1,180.166313683,0,3601.10
R9_7,57,1.07809349248,0,1,158.23040748,0,3627.00
R9_7,58,1.30302894529,0,1,191.24389713,0,3399.00
R9_7,59,0.946063775886,0,1,138.852574294,0,3375.70
R9_7,60,1.02199260135,0,1,149.996551209,0,3467.10
R9_7,61,1.27399511207,0,1,186.98263844,0,3571.90
R9_7,62,1.2923650561,0,1,189.678771708,0,3434.00
R9_7,63,1.47319108127,0,1,216.218376894,0,3398.10
R9_7,64,2.4660344456,1,0,215.168006602,0,3391.80
R9_8,1,1.06435043599,0,1,127.863904515,0,3432.80
R9_8,2,2.48566639088,1,0,178.47797034,0,3536.00
R9_8,3,1.69562742508,0,1,203.701277176,0,3610.70
R9_8,4,3.31153820018,1,0,277.692656212,0,3812.60
R9_8,5,1.18661993827,0,1,142.552540359,0,3648.50
R9_8,6,1.44743369757,0,1,173.884951647,0,3400.50
R9_8,7,1.28259588885,0,1,154.082445704,0,3488.40
R9_8,8,1.49256162858,0,1,179.306317832,0,3431.90
R9_8,9,1.46173570199,0,1,175.60309829,0,3449.10
R9_8,10,1.44758350223,1,0,53.7696723343,0,3424.50
R9_8,11,1.44481941309,0,1,173.570889089,0,3415.60
R9_8,12,2.90385627419,1,0,228.716490943,0,3619.50
R9_8,13,1.06355831913,0,1,127.768744922,0,3530.70
R9_8,14,2.86803639357,1,0,224.413331344,0,3470.40
R9_8,15,1.64439739974,0,1,197.54684641,0,3525.00
R9_8,16,1.04227462317,0,1,125.211864804,0,3437.20
R9_8,17,1.40072753309,0,1,168.273987107,0,3484.40
R9_8,18,3.96122319212,1,0,355.741442557,0,3521.10
R9_8,19,1.74751151262,0,1,209.934282575,0,3490.00
R9_8,20,2.51241927734,1,0,181.691882228,0,3423.70
R9_8,21,1.46084163151,0,1,175.495690674,0,3512.30
R9_8,22,1.23689925514,0,1,148.592759401,0,3587.40
R9_8,23,1.30517921715,0,1,156.795454912,0,3526.10
R9_8,24,1.54272440007,0,1,185.332535895,0,3316.30
R9_8,25,1.4950544439,0,1,179.605787902,0,3358.10
R9_8,26,1.30036060413,0,1,156.216579145,0,3498.20
R9_8,27,1.27959359487,0,1,153.721770293,0,3592.40
R9_8,28,1.72741638749,0,1,207.520189366,0,3523.40
R9_8,29,1.86969955235,0,1,224.613132057,0,3582.50
R9_8,30,1.33253090602,0,1,160.081302895,0,3478.20
R9_8,31,1.57094295302,0,1,188.722523101,0,3451.90
R9_8,32,2.53756164008,1,0,184.712316625,0,3517.90
R9_8,33,1.35943899045,0,1,163.313859225,0,3456.70
R9_8,34,1.88302573695,0,1,226.214050268,0,3497.30
R9_8,35,1.88601445819,0,1,226.573095141,0,3438.00
R9_8,36,1.94985363222,0,1,234.242304244,0,3478.70
R9_8,37,1.30036060413,0,1,156.216579145,0,3521.70
R9_8,38,1.28892872682,0,1,154.843230275,0,3534.70
R9_8,39,1.81980888104,0,1,218.619602279,0,3493.50
R9_8,40,1.1214525588,0,1,134.723769586,0,3379.80
R9_8,41,1.12879078093,0,1,135.605334249,0,3473.50
R9_8,42,1.85238737907,0,1,222.533363969,0,3557.00
R9_8,43,1,1,0,0,0,3630.30
R9_8,44,1.48674187954,0,1,178.607172316,0,3497.30
R9_8,45,3.12692969379,1,0,255.515031592,0,3668.20
R9_8,46,1.29165419432,0,1,155.170649614,0,3689.10
R9_8,47,1.45024488114,0,1,174.222668339,0,3528.60
R9_8,48,1.51166776959,0,1,181.60160114,0,3499.60
R9_8,49,1.01677780277,0,1,122.148848247,0,3415.00
R9_8,50,1.52234879902,0,1,182.884748195,0,3505.10
R9_8,51,1.558733049,0,1,187.255707334,0,3633.40
R9_8,52,1.12879078093,0,1,135.605334249,0,3557.80
R9_8,53,1.36810156041,0,1,164.354522132,0,3485.90
R9_8,54,1.43496287966,0,1,172.386791439,0,3461.90
R9_8,55,2.07788500756,0,1,249.623132773,0,3574.00
R9_8,56,2.4810785362,1,0,177.926816327,0,3474.60
R9_8,57,1.18676118362,0,1,142.569508626,0,3514.70
R9_8,58,1.06115863589,0,1,127.480463113,0,3485.00
R9_8,59,1.83323349141,0,1,220.232344699,0,3541.80
R9_8,60,1.52362226465,0,1,183.037733792,0,3565.50
R9_8,61,1.5469633471,0,1,185.841774489,0,3561.10
R9_8,62,1,1,0,0,0,3405.70
R9_8,63,1.7702420234,0,1,212.664973298,0,3406.00
R9_8,64,1.45313900682,0,1,174.570349137,0,3509.20
R9_9,1,2.89947922838,1,0,228.056599481,0,3512.80
R9_9,2,1.00846289921,0,1,121.07877573,0,3516.80
R9_9,3,2.93840070595,1,0,232.729617058,0,3403.00
R9_9,4,0.909090909091,0,1,109.147906568,1,3420.30
R9_9,5,1.36389998332,0,1,163.753510742,0,3430.30
R9_9,6,3.10486647441,1,0,252.715946215,0,3422.30
R9_9,7,1.31628831057,0,1,158.037124892,0,3482.30
R9_9,8,2.55887057178,1,0,187.162205472,0,3483.00
R9_9,9,1.12335354402,0,1,134.872856432,0,3545.20
R9_9,10,2.63622047491,1,0,196.449043471,0,3402.30
R9_9,11,2.90082450174,1,0,228.218116629,0,3423.30
R9_9,12,2.65395908581,1,0,198.578788941,0,3406.90
R9_9,13,2.39745846313,1,0,167.782632342,0,3454.90
R9_9,14,2.85261673217,1,0,222.430161787,0,3398.00
R9_9,15,2.68460445369,1,0,202.258154466,0,3430.10
R9_9,16,2.32373210946,1,0,158.930847465,0,3408.30
R9_9,17,0.959425582873,0,1,115.191223266,0,3447.50
R9_9,18,1.21223087181,0,1,145.543708129,0,3468.80
R9_9,19,2.74455084375,1,0,209.455479746,0,3643.00
R9_9,20,1.10382118557,0,1,132.527748794,0,3400.30
R9_9,21,3.14014681084,1,0,256.951798565,0,3488.90
R9_9,22,1.13304888244,0,1,136.036904912,0,3523.60
R9_9,23,2.48690010826,1,0,178.5212375,0,3597.20
R9_9,24,2.71780572201,1,0,206.244388292,0,3401.90
R9_9,25,1.04359487949,0,1,125.296816041,0,3458.80
R9_9,26,1.33587419567,0,1,160.388659085,0,3603.40
R9_9,27,2.81476712957,1,0,217.88583641,0,3562.60
R9_9,28,1.33838254746,0,1,160.689818566,0,3525.50
R9_9,29,1.43043609368,0,1,171.742015614,0,3375.10
R9_9,30,0.958507521995,0,1,115.080998401,0,3646.30
R9_9,31,2.65457881813,1,0,198.653195675,0,3590.50
R9_9,32,1.43280991934,0,1,172.027023526,0,3729.10
R9_9,33,2.59314196424,1,0,191.276921288,0,3448.20
R9_9,34,1.19775107431,0,1,143.805224586,0,3415.90
R9_9,35,1.17431511677,0,1,140.99144031,0,3560.90
R9_9,36,3.00253214821,1,0,240.429410992,0,3568.00
R9_9,37,2.44379586309,1,0,173.346025564,0,3500.80
R9_9,38,1.47062045723,0,1,176.566658689,0,3317.90
R9_9,39,3.21609754772,1,0,266.070648892,0,3468.60
R9_9,40,2.46717428516,1,0,176.152901975,0,3578.20
R9_9,41,1.15876365198,0,1,139.124289502,0,3484.80
R9_9,42,1.18231255932,0,1,141.951634835,0,3437.30
R9_9,43,1.02820902055,0,1,123.449548318,0,3450.80
R9_9,44,2.7078944935,1,0,205.054419465,0,3411.80
R9_9,45,1.2133804071,0,1,145.681724436,0,3420.50
R9_9,46,2.73354965994,1,0,208.134647945,0,3419.90
R9_9,47,1.15882434498,0,1,139.131576467,0,3396.90
R9_9,48,2.68911930341,1,0,202.800219501,0,3440.90
R9_9,49,1.21972926414,0,1,146.443985337,0,3457.40
R9_9,50,1.5026702839,0,1,180.414647323,0,3442.60
R9_9,51,2.7253315837,1,0,207.147963545,0,3471.80
R9_9,52,1.48760225544,0,1,178.605539185,0,3507.30
R9_9,53,1.04222105771,0,1,125.131871293,0,3414.30
R9_9,54,2.81199010716,1,0,217.55241961,0,3464.80
R9_9,55,1.13497266078,0,1,136.267878929,0,3532.30
R9_9,56,1.14198168082,0,1,137.10940078,0,3462.70
R9_9,57,2.63708146919,1,0,196.552416767,0,3592.30
R9_9,58,1.00530826764,0,1,120.700022155,0,3402.00
R9_9,59,2.71815208525,1,0,206.285973597,0,3435.30
R9_9,60,2.76924080562,1,0,212.419823162,0,3441.80
R9_9,61,2.234160766,1,0,148.176670374,0,3515.30
R9_9,62,1.24416131436,0,1,149.377363184,0,3382.80
R9_9,63,0.960391081464,0,1,115.307143631,0,3466.70
R9_9,64,2.42230833972,1,0,170.766175551,0,3455.80
R10_0,1,1.05866859532,0,1,168.720196048,0,5091.80
R10_0,2,4.2593891859,2,0,360.079243004,0,5039.70
R10_0,3,2.679906465,1,0,267.726982145,0,4861.80
R10_0,4,3.03358289036,1,0,324.092454861,0,5334.90
R10_0,5,2.77241358744,1,0,282.469858153,0,5355.60
R10_0,6,2.61554658708,1,0,257.469937336,0,5231.10
R10_0,7,4.50949807174,2,0,399.939139139,0,5069.70
R10_0,8,3.14320522356,1,0,341.562984949,0,5191.50
R10_0,9,2.92990286791,1,0,307.568951859,0,5098.20
R10_0,10,2.7971380017,1,0,286.410192304,0,5070.00
R10_0,11,1.08613159772,0,1,173.096979462,0,5127.20
R10_0,12,1.07704583728,0,1,171.648980259,0,5195.20
R10_0,13,0.965060813951,0,1,153.801907838,0,4959.90
R10_0,14,2.65592251684,1,0,263.904656204,0,4967.40
R10_0,15,3.20808052004,1,0,351.902172103,0,5012.40
R10_0,16,3.89191832142,2,0,301.515348153,0,4980.40
R10_0,17,2.25345807768,1,0,199.763829341,0,4946.90
R10_0,18,1.04141200529,0,1,165.970010328,0,5060.00
R10_0,19,2.4650451583,1,0,233.484498756,0,5019.10
R10_0,20,1.27281024817,0,1,202.847988079,0,5078.60
R10_0,21,1.18333042423,0,1,188.587573154,0,5048.40
R10_0,22,2.80510301828,1,0,287.679578366,0,4929.20
R10_0,23,4.78428493196,2,0,443.731968295,0,5006.90
R10_0,24,1.37225932814,0,1,218.697205051,0,5233.30
R10_0,25,2.53593642486,1,0,244.782452096,0,5121.00
R10_0,26,3.09697820728,1,0,334.195777418,0,5080.10
R10_0,27,3.15349641678,1,0,343.203094183,0,5084.20
R10_0,28,2.86945632511,1,0,297.93557594,0,5147.10
R10_0,29,1.54595644044,0,1,246.379343702,0,4970.80
R10_0,30,1.23636745054,0,1,197.040093155,0,5265.90
R10_0,31,1.0317321962,0,1,164.427337489,0,5159.90
R10_0,32,1.29759110909,0,1,206.797318145,0,5002.00
R10_0,33,3.10487043684,1,0,335.4535634,0,5053.70
R10_0,34,2.80497556843,1,0,287.659266662,0,5153.70
R10_0,35,3.01920623606,1,0,321.801244994,0,5139.40
R10_0,36,2.50252403883,1,0,239.45751439,0,5028.40
R10_0,37,2.83213663341,1,0,291.987930257,0,4966.70
R10_0,38,3.06703512244,1,0,329.423742838,0,4961.10
R10_0,39,2.64759060898,1,0,262.576798616,0,5946.80
R10_0,40,3.17429350213,1,0,346.51752925,0,10728.50
R10_0,41,1.48636406851,0,1,236.882097142,0,6186.50
R10_0,42,3.3050070589,1,0,367.349371266,0,6133.40
R10_0,43,1.19751337529,0,1,190.847912503,0,6148.40
R10_0,44,0.932506410445,0,1,148.613706954,0,6170.90
R10_0,45,1.02287314675,0,1,163.015469255,0,6166.50
R10_0,46,1.17469829732,0,1,187.211869604,0,6240.80
R10_0,47,3.14593166553,1,0,341.997498476,0,6189.10
R10_0,48,1.13191235253,0,1,180.393066226,0,6143.20
R10_0,49,3.10849895425,1,0,336.031840843,0,6156.00
R10_0,50,2.91658039531,1,0,305.44574711,0,6158.60
R10_0,51,1.18340851297,0,1,188.60001817,0,6163.80
R10_0,52,1.23630300096,0,1,197.029821815,0,6119.60
R10_0,53,2.55730152332,1,0,248.187411511,0,6148.00
R10_0,54,1.99293832982,1,0,158.244752334,0,6147.40
R10_0,55,1.09167680643,0,1,173.980720328,0,6159.40
R10_0,56,4.64600157977,2,0,421.693726683,0,6183.80
R10_0,57,0.914134426268,0,1,145.685760677,0,5139.20
R10_0,58,1.41632948724,0,1,225.720673884,0,4992.30
R10_0,59,1.25085137427,0,1,199.34839857,0,5030.30
R10_0,60,1.18556085992,0,1,188.943038073,0,5966.60
R10_0,61,4.06442782684,2,0,329.00821769,0,10819.80
R10_0,62,1.06085327617,0,1,169.06836901,0,10779.20
R10_0,63,2.50313408476,1,0,239.554737515,0,9715.30
R10_0,64,2.92660331508,1,0,307.043101557,0,6184.90
R10_1,1,2.58259949778,1,0,258.488557208,0,6195.60
R10_1,2,2.72220704321,1,0,281.290885305,0,6267.90
R10_1,3,3.13870198783,1,0,349.317683918,0,6180.70
R10_1,4,3.12068441802,1,0,346.374844853,0,6196.30
R10_1,5,2.94876249382,1,0,318.294556568,0,6194.60
R10_1,6,1.00220969664,0,1,163.692544366,0,6166.40
R10_1,7,3.14341120501,1,0,350.08684804,0,6214.10
R10_1,8,1.07055795771,0,1,174.855977324,0,6199.30
R10_1,9,1.10328209978,0,1,180.200864822,0,6249.20
R10_1,10,1.08263436063,0,1,176.828435909,0,6177.20
R10_1,11,1.13993932904,0,1,186.188149866,0,6275.30
R10_1,12,1.57308784385,0,1,256.935003259,0,6170.10
R10_1,13,1.25545128387,0,1,205.054905848,0,6186.90
R10_1,14,2.42214307556,1,0,232.280948062,0,6263.90
R10_1,15,1.33771008893,0,1,218.490370644,0,6179.50
R10_1,16,1.31696194587,0,1,215.101542597,0,6202.00
R10_1,17,1.06862981026,0,1,174.541049856,0,6152.10
R10_1,18,2.89267629659,1,0,309.133906496,0,6192.70
R10_1,19,0.981494438609,0,1,160.309087486,0,6213.40
R10_1,20,1.42684563149,0,1,233.049024191,0,6185.50
R10_1,21,1.33274304264,0,1,217.679094872,0,6208.70
R10_1,22,3.03783843055,1,0,332.843474598,0,6234.50
R10_1,23,4.42852195777,2,0,396.654452308,0,6208.00
R10_1,24,3.35580841755,1,0,384.778031186,0,6293.50
R10_1,25,1.43027361509,0,1,233.608922343,0,6172.40
R10_1,26,2.66449988357,1,0,271.8654808,0,6197.40
R10_1,27,1.29722758715,0,1,211.878297602,0,6171.20
R10_1,28,1.28956910559,0,1,210.627425317,0,6166.60
R10_1,29,1.18078238905,0,1,192.859113471,0,6187.80
R10_1,30,2.77051791314,1,0,289.181578487,0,6184.70
R10_1,31,1.33945455395,0,1,218.775296961,0,6219.10
R10_1,32,1.13216567946,0,1,184.918467,0,6175.10
R10_1,33,1.30459204996,0,1,213.081147324,0,6206.10
R10_1,34,1.42480038761,0,1,232.714971172,0,5355.20
R10_1,35,2.96243075058,1,0,320.527015237,0,5166.50
R10_1,36,1.20692426272,0,1,197.128908336,0,5055.50
R10_1,37,1.32904268818,0,1,217.074709943,0,5008.40
R10_1,38,1.18876107197,0,1,194.162284766,0,4972.60
R10_1,39,1.1621650162,0,1,189.8183076,0,5034.80
R10_1,40,2.61846826749,1,0,264.347061869,0,7999.50
R10_1,41,0.990135128257,0,1,161.720385419,0,5296.60
R10_1,42,2.36431856347,1,0,222.83637619,0,5235.40
R10_1,43,1.40661388392,0,1,229.744539862,0,5124.30
R10_1,44,2.64559637315,1,0,268.777939611,0,5258.40
R10_1,45,3.24499045551,1,0,366.677952702,0,5168.40
R10_1,46,1.10923446722,0,1,181.173074704,0,5033.90
R10_1,47,2.91515407743,1,0,312.805239102,0,5274.50
R10_1,48,1.44697304916,0,1,236.336468147,0,5072.50
R10_1,49,3.28506573436,1,0,373.223513358,0,4914.80
R10_1,50,3.44910453843,1,0,400.016238777,0,5159.80
R10_1,51,2.97838913642,1,0,323.133524424,0,5267.40
R10_1,52,3.14731672966,1,0,350.724743751,0,4975.90
R10_1,53,1.13851277628,0,1,185.955148676,0,5317.30
R10_1,54,1.33871623096,0,1,218.654705462,0,5243.50
R10_1,55,1.41616531246,0,1,231.304590264,0,4990.10
R10_1,56,1.46234758224,0,1,238.847615711,0,4989.20
R10_1,57,1.51847011084,0,1,248.014199845,0,5074.80
R10_1,58,3.33293168844,1,0,381.04153771,0,5058.80
R10_1,59,1.29203468786,0,1,211.03013289,0,5081.00
R10_1,60,2.70356144908,1,0,278.245470005,0,5177.60
R10_1,61,1.71343673711,0,1,279.858416906,0,5139.50
R10_1,62,3.09402429398,1,0,342.020403311,0,5147.00
R10_1,63,3.03717783321,1,0,332.735578156,0,5469.50
R10_1,64,1.08663337649,0,1,177.481601692,0,5177.20
R10_2,1,1.21334171845,0,1,159.374069793,0,4814.00
R10_2,2,2.53349673421,1,0,201.426862547,0,5145.30
R10_2,3,1.46644847425,0,1,192.619983248,0,5459.90
R10_2,4,1.23327645338,0,1,161.992524089,0,5025.80
R10_2,5,3.23804645609,1,0,293.970417952,0,4950.20
R10_2,6,1.29515668184,0,1,170.120575486,0,5217.70
R10_2,7,1.05370500066,0,1,138.405571787,0,5210.70
R10_2,8,2.71507886335,1,0,225.277919906,0,5135.60
R10_2,9,4.4284063359,2,0,318.97444469,0,5486.80
R10_2,10,1.16098402163,0,1,152.496815759,0,5311.60
R10_2,11,4.06199697239,2,0,270.846081027,0,5008.70
R10_2,12,1.20943182368,0,1,158.860499845,0,5169.40
R10_2,13,2.62044665233,1,0,212.847851464,0,5171.80
R10_2,14,1.20590439633,0,1,158.397167509,0,5152.30
R10_2,15,3.14988135766,1,0,282.389813464,0,5201.90
R10_2,16,3.89634620425,2,0,249.087629404,0,5370.30
R10_2,17,2.47751573928,1,0,194.073683424,0,5105.60
R10_2,18,3.22689819492,1,0,292.506078824,0,4996.00
R10_2,19,1.2469652746,0,1,163.790569204,0,5119.20
R10_2,20,1.13387948697,0,1,148.936598606,0,5184.30
R10_2,21,2.69311102922,1,0,222.392415289,0,5037.60
R10_2,22,4.09898801159,2,0,275.704903875,0,5001.30
R10_2,23,2.80060040567,1,0,236.511289737,0,4990.60
R10_2,24,0.990343656162,0,1,130.082973803,0,5033.30
R10_2,25,2.88419576793,1,0,247.491653221,0,5054.10
R10_2,26,2.83243105975,1,0,240.692289044,0,5095.30
R10_2,27,3.09312182763,1,0,274.934372706,0,5102.20
R10_2,28,0.997893252781,0,1,131.074623493,0,5066.30
R10_2,29,1.14008396126,0,1,149.751564665,0,5255.80
R10_2,30,2.87860792792,1,0,246.757682905,0,4972.20
R10_2,31,0.99172323935,0,1,130.264183914,0,5017.50
R10_2,32,2.68449069631,1,0,221.260122945,0,5431.50
R10_2,33,1.0247445472,0,1,134.6015772,0,5205.30
R10_2,34,2.93805086697,1,0,254.565593054,0,5177.60
R10_2,35,1.20821751566,0,1,158.700998851,0,5090.00
R10_2,36,4.32728689392,2,0,305.692269719,0,5151.20
R10_2,37,2.99984007415,1,0,262.681688683,0,5060.70
R10_2,38,1.24146380586,0,1,163.06794387,0,5167.20
R10_2,39,2.35255102151,1,0,177.659399344,0,5318.10
R10_2,40,2.89282834763,1,0,248.625554197,0,5031.30
R10_2,41,1.21030772935,0,1,158.975551236,0,5004.70
R10_2,42,2.88094729791,1,0,247.064962305,0,5013.70
R10_2,43,2.72907905088,1,0,227.116863404,0,4893.00
R10_2,44,3.26025196547,1,0,296.887141533,0,5094.80
R10_2,45,2.47112020734,1,0,193.233621685,0,5442.50
R10_2,46,3.24887205233,1,0,295.392374606,0,5182.80
R10_2,47,1.13434166634,0,1,148.997306489,0,5093.60
R10_2,48,3.66067298565,2,0,218.131634554,0,5036.00
R10_2,49,3.22732066564,1,0,292.561570922,0,5087.40
R10_2,50,3.04357616465,1,0,268.426483107,0,5087.50
R10_2,51,1.39415942408,0,1,183.124719093,0,5105.80
R10_2,52,2.94700795731,1,0,255.74211894,0,5179.70
R10_2,53,2.85153810714,1,0,243.202025468,0,5129.70
R10_2,54,3.0202715342,1,0,265.365388493,0,4999.00
R10_2,55,3.35570444346,1,0,309.424953146,0,5133.60
R10_2,56,2.81966605426,1,0,239.015588371,0,5199.90
R10_2,57,1.15297659805,0,1,151.445029881,0,4977.40
R10_2,58,2.44312895195,1,0,189.556932569,0,5009.70
R10_2,59,2.83349525398,1,0,240.83207239,0,5115.80
R10_2,60,2.84243392615,1,0,242.006179025,0,5016.10
R10_2,61,2.37453733021,1,0,180.54733062,0,5003.10
R10_2,62,1.36093647266,0,1,178.760839653,0,5055.70
R10_2,63,2.53987233437,1,0,202.26430622,0,5038.60
R10_2,64,2.3949713399,1,0,183.23136533,0,4975.00
R10_3,1,3.05278833999,1,0,378.313433791,0,5049.80
R10_3,2,1.07457049357,0,1,198.035250569,0,5001.90
R10_3,3,1.00678747854,0,1,185.543351296,0,5115.40
R10_3,4,2.71068329393,1,0,315.266049816,0,5025.50
R10_3,5,2.77140100256,1,0,326.455866318,0,5051.60
R10_3,6,1.10462332718,0,1,203.573761507,0,5035.50
R10_3,7,2.85962939505,1,0,342.715694705,0,5098.10
R10_3,8,5.19881791096,2,0,589.518054245,0,5084.40
R10_3,9,1.0215089363,0,1,188.25640511,0,5089.80
R10_3,10,4.94897883283,2,0,543.474593405,0,5119.90
R10_3,11,1.2900288055,0,1,237.742595079,0,5258.30
R10_3,12,2.46206759674,1,0,269.448048872,0,5089.90
R10_3,13,2.62113894473,1,0,298.763700517,0,5195.60
R10_3,14,4.86265130611,2,0,527.565080268,0,5137.20
R10_3,15,1.27845970154,0,1,235.610496333,0,5148.00
R10_3,16,2.76812644446,1,0,325.852389918,0,5498.70
R10_3,17,0.945140282323,0,1,174.18223723,0,5334.90
R10_3,18,2.77775014974,1,0,327.625966335,0,5207.10
R10_3,19,1.00865061456,0,1,185.886713236,0,5380.70
R10_3,20,2.35876087548,1,0,250.409398031,0,5356.30
R10_3,21,2.17986807004,1,0,217.440801033,0,5147.80
R10_3,22,1.10912440393,0,1,204.40327606,0,5332.60
R10_3,23,2.96099914411,1,0,361.397376153,0,5337.80
R10_3,24,1.29022800148,0,1,237.779305399,0,5173.30
R10_3,25,1.30719617205,0,1,240.906411467,0,5184.80
R10_3,26,0.845117206947,0,1,155.748737601,0,5187.10
R10_3,27,1.37334588879,0,1,253.097306162,0,5149.80
R10_3,28,0.850936594099,0,1,156.821206834,0,4988.40
R10_3,29,2.75940076499,1,0,324.244312895,0,5076.50
R10_3,30,2.90881697879,1,0,351.78059601,0,5160.20
R10_3,31,4.54148951932,2,0,468.377381276,0,5057.10
R10_3,32,1.12722829906,0,1,207.739687613,0,5012.30
R10_3,33,2.65233154531,1,0,304.512261927,0,5054.90
R10_3,34,2.80067781636,1,0,331.85136265,0,5051.70
R10_3,35,4.20358473589,2,0,406.104074074,0,5074.70
R10_3,36,2.99713809793,1,0,368.05751322,0,5098.40
R10_3,37,0.954897571443,0,1,175.980432144,0,4964.40
R10_3,38,0.922416559779,0,1,169.994426272,0,5037.10
R10_3,39,1.1066433343,0,1,203.946033609,0,5170.20
R10_3,40,1.21368990114,0,1,223.673909829,0,5164.10
R10_3,41,3.09742439797,1,0,386.539523173,0,5278.90
R10_3,42,2.7137705536,1,0,315.835008525,0,5377.30
R10_3,43,3.06722472035,1,0,380.973949986,0,4920.60
R10_3,44,2.90026812445,1,0,350.205106527,0,4934.80
R10_3,45,2.47001540501,1,0,270.912770089,0,8426.70
R10_3,46,3.09386077375,1,0,385.882774062,0,5030.80
R10_3,47,3.40059785833,1,0,442.412109053,0,5142.80
R10_3,48,4.99728175014,2,0,552.37645735,0,5232.60
R10_3,49,2.79019641296,1,0,329.919718927,0,5080.30
R10_3,50,3.1663539076,1,0,399.242712765,0,5105.70
R10_3,51,2.61738156028,1,0,298.071242854,0,5092.70
R10_3,52,2.98080584708,1,0,365.047602368,0,5092.70
R10_3,53,3.51098576828,1,0,462.755769649,0,5152.00
R10_3,54,3.36428766072,1,0,435.720413046,0,6534.30
R10_3,55,2.06748381791,1,0,196.729229605,0,5287.80
R10_3,56,2.39007005944,1,0,256.179444881,0,5034.70
R10_3,57,2.74796231975,1,0,322.136293566,0,5233.70
R10_3,58,2.4910253287,1,0,274.784740824,0,5069.80
R10_3,59,2.6414807023,1,0,302.512533266,0,5076.30
R10_3,60,1.2554976718,0,1,231.378767154,0,5072.80
R10_3,61,2.9246492513,1,0,354.698364619,0,5232.20
R10_3,62,2.44926093218,1,0,267.087877025,0,5206.10
R10_3,63,2.32739164666,1,0,244.628285368,0,5137.40
R10_3,64,1.18636437468,0,1,218.638021061,0,5224.20
R10_4,1,2.68305243875,1,0,323.328900505,0,5097.50
R10_4,2,1.03902538417,0,1,199.605744495,0,4983.10
R10_4,3,2.12852602872,1,0,216.799590825,0,4978.00
R10_4,4,0.994703076758,0,1,191.091046679,0,5051.10
R10_4,5,2.59258926344,1,0,305.950143709,0,5046.00
R10_4,6,3.94794554162,2,0,374.217151952,0,5080.80
R10_4,7,0.864144261695,0,1,166.009571406,0,5124.20
R10_4,8,2.40849211686,1,0,270.583492842,0,5054.90
R10_4,9,2.74575518323,1,0,335.374638929,0,5008.80
R10_4,10,2.50845299232,1,0,289.786839816,0,5107.50
R10_4,11,2.24190719306,1,0,238.581091127,0,5170.50
R10_4,12,1.01306286321,0,1,194.618120126,0,4983.50
R10_4,13,2.2902738706,1,0,247.872747353,0,5168.00
R10_4,14,2.64076645556,1,0,315.205398148,0,5109.30
R10_4,15,2.4887103386,1,0,285.99410563,0,5013.10
R10_4,16,2.45131762803,1,0,278.810643181,0,5155.20
R10_4,17,2.65015107485,1,0,317.008264516,0,5194.10
R10_4,18,2.39438839982,1,0,267.874047065,0,4977.70
R10_4,19,2.20765206517,1,0,232.000385391,0,5222.60
R10_4,20,2.39507931396,1,0,268.006777635,0,5294.10
R10_4,21,2.77129634862,1,0,340.281317256,0,5007.90
R10_4,22,2.38483846377,1,0,266.03942192,0,5068.00
R10_4,23,0.904416675136,0,1,173.746249634,0,5212.00
R10_4,24,2.51859563443,1,0,291.735328909,0,5042.70
R10_4,25,2.73701143497,1,0,333.694889418,0,4996.30
R10_4,26,2.26442348757,1,0,242.906665648,0,5068.70
R10_4,27,4.19882457619,2,0,422.413179918,0,4966.40
R10_4,28,4.37687019188,2,0,456.617279467,0,5145.00
R10_4,29,2.32437974231,1,0,254.424779689,0,5147.40
R10_4,30,2.23989283589,1,0,238.194115727,0,5224.50
R10_4,31,0.850421971524,0,1,163.373401023,0,5073.80
R10_4,32,2.02097227432,1,0,196.137586269,0,5337.20
R10_4,33,0.986628952286,0,1,189.539937678,0,5389.40
R10_4,34,3.66145846733,2,0,319.18051221,0,5113.60
R10_4,35,4.15340498505,2,0,413.687684429,0,5209.50
R10_4,36,2.44501738634,1,0,277.600312372,0,5267.10
R10_4,37,3.43019866138,2,0,274.753507401,0,4769.50
R10_4,38,1.009582823,0,1,193.949574366,0,5032.90
R10_4,39,1.18115988293,0,1,226.911008521,0,5077.00
R10_4,40,2.71230490021,1,0,328.94855084,0,5030.40
R10_4,41,2.24749755662,1,0,239.655048219,0,4888.20
R10_4,42,3.88842932917,2,0,362.783573835,0,5276.40
R10_4,43,0.996782553271,0,1,191.490532066,0,5120.30
R10_4,44,2.20325149265,1,0,231.154997428,0,5015.30
R10_4,45,3.71104786961,2,0,328.707064411,0,5310.80
R10_4,46,2.36559505925,1,0,262.342597816,0,5227.30
R10_4,47,2.10292411336,1,0,211.881241905,0,4804.60
R10_4,48,2.60967469689,1,0,309.232402944,0,5053.80
R10_4,49,2.60168294682,1,0,307.697118776,0,5041.20
R10_4,50,1.10421721797,0,1,212.129658461,0,5023.20
R10_4,51,0.994753884479,0,1,191.100807281,0,4966.90
R10_4,52,2.3567860419,1,0,260.65030955,0,5074.20
R10_4,53,2.35278359805,1,0,259.88140554,0,5127.40
R10_4,54,2.65478534166,1,0,317.898547171,0,5060.60
R10_4,55,2.85214212112,1,0,355.812487961,0,5090.00
R10_4,56,2.40061577138,1,0,269.070378891,0,5215.90
R10_4,57,2.40193965051,1,0,269.324707499,0,5058.50
R10_4,58,4.06696116386,2,0,397.08108025,0,5163.70
R10_4,59,2.92886113181,1,0,370.550872104,0,5033.10
R10_4,60,3.50217025063,2,0,288.579870909,0,5015.60
R10_4,61,3.90247040049,2,0,365.480984828,0,6247.10
R10_4,62,2.37270833866,1,0,263.709120187,0,5267.40
R10_4,63,2.22378695526,1,0,235.100037044,0,5055.90
R10_4,64,1.01617574261,0,1,195.216131127,0,5960.30
R10_5,1,1.35370857212,0,1,197.336849333,0,6242.80
R10_5,2,2.82369870665,1,0,265.849655025,0,6167.60
R10_5,3,3.20101480166,1,0,320.852903823,0,6254.00
R10_5,4,1.70186293293,0,1,248.08904671,0,6155.00
R10_5,5,3.36903447711,1,0,345.345969805,0,6194.10
R10_5,6,3.31368568502,1,0,337.277500365,0,6185.80
R10_5,7,3.18266107775,1,0,318.177389961,0,6153.40
R10_5,8,2.59860895378,1,0,233.037199255,0,6224.50
R10_5,9,1.15448307144,0,1,168.294754586,0,6149.40
R10_5,10,1.20952672858,0,1,176.318742983,0,6174.20
R10_5,11,1.59149018528,0,1,231.99946087,0,6166.70
R10_5,12,1.57907937872,0,1,230.190275706,0,6148.40
R10_5,13,1.56606686997,0,1,228.293377415,0,6217.20
R10_5,14,3.37640875555,1,0,346.420955149,0,6207.20
R10_5,15,1.23194558737,0,1,179.58685183,0,6354.80
R10_5,16,1.27530642445,0,1,185.907777285,0,6173.40
R10_5,17,1.46047102615,0,1,212.900144668,0,6221.60
R10_5,18,1.4354681845,0,1,209.255355754,0,6243.60
R10_5,19,3.41647301466,1,0,352.261321995,0,6190.80
R10_5,20,1.34104794986,0,1,195.491247289,0,7279.60
R10_5,21,1.70746894861,0,1,248.906263572,0,10781.70
R10_5,22,1.34120632066,0,1,195.51433379,0,6592.90
R10_5,23,1.32218121936,0,1,192.740949898,0,6131.50
R10_5,24,4.94705086536,2,0,429.606301216,0,6195.20
R10_5,25,1.2737563041,0,1,185.681808511,0,6127.50
R10_5,26,1.21958796211,0,1,177.785419168,0,6189.00
R10_5,27,1.47896642938,0,1,215.596311831,0,6183.00
R10_5,28,1.16514735812,0,1,169.849340836,0,6136.70
R10_5,29,3.0624080723,1,0,300.647509669,0,6210.80
R10_5,30,4.77341166925,2,0,404.294049683,0,6163.50
R10_5,31,1.09345059091,0,1,159.397745538,0,6192.30
R10_5,32,3.07740826817,1,0,302.834163025,0,5832.70
R10_5,33,1.37503511427,0,1,200.445725735,0,5089.80
R10_5,34,3.3603831092,1,0,344.084816762,0,5079.10
R10_5,35,3.34172013279,1,0,341.364221621,0,4917.10
R10_5,36,1.14683672946,0,1,167.180109184,0,4948.40
R10_5,37,3.22975447903,1,0,325.042429915,0,5183.00
R10_5,38,2.90750356198,1,0,278.06630671,0,5202.70
R10_5,39,3.2807401211,1,0,332.474861218,0,5064.50
R10_5,40,1.15139233807,0,1,167.84420297,0,5016.30
R10_5,41,1.003602949,0,1,146.300206717,0,8265.20
R10_5,42,1.52006828509,0,1,221.587934307,0,5438.90
R10_5,43,1.07697645793,0,1,156.996229019,0,5353.00
R10_5,44,3.16711937196,1,0,315.911798004,0,4765.20
R10_5,45,1.87543114149,0,1,273.390950035,0,5019.60
R10_5,46,2.7623714023,1,0,256.909668038,0,5420.90
R10_5,47,1.27530642445,0,1,185.907777285,0,5257.30
R10_5,48,1.69961007025,0,1,247.760635682,0,5200.50
R10_5,49,1.08695435068,0,1,158.450756204,0,5308.90
R10_5,50,1.13264536078,0,1,165.111362601,0,5064.10
R10_5,51,3.33681495669,1,0,340.64916964,0,5019.20
R10_5,52,3.47101482373,1,0,360.212153495,0,5136.10
R10_5,53,2.80417328708,1,0,263.003337243,0,5150.20
R10_5,54,3.39654805502,1,0,349.356761265,0,5136.50
R10_5,55,2.82322282924,1,0,265.780284002,0,5188.20
R10_5,56,2.46934407325,1,0,214.193612992,0,5408.80
R10_5,57,1.24824552461,0,1,181.962974966,0,5159.10
R10_5,58,1.29723614748,0,1,189.104582373,0,5089.30
R10_5,59,2.79028738996,1,0,260.979120773,0,5163.90
R10_5,60,2.89058845958,1,0,275.600507881,0,4810.10
R10_5,61,1.54249978364,0,1,224.857885714,0,5065.30
R10_5,62,1.53231264747,0,1,223.372856072,0,4964.10
R10_5,63,2.87441745696,1,0,273.243180185,0,5014.90
R10_5,64,1.14686611586,0,1,167.184392986,0,7337.60
R10_6,1,2.80991707071,1,0,216.546707915,0,5449.30
R10_6,2,2.66934702163,1,0,199.728268081,0,6356.70
R10_6,3,1.18831628072,0,1,142.175563022,0,5874.50
R10_6,4,2.73014621168,1,0,207.002559628,0,5212.60
R10_6,5,2.96513161186,1,0,235.117281369,0,5063.00
R10_6,6,2.83534283192,1,0,219.588761596,0,5062.80
R10_6,7,1.48786702005,0,1,178.015175514,0,5104.20
R10_6,8,2.75359678425,1,0,209.808292759,0,5074.20
R10_6,9,1.35063151159,0,1,161.595695281,0,4983.10
R10_6,10,2.50681605722,1,0,180.28232448,0,5200.50
R10_6,11,1.35575915612,0,1,162.209189988,0,5033.50
R10_6,12,1.04297988989,0,1,124.786856389,0,4981.40
R10_6,13,1.28465022128,0,1,153.701393696,0,4969.60
R10_6,14,2.44945227163,1,0,173.419060344,0,5097.80
R10_6,15,1.29531726927,0,1,154.977647819,0,5165.40
R10_6,16,1.06117765845,0,1,126.964120163,0,5719.90
R10_6,17,1.24861303903,0,1,149.389741352,0,5632.70
R10_6,18,3.09717636497,1,0,250.91571603,0,5086.50
R10_6,19,4.21137474278,2,0,264.578929204,0,5380.90
R10_6,20,2.51537001985,1,0,181.305759464,0,5086.40
R10_6,21,3.10573298221,2,0,132.294921688,0,5188.70
R10_6,22,1.06629221824,0,1,127.576049351,0,4996.90
R10_6,23,2.80316518994,1,0,215.7388822,0,5051.60
R10_6,24,2.7587721548,1,0,210.427497623,0,4984.90
R10_6,25,1.10396839434,0,1,132.083798372,0,5005.40
R10_6,26,3.00919175967,1,0,240.388837791,0,5065.20
R10_6,27,3.0559280952,1,0,245.980585482,0,5256.20
R10_6,28,4.85619209297,2,0,341.727808924,0,5100.70
R10_6,29,1.23743460953,0,1,148.052303219,0,9294.00
R10_6,30,2.99196867073,1,0,238.328189118,0,9271.90
R10_6,31,3.04618491342,1,0,244.814866911,0,8002.30
R10_6,32,2.85022676729,1,0,221.3695433,0,5705.10
R10_6,33,3.56567690374,1,0,306.969250731,0,5090.70
R10_6,34,2.60010190181,1,0,191.443467093,0,4997.00
R10_6,35,2.7852654474,1,0,213.597275613,0,5210.40
R10_6,36,2.87986311776,1,0,224.915371025,0,5091.40
R10_6,37,2.81940116936,1,0,217.681428602,0,5353.10
R10_6,38,2.98373621773,1,0,237.343221009,0,5357.20
R10_6,39,3.07571452797,1,0,248.347924266,0,5237.30
R10_6,40,2.57484187255,1,0,188.421242336,0,5328.40
R10_6,41,3.1218215827,1,0,253.86438194,0,5294.90
R10_6,42,3.00794325422,1,0,240.239460923,0,5270.90
R10_6,43,1.0864591641,0,1,129.988914452,0,5280.90
R10_6,44,2.99306868067,1,0,238.45979931,0,5185.20
R10_6,45,1.51608838538,0,1,181.391707982,0,5087.90
R10_6,46,3.32432760721,1,0,278.093123493,0,5138.90
R10_6,47,1.17602780869,0,1,140.705314354,0,5107.80
R10_6,48,1.5696370039,0,1,187.798508185,0,5075.40
R10_6,49,0.999247491429,0,1,119.554513388,0,5085.80
R10_6,50,1.175707373,0,1,140.666975971,0,5265.20
R10_6,51,2.83600807615,1,0,219.668354441,0,5088.90
R10_6,52,1.22579604267,0,1,146.65981216,0,5095.50
R10_6,53,1.26142287193,0,1,150.922368005,0,5226.50
R10_6,54,1.1251551203,0,1,134.6186746,0,5001.30
R10_6,55,2.77016517519,1,0,211.790610386,0,5048.50
R10_6,56,1.17058846001,0,1,140.054525945,0,5271.60
R10_6,57,2.82929041853,1,0,218.864623338,0,5099.70
R10_6,58,3.11737500221,1,0,253.332372831,0,5019.20
R10_6,59,1.1251551203,0,1,134.6186746,0,5213.90
R10_6,60,5.11053709044,2,0,372.158800911,0,5108.70
R10_6,61,1.17191823553,0,1,140.213626335,0,4963.10
R10_6,62,4.1298104755,2,0,254.820209399,0,5033.10
R10_6,63,2.37280056217,1,0,164.248101293,0,5014.30
R10_6,64,4.32274445813,2,0,277.903708339,0,5103.60
R10_7,1,1.08937903941,0,1,164.236784869,0,4962.40
R10_7,2,1.46181920546,0,1,220.386548372,0,5202.70
R10_7,3,1.09553570959,0,1,165.164975773,0,5233.70
R10_7,4,3.29537158176,1,0,346.054435627,0,5268.10
R10_7,5,1.11720693462,0,1,168.432169462,0,5112.00
R10_7,6,3.32030894274,1,0,349.814037971,0,5389.00
R10_7,7,1.25913356678,0,1,189.829289206,0,4938.50
R10_7,8,2.96085421871,1,0,295.621983558,0,5041.70
R10_7,9,3.1647305147,1,0,326.358748405,0,5204.50
R10_7,10,3.18871072935,1,0,329.974049611,0,5157.50
R10_7,11,2.43400862551,1,0,216.193774258,0,5106.70
R10_7,12,1.26478750131,0,1,190.681686761,0,5111.20
R10_7,13,3.06854139454,1,0,311.857099978,0,5233.80
R10_7,14,1.36631230668,0,1,205.987752891,0,5024.40
R10_7,15,4.34390275864,2,0,353.371084992,0,5038.40
R10_7,16,1.17208839611,0,1,176.706199399,0,5116.80
R10_7,17,2.78998906545,1,0,269.86203922,0,5035.90
R10_7,18,3.25745224398,1,0,340.337646616,0,5014.00
R10_7,19,3.28877401743,1,0,345.059774711,0,5044.90
R10_7,20,0.98382624871,0,1,148.323452271,0,5067.80
R10_7,21,4.87102104955,2,0,432.840406699,0,4977.80
R10_7,22,2.99468169684,1,0,300.721876293,0,5002.20
R10_7,23,1.23373034292,0,1,185.999452519,0,4981.40
R10_7,24,2.35898327484,1,0,204.88281459,0,5030.50
R10_7,25,1.12111381284,0,1,169.021177599,0,5337.50
R10_7,26,3.11135253116,1,0,318.311385567,0,5358.80
R10_7,27,1.31300411942,0,1,197.950912668,0,4944.90
R10_7,28,2.59722466578,1,0,240.800524272,0,5172.70
R10_7,29,1.14826883836,0,1,173.115119122,0,5141.90
R10_7,30,2.64886709537,1,0,248.58623181,0,4935.70
R10_7,31,2.63333543864,1,0,246.244650713,0,5149.50
R10_7,32,1.45856306116,0,1,219.895646076,0,5061.40
R10_7,33,2.84298077523,1,0,277.851166718,0,5143.40
R10_7,34,1.64918940768,0,1,248.634824205,0,5093.60
R10_7,35,2.5484282221,1,0,233.443882796,0,5317.70
R10_7,36,1.04211546133,0,1,157.111241028,0,5036.70
R10_7,37,1.14704970875,0,1,172.931320904,0,5076.00
R10_7,38,2.54997687759,1,0,233.677360943,0,5401.30
R10_7,39,3.06588970854,1,0,311.457326926,0,5083.00
R10_7,40,1.37378840698,0,1,207.114863505,0,4790.50
R10_7,41,1.48676445361,0,1,224.147339799,0,5100.00
R10_7,42,3.11248525644,1,0,318.48215731,0,5096.50
R10_7,43,1.06641003919,0,1,160.773936208,0,5140.20
R10_7,44,1.23045116615,0,1,185.505077806,0,5095.80
R10_7,45,3.01979295851,1,0,304.507696224,0,5135.50
R10_7,46,3.03455784739,1,0,306.73367799,0,5037.60
R10_7,47,2.98413472656,1,0,299.131795681,0,9171.40
R10_7,48,2.88093256762,1,0,283.572848645,0,8891.30
R10_7,49,1.41712328927,0,1,213.648109953,0,6215.10
R10_7,50,2.92819922252,1,0,290.698856354,0,6158.60
R10_7,51,3.21090814653,1,0,333.320572996,0,6186.40
R10_7,52,2.74124431415,1,0,262.513190984,0,6175.20
R10_7,53,1.24077543985,0,1,187.061584271,0,6183.60
R10_7,54,4.56672761613,2,0,386.964569774,0,6213.80
R10_7,55,1.35358524185,0,1,204.068997222,0,6173.90
R10_7,56,3.14611616,1,0,323.552414102,0,6275.00
R10_7,57,3.64149439816,1,0,398.236547159,0,6247.90
R10_7,58,2.76658993295,1,0,266.334343026,0,6279.70
R10_7,59,1.34881731002,0,1,203.350175061,0,6193.80
R10_7,60,3.21645842212,1,0,334.157342738,0,6186.70
R10_7,61,3.33852253571,1,0,352.559952701,0,6175.40
R10_7,62,1.24229625693,0,1,187.290865448,0,6158.60
R10_7,63,4.46918629757,2,0,372.259061431,0,6241.20
R10_7,64,1.22744811074,0,1,185.052331657,0,6155.90
R10_8,1,2.87731414817,1,0,295.917952234,0,5123.50
R10_8,2,2.69989420319,1,0,267.9515371,0,5090.80
R10_8,3,0.991999925881,0,1,156.367322416,0,4941.50
R10_8,4,2.24664650847,1,0,196.506845861,0,5126.70
R10_8,5,2.89432008167,1,0,298.598569659,0,5411.90
R10_8,6,2.66675146029,1,0,262.72730086,0,4993.90
R10_8,7,4.19499580919,2,0,345.993591778,0,5106.30
R10_8,8,2.83209387427,1,0,288.789954577,0,5355.80
R10_8,9,4.51547694907,2,0,396.510508583,0,4962.00
R10_8,10,1.06908836566,0,1,168.51864683,0,7962.80
R10_8,11,2.7488431251,1,0,275.667275434,0,6930.30
R10_8,12,2.79707102433,1,0,283.269360143,0,5573.90
R10_8,13,2.73531945618,1,0,273.535561668,0,5196.30
R10_8,14,1.17507855032,0,1,185.225705919,0,5168.40
R10_8,15,1.05915456796,0,1,166.952798579,0,5009.80
R10_8,16,2.42051638269,1,0,223.913669159,0,5152.10
R10_8,17,2.35883376399,1,0,214.190739072,0,5137.40
R10_8,18,2.5494955843,1,0,244.24444931,0,5035.90
R10_8,19,1.10850378254,0,1,174.731634391,0,5126.20
R10_8,20,2.44549936683,1,0,227.851696001,0,5506.10
R10_8,21,2.37382121537,1,0,216.553186469,0,5074.10
R10_8,22,0.921108747184,0,1,145.19286211,0,5000.60
R10_8,23,2.44734789326,1,0,228.143076193,0,5207.40
R10_8,24,2.08532920627,1,0,171.078663916,0,5132.30
R10_8,25,3.00598894649,1,0,316.200749795,0,4976.50
R10_8,26,2.56201253011,1,0,246.217474964,0,5024.70
R10_8,27,2.61192809758,1,0,254.085584052,0,5042.30
R10_8,28,4.05470885851,2,0,323.880389674,0,4922.50
R10_8,29,1.0925996003,0,1,172.224684211,0,5266.70
R10_8,30,3.69383943763,2,0,266.99713433,0,5241.10
R10_8,31,3.98193904414,2,0,312.409803105,0,5202.80
R10_8,32,2.74062099243,1,0,274.371234137,0,5223.90
R10_8,33,0.974902142703,0,1,153.672226877,0,5396.80
R10_8,34,3.03487683926,1,0,320.754300984,0,4950.20
R10_8,35,1.10874885529,0,1,174.770264807,0,5018.30
R10_8,36,4.0026443563,2,0,315.673547525,0,5154.30
R10_8,37,2.60437719484,1,0,252.895347629,0,5083.90
R10_8,38,2.97490944848,1,0,311.301739463,0,4945.30
R10_8,39,2.73345521521,1,0,273.241704419,0,5272.30
R10_8,40,1.10957341551,0,1,174.900238883,0,5234.00
R10_8,41,2.50115273169,1,0,236.624244688,0,5016.50
R10_8,42,2.2745112248,1,0,200.899115426,0,5143.40
R10_8,43,1.03128277291,0,1,162.559413208,0,5116.80
R10_8,44,2.68328832486,1,0,265.333979717,0,4797.30
R10_8,45,0.908848312898,0,1,143.260269948,0,5067.80
R10_8,46,4.07669619756,2,0,327.346217891,0,5309.90
R10_8,47,1.13214708358,0,1,178.458489182,0,4940.20
R10_8,48,2.60146461023,1,0,252.43624169,0,4996.30
R10_8,49,1.02545330714,0,1,161.640524073,0,5145.90
R10_8,50,4.05434785353,2,0,323.82348505,0,5036.50
R10_8,51,1.00365772224,0,1,158.204921749,0,5141.40
R10_8,52,1.05075021766,0,1,165.628034618,0,5212.30
R10_8,53,1.16318384959,0,1,183.350763738,0,5421.40
R10_8,54,2.36568370722,1,0,215.270484397,0,4931.20
R10_8,55,0.95748892818,0,1,150.927410413,0,5103.30
R10_8,56,2.72886319371,1,0,272.517871596,0,5069.80
R10_8,57,2.7581651736,1,0,277.13669466,0,5130.00
R10_8,58,2.45280808701,1,0,229.003757585,0,5128.10
R10_8,59,2.4722067994,1,0,232.061544824,0,5286.40
R10_8,60,1.42624997772,0,1,224.817446346,0,5201.30
R10_8,61,3.97632759149,2,0,311.52527902,0,5034.50
R10_8,62,0.971651295935,0,1,153.15980123,0,5068.40
R10_8,63,1.03474063875,0,1,163.104470933,0,5359.10
R10_8,64,0.954216346707,0,1,150.411558759,0,4980.40
R10_9,1,1.2660166538,0,1,221.828651048,0,4994.10
R10_9,2,2.51187456499,1,0,264.907333011,0,4995.10
R10_9,3,2.76908121069,1,0,309.974515251,0,4996.20
R10_9,4,3.13301841846,1,0,373.74279162,0,4999.70
R10_9,5,2.34355174376,1,0,235.414178823,0,5031.40
R10_9,6,1.04147049548,0,1,182.484167507,0,5049.60
R10_9,7,2.28869637281,1,0,225.802541485,0,5040.60
R10_9,8,1.03686616518,0,1,181.677406888,0,5010.20
R10_9,9,2.16347169198,1,0,203.860948583,0,4959.70
R10_9,10,1.27003724908,0,1,222.533130901,0,5038.80
R10_9,11,2.63060928081,1,0,285.711768533,0,5081.90
R10_9,12,1.01991522636,0,1,178.707300703,0,4987.90
R10_9,13,1.07332984183,0,1,188.066492039,0,5056.20
R10_9,14,2.21302410392,1,0,212.543413116,0,4977.60
R10_9,15,2.27619959529,1,0,223.612883639,0,5117.70
R10_9,16,2.55913308067,1,0,273.187866093,0,5152.20
R10_9,17,2.30955189189,1,0,229.456799627,0,5025.00
R10_9,18,2.45762994218,1,0,255.402709617,0,4986.30
R10_9,19,2.05882640779,1,0,185.525232255,0,5332.00
R10_9,20,3.67096389385,2,0,292.782614992,0,5173.80
R10_9,21,1.15847712592,0,1,202.985811712,0,4953.50
R10_9,22,2.57510476016,1,0,275.986388612,0,5042.00
R10_9,23,2.80816794114,1,0,316.823206114,0,5176.90
R10_9,24,0.909168163229,0,1,159.302444102,0,5006.60
R10_9,25,2.71536338063,1,0,300.562195323,0,5033.00
R10_9,26,4.19431135368,2,0,384.482404797,0,5121.20
R10_9,27,2.61661175387,1,0,283.259152675,0,5165.40
R10_9,28,1.12561755083,0,1,197.228229303,0,4983.40
R10_9,29,4.55239701369,2,0,447.225385849,0,5199.90
R10_9,30,1.15040575786,0,1,201.571564369,0,5013.80
R10_9,31,0.971491287799,0,1,170.22256479,0,5169.70
R10_9,32,0.954834697913,0,1,167.304033779,0,5191.10
R10_9,33,2.65360024541,1,0,289.740194736,0,5146.60
R10_9,34,2.68262615133,1,0,294.826050073,0,5071.10
R10_9,35,3.67621593598,2,0,293.702866252,0,4978.40
R10_9,36,4.35646488893,2,0,412.894590275,0,5184.00
R10_9,37,3.21403051378,1,0,387.93755262,0,5139.90
R10_9,38,2.90963168276,1,0,334.601459557,0,5200.00
R10_9,39,3.20844636566,1,0,386.959110479,0,5074.50
R10_9,40,0.974995083858,0,1,170.836492223,0,4960.10
R10_9,41,2.16843769516,1,0,204.731080727,0,4985.30
R10_9,42,3.05837359249,1,0,360.663689536,0,5110.70
R10_9,43,2.37965501839,1,0,241.740115126,0,5072.50
R10_9,44,1.02479290922,0,1,179.561957557,0,5230.00
R10_9,45,1.35716050039,0,1,237.798675201,0,5185.60
R10_9,46,0.967051151322,0,1,169.444573852,0,5077.90
R10_9,47,2.54242328852,1,0,270.260013098,0,5268.40
R10_9,48,2.45902834907,1,0,255.647735393,0,5148.60
R10_9,49,0.900198407724,0,1,157.730783289,0,5025.20
R10_9,50,0.945647967287,0,1,165.694355062,0,5126.90
R10_9,51,1.04529513696,0,1,183.154312768,0,5082.00
R10_9,52,0.901100391763,0,1,157.888826947,0,5074.40
R10_9,53,1.08556992459,0,1,190.211172394,0,5011.10
R10_9,54,2.66208045155,1,0,291.226077788,0,5441.80
R10_9,55,2.4346677916,1,0,251.379332143,0,5172.00
R10_9,56,1.07025417809,0,1,187.527581009,0,4994.50
R10_9,57,1.34334661893,0,1,235.378237302,0,5242.10
R10_9,58,2.17459891307,1,0,205.810635766,0,5216.20
R10_9,59,1.17975922155,0,1,206.714813657,0,4934.20
R10_9,60,1.15364526408,0,1,202.139183518,0,5142.40
R10_9,61,2.12785441416,1,0,197.62016757,0,5155.30
R10_9,62,1.0194367527,0,1,178.623463602,0,4973.30
R10_9,63,2.41805984491,1,0,248.469324285,0,5165.10
R10_9,64,1.09482902235,0,1,191.83353112,0,5290.90
R11_0,1,2.57828150108,1,0,221.39941286,0,7707.30
R11_0,2,2.55084524409,1,0,217.550688038,0,7298.50
R11_0,3,2.33205033218,1,0,186.858403424,0,12737.70
R11_0,4,3.10857678138,1,0,295.788590977,0,9814.50
R11_0,5,4.37800583425,2,0,333.583771413,0,9011.70
R11_0,6,4.17853423028,2,0,305.602136977,0,9020.40
R11_0,7,3.80545739651,2,0,253.267371669,0,9092.60
R11_0,8,4.48110625499,2,0,348.046573265,0,9093.50
R11_0,9,2.72987834852,1,0,242.665234573,0,9067.00
R11_0,10,4.49810465825,2,0,350.431088638,0,9107.10
R11_0,11,4.36421146221,2,0,331.64871365,0,9063.90
R11_0,12,2.72498942211,1,0,241.979421911,0,9092.70
R11_0,13,2.69187924798,1,0,237.334766882,0,9055.90
R11_0,14,3.38157574749,1,0,334.084554508,0,9088.60
R11_0,15,3.9782322725,2,0,277.504021515,0,9079.20
R11_0,16,4.4136103772,2,0,338.578333473,0,9074.20
R11_0,17,2.92961346274,1,0,270.683833908,0,8996.90
R11_0,18,2.72783453985,1,0,242.378531574,0,9026.40
R11_0,19,1.28350007647,0,1,180.047832496,0,9049.10
R11_0,20,4.44847046477,2,0,343.468464235,0,9076.60
R11_0,21,2.61403048207,1,0,226.414236512,0,9114.10
R11_0,22,1.2096159158,0,1,169.683452135,0,9025.10
R11_0,23,3.97160867782,2,0,276.574871695,0,9083.50
R11_0,24,2.91533911014,1,0,268.681445055,0,9099.10
R11_0,25,4.80201518952,2,0,393.063289002,0,9055.40
R11_0,26,4.63232754715,2,0,369.25971254,0,9120.70
R11_0,27,2.6540119001,1,0,232.022781294,0,9105.60
R11_0,28,4.93616908515,2,0,411.882234612,0,9104.70
R11_0,29,1.03465205351,0,1,145.139733947,0,9109.30
R11_0,30,5.47937109017,3,0,347.803166451,0,9049.10
R11_0,31,2.88868436363,1,0,264.942349574,0,8099.80
R11_0,32,3.13850271287,1,0,299.986564314,0,7415.10
R11_0,33,2.79131234109,1,0,251.283120467,0,7466.70
R11_0,34,2.75056143549,1,0,245.566632903,0,7634.40
R11_0,35,6.8291273848,3,0,537.145340791,0,7384.70
R11_0,36,2.44035178229,1,0,202.050799362,0,7329.90
R11_0,37,3.23933678691,1,0,314.131445803,0,7271.20
R11_0,38,2.80911648379,1,0,253.780663991,0,7883.80
R11_0,39,2.92531867792,1,0,270.081366707,0,7308.90
R11_0,40,2.8431976984,1,0,258.561535399,0,7855.30
R11_0,41,2.95445926911,1,0,274.169173461,0,7891.20
R11_0,42,2.25715047236,1,0,176.351542021,0,7400.20
R11_0,43,3.75599264497,2,0,246.328516375,0,7387.10
R11_0,44,1.09789185149,0,1,154.010936033,0,7362.10
R11_0,45,2.56427183517,1,0,219.434153934,0,7706.40
R11_0,46,4.31300433758,2,0,324.465440375,0,7519.60
R11_0,47,4.41687425129,2,0,339.036185768,0,7675.30
R11_0,48,3.21749485169,1,0,311.067485647,0,7394.10
R11_0,49,4.14160288324,2,0,300.42145245,0,7762.40
R11_0,50,2.96975791946,1,0,276.315249559,0,7298.60
R11_0,51,2.67922866919,1,0,235.560159049,0,7960.60
R11_0,52,2.92151019509,1,0,269.547117359,0,8282.50
R11_0,53,2.6480580655,1,0,231.187584605,0,7405.20
R11_0,54,4.97841718245,2,0,417.808746409,0,7405.70
R11_0,55,5.34368633171,3,0,328.769473262,0,7337.40
R11_0,56,1.21361737882,0,1,170.24477251,0,7317.50
R11_0,57,2.77637272054,1,0,249.187408633,0,7582.50
R11_0,58,1.05920271009,0,1,148.583670247,0,7331.90
R11_0,59,4.76844612666,2,0,388.354261618,0,7355.70
R11_0,60,2.40576988604,1,0,197.19969294,0,7386.10
R11_0,61,3.00075517207,1,0,280.663506523,0,7501.90
R11_0,62,1.2308272698,0,1,172.658955122,0,7302.40
R11_0,63,3.16721787683,1,0,304.014692652,0,7518.90
R11_0,64,3.90813003858,2,0,267.670165249,0,7384.10
R11_1,1,2.89527339162,1,0,257.066239042,0,7336.70
R11_1,2,3.06799826887,1,0,280.493853643,0,7261.90
R11_1,3,2.95016625027,1,0,264.511656039,0,7359.20
R11_1,4,4.55624288743,2,0,346.717126961,0,7443.70
R11_1,5,2.51564619084,1,0,205.575336899,0,7391.00
R11_1,6,2.84206416283,1,0,249.849181921,0,7665.90
R11_1,7,4.14161840761,2,0,290.479353501,0,7372.20
R11_1,8,2.44135379333,1,0,195.498654926,0,7491.40
R11_1,9,3.21257001124,1,0,300.102905429,0,7312.30
R11_1,10,4.29534949278,2,0,311.33073677,0,7982.00
R11_1,11,2.78656032797,1,0,242.320894898,0,7531.10
R11_1,12,3.16107277672,1,0,293.118055402,0,7803.90
R11_1,13,3.41350193114,1,0,327.356394651,0,7331.10
R11_1,14,2.98424597659,1,0,269.134074689,0,7588.00
R11_1,15,2.67863369547,1,0,227.682218687,0,7371.20
R11_1,16,3.84787351338,2,0,250.637135735,0,7472.70
R11_1,17,4.76593001293,2,0,375.158132341,0,7602.90
R11_1,18,2.61677166094,1,0,219.291534459,0,7536.90
R11_1,19,1.28490058173,0,1,174.278054844,0,7742.20
R11_1,20,1.40911789896,0,1,191.126325233,0,7162.60
R11_1,21,2.77910239959,1,0,241.309335505,0,7390.30
R11_1,22,2.70627464276,1,0,231.431310715,0,7483.20
R11_1,23,3.09836117979,1,0,284.612140404,0,7668.90
R11_1,24,1.21087030918,0,1,164.236926306,0,7512.00
R11_1,25,2.88911901513,1,0,256.231487483,0,7465.70
R11_1,26,3.09642086586,1,0,284.348965072,0,7513.60
R11_1,27,3.72045967625,2,0,233.355303964,0,7437.80
R11_1,28,1.04457448494,0,1,141.681319133,0,7520.80
R11_1,29,2.66432188333,1,0,225.74102976,0,7335.00
R11_1,30,1.17904429449,0,1,159.920190822,0,7632.60
R11_1,31,3.96024528158,2,0,265.878729877,0,7337.50
R11_1,32,4.05082783872,2,0,278.164934807,0,7963.40
R11_1,33,3.08386773635,1,0,282.646315837,0,7471.20
R11_1,34,3.02724944146,1,0,274.966868537,0,7461.00
R11_1,35,4.46970215735,2,0,334.979137021,0,7196.00
R11_1,36,1.26831256455,0,1,172.028131847,0,7369.70
R11_1,37,3.15100782791,1,0,291.752891649,0,7474.90
R11_1,38,1.33892064953,0,1,181.605090469,0,7422.80
R11_1,39,3.18077174217,1,0,295.789933235,0,7411.30
R11_1,40,2.41823523287,1,0,192.362958823,0,7190.40
R11_1,41,2.36837441411,1,0,185.600064767,0,7338.40
R11_1,42,2.50253816038,1,0,203.79742343,0,7213.00
R11_1,43,2.87350280184,1,0,254.113375533,0,7771.30
R11_1,44,2.90055184766,1,0,257.782184745,0,7851.20
R11_1,45,2.99964711835,1,0,271.223015316,0,9053.50
R11_1,46,2.4672707289,1,0,199.013909868,0,9067.30
R11_1,47,3.24986339248,1,0,305.161209576,0,9063.20
R11_1,48,4.04806233423,2,0,277.789834391,0,9115.40
R11_1,49,2.72778811985,1,0,234.349300631,0,9107.50
R11_1,50,2.47829417204,1,0,200.509079421,0,9092.50
R11_1,51,4.40065174308,2,0,325.613453748,0,9140.50
R11_1,52,3.55131552791,1,0,346.048802388,0,9047.00
R11_1,53,2.31677943681,1,0,178.601957356,0,9033.40
R11_1,54,1.21480657929,0,1,164.770824031,0,9015.90
R11_1,55,3.15756132846,1,0,292.641778575,0,9054.90
R11_1,56,3.1714307694,1,0,294.52296629,0,9050.10
R11_1,57,3.06593620713,1,0,280.214164993,0,9031.60
R11_1,58,2.88903237547,1,0,256.219736074,0,9041.30
R11_1,59,1.07859600774,0,1,146.295843324,0,9021.30
R11_1,60,1.42119200991,0,1,192.764002575,0,9020.30
R11_1,61,3.22176856696,1,0,301.350555575,0,9034.90
R11_1,62,3.01131121363,1,0,272.805080003,0,9177.50
R11_1,63,2.89342039312,1,0,256.814906777,0,9153.60
R11_1,64,1.11525702705,0,1,151.268376782,0,9041.00
R11_2,1,2.53143256738,1,0,238.814761302,0,9046.20
R11_2,2,1.46949307187,0,1,229.155788292,0,8184.30
R11_2,3,3.02925073502,1,0,316.445555768,0,7376.40
R11_2,4,1.29843923272,0,1,202.481298904,0,7401.50
R11_2,5,3.69535923375,1,0,420.319892461,0,7655.50
R11_2,6,2.31477303256,1,0,205.028425427,0,7596.30
R11_2,7,3.3268785176,1,0,362.858247628,0,7409.30
R11_2,8,1.3649001221,0,1,212.845347424,0,7454.60
R11_2,9,3.54962785337,1,0,397.594239656,0,7340.80
R11_2,10,3.22866441791,1,0,347.542537833,0,7481.00
R11_2,11,2.77947818664,1,0,277.495508086,0,7181.20
R11_2,12,2.85977506244,1,0,290.01716894,0,7472.70
R11_2,13,3.25589746518,1,0,351.789315537,0,7409.40
R11_2,14,3.06884270059,1,0,322.619608749,0,7328.20
R11_2,15,2.83880909851,1,0,286.74769317,0,7278.40
R11_2,16,4.64092769387,2,0,411.831725576,0,7451.10
R11_2,17,5.28064553439,2,0,511.590648456,0,7394.70
R11_2,18,3.31616995403,1,0,361.188332081,0,7399.20
R11_2,19,2.92190541678,1,0,299.70590487,0,7677.70
R11_2,20,1.34579295637,0,1,209.865736489,0,7445.60
R11_2,21,1.23381540618,0,1,192.403725762,0,7358.00
R11_2,22,3.13513300451,1,0,332.957055819,0,7420.20
R11_2,23,3.35904498081,1,0,367.874352416,0,7269.50
R11_2,24,1.5459219966,0,1,241.074272857,0,7392.90
R11_2,25,1.27988552474,0,1,199.587995316,0,7434.80
R11_2,26,2.9570733868,1,0,305.190070837,0,7595.30
R11_2,27,2.70134440215,1,0,265.311164166,0,7334.60
R11_2,28,2.99913937445,1,0,311.749927936,0,7349.40
R11_2,29,2.41827480463,1,0,221.168705788,0,7482.00
R11_2,30,5.07394743591,2,0,479.357719562,0,7340.10
R11_2,31,4.25261523452,2,0,351.2774777,0,7450.80
R11_2,32,2.54352332023,1,0,240.700218303,0,7296.10
R11_2,33,3.48969725918,1,0,388.248538873,0,7306.90
R11_2,34,3.11479674603,1,0,329.785777621,0,7271.70
R11_2,35,4.65805022637,2,0,414.501848702,0,7391.90
R11_2,36,1.1883726603,0,1,185.317290002,0,7381.30
R11_2,37,1.26447135768,0,1,197.184278231,0,7911.10
R11_2,38,1.33713064248,0,1,208.51491735,0,7394.40
R11_2,39,1.18356632163,0,1,184.567779611,0,7375.90
R11_2,40,2.96637704383,1,0,306.640902353,0,7347.70
R11_2,41,1.23518371723,0,1,192.617103018,0,7357.30
R11_2,42,1.07251586021,0,1,167.250341023,0,7441.50
R11_2,43,5.20445776798,2,0,499.709770618,0,7510.70
R11_2,44,1.38093419001,0,1,215.34573313,0,7445.50
R11_2,45,3.57463822147,1,0,401.494408175,0,7715.30
R11_2,46,1.53817593682,0,1,239.866336277,0,7381.10
R11_2,47,3.56529573487,1,0,400.037521495,0,7482.50
R11_2,48,2.64146650569,1,0,255.973681175,0,7263.60
R11_2,49,4.7837161041,2,0,434.09844553,0,7386.90
R11_2,50,1.14464579804,0,1,178.498432681,0,7472.80
R11_2,51,3.29325482253,1,0,357.61489909,0,7516.20
R11_2,52,2.98740835091,1,0,309.920567868,0,7414.40
R11_2,53,2.87646228654,1,0,292.619409172,0,7508.00
R11_2,54,1.39021438028,0,1,216.792905191,0,7384.20
R11_2,55,2.7922067666,1,0,279.480429166,0,7953.00
R11_2,56,2.92105524272,1,0,299.573326969,0,7359.50
R11_2,57,2.9058569162,1,0,297.203268505,0,7309.80
R11_2,58,2.80454800236,1,0,281.404946991,0,7256.10
R11_2,59,2.91404565623,1,0,298.480237557,0,7608.10
R11_2,60,3.20392004394,1,0,343.683848988,0,7626.40
R11_2,61,3.25943115036,1,0,352.340365711,0,7673.00
R11_2,62,2.54222962709,1,0,240.49847712,0,7427.60
R11_2,63,4.25420657891,2,0,351.525635235,0,7743.10
R11_2,64,2.48346036095,1,0,231.333876233,0,7495.90
R11_3,1,2.60501305361,1,0,248.153123722,0,7515.30
R11_3,2,3.34855416075,1,0,363.112966532,0,7489.70
R11_3,3,2.20049924319,1,0,185.610725441,0,11274.40
R11_3,4,4.48834283793,2,0,384.725872935,0,15907.50
R11_3,5,4.10688594548,2,0,325.74833427,0,11024.40
R11_3,6,2.58554433723,1,0,245.143040549,0,7655.00
R11_3,7,4.546812781,2,0,393.765985715,0,7671.90
R11_3,8,3.97306428035,2,0,305.057995242,0,7568.00
R11_3,9,2.65319153998,1,0,255.6020612,0,7409.40
R11_3,10,1.02994967357,0,1,159.241838063,0,7352.90
R11_3,11,2.3818226344,1,0,213.645367173,0,7485.10
R11_3,12,2.5893822895,1,0,245.736431264,0,7463.80
R11_3,13,2.68309543093,1,0,260.225540077,0,7510.10
R11_3,14,4.20865964863,2,0,341.483696853,0,7621.10
R11_3,15,2.30152033086,1,0,201.22972518,0,7597.70
R11_3,16,2.61671252865,1,0,249.961994541,0,7531.20
R11_3,17,3.03846735279,1,0,315.170048032,0,7527.80
R11_3,18,4.09598384825,2,0,324.062747055,0,7247.10
R11_3,19,2.35413888375,1,0,209.36514703,0,7591.60
R11_3,20,1.21114466247,0,1,187.256627349,0,7754.40
R11_3,21,4.19518251403,2,0,339.399979813,0,7727.90
R11_3,22,2.45760607242,1,0,225.362341579,0,7668.20
R11_3,23,4.07745158742,2,0,321.197450475,0,7496.70
R11_3,24,4.31474134628,2,0,357.885123984,0,7537.60
R11_3,25,2.57156863706,1,0,242.982239647,0,7416.40
R11_3,26,2.43668614852,1,0,222.127885353,0,7281.40
R11_3,27,4.2585183219,2,0,349.192410181,0,7494.70
R11_3,28,1.13135302741,0,1,174.919940466,0,7599.60
R11_3,29,1.19183513043,0,1,184.271155871,0,7539.60
R11_3,30,2.48006297322,1,0,228.834431772,0,7564.90
R11_3,31,1.0803220401,0,1,167.029974163,0,7557.50
R11_3,32,4.24100936202,2,0,346.485327471,0,7442.40
R11_3,33,1.19296835756,0,1,184.446365569,0,7645.70
R11_3,34,2.71119180857,1,0,264.569557006,0,9413.10
R11_3,35,2.24825065856,1,0,192.993632926,0,9105.40
R11_3,36,2.79145987867,1,0,276.979906121,0,9049.10
R11_3,37,2.55299645396,1,0,240.110770634,0,9199.90
R11_3,38,2.48781375805,1,0,230.032790541,0,9080.10
R11_3,39,2.53894530076,1,0,237.938303842,0,9128.40
R11_3,40,2.35074912051,1,0,208.841051395,0,9114.40
R11_3,41,6.07547901006,3,0,475.50374844,0,9057.10
R11_3,42,1.15227610509,0,1,178.154884301,0,9067.40
R11_3,43,3.05843481878,1,0,318.257243521,0,9040.30
R11_3,44,2.57458072218,1,0,243.447941986,0,9039.90
R11_3,45,4.32630264861,2,0,359.672631743,0,9055.50
R11_3,46,3.9891861042,2,0,307.550611075,0,9094.90
R11_3,47,1.23591994315,0,1,191.087165224,0,9048.50
R11_3,48,0.975189959542,0,1,150.775368548,0,9031.70
R11_3,49,3.96982034313,2,0,304.556445955,0,9109.90
R11_3,50,4.82691644642,2,0,437.073172147,0,9083.30
R11_3,51,3.94966212161,2,0,301.439757509,0,9034.40
R11_3,52,2.43979199544,1,0,222.608084323,0,9060.00
R11_3,53,2.91211682831,1,0,295.634831628,0,9038.70
R11_3,54,2.34302292189,1,0,207.646493932,0,9099.20
R11_3,55,4.17223298052,2,0,335.851723046,0,9040.00
R11_3,56,2.54291921995,1,0,238.552716578,0,9060.30
R11_3,57,2.41453379802,1,0,218.702882072,0,9059.60
R11_3,58,3.83164240353,2,0,283.192577752,0,9043.30
R11_3,59,4.14704707047,2,0,331.957697239,0,9106.20
R11_3,60,3.87909467908,2,0,290.529234846,0,9041.90
R11_3,61,4.13736503315,2,0,330.460745049,0,9090.70
R11_3,62,4.15718509298,2,0,333.525149882,0,9090.90
R11_3,63,2.40314624028,1,0,216.942237186,0,8140.20
R11_3,64,2.95863025388,1,0,302.826331924,0,7674.30
R11_4,1,3.99824062389,2,0,249.268194273,0,7682.40
R11_4,2,1.16525928946,0,1,145.358909968,0,7465.20
R11_4,3,2.86473071524,1,0,232.613656552,0,7545.80
R11_4,4,4.49067473584,2,0,310.696312796,0,7285.80
R11_4,5,0.960470331656,0,1,119.812750458,0,7429.90
R11_4,6,4.01020713707,2,0,250.760942991,0,7328.40
R11_4,7,1.27709719032,0,1,159.309998373,0,7468.50
R11_4,8,2.57832606996,1,0,196.886443368,0,7327.50
R11_4,9,2.90050880966,1,0,237.076753179,0,7645.10
R11_4,10,4.96507201923,2,0,369.874448195,0,7400.20
R11_4,11,2.75597610842,1,0,219.047190063,0,7580.00
R11_4,12,3.03407066383,1,0,253.737770784,0,7685.30
R11_4,13,3.05077098955,1,0,255.821033423,0,7545.90
R11_4,14,1.21337106086,0,1,151.360556736,0,7526.40
R11_4,15,2.22020076647,1,0,152.21252039,0,7388.00
R11_4,16,2.5920303972,1,0,198.595973674,0,7692.30
R11_4,17,2.91446464343,1,0,238.817657374,0,7589.10
R11_4,18,4.3386901278,2,0,291.737170264,0,7398.90
R11_4,19,1.26802971752,0,1,158.178887063,0,7265.50
R11_4,20,2.39014053731,1,0,173.41145875,0,7484.10
R11_4,21,1.08582611467,0,1,135.450111294,0,7338.60
R11_4,22,4.27595860426,2,0,283.911799581,0,7505.50
R11_4,23,2.87981374462,1,0,234.495171447,0,7508.60
R11_4,24,2.829512176,1,0,228.220360981,0,7377.50
R11_4,25,1.7918685227,0,1,223.524547388,0,7398.00
R11_4,26,1.14813762978,0,1,143.223088517,0,7435.80
R11_4,27,4.32148446839,2,0,289.590870363,0,7433.00
R11_4,28,4.1321581605,2,0,265.973581069,0,7394.90
R11_4,29,3.09817451571,1,0,261.734330964,0,7654.40
R11_4,30,4.46034865921,2,0,306.913321764,0,7486.30
R11_4,31,2.42235150823,1,0,177.429578719,0,7996.20
R11_4,32,3.28783330781,1,0,285.393095614,0,7532.30
R11_4,33,2.86334821011,1,0,232.441197563,0,7445.40
R11_4,34,3.76196918046,1,0,344.538621635,0,7382.30
R11_4,35,4.58395947788,2,0,322.33300906,0,7413.10
R11_4,36,2.1950912747,1,0,149.080266147,0,7439.00
R11_4,37,1.45362696597,0,1,181.330999191,0,7332.50
R11_4,38,3.1539548183,1,0,268.692579704,0,7527.40
R11_4,39,4.34839886207,2,0,292.948274988,0,7281.30
R11_4,40,2.91808208791,1,0,239.268911263,0,7314.20
R11_4,41,1.16270304506,0,1,145.040034244,0,7303.40
R11_4,42,3.01286046425,1,0,251.091929195,0,7421.60
R11_4,43,2.616920562,1,0,201.700868231,0,7370.10
R11_4,44,2.64584741392,1,0,205.309314609,0,7429.20
R11_4,45,3.22986430349,1,0,278.161819833,0,7296.80
R11_4,46,4.23030602568,2,0,278.216921952,0,7350.60
R11_4,47,1.10936738798,0,1,138.386739956,0,7351.00
R11_4,48,3.23760366683,1,0,279.127257679,0,7366.30
R11_4,49,2.79648394495,1,0,224.100292849,0,7623.40
R11_4,50,3.03977266658,1,0,254.449060461,0,7548.70
R11_4,51,2.74073936832,1,0,217.146500703,0,7535.20
R11_4,52,3.26854104683,1,0,282.986505037,0,7681.10
R11_4,53,2.63843826158,1,0,204.385068549,0,7433.70
R11_4,54,2.76931155318,1,0,220.710704554,0,7555.80
R11_4,55,3.06800909896,1,0,257.971381261,0,7358.50
R11_4,56,2.30845773966,1,0,163.222033497,0,7338.20
R11_4,57,4.01962508713,2,0,251.93577418,0,7344.00
R11_4,58,2.61426620934,1,0,201.369754107,0,7466.90
R11_4,59,2.49008342488,1,0,185.878717606,0,7483.00
R11_4,60,3.49380400072,1,0,311.086669292,0,7519.70
R11_4,61,3.31144841334,1,0,288.33893439,0,7673.10
R11_4,62,2.19680202834,1,0,149.293672113,0,7635.90
R11_4,63,2.6847973979,1,0,210.168084898,0,15754.70
R11_4,64,2.8833292097,1,0,234.933704034,0,10554.20
R11_5,1,0.897870871545,0,1,161.58839882,0,9020.10
R11_5,2,2.66578335511,1,0,299.788392367,0,9051.20
R11_5,3,2.8264753562,1,0,328.70787732,0,9132.50
R11_5,4,4.03935358095,2,0,367.019234299,0,9224.30
R11_5,5,2.67274507699,1,0,301.041282429,0,9162.20
R11_5,6,3.79810831676,2,0,323.602706156,0,9100.10
R11_5,7,2.28959097529,1,0,232.085645535,0,9068.40
R11_5,8,1.01149745033,0,1,182.037594258,0,9074.10
R11_5,9,2.18977457368,1,0,214.121845814,0,9187.20
R11_5,10,2.64057217734,1,0,295.25117663,0,9163.80
R11_5,11,2.52384819464,1,0,274.244546316,0,9078.70
R11_5,12,2.57170977229,1,0,282.858118649,0,9074.80
R11_5,13,2.16751854704,1,0,210.116463946,0,9064.60
R11_5,14,2.36550366585,1,0,245.747532235,0,9068.90
R11_5,15,4.17005689517,2,0,390.541702768,0,9052.40
R11_5,16,4.547543415,2,0,458.477353928,0,9074.00
R11_5,17,3.9063188007,2,0,343.077175581,0,9146.80
R11_5,18,3.87802339391,2,0,337.984896032,0,9106.60
R11_5,19,3.92584854636,2,0,346.591912979,0,9079.30
R11_5,20,2.32040549154,1,0,237.631285225,0,9106.40
R11_5,21,0.95582060862,0,1,172.017521228,0,9040.00
R11_5,22,4.86458796763,2,0,515.53535997,0,9114.80
R11_5,23,2.49869754272,1,0,269.71822332,0,9051.10
R11_5,24,3.42142032535,2,0,255.810764892,0,8908.60
R11_5,25,3.40262914965,2,0,252.428946759,0,7629.10
R11_5,26,2.49312705737,1,0,268.715711893,0,7545.80
R11_5,27,3.98336242676,2,0,356.942594952,0,7562.70
R11_5,28,2.17839933462,1,0,212.074662056,0,7682.40
R11_5,29,2.50839346808,1,0,271.463183653,0,7313.40
R11_5,30,2.54698292015,1,0,278.408066228,0,7477.80
R11_5,31,3.47038481177,2,0,264.622825969,0,7395.40
R11_5,32,2.61451578209,1,0,290.561848441,0,7640.50
R11_5,33,2.28673139597,1,0,231.571011574,0,7452.60
R11_5,34,0.953492830122,0,1,171.598594619,0,7898.40
R11_5,35,3.73217850263,2,0,311.737421918,0,7298.50
R11_5,36,2.44249411997,1,0,259.603382336,0,7335.90
R11_5,37,1.01328923587,0,1,182.360059064,0,7394.40
R11_5,38,1.03455776676,0,1,186.187722884,0,7358.40
R11_5,39,3.58647631408,2,0,285.515629788,0,7544.70
R11_5,40,4.4116687365,2,0,434.024203219,0,8520.00
R11_5,41,1.12770716144,0,1,202.951671928,0,9012.70
R11_5,42,4.29682357665,2,0,413.355701677,0,9086.60
R11_5,43,3.59613820975,2,0,287.254465852,0,9089.30
R11_5,44,3.30511362554,2,0,234.879232319,0,9049.10
R11_5,45,2.46807037736,1,0,264.206300874,0,9098.10
R11_5,46,1.11907341081,0,1,201.3978695,0,9032.20
R11_5,47,3.94449656345,2,0,349.947967082,0,9090.30
R11_5,48,2.78467486954,1,0,321.185109934,0,9072.70
R11_5,49,3.75001573631,2,0,314.947560615,0,9107.60
R11_5,50,2.60151358817,1,0,288.221864193,0,9106.70
R11_5,51,0.930834170035,0,1,167.520751447,0,8992.70
R11_5,52,2.55828309138,1,0,280.441740149,0,9082.60
R11_5,53,2.17757431787,1,0,211.926185097,0,9123.30
R11_5,54,3.77242663167,2,0,318.980813961,0,9127.00
R11_5,55,0.985891129225,0,1,177.4292652,0,9120.60
R11_5,56,2.39578522185,1,0,251.197255912,0,9124.30
R11_5,57,2.25768444214,1,0,226.343477295,0,10302.40
R11_5,58,4.41732926886,2,0,435.042920264,0,7306.10
R11_5,59,2.57097015325,1,0,282.725010582,0,7581.80
R11_5,60,2.52590496996,1,0,274.614700913,0,7461.20
R11_5,61,2.34914076869,1,0,242.802727547,0,7489.60
R11_5,62,3.93880427897,2,0,348.923535658,0,7423.00
R11_5,63,2.57189773728,1,0,282.89194641,0,7485.90
R11_5,64,1.07274649583,0,1,193.060487978,0,7597.60
R11_6,1,3.98259336779,2,0,378.357166272,0,7375.00
R11_6,2,3.03464829901,1,0,388.291304348,0,7387.20
R11_6,3,2.77051823829,1,0,337.884850395,0,7400.90
R11_6,4,3.11679227826,1,0,403.967621903,0,7493.30
R11_6,5,3.10064643948,1,0,400.886357783,0,7310.10
R11_6,6,2.66210555997,1,0,317.195426925,0,7457.40
R11_6,7,2.26732071662,1,0,241.854876995,0,7373.80
R11_6,8,4.37189735927,2,0,452.651753061,0,7317.30
R11_6,9,5.18531143244,2,0,607.883304186,0,7343.40
R11_6,10,2.87776906971,1,0,358.352547561,0,7397.90
R11_6,11,5.44234936186,2,0,656.936299206,0,7433.50
R11_6,12,3.04402548277,1,0,390.080841595,0,7640.10
R11_6,13,2.91770859621,1,0,365.97458762,0,7553.50
R11_6,14,2.98264083892,1,0,378.366225638,0,7614.30
R11_6,15,3.64079021416,1,0,503.967136367,0,7640.70
R11_6,16,2.17110011074,1,0,223.492182773,0,7477.60
R11_6,17,1.0942773652,0,1,208.831366904,0,7409.90
R11_6,18,2.42427101977,1,0,271.807197479,0,7636.10
R11_6,19,2.38733071814,1,0,264.757528056,0,7793.60
R11_6,20,2.40435284663,1,0,268.006022883,0,7702.20
R11_6,21,1.39676196923,0,1,266.557383484,0,7879.50
R11_6,22,3.0216058727,1,0,385.802293974,0,7485.70
R11_6,23,1.12170575173,0,1,214.065787019,0,7662.40
R11_6,24,2.92481736961,1,0,367.331222522,0,7569.60
R11_6,25,3.52493225679,2,0,291.017339615,0,7413.20
R11_6,26,4.59019861264,2,0,494.312259427,0,7489.00
R11_6,27,3.2614968635,1,0,431.582975464,0,7476.30
R11_6,28,2.80899564287,1,0,345.227859808,0,7385.30
R11_6,29,2.24767612765,1,0,238.105913069,0,7360.00
R11_6,30,2.40301256522,1,0,267.750244223,0,8015.50
R11_6,31,3.03804971574,1,0,388.940429084,0,7231.00
R11_6,32,0.871602120531,0,1,166.33613014,0,7558.30
R11_6,33,4.91397430837,2,0,556.101457723,0,7429.40
R11_6,34,1.16353523648,0,1,222.048505803,0,7341.20
R11_6,35,4.11363864002,2,0,403.365783095,0,7488.70
R11_6,36,3.19386540099,1,0,418.676219634,0,7443.80
R11_6,37,2.55362863845,1,0,296.493743312,0,7572.30
R11_6,38,1.11829359631,0,1,213.414612917,0,7456.30
R11_6,39,2.92137712564,1,0,366.674688015,0,7673.20
R11_6,40,2.74320692018,1,0,332.672771562,0,7426.00
R11_6,41,0.997780012384,0,1,190.415858431,0,7500.20
R11_6,42,1.18316428234,0,1,225.794503489,0,7365.50
R11_6,43,2.97993404314,1,0,377.849662032,0,7560.90
R11_6,44,4.28396535081,2,0,435.870850791,0,7624.10
R11_6,45,1.46576975536,0,1,279.726796254,0,7794.60
R11_6,46,1.09949694095,0,1,209.827468234,0,7409.10
R11_6,47,3.37823103505,1,0,453.860468707,0,7305.00
R11_6,48,1.26875470437,0,1,242.128538528,0,7448.90
R11_6,49,2.77407449411,1,0,338.563524549,0,7308.00
R11_6,50,3.13402926187,1,0,407.257119578,0,7330.90
R11_6,51,2.75473999757,1,0,334.873738513,0,7473.20
R11_6,52,1.40047446823,0,1,267.265875011,0,7840.00
R11_6,53,3.44941969524,1,0,467.446078431,0,7277.40
R11_6,54,6.16944934156,3,0,604.85619038,0,7624.90
R11_6,55,0.941013040404,0,1,179.582476758,0,7321.20
R11_6,56,0.998532138116,0,1,190.559393745,0,7747.50
R11_6,57,4.66193403906,2,0,508.002213758,0,7864.00
R11_6,58,2.66441153736,1,0,317.635498543,0,7523.40
R11_6,59,3.31123639052,1,0,441.075242916,0,9038.50
R11_6,60,2.82065307885,1,0,347.452559294,0,9108.00
R11_6,61,0.96225439051,0,1,183.636165812,0,8992.40
R11_6,62,1.02593519194,0,1,195.788979377,0,9020.10
R11_6,63,2.74120078537,1,0,332.289921758,0,8992.60
R11_6,64,2.76591609551,1,0,337.006579676,0,8204.30
R11_7,1,1.22222986429,0,1,165.289625385,0,7363.30
R11_7,2,4.44542518785,2,0,330.709815736,0,7555.50
R11_7,3,1.01585653686,0,1,137.380497178,0,7270.40
R11_7,4,2.74089427799,1,0,235.43178861,0,7438.60
R11_7,5,2.95975386177,1,0,265.029509687,0,7612.80
R11_7,6,2.55063962206,1,0,209.702487008,0,7588.70
R11_7,7,2.81373267697,1,0,245.282171123,0,7508.40
R11_7,8,2.60616781916,1,0,217.21190497,0,7368.20
R11_7,9,0.988592070288,0,1,133.693356488,0,7618.30
R11_7,10,3.84354649905,2,0,249.314076762,0,7327.30
R11_7,11,3.22757010473,1,0,301.247939431,0,7478.10
R11_7,12,2.40837925076,1,0,190.463746272,0,7339.40
R11_7,13,3.01310562584,1,0,272.24459529,0,7461.10
R11_7,14,2.9220322408,1,0,259.928184003,0,7407.80
R11_7,15,5.54844553706,2,0,479.878008757,0,7816.60
R11_7,16,2.94579787282,1,0,263.142155882,0,8595.30
R11_7,17,1.24260193912,0,1,168.044665755,0,7503.10
R11_7,18,2.75847083091,1,0,237.808773442,0,7909.30
R11_7,19,3.18548111733,1,0,295.555988054,0,7717.60
R11_7,20,2.82898473149,1,0,247.344799808,0,7527.10
R11_7,21,4.19027350921,2,0,296.204092539,0,7334.60
R11_7,22,2.7257282892,1,0,233.380799121,0,7338.80
R11_7,23,4.92574935742,2,0,395.666993081,0,7386.30
R11_7,24,1.27031871358,0,1,171.792974808,0,7768.80
R11_7,25,2.96406679885,1,0,265.612774566,0,7787.50
R11_7,26,1.06923630054,0,1,144.59936934,0,7745.20
R11_7,27,2.83679078062,1,0,248.40045961,0,7960.60
R11_7,28,2.91385581768,1,0,258.822436259,0,7441.00
R11_7,29,2.85159560517,1,0,250.402606649,0,7668.20
R11_7,30,2.50901457198,1,0,204.073276714,0,7357.60
R11_7,31,2.73459641154,1,0,234.580089583,0,7632.00
R11_7,32,2.95999388071,1,0,265.061968918,0,7312.60
R11_7,33,2.94787638974,1,0,263.423246447,0,7515.40
R11_7,34,2.65452889452,1,0,223.752069192,0,7221.00
R11_7,35,3.04654918813,1,0,276.767372915,0,7811.50
R11_7,36,1.23882669351,0,1,167.534116183,0,7392.80
R11_7,37,2.36317304493,1,0,184.350234366,0,7635.30
R11_7,38,2.81791388739,1,0,245.847621799,0,7726.00
R11_7,39,1.07177680403,0,1,144.942937175,0,7442.40
R11_7,40,1.2609411999,0,1,170.524796237,0,7566.70
R11_7,41,4.7807209781,2,0,376.053917678,0,7504.70
R11_7,42,4.83616805144,2,0,383.552364778,0,7678.50
R11_7,43,4.64180502151,2,0,357.267462613,0,7218.80
R11_7,44,3.34366282097,1,0,316.947868011,0,7513.40
R11_7,45,1.26057097166,0,1,170.474728007,0,7348.20
R11_7,46,3.00191542843,1,0,270.731276403,0,7443.20
R11_7,47,2.91661666123,1,0,259.195802031,0,7102.50
R11_7,48,3.13277317615,1,0,288.427970561,0,7563.00
R11_7,49,4.80471691586,2,0,379.299035212,0,7604.80
R11_7,50,2.87504710579,1,0,253.574096616,0,7228.90
R11_7,51,2.6361167806,1,0,221.262086332,0,7285.60
R11_7,52,5.09564174461,2,0,418.642580451,0,7373.60
R11_7,53,2.79510583437,1,0,242.76314919,0,7395.70
R11_7,54,2.43997618082,1,0,194.736792517,0,9458.20
R11_7,55,4.35479846112,2,0,318.453808786,0,7301.90
R11_7,56,4.37048048449,2,0,320.574584791,0,7317.80
R11_7,57,4.71062089988,2,0,366.573855042,0,7451.60
R11_7,58,4.69423309211,2,0,364.357631494,0,7398.20
R11_7,59,2.48635275632,1,0,201.008580677,0,7369.60
R11_7,60,2.8492026901,1,0,250.078998098,0,7432.00
R11_7,61,2.95740593948,1,0,264.711985786,0,7492.00
R11_7,62,1.12902175876,0,1,152.684522781,0,7516.00
R11_7,63,3.1506989054,1,0,290.852176645,0,7380.30
R11_7,64,3.8646163602,2,0,252.163483047,0,7558.60
R11_8,1,1.66469326537,0,1,212.703789143,0,7341.70
R11_8,2,4.50695776688,2,0,320.322925148,0,7305.00
R11_8,3,3.12127346649,1,0,271.042668051,0,7343.60
R11_8,4,2.01025641826,0,1,256.85762429,0,8392.50
R11_8,5,1.29658284094,0,1,165.669008786,0,7473.40
R11_8,6,4.60976037376,2,0,333.458380474,0,7260.30
R11_8,7,2.5799837783,1,0,201.880156195,0,7315.10
R11_8,8,2.53220480355,1,0,195.775266374,0,7404.80
R11_8,9,2.98708400599,1,0,253.89680262,0,7315.30
R11_8,10,1.53167462077,0,1,195.707523032,0,7417.80
R11_8,11,4.65732362736,2,0,339.535706835,0,7458.40
R11_8,12,1.33976526803,0,1,171.186581337,0,7497.40
R11_8,13,3.53458201495,1,0,323.852573739,0,7490.30
R11_8,14,2.67132409775,1,0,213.55103422,0,7546.30
R11_8,15,1.12824644138,0,1,144.1600673,0,7339.00
R11_8,16,1.34224953213,0,1,171.504004612,0,7396.90
R11_8,17,2.20906658433,1,0,154.486744894,0,7519.00
R11_8,18,3.84151818354,2,0,235.297338893,0,7451.80
R11_8,19,2.86286925807,1,0,238.025441752,0,7266.80
R11_8,20,2.35591801798,1,0,173.250475744,0,7563.70
R11_8,21,4.28370545402,2,0,291.797181777,0,7564.80
R11_8,22,3.87771550699,2,0,239.922399868,0,7727.50
R11_8,23,4.61215873009,2,0,333.764827006,0,7452.30
R11_8,24,4.91477386175,2,0,372.431040473,0,7483.00
R11_8,25,4.43546088284,2,0,311.18751356,0,7443.90
R11_8,26,2.55248447103,1,0,198.366471736,0,7435.30
R11_8,27,2.51620560567,1,0,193.730991863,0,7873.60
R11_8,28,4.86480417664,2,0,366.046235786,0,7492.60
R11_8,29,5.42949480029,2,0,438.198768533,0,7788.10
R11_8,30,5.14341913948,2,0,401.64586218,0,7613.10
R11_8,31,2.64528828324,1,0,210.224345445,0,7476.60
R11_8,32,0.94380040245,0,1,120.592739799,0,7512.70
R11_8,33,1.02358242837,0,1,130.786773482,0,7292.60
R11_8,34,2.39087271321,1,0,177.716761683,0,7583.60
R11_8,35,2.59950573261,1,0,204.374545847,0,7437.20
R11_8,36,2.80264220021,1,0,230.330016004,0,7781.30
R11_8,37,2.78550121411,1,0,228.139851144,0,9823.80
R11_8,38,2.88644124217,1,0,241.037318137,0,15856.30
R11_8,39,4.18649133009,2,0,279.375786828,0,9598.60
R11_8,40,1.38626116889,0,1,177.127528236,0,9004.40
R11_8,41,4.19589189469,2,0,280.576930458,0,14425.10
R11_8,42,3.64874564006,2,0,210.666104243,0,9051.10
R11_8,43,2.33435357481,1,0,170.495110014,0,8988.00
R11_8,44,2.73901533976,1,0,222.200185369,0,9000.80
R11_8,45,3.08511511135,1,0,266.422586197,0,9055.80
R11_8,46,2.65723492094,1,0,211.750809904,0,8989.90
R11_8,47,5.24818376156,2,0,415.032011176,0,9006.60
R11_8,48,0.966521625006,0,1,123.495911352,0,9014.80
R11_8,49,2.77235162046,1,0,226.459680717,0,9043.90
R11_8,50,1.25413225952,0,1,160.244946763,0,8980.70
R11_8,51,2.84780457012,1,0,236.100572903,0,9014.30
R11_8,52,1.35302258001,0,1,172.880515319,0,9022.70
R11_8,53,1.42284015788,0,1,181.801355975,0,9032.90
R11_8,54,3.11935330421,1,0,270.797322076,0,9049.80
R11_8,55,4.07718673768,3,0,137.635987054,0,9052.60
R11_8,56,2.9207436726,1,0,245.42026188,0,8967.30
R11_8,57,2.55163218173,1,0,198.257571696,0,9064.30
R11_8,58,2.94103207498,1,0,248.012583331,0,9023.30
R11_8,59,1.23230009484,0,1,157.455373304,0,9028.10
R11_8,60,2.84382041746,1,0,235.591503524,0,9020.70
R11_8,61,3.22083367153,1,0,283.763830141,0,8985.80
R11_8,62,2.41635776165,1,0,180.973077115,0,9023.00
R11_8,63,2.88462508071,1,0,240.805260718,0,8999.50
R11_8,64,1.44025038637,0,1,184.025922895,0,9099.70
R11_9,1,2.77659693894,1,0,315.167559838,0,9041.70
R11_9,2,2.69671773758,1,0,300.997022659,0,9083.80
R11_9,3,4.27801789908,2,0,404.119430121,0,8679.80
R11_9,4,2.96495510734,1,0,348.582220759,0,7541.90
R11_9,5,1.32529047067,0,1,235.105979619,0,7387.10
R11_9,6,2.65103737195,1,0,292.893344749,0,7489.50
R11_9,7,2.97697940078,1,0,350.715325426,0,7361.10
R11_9,8,4.31799551541,2,0,411.211442671,0,7710.30
R11_9,9,0.821102644809,0,1,145.663268504,0,7396.90
R11_9,10,2.57623538873,1,0,279.623503963,0,7503.70
R11_9,11,4.41964995928,2,0,429.244898836,0,7410.40
R11_9,12,3.12106668425,1,0,376.276349732,0,9244.40
R11_9,13,3.01896216829,1,0,358.163050964,0,7378.90
R11_9,14,3.12735360521,1,0,377.391646901,0,7743.10
R11_9,15,2.45190630552,1,0,257.567576187,0,7326.10
R11_9,16,4.78433507668,2,0,493.939887352,0,7745.70
R11_9,17,2.70428749945,1,0,302.339895273,0,7327.10
R11_9,18,2.7075170777,1,0,302.912821115,0,7485.00
R11_9,19,2.78438983598,1,0,316.550016539,0,7557.20
R11_9,20,2.43548345437,1,0,254.654169207,0,7438.70
R11_9,21,3.85521032576,2,0,329.113542042,0,7548.00
R11_9,22,2.77931020933,1,0,315.648892878,0,7309.00
R11_9,23,3.31355103886,1,0,410.422994375,0,7248.70
R11_9,24,2.7908360029,1,0,317.693563875,0,7293.70
R11_9,25,2.63163149307,1,0,289.450749888,0,7262.50
R11_9,26,3.41705457754,1,0,428.784479193,0,7294.80
R11_9,27,2.42519010649,1,0,252.828133563,0,7303.20
R11_9,28,4.88220731104,2,0,511.302381118,0,7263.40
R11_9,29,2.86218926634,1,0,330.351603205,0,7272.90
R11_9,30,3.05755719695,1,0,365.009793036,0,7283.50
R11_9,31,2.35816379026,1,0,240.937692875,0,7495.20
R11_9,32,3.62692864814,2,0,288.616467149,0,7629.60
R11_9,33,1.00619364672,0,1,178.498335447,0,14792.60
R11_9,34,2.82128189165,1,0,323.094651909,0,13327.10
R11_9,35,1.02250016076,0,1,181.391104272,0,8976.70
R11_9,36,2.74115309378,1,0,308.879836413,0,8978.90
R11_9,37,1.05900849092,0,1,187.867666895,0,9039.50
R11_9,38,3.44666245167,1,0,434.036903779,0,9086.10
R11_9,39,4.17538439442,2,0,385.912288978,0,15536.50
R11_9,40,1.21923755685,0,1,216.292236709,0,11194.60
R11_9,41,3.79220046127,2,0,317.935618224,0,9148.80
R11_9,42,5.20050722862,2,0,567.768654431,0,9050.60
R11_9,43,2.64007081689,1,0,290.947882432,0,9123.80
R11_9,44,2.88623003198,1,0,334.616425055,0,9063.20
R11_9,45,4.86643993085,2,0,508.505254415,0,9042.20
R11_9,46,4.80379587302,2,0,497.392224546,0,9033.40
R11_9,47,4.72209594044,2,0,482.898690406,0,9085.90
R11_9,48,2.71600705039,1,0,304.418938748,0,9076.80
R11_9,49,2.50130967987,1,0,266.331714298,0,9024.20
R11_9,50,2.28489070704,1,0,227.939078314,0,9100.40
R11_9,51,3.65372710408,1,0,470.770087202,0,9055.70
R11_9,52,0.95150347755,0,1,168.796322128,0,9010.40
R11_9,53,0.963897891252,0,1,170.995085976,0,9149.90
R11_9,54,2.69746620133,1,0,301.129799818,0,9075.10
R11_9,55,2.0988900458,1,0,194.942638183,0,9031.60
R11_9,56,3.3282283262,1,0,413.026739059,0,9155.50
R11_9,57,2.63044034796,1,0,289.239441241,0,9038.00
R11_9,58,4.53074402982,2,0,448.952940856,0,9097.30
R11_9,59,2.76376118237,1,0,312.890501947,0,9269.40
R11_9,60,2.68409754138,1,0,298.75820509,0,10266.40
R11_9,61,2.50225367584,1,0,266.499178791,0,9140.30
R11_9,62,3.25785718925,1,0,400.542928562,0,9049.00
R11_9,63,2.96934619817,1,0,349.361198452,0,9129.00
R11_9,64,0.937173589722,0,1,166.254205973,0,8987.20
R12_0,1,2.86749432923,1,0,329.506571329,0,10151.40
R12_0,2,4.18203391949,2,0,385.004925627,0,10081.10
R12_0,3,4.78206460339,2,0,490.876226144,0,10136.50
R12_0,4,3.40283033503,1,0,423.962939425,0,10161.80
R12_0,5,2.92653237648,1,0,339.923430016,0,10409.40
R12_0,6,3.32811530754,1,0,410.779985052,0,15455.70
R12_0,7,3.6264520688,1,0,463.419461257,0,19001.80
R12_0,8,3.4901676243,1,0,439.373005355,0,12486.20
R12_0,9,4.91009552605,2,0,513.4664047,0,12549.80
R12_0,10,3.65879481178,1,0,469.126116522,0,12615.60
R12_0,11,1.07388824601,0,1,189.480218705,0,12569.80
R12_0,12,3.41668459716,1,0,426.407428997,0,12352.50
R12_0,13,5.3988474108,2,0,599.703324007,0,11809.60
R12_0,14,3.26373103327,1,0,399.41982126,0,12571.90
R12_0,15,2.84971967601,1,0,326.370355627,0,12508.90
R12_0,16,5.62432189649,2,0,639.486751211,0,12565.20
R12_0,17,2.51895001913,1,0,268.008317342,0,12526.80
R12_0,18,3.19079082609,1,0,386.550021761,0,12518.10
R12_0,19,3.9819395139,1,0,526.142783813,0,12537.50
R12_0,20,3.96753729608,1,0,523.601611217,0,12537.40
R12_0,21,5.15248490297,2,0,556.234348499,0,12627.00
R12_0,22,3.52377301244,1,0,445.302445702,0,12498.80
R12_0,23,3.02533021389,1,0,357.355631095,0,12543.60
R12_0,24,1.50794289338,0,1,266.066185466,0,12525.90
R12_0,25,3.23849659752,1,0,394.967378072,0,12594.40
R12_0,26,2.66487426891,1,0,293.755650797,0,12532.50
R12_0,27,3.8396472464,1,0,501.036288732,0,12597.90
R12_0,28,1.9910006035,1,0,174.85526244,0,12526.10
R12_0,29,4.50018199109,2,0,441.13997172,0,12547.10
R12_0,30,2.84573506636,1,0,325.667298572,0,12615.40
R12_0,31,1.36207227191,0,1,240.32831436,0,12574.10
R12_0,32,1.42533499104,0,1,251.490587436,0,12528.30
R12_0,33,3.14072560093,1,0,377.716356017,0,12606.80
R12_0,34,3.29421290709,1,0,404.798138919,0,12549.00
R12_0,35,4.99291219137,2,0,528.078837527,0,12716.00
R12_0,36,5.70443317811,2,0,653.621837631,0,12567.00
R12_0,37,3.57894215431,1,0,455.036662561,0,12514.40
R12_0,38,3.1968454809,1,0,387.618324094,0,12641.90
R12_0,39,3.75510102701,1,0,486.118687948,0,12628.90
R12_0,40,5.77672866648,2,0,666.377880914,0,12598.80
R12_0,41,3.97876206175,1,0,525.582144165,0,10275.30
R12_0,42,5.2425341908,2,0,572.122927982,0,10375.40
R12_0,43,1.23021780496,0,1,217.063497626,0,10394.90
R12_0,44,1.13188029996,0,1,199.712519045,0,10528.60
R12_0,45,1.93124612864,0,1,340.755139268,0,9953.20
R12_0,46,5.53504861136,2,0,623.735092085,0,10292.10
R12_0,47,4.44767928413,1,0,608.319373277,0,10472.30
R12_0,48,5.60846071886,2,0,636.688155158,0,10288.10
R12_0,49,5.781415239,2,0,667.204794505,0,10560.40
R12_0,50,1.08758028742,0,1,191.896085543,0,10417.60
R12_0,51,2.43156347862,1,0,252.589561369,0,10394.70
R12_0,52,2.9962318161,1,0,352.221418296,0,10265.10
R12_0,53,3.34352134561,1,0,413.498274849,0,10442.80
R12_0,54,2.90342540912,1,0,335.846364042,0,10511.00
R12_0,55,3.54423165241,1,0,448.912232466,0,10225.90
R12_0,56,3.17262173369,1,0,383.34420997,0,10128.90
R12_0,57,3.50600729178,1,0,442.16780609,0,10589.50
R12_0,58,3.2289218564,1,0,393.277980643,0,10101.40
R12_0,59,3.16509271385,1,0,382.015766037,0,10142.50
R12_0,60,3.80782681263,1,0,495.421791346,0,10155.60
R12_0,61,0.941686369199,0,1,166.154103884,0,10505.00
R12_0,62,4.7808379869,2,0,490.659798074,0,10114.60
R12_0,63,3.34160345362,1,0,413.159875957,0,10381.20
R12_0,64,3.32718939211,1,0,410.616613623,0,10216.20
R12_1,1,1.34260590432,0,1,202.675695509,0,10202.50
R12_1,2,3.20162894426,1,0,332.351195608,0,10273.80
R12_1,3,3.14676312157,1,0,324.068818227,0,10342.90
R12_1,4,3.04774688441,1,0,309.121628834,0,11010.60
R12_1,5,4.82458333984,2,0,426.390492611,0,12532.30
R12_1,6,2.99820812786,1,0,301.643409122,0,12536.70
R12_1,7,4.84550154084,2,0,429.548240483,0,12590.40
R12_1,8,2.54899239829,1,0,233.831171643,0,12531.20
R12_1,9,2.84107649917,1,0,277.923297339,0,12434.80
R12_1,10,4.48119206045,2,0,374.553191614,0,12491.30
R12_1,11,2.70900422052,1,0,257.986068666,0,12436.40
R12_1,12,1.62099217534,0,1,244.700038556,0,12451.70
R12_1,13,3.37277563179,1,0,358.18697796,0,12592.30
R12_1,14,1.13822659576,0,1,171.823217969,0,12511.50
R12_1,15,2.76557007739,1,0,266.525078025,0,12584.80
R12_1,16,3.56970381165,1,0,387.914655822,0,12441.80
R12_1,17,3.10405069121,1,0,317.621079913,0,12559.50
R12_1,18,5.49520369437,2,0,527.625297509,0,12526.80
R12_1,19,5.22238259849,2,0,486.44105634,0,12473.50
R12_1,20,3.21705159738,1,0,334.67935232,0,12528.90
R12_1,21,3.0843133891,1,0,314.641596939,0,12614.10
R12_1,22,4.57184807698,2,0,388.238347581,0,12640.10
R12_1,23,5.43744596581,2,0,518.906366831,0,12596.00
R12_1,24,1.1264036476,0,1,170.038461745,0,12552.80
R12_1,25,4.39997249779,2,0,362.292533966,0,11098.70
R12_1,26,3.02260820483,1,0,305.326770378,0,10086.10
R12_1,27,1.06744650434,0,1,161.13847108,0,10096.10
R12_1,28,5.29988174634,2,0,498.140091509,0,10632.70
R12_1,29,3.95650926056,2,0,295.348675198,0,10389.00
R12_1,30,3.26453469826,1,0,341.847256517,0,10341.30
R12_1,31,2.59976597022,1,0,241.495795322,0,10207.10
R12_1,32,3.10564474169,1,0,317.861712916,0,10135.20
R12_1,33,3.22970100648,1,0,336.588868567,0,10639.00
R12_1,34,5.08211918415,2,0,465.267318786,0,10398.70
R12_1,35,4.48361306382,2,0,374.918658905,0,10506.70
R12_1,36,3.06816490211,1,0,312.203870558,0,10384.20
R12_1,37,4.70049100396,2,0,407.657891779,0,10186.20
R12_1,38,1.76605419978,0,1,266.598159665,0,10551.50
R12_1,39,2.63965426576,1,0,247.51721085,0,10218.70
R12_1,40,4.89229882828,2,0,436.612616372,0,10293.00
R12_1,41,5.62184637527,2,0,546.742890653,0,10299.40
R12_1,42,3.10267689789,1,0,317.413696261,0,10157.50
R12_1,43,3.24472091888,1,0,338.856228767,0,10257.90
R12_1,44,3.35582295268,1,0,355.627853189,0,10308.90
R12_1,45,2.45667132924,1,0,219.894664423,0,10578.30
R12_1,46,2.9188521973,1,0,289.664079695,0,10420.00
R12_1,47,3.74094869772,1,0,413.765261928,0,10174.10
R12_1,48,1.00516718167,0,1,151.736974336,0,10122.10
R12_1,49,2.72681454462,1,0,260.674660912,0,10291.00
R12_1,50,2.86060332969,1,0,280.871008164,0,10231.20
R12_1,51,2.74475711961,1,0,263.38321735,0,10272.20
R12_1,52,5.0732162866,2,0,463.923364506,0,10374.50
R12_1,53,2.459010982,1,0,220.247851273,0,10704.90
R12_1,54,4.76814592106,2,0,417.870871875,0,10614.40
R12_1,55,3.05562289418,1,0,310.310567266,0,10260.90
R12_1,56,3.00010826449,1,0,301.930247957,0,10168.30
R12_1,57,2.51369792915,1,0,228.503226148,0,10808.00
R12_1,58,4.78736979743,2,0,420.772849663,0,10278.40
R12_1,59,1.03117912761,0,1,155.663658421,0,10371.90
R12_1,60,1.71285316645,0,1,258.567093812,0,10637.90
R12_1,61,3.37535683602,1,0,358.576628684,0,10206.10
R12_1,62,4.25415640319,2,0,340.280580722,0,10482.90
R12_1,63,3.10101830168,1,0,317.163319631,0,10375.50
R12_1,64,3.46499542452,1,0,372.108196816,0,10432.20
R12_2,1,4.45110210433,2,0,407.59525341,0,10136.70
R12_2,2,2.83054657988,1,0,304.402699418,0,16915.30
R12_2,3,2.62232467029,1,0,269.777351964,0,15193.50
R12_2,4,3.07772448092,1,0,345.506062282,0,12458.60
R12_2,5,2.61440590123,1,0,268.460535062,0,12775.80
R12_2,6,3.09370549843,1,0,348.163555363,0,12518.60
R12_2,7,3.08336315155,1,0,346.443720236,0,12541.30
R12_2,8,2.60896851715,1,0,267.55634917,0,12546.20
R12_2,9,4.02198369058,2,0,336.236892498,0,12485.00
R12_2,10,4.39302234394,2,0,397.93713488,0,12574.30
R12_2,11,4.44647381314,2,0,406.825612066,0,12471.00
R12_2,12,2.59444439932,1,0,265.14112482,0,12482.30
R12_2,13,2.2602345035,1,0,209.565158833,0,12427.40
R12_2,14,5.28780518369,3,0,380.440509579,0,12503.70
R12_2,15,3.15001148725,1,0,357.526712345,0,12490.70
R12_2,16,3.33476787273,1,0,388.249963582,0,12433.10
R12_2,17,4.30905639966,2,0,383.974387152,0,12537.00
R12_2,18,4.42534801364,2,0,403.312590072,0,12598.20
R12_2,19,2.98631026119,1,0,330.304736319,0,12448.10
R12_2,20,2.39305765185,1,0,231.652400615,0,12426.40
R12_2,21,3.05462327184,1,0,341.664548234,0,12465.40
R12_2,22,4.12132154484,2,0,352.755844446,0,12543.40
R12_2,23,3.22465940444,1,0,369.939959704,0,12470.10
R12_2,24,2.17173778731,1,0,194.848986301,0,12616.70
R12_2,25,3.30493221917,1,0,383.288574681,0,12442.80
R12_2,26,1.10523248113,0,1,183.789778658,0,12468.60
R12_2,27,2.48092575242,1,0,246.264040275,0,15974.20
R12_2,28,2.9495750954,1,0,324.196023352,0,19200.20
R12_2,29,4.28895198657,2,0,380.631212124,0,12531.50
R12_2,30,4.37310123268,2,0,394.624441223,0,12496.30
R12_2,31,2.35806617128,1,0,225.83364612,0,12499.30
R12_2,32,4.25227038715,2,0,374.53140674,0,12507.20
R12_2,33,2.7016106466,1,0,282.961864984,0,12420.20
R12_2,34,4.70511500883,2,0,449.835213139,0,12510.90
R12_2,35,5.14725389802,2,0,523.3587568,0,12533.30
R12_2,36,2.67297531725,1,0,278.200078724,0,12587.10
R12_2,37,4.68276945983,2,0,446.119358263,0,12543.90
R12_2,38,2.58991910652,1,0,264.388611139,0,12446.00
R12_2,39,3.9544319363,2,0,325.003670366,0,12478.50
R12_2,40,4.02233582889,2,0,336.29544979,0,18562.80
R12_2,41,2.62844461739,1,0,270.795041674,0,23511.90
R12_2,42,1.12173320786,0,1,186.5336945,0,21981.60
R12_2,43,4.19327305913,2,0,364.720705333,0,13953.40
R12_2,44,3.77848751641,2,0,295.745766224,0,12528.00
R12_2,45,3.91588775342,2,0,318.594134852,0,12677.10
R12_2,46,3.89411437042,2,0,314.973425806,0,17022.70
R12_2,47,3.01554246297,1,0,335.165776857,0,15410.10
R12_2,48,2.3455176163,1,0,223.746939312,0,12451.80
R12_2,49,4.65504311833,2,0,441.508728144,0,12497.30
R12_2,50,3.01573670743,1,0,335.198077885,0,12534.20
R12_2,51,4.33320904007,2,0,387.990744354,0,12544.70
R12_2,52,3.13482011792,1,0,355.000530337,0,12651.80
R12_2,53,2.3872864949,1,0,230.69271143,0,12599.80
R12_2,54,2.95349585706,1,0,324.848009182,0,12565.10
R12_2,55,4.54489545338,2,0,423.192206229,0,12468.90
R12_2,56,4.22147251533,2,0,369.410009984,0,12593.80
R12_2,57,3.73581520788,2,0,288.649762195,0,12481.90
R12_2,58,4.41537677565,2,0,401.654466868,0,12539.30
R12_2,59,4.97035142089,2,0,493.941536739,0,12731.20
R12_2,60,2.88911993453,1,0,314.142898037,0,12470.70
R12_2,61,4.2558529489,2,0,375.127153104,0,12500.10
R12_2,62,2.84178122001,1,0,306.270914529,0,12525.80
R12_2,63,2.33840079,1,0,222.563477957,0,12607.40
R12_2,64,2.52037623852,1,0,252.824285502,0,12404.50
R12_3,1,4.10029759818,2,0,388.540814966,0,10631.10
R12_3,2,4.16273512793,2,0,400.091334624,0,10503.70
R12_3,3,4.09518911428,2,0,387.595780082,0,10621.40
R12_3,4,4.65481406559,3,0,306.129381961,0,10440.50
R12_3,5,2.37617540199,1,0,254.583118453,0,10528.60
R12_3,6,2.57059244834,1,0,290.548953818,0,10545.30
R12_3,7,4.32274280208,2,0,429.691669437,0,10335.10
R12_3,8,4.48612523996,2,0,459.916312659,0,10555.40
R12_3,9,4.37256657097,2,0,438.908728861,0,10204.90
R12_3,10,4.11596733906,2,0,391.439610783,0,10725.90
R12_3,11,2.71991735117,1,0,318.17304837,0,10873.00
R12_3,12,4.06290028465,2,0,381.622565529,0,10252.30
R12_3,13,2.31125132709,1,0,242.572604804,0,10454.80
R12_3,14,5.65107340924,3,0,490.430605575,0,10269.60
R12_3,15,2.94698675169,1,0,360.179347863,0,10532.30
R12_3,16,4.11927094367,2,0,392.050755237,0,10706.70
R12_3,17,3.84403089392,2,0,341.133212249,0,10274.50
R12_3,18,2.92069239611,1,0,355.315070365,0,10540.40
R12_3,19,4.10890812865,2,0,390.133704721,0,10082.70
R12_3,20,2.46125714756,1,0,270.322664503,0,10268.10
R12_3,21,2.3930797799,1,0,257.71031375,0,10254.00
R12_3,22,5.21624785934,3,0,409.990827102,0,10212.60
R12_3,23,2.61568387976,1,0,298.890562896,0,10248.20
R12_3,24,4.56667073862,2,0,474.816683788,0,10566.10
R12_3,25,0.885363343499,0,1,163.786215498,0,10402.90
R12_3,26,2.6452142101,1,0,304.353473784,0,10243.30
R12_3,27,4.39786195921,2,0,443.588204175,0,10374.10
R12_3,28,3.9490952097,2,0,360.569398299,0,10313.90
R12_3,29,2.72362503321,1,0,318.858944408,0,10071.40
R12_3,30,4.40213913814,2,0,444.379453276,0,10221.40
R12_3,31,4.71471530121,2,0,502.203924076,0,10336.50
R12_3,32,4.45658493391,2,0,454.451556333,0,10327.90
R12_3,33,3.05741811193,1,0,380.608400746,0,10331.10
R12_3,34,2.77601912801,1,0,328.551496698,0,10313.20
R12_3,35,3.7816032236,2,0,329.58451652,0,10505.20
R12_3,36,4.03869634349,2,0,377.145000526,0,10375.60
R12_3,37,2.58783292763,1,0,293.73832559,0,10612.70
R12_3,38,2.93236641199,1,0,357.474684149,0,10753.00
R12_3,39,4.18458976643,2,0,404.134294565,0,10608.70
R12_3,40,2.70119166352,1,0,314.708923122,0,10691.40
R12_3,41,4.15723854492,2,0,399.074504034,0,10323.10
R12_3,42,4.14927018548,2,0,397.600411567,0,10343.00
R12_3,43,6.12916215184,3,0,578.87378136,0,10308.90
R12_3,44,2.37798525856,1,0,254.917929648,0,10399.30
R12_3,45,3.90292210785,2,0,352.027687525,0,10250.80
R12_3,46,6.09433714848,3,0,572.431391863,0,10210.00
R12_3,47,2.68537050842,1,0,311.782116702,0,10183.20
R12_3,48,2.91629736705,1,0,354.502019789,0,10302.80
R12_3,49,4.21744280392,2,0,410.211883746,0,10236.70
R12_3,50,1.20646826464,0,1,223.188448714,0,10402.50
R12_3,51,2.97285710503,1,0,364.965187821,0,10390.60
R12_3,52,2.65883316949,1,0,306.872888931,0,10316.80
R12_3,53,1.19995640914,0,1,221.983799599,0,10623.50
R12_3,54,2.35900475043,1,0,251.406664337,0,10131.40
R12_3,55,2.50029697234,1,0,277.544767384,0,10167.50
R12_3,56,2.79728157,1,0,332.484904301,0,10221.40
R12_3,57,4.4156627826,2,0,446.881235807,0,10392.80
R12_3,58,2.76032642456,1,0,325.648452962,0,10624.70
R12_3,59,5.62615013488,3,0,485.819968807,0,10572.10
R12_3,60,2.91471215895,1,0,354.208767038,0,10319.80
R12_3,61,5.18228048891,3,0,403.707093881,0,10581.00
R12_3,62,3.37439588688,2,0,254.253920224,0,10265.80
R12_3,63,4.10251107056,2,0,388.950292349,0,10475.70
R12_3,64,3.99927842491,2,0,369.852952854,0,10450.80
R12_4,1,2.66061368787,1,0,228.194338125,0,12526.30
R12_4,2,2.68934746543,1,0,232.142809344,0,12525.50
R12_4,3,3.33259061195,1,0,320.53449559,0,12586.10
R12_4,4,4.53681979215,2,0,348.598784679,0,12546.60
R12_4,5,2.9094521264,1,0,262.388638217,0,12477.00
R12_4,6,5.31810980799,2,0,455.960273598,0,12520.40
R12_4,7,2.58516787627,1,0,217.826901576,0,11688.10
R12_4,8,5.05955456743,2,0,420.430732669,0,10498.40
R12_4,9,4.91490319502,2,0,400.553367797,0,10187.90
R12_4,10,4.63230567413,2,0,361.720040874,0,10270.20
R12_4,11,3.24629333127,1,0,308.675897175,0,10019.10
R12_4,12,4.57351780495,2,0,353.641666599,0,10098.80
R12_4,13,3.00608578884,1,0,275.66761743,0,10912.70
R12_4,14,3.18133150934,1,0,299.749125063,0,12425.20
R12_4,15,4.55092623084,2,0,350.537230365,0,12438.00
R12_4,16,4.28752863736,2,0,314.342274279,0,12435.50
R12_4,17,2.81066539545,1,0,248.81379366,0,12459.90
R12_4,18,3.1168955194,1,0,290.894610504,0,12452.00
R12_4,19,1.18898032425,0,1,163.384524719,0,12529.40
R12_4,20,4.32205716069,2,0,319.087034355,0,12629.30
R12_4,21,3.98741022684,2,0,273.101302615,0,12603.70
R12_4,22,2.76419156963,1,0,242.42756187,0,12484.60
R12_4,23,4.77615058306,2,0,381.486585029,0,12524.20
R12_4,24,6.22391291653,3,0,443.016144895,0,12581.80
R12_4,25,1.3248806503,0,1,182.059358717,0,12476.50
R12_4,26,3.20681006706,1,0,303.250278075,0,12507.40
R12_4,27,4.80881017432,2,0,385.974524557,0,12136.40
R12_4,28,3.29238405255,1,0,315.009484398,0,10376.20
R12_4,29,3.90398896082,2,0,261.637913673,0,10596.40
R12_4,30,6.22558076523,3,0,443.245333438,0,10245.60
R12_4,31,2.43074630629,1,0,196.606958485,0,10379.50
R12_4,32,4.29153167012,2,0,314.892353698,0,10353.60
R12_4,33,2.66320655131,1,0,228.550638185,0,10124.40
R12_4,34,4.17558866104,2,0,298.959967731,0,10378.10
R12_4,35,5.09079024362,2,0,424.723003959,0,10529.80
R12_4,36,4.82751870876,2,0,388.545370303,0,10339.20
R12_4,37,3.00856906615,1,0,276.008858639,0,10506.70
R12_4,38,4.37201042047,2,0,325.951394884,0,10404.90
R12_4,39,4.15891671662,2,0,296.668981362,0,10289.10
R12_4,40,2.84349908884,1,0,253.325657547,0,10252.80
R12_4,41,3.37719289529,1,0,326.663548121,0,10304.90
R12_4,42,5.05893645496,2,0,420.345794333,0,10147.90
R12_4,43,4.28987183121,2,0,314.664265827,0,10252.30
R12_4,44,2.96916285025,1,0,270.593827183,0,10473.80
R12_4,45,4.46133914332,2,0,338.226560949,0,10511.10
R12_4,46,5.00071954491,2,0,412.345878787,0,10245.90
R12_4,47,4.47780100537,2,0,340.488678708,0,10079.70
R12_4,48,3.04494317772,1,0,281.007231454,0,10041.40
R12_4,49,5.31575671504,2,0,455.63692176,0,10145.00
R12_4,50,3.97203533557,2,0,270.988551671,0,10634.30
R12_4,51,2.67512754063,1,0,230.188768889,0,10076.40
R12_4,52,2.85279840667,1,0,254.603529513,0,10384.10
R12_4,53,4.6389351029,2,0,362.631028252,0,10625.00
R12_4,54,4.17165419121,2,0,298.419309933,0,10206.90
R12_4,55,1.34825725244,0,1,185.271670101,0,10447.10
R12_4,56,4.92843404579,2,0,402.412718686,0,10438.30
R12_4,57,4.53649798711,2,0,348.554563624,0,10242.60
R12_4,58,3.15364436069,1,0,295.944477054,0,10516.30
R12_4,59,4.12633780361,2,0,292.192128289,0,10486.80
R12_4,60,5.16202861495,2,0,434.512272296,0,10325.00
R12_4,61,4.26090772931,2,0,310.684144435,0,10441.60
R12_4,62,4.13430825776,2,0,293.287393566,0,10287.00
R12_4,63,2.51020460198,1,0,207.525773213,0,10361.90
R12_4,64,5.10986896409,2,0,427.344719064,0,10190.30
R12_5,1,3.36890966197,1,0,289.96997695,0,10142.70
R12_5,2,4.23897318878,2,0,274.064906046,0,10875.10
R12_5,3,4.88555710024,3,0,230.804474173,0,12540.70
R12_5,4,4.69091570585,2,0,329.385614708,0,12540.30
R12_5,5,3.09927161615,1,0,256.964523349,0,12584.80
R12_5,6,1.00599860702,0,1,123.140783953,0,12489.30
R12_5,7,3.42775341651,1,0,297.172835894,0,12488.60
R12_5,8,4.56678681784,2,0,314.191430071,0,10744.90
R12_5,9,4.90313759779,2,0,355.362956986,0,10321.60
R12_5,10,3.84368092668,1,0,348.08507306,0,10389.40
R12_5,11,0.952569583286,0,1,116.600723338,0,10108.10
R12_5,12,4.37937633626,2,0,291.251166077,0,10539.40
R12_5,13,1.53624996841,0,1,188.047005371,0,10373.80
R12_5,14,3.11508757841,1,0,258.900500177,0,10446.90
R12_5,15,2.53782824198,1,0,188.240196339,0,10558.40
R12_5,16,5.70649371018,2,0,453.698979306,0,10485.10
R12_5,17,1.80989563885,0,1,221.543018336,0,10918.80
R12_5,18,2.37546439463,1,0,168.365803562,0,10624.70
R12_5,19,4.42547406172,2,0,296.893828017,0,10295.90
R12_5,20,5.40818335613,2,0,417.183848368,0,10249.00
R12_5,21,2.41354878805,1,0,173.027581451,0,10170.70
R12_5,22,3.54964325137,1,0,312.092945838,0,10184.30
R12_5,23,3.39195718919,1,0,292.791144444,0,10163.20
R12_5,24,6.13381298097,3,0,383.599126823,0,10326.50
R12_5,25,3.15195090081,1,0,263.412811017,0,10383.00
R12_5,26,3.26155034694,1,0,276.828497304,0,10232.70
R12_5,27,5.21126132373,2,0,393.079308582,0,10268.70
R12_5,28,2.58628194804,1,0,194.171245654,0,10252.20
R12_5,29,3.18327190492,1,0,267.246705988,0,10173.50
R12_5,30,3.6467699052,1,0,323.981881083,0,10366.70
R12_5,31,2.52520908334,1,0,186.695529103,0,10483.30
R12_5,32,2.77968024351,1,0,217.844457081,0,10178.50
R12_5,33,3.15555837978,1,0,263.854389946,0,10191.50
R12_5,34,3.26336729542,1,0,277.050903636,0,10310.10
R12_5,35,5.20225400575,2,0,391.976754174,0,10423.10
R12_5,36,3.77757033486,1,0,339.992705887,0,10422.30
R12_5,37,5.35238212474,2,0,410.353414079,0,10145.90
R12_5,38,3.1965304194,1,0,268.869634544,0,10366.00
R12_5,39,5.26099526409,2,0,399.167066917,0,10503.90
R12_5,40,3.20768950617,1,0,270.235579471,0,10109.00
R12_5,41,4.36205192766,2,0,289.130545588,0,10154.00
R12_5,42,3.02295508217,1,0,247.622882359,0,10378.10
R12_5,43,3.01710909722,1,0,246.907295713,0,10343.30
R12_5,44,5.3798358082,2,0,413.713923806,0,10401.90
R12_5,45,2.60584150673,1,0,196.565463076,0,10341.20
R12_5,46,4.33472525698,2,0,285.785583055,0,10285.90
R12_5,47,5.00550605185,2,0,367.893522731,0,16769.30
R12_5,48,3.14333579074,1,0,262.358265413,0,12530.30
R12_5,49,3.20235988015,1,0,269.58319852,0,12532.60
R12_5,50,5.23053620046,2,0,395.438679076,0,12657.70
R12_5,51,4.78619644444,2,0,341.048597902,0,12591.00
R12_5,52,3.19496027985,1,0,268.677439232,0,12537.00
R12_5,53,3.04028429898,1,0,249.744091403,0,12572.00
R12_5,54,3.33455671758,1,0,285.764952734,0,12636.40
R12_5,55,5.31319092951,2,0,405.556156438,0,12602.00
R12_5,56,5.47646013558,2,0,425.541371021,0,12605.50
R12_5,57,5.06263943275,3,0,252.480505429,0,12695.90
R12_5,58,4.88726803088,2,0,353.420418601,0,12528.70
R12_5,59,2.97209455532,1,0,241.397222498,0,12552.90
R12_5,60,4.74045427351,2,0,335.449458152,0,12578.90
R12_5,61,3.28992760467,1,0,280.302058538,0,12505.60
R12_5,62,4.58415698368,2,0,316.317651542,0,12583.70
R12_5,63,5.13252641835,2,0,383.441643175,0,12682.10
R12_5,64,5.1063272755,2,0,380.234697394,0,12566.70
R12_6,1,4.43194364259,2,0,424.856528914,0,10338.30
R12_6,2,5.1292437548,2,0,546.673704317,0,10547.10
R12_6,3,3.18024813663,1,0,380.885740638,0,10329.40
R12_6,4,4.75615589213,2,0,481.495872258,0,10324.90
R12_6,5,2.83525074328,1,0,320.615267073,0,10333.90
R12_6,6,1.34476388212,0,1,234.928024302,0,10319.10
R12_6,7,4.37973423011,2,0,415.735630972,0,10422.70
R12_6,8,3.05248597393,1,0,358.56590229,0,10683.30
R12_6,9,4.82225645978,2,0,493.043532015,0,10174.60
R12_6,10,5.03398664051,2,0,530.032444125,0,10541.80
R12_6,11,2.40499750022,1,0,245.450737681,0,10267.00
R12_6,12,2.99895761518,1,0,349.21458662,0,10275.40
R12_6,13,2.86448221119,1,0,325.721956132,0,10381.20
R12_6,14,4.94270832124,2,0,514.086272835,0,10154.90
R12_6,15,2.64079854812,1,0,286.644790442,0,10062.30
R12_6,16,4.9213640734,2,0,510.357468067,0,10136.80
R12_6,17,3.09863387837,1,0,366.627864811,0,10270.90
R12_6,18,2.77549757227,1,0,310.176487003,0,10747.60
R12_6,19,2.87945262942,1,0,328.337263417,0,10604.80
R12_6,20,5.02376203289,2,0,528.246222098,0,10496.20
R12_6,21,4.57703825655,2,0,450.204317805,0,10870.30
R12_6,22,5.11728100872,2,0,544.583832379,0,12609.00
R12_6,23,2.97874885106,1,0,345.684148978,0,12537.90
R12_6,24,4.09975072533,2,0,366.822976126,0,12523.60
R12_6,25,1.24594728014,0,1,217.664927501,0,12484.70
R12_6,26,2.94789707342,1,0,340.294394491,0,12523.70
R12_6,27,1.66504827577,0,1,290.881177724,0,12588.10
R12_6,28,2.73583793533,1,0,303.248014076,0,12549.40
R12_6,29,6.95171096133,3,0,690.357363919,0,12587.10
R12_6,30,3.06334349542,1,0,360.462693324,0,12558.10
R12_6,31,5.05872529539,2,0,534.354246183,0,17050.90
R12_6,32,3.12339596848,1,0,370.953760967,0,22022.20
R12_6,33,3.97655988002,2,0,345.301739361,0,13294.80
R12_6,34,4.84850999861,2,0,497.629981793,0,11055.70
R12_6,35,5.15877644799,2,0,551.833016934,0,10475.20
R12_6,36,4.01302674414,2,0,351.672440161,0,10294.50
R12_6,37,5.2505731214,2,0,567.869743834,0,10099.30
R12_6,38,5.79085822382,3,0,487.558312165,0,10224.50
R12_6,39,4.70001908989,2,0,471.688865827,0,10111.30
R12_6,40,4.44878191227,2,0,427.798146754,0,10125.60
R12_6,41,3.47044046742,1,0,431.581860489,0,10187.30
R12_6,42,2.960108093,1,0,342.4276394,0,10284.50
R12_6,43,4.63994963768,2,0,461.194831955,0,10554.10
R12_6,44,3.23476705389,1,0,390.410105241,0,10660.00
R12_6,45,2.98658475568,1,0,347.053068545,0,10678.10
R12_6,46,3.23939481764,1,0,391.218567908,0,10752.60
R12_6,47,2.57835466588,1,0,275.735947574,0,10463.90
R12_6,48,4.40894310593,2,0,420.83837323,0,10500.50
R12_6,49,4.69413966035,2,0,470.661739219,0,10599.40
R12_6,50,1.51426531358,0,1,264.539643812,0,10474.10
R12_6,51,5.17036685127,2,0,553.857841203,0,10609.20
R12_6,52,4.92861990998,2,0,511.625050708,0,10480.80
R12_6,53,1.09143737197,0,1,190.672302294,0,10571.10
R12_6,54,2.6308606275,1,0,284.90865216,0,10232.40
R12_6,55,1.12381150565,0,1,196.328009861,0,10302.80
R12_6,56,2.3475320793,1,0,235.411623767,0,10258.80
R12_6,57,2.87009703059,1,0,326.702855787,0,10386.80
R12_6,58,2.82158284236,1,0,318.227507406,0,10401.20
R12_6,59,3.08412519654,1,0,364.093222111,0,10522.60
R12_6,60,2.9220565995,1,0,335.780106469,0,10718.20
R12_6,61,3.04934481568,1,0,358.017147143,0,10642.40
R12_6,62,3.02544841741,1,0,353.842485921,0,10270.40
R12_6,63,2.59834182434,1,0,279.227671075,0,10665.30
R12_6,64,3.28043389808,1,0,398.388027332,0,10275.30
R12_7,1,2.31661845959,1,0,198.650070139,0,10420.40
R12_7,2,2.71234989186,1,0,258.357630977,0,10122.90
R12_7,3,4.7342579885,2,0,412.542097703,0,10196.60
R12_7,4,2.8516648085,1,0,279.377325605,0,10333.90
R12_7,5,1.51536154799,0,1,228.636227604,0,10416.10
R12_7,6,4.30141143314,2,0,347.234644389,0,10566.10
R12_7,7,1.37976349979,0,1,208.177330352,0,10289.50
R12_7,8,4.7149182397,2,0,409.624135838,0,10255.50
R12_7,9,4.84130857167,2,0,428.693782119,0,12763.00
R12_7,10,3.14255032438,1,0,323.265839936,0,17999.40
R12_7,11,3.32932062382,1,0,351.445555033,0,12530.20
R12_7,12,1.49508122572,0,1,225.576352959,0,12473.20
R12_7,13,4.3730785232,2,0,358.047702921,0,12452.40
R12_7,14,2.73256341869,1,0,261.407427594,0,12477.10
R12_7,15,3.33245150628,1,0,351.917939433,0,12496.40
R12_7,16,6.12575147676,3,0,471.610241808,0,12545.00
R12_7,17,4.2354277895,2,0,337.279098543,0,12502.10
R12_7,18,2.71795950614,1,0,259.204003942,0,12451.50
R12_7,19,4.61741782764,2,0,394.913371644,0,12535.50
R12_7,20,4.81037194565,2,0,424.026095073,0,12547.60
R12_7,21,3.19809204118,1,0,331.645918354,0,12587.10
R12_7,22,3.97468186558,2,0,297.93801556,0,12554.70
R12_7,23,5.01022778754,2,0,454.180143666,0,12528.60
R12_7,24,2.77459683314,1,0,267.749386928,0,12498.80
R12_7,25,1.46006965644,0,1,220.293842569,0,12439.30
R12_7,26,1.1607521003,0,1,175.133110477,0,12459.10
R12_7,27,4.71708167295,2,0,409.950552473,0,12464.30
R12_7,28,2.69261014981,1,0,255.379318533,0,12475.80
R12_7,29,4.85341789598,2,0,430.520824802,0,12527.40
R12_7,30,4.53452979725,2,0,382.40730891,0,12488.20
R12_7,31,3.51478012031,1,0,379.4274975,0,11151.80
R12_7,32,2.89380353236,1,0,285.735173917,0,10145.70
R12_7,33,3.03889080713,1,0,307.625796138,0,10190.50
R12_7,34,3.29263132472,1,0,345.909910453,0,10236.50
R12_7,35,3.1171780804,1,0,319.437701261,0,10403.00
R12_7,36,2.90926082466,1,0,288.067354646,0,10288.00
R12_7,37,3.26803087341,1,0,342.19821908,0,10289.90
R12_7,38,4.38156592932,2,0,359.328274227,0,10343.90
R12_7,39,5.18997569716,2,0,481.300327644,0,10302.20
R12_7,40,5.28818159065,2,0,496.117534169,0,10220.00
R12_7,41,3.83106040234,2,0,276.268553509,0,10270.00
R12_7,42,5.13525058326,2,0,473.043457451,0,10425.90
R12_7,43,4.58345394255,2,0,389.78893479,0,10471.80
R12_7,44,4.73792832033,2,0,413.095873681,0,11225.30
R12_7,45,3.13062409197,1,0,321.466421975,0,10253.10
R12_7,46,4.41863166345,2,0,364.920714947,0,10316.70
R12_7,47,3.65581223553,1,0,400.706281324,0,10555.80
R12_7,48,4.89114599519,2,0,436.213202498,0,10095.80
R12_7,49,3.19073892057,1,0,330.536486906,0,10413.50
R12_7,50,5.06092423816,2,0,461.829173191,0,10333.60
R12_7,51,4.6205341239,2,0,395.383555292,0,10418.70
R12_7,52,5.10774681722,2,0,468.893716869,0,10298.40
R12_7,53,4.47459267447,2,0,373.364056056,0,10267.80
R12_7,54,2.9814796881,1,0,298.963664191,0,10377.10
R12_7,55,2.92215195838,1,0,290.012355948,0,10352.20
R12_7,56,4.35814173906,2,0,355.79405594,0,10201.70
R12_7,57,1.22534795058,0,1,184.879267456,0,10049.20
R12_7,58,2.42333583955,1,0,214.751481189,0,10358.70
R12_7,59,1.34347747569,0,1,202.702531498,0,10497.30
R12_7,60,4.27378132293,2,0,343.065841126,0,10541.10
R12_7,61,4.60497500444,2,0,393.036010981,0,10369.60
R12_7,62,3.03038195905,1,0,306.341989691,0,10563.30
R12_7,63,4.35281128355,2,0,354.989802169,0,10456.60
R12_7,64,3.30881680569,1,0,348.351959558,0,10221.20
R12_8,1,3.08687493886,1,0,296.977773768,0,10474.00
R12_8,2,4.65376036066,2,0,377.649771603,0,10309.50
R12_8,3,2.72760004439,1,0,245.850292986,0,10362.80
R12_8,4,3.86841272069,2,0,265.888980666,0,10263.80
R12_8,5,4.72024446027,2,0,387.110951823,0,10135.80
R12_8,6,2.44000490621,1,0,204.923372885,0,10346.00
R12_8,7,3.07122312198,1,0,294.7504042,0,10420.30
R12_8,8,3.08911235419,1,0,297.296174556,0,10162.20
R12_8,9,4.08114510535,2,0,296.162375985,0,10387.60
R12_8,10,5.87157927907,3,0,408.64701838,0,10180.40
R12_8,11,3.91550782379,2,0,272.590962953,0,10257.00
R12_8,12,3.79780409513,2,0,255.840849829,0,10306.70
R12_8,13,3.88591750344,2,0,268.380041014,0,10222.60
R12_8,14,1.18062836453,0,1,168.012168251,0,10491.10
R12_8,15,4.59711193893,2,0,369.588281257,0,10084.40
R12_8,16,3.71499732455,1,0,386.364245513,0,10113.80
R12_8,17,2.78420452295,1,0,253.905529895,0,10419.40
R12_8,18,4.67076069463,2,0,380.069045151,0,10299.10
R12_8,19,4.75268922604,2,0,391.728082505,0,10344.60
R12_8,20,2.93817035439,1,0,275.816009054,0,10640.70
R12_8,21,4.74211282219,2,0,390.222981834,0,15756.50
R12_8,22,2.78090113809,1,0,253.43543374,0,21913.20
R12_8,23,4.98857710493,2,0,425.296676304,0,13018.40
R12_8,24,1.31551044718,0,1,187.206888491,0,12455.10
R12_8,25,4.06546208543,2,0,293.930565993,0,12559.80
R12_8,26,1.46044181682,0,1,207.831696764,0,12493.40
R12_8,27,2.56706086511,1,0,223.004377701,0,12538.00
R12_8,28,2.71651412708,1,0,244.272684774,0,12509.80
R12_8,29,2.7244087331,1,0,245.396145734,0,12457.20
R12_8,30,2.65831364697,1,0,235.990325015,0,12664.30
R12_8,31,3.21231320154,1,0,314.828568419,0,12486.20
R12_8,32,3.09731463457,1,0,298.463419857,0,12549.70
R12_8,33,4.81994304274,2,0,401.298799172,0,12556.50
R12_8,34,2.66482243027,1,0,236.916573128,0,12540.60
R12_8,35,5.18546239601,2,0,453.314912732,0,12591.40
R12_8,36,3.46224918242,1,0,350.39631127,0,12518.00
R12_8,37,1.01237007889,0,1,144.067766909,0,12551.80
R12_8,38,3.43949427412,1,0,347.158119138,0,12522.00
R12_8,39,3.33149512206,1,0,331.789039204,0,12562.40
R12_8,40,2.8649794317,1,0,265.400398193,0,12470.40
R12_8,41,5.14245773973,2,0,447.19503135,0,12569.40
R12_8,42,1.44765137224,0,1,206.011521685,0,12577.20
R12_8,43,2.42723600338,1,0,203.106263358,0,12542.70
R12_8,44,3.18779547282,1,0,311.339513873,0,12565.30
R12_8,45,5.21187053856,2,0,457.07298718,0,11396.40
R12_8,46,4.26612562927,2,0,322.486475796,0,10076.50
R12_8,47,5.00939825248,2,0,428.259679947,0,10466.00
R12_8,48,2.69752265218,1,0,241.570057112,0,10394.80
R12_8,49,3.33279452559,1,0,331.973953958,0,10625.50
R12_8,50,3.3373450664,1,0,332.621529649,0,10397.70
R12_8,51,1.52272558301,0,1,216.695138401,0,10279.60
R12_8,52,3.30144749119,1,0,327.513038587,0,10523.90
R12_8,53,4.92812591398,2,0,416.694023708,0,10205.10
R12_8,54,3.43337850033,1,0,346.287799192,0,10408.60
R12_8,55,2.39099149759,1,0,197.948401503,0,10536.60
R12_8,56,0.971921632029,0,1,138.311653076,0,10242.80
R12_8,57,4.1349457763,2,0,303.818610284,0,10359.50
R12_8,58,2.32449476331,1,0,188.485423276,0,10523.10
R12_8,59,4.48102460068,2,0,353.06819247,0,10232.80
R12_8,60,5.01060709701,2,0,428.431707484,0,10582.30
R12_8,61,3.51338186645,1,0,357.672871254,0,10383.30
R12_8,62,4.87423629341,2,0,409.025131217,0,10389.40
R12_8,63,2.29868342799,1,0,184.812278921,0,10177.50
R12_8,64,2.72571714806,1,0,245.582342882,0,10369.90
R12_9,1,4.7583164065,2,0,364.188414471,0,10316.50
R12_9,2,2.91016010806,1,0,252.203909422,0,10204.10
R12_9,3,3.04285927493,1,0,269.72456045,0,10432.50
R12_9,4,5.13942567903,2,0,414.507363151,0,10372.90
R12_9,5,4.73506446827,2,0,361.118394477,0,10393.90
R12_9,6,3.67026756661,1,0,352.563073985,0,10412.60
R12_9,7,1.4287518549,0,1,188.64219909,0,10390.50
R12_9,8,5.81805842183,2,0,504.109187666,0,10469.70
R12_9,9,5.13762574882,2,0,414.269713211,0,10399.80
R12_9,10,3.13562110735,1,0,281.972170838,0,10503.10
R12_9,11,4.8674064042,2,0,378.591879281,0,10239.40
R12_9,12,3.01013466097,1,0,265.403835951,0,10385.90
R12_9,13,5.16316458396,2,0,417.641678753,0,10504.20
R12_9,14,5.42584351204,2,0,452.323929892,0,12638.40
R12_9,15,5.56413222454,2,0,470.582584639,0,10481.40
R12_9,16,2.87250040529,1,0,247.231591014,0,10605.80
R12_9,17,1.914789156,0,1,252.815095878,0,10755.40
R12_9,18,5.15943942442,2,0,417.149835271,0,10407.50
R12_9,19,2.35788058036,1,0,179.28486175,0,10436.00
R12_9,20,3.03679935841,1,0,268.924452317,0,10733.10
R12_9,21,2.41877526983,1,0,187.324961993,0,10393.10
R12_9,22,2.5059139191,1,0,198.830127404,0,10376.90
R12_9,23,6.31144217369,3,0,437.219193566,0,10420.90
R12_9,24,5.76286109707,3,0,364.788462983,0,10455.40
R12_9,25,2.66821912868,1,0,220.259749039,0,10867.70
R12_9,26,3.42986369697,1,0,320.821862602,0,10572.60
R12_9,27,3.51417539609,1,0,331.953777691,0,10335.90
R12_9,28,3.36743595122,1,0,312.579348549,0,10673.00
R12_9,29,5.38545399235,2,0,446.991185941,0,10518.60
R12_9,30,2.66911332265,1,0,220.37781203,0,10699.60
R12_9,31,4.53077251238,2,0,334.145142485,0,10766.10
R12_9,32,3.68380437221,1,0,354.350377195,0,10491.70
R12_9,33,1.36807407061,0,1,180.63073746,0,10855.90
R12_9,34,3.0817391596,1,0,274.857982968,0,10936.90
R12_9,35,5.13704117203,2,0,414.192529863,0,10682.40
R12_9,36,4.4319574937,2,0,321.09831258,0,10507.60
R12_9,37,3.11445501459,1,0,279.177550994,0,10489.70
R12_9,38,3.11083304465,1,0,278.699331931,0,10695.60
R12_9,39,5.04602610607,2,0,402.175550054,0,10770.50
R12_9,40,4.03934211706,2,0,269.260180024,0,10438.70
R12_9,41,5.16608870841,2,0,418.027759278,0,10733.40
R12_9,42,2.75652843161,1,0,231.919479206,0,10651.60
R12_9,43,5.33292203568,2,0,440.055241259,0,10496.50
R12_9,44,3.34789294998,1,0,309.999030128,0,10390.10
R12_9,45,2.67253694292,1,0,220.829842418,0,10830.40
R12_9,46,2.49106698856,1,0,196.869844647,0,10646.50
R12_9,47,3.16842120305,1,0,286.302861406,0,10444.30
R12_9,48,3.73339507202,1,0,360.89797931,0,10371.90
R12_9,49,5.61700679413,2,0,477.563765484,0,10461.80
R12_9,50,3.59313413613,1,0,342.378926261,0,10245.30
R12_9,51,2.56175003324,1,0,206.20232946,0,10565.30
R12_9,52,3.0836634776,1,0,275.112056184,0,10678.70
R12_9,53,3.88232714537,2,0,248.529043649,0,10777.10
R12_9,54,2.45692834547,1,0,192.362421833,0,10550.70
R12_9,55,4.77533598012,2,0,366.435557517,0,10304.00
R12_9,56,5.02820088673,2,0,399.822035296,0,10616.20
R12_9,57,3.43195865187,1,0,321.098465497,0,10324.00
R12_9,58,3.5587025359,1,0,337.832823478,0,10333.30
R12_9,59,3.49124276388,1,0,328.925916585,0,10923.00
R12_9,60,3.75325844822,1,0,363.520597754,0,10508.70
R12_9,61,2.96451454721,1,0,259.380481684,0,10779.60
R12_9,62,3.79132534934,1,0,368.546679725,0,10774.90
R12_9,63,3.11648530811,1,0,279.445616462,0,10755.80
R12_9,64,5.98814344612,2,0,526.566000516,0,18271.70
