id,read,energy,feasible,cost,hit,time_us
MP_P507-A,1,1.0,0,0.0,0,381.76562497937994
MP_P507-A,2,1.0,0,0.0,0,381.76562497937994
MP_P507-A,3,1.2322632759746277,1,79.85523825250388,0,381.76562497937994
MP_P507-A,4,0.9990602822569032,1,64.7428178894147,0,381.76562497937994
MP_P507-A,5,1.0839627341573133,1,70.24481219283697,0,381.76562497937994
MP_P507-A,6,1.0,0,0.0,0,381.76562497937994
MP_P507-A,7,1.0,0,0.0,0,381.76562497937994
MP_P507-A,8,1.0,0,0.0,0,381.76562497937994
MP_P507-A,9,1.0,0,0.0,0,381.76562497937994
MP_P507-A,10,0.9090909090909092,1,58.91246826391232,0,381.76562497937994
MP_P507-A,11,0.9990602822569032,1,64.7428178894147,0,381.76562497937994
MP_P507-A,12,0.9062807160834829,1,58.73035731691035,1,381.76562497937994
MP_P507-A,13,1.0,0,0.0,0,381.76562497937994
MP_P507-A,14,0.9062807160834829,1,58.73035731691035,1,381.76562497937994
MP_P507-A,15,1.0,0,0.0,0,381.76562497937994
MP_P507-A,16,1.0525278727844567,1,68.20771639252719,0,381.76562497937994
MP_P507-A,17,1.0867729271647386,1,70.42692313983893,0,381.76562497937994
MP_P507-A,18,0.9990602822569032,1,64.7428178894147,0,381.76562497937994
MP_P507-A,19,1.0,0,0.0,0,381.76562497937994
MP_P507-A,20,1.0839627341573133,1,70.24481219283697,0,381.76562497937994
MP_P507-A,21,0.9062807160834829,1,58.73035731691035,1,381.76562497937994
MP_P507-A,22,1.0867729271647386,1,70.42692313983893,0,381.76562497937994
MP_P507-A,23,0.9062807160834829,1,58.73035731691035,1,381.76562497937994
MP_P507-A,24,1.0,0,0.0,0,381.76562497937994
MP_P507-A,25,1.0,0,0.0,0,381.76562497937994
MP_P507-A,26,1.0,0,0.0,0,381.76562497937994
MP_P507-A,27,0.9990602822569032,1,64.7428178894147,0,381.76562497937994
MP_P507-A,28,1.0525278727844567,1,68.20771639252719,0,381.76562497937994
MP_P507-A,29,1.0839627341573133,1,70.24481219283697,0,381.76562497937994
MP_P507-A,30,1.0867729271647386,1,70.42692313983893,0,381.76562497937994
MP_P507-A,31,0.9990602822569032,1,64.7428178894147,0,381.76562497937994
MP_P507-A,32,1.0867729271647386,1,70.42692313983893,0,381.76562497937994
MP_P507-A,33,1.0,0,0.0,0,381.76562497937994
MP_P507-A,34,0.9062807160834829,1,58.73035731691035,1,381.76562497937994
MP_P507-A,35,1.2160369969606077,0,14.000000000000004,0,381.76562497937994
MP_P507-A,36,1.0,0,0.0,0,381.76562497937994
MP_P507-A,37,1.0,0,0.0,0,381.76562497937994
MP_P507-A,38,0.9090909090909092,1,58.91246826391232,0,381.76562497937994
MP_P507-A,39,0.9990602822569032,1,64.7428178894147,0,381.76562497937994
MP_P507-A,40,1.0839627341573133,1,70.24481219283697,0,381.76562497937994
MP_P507-A,41,0.9990602822569032,1,64.7428178894147,0,381.76562497937994
MP_P507-A,42,0.9062807160834829,1,58.73035731691035,1,381.76562497937994
MP_P507-A,43,0.9990602822569032,1,64.7428178894147,0,381.76562497937994
MP_P507-A,44,0.9062807160834829,1,58.73035731691035,1,381.76562497937994
MP_P507-A,45,0.9990602822569032,1,64.7428178894147,0,381.76562497937994
MP_P507-A,46,0.9990602822569032,1,64.7428178894147,0,381.76562497937994
MP_P507-A,47,1.0,0,0.0,0,381.76562497937994
MP_P507-A,48,1.0867729271647386,1,70.42692313983893,0,381.76562497937994
MP_P507-A,49,1.0,0,0.0,0,381.76562497937994
MP_P507-A,50,0.9990602822569032,1,64.7428178894147,0,381.76562497937994
MP_P507-A,51,1.0867729271647386,1,70.42692313983893,0,381.76562497937994
MP_P507-A,52,0.9062807160834829,1,58.73035731691035,1,381.76562497937994
MP_P507-A,53,1.6865276962708062,1,109.29326032103931,0,381.76562497937994
MP_P507-A,54,1.0839627341573133,1,70.24481219283697,0,381.76562497937994
MP_P507-A,55,0.9062807160834829,1,58.73035731691035,1,381.76562497937994
MP_P507-A,56,1.0,0,0.0,0,381.76562497937994
MP_P507-A,57,0.9990602822569032,1,64.7428178894147,0,381.76562497937994
MP_P507-A,58,0.9062807160834829,1,58.73035731691035,1,381.76562497937994
MP_P507-A,59,0.9990602822569032,1,64.7428178894147,0,381.76562497937994
MP_P507-A,60,0.9990602822569032,1,64.7428178894147,0,381.76562497937994
MP_P507-A,61,1.0,0,0.0,0,381.76562497937994
MP_P507-A,62,1.2322632759746277,1,79.85523825250388,0,381.76562497937994
MP_P507-A,63,1.0,0,0.0,0,381.76562497937994
MP_P507-A,64,0.9062807160834829,1,58.73035731691035,1,381.76562497937994
MP_P507-B,1,1.2369492042076162,1,68.418372402435,0,286.1687501081178
MP_P507-B,2,1.0614820335893338,1,58.71289849701802,0,286.1687501081178
MP_P507-B,3,1.0,0,0.0,0,286.1687501081178
MP_P507-B,4,1.0179357234638493,1,56.30425661198128,0,286.1687501081178
MP_P507-B,5,0.9075168781686891,1,50.19674819372689,1,286.1687501081178
MP_P507-B,6,1.0,0,0.0,0,286.1687501081178
MP_P507-B,7,1.0805783046242947,1,59.769155115093774,0,286.1687501081178
MP_P507-B,8,1.0614820335893338,1,58.71289849701802,0,286.1687501081178
MP_P507-B,9,0.9090909090909101,1,50.283811294978804,0,286.1687501081178
MP_P507-B,10,1.0179357234638493,1,56.30425661198128,0,286.1687501081178
MP_P507-B,11,1.0179357234638493,1,56.30425661198128,0,286.1687501081178
MP_P507-B,12,0.9090909090909101,1,50.283811294978804,0,286.1687501081178
MP_P507-B,13,1.4022014647754748,1,77.55883723754418,0,286.1687501081178
MP_P507-B,14,1.0,0,0.0,0,286.1687501081178
MP_P507-B,15,1.0614820335893338,1,58.71289849701802,0,286.1687501081178
MP_P507-B,16,1.2369492042076162,1,68.418372402435,0,286.1687501081178
MP_P507-B,17,0.9090909090909101,1,50.283811294978804,0,286.1687501081178
MP_P507-B,18,1.4022014647754748,1,77.55883723754418,0,286.1687501081178
MP_P507-B,19,1.2369492042076162,1,68.418372402435,0,286.1687501081178
MP_P507-B,20,1.0614820335893338,1,58.71289849701802,0,286.1687501081178
MP_P507-B,21,1.0179357234638493,1,56.30425661198128,0,286.1687501081178
MP_P507-B,22,1.0805783046242947,1,59.769155115093774,0,286.1687501081178
MP_P507-B,23,0.9075168781686891,1,50.19674819372689,1,286.1687501081178
MP_P507-B,24,1.0179357234638493,1,56.30425661198128,0,286.1687501081178
MP_P507-B,25,1.2369492042076162,1,68.418372402435,0,286.1687501081178
MP_P507-B,26,0.9075168781686891,1,50.19674819372689,1,286.1687501081178
MP_P507-B,27,1.063056064511553,1,58.79996159826993,0,286.1687501081178
MP_P507-B,28,1.0,0,0.0,0,286.1687501081178
MP_P507-B,29,0.9090909090909101,1,50.283811294978804,0,286.1687501081178
MP_P507-B,30,0.9075168781686891,1,50.19674819372689,1,286.1687501081178
MP_P507-B,31,1.0,0,0.0,0,286.1687501081178
MP_P507-B,32,0.9090909090909101,1,50.283811294978804,0,286.1687501081178
MP_P507-B,33,1.2369492042076162,1,68.418372402435,0,286.1687501081178
MP_P507-B,34,1.0179357234638493,1,56.30425661198128,0,286.1687501081178
MP_P507-B,35,1.0179357234638493,1,56.30425661198128,0,286.1687501081178
MP_P507-B,36,1.0,0,0.0,0,286.1687501081178
MP_P507-B,37,1.2369492042076162,1,68.418372402435,0,286.1687501081178
MP_P507-B,38,1.0805783046242947,1,59.769155115093774,0,286.1687501081178
MP_P507-B,39,0.9075168781686891,1,50.19674819372689,1,286.1687501081178
MP_P507-B,40,1.4022014647754748,1,77.55883723754418,0,286.1687501081178
MP_P507-B,41,1.0179357234638493,1,56.30425661198128,0,286.1687501081178
MP_P507-B,42,1.0179357234638493,1,56.30425661198128,0,286.1687501081178
MP_P507-B,43,1.0,0,0.0,0,286.1687501081178
MP_P507-B,44,1.0,0,0.0,0,286.1687501081178
MP_P507-B,45,1.0179357234638493,1,56.30425661198128,0,286.1687501081178
MP_P507-B,46,1.063056064511553,1,58.79996159826993,0,286.1687501081178
MP_P507-B,47,1.0614820335893338,1,58.71289849701802,0,286.1687501081178
MP_P507-B,48,0.9075168781686891,1,50.19674819372689,1,286.1687501081178
MP_P507-B,49,1.0,0,0.0,0,286.1687501081178
MP_P507-B,50,0.9075168781686891,1,50.19674819372689,1,286.1687501081178
MP_P507-B,51,1.0179357234638493,1,56.30425661198128,0,286.1687501081178
MP_P507-B,52,0.9075168781686891,1,50.19674819372689,1,286.1687501081178
MP_P507-B,53,1.0,0,0.0,0,286.1687501081178
MP_P507-B,54,1.0179357234638493,1,56.30425661198128,0,286.1687501081178
MP_P507-B,55,1.0,0,0.0,0,286.1687501081178
MP_P507-B,56,1.0179357234638493,1,56.30425661198128,0,286.1687501081178
MP_P507-B,57,0.9090909090909101,1,50.283811294978804,0,286.1687501081178
MP_P507-B,58,1.063056064511553,1,58.79996159826993,0,286.1687501081178
MP_P507-B,59,1.4022014647754748,1,77.55883723754418,0,286.1687501081178
MP_P507-B,60,1.0179357234638493,1,56.30425661198128,0,286.1687501081178
MP_P507-B,61,1.0614820335893338,1,58.71289849701802,0,286.1687501081178
MP_P507-B,62,0.9075168781686891,1,50.19674819372689,1,286.1687501081178
MP_P507-B,63,1.063056064511553,1,58.79996159826993,0,286.1687501081178
MP_P507-B,64,1.2369492042076162,1,68.418372402435,0,286.1687501081178
R10_0,1,1.067633332892573,1,170.14890781621492,0,2436.0640625218366
R10_0,2,1.3165302084296329,1,209.8156456622134,0,2436.0640625218366
R10_0,3,2.8184742020281703,0,289.81054621885824,0,2436.0640625218366
R10_0,4,3.3145737745936117,0,368.8740203906554,0,2436.0640625218366
R10_0,5,2.845201807427454,0,294.0701292864915,0,2436.0640625218366
R10_0,6,2.6771813153169752,0,267.29267457188047,0,2436.0640625218366
R10_0,7,1.0007902150552646,1,159.49610863446364,0,2436.0640625218366
R10_0,8,1.4543324364059949,1,231.77721042648858,0,2436.0640625218366
R10_0,9,3.4164945206223436,0,385.1171472080034,0,2436.0640625218366
R10_0,10,2.53371428690048,0,244.42830958753882,0,2436.0640625218366
R10_0,11,1.0027688957133876,1,159.81145131113405,0,2436.0640625218366
R10_0,12,0.9703401757140142,1,154.64328062951773,0,2436.0640625218366
R10_0,13,3.1247892878413737,0,338.6280341082047,0,2436.0640625218366
R10_0,14,1.4850559519682882,1,236.67362238379937,0,2436.0640625218366
R10_0,15,2.7609305727542086,0,280.63980812826287,0,2436.0640625218366
R10_0,16,2.3123037056934272,0,209.1420671945021,0,2436.0640625218366
R10_0,17,2.7125493567025387,0,272.92928540815615,0,2436.0640625218366
R10_0,18,3.2006422600833773,0,350.7167353354549,0,2436.0640625218366
R10_0,19,2.77964654145471,0,283.62257527781054,0,2436.0640625218366
R10_0,20,2.988612141106209,0,316.92545882073256,0,2436.0640625218366
R10_0,21,0.9739400649070831,1,155.21699558912894,0,2436.0640625218366
R10_0,22,1.4637121304519205,1,233.27205387919398,0,2436.0640625218366
R10_0,23,4.051125780586695,0,326.88826829241054,0,2436.0640625218366
R10_0,24,1.417140446779797,1,225.84991664551964,0,2436.0640625218366
R10_0,25,2.4899673074842177,0,237.45634595675781,0,2436.0640625218366
R10_0,26,1.4015249241683456,1,223.3612681222293,0,2436.0640625218366
R10_0,27,1.6226680490733614,1,258.60488595842844,0,2436.0640625218366
R10_0,28,2.555741200372154,0,247.93874257450216,0,2436.0640625218366
R10_0,29,1.5668913448352413,1,249.715743014576,0,2436.0640625218366
R10_0,30,4.706089620421622,0,431.2699680517249,0,2436.0640625218366
R10_0,31,2.2979828427536333,0,206.85974880566954,0,2436.0640625218366
R10_0,32,2.790549782025362,0,285.3602266020977,0,2436.0640625218366
R10_0,33,1.1745577469706419,1,187.1894700708434,0,2436.0640625218366
R10_0,34,2.5405128675270703,0,245.51180055084637,0,2436.0640625218366
R10_0,35,1.0022130023441704,1,159.72285848930966,0,2436.0640625218366
R10_0,36,1.1670338837445442,1,185.99039069495836,0,2436.0640625218366
R10_0,37,2.488565008328006,0,237.2328612991435,0,2436.0640625218366
R10_0,38,1.172800679127743,1,186.90944586663636,0,2436.0640625218366
R10_0,39,1.4989298083116545,1,238.8847012545077,0,2436.0640625218366
R10_0,40,3.111351246247814,0,177.11623918385305,0,2436.0640625218366
R10_0,41,2.634031294533287,0,260.41584834100604,0,2436.0640625218366
R10_0,42,2.9127622524391015,0,304.83724902334444,0,2436.0640625218366
R10_0,43,2.4541825665571224,0,231.753325642907,0,2436.0640625218366
R10_0,44,2.2037303870943497,0,191.83871874287215,0,2436.0640625218366
R10_0,45,2.3893225382976944,0,221.41657178812588,0,2436.0640625218366
R10_0,46,2.903425039238247,0,303.349175750222,0,2436.0640625218366
R10_0,47,1.3328728285995552,1,212.42017184840265,0,2436.0640625218366
R10_0,48,1.110032113360763,1,176.9060087488513,0,2436.0640625218366
R10_0,49,3.05921036547862,0,328.1767099765817,0,2436.0640625218366
R10_0,50,1.3415610815581793,1,213.80482021614895,0,2436.0640625218366
R10_0,51,1.0457593442314064,1,166.66284648259372,0,2436.0640625218366
R10_0,52,1.3376478992022136,1,213.18117567130355,0,2436.0640625218366
R10_0,53,2.36268106691233,0,217.17071591309895,0,2436.0640625218366
R10_0,54,1.3745542992778326,1,219.06295499649707,0,2436.0640625218366
R10_0,55,3.1828658940724566,0,347.8837128280881,0,2436.0640625218366
R10_0,56,3.2659763403917665,0,361.1290389467808,0,2436.0640625218366
R10_0,57,1.4471142491313174,1,230.6268466795344,0,2436.0640625218366
R10_0,58,3.064229203905235,0,328.976563119496,0,2436.0640625218366
R10_0,59,4.0502843643398805,0,326.7541716404954,0,2436.0640625218366
R10_0,60,1.2908478333367164,1,205.72264112820673,0,2436.0640625218366
R10_0,61,1.1758979870687511,1,187.40306436569978,0,2436.0640625218366
R10_0,62,1.018340847804673,1,162.29315599313372,0,2436.0640625218366
R10_0,63,2.5427700069899224,0,245.87152125510022,0,2436.0640625218366
R10_0,64,0.9926264605196096,1,158.19504967056056,0,2436.0640625218366
R10_1,1,2.6775286094324713,0,273.99348384529804,0,2355.95000003741
R10_1,2,1.1405279929196084,1,186.28429729663463,0,2355.95000003741
R10_1,3,1.3129704930875477,1,214.44961210458422,0,2355.95000003741
R10_1,4,2.434329770450958,0,234.27142081459965,0,2355.95000003741
R10_1,5,3.2314056635939004,0,364.45912648074756,0,2355.95000003741
R10_1,6,2.439136239044597,0,235.05646916939855,0,2355.95000003741
R10_1,7,3.2992995035677453,0,375.54833809923906,0,2355.95000003741
R10_1,8,3.2783401696367918,0,372.12501590340247,0,2355.95000003741
R10_1,9,1.5233003180873617,1,248.80312547194663,0,2355.95000003741
R10_1,10,1.5442154184437271,1,252.21922292589855,0,2355.95000003741
R10_1,11,3.181889775451552,0,356.37161570952753,0,2355.95000003741
R10_1,12,3.2150854588675593,0,361.79352082437,0,2355.95000003741
R10_1,13,1.1803244124091563,1,192.78431140023855,0,2355.95000003741
R10_1,14,1.4014244651933438,1,228.89694363797648,0,2355.95000003741
R10_1,15,3.022714405997217,0,330.37324299985966,0,2355.95000003741
R10_1,16,1.2695440203656432,1,207.35669548588479,0,2355.95000003741
R10_1,17,1.3547369273855345,1,221.27139193996496,0,2355.95000003741
R10_1,18,2.7589299221305055,0,287.2888930146604,0,2355.95000003741
R10_1,19,1.1119390765191852,1,181.61482295213247,0,2355.95000003741
R10_1,20,1.1861504915223122,1,193.73589440418687,0,2355.95000003741
R10_1,21,1.327482619987041,1,216.8199014605091,0,2355.95000003741
R10_1,22,2.3931423190180503,0,227.54420719489892,0,2355.95000003741
R10_1,23,1.2165567391946226,1,198.70219642941262,0,2355.95000003741
R10_1,24,0.9799941577717632,1,160.06404416957423,0,2355.95000003741
R10_1,25,1.4349081392599423,1,234.36588673549673,0,2355.95000003741
R10_1,26,1.2097736122264706,1,197.59429723835348,0,2355.95000003741
R10_1,27,0.9203964935135467,1,150.32986046186704,0,2355.95000003741
R10_1,28,1.2882274314996032,1,210.40828749923327,0,2355.95000003741
R10_1,29,2.5986369087963404,0,261.1079737072107,0,2355.95000003741
R10_1,30,3.203524460975906,0,359.9052441826182,0,2355.95000003741
R10_1,31,1.3541277733944383,1,221.17189782506279,0,2355.95000003741
R10_1,32,1.0011550116799306,1,163.5202809519697,0,2355.95000003741
R10_1,33,1.203772786486617,1,196.6141725828539,0,2355.95000003741
R10_1,34,2.9027620381605956,0,310.78122711753866,0,2355.95000003741
R10_1,35,1.6799422598302698,1,274.3877093014593,0,2355.95000003741
R10_1,36,2.634289798338788,0,266.9312183064144,0,2355.95000003741
R10_1,37,1.5772749856797112,1,257.61889596305156,0,2355.95000003741
R10_1,38,1.0424584389371176,1,170.2664370922073,0,2355.95000003741
R10_1,39,4.4383419318152875,0,398.25836468456254,0,2355.95000003741
R10_1,40,1.3910940412373272,1,227.20965864421103,0,2355.95000003741
R10_1,41,3.1753369092432706,0,355.301325383935,0,2355.95000003741
R10_1,42,3.0425923521237834,0,333.6199403618492,0,2355.95000003741
R10_1,43,1.375612879483377,1,224.6810952450016,0,2355.95000003741
R10_1,44,1.4049009209395216,1,229.46475882513556,0,2355.95000003741
R10_1,45,1.2350285176303721,1,201.71922212898718,0,2355.95000003741
R10_1,46,1.0386093890414116,1,169.6377654949011,0,2355.95000003741
R10_1,47,2.6231648591129755,0,265.11416383777,0,2355.95000003741
R10_1,48,2.6654976876015724,0,272.0284537600982,0,2355.95000003741
R10_1,49,1.1282040832051656,1,184.2714130225496,0,2355.95000003741
R10_1,50,1.688080536274903,1,275.7169472667753,0,2355.95000003741
R10_1,51,1.5680762304743112,1,256.1164482720878,0,2355.95000003741
R10_1,52,1.4836864504063243,1,242.33292785297013,0,2355.95000003741
R10_1,53,2.4406201577487856,0,235.29884003164102,0,2355.95000003741
R10_1,54,3.1055268785598855,0,343.89913921152845,0,2355.95000003741
R10_1,55,1.050824522127158,1,171.6328831048055,0,2355.95000003741
R10_1,56,2.9905718035584563,0,325.1233393186158,0,2355.95000003741
R10_1,57,2.354727904391332,0,221.2699181996053,0,2355.95000003741
R10_1,58,2.4374438169867645,0,234.7800431143354,0,2355.95000003741
R10_1,59,2.8554646890351805,0,303.05607394241423,0,2355.95000003741
R10_1,60,1.6068782771483185,1,262.4540498418972,0,2355.95000003741
R10_1,61,1.1948232172133828,1,195.15242483661555,0,2355.95000003741
R10_1,62,3.414717926159355,0,394.39981730978,0,2355.95000003741
R10_1,63,5.155346208736759,0,515.3678426756163,0,2355.95000003741
R10_1,64,1.3040040925523968,1,212.98511528088477,0,2355.95000003741
R10_2,1,1.3119918292672068,1,172.33189478703088,0,2539.428124919141
R10_2,2,0.968824075127209,1,127.25634783504489,0,2539.428124919141
R10_2,3,1.1962923352429158,1,157.1346103327196,0,2539.428124919141
R10_2,4,4.405998770282231,0,316.031180750256,0,2539.428124919141
R10_2,5,1.086177731610242,1,142.67090875742744,0,2539.428124919141
R10_2,6,1.1901007320415218,1,156.32133490854085,0,2539.428124919141
R10_2,7,1.2646600433150397,1,166.11480091888802,0,2539.428124919141
R10_2,8,2.6569412344523755,0,217.64146400471571,0,2539.428124919141
R10_2,9,1.3868861229222027,1,182.16936118460046,0,2539.428124919141
R10_2,10,3.0246513910412887,0,265.9406885911962,0,2539.428124919141
R10_2,11,2.723984413219494,0,226.447675881764,0,2539.428124919141
R10_2,12,1.2335667152198297,1,162.03065037286243,0,2539.428124919141
R10_2,13,1.1280668672708032,1,148.17310317536683,0,2539.428124919141
R10_2,14,2.979882081229782,0,260.0601794172675,0,2539.428124919141
R10_2,15,2.98005613207701,0,260.0830412305982,0,2539.428124919141
R10_2,16,3.154143705721104,0,282.9496786255277,0,2539.428124919141
R10_2,17,2.424521440267654,0,187.11281083449276,0,2539.428124919141
R10_2,18,2.968287923963697,0,258.53727123632353,0,2539.428124919141
R10_2,19,1.2689364717659366,1,166.6765155587389,0,2539.428124919141
R10_2,20,2.8589196202002327,0,244.17159715455074,0,2539.428124919141
R10_2,21,2.4943240548481214,0,196.2814783241826,0,2539.428124919141
R10_2,22,1.1261028693656598,1,147.9151294038838,0,2539.428124919141
R10_2,23,0.9803170207143097,1,128.76596172556464,0,2539.428124919141
R10_2,24,2.633020627582958,0,214.4994600575077,0,2539.428124919141
R10_2,25,1.3592799411584764,1,178.5432520084215,0,2539.428124919141
R10_2,26,2.1487184541765956,0,150.88571694508937,0,2539.428124919141
R10_2,27,3.3889774273060027,0,313.7954044127226,0,2539.428124919141
R10_2,28,1.3395810354947812,1,175.95577420366158,0,2539.428124919141
R10_2,29,1.0865535616462623,1,142.72027453912,0,2539.428124919141
R10_2,30,2.6835265252082436,0,221.1334777712818,0,2539.428124919141
R10_2,31,2.9507692667233414,0,256.23617200002514,0,2539.428124919141
R10_2,32,1.278451192216707,1,167.92628691178626,0,2539.428124919141
R10_2,33,3.4429094142238412,0,320.8794435719999,0,2539.428124919141
R10_2,34,2.7235214125409257,0,226.38686011870342,0,2539.428124919141
R10_2,35,1.136585549980012,1,149.29204362882032,0,2539.428124919141
R10_2,36,3.1685161438753937,0,284.8375177450919,0,2539.428124919141
R10_2,37,3.012061523634827,0,264.2869925415151,0,2539.428124919141
R10_2,38,3.130847610566164,0,279.8897051335958,0,2539.428124919141
R10_2,39,1.2971666075727732,1,170.38458193930813,0,2539.428124919141
R10_2,40,3.164316695945793,0,284.2859146004502,0,2539.428124919141
R10_2,41,2.496939292381029,0,196.62499329837016,0,2539.428124919141
R10_2,42,3.809087996278791,0,237.62614620041333,0,2539.428124919141
R10_2,43,2.9366148193711723,0,254.3769662660798,0,2539.428124919141
R10_2,44,2.7481048082603436,0,229.61592227452056,0,2539.428124919141
R10_2,45,2.6640465469294625,0,218.57475637355222,0,2539.428124919141
R10_2,46,3.063193868244525,0,271.0032949108772,0,2539.428124919141
R10_2,47,1.344899478594499,1,176.6543588718318,0,2539.428124919141
R10_2,48,2.69192403432956,0,222.23650191067372,0,2539.428124919141
R10_2,49,1.3231064991576815,1,173.79182165504218,0,2539.428124919141
R10_2,50,2.943963654763074,0,255.3422456979443,0,2539.428124919141
R10_2,51,2.557960225616803,0,204.64017510942386,0,2539.428124919141
R10_2,52,2.7583763815616464,0,230.96510726940437,0,2539.428124919141
R10_2,53,3.785284596773856,0,234.49953759847705,0,2539.428124919141
R10_2,54,2.8756456887990396,0,246.3685888047041,0,2539.428124919141
R10_2,55,1.3803037521506063,1,181.30475791348604,0,2539.428124919141
R10_2,56,2.471468019642927,0,193.27930729966485,0,2539.428124919141
R10_2,57,2.844436643376156,0,242.26923863175125,0,2539.428124919141
R10_2,58,1.4460522875262285,1,189.94091663642718,0,2539.428124919141
R10_2,59,2.6518400632313615,0,216.9714182906041,0,2539.428124919141
R10_2,60,1.0242933782277355,1,134.5423155465736,0,2539.428124919141
R10_2,61,4.112760781430758,0,277.5139757532267,0,2539.428124919141
R10_2,62,1.0824681594188803,1,142.18365145115024,0,2539.428124919141
R10_2,63,2.8074231876248987,0,237.40747134026307,0,2539.428124919141
R10_2,64,2.3854252701085557,0,181.97747619891337,0,2539.428124919141
R10_3,1,0.9875062871738187,1,181.98997291291099,0,2300.815624948882
R10_3,2,2.5595862512992653,0,287.4200026023155,0,2300.815624948882
R10_3,3,1.1927473544305904,1,219.8143561657774,0,2300.815624948882
R10_3,4,2.6940678237886218,0,312.2039437807238,0,2300.815624948882
R10_3,5,2.158471997859788,0,213.49766603942606,0,2300.815624948882
R10_3,6,1.1833628582685627,1,218.08486418733452,0,2300.815624948882
R10_3,7,2.692445177928221,0,311.90490236699515,0,2300.815624948882
R10_3,8,0.8547121838048533,1,157.51701958693542,0,2300.815624948882
R10_3,9,1.0066119398405213,1,185.51100083593136,0,2300.815624948882
R10_3,10,2.6134753393815977,0,297.3513557570105,0,2300.815624948882
R10_3,11,2.9371921037944837,0,357.0099178868392,0,2300.815624948882
R10_3,12,1.2375035643561318,1,228.0625886457389,0,2300.815624948882
R10_3,13,1.2167548454194552,1,224.2387559812704,0,2300.815624948882
R10_3,14,2.7409770724471016,0,320.84896508702155,0,2300.815624948882
R10_3,15,1.4578719350400249,1,268.67482001329995,0,2300.815624948882
R10_3,16,3.0303597219265015,0,374.18000836670086,0,2300.815624948882
R10_3,17,0.9106178158216025,1,167.8200066043911,0,2300.815624948882
R10_3,18,1.0343416237617298,1,190.62137278115372,0,2300.815624948882
R10_3,19,2.8905448866574766,0,348.41318701688084,0,2300.815624948882
R10_3,20,0.8842960936257782,1,162.96911140336042,0,2300.815624948882
R10_3,21,0.8509365940994691,1,156.82120683400638,0,2300.815624948882
R10_3,22,1.2973384422009566,1,239.08970608252145,0,2300.815624948882
R10_3,23,2.654260517512615,0,304.8677569786724,0,2300.815624948882
R10_3,24,1.097226888782707,1,202.2106536054232,0,2300.815624948882
R10_3,25,2.7914406667564755,0,330.14902553295104,0,2300.815624948882
R10_3,26,3.153573140295677,0,396.88731358871377,0,2300.815624948882
R10_3,27,0.9809810668726264,1,180.78742394558932,0,2300.815624948882
R10_3,28,0.9767097805495837,1,180.00025803856667,0,2300.815624948882
R10_3,29,0.9511951709178277,1,175.29810760562515,0,2300.815624948882
R10_3,30,2.184350117886968,0,218.26680870105017,0,2300.815624948882
R10_3,31,1.2548197137479917,1,231.25382458996748,0,2300.815624948882
R10_3,32,1.3742947240988315,1,253.27216936400114,0,2300.815624948882
R10_3,33,2.942236954376593,0,357.9396458619554,0,2300.815624948882
R10_3,34,1.3054042151253356,1,240.57616729810567,0,2300.815624948882
R10_3,35,1.4157710836072788,1,260.9159501090038,0,2300.815624948882
R10_3,36,2.5412190484713264,0,284.03506542413413,0,2300.815624948882
R10_3,37,2.818491241799876,0,335.1342428256093,0,2300.815624948882
R10_3,38,1.2355970856654217,1,227.71123897861506,0,2300.815624948882
R10_3,39,2.9086930968731686,0,351.75776550561454,0,2300.815624948882
R10_3,40,1.0346301792558634,1,190.6745513859318,0,2300.815624948882
R10_3,41,1.4976394181529216,1,276.0036677062538,0,2300.815624948882
R10_3,42,2.6560911474787865,0,305.2051282969972,0,2300.815624948882
R10_3,43,0.8571412940517149,1,157.96468631450057,0,2300.815624948882
R10_3,44,0.9406425113601458,1,173.35333190950476,0,2300.815624948882
R10_3,45,1.426695682475291,1,262.9292714193561,0,2300.815624948882
R10_3,46,2.837625476896335,0,338.6605382752103,0,2300.815624948882
R10_3,47,2.9620478397616097,0,361.59064286463735,0,2300.815624948882
R10_3,48,1.0929319493714011,1,201.4191286123383,0,2300.815624948882
R10_3,49,1.3556323180327503,1,249.83282845187776,0,2300.815624948882
R10_3,50,0.9941238092949263,1,183.2095324106206,0,2300.815624948882
R10_3,51,1.0693796784982972,1,197.07862243642302,0,2300.815624948882
R10_3,52,2.677356520357119,0,309.12417639256506,0,2300.815624948882
R10_3,53,2.361229774240943,0,250.86439748282115,0,2300.815624948882
R10_3,54,1.315792272110464,1,242.49060797954388,0,2300.815624948882
R10_3,55,1.2064582195044693,1,222.34116535759375,0,2300.815624948882
R10_3,56,2.792933330195087,0,330.4241121650969,0,2300.815624948882
R10_3,57,2.614242123162615,0,297.492668234056,0,2300.815624948882
R10_3,58,2.8509883907865152,0,341.1232226839054,0,2300.815624948882
R10_3,59,2.9523931700436954,0,359.8113599342214,0,2300.815624948882
R10_3,60,2.578849446402341,0,290.9700644100827,0,2300.815624948882
R10_3,61,3.1073441417327317,0,388.3676572528157,0,2300.815624948882
R10_3,62,1.0,0,0.0,0,2300.815624948882
R10_3,63,3.1824886871423246,0,402.21623114168005,0,2300.815624948882
R10_3,64,1.219038198898371,1,224.65956083403486,0,2300.815624948882
R10_4,1,1.1418817540940083,1,219.36534094676887,0,2318.26875005936
R10_4,2,2.728237656140756,0,332.0093707751383,0,2318.26875005936
R10_4,3,0.9196982902774522,1,176.68197980354495,0,2318.26875005936
R10_4,4,0.9716527084904527,1,186.6628719792222,0,2318.26875005936
R10_4,5,2.291377870953518,0,248.08483534934325,0,2318.26875005936
R10_4,6,4.053363132906178,0,394.46878113476333,0,2318.26875005936
R10_4,7,3.826850460856001,0,350.95374172293316,0,2318.26875005936
R10_4,8,2.78379388534713,0,342.6822019311458,0,2318.26875005936
R10_4,9,0.9563049207289147,1,183.7144294780462,0,2318.26875005936
R10_4,10,2.2939242803079694,0,248.57402256529332,0,2318.26875005936
R10_4,11,2.4492958892800303,0,278.4222497161381,0,2318.26875005936
R10_4,12,0.986309940090095,1,189.47865268126372,0,2318.26875005936
R10_4,13,4.093430560840545,0,402.16607987709847,0,2318.26875005936
R10_4,14,2.349737348403327,0,259.29619468874273,0,2318.26875005936
R10_4,15,2.7076770838008315,0,328.05950736306454,0,2318.26875005936
R10_4,16,0.9205730105630963,1,176.85002112043688,0,2318.26875005936
R10_4,17,2.9270064464471517,0,370.19457103673005,0,2318.26875005936
R10_4,18,3.425207449062995,0,273.7946524345974,0,2318.26875005936
R10_4,19,2.618473875960092,0,310.9228011924216,0,2318.26875005936
R10_4,20,3.533649820863033,0,294.62736806185484,0,2318.26875005936
R10_4,21,2.680549401021615,0,322.848045352553,0,2318.26875005936
R10_4,22,0.9666605101588104,1,185.70382759028445,0,2318.26875005936
R10_4,23,2.6531525582768083,0,317.58487538943484,0,2318.26875005936
R10_4,24,2.450021126147984,0,278.56157397824876,0,2318.26875005936
R10_4,25,0.9522882439810658,1,182.94279120542663,0,2318.26875005936
R10_4,26,3.891553979764808,0,363.3838461842732,0,2318.26875005936
R10_4,27,0.9269045848108313,1,178.06637118348377,0,2318.26875005936
R10_4,28,2.2533295853047477,0,240.77543126800308,0,2318.26875005936
R10_4,29,1.0985826978354751,1,211.04721851003472,0,2318.26875005936
R10_4,30,2.737949278578199,0,333.875057269819,0,2318.26875005936
R10_4,31,0.93709599112956,1,180.02422830294427,0,2318.26875005936
R10_4,32,2.373603495572887,0,263.8810875571733,0,2318.26875005936
R10_4,33,4.141859575254692,0,411.46971155400996,0,2318.26875005936
R10_4,34,2.5072077805652206,0,289.54762389004173,0,2318.26875005936
R10_4,35,4.004721649545331,0,385.12433233929784,0,2318.26875005936
R10_4,36,2.354187226801926,0,260.15105473758814,0,2318.26875005936
R10_4,37,2.5906173904132928,0,305.5713298797019,0,2318.26875005936
R10_4,38,2.303810299318066,0,250.47321214685928,0,2318.26875005936
R10_4,39,0.8989696924548802,1,172.69983724596895,0,2318.26875005936
R10_4,40,2.5618593530672875,0,300.0466626847412,0,2318.26875005936
R10_4,41,2.32424084964169,0,254.39809720733314,0,2318.26875005936
R10_4,42,2.4423616769988357,0,277.0901276852828,0,2318.26875005936
R10_4,43,2.62142984474184,0,311.4906683094068,0,2318.26875005936
R10_4,44,2.709424359215639,0,328.3951740516019,0,2318.26875005936
R10_4,45,2.33465126874826,0,256.39802857371586,0,2318.26875005936
R10_4,46,2.1266695751659164,0,216.44295007298544,0,2318.26875005936
R10_4,47,2.5968240323586294,0,306.76367936912237,0,2318.26875005936
R10_4,48,0.9441352346731549,1,181.37652774586934,0,2318.26875005936
R10_4,49,2.332911609077474,0,256.063824935339,0,2318.26875005936
R10_4,50,2.168420886739522,0,224.46373739661297,0,2318.26875005936
R10_4,51,2.5006095196877958,0,288.28004102356414,0,2318.26875005936
R10_4,52,2.420953557399862,0,272.97744312926784,0,2318.26875005936
R10_4,53,1.087355173098132,1,208.89031409925406,0,2318.26875005936
R10_4,54,2.4198464826717654,0,272.7647645184461,0,2318.26875005936
R10_4,55,2.313992494004836,0,252.4292996323117,0,2318.26875005936
R10_4,56,0.9308711971910881,1,178.8283916589652,0,2318.26875005936
R10_4,57,2.2977914929558985,0,249.3169474942406,0,2318.26875005936
R10_4,58,0.8984019239002627,1,172.59076400601566,0,2318.26875005936
R10_4,59,0.9250292495889454,1,177.7061031006781,0,2318.26875005936
R10_4,60,1.0729080418845527,1,206.1148954948259,0,2318.26875005936
R10_4,61,2.426343362185854,0,274.01287114996757,0,2318.26875005936
R10_4,62,2.782465347943212,0,342.426978428778,0,2318.26875005936
R10_4,63,0.9636502388729866,1,185.12552849356103,0,2318.26875005936
R10_4,64,3.584390162412795,0,304.3750256313975,0,2318.26875005936
R10_5,1,1.4382373607753927,1,209.65903238948067,0,2346.421875017768
R10_5,2,3.3678410944721975,0,345.1720044676394,0,2346.421875017768
R10_5,3,1.2518895257022251,1,182.4941791775941,0,2346.421875017768
R10_5,4,1.558196883833535,1,227.1461302887551,0,2346.421875017768
R10_5,5,3.0981666919656945,0,305.86022198185856,0,2346.421875017768
R10_5,6,1.3148908330072473,1,191.67819392306131,0,2346.421875017768
R10_5,7,3.063828955350999,0,300.8546388775516,0,2346.421875017768
R10_5,8,1.2141962238831105,1,176.99943859965506,0,2346.421875017768
R10_5,9,1.3124926384405313,1,191.32859714157567,0,2346.421875017768
R10_5,10,3.430210044850064,0,354.26383739035043,0,2346.421875017768
R10_5,11,3.130274463398184,0,310.54073194100056,0,2346.421875017768
R10_5,12,1.1777919117687219,1,171.69260047900374,0,2346.421875017768
R10_5,13,1.0947633366711393,1,159.58911103394388,0,2346.421875017768
R10_5,14,4.335859055618229,0,340.5098231734812,0,2346.421875017768
R10_5,15,1.2337588457930302,1,179.85117955180468,0,2346.421875017768
R10_5,16,1.1419822176477759,1,166.4724427885424,0,2346.421875017768
R10_5,17,2.8566965252768988,0,270.65991160221154,0,2346.421875017768
R10_5,18,3.32423759163796,0,338.81570441429454,0,2346.421875017768
R10_5,19,2.828552207928439,0,266.55717411014666,0,2346.421875017768
R10_5,20,1.484768418724439,1,216.4420967512607,0,2346.421875017768
R10_5,21,4.450734566201227,0,357.2557992209218,0,2346.421875017768
R10_5,22,3.222478791941299,0,323.9818167241475,0,2346.421875017768
R10_5,23,1.0475395409473904,1,152.705062832149,0,2346.421875017768
R10_5,24,1.393089580217353,1,203.07761527121826,0,2346.421875017768
R10_5,25,1.3791985394238253,1,201.05264898186854,0,2346.421875017768
R10_5,26,3.0997011830388423,0,306.0839123979059,0,2346.421875017768
R10_5,27,3.160629310392345,0,314.96570936315254,0,2346.421875017768
R10_5,28,1.4101470948275399,1,205.56417423963097,0,2346.421875017768
R10_5,29,1.2009428039939252,1,175.06742148926688,0,2346.421875017768
R10_5,30,1.1698410592342547,1,170.53356505515063,0,2346.421875017768
R10_5,31,2.472946636523073,0,214.7187766060226,0,2346.421875017768
R10_5,32,1.3994173782775903,1,204.0000499503947,0,2346.421875017768
R10_5,33,1.3217685489371753,1,192.68079287247352,0,2346.421875017768
R10_5,34,2.8174206711042373,0,264.9344744757065,0,2346.421875017768
R10_5,35,3.373851146915534,0,346.0481197836816,0,2346.421875017768
R10_5,36,2.5801905025604697,0,230.3522497699976,0,2346.421875017768
R10_5,37,3.3986599767376333,0,349.664626625371,0,2346.421875017768
R10_5,38,3.4006891512639044,0,349.96042951530404,0,2346.421875017768
R10_5,39,3.374320531655151,0,346.1165443379377,0,2346.421875017768
R10_5,40,2.7968221107565157,0,261.93171961138245,0,2346.421875017768
R10_5,41,3.524958801873055,0,368.0758362017545,0,2346.421875017768
R10_5,42,1.469308077752114,1,214.18836574894434,0,2346.421875017768
R10_5,43,1.2460311004947933,1,181.6401673198752,0,2346.421875017768
R10_5,44,1.2967353365314906,1,189.0315766626073,0,2346.421875017768
R10_5,45,0.9604312058540359,1,140.0068464272536,0,2346.421875017768
R10_5,46,2.6971966382740327,0,247.4088176678804,0,2346.421875017768
R10_5,47,3.1394312593418547,0,311.87556374950174,0,2346.421875017768
R10_5,48,1.2009123291658064,1,175.06297902159722,0,2346.421875017768
R10_5,49,3.349384398634694,0,342.4814798741808,0,2346.421875017768
R10_5,50,2.765552510750201,0,257.37339408089025,0,2346.421875017768
R10_5,51,2.6393902117317865,0,238.98208659742156,0,2346.421875017768
R10_5,52,1.164810639702086,1,169.80025571387554,0,2346.421875017768
R10_5,53,1.2973629245225347,1,189.12306329376426,0,2346.421875017768
R10_5,54,2.9339465198090835,0,281.9210285411973,0,2346.421875017768
R10_5,55,2.4854223558420543,0,216.53742442599787,0,2346.421875017768
R10_5,56,1.5344874372938868,1,223.68988603063548,0,2346.421875017768
R10_5,57,3.4071118817632,0,350.89670296953796,0,2346.421875017768
R10_5,58,2.9157098444712766,0,279.262577433194,0,2346.421875017768
R10_5,59,2.6278804935137714,0,237.3042575752608,0,2346.421875017768
R10_5,60,1.5774531462007992,1,229.95321168259576,0,2346.421875017768
R10_5,61,3.317201690618532,0,337.790046035538,0,2346.421875017768
R10_5,62,1.3488826699486793,1,196.63335350703923,0,2346.421875017768
R10_5,63,1.0885323048448114,1,158.68078245124607,0,2346.421875017768
R10_5,64,1.4062136289593532,1,204.99077330432445,0,2346.421875017768
R10_6,1,1.4606863044972904,1,174.7631511160562,0,2325.45312496768
R10_6,2,1.3048382700550434,1,156.1167836444693,0,2325.45312496768
R10_6,3,2.574295268008342,0,188.35584408311578,0,2325.45312496768
R10_6,4,2.9489839075694775,0,233.18529660518098,0,2325.45312496768
R10_6,5,3.1789165762567393,0,260.6954865758742,0,2325.45312496768
R10_6,6,4.74971558419913,0,328.988475272213,0,2325.45312496768
R10_6,7,2.7459863323703644,0,208.8977436915352,0,2325.45312496768
R10_6,8,2.8258089330809213,0,218.44808258874065,0,2325.45312496768
R10_6,9,3.13933025864349,0,255.95919954020343,0,2325.45312496768
R10_6,10,3.148754205855326,0,257.0867234347049,0,2325.45312496768
R10_6,11,1.0736127464822935,1,128.45191063674915,0,2325.45312496768
R10_6,12,2.7273186913234824,0,206.66426223613206,0,2325.45312496768
R10_6,13,1.1517526248792969,1,137.80092098513197,0,2325.45312496768
R10_6,14,1.1110479540737437,1,132.93082908845415,0,2325.45312496768
R10_6,15,2.9130740417564027,0,228.88887697947143,0,2325.45312496768
R10_6,16,2.4656364326953266,0,175.35540696158176,0,2325.45312496768
R10_6,17,1.1676570506658486,1,139.70379880262854,0,2325.45312496768
R10_6,18,1.3531373365616233,1,161.89550357404315,0,2325.45312496768
R10_6,19,3.2308453185442048,0,266.9084774197741,0,2325.45312496768
R10_6,20,2.8464394400163684,0,220.91641024407573,0,2325.45312496768
R10_6,21,3.1992502594582533,0,263.12830089004353,0,2325.45312496768
R10_6,22,1.043163657463559,1,124.80884317651257,0,2325.45312496768
R10_6,23,3.013120213481997,0,240.8588558681828,0,2325.45312496768
R10_6,24,2.5783899820663265,0,188.84575429141245,0,2325.45312496768
R10_6,25,2.6233435447855697,0,194.22420293608013,0,2325.45312496768
R10_6,26,2.923447969382721,0,230.13006085026097,0,2325.45312496768
R10_6,27,1.0188379811083195,1,121.898408650097,0,2325.45312496768
R10_6,28,1.3097237709317042,1,156.7013071834091,0,2325.45312496768
R10_6,29,2.5655948095107846,0,187.31488166804706,0,2325.45312496768
R10_6,30,2.8205664781002397,0,217.82085143774853,0,2325.45312496768
R10_6,31,1.3298531286457518,1,159.10967506720328,0,2325.45312496768
R10_6,32,1.3523877288077344,1,161.8058170939499,0,2325.45312496768
R10_6,33,1.2287133517296311,1,147.00885228094472,0,2325.45312496768
R10_6,34,1.1220911173373338,1,134.25208335385793,0,2325.45312496768
R10_6,35,2.7742471578702315,0,212.27899735448236,0,2325.45312496768
R10_6,36,1.2036039759729675,1,144.00465239471276,0,2325.45312496768
R10_6,37,1.276259812815919,1,152.69752707598687,0,2325.45312496768
R10_6,38,4.19942316463429,0,263.14898805149306,0,2325.45312496768
R10_6,39,2.9110637555171976,0,228.64835719317165,0,2325.45312496768
R10_6,40,3.206432913780418,0,263.9876663122116,0,2325.45312496768
R10_6,41,2.6980167134691158,0,203.15844037143998,0,2325.45312496768
R10_6,42,2.9083095171293145,0,228.3188275891018,0,2325.45312496768
R10_6,43,1.234949624359274,1,147.75498829428304,0,2325.45312496768
R10_6,44,2.5833783357144213,0,189.44258360359072,0,2325.45312496768
R10_6,45,2.615846091771168,0,193.32717356700408,0,2325.45312496768
R10_6,46,1.2464031756439837,1,149.12534324854153,0,2325.45312496768
R10_6,47,2.78363113212,0,213.40173870204737,0,2325.45312496768
R10_6,48,2.4694697534167886,0,175.81404288255823,0,2325.45312496768
R10_6,49,1.4731660488467568,1,176.25628447461546,0,2325.45312496768
R10_6,50,1.2316079012214445,1,147.35516934347453,0,2325.45312496768
R10_6,51,3.160748244709275,0,258.5217447793089,0,2325.45312496768
R10_6,52,3.015777214267942,0,241.17675152342366,0,2325.45312496768
R10_6,53,1.1129438099033209,1,133.15765790023838,0,2325.45312496768
R10_6,54,1.4285027512653663,1,170.91256447085718,0,2325.45312496768
R10_6,55,1.2084714432247345,1,144.58701830877257,0,2325.45312496768
R10_6,56,1.2812973255302396,1,153.30023800237205,0,2325.45312496768
R10_6,57,2.9392828047961395,0,232.0246125590929,0,2325.45312496768
R10_6,58,3.2635139335421073,0,270.81709906019927,0,2325.45312496768
R10_6,59,1.0547210676845502,1,126.19162428614781,0,2325.45312496768
R10_6,60,1.318825858086484,1,157.79032227720765,0,2325.45312496768
R10_6,61,1.2933923977267057,1,154.7473474354674,0,2325.45312496768
R10_6,62,2.970216001475496,0,235.72560086105256,0,2325.45312496768
R10_6,63,3.4058251914958433,0,287.8438650418547,0,2325.45312496768
R10_6,64,2.883700156210388,0,225.37445175159158,0,2325.45312496768
R10_7,1,3.0299909020408577,0,306.0451569216735,0,2870.954687523408
R10_7,2,1.047459682244419,1,157.91694558795007,0,2870.954687523408
R10_7,3,3.297608136057555,0,346.39162266062914,0,2870.954687523408
R10_7,4,0.9965845962283204,1,150.2469241767473,0,2870.954687523408
R10_7,5,3.1940454981631703,0,330.7783291558438,0,2870.954687523408
R10_7,6,2.949219254258118,0,293.8678749468438,0,2870.954687523408
R10_7,7,1.2750870477332796,1,192.23446529735813,0,2870.954687523408
R10_7,8,2.9495224994397127,0,293.91359274739796,0,2870.954687523408
R10_7,9,2.5829030783534073,0,238.64137544628252,0,2870.954687523408
R10_7,10,2.995384685000264,0,300.82786007861597,0,2870.954687523408
R10_7,11,3.2003372774589636,0,331.7268893587304,0,2870.954687523408
R10_7,12,2.6660771206178175,0,251.1808468257005,0,2870.954687523408
R10_7,13,1.2692790816116073,1,191.3588456572325,0,2870.954687523408
R10_7,14,2.9428304855151453,0,292.9046924367579,0,2870.954687523408
R10_7,15,2.9354351877798877,0,291.78976376708204,0,2870.954687523408
R10_7,16,1.2836612242377754,1,193.52712389555884,0,2870.954687523408
R10_7,17,1.1032565796776588,1,166.32898832840303,0,2870.954687523408
R10_7,18,1.3767213119871364,1,207.55703365021037,0,2870.954687523408
R10_7,19,2.625076621365576,0,244.9995362518927,0,2870.954687523408
R10_7,20,3.2043797183930636,0,332.3363351787969,0,2870.954687523408
R10_7,21,3.4822152687494423,0,374.2233330573358,0,2870.954687523408
R10_7,22,1.5382157656680207,1,231.90423410763978,0,2870.954687523408
R10_7,23,3.298208028352441,0,346.4820635248427,0,2870.954687523408
R10_7,24,1.066097380362919,1,160.72679918857511,0,2870.954687523408
R10_7,25,1.2735051590405249,1,191.99597685254741,0,2870.954687523408
R10_7,26,1.388486425770438,1,209.33076381343093,0,2870.954687523408
R10_7,27,1.6920177879191236,1,255.0917094738533,0,2870.954687523408
R10_7,28,2.6909152121330813,0,254.92548312322344,0,2870.954687523408
R10_7,29,3.0505040862507293,0,309.137762250182,0,2870.954687523408
R10_7,30,1.2280866607204644,1,185.14860062463714,0,2870.954687523408
R10_7,31,1.3647568097369565,1,205.75324331550289,0,2870.954687523408
R10_7,32,2.692424056468557,0,255.15295926656893,0,2870.954687523408
R10_7,33,1.2482373500469635,1,188.18655555872473,0,2870.954687523408
R10_7,34,1.5314339440997422,1,230.88179423168177,0,2870.954687523408
R10_7,35,1.0569442140794933,1,159.34685102785895,0,2870.954687523408
R10_7,36,1.7184128718147562,1,259.07108080240323,0,2870.954687523408
R10_7,37,3.0025164394289696,0,301.90305647534166,0,2870.954687523408
R10_7,38,2.766528608611452,0,266.3250976571306,0,2870.954687523408
R10_7,39,3.112128301317373,0,318.428342100212,0,2870.954687523408
R10_7,40,3.151094476327799,0,324.3029542148346,0,2870.954687523408
R10_7,41,1.4616846923785012,1,220.36626893216626,0,2870.954687523408
R10_7,42,1.3224434008954766,1,199.3739960805706,0,2870.954687523408
R10_7,43,1.0030762818084682,1,151.2256226182353,0,2870.954687523408
R10_7,44,1.261578615846318,1,190.19790929483833,0,2870.954687523408
R10_7,45,4.757540620816741,0,415.73188883127375,0,2870.954687523408
R10_7,46,3.0151098337453845,0,303.8016597330555,0,2870.954687523408
R10_7,47,3.26066841364716,0,340.8225222620191,0,2870.954687523408
R10_7,48,3.4599824468638403,0,370.87147199433724,0,2870.954687523408
R10_7,49,2.9227976138624285,0,289.8844999115678,0,2870.954687523408
R10_7,50,2.6449337190203437,0,247.9932287663035,0,2870.954687523408
R10_7,51,1.0830084209342985,1,163.27633872600487,0,2870.954687523408
R10_7,52,2.786148600087568,0,269.28304360854986,0,2870.954687523408
R10_7,53,1.1999005130647937,1,180.8992052339356,0,2870.954687523408
R10_7,54,3.092110038799653,0,315.4103520750464,0,2870.954687523408
R10_7,55,3.5764029100083192,0,388.42323485008467,0,2870.954687523408
R10_7,56,1.2678407349511929,1,191.14199787286455,0,2870.954687523408
R10_7,57,1.2822195660549944,1,193.30977685999648,0,2870.954687523408
R10_7,58,1.3537562189772245,1,204.09477404753287,0,2870.954687523408
R10_7,59,3.3431164030661193,0,353.2525325808998,0,2870.954687523408
R10_7,60,1.4742884257942634,1,222.2664309314871,0,2870.954687523408
R10_7,61,3.1330424827364176,0,321.58140250449463,0,2870.954687523408
R10_7,62,2.737160163737922,0,261.8974569663128,0,2870.954687523408
R10_7,63,3.0838619867264114,0,314.166860595102,0,2870.954687523408
R10_7,64,1.1246811537233192,1,169.55899646252442,0,2870.954687523408
R10_8,1,2.340131010760903,0,211.24265473481177,0,2547.0250000125816
R10_8,2,3.068676990119009,0,326.08216336508934,0,2547.0250000125816
R10_8,3,4.228106816201276,0,351.2128255429641,0,2547.0250000125816
R10_8,4,3.935513216295689,0,305.09177595440525,0,2547.0250000125816
R10_8,5,2.613667589899933,0,254.3597773746345,0,2547.0250000125816
R10_8,6,4.29768120139677,0,362.17972184804444,0,2547.0250000125816
R10_8,7,2.5055713291849067,0,237.32074096924313,0,2547.0250000125816
R10_8,8,0.9572685441736368,1,150.89267164301495,0,2547.0250000125816
R10_8,9,1.2238618859645243,1,192.91534315970245,0,2547.0250000125816
R10_8,10,2.3376406537893146,0,210.85010384710674,0,2547.0250000125816
R10_8,11,2.5772864559929687,0,248.62507886601182,0,2547.0250000125816
R10_8,12,2.4507046395539227,0,228.67219460989978,0,2547.0250000125816
R10_8,13,2.424666704436124,0,224.56787757378132,0,2547.0250000125816
R10_8,14,2.6183311964923135,0,255.09489403808175,0,2547.0250000125816
R10_8,15,2.909888395780662,0,301.0525774960206,0,2547.0250000125816
R10_8,16,2.269552931634866,0,200.11754780052485,0,2547.0250000125816
R10_8,17,4.305136240128171,0,363.3548473843749,0,2547.0250000125816
R10_8,18,2.7141287707377586,0,270.1953086529733,0,2547.0250000125816
R10_8,19,2.241268564784889,0,195.65912941239367,0,2547.0250000125816
R10_8,20,2.7075010400663793,0,269.1505903301771,0,2547.0250000125816
R10_8,21,2.5825267976731396,0,249.45110533607155,0,2547.0250000125816
R10_8,22,2.565517639490217,0,246.76997960991937,0,2547.0250000125816
R10_8,23,2.7980074264988843,0,283.41696368243663,0,2547.0250000125816
R10_8,24,1.3174174953961284,1,207.6623605355969,0,2547.0250000125816
R10_8,25,4.748233182638955,0,433.1994921909392,0,2547.0250000125816
R10_8,26,2.3529041922052834,0,213.2560703904853,0,2547.0250000125816
R10_8,27,3.017527655271948,0,318.0195775475437,0,2547.0250000125816
R10_8,28,1.0997629843966479,1,173.35383670520494,0,2547.0250000125816
R10_8,29,2.613388592059639,0,254.3157994023494,0,2547.0250000125816
R10_8,30,0.9858197880577464,1,155.39315742062342,0,2547.0250000125816
R10_8,31,2.697686755352173,0,267.6035807164113,0,2547.0250000125816
R10_8,32,2.3160590537089085,0,207.44823159894298,0,2547.0250000125816
R10_8,33,2.758537237686017,0,277.19534251199644,0,2547.0250000125816
R10_8,34,1.0570385480996904,1,166.61925383759953,0,2547.0250000125816
R10_8,35,3.0074748464373577,0,316.4349697676267,0,2547.0250000125816
R10_8,36,1.185917967310857,1,186.93430545288123,0,2547.0250000125816
R10_8,37,2.266366608736373,0,199.61529294445882,0,2547.0250000125816
R10_8,38,2.508533153556577,0,237.7876084904824,0,2547.0250000125816
R10_8,39,2.3949351131966985,0,219.8813355771589,0,2547.0250000125816
R10_8,40,2.9719794038908702,0,310.83988133649683,0,2547.0250000125816
R10_8,41,3.8021499650292157,0,284.0699452413007,0,2547.0250000125816
R10_8,42,1.0772764606698821,1,169.80932282584783,0,2547.0250000125816
R10_8,43,2.5266320888058864,0,240.640513989451,0,2547.0250000125816
R10_8,44,2.9115520805877253,0,301.3148214053581,0,2547.0250000125816
R10_8,45,2.618231415997876,0,255.0791658022853,0,2547.0250000125816
R10_8,46,2.450790232574821,0,228.6856864974953,0,2547.0250000125816
R10_8,47,2.6567139067882195,0,261.14509775228424,0,2547.0250000125816
R10_8,48,0.9633033553000416,1,151.8439290297398,0,2547.0250000125816
R10_8,49,2.4021435503410196,0,221.01758970949965,0,2547.0250000125816
R10_8,50,2.430329025569229,0,225.460419973377,0,2547.0250000125816
R10_8,51,3.017919586166826,0,318.08135697212384,0,2547.0250000125816
R10_8,52,2.6600237942901757,0,261.6668298942713,0,2547.0250000125816
R10_8,53,2.5745630514003004,0,248.1957930637629,0,2547.0250000125816
R10_8,54,3.078702406429116,0,327.66245330626964,0,2547.0250000125816
R10_8,55,2.6722001422170614,0,263.5861676608008,0,2547.0250000125816
R10_8,56,1.0463569291268762,1,164.93552774622077,0,2547.0250000125816
R10_8,57,2.9853367774326927,0,312.9453822349929,0,2547.0250000125816
R10_8,58,2.449386992736823,0,228.4644961017595,0,2547.0250000125816
R10_8,59,2.9507354360241322,0,307.4912295007914,0,2547.0250000125816
R10_8,60,2.9261242947747945,0,303.6118156436243,0,2547.0250000125816
R10_8,61,1.230455876057345,1,193.95474301040235,0,2547.0250000125816
R10_8,62,2.5209187190844844,0,239.73992488455053,0,2547.0250000125816
R10_8,63,2.493288267478917,0,235.38458208461984,0,2547.0250000125816
R10_8,64,2.6574668915663686,0,261.26378950871293,0,2547.0250000125816
R10_9,1,1.105183050123287,1,193.64774107356558,0,2328.4921876438602
R10_9,2,0.8565738239586089,1,150.08697975763093,0,2328.4921876438602
R10_9,3,2.2397904733947698,0,217.2333574520907,0,2328.4921876438602
R10_9,4,2.5323428987579497,0,268.49374939426906,0,2328.4921876438602
R10_9,5,2.494529208177898,0,261.8681177745437,0,2328.4921876438602
R10_9,6,2.6542238008171566,0,289.84945274236327,0,2328.4921876438602
R10_9,7,2.4754330910820457,0,258.52213817553024,0,2328.4921876438602
R10_9,8,3.8940763084586507,0,331.8758811158568,0,2328.4921876438602
R10_9,9,1.00349264123723,1,175.82977149157142,0,2328.4921876438602
R10_9,10,1.0420378097270167,1,182.58357106035317,0,2328.4921876438602
R10_9,11,1.1825056806027376,1,207.19604216680244,0,2328.4921876438602
R10_9,12,1.0012641331145993,1,175.43929720420078,0,2328.4921876438602
R10_9,13,1.088359884023621,1,190.70002294439013,0,2328.4921876438602
R10_9,14,2.3474780345863877,0,236.10213485883023,0,2328.4921876438602
R10_9,15,1.0790841976905376,1,189.07475760476328,0,2328.4921876438602
R10_9,16,0.9963571221174057,1,174.5795015396511,0,2328.4921876438602
R10_9,17,1.0694591396377113,1,187.38827612151604,0,2328.4921876438602
R10_9,18,2.650211589704572,0,289.146441943767,0,2328.4921876438602
R10_9,19,3.0712446523993115,0,362.91892831969,0,2328.4921876438602
R10_9,20,1.0324675240112455,1,180.9066866654277,0,2328.4921876438602
R10_9,21,2.6950958012714494,0,297.0109546856372,0,2328.4921876438602
R10_9,22,2.9301606984000514,0,338.1985084845898,0,2328.4921876438602
R10_9,23,2.8697967108065683,0,327.6216634647846,0,2328.4921876438602
R10_9,24,3.4998985289846303,0,262.8089183461838,0,2328.4921876438602
R10_9,25,2.7406720854894218,0,304.99673087389175,0,2328.4921876438602
R10_9,26,2.876383870086322,0,328.7758510126956,0,2328.4921876438602
R10_9,27,2.4056928145872796,0,246.30240045556565,0,2328.4921876438602
R10_9,28,1.154458887898354,1,202.28174489183303,0,2328.4921876438602
R10_9,29,1.158318186440738,1,202.9579626865032,0,2328.4921876438602
R10_9,30,2.1639180479690516,0,203.9391580958626,0,2328.4921876438602
R10_9,31,2.3605127040936225,0,238.38604095514162,0,2328.4921876438602
R10_9,32,2.1002684988542093,0,192.78662421917576,0,2328.4921876438602
R10_9,33,2.7803074155994665,0,311.9415461618744,0,2328.4921876438602
R10_9,34,1.223265625582652,1,214.3379099965365,0,2328.4921876438602
R10_9,35,1.0071271119037704,1,176.4665954407763,0,2328.4921876438602
R10_9,36,2.6309588688028214,0,285.7730225706342,0,2328.4921876438602
R10_9,37,2.651810295378496,0,289.42656363253303,0,2328.4921876438602
R10_9,38,0.9744262001754436,1,170.73681367609024,0,2328.4921876438602
R10_9,39,1.2506971454324507,1,219.14440051639693,0,2328.4921876438602
R10_9,40,2.3665364299030713,0,239.44150493073934,0,2328.4921876438602
R10_9,41,2.416080793310009,0,248.12255921908584,0,2328.4921876438602
R10_9,42,2.5086271204202077,0,264.33832292225463,0,2328.4921876438602
R10_9,43,0.9130534453710908,1,159.98321468631266,0,2328.4921876438602
R10_9,44,2.366138295566248,0,239.37174470870127,0,2328.4921876438602
R10_9,45,2.987345635307399,0,348.2183272415886,0,2328.4921876438602
R10_9,46,2.0110654506679353,0,177.15666248910634,0,2328.4921876438602
R10_9,47,2.880185149473725,0,329.441902818755,0,2328.4921876438602
R10_9,48,2.267272836275655,0,222.04875657593135,0,2328.4921876438602
R10_9,49,0.9001984077238383,1,157.73078328906303,0,2328.4921876438602
R10_9,50,2.4965603809456773,0,262.2240153954554,0,2328.4921876438602
R10_9,51,2.6626133602776036,0,291.31945288210164,0,2328.4921876438602
R10_9,52,1.1820336119266486,1,207.1133273325974,0,2328.4921876438602
R10_9,53,2.6919831955866975,0,296.46557076969856,0,2328.4921876438602
R10_9,54,2.5010838952144994,0,263.01661560749557,0,2328.4921876438602
R10_9,55,2.458768201121778,0,255.60215284306864,0,2328.4921876438602
R10_9,56,2.2751397480971356,0,223.42717954693595,0,2328.4921876438602
R10_9,57,4.07080086408822,0,362.84116870878256,0,2328.4921876438602
R10_9,58,2.513258198610707,0,265.14977024785793,0,2328.4921876438602
R10_9,59,1.4902493433049067,1,261.1182092732664,0,2328.4921876438602
R10_9,60,1.470541318764166,1,257.6650125988238,0,2328.4921876438602
R10_9,61,2.2992415911295474,0,227.65025142486164,0,2328.4921876438602
R10_9,62,2.810386648875138,0,317.2119631994937,0,2328.4921876438602
R10_9,63,2.615529660302979,0,283.0695506234171,0,2328.4921876438602
R10_9,64,3.026720144853556,0,355.11744212454175,0,2328.4921876438602
R11_0,1,2.7497103654891433,0,245.44724583659246,0,3627.946874985355
R11_0,2,1.1944501842227524,1,167.55602172164464,0,3627.946874985355
R11_0,3,4.09150512053791,0,293.3937991192325,0,3627.946874985355
R11_0,4,2.946084692409471,0,272.99439800890923,0,3627.946874985355
R11_0,5,4.447223772456304,0,343.2935797504498,0,3627.946874985355
R11_0,6,2.937377096526504,0,271.7729070298959,0,3627.946874985355
R11_0,7,1.3024371652495894,1,182.704304318596,0,3627.946874985355
R11_0,8,5.485220067482395,0,348.62365388734395,0,3627.946874985355
R11_0,9,2.5939201874015794,0,223.5931887913884,0,3627.946874985355
R11_0,10,2.7241289661057735,0,241.8587181881675,0,3627.946874985355
R11_0,11,2.8785223208935804,0,263.5168305566933,0,3627.946874985355
R11_0,12,2.82150377144432,0,255.51833766326783,0,3627.946874985355
R11_0,13,1.155661751061018,1,162.11482740877761,0,3627.946874985355
R11_0,14,4.09265214475495,0,293.5547022838553,0,3627.946874985355
R11_0,15,4.581400555154836,0,362.1157359302031,0,3627.946874985355
R11_0,16,2.7921502822710274,0,251.40066583861463,0,3627.946874985355
R11_0,17,4.374713959466568,0,333.12199121472077,0,3627.946874985355
R11_0,18,2.522294100756259,0,213.5455683143659,0,3627.946874985355
R11_0,19,2.8055337265024676,0,253.27807914724332,0,3627.946874985355
R11_0,20,2.8168560499489956,0,254.8663609344658,0,3627.946874985355
R11_0,21,2.5767516425862986,0,221.18480616815685,0,3627.946874985355
R11_0,22,3.503586699790887,0,210.92131681864598,0,3627.946874985355
R11_0,23,3.240181771272198,0,314.2499791834911,0,3627.946874985355
R11_0,24,2.511913630018981,0,212.08940848174234,0,3627.946874985355
R11_0,25,2.917910932689729,0,269.0422171997507,0,3627.946874985355
R11_0,26,1.0636024821028407,1,149.20086492379264,0,3627.946874985355
R11_0,27,2.803790696385292,0,253.03356899852915,0,3627.946874985355
R11_0,28,1.2541907567320685,1,175.93635670526538,0,3627.946874985355
R11_0,29,3.9939204061102203,0,279.7047338519465,0,3627.946874985355
R11_0,30,4.294201462341668,0,321.8277958641601,0,3627.946874985355
R11_0,31,2.706327460372748,0,239.36154457583908,0,3627.946874985355
R11_0,32,4.645198016797011,0,371.0651663961204,0,3627.946874985355
R11_0,33,2.9625725523008555,0,275.3072949774024,0,3627.946874985355
R11_0,34,1.0737946523443256,1,150.63061019147378,0,3627.946874985355
R11_0,35,2.494001098085615,0,209.57666024882144,0,3627.946874985355
R11_0,36,4.499270151718264,0,350.59458264646054,0,3627.946874985355
R11_0,37,1.1473153096186586,1,160.9439987362322,0,3627.946874985355
R11_0,38,1.2896197140285537,1,180.90628782232432,0,3627.946874985355
R11_0,39,2.590547054928269,0,223.1200098631809,0,3627.946874985355
R11_0,40,4.089624152408064,0,293.12993919356575,0,3627.946874985355
R11_0,41,1.245785208493892,1,174.75723660316228,0,3627.946874985355
R11_0,42,2.7854157462669136,0,250.45595330401414,0,3627.946874985355
R11_0,43,3.2452876822013863,0,314.96623016981135,0,3627.946874985355
R11_0,44,1.1784078574571737,1,165.305623599141,0,3627.946874985355
R11_0,45,4.005591210180079,0,281.341900077938,0,3627.946874985355
R11_0,46,2.7812268071738586,0,249.86833401361778,0,3627.946874985355
R11_0,47,2.7821168075633125,0,249.993182187747,0,3627.946874985355
R11_0,48,4.376107388203344,0,333.3174597062248,0,3627.946874985355
R11_0,49,1.1265759675233724,1,158.03470900568476,0,3627.946874985355
R11_0,50,4.385456859809452,0,334.62899223241254,0,3627.946874985355
R11_0,51,2.7090853618479755,0,239.74841964655684,0,3627.946874985355
R11_0,52,2.880945316884379,0,263.8567254926473,0,3627.946874985355
R11_0,53,3.0274821483357783,0,284.4127343057462,0,3627.946874985355
R11_0,54,2.85997146088037,0,260.91453843569485,0,3627.946874985355
R11_0,55,4.0117469840808155,0,282.2054245673231,0,3627.946874985355
R11_0,56,2.4171659981103346,0,198.79832570587044,0,3627.946874985355
R11_0,57,2.384120729318955,0,194.16277551839346,0,3627.946874985355
R11_0,58,4.038494318716751,0,285.9575081974741,0,3627.946874985355
R11_0,59,2.6258979865606022,0,228.0789956347997,0,3627.946874985355
R11_0,60,1.2526237269815184,1,175.71653567430963,0,3627.946874985355
R11_0,61,2.3782960846017005,0,193.34570142886037,0,3627.946874985355
R11_0,62,1.206853611340886,1,169.2959594194077,0,3627.946874985355
R11_0,63,3.052851422716934,0,287.97150531639244,0,3627.946874985355
R11_0,64,4.413638665336691,0,338.5823016976781,0,3627.946874985355
R11_1,1,3.227899760841254,0,302.1821627496085,0,3372.070312479991
R11_1,2,2.9936348302676734,0,270.40753598166964,0,3372.070312479991
R11_1,3,1.2968488214756775,1,175.8986595899753,0,3372.070312479991
R11_1,4,3.985433396384515,0,269.2951308941425,0,3372.070312479991
R11_1,5,3.0808100228674533,0,282.2315815248893,0,3372.070312479991
R11_1,6,1.0151831741299517,1,137.69481578011704,0,3372.070312479991
R11_1,7,1.4197309123159627,1,192.5658259616297,0,3372.070312479991
R11_1,8,2.966299002637335,0,266.69982899274936,0,3372.070312479991
R11_1,9,3.2358748317783963,0,303.26386499951474,0,3372.070312479991
R11_1,10,2.873195183691628,0,254.07165161072965,0,3372.070312479991
R11_1,11,4.52113041848115,0,341.9546318110784,0,3372.070312479991
R11_1,12,2.7830315939859886,0,241.84227351329267,0,3372.070312479991
R11_1,13,3.234678949884639,0,303.10166103351986,0,3372.070312479991
R11_1,14,2.6108444998198905,0,218.48760135648308,0,3372.070312479991
R11_1,15,3.0442590370033606,0,277.2739725008325,0,3372.070312479991
R11_1,16,6.318265718060545,0,450.07442834088397,0,3372.070312479991
R11_1,17,5.106838224891213,0,421.3973674274649,0,3372.070312479991
R11_1,18,3.132742556473545,0,289.275473533851,0,3372.070312479991
R11_1,19,1.4985941309468167,1,203.26247326422993,0,3372.070312479991
R11_1,20,2.8160608692833584,0,246.3222137775892,0,3372.070312479991
R11_1,21,3.1179251377351775,0,287.2657064341697,0,3372.070312479991
R11_1,22,3.3231543412795688,0,315.10205961147994,0,3372.070312479991
R11_1,23,2.4886319489944384,0,201.91124833885996,0,3372.070312479991
R11_1,24,2.7391318750254854,0,235.8879158474986,0,3372.070312479991
R11_1,25,3.115668438576293,0,286.959618052415,0,3372.070312479991
R11_1,26,3.1138059020846782,0,286.70699209718646,0,3372.070312479991
R11_1,27,2.5343813920033504,0,208.1164941385205,0,3372.070312479991
R11_1,28,1.2709382914258853,1,172.3842734645066,0,3372.070312479991
R11_1,29,4.607836201563444,0,353.71500878818847,0,3372.070312479991
R11_1,30,1.1443116633162376,1,155.20921513539432,0,3372.070312479991
R11_1,31,1.3175302582118071,1,178.70379534677082,0,3372.070312479991
R11_1,32,2.886240995625762,0,255.84112604327507,0,3372.070312479991
R11_1,33,2.7742715579252106,0,240.6541021740176,0,3372.070312479991
R11_1,34,2.8015690384847147,0,244.35660794113994,0,3372.070312479991
R11_1,35,3.05671060263192,0,278.9628460746758,0,3372.070312479991
R11_1,36,2.722574199097309,0,233.64210819940533,0,3372.070312479991
R11_1,37,5.109233375490149,0,421.722234731111,0,3372.070312479991
R11_1,38,2.4295542559351873,0,193.89821948869286,0,3372.070312479991
R11_1,39,3.113901418941083,0,286.7199475679642,0,3372.070312479991
R11_1,40,3.4131540707298385,0,327.3092124511993,0,3372.070312479991
R11_1,41,3.0225638928377876,0,274.3313420915347,0,3372.070312479991
R11_1,42,4.1512006126817695,0,291.77904009604083,0,3372.070312479991
R11_1,43,3.055709888996404,0,278.82711384112145,0,3372.070312479991
R11_1,44,2.961209700029343,0,266.00953919784905,0,3372.070312479991
R11_1,45,1.1647173166663976,1,157.97694489148623,0,3372.070312479991
R11_1,46,2.5535352965246005,0,210.7144423923246,0,3372.070312479991
R11_1,47,2.9871306251911705,0,269.52533526890403,0,3372.070312479991
R11_1,48,5.542975651892675,0,344.917619641183,0,3372.070312479991
R11_1,49,4.410876425746864,0,327.0002830733927,0,3372.070312479991
R11_1,50,2.803671740059748,0,244.6418087929593,0,3372.070312479991
R11_1,51,3.199932565572311,0,298.3888199336749,0,3372.070312479991
R11_1,52,2.8006455508613826,0,244.23135029167273,0,3372.070312479991
R11_1,53,1.1510013523908107,1,156.11657405171906,0,3372.070312479991
R11_1,54,4.157235035051606,0,292.59752162501906,0,3372.070312479991
R11_1,55,2.777585717655718,0,241.1036196849332,0,3372.070312479991
R11_1,56,2.8076476764762717,0,245.18108667539238,0,3372.070312479991
R11_1,57,3.1048105483101907,0,285.4869033364398,0,3372.070312479991
R11_1,58,2.944129426462027,0,263.6928487894005,0,3372.070312479991
R11_1,59,2.9134898242480247,0,259.53703288351767,0,3372.070312479991
R11_1,60,2.839859093319987,0,249.5500963490544,0,3372.070312479991
R11_1,61,3.203179188341892,0,298.8291770392262,0,3372.070312479991
R11_1,62,2.6438125579275606,0,222.95923840036383,0,3372.070312479991
R11_1,63,1.2230875765383047,1,165.89402073052113,0,3372.070312479991
R11_1,64,2.9870481125974067,0,269.5141436370019,0,3372.070312479991
R11_2,1,3.3528800268735353,0,366.9129767511152,0,3364.8718749645923
R11_2,2,3.6393037011164466,0,255.6364089566405,0,3364.8718749645923
R11_2,3,3.1666897435238113,0,337.8780789553448,0,3364.8718749645923
R11_2,4,3.650891540830095,0,413.3855084752259,0,3364.8718749645923
R11_2,5,2.707432477897143,0,266.2605512866829,0,3364.8718749645923
R11_2,6,2.882987747436747,0,293.6370030374815,0,3364.8718749645923
R11_2,7,2.542731235705457,0,240.5766990048242,0,3364.8718749645923
R11_2,8,1.1633952679859298,1,181.42226379561276,0,3364.8718749645923
R11_2,9,3.4671700423194594,0,384.73559809229613,0,3364.8718749645923
R11_2,10,2.669667505914912,0,260.37140346415913,0,3364.8718749645923
R11_2,11,1.5578226521312928,1,242.93008568878142,0,3364.8718749645923
R11_2,12,3.071385267146141,0,323.0161018353713,0,3364.8718749645923
R11_2,13,4.021029143870528,0,315.16346384377306,0,3364.8718749645923
R11_2,14,3.0293892997162146,0,316.4671638337469,0,3364.8718749645923
R11_2,15,2.800717613843272,0,280.80762828410536,0,3364.8718749645923
R11_2,16,1.477420233988859,1,230.3919663449625,0,3364.8718749645923
R11_2,17,3.0385489197549163,0,317.89553392313593,0,3364.8718749645923
R11_2,18,1.3131931551320974,1,204.78205607404013,0,3364.8718749645923
R11_2,19,3.2374558087030536,0,348.9134854917255,0,3364.8718749645923
R11_2,20,5.334269449918416,0,519.9528727291207,0,3364.8718749645923
R11_2,21,4.783289157461084,0,434.0318665886823,0,3364.8718749645923
R11_2,22,1.2099721498867453,1,188.68555907239002,0,3364.8718749645923
R11_2,23,4.889284113267358,0,450.5609391768673,0,3364.8718749645923
R11_2,24,4.72791943136513,0,425.3973970059916,0,3364.8718749645923
R11_2,25,2.991964249139585,0,310.63102405811196,0,3364.8718749645923
R11_2,26,2.956329088594565,0,305.0740034351987,0,3364.8718749645923
R11_2,27,2.411008015781743,0,220.03550770843876,0,3364.8718749645923
R11_2,28,4.759824540445486,0,430.3727456903853,0,3364.8718749645923
R11_2,29,2.7530454048834017,0,273.3735254407871,0,3364.8718749645923
R11_2,30,3.4171389703684483,0,376.9336492764068,0,3364.8718749645923
R11_2,31,4.916321545699859,0,454.77721229925703,0,3364.8718749645923
R11_2,32,1.2951036290920683,1,201.9611379772588,0,3364.8718749645923
R11_2,33,2.7401490002060243,0,271.36243342780006,0,3364.8718749645923
R11_2,34,1.6376239716725678,1,255.37446847376458,0,3364.8718749645923
R11_2,35,2.578842009614082,0,246.20788775914596,0,3364.8718749645923
R11_2,36,3.75516640167303,0,429.64634589796054,0,3364.8718749645923
R11_2,37,2.848883557417615,0,288.3187251241654,0,3364.8718749645923
R11_2,38,3.090265801310295,0,325.9603713747009,0,3364.8718749645923
R11_2,39,2.9101110112155126,0,297.86666087749313,0,3364.8718749645923
R11_2,40,2.923406296248743,0,299.9399551179904,0,3364.8718749645923
R11_2,41,0.9895517221777226,1,154.31274178304537,0,3364.8718749645923
R11_2,42,3.2115150045410346,0,344.86822284947726,0,3364.8718749645923
R11_2,43,1.0473308298343582,1,163.32293530850512,0,3364.8718749645923
R11_2,44,3.3993683153194993,0,374.1624565813451,0,3364.8718749645923
R11_2,45,3.175763707414685,0,339.2930916479206,0,3364.8718749645923
R11_2,46,1.2950132311259424,1,201.9470411314932,0,3364.8718749645923
R11_2,47,4.354386754850502,0,367.1479390275039,0,3364.8718749645923
R11_2,48,2.9341108956692494,0,301.6092524869358,0,3364.8718749645923
R11_2,49,3.097721782804861,0,327.12307254668036,0,3364.8718749645923
R11_2,50,3.0429650372888517,0,318.58419242316614,0,3364.8718749645923
R11_2,51,3.2074852515960544,0,344.23981484238493,0,3364.8718749645923
R11_2,52,2.8973670750937295,0,295.87934512634416,0,3364.8718749645923
R11_2,53,1.1303721466345102,1,176.27256996580783,0,3364.8718749645923
R11_2,54,2.859064644958309,0,289.906384968039,0,3364.8718749645923
R11_2,55,1.2890409352955388,1,201.01570896999613,0,3364.8718749645923
R11_2,56,2.749415955877012,0,272.80754165764137,0,3364.8718749645923
R11_2,57,3.4287048091130927,0,378.7372500864584,0,3364.8718749645923
R11_2,58,4.685774301973815,0,418.8251983796652,0,3364.8718749645923
R11_2,59,2.4742443309384505,0,229.89670945604766,0,3364.8718749645923
R11_2,60,3.222627320331199,0,346.60110035219634,0,3364.8718749645923
R11_2,61,2.9043375653362347,0,296.96633778856284,0,3364.8718749645923
R11_2,62,3.004132012108961,0,312.5284901764458,0,3364.8718749645923
R11_2,63,2.4922840177044954,0,232.70985551338507,0,3364.8718749645923
R11_2,64,5.043480200052677,0,474.60659580176093,0,3364.8718749645923
R11_3,1,2.6600915306567003,0,256.66887759533415,0,3893.971874958879
R11_3,2,2.2454761981761315,0,192.56467005232878,0,3893.971874958879
R11_3,3,2.2775156551292284,0,197.51833152403174,0,3893.971874958879
R11_3,4,4.12737627981199,0,328.9163711029129,0,3893.971874958879
R11_3,5,3.780376383841002,0,275.26627279216575,0,3893.971874958879
R11_3,6,4.764750054440562,0,427.4615466679641,0,3893.971874958879
R11_3,7,2.423787830998709,0,220.13365996257647,0,3893.971874958879
R11_3,8,0.9565296279130955,1,147.89027077682735,0,3893.971874958879
R11_3,9,2.4169386653071854,0,219.0747016834432,0,3893.971874958879
R11_3,10,2.634222679064024,0,252.669261320957,0,3893.971874958879
R11_3,11,4.5586480256775275,0,395.5958480508525,0,3893.971874958879
R11_3,12,2.80260899387914,0,278.70368510294725,0,3893.971874958879
R11_3,13,3.644966728286832,0,254.3304125309489,0,3893.971874958879
R11_3,14,5.579189682783564,0,398.7718199632356,0,3893.971874958879
R11_3,15,2.422585536229473,0,219.947771628554,0,3893.971874958879
R11_3,16,2.2993782578458664,0,200.89853652897736,0,3893.971874958879
R11_3,17,1.0535765522676144,1,162.89482003701252,0,3893.971874958879
R11_3,18,2.731894811850424,0,267.7704748574848,0,3893.971874958879
R11_3,19,4.026011590824865,0,313.24424672322186,0,3893.971874958879
R11_3,20,3.100055793571734,0,324.6923157365979,0,3893.971874958879
R11_3,21,2.912247643494574,0,295.6550571316512,0,3893.971874958879
R11_3,22,4.17003983177203,0,335.5126375096712,0,3893.971874958879
R11_3,23,2.9218118898368743,0,297.1337975073406,0,3893.971874958879
R11_3,24,1.1461748465039996,1,177.21156089737542,0,3893.971874958879
R11_3,25,4.462942756382262,0,380.7987337976024,0,3893.971874958879
R11_3,26,4.361023300922604,0,365.0408362631159,0,3893.971874958879
R11_3,27,3.82292500568996,0,281.8447697072614,0,3893.971874958879
R11_3,28,2.7122614672117322,0,264.7349382989296,0,3893.971874958879
R11_3,29,4.023782734709236,0,312.8996404247398,0,3893.971874958879
R11_3,30,1.0892965345418162,1,168.41753224217473,0,3893.971874958879
R11_3,31,2.6261408887487576,0,251.41972537015315,0,3893.971874958879
R11_3,32,3.9434503495468647,0,300.4793474749738,0,3893.971874958879
R11_3,33,3.9160827892118064,0,296.24801392257336,0,3893.971874958879
R11_3,34,1.0590900056055652,1,163.74726211854426,0,3893.971874958879
R11_3,35,2.0307490001677877,0,159.36542297214447,0,3893.971874958879
R11_3,36,3.7901568402533243,0,276.77844168367744,0,3893.971874958879
R11_3,37,2.9488522090000373,0,301.3145358830643,0,3893.971874958879
R11_3,38,2.933455341714975,0,298.93400651371155,0,3893.971874958879
R11_3,39,3.922903594350707,0,297.30258734034595,0,3893.971874958879
R11_3,40,2.784938882748527,0,275.97168659134456,0,3893.971874958879
R11_3,41,4.115768520454239,0,327.1216805628255,0,3893.971874958879
R11_3,42,4.753299582153481,0,425.6911744833051,0,3893.971874958879
R11_3,43,4.236752054310045,0,345.82709967306056,0,3893.971874958879
R11_3,44,4.3024212100491965,0,355.9802919428486,0,3893.971874958879
R11_3,45,2.347547012478252,0,208.3459693712908,0,3893.971874958879
R11_3,46,2.304028996831491,0,201.6175932396375,0,3893.971874958879
R11_3,47,2.853302318987012,0,286.54144501963486,0,3893.971874958879
R11_3,48,2.557763758000405,0,240.8478496161532,0,3893.971874958879
R11_3,49,2.40148862644617,0,216.68595138863733,0,3893.971874958879
R11_3,50,2.961855299320561,0,303.32496033027564,0,3893.971874958879
R11_3,51,1.0889507550870547,1,168.3640708378423,0,3893.971874958879
R11_3,52,4.364744564425635,0,365.6161855790548,0,3893.971874958879
R11_3,53,1.0601207942461386,1,163.90663367037,0,3893.971874958879
R11_3,54,0.9737781636765845,1,150.55708898101804,0,3893.971874958879
R11_3,55,4.15914892332723,0,333.82878020728805,0,3893.971874958879
R11_3,56,2.3238055120144985,0,204.6752655794039,0,3893.971874958879
R11_3,57,1.0071711581700065,1,155.72002262527525,0,3893.971874958879
R11_3,58,2.6833781838392845,0,260.26925686656796,0,3893.971874958879
R11_3,59,2.6741451286677176,0,258.8417223819338,0,3893.971874958879
R11_3,60,4.63498769756923,0,407.39882248846305,0,3893.971874958879
R11_3,61,2.2932294901483345,0,199.94786768067806,0,3893.971874958879
R11_3,62,4.158446175421751,0,333.7201274536294,0,3893.971874958879
R11_3,63,4.508438935500017,0,387.8329563168959,0,3893.971874958879
R11_3,64,1.0935194952588745,1,169.07044960688614,0,3893.971874958879
R11_4,1,3.896371895212063,0,236.5606986154119,0,3562.1484375951695
R11_4,2,1.2993700473172787,1,162.0883999227081,0,3562.1484375951695
R11_4,3,2.6331002799731067,0,203.71918826410501,0,3562.1484375951695
R11_4,4,2.9070096411472903,0,237.88769181568338,0,3562.1484375951695
R11_4,5,3.2961616724336906,0,286.43200773870643,0,3562.1484375951695
R11_4,6,4.458155428220394,0,306.6397297245628,0,3562.1484375951695
R11_4,7,3.828085012860363,0,228.04233118117025,0,3562.1484375951695
R11_4,8,4.129569008669812,0,265.6506003451004,0,3562.1484375951695
R11_4,9,3.6560767465343886,0,331.32919356309134,0,3562.1484375951695
R11_4,10,3.284375590298815,0,284.9617666795535,0,3562.1484375951695
R11_4,11,1.3767873077293018,1,171.74572571107177,0,3562.1484375951695
R11_4,12,4.461371102971533,0,307.0408653180447,0,3562.1484375951695
R11_4,13,2.7447060926810707,0,217.64132510361168,0,3562.1484375951695
R11_4,14,2.897344118643865,0,236.6819774926298,0,3562.1484375951695
R11_4,15,3.952583908434356,0,243.57280059394247,0,3562.1484375951695
R11_4,16,2.596190012636413,0,199.11486004699992,0,3562.1484375951695
R11_4,17,1.4081283279032988,1,175.65532469131395,0,3562.1484375951695
R11_4,18,2.764123599973942,0,220.06353938666905,0,3562.1484375951695
R11_4,19,2.7105991869841084,0,213.3866989621597,0,3562.1484375951695
R11_4,20,2.92752425796953,0,240.44676374643117,0,3562.1484375951695
R11_4,21,1.2174209881077473,1,151.86576018288278,0,3562.1484375951695
R11_4,22,2.617263487193849,0,201.74364603362446,0,3562.1484375951695
R11_4,23,1.5068833216314808,1,187.97440111671435,0,3562.1484375951695
R11_4,24,2.8140148653302077,0,226.28716705025315,0,3562.1484375951695
R11_4,25,2.5382804089081645,0,191.89099412223922,0,3562.1484375951695
R11_4,26,6.156214781073444,0,393.71832891856366,0,3562.1484375951695
R11_4,27,4.1712670214702925,0,270.85217028181097,0,3562.1484375951695
R11_4,28,2.6485807832316084,0,205.65028557418196,0,3562.1484375951695
R11_4,29,3.7562534572658635,0,219.08178762061223,0,3562.1484375951695
R11_4,30,3.1060557434374445,0,262.7174655184661,0,3562.1484375951695
R11_4,31,1.3331469972579093,1,166.30186611846216,0,3562.1484375951695
R11_4,32,2.9104505215030727,0,238.31692041945539,0,3562.1484375951695
R11_4,33,1.2877867597657762,1,160.64345623715556,0,3562.1484375951695
R11_4,34,6.326319086824682,0,414.93779199308057,0,3562.1484375951695
R11_4,35,4.725738876726375,0,340.0191146839761,0,3562.1484375951695
R11_4,36,2.829305159197588,0,228.1945369118481,0,3562.1484375951695
R11_4,37,4.5414906492494325,0,317.0352846026289,0,3562.1484375951695
R11_4,38,2.7921175451496403,0,223.55561140296757,0,3562.1484375951695
R11_4,39,2.744746651327553,0,217.64638454462704,0,3562.1484375951695
R11_4,40,2.6839383149713605,0,210.0609196016057,0,3562.1484375951695
R11_4,41,2.9694898037427393,0,245.6817067715569,0,3562.1484375951695
R11_4,42,4.167704700129725,0,270.40779266413676,0,3562.1484375951695
R11_4,43,3.303901610369884,0,287.3975172624714,0,3562.1484375951695
R11_4,44,2.6034134970616947,0,200.01594518035168,0,3562.1484375951695
R11_4,45,2.6903737201517472,0,210.86369670940257,0,3562.1484375951695
R11_4,46,4.394315717056664,0,298.6761194694086,0,3562.1484375951695
R11_4,47,2.708726550710164,0,213.15309913591574,0,3562.1484375951695
R11_4,48,1.039984447967214,1,129.73164608768738,0,3562.1484375951695
R11_4,49,1.4022436873788386,1,174.92125207766543,0,3562.1484375951695
R11_4,50,4.3861017792391905,0,297.651481383708,0,3562.1484375951695
R11_4,51,3.368110728912029,0,170.66337601384834,0,3562.1484375951695
R11_4,52,1.9051460139884533,1,237.65521582098688,0,3562.1484375951695
R11_4,53,2.9966446069929518,0,249.0691010078112,0,3562.1484375951695
R11_4,54,1.4128456235424984,1,176.24377822977942,0,3562.1484375951695
R11_4,55,3.157043228399452,0,269.07783981725686,0,3562.1484375951695
R11_4,56,2.630027833775671,0,203.33591954937802,0,3562.1484375951695
R11_4,57,1.3098198579176277,1,163.391949348988,0,3562.1484375951695
R11_4,58,1.0820305765905864,1,134.97664132640148,0,3562.1484375951695
R11_4,59,3.553129997930057,0,318.48722156830036,0,3562.1484375951695
R11_4,60,2.9818937762339814,0,247.22902584201262,0,3562.1484375951695
R11_4,61,2.7775419212076002,0,221.73739220704346,0,3562.1484375951695
R11_4,62,4.640600114673184,0,329.39857918595226,0,3562.1484375951695
R11_4,63,4.407493371608965,0,300.31995060552316,0,3562.1484375951695
R11_4,64,4.523706990919898,0,314.81688290146803,0,3562.1484375951695
R11_5,1,1.0258397636870598,1,184.61875767855824,0,3641.318749942002
R11_5,2,2.109335875069913,0,199.6454206137995,0,3641.318749942002
R11_5,3,3.6254961080560335,0,292.53796031656293,0,3641.318749942002
R11_5,4,3.890738458077834,0,340.273205993495,0,3641.318749942002
R11_5,5,2.508194164324813,0,271.4273152708855,0,3641.318749942002
R11_5,6,2.6295489785356523,0,293.26734899836896,0,3641.318749942002
R11_5,7,2.5283108175230318,0,275.04767748881795,0,3641.318749942002
R11_5,8,2.7055243877792137,0,306.9405230799156,0,3641.318749942002
R11_5,9,2.556321471600768,0,280.0887105435404,0,3641.318749942002
R11_5,10,2.264424792187576,0,227.55652741771783,0,3641.318749942002
R11_5,11,1.247626096238264,1,224.5332927113199,0,3641.318749942002
R11_5,12,2.1218361611153007,0,201.89507729705323,0,3641.318749942002
R11_5,13,4.141116207520746,0,385.3332930448728,0,3641.318749942002
R11_5,14,0.9219842367629454,1,165.9280429709629,0,3641.318749942002
R11_5,15,1.1447860956302023,1,206.0253406665656,0,3641.318749942002
R11_5,16,2.7818717596860907,0,320.6806386929133,0,3641.318749942002
R11_5,17,2.3919561037572805,0,250.50813559333744,0,3641.318749942002
R11_5,18,2.719842026287459,0,309.51724580782184,0,3641.318749942002
R11_5,19,2.409149773682085,0,253.60245314059665,0,3641.318749942002
R11_5,20,4.051456191604629,0,369.19732197237124,0,3641.318749942002
R11_5,21,2.4770932900936415,0,265.8301401890394,0,3641.318749942002
R11_5,22,1.1525133391736375,1,207.4160004496697,0,3641.318749942002
R11_5,23,2.7055701721141716,0,306.94876281417066,0,3641.318749942002
R11_5,24,2.5551780881695265,0,279.8829376381634,0,3641.318749942002
R11_5,25,4.197385134094368,0,395.4599226488842,0,3641.318749942002
R11_5,26,2.603274602234606,0,288.53879110542385,0,3641.318749942002
R11_5,27,2.469144831773093,0,264.3996687328296,0,3641.318749942002
R11_5,28,2.601288851932061,0,288.1814187682497,0,3641.318749942002
R11_5,29,3.6601417263064775,0,298.773077365851,0,3641.318749942002
R11_5,30,2.5637690881471045,0,281.4290462988141,0,3641.318749942002
R11_5,31,2.5100223405109077,0,271.75632924386866,0,3641.318749942002
R11_5,32,2.969316868038973,0,354.4148379918877,0,3641.318749942002
R11_5,33,2.3800679697818055,0,248.3686469486602,0,3641.318749942002
R11_5,34,2.6886266249900643,0,303.8994594712412,0,3641.318749942002
R11_5,35,3.7066344342717343,0,307.14029638922705,0,3641.318749942002
R11_5,36,4.084239559361677,0,375.0972927495564,0,3641.318749942002
R11_5,37,1.0502022811230276,1,189.0032413593088,0,3641.318749942002
R11_5,38,3.890198641958591,0,340.1760561414054,0,3641.318749942002
R11_5,39,2.19919503144299,0,215.8172306789646,0,3641.318749942002
R11_5,40,2.725415496715101,0,310.5202944541433,0,3641.318749942002
R11_5,41,2.9798980182926798,0,356.31911084599074,0,3641.318749942002
R11_5,42,2.0370229506784696,0,186.63137813091942,0,3641.318749942002
R11_5,43,2.7105000854354415,0,307.83599150724046,0,3641.318749942002
R11_5,44,2.1126371046026264,0,200.23953766474256,0,3641.318749942002
R11_5,45,2.76442585321098,0,317.5409265331552,0,3641.318749942002
R11_5,46,2.666355252097894,0,299.89131576235405,0,3641.318749942002
R11_5,47,0.9213430365585253,1,165.81264718562346,0,3641.318749942002
R11_5,48,2.617452987379977,0,291.0904526261461,0,3641.318749942002
R11_5,49,4.370791371449805,0,426.6675685673966,0,3641.318749942002
R11_5,50,5.347002514388109,0,422.3863256357144,0,3641.318749942002
R11_5,51,3.782851275532238,0,320.8569206085135,0,3641.318749942002
R11_5,52,2.487458434480999,0,267.69553880946006,0,3641.318749942002
R11_5,53,2.3665952891313964,0,245.94398994829174,0,3641.318749942002
R11_5,54,2.6687528946838768,0,300.32281570147774,0,3641.318749942002
R11_5,55,2.7724529160532754,0,318.9855443206593,0,3641.318749942002
R11_5,56,2.810448651364389,0,325.8235766318749,0,3641.318749942002
R11_5,57,2.538005431710893,0,276.7924018511325,0,3641.318749942002
R11_5,58,2.179277517478969,0,212.23270723363925,0,3641.318749942002
R11_5,59,2.0185005649724594,0,183.297933708764,0,3641.318749942002
R11_5,60,4.011850734896086,0,362.069590650532,0,3641.318749942002
R11_5,61,2.2927376667673087,0,232.65195061756793,0,3641.318749942002
R11_5,62,1.0065492560626197,1,181.14707557119635,0,3641.318749942002
R11_5,63,3.9978241424740517,0,359.5452470258389,0,3641.318749942002
R11_5,64,1.1539646148018576,1,207.6771842261382,0,3641.318749942002
R11_6,1,2.6598175530152446,0,316.7587847756725,0,4086.278124987075
R11_6,2,2.3223998066710365,0,252.36614409081065,0,4086.278124987075
R11_6,3,1.2029279883463495,1,229.56619965190478,0,4086.278124987075
R11_6,4,2.5520011121790915,0,296.18314697978496,0,4086.278124987075
R11_6,5,3.853084245391713,0,353.64170754243935,0,4086.278124987075
R11_6,6,4.820036607067081,0,538.1744319155757,0,4086.278124987075
R11_6,7,3.051564885194999,0,391.5196575324094,0,4086.278124987075
R11_6,8,2.8054351129638206,0,344.54836999093794,0,4086.278124987075
R11_6,9,2.342463574177124,0,256.1951038470834,0,4086.278124987075
R11_6,10,2.80911514538041,0,345.25066561017275,0,4086.278124987075
R11_6,11,4.448980628380184,0,467.3622871234598,0,4086.278124987075
R11_6,12,1.4451701676928579,1,275.7955808340824,0,4086.278124987075
R11_6,13,3.397589348466745,0,457.5547999427909,0,4086.278124987075
R11_6,14,1.1001303157511764,1,209.94834117712202,0,4086.278124987075
R11_6,15,2.820712229786757,0,347.4638476293797,0,4086.278124987075
R11_6,16,2.784271203850764,0,340.5094597386782,0,4086.278124987075
R11_6,17,4.120915146093296,0,404.75442802035406,0,4086.278124987075
R11_6,18,3.4163829686481577,0,461.1413653935441,0,4086.278124987075
R11_6,19,2.660325367214675,0,316.8556957936418,0,4086.278124987075
R11_6,20,2.552199194770452,0,296.22094896640175,0,4086.278124987075
R11_6,21,2.622649430488373,0,309.6656381207181,0,4086.278124987075
R11_6,22,3.4027576079694413,0,458.54110810449583,0,4086.278124987075
R11_6,23,3.010739388355333,0,383.72853931986657,0,4086.278124987075
R11_6,24,3.3231229934649065,0,443.3436765128665,0,4086.278124987075
R11_6,25,1.283720928077944,1,244.98468547364126,0,4086.278124987075
R11_6,26,2.422433500498066,0,271.4565261847406,0,4086.278124987075
R11_6,27,3.5653025690186126,0,489.5611104172859,0,4086.278124987075
R11_6,28,3.190728168169443,0,418.0775116292635,0,4086.278124987075
R11_6,29,3.778794138669909,0,339.4642192496411,0,4086.278124987075
R11_6,30,3.438426065514861,0,465.3480594145267,0,4086.278124987075
R11_6,31,2.1795359594982884,0,225.10207609935568,0,4086.278124987075
R11_6,32,3.4521715531520485,0,467.97124167464665,0,4086.278124987075
R11_6,33,4.5747588636612875,0,491.3657451459972,0,4086.278124987075
R11_6,34,2.7682705344661045,0,337.45589967680604,0,4086.278124987075
R11_6,35,2.435139617132723,0,273.8813553818412,0,4086.278124987075
R11_6,36,2.676469508358011,0,319.93663593704343,0,4086.278124987075
R11_6,37,3.147098596124323,0,409.75126505102526,0,4086.278124987075
R11_6,38,1.0392981870950422,1,198.33916695587703,0,4086.278124987075
R11_6,39,2.590128806852505,0,303.45941792240086,0,4086.278124987075
R11_6,40,2.6107147844719094,0,307.38803600593434,0,4086.278124987075
R11_6,41,2.7210712825930656,0,328.44841711436067,0,4086.278124987075
R11_6,42,2.395293915016307,0,266.2772207237863,0,4086.278124987075
R11_6,43,2.8913699121039116,0,360.9481257930785,0,4086.278124987075
R11_6,44,2.4846205527833547,0,283.3242733807397,0,4086.278124987075
R11_6,45,2.5954727032151474,0,304.47924453811714,0,4086.278124987075
R11_6,46,3.2127216498511046,0,422.2747371121578,0,4086.278124987075
R11_6,47,2.4848011484521706,0,283.35873817145585,0,4086.278124987075
R11_6,48,3.03100932500584,0,387.5968442966587,0,4086.278124987075
R11_6,49,2.8418086426403946,0,351.4898769279035,0,4086.278124987075
R11_6,50,2.439022436190605,0,274.62235070632295,0,4086.278124987075
R11_6,51,1.2997072268962526,1,248.0355030635323,0,4086.278124987075
R11_6,52,2.8222149411578386,0,347.7506243458369,0,4086.278124987075
R11_6,53,1.601241201021054,1,305.58010188937266,0,4086.278124987075
R11_6,54,2.403264040553161,0,267.798235653999,0,4086.278124987075
R11_6,55,2.679529232347445,0,320.52055219391247,0,4086.278124987075
R11_6,56,3.3433084233601065,0,447.19585426105397,0,4086.278124987075
R11_6,57,2.6133920153445303,0,307.8989574600647,0,4086.278124987075
R11_6,58,2.841971300603106,0,351.5209184954,0,4086.278124987075
R11_6,59,2.7685713879072367,0,337.51331440304193,0,4086.278124987075
R11_6,60,3.6912216300589336,0,322.75192375850247,0,4086.278124987075
R11_6,61,2.6207387894811447,0,309.3010123083857,0,4086.278124987075
R11_6,62,2.7564669331919447,0,335.2033060777149,0,4086.278124987075
R11_6,63,1.1151570376819997,1,212.81603357459187,0,4086.278124987075
R11_6,64,2.9353600811228446,0,369.3431885246418,0,4086.278124987075
R11_7,1,1.200692409215364,1,162.37698351179236,0,3259.289062498283
R11_7,2,4.186652789950735,0,295.7144405134312,0,3259.289062498283
R11_7,3,2.9916879838127315,0,269.3481564687626,0,3259.289062498283
R11_7,4,2.846142353596825,0,249.6651300613362,0,3259.289062498283
R11_7,5,4.3581266664584035,0,318.9039023645185,0,3259.289062498283
R11_7,6,4.792676484504248,0,377.6707339846117,0,3259.289062498283
R11_7,7,4.52978433471624,0,342.11821949890435,0,3259.289062498283
R11_7,8,2.61025674255567,0,217.76487510783969,0,3259.289062498283
R11_7,9,3.1551725704630513,0,291.4571777528224,0,3259.289062498283
R11_7,10,2.527080995595071,0,206.51650975702577,0,3259.289062498283
R11_7,11,1.198527146607944,1,162.0841617965841,0,3259.289062498283
R11_7,12,3.0826763569784603,0,281.65307107961684,0,3259.289062498283
R11_7,13,2.612778284753386,0,218.10587869270412,0,3259.289062498283
R11_7,14,1.1512225719438298,1,155.6868746301845,0,3259.289062498283
R11_7,15,2.5377113179988413,0,207.95411332013208,0,3259.289062498283
R11_7,16,1.1666117226426458,1,157.76804367073453,0,3259.289062498283
R11_7,17,2.961546549693587,0,265.271945847772,0,3259.289062498283
R11_7,18,2.862241064270073,0,251.84225724019345,0,3259.289062498283
R11_7,19,2.462178034778873,0,197.73928511778286,0,3259.289062498283
R11_7,20,2.52592309276314,0,206.35991946995108,0,3259.289062498283
R11_7,21,2.616252030125608,0,218.57565454095717,0,3259.289062498283
R11_7,22,1.3687946874532315,1,185.11048349249302,0,3259.289062498283
R11_7,23,2.9436660542955266,0,262.85385701490344,0,3259.289062498283
R11_7,24,2.6819552473869024,0,227.4611027573584,0,3259.289062498283
R11_7,25,2.8493616189941235,0,250.10049102499846,0,3259.289062498283
R11_7,26,1.4962634404271995,1,202.34886314831925,0,3259.289062498283
R11_7,27,1.202259424423616,1,162.58890056955047,0,3259.289062498283
R11_7,28,3.003650005265502,0,135.72973319878437,0,3259.289062498283
R11_7,29,3.3626561039313714,0,319.51644591707236,0,3259.289062498283
R11_7,30,3.0718289519549344,0,280.1861101051554,0,3259.289062498283
R11_7,31,2.9440777233659077,0,262.90952954297273,0,3259.289062498283
R11_7,32,1.15459903189387,1,156.14349397534582,0,3259.289062498283
R11_7,33,2.9491496121674885,0,263.59543210884675,0,3259.289062498283
R11_7,34,1.3066535665319705,1,176.70675936648692,0,3259.289062498283
R11_7,35,3.1012315899042306,0,284.16240879818747,0,3259.289062498283
R11_7,36,3.0201470712502783,0,273.19685305095186,0,3259.289062498283
R11_7,37,2.333047262564186,0,180.27614042740223,0,3259.289062498283
R11_7,38,2.7857739296055044,0,241.5011385912167,0,3259.289062498283
R11_7,39,4.243086378153016,0,303.34630005606147,0,3259.289062498283
R11_7,40,2.761567929053598,0,238.2276129802133,0,3259.289062498283
R11_7,41,2.605983476213222,0,217.1869751451982,0,3259.289062498283
R11_7,42,2.4018054586122837,0,189.57473212358752,0,3259.289062498283
R11_7,43,4.454582186043893,0,331.9481726481882,0,3259.289062498283
R11_7,44,0.9789319493998363,1,132.38695921359258,0,3259.289062498283
R11_7,45,1.1736621695686544,1,158.72151876183062,0,3259.289062498283
R11_7,46,2.7131660327230165,0,231.68192828854006,0,3259.289062498283
R11_7,47,2.712542313116412,0,231.59757886857153,0,3259.289062498283
R11_7,48,1.090316952041107,1,147.45023486898003,0,3259.289062498283
R11_7,49,2.738678007182152,0,235.13206874442207,0,3259.289062498283
R11_7,50,4.030149267577215,0,274.54951128014886,0,3259.289062498283
R11_7,51,2.9887735512776246,0,268.9540199188293,0,3259.289062498283
R11_7,52,2.717781949821891,0,232.3061670102165,0,3259.289062498283
R11_7,53,2.456092642848205,0,196.91632032046635,0,3259.289062498283
R11_7,54,5.028989481409361,0,409.6287869443685,0,3259.289062498283
R11_7,55,4.842736425765175,0,384.4406462405228,0,3259.289062498283
R11_7,56,4.079088998438685,0,281.16793062733007,0,3259.289062498283
R11_7,57,2.7310744164157654,0,234.1037886261929,0,3259.289062498283
R11_7,58,2.935788664698059,0,261.7885494049222,0,3259.289062498283
R11_7,59,2.9033683111953508,0,257.40414656723317,0,3259.289062498283
R11_7,60,1.2074514291460474,1,163.29104714658962,0,3259.289062498283
R11_7,61,1.1515607860231611,1,155.73261339022142,0,3259.289062498283
R11_7,62,2.4513799712760296,0,196.27899689916495,0,3259.289062498283
R11_7,63,1.0208342701282973,1,138.05366651498795,0,3259.289062498283
R11_7,64,2.7924396931793183,0,242.40259059808562,0,3259.289062498283
R11_8,1,1.5090546881525206,1,192.8172936554729,0,3956.2593751725217
R11_8,2,0.999252270843872,1,127.67802257655936,0,3956.2593751725217
R11_8,3,4.136848757855802,0,273.03277851728154,0,3956.2593751725217
R11_8,4,1.105349410993142,1,141.2344321545403,0,3956.2593751725217
R11_8,5,2.939559354757236,0,247.82440862119853,0,3956.2593751725217
R11_8,6,1.506627784530295,1,192.50719953358663,0,3956.2593751725217
R11_8,7,2.158117269492159,0,147.97676942545226,0,3956.2593751725217
R11_8,8,3.260739249806093,0,288.8627080453807,0,3956.2593751725217
R11_8,9,2.762206490739292,0,225.1634013492533,0,3956.2593751725217
R11_8,10,2.4221611670644556,0,181.7145988996533,0,3956.2593751725217
R11_8,11,1.2534576614972686,1,160.15875097111987,0,3956.2593751725217
R11_8,12,2.5813524369071352,0,202.05503458142547,0,3956.2593751725217
R11_8,13,1.2861476842135033,1,164.3356716348748,0,3956.2593751725217
R11_8,14,2.9088100525039984,0,243.89546072500121,0,3956.2593751725217
R11_8,15,5.335369060566691,0,426.1719874367227,0,3956.2593751725217
R11_8,16,0.914604276939226,1,116.86224682886919,0,3956.2593751725217
R11_8,17,3.09750335119427,0,268.0054757364013,0,3956.2593751725217
R11_8,18,2.6709631393409623,0,213.50491327800944,0,3956.2593751725217
R11_8,19,2.7332075543490255,0,221.45810393521177,0,3956.2593751725217
R11_8,20,2.9906194692090935,0,254.34854135120486,0,3956.2593751725217
R11_8,21,4.3295234139157515,0,297.6515057437699,0,3956.2593751725217
R11_8,22,4.772386056819386,0,354.2376433676691,0,3956.2593751725217
R11_8,23,3.0337213576349598,0,259.8558231899368,0,3956.2593751725217
R11_8,24,4.71754502153189,0,347.2304089126041,0,3956.2593751725217
R11_8,25,2.6652082184276367,0,212.76958653046285,0,3956.2593751725217
R11_8,26,2.6296272201731554,0,208.22327562281166,0,3956.2593751725217
R11_8,27,1.1127806389122554,1,142.18394662021856,0,3956.2593751725217
R11_8,28,2.7638993967045735,0,225.37970997557528,0,3956.2593751725217
R11_8,29,2.5695974046083236,0,200.5530522261906,0,3956.2593751725217
R11_8,30,3.121817485086936,0,271.11217924527165,0,3956.2593751725217
R11_8,31,4.144789173949633,0,274.04735377007586,0,3956.2593751725217
R11_8,32,2.710366807887155,0,218.53966038745614,0,3956.2593751725217
R11_8,33,3.446982148750905,0,312.6596267515224,0,3956.2593751725217
R11_8,34,3.2741138839039436,0,290.57163269246377,0,3956.2593751725217
R11_8,35,2.9695084901633066,0,251.65111634866136,0,3956.2593751725217
R11_8,36,1.2642010346090409,1,161.53147002789527,0,3956.2593751725217
R11_8,37,3.323821788208143,0,296.9229887145268,0,3956.2593751725217
R11_8,38,2.9423131242087237,0,248.1762675545787,0,3956.2593751725217
R11_8,39,2.904759784487382,0,243.37794355105513,0,3956.2593751725217
R11_8,40,2.5668371310766247,0,200.20036224330926,0,3956.2593751725217
R11_8,41,3.5465082153933523,0,325.37642685746476,0,3956.2593751725217
R11_8,42,2.476388950770801,0,188.6434760154279,0,3956.2593751725217
R11_8,43,2.5148436947022113,0,193.55697564621093,0,3956.2593751725217
R11_8,44,2.6536888751058783,0,211.29771899549044,0,3956.2593751725217
R11_8,45,5.000880772840986,0,383.4332272678116,0,3956.2593751725217
R11_8,46,2.9076499586596043,0,243.74723140155928,0,3956.2593751725217
R11_8,47,2.679192829852891,0,214.55645015376973,0,3956.2593751725217
R11_8,48,1.091026769388904,1,139.40437721100005,0,3956.2593751725217
R11_8,49,1.2275571152888674,1,156.8493459089243,0,3956.2593751725217
R11_8,50,1.3566405521544773,1,173.34279650921042,0,3956.2593751725217
R11_8,51,3.3280479291112215,0,297.46297779374027,0,3956.2593751725217
R11_8,52,6.014291156247104,0,385.14671973137234,0,3956.2593751725217
R11_8,53,2.156822564943205,0,147.81134041272523,0,3956.2593751725217
R11_8,54,2.301322921119855,0,166.27466571761775,0,3956.2593751725217
R11_8,55,2.6318994895863455,0,208.51361158091032,0,3956.2593751725217
R11_8,56,1.076083873085242,1,137.4950701147981,0,3956.2593751725217
R11_8,57,3.6833570472364414,0,215.08852704428506,0,3956.2593751725217
R11_8,58,2.9905546207720946,0,254.34025543538007,0,3956.2593751725217
R11_8,59,0.9437321901005511,1,120.58402406444071,0,3956.2593751725217
R11_8,60,2.321875007120436,0,168.90067896466488,0,3956.2593751725217
R11_8,61,2.7585672808121657,0,224.69840653183496,0,3956.2593751725217
R11_8,62,2.9374463280785363,0,247.5544196746025,0,3956.2593751725217
R11_8,63,2.6097434132636685,0,205.6826507760417,0,3956.2593751725217
R11_8,64,1.289699697134946,1,164.7895249802303,0,3956.2593751725217
R11_9,1,1.3238646417079494,1,234.85303815246718,0,3933.0375000190543
R11_9,2,2.8101942439850554,0,321.1277078127332,0,3933.0375000190543
R11_9,3,3.1055038234373527,0,373.5155046802604,0,3933.0375000190543
R11_9,4,4.216965869143138,0,393.2888253415949,0,3933.0375000190543
R11_9,5,2.7697317053554755,0,313.9496702482144,0,3933.0375000190543
R11_9,6,1.0615895882585562,1,188.3255524914532,0,3933.0375000190543
R11_9,7,2.680259844347038,0,298.07739922821156,0,3933.0375000190543
R11_9,8,2.597586390927269,0,283.41116289370353,0,3933.0375000190543
R11_9,9,1.0035366292828236,1,178.0269816559915,0,3933.0375000190543
R11_9,10,2.8804316990681684,0,333.5878032021573,0,3933.0375000190543
R11_9,11,2.41719472696753,0,251.40975655380097,0,3933.0375000190543
R11_9,12,2.3620220575466817,0,241.62214789031225,0,3933.0375000190543
R11_9,13,2.768476099438516,0,313.7269262795097,0,3933.0375000190543
R11_9,14,2.8231816826860765,0,323.43167404965857,0,3933.0375000190543
R11_9,15,2.547133588616603,0,274.4608566972328,0,3933.0375000190543
R11_9,16,4.033563847469075,0,360.7533827922047,0,3933.0375000190543
R11_9,17,2.943033756159842,0,344.69338215591324,0,3933.0375000190543
R11_9,18,4.5058051715269585,0,444.5287977417684,0,3933.0375000190543
R11_9,19,1.0986380684530772,1,194.8979375061246,0,3933.0375000190543
R11_9,20,1.006193646722135,1,178.49833544729907,0,3933.0375000190543
R11_9,21,4.438515584789307,0,432.5916529737231,0,3933.0375000190543
R11_9,22,4.596043815950971,0,460.5370958215464,0,3933.0375000190543
R11_9,23,2.8346420585640324,0,325.4647399753684,0,3933.0375000190543
R11_9,24,2.363100362376418,0,241.81343871970586,0,3933.0375000190543
R11_9,25,2.577918797807982,0,279.922140034649,0,3933.0375000190543
R11_9,26,4.707915338591114,0,480.3830575211376,0,3933.0375000190543
R11_9,27,2.7790958604269065,0,315.61086747259196,0,3933.0375000190543
R11_9,28,2.798006961923722,0,318.96568903169526,0,3933.0375000190543
R11_9,29,2.8350234776461107,0,325.5324035622733,0,3933.0375000190543
R11_9,30,2.541932755272448,0,273.5382310198647,0,3933.0375000190543
R11_9,31,1.7971714237106333,1,318.81746489936734,0,3933.0375000190543
R11_9,32,1.0616900620662655,1,188.34337650325284,0,3933.0375000190543
R11_9,33,3.107009667294726,0,373.7826407557677,0,3933.0375000190543
R11_9,34,2.181343394972327,0,209.5698281152574,0,3933.0375000190543
R11_9,35,2.2770421565757033,0,226.54674871719013,0,3933.0375000190543
R11_9,36,3.541083647440985,0,450.7871847314753,0,3933.0375000190543
R11_9,37,3.1164265801145348,0,375.4531971828172,0,3933.0375000190543
R11_9,38,1.201838698319488,1,213.2056864253079,0,3933.0375000190543
R11_9,39,1.4116667036719441,1,250.42908751480428,0,3933.0375000190543
R11_9,40,3.157205215095999,0,382.68731010900996,0,3933.0375000190543
R11_9,41,2.4152050566707857,0,251.05678986869592,0,3933.0375000190543
R11_9,42,3.208804289589274,0,391.8409645150724,0,3933.0375000190543
R11_9,43,2.5785189503066483,0,280.0286068389027,0,3933.0375000190543
R11_9,44,2.782857518412957,0,316.2781840385622,0,3933.0375000190543
R11_9,45,2.266700413018061,0,224.71212770097105,0,3933.0375000190543
R11_9,46,4.059310250864954,0,365.3207840721565,0,3933.0375000190543
R11_9,47,2.7693176904173242,0,313.8762241699648,0,3933.0375000190543
R11_9,48,4.177075657180197,0,386.2123182902729,0,3933.0375000190543
R11_9,49,2.0854010950062936,0,192.54970390883648,0,3933.0375000190543
R11_9,50,3.1201476677611595,0,376.1133165874074,0,3933.0375000190543
R11_9,51,0.9970034616948524,1,176.8680004365719,0,3933.0375000190543
R11_9,52,4.80000705074243,0,496.7200890468804,0,3933.0375000190543
R11_9,53,3.0429869606739004,0,362.42503916498436,0,3933.0375000190543
R11_9,54,2.615006456630521,0,286.5014753216757,0,3933.0375000190543
R11_9,55,0.977568569801182,1,173.42025867839232,0,3933.0375000190543
R11_9,56,1.0494233232295045,1,186.16726212322104,0,3933.0375000190543
R11_9,57,2.743575357548629,0,309.3095449998467,0,3933.0375000190543
R11_9,58,3.486578083742131,0,441.11792034627734,0,3933.0375000190543
R11_9,59,3.2925162080789008,0,406.691424122104,0,3933.0375000190543
R11_9,60,1.412638512767618,1,250.60148604516237,0,3933.0375000190543
R11_9,61,3.156107139050704,0,382.49251187417764,0,3933.0375000190543
R11_9,62,2.5197278894728896,0,269.59909704007543,0,3933.0375000190543
R11_9,63,2.7183749493843514,0,304.8390030474401,0,3933.0375000190543
R11_9,64,4.956483922630163,0,524.4790211957265,0,3933.0375000190543
R12_0,1,1.7328997033954394,1,305.7582723468489,0,5114.445312528915
R12_0,2,4.456027549882116,0,433.349223279806,0,5114.445312528915
R12_0,3,3.5634340035643817,0,452.3003556808591,0,5114.445312528915
R12_0,4,3.285147263128181,0,403.19856819362747,0,5114.445312528915
R12_0,5,4.829889086863588,0,499.31452838108186,0,5114.445312528915
R12_0,6,3.6092327491535414,0,460.3812303555765,0,5114.445312528915
R12_0,7,5.776875408619574,0,666.4037725588415,0,5114.445312528915
R12_0,8,5.485342102498876,0,614.9647193716482,0,5114.445312528915
R12_0,9,5.192477756456022,0,563.29081331546,0,5114.445312528915
R12_0,10,0.963458081284152,1,169.99557322033243,0,5114.445312528915
R12_0,11,3.423392377644518,0,427.5909708768783,0,5114.445312528915
R12_0,12,3.163522497001402,0,381.73871203885494,0,5114.445312528915
R12_0,13,2.9903465645410563,0,351.18300600614134,0,5114.445312528915
R12_0,14,3.8795247939049418,0,508.0724085988135,0,5114.445312528915
R12_0,15,3.645010593055936,0,466.69398562840456,0,5114.445312528915
R12_0,16,3.0983339624796074,0,370.23664203840883,0,5114.445312528915
R12_0,17,1.0153002823584458,1,179.1427741830165,0,5114.445312528915
R12_0,18,1.456422712258572,1,256.97580271630716,0,5114.445312528915
R12_0,19,3.3788215191379223,0,419.7267484597987,0,5114.445312528915
R12_0,20,1.3611968863196253,1,240.17385857329387,0,5114.445312528915
R12_0,21,3.5623504587938086,0,452.109171634596,0,5114.445312528915
R12_0,22,1.150917930570099,1,203.0715784500437,0,5114.445312528915
R12_0,23,3.565934477645918,0,452.7415471899347,0,5114.445312528915
R12_0,24,3.840591103042101,0,501.20282576549533,0,5114.445312528915
R12_0,25,3.1980785092365167,0,387.83588349055697,0,5114.445312528915
R12_0,26,5.195579873190496,0,563.838160545939,0,5114.445312528915
R12_0,27,5.058348302021173,0,539.6245906376745,0,5114.445312528915
R12_0,28,3.0264109498654754,0,357.5463195484299,0,5114.445312528915
R12_0,29,1.999822584743498,1,352.8549848056899,0,5114.445312528915
R12_0,30,1.891486624749703,1,333.7398473884252,0,5114.445312528915
R12_0,31,3.3851057135864906,0,420.83555148741806,0,5114.445312528915
R12_0,32,5.509472745759993,0,619.2224059415522,0,5114.445312528915
R12_0,33,5.799419859892865,0,670.3815864270213,0,5114.445312528915
R12_0,34,1.9948624662017416,1,351.9798058943006,0,5114.445312528915
R12_0,35,3.8462188170604676,0,502.1957973218679,0,5114.445312528915
R12_0,36,3.875613123350142,0,507.38222114683236,0,5114.445312528915
R12_0,37,3.2264028146267236,0,392.833512992463,0,5114.445312528915
R12_0,38,5.14620668138501,0,555.1265993418394,0,5114.445312528915
R12_0,39,4.952003475419893,0,520.8607750568184,0,5114.445312528915
R12_0,40,3.75905942613484,0,486.8171203355387,0,5114.445312528915
R12_0,41,3.2264692593900612,0,392.8452367154266,0,5114.445312528915
R12_0,42,3.1033877004778816,0,371.12833946106844,0,5114.445312528915
R12_0,43,2.8863365781468744,0,332.83115697275844,0,5114.445312528915
R12_0,44,2.4950290558629256,0,263.78762737007474,0,5114.445312528915
R12_0,45,1.4272695955819081,1,251.83193514502287,0,5114.445312528915
R12_0,46,3.285760221775618,0,403.30672054468005,0,5114.445312528915
R12_0,47,2.786317695358953,0,315.18351080871633,0,5114.445312528915
R12_0,48,1.4511182356175958,1,256.0398641791423,0,5114.445312528915
R12_0,49,5.6312158001965,0,464.2599890019303,0,5114.445312528915
R12_0,50,5.119423849159688,0,550.4009522119311,0,5114.445312528915
R12_0,51,5.957400416764422,0,698.2561726127028,0,5114.445312528915
R12_0,52,2.8996329754040744,0,335.17721511209226,0,5114.445312528915
R12_0,53,1.2001981843172516,1,211.76674137090973,0,5114.445312528915
R12_0,54,3.55422956885252,0,450.6762962792017,0,5114.445312528915
R12_0,55,1.658643167199017,1,292.6562156188155,0,5114.445312528915
R12_0,56,1.182552426271144,1,208.65326833847948,0,5114.445312528915
R12_0,57,3.8746893061223844,0,507.2192199304485,0,5114.445312528915
R12_0,58,3.1306716183700445,0,375.9423997215757,0,5114.445312528915
R12_0,59,3.3069093138469228,0,407.03833284789494,0,5114.445312528915
R12_0,60,5.361772507264305,0,593.1617114540561,0,5114.445312528915
R12_0,61,3.404364478585954,0,424.2336285384046,0,5114.445312528915
R12_0,62,3.119506048112605,0,373.97231139794513,0,5114.445312528915
R12_0,63,5.834572491860833,0,676.5840273403109,0,5114.445312528915
R12_0,64,2.2279652339507123,0,216.66604691494123,0,5114.445312528915
R12_1,1,6.066059768473053,0,462.84303833990566,0,4568.285937466499
R12_1,2,4.410487012330826,0,363.8797730357699,0,4568.285937466499
R12_1,3,5.060912243583573,0,462.0659836704986,0,4568.285937466499
R12_1,4,2.744269125565289,0,263.30955125548246,0,4568.285937466499
R12_1,5,3.0402223494300884,0,307.98574796520757,0,4568.285937466499
R12_1,6,1.0035645981129058,1,151.49505320709054,0,4568.285937466499
R12_1,7,3.9378226502175977,0,292.5278014515931,0,4568.285937466499
R12_1,8,3.240077731933411,0,338.15530741658466,0,4568.285937466499
R12_1,9,2.7047358636765892,0,257.34173052471925,0,4568.285937466499
R12_1,10,1.1776382792264641,1,177.77268559053806,0,4568.285937466499
R12_1,11,2.5236281893883437,0,230.00226796884436,0,4568.285937466499
R12_1,12,4.324832640948479,0,350.9496501773231,0,4568.285937466499
R12_1,13,3.077092183586025,0,313.5515057626573,0,4568.285937466499
R12_1,14,5.054006712000167,0,461.02354566838085,0,4568.285937466499
R12_1,15,3.6825462597527405,0,404.94900788240267,0,4568.285937466499
R12_1,16,4.81805926439408,0,425.40563806544696,0,4568.285937466499
R12_1,17,3.150798352786275,0,324.67796443375653,0,4568.285937466499
R12_1,18,3.394413012973885,0,361.4532910809374,0,4568.285937466499
R12_1,19,4.735760654183871,0,412.982090686325,0,4568.285937466499
R12_1,20,4.487285499499677,0,375.4730386030749,0,4568.285937466499
R12_1,21,5.701396762794367,0,558.7515747112869,0,4568.285937466499
R12_1,22,1.3515842234651991,1,204.03103520465964,0,4568.285937466499
R12_1,23,3.7396073994145667,0,262.605831283128,0,4568.285937466499
R12_1,24,3.2137377153099678,0,334.17909878253295,0,4568.285937466499
R12_1,25,3.1757572805633387,0,328.4456881046477,0,4568.285937466499
R12_1,26,2.8063627198912187,0,272.6830110147391,0,4568.285937466499
R12_1,27,4.972266046879383,0,448.68422397953174,0,4568.285937466499
R12_1,28,1.5046970252560676,1,227.14447712719405,0,4568.285937466499
R12_1,29,4.498586490059132,0,377.1790016963498,0,4568.285937466499
R12_1,30,3.1943868961872965,0,331.2579581024993,0,4568.285937466499
R12_1,31,5.261246248952396,0,492.3077945709707,0,4568.285937466499
R12_1,32,4.626168315493253,0,396.4383652378151,0,4568.285937466499
R12_1,33,2.7689698981254445,0,267.0383046015993,0,4568.285937466499
R12_1,34,1.4718540830728024,1,222.1866066693412,0,4568.285937466499
R12_1,35,2.7907106406433755,0,270.3202208337079,0,4568.285937466499
R12_1,36,4.667881794631576,0,402.7353049200199,0,4568.285937466499
R12_1,37,4.752984394378103,0,415.582134013936,0,4568.285937466499
R12_1,38,4.764987106742474,0,417.3940268922705,0,4568.285937466499
R12_1,39,3.3787175704725954,0,359.0839549153207,0,4568.285937466499
R12_1,40,2.57815285453934,0,238.23314524737916,0,4568.285937466499
R12_1,41,3.2085970824438803,0,333.4030845119726,0,4568.285937466499
R12_1,42,2.9247357036837585,0,290.55223588741325,0,4568.285937466499
R12_1,43,3.142316623670588,0,323.3975884558816,0,4568.285937466499
R12_1,44,4.908880210281573,0,439.1156912652277,0,4568.285937466499
R12_1,45,5.090285738323296,0,466.50011691597075,0,4568.285937466499
R12_1,46,4.763407734959962,0,417.1556097413728,0,4568.285937466499
R12_1,47,1.3450344575651023,1,203.04230250584263,0,4568.285937466499
R12_1,48,3.30384058741366,0,347.7807537523571,0,4568.285937466499
R12_1,49,3.5212380143727415,0,380.5984067725807,0,4568.285937466499
R12_1,50,2.955220603865577,0,295.1541435112379,0,4568.285937466499
R12_1,51,6.571717640753775,0,539.1756096659553,0,4568.285937466499
R12_1,52,3.6552262215014295,0,400.824858170181,0,4568.285937466499
R12_1,53,3.1906692582830516,0,330.69675481457136,0,4568.285937466499
R12_1,54,4.764664355339548,0,417.34530532412236,0,4568.285937466499
R12_1,55,3.554064979600959,0,385.5538653979916,0,4568.285937466499
R12_1,56,5.975563806030948,0,449.1820436506037,0,4568.285937466499
R12_1,57,5.217635877611912,0,485.72450582301013,0,4568.285937466499
R12_1,58,3.3585261249359775,0,356.03591583378136,0,4568.285937466499
R12_1,59,5.496466717005909,0,527.8159595562362,0,4568.285937466499
R12_1,60,3.1438571322561444,0,323.63013893700975,0,4568.285937466499
R12_1,61,3.4535890661261064,0,370.3863277162865,0,4568.285937466499
R12_1,62,2.9341516583402836,0,291.97363970573093,0,4568.285937466499
R12_1,63,3.1653416043885017,0,326.8733693727376,0,4568.285937466499
R12_1,64,3.350127817423086,0,354.76813292682385,0,4568.285937466499
R12_2,1,3.0318495553306164,0,337.8774931221425,0,4399.678125082573
R12_2,2,4.563603953626718,0,426.3032540657109,0,4399.678125082573
R12_2,3,4.2749775502013705,0,378.307394636863,0,4399.678125082573
R12_2,4,4.398666487184272,0,398.8757028785241,0,4399.678125082573
R12_2,5,4.222817791488701,0,369.6337167705755,0,4399.678125082573
R12_2,6,2.604005921421887,0,266.7311161209055,0,4399.678125082573
R12_2,7,4.607513865702295,0,433.60505993829133,0,4399.678125082573
R12_2,8,4.09775030542832,0,348.8361687679179,0,4399.678125082573
R12_2,9,4.170106339586383,0,360.86829750965916,0,4399.678125082573
R12_2,10,5.086225437372846,0,513.2102971175213,0,4399.678125082573
R12_2,11,3.2652970733847866,0,376.69762228416414,0,4399.678125082573
R12_2,12,1.2692310216236464,1,211.06119528090463,0,4399.678125082573
R12_2,13,2.95349536361406,0,324.84792712728546,0,4399.678125082573
R12_2,14,4.623664833005023,0,436.29081407270905,0,4399.678125082573
R12_2,15,3.046808677432722,0,340.3650545963203,0,4399.678125082573
R12_2,16,4.1901663746071165,0,364.20409288238625,0,4399.678125082573
R12_2,17,4.509910559717376,0,417.374547073742,0,4399.678125082573
R12_2,18,2.38014355516745,0,229.50490765679916,0,4399.678125082573
R12_2,19,6.076675350104395,0,511.62220732175103,0,4399.678125082573
R12_2,20,2.8678696979060163,0,310.609183318499,0,4399.678125082573
R12_2,21,4.046103392402372,0,340.2477723214779,0,4399.678125082573
R12_2,22,4.621309521804612,0,435.8991479467237,0,4399.678125082573
R12_2,23,1.211674648353096,1,201.49011111139285,0,4399.678125082573
R12_2,24,2.772205832708927,0,294.70118123716105,0,4399.678125082573
R12_2,25,1.2208231014281559,1,203.01141291389848,0,4399.678125082573
R12_2,26,3.0481811014067617,0,340.5932758101573,0,4399.678125082573
R12_2,27,2.411939318240343,0,234.79224435492605,0,4399.678125082573
R12_2,28,3.09378742416083,0,348.17717884187283,0,4399.678125082573
R12_2,29,2.598551453047513,0,265.8240892714956,0,4399.678125082573
R12_2,30,4.20224354515323,0,366.2124128868974,0,4399.678125082573
R12_2,31,3.170156682697325,0,360.8766690960671,0,4399.678125082573
R12_2,32,4.046856986264473,0,340.3730879012107,0,4399.678125082573
R12_2,33,3.14237145734446,0,356.25624714433803,0,4399.678125082573
R12_2,34,5.18611413371336,0,529.8208489284204,0,4399.678125082573
R12_2,35,3.692728936658064,0,281.4849200585994,0,4399.678125082573
R12_2,36,2.760361739982443,0,292.73161988443604,0,4399.678125082573
R12_2,37,4.631292578611557,0,437.55923650927497,0,4399.678125082573
R12_2,38,2.8015728683427312,0,299.58464337851194,0,4399.678125082573
R12_2,39,3.1821641511115715,0,362.8733982908556,0,4399.678125082573
R12_2,40,3.735716924296078,0,288.63341855810245,0,4399.678125082573
R12_2,41,2.414266825544839,0,235.17928695421995,0,4399.678125082573
R12_2,42,2.6767990610593486,0,278.83593139754254,0,4399.678125082573
R12_2,43,3.889166377340537,0,314.1506210397526,0,4399.678125082573
R12_2,44,3.642088250299338,0,273.0638496540601,0,4399.678125082573
R12_2,45,4.646447352323676,0,440.07933300817507,0,4399.678125082573
R12_2,46,3.9754920371330087,0,328.5057672887822,0,4399.678125082573
R12_2,47,3.0767624362688366,0,345.34608329432655,0,4399.678125082573
R12_2,48,4.4900837559776505,0,414.0775358719902,0,4399.678125082573
R12_2,49,3.1069206602293633,0,350.36111262170425,0,4399.678125082573
R12_2,50,4.252476885892101,0,374.5657455416057,0,4399.678125082573
R12_2,51,4.333809185835648,0,388.09054295718676,0,4399.678125082573
R12_2,52,2.634219890306575,0,271.7554153054807,0,4399.678125082573
R12_2,53,2.8515446843071715,0,307.89448692009137,0,4399.678125082573
R12_2,54,4.494457497088938,0,414.80484793029046,0,4399.678125082573
R12_2,55,4.7038154279797695,0,449.6191050533403,0,4399.678125082573
R12_2,56,2.9776215338956007,0,328.85988259514005,0,4399.678125082573
R12_2,57,4.6837247716677695,0,446.2782176475424,0,4399.678125082573
R12_2,58,2.394959100151553,0,231.96859360506892,0,4399.678125082573
R12_2,59,4.911879526051834,0,484.21820993336064,0,4399.678125082573
R12_2,60,3.012522661550854,0,334.6636122503968,0,4399.678125082573
R12_2,61,2.826650122271147,0,303.7547551220176,0,4399.678125082573
R12_2,62,5.674959436575051,0,444.82062476635065,0,4399.678125082573
R12_2,63,2.657375864205136,0,275.6060362292221,0,4399.678125082573
R12_2,64,3.3350585632079657,0,388.2983026771017,0,4399.678125082573
R12_3,1,4.580599356326026,0,477.3933836223412,0,5382.793749959092
R12_3,2,4.09161612432073,0,386.9348011657685,0,5382.793749959092
R12_3,3,2.062063307399651,0,196.47451073633377,0,5382.793749959092
R12_3,4,3.7012450193696935,0,314.71879359212977,0,5382.793749959092
R12_3,5,2.742594725125855,0,322.36820879264565,0,5382.793749959092
R12_3,6,4.213962650611876,0,409.5680789806256,0,5382.793749959092
R12_3,7,4.621249835552845,0,484.91344665591095,0,5382.793749959092
R12_3,8,2.8425825750339655,0,340.8652830756951,0,5382.793749959092
R12_3,9,2.155611459922863,0,213.78028466640788,0,5382.793749959092
R12_3,10,2.6053653369663934,0,296.98170244276423,0,5382.793749959092
R12_3,11,4.130498774084529,0,394.12782773513555,0,5382.793749959092
R12_3,12,2.6944477148114885,0,313.46133833678425,0,5382.793749959092
R12_3,13,2.1733342060063308,0,217.0588725259011,0,5382.793749959092
R12_3,14,0.9199415492927798,1,170.18294911803196,0,5382.793749959092
R12_3,15,3.67931128498131,0,310.6612014480895,0,5382.793749959092
R12_3,16,3.249250455761441,0,416.0960836705688,0,5382.793749959092
R12_3,17,2.7428419735042766,0,322.4139480662301,0,5382.793749959092
R12_3,18,3.8156221435878024,0,335.8777860585999,0,5382.793749959092
R12_3,19,3.6772258134512583,0,310.275403355201,0,5382.793749959092
R12_3,20,4.938539472492167,0,358.61665848667496,0,5382.793749959092
R12_3,21,2.376100603622092,0,254.56928126308495,0,5382.793749959092
R12_3,22,2.952471075569896,0,361.1939105952827,0,5382.793749959092
R12_3,23,2.3534763532927627,0,250.38394835189072,0,5382.793749959092
R12_3,24,4.111261458704597,0,390.5690548250661,0,5382.793749959092
R12_3,25,2.1757005139467864,0,217.49662345055324,0,5382.793749959092
R12_3,26,2.7612821329327844,0,325.82525253025995,0,5382.793749959092
R12_3,27,2.5430965911655363,0,285.4624066718333,0,5382.793749959092
R12_3,28,5.455252241486818,0,454.20501727105255,0,5382.793749959092
R12_3,29,2.4475828891461973,0,267.793019412037,0,5382.793749959092
R12_3,30,4.301906734736306,0,425.8371382543227,0,5382.793749959092
R12_3,31,1.02024917353285,1,188.73917948432214,0,5382.793749959092
R12_3,32,2.5428059219457992,0,285.408634837015,0,5382.793749959092
R12_3,33,4.046638881678945,0,378.61431623728373,0,5382.793749959092
R12_3,34,4.1401925362486764,0,395.9211080086594,0,5382.793749959092
R12_3,35,2.604046920616284,0,296.73780435728384,0,5382.793749959092
R12_3,36,4.827405412386817,0,523.0508305687331,0,5382.793749959092
R12_3,37,2.675616244563834,0,309.97764402442345,0,5382.793749959092
R12_3,38,2.5058708926133235,0,278.5759048419481,0,5382.793749959092
R12_3,39,2.4648584164291094,0,270.9888748257146,0,5382.793749959092
R12_3,40,2.5603880901087877,0,288.6612167343838,0,5382.793749959092
R12_3,41,4.401657685457295,0,444.2903877940072,0,5382.793749959092
R12_3,42,4.233483745959745,0,413.1793492606424,0,5382.793749959092
R12_3,43,2.4037140184452,0,259.67757577747847,0,5382.793749959092
R12_3,44,4.112599098283994,0,390.81650907762355,0,5382.793749959092
R12_3,45,2.7121667714062028,0,316.73924366587306,0,5382.793749959092
R12_3,46,1.0687075650151954,1,197.7036533449946,0,5382.793749959092
R12_3,47,0.9254285747843447,1,171.19801163016487,0,5382.793749959092
R12_3,48,3.7526033281613564,0,324.21973249264835,0,5382.793749959092
R12_3,49,3.7479701093671878,0,323.36261843045025,0,5382.793749959092
R12_3,50,4.2201818499916754,0,410.71858869770637,0,5382.793749959092
R12_3,51,4.360433360330276,0,436.66416715976226,0,5382.793749959092
R12_3,52,2.495827086054394,0,276.7178687288005,0,5382.793749959092
R12_3,53,5.904765060217144,0,537.3618408939196,0,5382.793749959092
R12_3,54,3.9985711252711553,0,369.7221072167736,0,5382.793749959092
R12_3,55,4.107923691669832,0,389.95159055477234,0,5382.793749959092
R12_3,56,2.5641449577495976,0,289.35621177515554,0,5382.793749959092
R12_3,57,0.9817801407199838,1,181.62266924642137,0,5382.793749959092
R12_3,58,2.7366533852443027,0,321.2691011987632,0,5382.793749959092
R12_3,59,2.811741389068608,0,335.15987278531657,0,5382.793749959092
R12_3,60,3.769701240709672,0,327.38273038471283,0,5382.793749959092
R12_3,61,2.4398536297179447,0,266.3631588246869,0,5382.793749959092
R12_3,62,2.5162517655349745,0,280.4962959467776,0,5382.793749959092
R12_3,63,4.212145103294461,0,409.2318450504637,0,5382.793749959092
R12_3,64,4.940940253754512,0,544.0540064188259,0,5382.793749959092
R12_4,1,3.1059505978395237,0,289.3906068033394,0,5043.437500034997
R12_4,2,4.255797554341633,0,309.9819263310941,0,5043.437500034997
R12_4,3,4.643006983968377,0,363.190568506563,0,5043.437500034997
R12_4,4,3.8194556392228165,0,250.02171087328085,0,5043.437500034997
R12_4,5,3.2469697512550084,0,308.76884787873155,0,5043.437500034997
R12_4,6,5.242617292242215,0,445.5864191665528,0,5043.437500034997
R12_4,7,3.5833854086912353,0,354.9976299515353,0,5043.437500034997
R12_4,8,6.197194529428231,0,439.3446199016949,0,5043.437500034997
R12_4,9,4.371062539074714,0,325.8211411300086,0,5043.437500034997
R12_4,10,4.6724307240016785,0,367.23385137910316,0,5043.437500034997
R12_4,11,2.9929756166325276,0,273.8660743671894,0,5043.437500034997
R12_4,12,4.6924610157111175,0,369.9863272815238,0,5043.437500034997
R12_4,13,3.2605435914995553,0,310.63410619440657,0,5043.437500034997
R12_4,14,4.122818696374274,0,291.7085478203784,0,5043.437500034997
R12_4,15,3.6060718746851066,0,220.699438468174,0,5043.437500034997
R12_4,16,2.6297363595560057,0,223.9513094491473,0,5043.437500034997
R12_4,17,4.339521697721423,0,321.4869353667395,0,5043.437500034997
R12_4,18,4.7833640621559255,0,382.47783007267384,0,5043.437500034997
R12_4,19,3.104971867790148,0,289.25611396045036,0,5043.437500034997
R12_4,20,2.719796225454296,0,236.3269460228027,0,5043.437500034997
R12_4,21,3.4531394497898376,0,337.0997945897628,0,5043.437500034997
R12_4,22,2.74963025053745,0,240.4266084892718,0,5043.437500034997
R12_4,23,3.7641308043736004,0,242.41921177157693,0,5043.437500034997
R12_4,24,3.9887364509058187,0,273.28354657985636,0,5043.437500034997
R12_4,25,4.218011275870488,0,304.7894996583968,0,5043.437500034997
R12_4,26,2.4451762709422376,0,198.5898617065421,0,5043.437500034997
R12_4,27,2.9254024320925183,0,264.58046011881675,0,5043.437500034997
R12_4,28,1.2702821681279133,1,174.55667185314007,0,5043.437500034997
R12_4,29,2.7716483004898507,0,243.45223351717465,0,5043.437500034997
R12_4,30,4.772664653515157,0,381.00756369407674,0,5043.437500034997
R12_4,31,3.0504747346473238,0,281.7673540410948,0,5043.437500034997
R12_4,32,2.7018795646460667,0,233.86491612119855,0,5043.437500034997
R12_4,33,1.3227557161080945,1,181.76735946693677,0,5043.437500034997
R12_4,34,4.992383137329398,0,411.200325776028,0,5043.437500034997
R12_4,35,4.0882880647106035,0,286.9634980263789,0,5043.437500034997
R12_4,36,5.025761969613029,0,415.7871002895688,0,5043.437500034997
R12_4,37,4.9376294484779635,0,403.6763110827621,0,5043.437500034997
R12_4,38,6.187274046682674,0,437.9813901448019,0,5043.437500034997
R12_4,39,2.505877501833435,0,206.93116185828077,0,5043.437500034997
R12_4,40,1.0946369340020716,1,150.4202647893002,0,5043.437500034997
R12_4,41,5.18090644063912,0,437.1063813109205,0,5043.437500034997
R12_4,42,3.4115228235181974,0,331.38101811788613,0,5043.437500034997
R12_4,43,1.2403384244477351,1,170.44193233244067,0,5043.437500034997
R12_4,44,3.1591669486347413,0,296.7033671616714,0,5043.437500034997
R12_4,45,1.144746066140872,1,157.30604462236565,0,5043.437500034997
R12_4,46,2.7592416155723143,0,241.74736062966002,0,5043.437500034997
R12_4,47,4.6889127991861415,0,369.4987467398502,0,5043.437500034997
R12_4,48,4.2938993627358855,0,315.2177117587429,0,5043.437500034997
R12_4,49,1.268153497656325,1,174.26415917972315,0,5043.437500034997
R12_4,50,1.1477106520493692,1,157.71342517339178,0,5043.437500034997
R12_4,51,3.0136032136561823,0,276.7006293779739,0,5043.437500034997
R12_4,52,4.531509675344211,0,347.8690914345034,0,5043.437500034997
R12_4,53,3.1770324555650618,0,299.1583677190058,0,5043.437500034997
R12_4,54,2.6642482714054125,0,228.69378684737805,0,5043.437500034997
R12_4,55,6.561929869724068,0,489.4649700937247,0,5043.437500034997
R12_4,56,0.9973203995295492,1,137.0474482607963,0,5043.437500034997
R12_4,57,2.801485288313245,0,247.55230311057096,0,5043.437500034997
R12_4,58,4.665550618919987,0,366.2884171478798,0,5043.437500034997
R12_4,59,5.017457886606316,0,414.645989181491,0,5043.437500034997
R12_4,60,3.8116989903835403,0,248.95582579665097,0,5043.437500034997
R12_4,61,6.361361966146447,0,461.9037977750811,0,5043.437500034997
R12_4,62,3.2017000957241635,0,302.54808795336027,0,5043.437500034997
R12_4,63,4.8469531378364366,0,391.2159653433327,0,5043.437500034997
R12_4,64,2.944061202283791,0,267.1444674765383,0,5043.437500034997
R12_5,1,5.538173035518028,0,433.09543205526705,0,4618.070312517375
R12_5,2,4.619585310113877,0,320.6543095265242,0,4618.070312517375
R12_5,3,3.1561311242184757,0,263.9244975972433,0,4618.070312517375
R12_5,4,2.694011208024719,0,207.35800897270536,0,4618.070312517375
R12_5,5,3.772363187317488,0,339.3553171007053,0,4618.070312517375
R12_5,6,2.2797928675480996,0,156.654985312453,0,4618.070312517375
R12_5,7,3.2130193102007567,0,270.8879822090775,0,4618.070312517375
R12_5,8,1.5157478362570984,1,185.53741081645262,0,4618.070312517375
R12_5,9,1.1864403071310328,1,145.22802369089518,0,4618.070312517375
R12_5,10,5.0132245917473455,0,368.83832230418375,0,4618.070312517375
R12_5,11,4.342258643082253,0,286.70771859589615,0,4618.070312517375
R12_5,12,1.4786742346189428,1,180.99936042769613,0,4618.070312517375
R12_5,13,3.418606452362617,0,296.0531878860693,0,4618.070312517375
R12_5,14,3.5759556052012655,0,315.31374938153294,0,4618.070312517375
R12_5,15,4.522056177662655,0,308.7161082760717,0,4618.070312517375
R12_5,16,1.4744628002924465,1,180.48385342707823,0,4618.070312517375
R12_5,17,2.6535267334053074,0,202.4024455079417,0,4618.070312517375
R12_5,18,2.033712093322901,1,248.93961061029492,0,4618.070312517375
R12_5,19,4.70051353462933,0,330.56045148457434,0,4618.070312517375
R12_5,20,3.2429685704519358,0,274.55396679434494,0,4618.070312517375
R12_5,21,3.0414083579846647,0,249.88168354891013,0,4618.070312517375
R12_5,22,1.374461687081535,1,168.24306562576942,0,4618.070312517375
R12_5,23,6.0980442274801305,0,379.2207983492217,0,4618.070312517375
R12_5,24,2.60197436774412,0,196.09210006825535,0,4618.070312517375
R12_5,25,1.1772394233620176,1,144.10177557040225,0,4618.070312517375
R12_5,26,4.964713889902079,0,362.90029633313344,0,4618.070312517375
R12_5,27,5.187969647673313,0,390.2282556782868,0,4618.070312517375
R12_5,28,1.2898289575597133,1,157.8834681187184,0,4618.070312517375
R12_5,29,2.6293721141037167,0,199.44576272913568,0,4618.070312517375
R12_5,30,3.7253595756700335,0,333.601768789116,0,4618.070312517375
R12_5,31,1.2770304499662828,1,156.31684740226484,0,4618.070312517375
R12_5,32,2.861702606534209,0,227.8845287218406,0,4618.070312517375
R12_5,33,3.07262637389956,0,253.70297209383006,0,4618.070312517375
R12_5,34,2.3891472163501497,0,170.0406700899109,0,4618.070312517375
R12_5,35,2.4949524738831066,0,182.9919229723877,0,4618.070312517375
R12_5,36,4.829844398074272,0,346.39139180871473,0,4618.070312517375
R12_5,37,3.0498577667193913,0,250.9159462290682,0,4618.070312517375
R12_5,38,3.6990521450789515,0,207.97505251171532,0,4618.070312517375
R12_5,39,4.963582996918191,0,362.7618676637178,0,4618.070312517375
R12_5,40,1.4853074521561993,1,181.81130947212569,0,4618.070312517375
R12_5,41,3.6847024214853477,0,328.6250682204924,0,4618.070312517375
R12_5,42,4.993958031044009,0,366.4799697453162,0,4618.070312517375
R12_5,43,3.347110931432219,0,287.3016703043883,0,4618.070312517375
R12_5,44,2.5198749139687173,0,186.04259201779462,0,4618.070312517375
R12_5,45,3.0976963021001183,0,256.771694645446,0,4618.070312517375
R12_5,46,3.5216392178251397,0,308.66506967531257,0,4618.070312517375
R12_5,47,2.7486183685086942,0,214.04228120182103,0,4618.070312517375
R12_5,48,1.1829578603616397,1,144.80174951689037,0,4618.070312517375
R12_5,49,3.3551989651096292,0,288.2916983230386,0,4618.070312517375
R12_5,50,3.087790674289373,0,255.5591812625768,0,4618.070312517375
R12_5,51,3.646198152830742,0,323.9118948675954,0,4618.070312517375
R12_5,52,3.4903767358023146,0,304.8383381890688,0,4618.070312517375
R12_5,53,3.168438687107603,0,265.43102348320446,0,4618.070312517375
R12_5,54,2.8272405252796275,0,223.6661454430557,0,4618.070312517375
R12_5,55,3.5947128237804407,0,317.6097551458499,0,4618.070312517375
R12_5,56,3.8419520009566597,0,225.4669259166376,0,4618.070312517375
R12_5,57,4.895162226461046,0,354.38671957310197,0,4618.070312517375
R12_5,58,1.3957614008106418,1,170.85028936173723,0,4618.070312517375
R12_5,59,1.3474982982653358,1,164.9425711582021,0,4618.070312517375
R12_5,60,2.6773284171066827,0,205.31592666977517,0,4618.070312517375
R12_5,61,3.215770005815358,0,271.22468527410643,0,4618.070312517375
R12_5,62,3.8946516029791525,0,354.32421593201605,0,4618.070312517375
R12_5,63,2.0205467894814717,1,247.32809164327344,0,4618.070312517375
R12_5,64,3.3970478780577906,0,293.414277929062,0,4618.070312517375
R12_6,1,3.092961515153746,0,365.6369123461806,0,4642.048437517587
R12_6,2,3.304445237539582,0,402.58276859091535,0,4642.048437517587
R12_6,3,1.4404944130091337,1,251.6519895904023,0,4642.048437517587
R12_6,4,5.187538540503148,0,382.1593621271555,0,4642.048437517587
R12_6,5,2.800345873665293,0,314.5174441269211,0,4642.048437517587
R12_6,6,4.79679617359465,0,488.5956621613459,0,4642.048437517587
R12_6,7,3.233736662764848,0,390.2300976173476,0,4642.048437517587
R12_6,8,2.8500886675151165,0,323.2074278762817,0,4642.048437517587
R12_6,9,4.392919498062959,0,418.03907545831754,0,4642.048437517587
R12_6,10,2.3199425445245225,0,230.5917777082764,0,4642.048437517587
R12_6,11,1.11195802004465,1,194.2572255457035,0,4642.048437517587
R12_6,12,2.530706495633254,0,267.41189110229385,0,4642.048437517587
R12_6,13,4.6805681153213,0,468.29081276618757,0,4642.048437517587
R12_6,14,2.7580217968384275,0,307.1234979617224,0,4642.048437517587
R12_6,15,4.5266764428040105,0,441.40619230489,0,4642.048437517587
R12_6,16,2.7884763200203935,0,312.4438527521023,0,4642.048437517587
R12_6,17,5.619370052936688,0,632.2979573261713,0,4642.048437517587
R12_6,18,1.5522032195446585,1,271.16733318740353,0,4642.048437517587
R12_6,19,2.757092513053955,0,306.96115362276333,0,4642.048437517587
R12_6,20,2.9159520502886593,0,334.713651827191,0,4642.048437517587
R12_6,21,4.826388194948322,0,493.765339309969,0,4642.048437517587
R12_6,22,1.5624732529298022,1,272.9614910204303,0,4642.048437517587
R12_6,23,1.0601999828733781,1,185.21518212379524,0,4642.048437517587
R12_6,24,4.367943344657064,0,413.67578279980694,0,4642.048437517587
R12_6,25,4.781203358267,0,485.87162313343936,0,4642.048437517587
R12_6,26,2.5314037568835204,0,267.53370148858244,0,4642.048437517587
R12_6,27,2.7920105360053427,0,313.06127443470234,0,4642.048437517587
R12_6,28,2.9388979982904146,0,338.7222709620726,0,4642.048437517587
R12_6,29,2.707530273489766,0,298.3027124082407,0,4642.048437517587
R12_6,30,5.096709556074195,0,540.9900336522448,0,4642.048437517587
R12_6,31,0.974379268524384,1,170.22244538080557,0,4642.048437517587
R12_6,32,4.407517705589122,0,420.58935814961933,0,4642.048437517587
R12_6,33,2.873018394311302,0,327.2132131933995,0,4642.048437517587
R12_6,34,4.750635123243853,0,480.531403072625,0,4642.048437517587
R12_6,35,2.7358255464846906,0,303.24584976502047,0,4642.048437517587
R12_6,36,3.0526280217802224,0,358.59071781539,0,4642.048437517587
R12_6,37,4.3340406469023876,0,407.7530376191262,0,4642.048437517587
R12_6,38,4.221364497481119,0,388.0687008211698,0,4642.048437517587
R12_6,39,4.4528817889416175,0,428.5143884229074,0,4642.048437517587
R12_6,40,1.0052426278496185,1,175.61422316869252,0,4642.048437517587
R12_6,41,3.056281050934537,0,359.22889596201264,0,4642.048437517587
R12_6,42,1.0901669425677483,1,190.45036037992645,0,4642.048437517587
R12_6,43,4.25041718172826,0,393.14415667001384,0,4642.048437517587
R12_6,44,3.0814470551280095,0,363.6253552388663,0,4642.048437517587
R12_6,45,4.652308001668757,0,463.3538176883261,0,4642.048437517587
R12_6,46,2.752753348210433,0,306.2031087069527,0,4642.048437517587
R12_6,47,2.8037961201647477,0,315.1201964793945,0,4642.048437517587
R12_6,48,1.1679235593331683,1,204.03431262307342,0,4642.048437517587
R12_6,49,6.406738066917136,0,595.1515013252771,0,4642.048437517587
R12_6,50,5.093572742011219,0,540.4420374276187,0,4642.048437517587
R12_6,51,2.112755493863059,0,194.3965429017698,0,4642.048437517587
R12_6,52,4.121490403961552,0,370.6208619987784,0,4642.048437517587
R12_6,53,2.3176799088483264,0,230.1964990008456,0,4642.048437517587
R12_6,54,4.477936294296967,0,432.8913690372961,0,4642.048437517587
R12_6,55,2.5884028518671656,0,277.4913490351096,0,4642.048437517587
R12_6,56,4.468849500189833,0,431.3039211475941,0,4642.048437517587
R12_6,57,3.447308652629985,0,427.540770734137,0,4642.048437517587
R12_6,58,3.0938976179285476,0,365.80044795146443,0,4642.048437517587
R12_6,59,2.7726761682033256,0,309.68359238268687,0,4642.048437517587
R12_6,60,2.997004761571894,0,348.87342632677615,0,4642.048437517587
R12_6,61,2.8263067106044986,0,319.0527593688153,0,4642.048437517587
R12_6,62,4.415679803301721,0,422.01526310978744,0,4642.048437517587
R12_6,63,3.2293343436661957,0,389.46101975770256,0,4642.048437517587
R12_6,64,1.3505067937466038,1,235.93130145623988,0,4642.048437517587
R12_7,1,4.194364940278817,0,331.08357711539486,0,4418.525000119189
R12_7,2,4.6932386567061215,0,406.3531421416288,0,4418.525000119189
R12_7,3,5.148363426248444,0,475.0219100243068,0,4418.525000119189
R12_7,4,3.167333842325988,0,327.0051522192876,0,4418.525000119189
R12_7,5,4.415358292409195,0,364.42683201298325,0,4418.525000119189
R12_7,6,2.6548465414019518,0,249.68158324420835,0,4418.525000119189
R12_7,7,2.8002868765279274,0,271.62547485790367,0,4418.525000119189
R12_7,8,1.3188179121443682,1,198.98192133033936,0,4418.525000119189
R12_7,9,4.4159955876087125,0,364.52298647228076,0,4418.525000119189
R12_7,10,2.763941194951286,0,266.1416749446757,0,4418.525000119189
R12_7,11,4.485445028335846,0,375.0014483008231,0,4418.525000119189
R12_7,12,2.5860008086292012,0,239.29420826516926,0,4418.525000119189
R12_7,13,4.42513790133939,0,365.90236958103566,0,4418.525000119189
R12_7,14,4.41941686819991,0,365.0391858499036,0,4418.525000119189
R12_7,15,3.1447864190432853,0,323.60321965185346,0,4418.525000119189
R12_7,16,3.103024390291189,0,317.3022067195714,0,4418.525000119189
R12_7,17,3.1047416845620788,0,317.5613103534895,0,4418.525000119189
R12_7,18,2.7011836393285336,0,256.67287801613986,0,4418.525000119189
R12_7,19,2.9699123682857262,0,297.21839860102176,0,4418.525000119189
R12_7,20,4.37864164140958,0,358.8870606059974,0,4418.525000119189
R12_7,21,5.170180681889185,0,478.3136756316533,0,4418.525000119189
R12_7,22,2.519243889645736,0,229.2219914116499,0,4418.525000119189
R12_7,23,2.8775460618756483,0,283.28226310694225,0,4418.525000119189
R12_7,24,2.181012970448055,0,178.19005020465613,0,4418.525000119189
R12_7,25,2.659573352121189,0,250.39475969564833,0,4418.525000119189
R12_7,26,3.3418120799343356,0,353.330253379909,0,4418.525000119189
R12_7,27,1.1707637919055358,1,176.6436644453578,0,4418.525000119189
R12_7,28,2.6585869257285424,0,250.245928672766,0,4418.525000119189
R12_7,29,2.448588568127903,0,218.5615875011729,0,4418.525000119189
R12_7,30,2.9999920710807046,0,301.7567939322309,0,4418.525000119189
R12_7,31,4.3705057032430545,0,357.659518431075,0,4418.525000119189
R12_7,32,4.190962247303624,0,330.5701822185964,0,4418.525000119189
R12_7,33,4.580514659690458,0,389.345458746017,0,4418.525000119189
R12_7,34,4.371980338802722,0,357.8820099624857,0,4418.525000119189
R12_7,35,4.731656546452889,0,412.14959474124396,0,4418.525000119189
R12_7,36,4.959179396229231,0,446.4780136822914,0,4418.525000119189
R12_7,37,2.444370108599845,0,217.92511056662562,0,4418.525000119189
R12_7,38,3.1824631762727265,0,329.2878509220034,0,4418.525000119189
R12_7,39,5.686694153451015,0,556.2447091867427,0,4418.525000119189
R12_7,40,2.8628485226015883,0,281.0647131505373,0,4418.525000119189
R12_7,41,4.414924430746936,0,364.3613714013602,0,4418.525000119189
R12_7,42,4.626583506664218,0,396.29628008374624,0,4418.525000119189
R12_7,43,2.95168186626033,0,294.4677987749007,0,4418.525000119189
R12_7,44,3.078076272905001,0,313.53805983821286,0,4418.525000119189
R12_7,45,3.4256141509513114,0,365.9742256439089,0,4418.525000119189
R12_7,46,3.111202216911366,0,318.5360689822887,0,4418.525000119189
R12_7,47,4.877365633311179,0,434.1340353462472,0,4418.525000119189
R12_7,48,3.397754778563339,0,361.7708315333426,0,4418.525000119189
R12_7,49,4.673465980046153,0,403.3698605563429,0,4418.525000119189
R12_7,50,3.5713502593357944,0,387.9627432296317,0,4418.525000119189
R12_7,51,3.936642488271623,0,292.1986725367377,0,4418.525000119189
R12_7,52,4.589784332721315,0,390.744057698002,0,4418.525000119189
R12_7,53,2.7591447270376825,0,265.41798868574637,0,4418.525000119189
R12_7,54,3.136982597545966,0,322.4257869062432,0,4418.525000119189
R12_7,55,0.9968706114232688,1,150.40683611600662,0,4418.525000119189
R12_7,56,4.675015731814227,0,403.6036855457952,0,4418.525000119189
R12_7,57,4.963829329677289,0,447.1795909683099,0,4418.525000119189
R12_7,58,2.8898393763567114,0,285.13706604253605,0,4418.525000119189
R12_7,59,5.564245520890104,0,537.76978255216,0,4418.525000119189
R12_7,60,5.478786407826398,0,524.8757974492779,0,4418.525000119189
R12_7,61,2.6739601137268423,0,252.5654198297376,0,4418.525000119189
R12_7,62,4.7249509858828915,0,411.1378665007276,0,4418.525000119189
R12_7,63,0.9943820379450443,1,150.0313626503301,0,4418.525000119189
R12_7,64,4.384398067011524,0,359.75558431630003,0,4418.525000119189
R12_8,1,1.0672494224520221,1,151.87750431694423,0,4866.057812478175
R12_8,2,4.221918287451956,0,316.1954433473145,0,4866.057812478175
R12_8,3,4.111247686358361,0,300.4461964123915,0,4866.057812478175
R12_8,4,3.5016382332801683,0,356.0016651979238,0,4866.057812478175
R12_8,5,5.469165539106122,0,493.6879730806055,0,4866.057812478175
R12_8,6,3.752106319180328,0,391.64513053722555,0,4866.057812478175
R12_8,7,2.4318219375648553,0,203.75887578742405,0,4866.057812478175
R12_8,8,4.375798145360385,0,338.09368783648245,0,4866.057812478175
R12_8,9,5.238936627214365,0,460.92469223535574,0,4866.057812478175
R12_8,10,2.6621501310707245,0,236.5362851423342,0,4866.057812478175
R12_8,11,3.4339331644061417,0,346.3667320006128,0,4866.057812478175
R12_8,12,2.439418808058633,0,204.8399667741622,0,4866.057812478175
R12_8,13,4.342581659915787,0,333.3667357244684,0,4866.057812478175
R12_8,14,3.0436752989494877,0,290.8301447711364,0,4866.057812478175
R12_8,15,1.3011241685987471,1,185.1596144031836,0,4866.057812478175
R12_8,16,6.014298614520008,0,428.9570377911393,0,4866.057812478175
R12_8,17,3.713352249273605,0,386.13013910622874,0,4866.057812478175
R12_8,18,2.6745566257724107,0,238.30182130752092,0,4866.057812478175
R12_8,19,2.525351931542879,0,217.06888726676962,0,4866.057812478175
R12_8,20,2.5407285320627153,0,219.25709150722355,0,4866.057812478175
R12_8,21,2.261212411173215,0,179.4798754563431,0,4866.057812478175
R12_8,22,4.48755594021403,0,353.9976505028108,0,4866.057812478175
R12_8,23,5.034732160834871,0,431.8648829052773,0,4866.057812478175
R12_8,24,2.5752514238348923,0,224.16995492402123,0,4866.057812478175
R12_8,25,3.064731494944475,0,293.8265975504508,0,4866.057812478175
R12_8,26,3.4592714809039578,0,349.97256227076696,0,4866.057812478175
R12_8,27,2.8686121523088843,0,265.9173612640178,0,4866.057812478175
R12_8,28,1.3270578158661017,1,188.8501646550194,0,4866.057812478175
R12_8,29,4.097422514105162,0,298.47877191499083,0,4866.057812478175
R12_8,30,3.5615701687780614,0,364.5304238937038,0,4866.057812478175
R12_8,31,1.194353115498437,1,169.96530205498829,0,4866.057812478175
R12_8,32,4.302208234686006,0,327.62129802674764,0,4866.057812478175
R12_8,33,2.903653458724442,0,270.9039989275651,0,4866.057812478175
R12_8,34,2.898789694276175,0,270.211849191573,0,4866.057812478175
R12_8,35,3.073901151402829,0,295.13150763898386,0,4866.057812478175
R12_8,36,2.9260760908959114,0,274.09490570416045,0,4866.057812478175
R12_8,37,3.0252328277888694,0,288.20564441125305,0,4866.057812478175
R12_8,38,1.1573146605919362,1,164.69445535634978,0,4866.057812478175
R12_8,39,3.6477111265438538,0,376.7889207452472,0,4866.057812478175
R12_8,40,4.475747838808289,0,352.3172701395152,0,4866.057812478175
R12_8,41,4.023834363052288,0,430.3140454956234,0,4866.057812478175
R12_8,42,2.8819641394874154,0,267.8174480175777,0,4866.057812478175
R12_8,43,3.2955193985440516,0,326.66942705951845,0,4866.057812478175
R12_8,44,3.4574314454291724,0,349.71071158255177,0,4866.057812478175
R12_8,45,2.616631815498316,0,230.05869140987338,0,4866.057812478175
R12_8,46,2.23834441601511,0,176.22559022528142,0,4866.057812478175
R12_8,47,2.788752495735068,0,254.5527401352716,0,4866.057812478175
R12_8,48,4.648226787775371,0,376.86230316108004,0,4866.057812478175
R12_8,49,3.660948981344724,0,378.6727656154059,0,4866.057812478175
R12_8,50,4.004184501058035,0,285.2103114865626,0,4866.057812478175
R12_8,51,3.8308087474636494,0,260.537656518535,0,4866.057812478175
R12_8,52,4.4161778542156185,0,343.8400197406844,0,4866.057812478175
R12_8,53,4.0342492495664075,0,289.4887480687785,0,4866.057812478175
R12_8,54,3.863667274232654,0,265.21366845747167,0,4866.057812478175
R12_8,55,3.485685684123794,0,353.7314991969931,0,4866.057812478175
R12_8,56,2.708244067831174,0,243.09579403692487,0,4866.057812478175
R12_8,57,4.970167534987439,0,422.6768580307025,0,4866.057812478175
R12_8,58,5.0518163886722505,0,434.2960951716312,0,4866.057812478175
R12_8,59,2.7707769591806084,0,251.99468803122224,0,4866.057812478175
R12_8,60,3.0728611965590247,0,294.98351435554235,0,4866.057812478175
R12_8,61,2.4841021186510375,0,211.19873310809223,0,4866.057812478175
R12_8,62,4.48959364602446,0,354.28763114511327,0,4866.057812478175
R12_8,63,3.969053075361927,0,280.2108491813389,0,4866.057812478175
R12_8,64,2.4393507283628963,0,204.8302785287851,0,4866.057812478175
R12_9,1,2.4283379361551063,0,188.58754821294306,0,4649.292187650644
R12_9,2,5.7828823107892475,0,499.46478498656035,0,4649.292187650644
R12_9,3,1.456324866083662,1,192.28274272093253,0,4649.292187650644
R12_9,4,3.009281078696482,0,265.29113503912345,0,4649.292187650644
R12_9,5,4.898630342218887,0,382.71446523796936,0,4649.292187650644
R12_9,6,2.7078154559592775,0,225.48776552592756,0,4649.292187650644
R12_9,7,3.081263905947644,0,274.79523386693637,0,4649.292187650644
R12_9,8,5.106572757249687,0,410.1696978040795,0,4649.292187650644
R12_9,9,3.2035443881254437,0,290.9402761181318,0,4649.292187650644
R12_9,10,4.955851301614423,0,390.26951237747414,0,4649.292187650644
R12_9,11,3.449028828727627,0,323.35228983402516,0,4649.292187650644
R12_9,12,4.070824596704078,0,405.44976579095373,0,4649.292187650644
R12_9,13,4.2195425462970775,0,293.05255875737373,0,4649.292187650644
R12_9,14,4.446775470164177,0,323.0547724496808,0,4649.292187650644
R12_9,15,3.3869151971857008,0,315.1512491793002,0,4649.292187650644
R12_9,16,4.39162463942985,0,315.77305032578846,0,4649.292187650644
R12_9,17,4.16507809041299,0,417.894324490358,0,4649.292187650644
R12_9,18,3.1287924744909006,0,281.07056688495635,0,4649.292187650644
R12_9,19,4.416940381000224,0,319.1155601850462,0,4649.292187650644
R12_9,20,3.275383343226437,0,300.42537909393275,0,4649.292187650644
R12_9,21,5.317200855797559,0,437.97952885626216,0,4649.292187650644
R12_9,22,4.279365868483666,0,300.95120330887937,0,4649.292187650644
R12_9,23,3.0481508443978207,0,270.4232215206739,0,4649.292187650644
R12_9,24,3.526322749167228,0,333.55762750552185,0,4649.292187650644
R12_9,25,3.5280249961190933,0,333.7823800455046,0,4649.292187650644
R12_9,26,1.3446396043838895,1,177.53661777225403,0,4649.292187650644
R12_9,27,4.088599749086725,0,407.7966700648672,0,4649.292187650644
R12_9,28,2.5643108154012566,0,206.54043686162916,0,4649.292187650644
R12_9,29,2.8309834067723756,0,241.74998280259072,0,4649.292187650644
R12_9,30,3.5449201171952467,0,336.01309126577036,0,4649.292187650644
R12_9,31,3.0913593047972867,0,276.1281582884566,0,4649.292187650644
R12_9,32,3.063304361476469,0,272.42398377750953,0,4649.292187650644
R12_9,33,5.445438684383561,0,454.9111366144986,0,4649.292187650644
R12_9,34,1.2836270881873624,1,169.4809605299785,0,4649.292187650644
R12_9,35,3.3233516301581076,0,306.75876939004803,0,4649.292187650644
R12_9,36,4.4528357284599736,0,323.8549257079626,0,4649.292187650644
R12_9,37,1.480468087752179,1,195.47044141966217,0,4649.292187650644
R12_9,38,2.7683442896556016,0,233.47956078252147,0,4649.292187650644
R12_9,39,1.3048491706705398,1,172.28297285645075,0,4649.292187650644
R12_9,40,3.0714240874653065,0,273.49605445324636,0,4649.292187650644
R12_9,41,1.3188218061522683,1,174.12781993421254,0,4649.292187650644
R12_9,42,3.3789175729878593,0,314.0952999527056,0,4649.292187650644
R12_9,43,3.1731420351415593,0,286.9261663868086,0,4649.292187650644
R12_9,44,2.501874722289287,0,198.29682068233913,0,4649.292187650644
R12_9,45,4.153459432892376,0,284.32741604442543,0,4649.292187650644
R12_9,46,2.42833948806517,0,188.58775311607303,0,4649.292187650644
R12_9,47,5.743192704564592,0,494.2244526128416,0,4649.292187650644
R12_9,48,1.510806327034274,1,199.47608603532564,0,4649.292187650644
R12_9,49,3.0502019602115737,0,270.69403621559024,0,4649.292187650644
R12_9,50,1.1989756212332345,1,158.3041849214823,0,4649.292187650644
R12_9,51,3.169050930614169,0,286.3860061398729,0,4649.292187650644
R12_9,52,2.9856821033378367,0,262.17529473930955,0,4649.292187650644
R12_9,53,5.1628030482153875,0,417.59394415369775,0,4649.292187650644
R12_9,54,4.711384084167761,0,357.99180554794657,0,4649.292187650644
R12_9,55,3.4657099752621434,0,325.55474938277405,0,4649.292187650644
R12_9,56,5.755859889182069,0,495.8969372744205,0,4649.292187650644
R12_9,57,5.147491689289943,0,415.57234158580076,0,4649.292187650644
R12_9,58,5.108047336210731,0,410.364390687234,0,4649.292187650644
R12_9,59,1.976815832311697,1,261.00465558432643,0,4649.292187650644
R12_9,60,1.3607688270862432,1,179.66620523683207,0,4649.292187650644
R12_9,61,3.1216669377274116,0,280.1297618598196,0,4649.292187650644
R12_9,62,4.9790772835929005,0,393.3361052931183,0,4649.292187650644
R12_9,63,2.6220702453343137,0,214.16657980828612,0,4649.292187650644
R12_9,64,6.01257701693212,0,397.7591710230937,0,4649.292187650644
R4_0,1,0.9522953679125834,1,99.97793885914015,0,132.03750017964921
R4_0,2,0.9090909090909092,1,95.44206386902673,0,132.03750017964921
R4_0,3,0.9090909090909092,1,95.44206386902673,0,132.03750017964921
R4_0,4,0.9090909090909092,1,95.44206386902673,0,132.03750017964921
R4_0,5,0.9090909090909092,1,95.44206386902673,0,132.03750017964921
R4_0,6,1.1653145041224509,1,122.342023462954,0,132.03750017964921
R4_0,7,0.9522953679125834,1,99.97793885914015,0,132.03750017964921
R4_0,8,0.8923125711391684,1,93.6805687463799,1,132.03750017964921
R4_0,9,0.9522953679125834,1,99.97793885914015,0,132.03750017964921
R4_0,10,0.8923125711391684,1,93.6805687463799,1,132.03750017964921
R4_0,11,1.1653145041224509,1,122.342023462954,0,132.03750017964921
R4_0,12,0.9090909090909092,1,95.44206386902673,0,132.03750017964921
R4_0,13,0.8923125711391684,1,93.6805687463799,1,132.03750017964921
R4_0,14,1.0,0,0.0,0,132.03750017964921
R4_0,15,0.9090909090909092,1,95.44206386902673,0,132.03750017964921
R4_0,16,0.8923125711391684,1,93.6805687463799,1,132.03750017964921
R4_0,17,0.8923125711391684,1,93.6805687463799,1,132.03750017964921
R4_0,18,0.8923125711391684,1,93.6805687463799,1,132.03750017964921
R4_0,19,1.1653145041224509,1,122.342023462954,0,132.03750017964921
R4_0,20,0.9090909090909092,1,95.44206386902673,0,132.03750017964921
R4_0,21,0.9522953679125834,1,99.97793885914015,0,132.03750017964921
R4_0,22,0.8923125711391684,1,93.6805687463799,1,132.03750017964921
R4_0,23,0.8923125711391684,1,93.6805687463799,1,132.03750017964921
R4_0,24,0.9522953679125834,1,99.97793885914015,0,132.03750017964921
R4_0,25,1.1653145041224509,1,122.342023462954,0,132.03750017964921
R4_0,26,0.9522953679125834,1,99.97793885914015,0,132.03750017964921
R4_0,27,0.9090909090909092,1,95.44206386902673,0,132.03750017964921
R4_0,28,0.9522953679125834,1,99.97793885914015,0,132.03750017964921
R4_0,29,0.9090909090909092,1,95.44206386902673,0,132.03750017964921
R4_0,30,0.9090909090909092,1,95.44206386902673,0,132.03750017964921
R4_0,31,0.9090909090909092,1,95.44206386902673,0,132.03750017964921
R4_0,32,0.8923125711391684,1,93.6805687463799,1,132.03750017964921
R4_0,33,0.9090909090909092,1,95.44206386902673,0,132.03750017964921
R4_0,34,0.9090909090909092,1,95.44206386902673,0,132.03750017964921
R4_0,35,0.9522953679125834,1,99.97793885914015,0,132.03750017964921
R4_0,36,0.9522953679125834,1,99.97793885914015,0,132.03750017964921
R4_0,37,0.9090909090909092,1,95.44206386902673,0,132.03750017964921
R4_0,38,0.9522953679125834,1,99.97793885914015,0,132.03750017964921
R4_0,39,0.8923125711391684,1,93.6805687463799,1,132.03750017964921
R4_0,40,0.9090909090909092,1,95.44206386902673,0,132.03750017964921
R4_0,41,0.8923125711391684,1,93.6805687463799,1,132.03750017964921
R4_0,42,0.8923125711391684,1,93.6805687463799,1,132.03750017964921
R4_0,43,0.9090909090909092,1,95.44206386902673,0,132.03750017964921
R4_0,44,0.8923125711391684,1,93.6805687463799,1,132.03750017964921
R4_0,45,0.8923125711391684,1,93.6805687463799,1,132.03750017964921
R4_0,46,0.9090909090909092,1,95.44206386902673,0,132.03750017964921
R4_0,47,0.8923125711391684,1,93.6805687463799,1,132.03750017964921
R4_0,48,0.9522953679125834,1,99.97793885914015,0,132.03750017964921
R4_0,49,1.0,0,0.0,0,132.03750017964921
R4_0,50,1.0,0,0.0,0,132.03750017964921
R4_0,51,0.9090909090909092,1,95.44206386902673,0,132.03750017964921
R4_0,52,0.9522953679125834,1,99.97793885914015,0,132.03750017964921
R4_0,53,0.9090909090909092,1,95.44206386902673,0,132.03750017964921
R4_0,54,0.9522953679125834,1,99.97793885914015,0,132.03750017964921
R4_0,55,0.8923125711391684,1,93.6805687463799,1,132.03750017964921
R4_0,56,0.9522953679125834,1,99.97793885914015,0,132.03750017964921
R4_0,57,0.9522953679125834,1,99.97793885914015,0,132.03750017964921
R4_0,58,0.9090909090909092,1,95.44206386902673,0,132.03750017964921
R4_0,59,0.8923125711391684,1,93.6805687463799,1,132.03750017964921
R4_0,60,0.9522953679125834,1,99.97793885914015,0,132.03750017964921
R4_0,61,0.8923125711391684,1,93.6805687463799,1,132.03750017964921
R4_0,62,0.8923125711391684,1,93.6805687463799,1,132.03750017964921
R4_0,63,0.9522953679125834,1,99.97793885914015,0,132.03750017964921
R4_0,64,0.9522953679125834,1,99.97793885914015,0,132.03750017964921
R4_1,1,1.0957180357886909,1,94.38384353131472,0,130.68281259620562
R4_1,2,1.0,0,0.0,0,130.68281259620562
R4_1,3,1.0,0,0.0,0,130.68281259620562
R4_1,4,1.1157151700827184,1,96.10637280676252,0,130.68281259620562
R4_1,5,0.9090909090909092,1,78.30800563359918,1,130.68281259620562
R4_1,6,1.0,0,0.0,0,130.68281259620562
R4_1,7,1.1157151700827184,1,96.10637280676252,0,130.68281259620562
R4_1,8,1.2727313425298252,1,109.63155845497215,0,130.68281259620562
R4_1,9,1.0,0,0.0,0,130.68281259620562
R4_1,10,0.9090909090909092,1,78.30800563359918,1,130.68281259620562
R4_1,11,1.0,0,0.0,0,130.68281259620562
R4_1,12,0.9090909090909092,1,78.30800563359918,1,130.68281259620562
R4_1,13,1.1157151700827184,1,96.10637280676252,0,130.68281259620562
R4_1,14,0.9090909090909092,1,78.30800563359918,1,130.68281259620562
R4_1,15,1.2727313425298252,1,109.63155845497215,0,130.68281259620562
R4_1,16,0.9090909090909092,1,78.30800563359918,1,130.68281259620562
R4_1,17,1.0,0,0.0,0,130.68281259620562
R4_1,18,1.2727313425298252,1,109.63155845497215,0,130.68281259620562
R4_1,19,0.9090909090909092,1,78.30800563359918,1,130.68281259620562
R4_1,20,1.0,0,0.0,0,130.68281259620562
R4_1,21,1.1157151700827184,1,96.10637280676252,0,130.68281259620562
R4_1,22,0.9090909090909092,1,78.30800563359918,1,130.68281259620562
R4_1,23,1.0957180357886909,1,94.38384353131472,0,130.68281259620562
R4_1,24,1.0,0,0.0,0,130.68281259620562
R4_1,25,0.9090909090909092,1,78.30800563359918,1,130.68281259620562
R4_1,26,1.0,0,0.0,0,130.68281259620562
R4_1,27,1.0,0,0.0,0,130.68281259620562
R4_1,28,1.0,0,0.0,0,130.68281259620562
R4_1,29,1.0,0,0.0,0,130.68281259620562
R4_1,30,1.0,0,0.0,0,130.68281259620562
R4_1,31,1.0,0,0.0,0,130.68281259620562
R4_1,32,1.2431391081630192,1,107.08251871391488,0,130.68281259620562
R4_1,33,1.1157151700827184,1,96.10637280676252,0,130.68281259620562
R4_1,34,0.9090909090909092,1,78.30800563359918,1,130.68281259620562
R4_1,35,1.2727313425298252,1,109.63155845497215,0,130.68281259620562
R4_1,36,1.2431391081630192,1,107.08251871391488,0,130.68281259620562
R4_1,37,0.9090909090909092,1,78.30800563359918,1,130.68281259620562
R4_1,38,1.0957180357886909,1,94.38384353131472,0,130.68281259620562
R4_1,39,1.2431391081630192,1,107.08251871391488,0,130.68281259620562
R4_1,40,1.2727313425298252,1,109.63155845497215,0,130.68281259620562
R4_1,41,0.9090909090909092,1,78.30800563359918,1,130.68281259620562
R4_1,42,1.0,0,0.0,0,130.68281259620562
R4_1,43,0.9090909090909092,1,78.30800563359918,1,130.68281259620562
R4_1,44,1.1157151700827184,1,96.10637280676252,0,130.68281259620562
R4_1,45,0.9090909090909092,1,78.30800563359918,1,130.68281259620562
R4_1,46,1.0,0,0.0,0,130.68281259620562
R4_1,47,1.1157151700827184,1,96.10637280676252,0,130.68281259620562
R4_1,48,1.2727313425298252,1,109.63155845497215,0,130.68281259620562
R4_1,49,0.9090909090909092,1,78.30800563359918,1,130.68281259620562
R4_1,50,1.0,0,0.0,0,130.68281259620562
R4_1,51,1.0,0,0.0,0,130.68281259620562
R4_1,52,1.0957180357886909,1,94.38384353131472,0,130.68281259620562
R4_1,53,1.0,0,0.0,0,130.68281259620562
R4_1,54,1.2431391081630192,1,107.08251871391488,0,130.68281259620562
R4_1,55,1.0957180357886909,1,94.38384353131472,0,130.68281259620562
R4_1,56,1.0957180357886909,1,94.38384353131472,0,130.68281259620562
R4_1,57,1.0,0,0.0,0,130.68281259620562
R4_1,58,0.9090909090909092,1,78.30800563359918,1,130.68281259620562
R4_1,59,1.1157151700827184,1,96.10637280676252,0,130.68281259620562
R4_1,60,1.0957180357886909,1,94.38384353131472,0,130.68281259620562
R4_1,61,1.1157151700827184,1,96.10637280676252,0,130.68281259620562
R4_1,62,1.0,0,0.0,0,130.68281259620562
R4_1,63,0.9090909090909092,1,78.30800563359918,1,130.68281259620562
R4_1,64,1.0957180357886909,1,94.38384353131472,0,130.68281259620562
R4_2,1,1.0824734030985041,1,142.3964849693566,0,146.59687485618633
R4_2,2,1.0,0,0.0,0,146.59687485618633
R4_2,3,1.0,0,0.0,0,146.59687485618633
R4_2,4,0.9090909090909083,1,119.58848097477211,1,146.59687485618633
R4_2,5,0.9482602385510877,1,124.74110164680965,0,146.59687485618633
R4_2,6,0.9090909090909083,1,119.58848097477211,1,146.59687485618633
R4_2,7,1.0824734030985041,1,142.3964849693566,0,146.59687485618633
R4_2,8,1.0,0,0.0,0,146.59687485618633
R4_2,9,0.9482602385510877,1,124.74110164680965,0,146.59687485618633
R4_2,10,0.9482602385510877,1,124.74110164680965,0,146.59687485618633
R4_2,11,0.9482602385510877,1,124.74110164680965,0,146.59687485618633
R4_2,12,1.0824734030985041,1,142.3964849693566,0,146.59687485618633
R4_2,13,1.0265991203054323,1,135.0463723041005,0,146.59687485618633
R4_2,14,1.0,0,0.0,0,146.59687485618633
R4_2,15,1.0,0,0.0,0,146.59687485618633
R4_2,16,1.0,0,0.0,0,146.59687485618633
R4_2,17,1.1558896280822637,1,152.05419327653746,0,146.59687485618633
R4_2,18,1.0824734030985041,1,142.3964849693566,0,146.59687485618633
R4_2,19,1.0265991203054323,1,135.0463723041005,0,146.59687485618633
R4_2,20,1.0265991203054323,1,135.0463723041005,0,146.59687485618633
R4_2,21,0.9482602385510877,1,124.74110164680965,0,146.59687485618633
R4_2,22,0.9482602385510877,1,124.74110164680965,0,146.59687485618633
R4_2,23,0.9482602385510877,1,124.74110164680965,0,146.59687485618633
R4_2,24,1.0,0,0.0,0,146.59687485618633
R4_2,25,1.0824734030985041,1,142.3964849693566,0,146.59687485618633
R4_2,26,0.9482602385510877,1,124.74110164680965,0,146.59687485618633
R4_2,27,1.0265991203054323,1,135.0463723041005,0,146.59687485618633
R4_2,28,0.9482602385510877,1,124.74110164680965,0,146.59687485618633
R4_2,29,1.0265991203054323,1,135.0463723041005,0,146.59687485618633
R4_2,30,1.0265991203054323,1,135.0463723041005,0,146.59687485618633
R4_2,31,0.9482602385510877,1,124.74110164680965,0,146.59687485618633
R4_2,32,0.9482602385510877,1,124.74110164680965,0,146.59687485618633
R4_2,33,0.9090909090909083,1,119.58848097477211,1,146.59687485618633
R4_2,34,0.9090909090909083,1,119.58848097477211,1,146.59687485618633
R4_2,35,1.0265991203054323,1,135.0463723041005,0,146.59687485618633
R4_2,36,0.9090909090909083,1,119.58848097477211,1,146.59687485618633
R4_2,37,1.0,0,0.0,0,146.59687485618633
R4_2,38,1.0824734030985041,1,142.3964849693566,0,146.59687485618633
R4_2,39,0.9482602385510877,1,124.74110164680965,0,146.59687485618633
R4_2,40,0.9482602385510877,1,124.74110164680965,0,146.59687485618633
R4_2,41,1.0265991203054323,1,135.0463723041005,0,146.59687485618633
R4_2,42,0.9482602385510877,1,124.74110164680965,0,146.59687485618633
R4_2,43,1.0824734030985041,1,142.3964849693566,0,146.59687485618633
R4_2,44,0.9090909090909083,1,119.58848097477211,1,146.59687485618633
R4_2,45,1.0,0,0.0,0,146.59687485618633
R4_2,46,1.0,0,0.0,0,146.59687485618633
R4_2,47,0.9482602385510877,1,124.74110164680965,0,146.59687485618633
R4_2,48,1.0,0,0.0,0,146.59687485618633
R4_2,49,1.0,0,0.0,0,146.59687485618633
R4_2,50,1.0824734030985041,1,142.3964849693566,0,146.59687485618633
R4_2,51,1.0265991203054323,1,135.0463723041005,0,146.59687485618633
R4_2,52,0.9482602385510877,1,124.74110164680965,0,146.59687485618633
R4_2,53,1.0265991203054323,1,135.0463723041005,0,146.59687485618633
R4_2,54,0.9482602385510877,1,124.74110164680965,0,146.59687485618633
R4_2,55,1.0,0,0.0,0,146.59687485618633
R4_2,56,1.0,0,0.0,0,146.59687485618633
R4_2,57,1.0824734030985041,1,142.3964849693566,0,146.59687485618633
R4_2,58,1.0824734030985041,1,142.3964849693566,0,146.59687485618633
R4_2,59,0.9482602385510877,1,124.74110164680965,0,146.59687485618633
R4_2,60,1.0265991203054323,1,135.0463723041005,0,146.59687485618633
R4_2,61,1.0,0,0.0,0,146.59687485618633
R4_2,62,0.9090909090909083,1,119.58848097477211,1,146.59687485618633
R4_2,63,0.9090909090909083,1,119.58848097477211,1,146.59687485618633
R4_2,64,1.0,0,0.0,0,146.59687485618633
R4_3,1,0.9090909090909092,1,59.09785070507451,1,153.2375001715991
R4_3,2,1.0,0,0.0,0,153.2375001715991
R4_3,3,1.0112621985762456,1,65.73976467865882,0,153.2375001715991
R4_3,4,1.0112621985762456,1,65.73976467865882,0,153.2375001715991
R4_3,5,0.9090909090909092,1,59.09785070507451,1,153.2375001715991
R4_3,6,1.1883373761207467,1,77.25100332536823,0,153.2375001715991
R4_3,7,1.0,0,0.0,0,153.2375001715991
R4_3,8,1.0,0,0.0,0,153.2375001715991
R4_3,9,0.9090909090909092,1,59.09785070507451,1,153.2375001715991
R4_3,10,1.0112621985762456,1,65.73976467865882,0,153.2375001715991
R4_3,11,1.0,0,0.0,0,153.2375001715991
R4_3,12,1.0112621985762456,1,65.73976467865882,0,153.2375001715991
R4_3,13,1.0,0,0.0,0,153.2375001715991
R4_3,14,1.3050085336085617,1,84.83551943685171,0,153.2375001715991
R4_3,15,0.9090909090909092,1,59.09785070507451,1,153.2375001715991
R4_3,16,1.0112621985762456,1,65.73976467865882,0,153.2375001715991
R4_3,17,1.0112621985762456,1,65.73976467865882,0,153.2375001715991
R4_3,18,1.3050085336085617,1,84.83551943685171,0,153.2375001715991
R4_3,19,0.9090909090909092,1,59.09785070507451,1,153.2375001715991
R4_3,20,1.0112621985762456,1,65.73976467865882,0,153.2375001715991
R4_3,21,1.0,0,0.0,0,153.2375001715991
R4_3,22,1.3050085336085617,1,84.83551943685171,0,153.2375001715991
R4_3,23,0.9090909090909092,1,59.09785070507451,1,153.2375001715991
R4_3,24,1.0112621985762456,1,65.73976467865882,0,153.2375001715991
R4_3,25,1.0,0,0.0,0,153.2375001715991
R4_3,26,1.0,0,0.0,0,153.2375001715991
R4_3,27,0.9090909090909092,1,59.09785070507451,1,153.2375001715991
R4_3,28,1.0,0,0.0,0,153.2375001715991
R4_3,29,0.9090909090909092,1,59.09785070507451,1,153.2375001715991
R4_3,30,0.9090909090909092,1,59.09785070507451,1,153.2375001715991
R4_3,31,1.0,0,0.0,0,153.2375001715991
R4_3,32,1.0112621985762456,1,65.73976467865882,0,153.2375001715991
R4_3,33,1.0112621985762456,1,65.73976467865882,0,153.2375001715991
R4_3,34,1.0,0,0.0,0,153.2375001715991
R4_3,35,1.0,0,0.0,0,153.2375001715991
R4_3,36,1.0112621985762456,1,65.73976467865882,0,153.2375001715991
R4_3,37,1.0112621985762456,1,65.73976467865882,0,153.2375001715991
R4_3,38,0.9090909090909092,1,59.09785070507451,1,153.2375001715991
R4_3,39,0.9090909090909092,1,59.09785070507451,1,153.2375001715991
R4_3,40,1.0112621985762456,1,65.73976467865882,0,153.2375001715991
R4_3,41,1.0112621985762456,1,65.73976467865882,0,153.2375001715991
R4_3,42,1.0,0,0.0,0,153.2375001715991
R4_3,43,1.0,0,0.0,0,153.2375001715991
R4_3,44,1.0,0,0.0,0,153.2375001715991
R4_3,45,1.0,0,0.0,0,153.2375001715991
R4_3,46,1.0112621985762456,1,65.73976467865882,0,153.2375001715991
R4_3,47,0.9090909090909092,1,59.09785070507451,1,153.2375001715991
R4_3,48,1.0,0,0.0,0,153.2375001715991
R4_3,49,0.9090909090909092,1,59.09785070507451,1,153.2375001715991
R4_3,50,0.9090909090909092,1,59.09785070507451,1,153.2375001715991
R4_3,51,0.9090909090909092,1,59.09785070507451,1,153.2375001715991
R4_3,52,0.9090909090909092,1,59.09785070507451,1,153.2375001715991
R4_3,53,0.9090909090909092,1,59.09785070507451,1,153.2375001715991
R4_3,54,1.3050085336085617,1,84.83551943685171,0,153.2375001715991
R4_3,55,1.0112621985762456,1,65.73976467865882,0,153.2375001715991
R4_3,56,1.0,0,0.0,0,153.2375001715991
R4_3,57,1.3050085336085617,1,84.83551943685171,0,153.2375001715991
R4_3,58,0.9090909090909092,1,59.09785070507451,1,153.2375001715991
R4_3,59,1.0112621985762456,1,65.73976467865882,0,153.2375001715991
R4_3,60,1.3050085336085617,1,84.83551943685171,0,153.2375001715991
R4_3,61,1.0,0,0.0,0,153.2375001715991
R4_3,62,1.0,0,0.0,0,153.2375001715991
R4_3,63,1.0,0,0.0,0,153.2375001715991
R4_3,64,1.0,0,0.0,0,153.2375001715991
R4_4,1,1.0,0,0.0,0,152.6843750525586
R4_4,2,1.1601447159775677,1,100.1520483791809,0,152.6843750525586
R4_4,3,0.9631761313751399,1,83.14830139606529,0,152.6843750525586
R4_4,4,1.1106541748309393,1,95.87966838816199,0,152.6843750525586
R4_4,5,0.9090909090909083,1,78.4792754338647,1,152.6843750525586
R4_4,6,0.9631761313751399,1,83.14830139606529,0,152.6843750525586
R4_4,7,0.9090909090909083,1,78.4792754338647,1,152.6843750525586
R4_4,8,1.1601447159775677,1,100.1520483791809,0,152.6843750525586
R4_4,9,0.9631761313751399,1,83.14830139606529,0,152.6843750525586
R4_4,10,0.9631761313751399,1,83.14830139606529,0,152.6843750525586
R4_4,11,1.0,0,0.0,0,152.6843750525586
R4_4,12,0.9631761313751399,1,83.14830139606529,0,152.6843750525586
R4_4,13,0.9090909090909083,1,78.4792754338647,1,152.6843750525586
R4_4,14,1.1601447159775677,1,100.1520483791809,0,152.6843750525586
R4_4,15,1.1106541748309393,1,95.87966838816199,0,152.6843750525586
R4_4,16,1.0,0,0.0,0,152.6843750525586
R4_4,17,1.0,0,0.0,0,152.6843750525586
R4_4,18,1.1601447159775677,1,100.1520483791809,0,152.6843750525586
R4_4,19,0.9631761313751399,1,83.14830139606529,0,152.6843750525586
R4_4,20,0.9090909090909083,1,78.4792754338647,1,152.6843750525586
R4_4,21,0.9090909090909083,1,78.4792754338647,1,152.6843750525586
R4_4,22,1.0,0,0.0,0,152.6843750525586
R4_4,23,0.9090909090909083,1,78.4792754338647,1,152.6843750525586
R4_4,24,0.9631761313751399,1,83.14830139606529,0,152.6843750525586
R4_4,25,0.9090909090909083,1,78.4792754338647,1,152.6843750525586
R4_4,26,0.9631761313751399,1,83.14830139606529,0,152.6843750525586
R4_4,27,0.9631761313751399,1,83.14830139606529,0,152.6843750525586
R4_4,28,1.1106541748309393,1,95.87966838816199,0,152.6843750525586
R4_4,29,0.9631761313751399,1,83.14830139606529,0,152.6843750525586
R4_4,30,1.1106541748309393,1,95.87966838816199,0,152.6843750525586
R4_4,31,1.0,0,0.0,0,152.6843750525586
R4_4,32,1.1106541748309393,1,95.87966838816199,0,152.6843750525586
R4_4,33,1.0,0,0.0,0,152.6843750525586
R4_4,34,0.9090909090909083,1,78.4792754338647,1,152.6843750525586
R4_4,35,1.0,0,0.0,0,152.6843750525586
R4_4,36,0.9090909090909083,1,78.4792754338647,1,152.6843750525586
R4_4,37,0.9090909090909083,1,78.4792754338647,1,152.6843750525586
R4_4,38,1.2402943958516062,1,107.07114606222875,0,152.6843750525586
R4_4,39,0.9631761313751399,1,83.14830139606529,0,152.6843750525586
R4_4,40,1.1601447159775677,1,100.1520483791809,0,152.6843750525586
R4_4,41,1.0,0,0.0,0,152.6843750525586
R4_4,42,1.1106541748309393,1,95.87966838816199,0,152.6843750525586
R4_4,43,1.0,0,0.0,0,152.6843750525586
R4_4,44,1.0,0,0.0,0,152.6843750525586
R4_4,45,1.0,0,0.0,0,152.6843750525586
R4_4,46,1.1106541748309393,1,95.87966838816199,0,152.6843750525586
R4_4,47,1.0,0,0.0,0,152.6843750525586
R4_4,48,0.9090909090909083,1,78.4792754338647,1,152.6843750525586
R4_4,49,1.0,0,0.0,0,152.6843750525586
R4_4,50,1.0,0,0.0,0,152.6843750525586
R4_4,51,1.1106541748309393,1,95.87966838816199,0,152.6843750525586
R4_4,52,1.1106541748309393,1,95.87966838816199,0,152.6843750525586
R4_4,53,1.2402943958516062,1,107.07114606222875,0,152.6843750525586
R4_4,54,0.9631761313751399,1,83.14830139606529,0,152.6843750525586
R4_4,55,0.9631761313751399,1,83.14830139606529,0,152.6843750525586
R4_4,56,0.9090909090909083,1,78.4792754338647,1,152.6843750525586
R4_4,57,1.1106541748309393,1,95.87966838816199,0,152.6843750525586
R4_4,58,0.9631761313751399,1,83.14830139606529,0,152.6843750525586
R4_4,59,0.9090909090909083,1,78.4792754338647,1,152.6843750525586
R4_4,60,1.2402943958516062,1,107.07114606222875,0,152.6843750525586
R4_4,61,0.9090909090909083,1,78.4792754338647,1,152.6843750525586
R4_4,62,1.0,0,0.0,0,152.6843750525586
R4_4,63,1.2402943958516062,1,107.07114606222875,0,152.6843750525586
R4_4,64,0.9090909090909083,1,78.4792754338647,1,152.6843750525586
R4_5,1,0.8997048820871125,1,109.4866804932953,1,149.01562508384814
R4_5,2,0.9496201804874493,1,115.56096155644511,0,149.01562508384814
R4_5,3,0.8997048820871125,1,109.4866804932953,1,149.01562508384814
R4_5,4,0.8997048820871125,1,109.4866804932953,1,149.01562508384814
R4_5,5,1.0997342255793203,1,133.82860555811283,0,149.01562508384814
R4_5,6,0.9496201804874493,1,115.56096155644511,0,149.01562508384814
R4_5,7,0.8997048820871125,1,109.4866804932953,1,149.01562508384814
R4_5,8,1.0,0,0.0,0,149.01562508384814
R4_5,9,1.0,0,0.0,0,149.01562508384814
R4_5,10,0.8997048820871125,1,109.4866804932953,1,149.01562508384814
R4_5,11,0.8997048820871125,1,109.4866804932953,1,149.01562508384814
R4_5,12,0.9090909090909092,1,110.62888274219524,0,149.01562508384814
R4_5,13,0.9090909090909092,1,110.62888274219524,0,149.01562508384814
R4_5,14,1.0084882391071153,1,122.72471986617046,0,149.01562508384814
R4_5,15,1.0,0,0.0,0,149.01562508384814
R4_5,16,1.0084882391071153,1,122.72471986617046,0,149.01562508384814
R4_5,17,1.0997342255793203,1,133.82860555811283,0,149.01562508384814
R4_5,18,1.0,0,0.0,0,149.01562508384814
R4_5,19,0.9090909090909092,1,110.62888274219524,0,149.01562508384814
R4_5,20,0.9090909090909092,1,110.62888274219524,0,149.01562508384814
R4_5,21,0.9090909090909092,1,110.62888274219524,0,149.01562508384814
R4_5,22,0.9496201804874493,1,115.56096155644511,0,149.01562508384814
R4_5,23,0.9496201804874493,1,115.56096155644511,0,149.01562508384814
R4_5,24,1.0,0,0.0,0,149.01562508384814
R4_5,25,1.0997342255793203,1,133.82860555811283,0,149.01562508384814
R4_5,26,0.9496201804874493,1,115.56096155644511,0,149.01562508384814
R4_5,27,1.0084882391071153,1,122.72471986617046,0,149.01562508384814
R4_5,28,1.0,0,0.0,0,149.01562508384814
R4_5,29,0.9090909090909092,1,110.62888274219524,0,149.01562508384814
R4_5,30,0.8997048820871125,1,109.4866804932953,1,149.01562508384814
R4_5,31,0.8997048820871125,1,109.4866804932953,1,149.01562508384814
R4_5,32,1.0,0,0.0,0,149.01562508384814
R4_5,33,0.8997048820871125,1,109.4866804932953,1,149.01562508384814
R4_5,34,1.0,0,0.0,0,149.01562508384814
R4_5,35,1.0084882391071153,1,122.72471986617046,0,149.01562508384814
R4_5,36,1.0084882391071153,1,122.72471986617046,0,149.01562508384814
R4_5,37,0.8997048820871125,1,109.4866804932953,1,149.01562508384814
R4_5,38,0.9090909090909092,1,110.62888274219524,0,149.01562508384814
R4_5,39,1.0084882391071153,1,122.72471986617046,0,149.01562508384814
R4_5,40,0.9496201804874493,1,115.56096155644511,0,149.01562508384814
R4_5,41,0.8997048820871125,1,109.4866804932953,1,149.01562508384814
R4_5,42,0.9496201804874493,1,115.56096155644511,0,149.01562508384814
R4_5,43,0.9090909090909092,1,110.62888274219524,0,149.01562508384814
R4_5,44,1.0,0,0.0,0,149.01562508384814
R4_5,45,1.0,0,0.0,0,149.01562508384814
R4_5,46,1.0997342255793203,1,133.82860555811283,0,149.01562508384814
R4_5,47,1.0997342255793203,1,133.82860555811283,0,149.01562508384814
R4_5,48,1.0,0,0.0,0,149.01562508384814
R4_5,49,0.9090909090909092,1,110.62888274219524,0,149.01562508384814
R4_5,50,0.8997048820871125,1,109.4866804932953,1,149.01562508384814
R4_5,51,1.0997342255793203,1,133.82860555811283,0,149.01562508384814
R4_5,52,0.8997048820871125,1,109.4866804932953,1,149.01562508384814
R4_5,53,0.9090909090909092,1,110.62888274219524,0,149.01562508384814
R4_5,54,1.0,0,0.0,0,149.01562508384814
R4_5,55,0.8997048820871125,1,109.4866804932953,1,149.01562508384814
R4_5,56,0.9090909090909092,1,110.62888274219524,0,149.01562508384814
R4_5,57,0.9496201804874493,1,115.56096155644511,0,149.01562508384814
R4_5,58,1.0084882391071153,1,122.72471986617046,0,149.01562508384814
R4_5,59,0.9090909090909092,1,110.62888274219524,0,149.01562508384814
R4_5,60,0.9090909090909092,1,110.62888274219524,0,149.01562508384814
R4_5,61,0.9090909090909092,1,110.62888274219524,0,149.01562508384814
R4_5,62,0.8997048820871125,1,109.4866804932953,1,149.01562508384814
R4_5,63,0.9496201804874493,1,115.56096155644511,0,149.01562508384814
R4_5,64,0.9496201804874493,1,115.56096155644511,0,149.01562508384814
R4_6,1,0.9090909090909092,1,96.8044240210675,1,150.6312501078355
R4_6,2,1.049463001622752,1,111.7519275438622,0,150.6312501078355
R4_6,3,0.9090909090909092,1,96.8044240210675,1,150.6312501078355
R4_6,4,1.037935055037063,1,110.52437569155164,0,150.6312501078355
R4_6,5,0.9090909090909092,1,96.8044240210675,1,150.6312501078355
R4_6,6,1.1233493807784063,1,119.61970875874408,0,150.6312501078355
R4_6,7,0.9090909090909092,1,96.8044240210675,1,150.6312501078355
R4_6,8,0.9090909090909092,1,96.8044240210675,1,150.6312501078355
R4_6,9,1.1233493807784063,1,119.61970875874408,0,150.6312501078355
R4_6,10,1.037935055037063,1,110.52437569155164,0,150.6312501078355
R4_6,11,0.9090909090909092,1,96.8044240210675,1,150.6312501078355
R4_6,12,0.9090909090909092,1,96.8044240210675,1,150.6312501078355
R4_6,13,1.037935055037063,1,110.52437569155164,0,150.6312501078355
R4_6,14,1.0,0,0.0,0,150.6312501078355
R4_6,15,0.9090909090909092,1,96.8044240210675,1,150.6312501078355
R4_6,16,1.0,0,0.0,0,150.6312501078355
R4_6,17,1.037935055037063,1,110.52437569155164,0,150.6312501078355
R4_6,18,1.163847296690208,1,123.93212392502923,0,150.6312501078355
R4_6,19,1.0,0,0.0,0,150.6312501078355
R4_6,20,1.0,0,0.0,0,150.6312501078355
R4_6,21,1.049463001622752,1,111.7519275438622,0,150.6312501078355
R4_6,22,1.0,0,0.0,0,150.6312501078355
R4_6,23,0.9090909090909092,1,96.8044240210675,1,150.6312501078355
R4_6,24,1.0,0,0.0,0,150.6312501078355
R4_6,25,1.0,0,0.0,0,150.6312501078355
R4_6,26,1.163847296690208,1,123.93212392502923,0,150.6312501078355
R4_6,27,1.049463001622752,1,111.7519275438622,0,150.6312501078355
R4_6,28,1.0,0,0.0,0,150.6312501078355
R4_6,29,1.1233493807784063,1,119.61970875874408,0,150.6312501078355
R4_6,30,1.049463001622752,1,111.7519275438622,0,150.6312501078355
R4_6,31,0.9090909090909092,1,96.8044240210675,1,150.6312501078355
R4_6,32,1.163847296690208,1,123.93212392502923,0,150.6312501078355
R4_6,33,1.0,0,0.0,0,150.6312501078355
R4_6,34,1.163847296690208,1,123.93212392502923,0,150.6312501078355
R4_6,35,1.1233493807784063,1,119.61970875874408,0,150.6312501078355
R4_6,36,1.1233493807784063,1,119.61970875874408,0,150.6312501078355
R4_6,37,0.9090909090909092,1,96.8044240210675,1,150.6312501078355
R4_6,38,1.0,0,0.0,0,150.6312501078355
R4_6,39,1.037935055037063,1,110.52437569155164,0,150.6312501078355
R4_6,40,1.1233493807784063,1,119.61970875874408,0,150.6312501078355
R4_6,41,0.9090909090909092,1,96.8044240210675,1,150.6312501078355
R4_6,42,0.9090909090909092,1,96.8044240210675,1,150.6312501078355
R4_6,43,0.9090909090909092,1,96.8044240210675,1,150.6312501078355
R4_6,44,0.9090909090909092,1,96.8044240210675,1,150.6312501078355
R4_6,45,0.9090909090909092,1,96.8044240210675,1,150.6312501078355
R4_6,46,1.0,0,0.0,0,150.6312501078355
R4_6,47,1.037935055037063,1,110.52437569155164,0,150.6312501078355
R4_6,48,1.0,0,0.0,0,150.6312501078355
R4_6,49,1.1233493807784063,1,119.61970875874408,0,150.6312501078355
R4_6,50,1.0,0,0.0,0,150.6312501078355
R4_6,51,1.163847296690208,1,123.93212392502923,0,150.6312501078355
R4_6,52,1.0,0,0.0,0,150.6312501078355
R4_6,53,0.9090909090909092,1,96.8044240210675,1,150.6312501078355
R4_6,54,1.163847296690208,1,123.93212392502923,0,150.6312501078355
R4_6,55,0.9090909090909092,1,96.8044240210675,1,150.6312501078355
R4_6,56,0.9090909090909092,1,96.8044240210675,1,150.6312501078355
R4_6,57,1.1233493807784063,1,119.61970875874408,0,150.6312501078355
R4_6,58,1.049463001622752,1,111.7519275438622,0,150.6312501078355
R4_6,59,0.9090909090909092,1,96.8044240210675,1,150.6312501078355
R4_6,60,1.1233493807784063,1,119.61970875874408,0,150.6312501078355
R4_6,61,0.9090909090909092,1,96.8044240210675,1,150.6312501078355
R4_6,62,0.9090909090909092,1,96.8044240210675,1,150.6312501078355
R4_6,63,1.049463001622752,1,111.7519275438622,0,150.6312501078355
R4_6,64,1.037935055037063,1,110.52437569155164,0,150.6312501078355
R4_7,1,1.0431279318838529,1,108.80237688217811,0,149.14218741068908
R4_7,2,1.0649292726062614,1,111.07634311135612,0,149.14218741068908
R4_7,3,1.051854577928803,1,109.71260064560975,0,149.14218741068908
R4_7,4,1.0649292726062614,1,111.07634311135612,0,149.14218741068908
R4_7,5,0.9090909090909092,1,94.82178425846645,1,149.14218741068908
R4_7,6,1.0649292726062614,1,111.07634311135612,0,149.14218741068908
R4_7,7,1.0,0,0.0,0,149.14218741068908
R4_7,8,0.9090909090909092,1,94.82178425846645,1,149.14218741068908
R4_7,9,1.0649292726062614,1,111.07634311135612,0,149.14218741068908
R4_7,10,1.0,0,0.0,0,149.14218741068908
R4_7,11,0.9090909090909092,1,94.82178425846645,1,149.14218741068908
R4_7,12,1.0431279318838529,1,108.80237688217811,0,149.14218741068908
R4_7,13,1.044187667871924,1,108.9129115451331,0,149.14218741068908
R4_7,14,0.9090909090909092,1,94.82178425846645,1,149.14218741068908
R4_7,15,0.9090909090909092,1,94.82178425846645,1,149.14218741068908
R4_7,16,1.051854577928803,1,109.71260064560975,0,149.14218741068908
R4_7,17,1.0431279318838529,1,108.80237688217811,0,149.14218741068908
R4_7,18,0.9090909090909092,1,94.82178425846645,1,149.14218741068908
R4_7,19,1.0431279318838529,1,108.80237688217811,0,149.14218741068908
R4_7,20,1.0649292726062614,1,111.07634311135612,0,149.14218741068908
R4_7,21,1.044187667871924,1,108.9129115451331,0,149.14218741068908
R4_7,22,1.051854577928803,1,109.71260064560975,0,149.14218741068908
R4_7,23,0.9090909090909092,1,94.82178425846645,1,149.14218741068908
R4_7,24,0.9090909090909092,1,94.82178425846645,1,149.14218741068908
R4_7,25,1.044187667871924,1,108.9129115451331,0,149.14218741068908
R4_7,26,1.044187667871924,1,108.9129115451331,0,149.14218741068908
R4_7,27,1.051854577928803,1,109.71260064560975,0,149.14218741068908
R4_7,28,0.9090909090909092,1,94.82178425846645,1,149.14218741068908
R4_7,29,1.0,0,0.0,0,149.14218741068908
R4_7,30,1.0,0,0.0,0,149.14218741068908
R4_7,31,0.9090909090909092,1,94.82178425846645,1,149.14218741068908
R4_7,32,0.9090909090909092,1,94.82178425846645,1,149.14218741068908
R4_7,33,1.044187667871924,1,108.9129115451331,0,149.14218741068908
R4_7,34,1.044187667871924,1,108.9129115451331,0,149.14218741068908
R4_7,35,1.0431279318838529,1,108.80237688217811,0,149.14218741068908
R4_7,36,1.0,0,0.0,0,149.14218741068908
R4_7,37,0.9090909090909092,1,94.82178425846645,1,149.14218741068908
R4_7,38,0.9090909090909092,1,94.82178425846645,1,149.14218741068908
R4_7,39,1.044187667871924,1,108.9129115451331,0,149.14218741068908
R4_7,40,1.0649292726062614,1,111.07634311135612,0,149.14218741068908
R4_7,41,0.9090909090909092,1,94.82178425846645,1,149.14218741068908
R4_7,42,0.9090909090909092,1,94.82178425846645,1,149.14218741068908
R4_7,43,1.044187667871924,1,108.9129115451331,0,149.14218741068908
R4_7,44,1.051854577928803,1,109.71260064560975,0,149.14218741068908
R4_7,45,1.044187667871924,1,108.9129115451331,0,149.14218741068908
R4_7,46,1.0649292726062614,1,111.07634311135612,0,149.14218741068908
R4_7,47,1.0431279318838529,1,108.80237688217811,0,149.14218741068908
R4_7,48,1.0,0,0.0,0,149.14218741068908
R4_7,49,1.0,0,0.0,0,149.14218741068908
R4_7,50,1.051854577928803,1,109.71260064560975,0,149.14218741068908
R4_7,51,1.0,0,0.0,0,149.14218741068908
R4_7,52,1.0431279318838529,1,108.80237688217811,0,149.14218741068908
R4_7,53,1.0649292726062614,1,111.07634311135612,0,149.14218741068908
R4_7,54,1.0431279318838529,1,108.80237688217811,0,149.14218741068908
R4_7,55,0.9090909090909092,1,94.82178425846645,1,149.14218741068908
R4_7,56,1.0649292726062614,1,111.07634311135612,0,149.14218741068908
R4_7,57,1.0649292726062614,1,111.07634311135612,0,149.14218741068908
R4_7,58,1.044187667871924,1,108.9129115451331,0,149.14218741068908
R4_7,59,1.0649292726062614,1,111.07634311135612,0,149.14218741068908
R4_7,60,1.0,0,0.0,0,149.14218741068908
R4_7,61,1.051854577928803,1,109.71260064560975,0,149.14218741068908
R4_7,62,0.9090909090909092,1,94.82178425846645,1,149.14218741068908
R4_7,63,1.0,0,0.0,0,149.14218741068908
R4_7,64,1.0,0,0.0,0,149.14218741068908
R4_8,1,1.2077110243852296,1,92.61641042008762,0,149.93437503107998
R4_8,2,0.9736936356432002,1,74.67018811727982,0,149.93437503107998
R4_8,3,1.0,0,0.0,0,149.93437503107998
R4_8,4,1.0,0,0.0,0,149.93437503107998
R4_8,5,0.9090909090909092,1,69.7159627141712,1,149.93437503107998
R4_8,6,0.9090909090909092,1,69.7159627141712,1,149.93437503107998
R4_8,7,0.9090909090909092,1,69.7159627141712,1,149.93437503107998
R4_8,8,1.2077110243852296,1,92.61641042008762,0,149.93437503107998
R4_8,9,1.2266998660924857,1,94.0726183385808,0,149.93437503107998
R4_8,10,1.0,0,0.0,0,149.93437503107998
R4_8,11,1.0,0,0.0,0,149.93437503107998
R4_8,12,1.0,0,0.0,0,149.93437503107998
R4_8,13,0.9090909090909092,1,69.7159627141712,1,149.93437503107998
R4_8,14,1.0,0,0.0,0,149.93437503107998
R4_8,15,0.9736936356432002,1,74.67018811727982,0,149.93437503107998
R4_8,16,0.9090909090909092,1,69.7159627141712,1,149.93437503107998
R4_8,17,1.0,0,0.0,0,149.93437503107998
R4_8,18,0.9736936356432002,1,74.67018811727982,0,149.93437503107998
R4_8,19,0.9090909090909092,1,69.7159627141712,1,149.93437503107998
R4_8,20,0.9090909090909092,1,69.7159627141712,1,149.93437503107998
R4_8,21,0.9090909090909092,1,69.7159627141712,1,149.93437503107998
R4_8,22,1.0,0,0.0,0,149.93437503107998
R4_8,23,0.9090909090909092,1,69.7159627141712,1,149.93437503107998
R4_8,24,1.0,0,0.0,0,149.93437503107998
R4_8,25,0.9090909090909092,1,69.7159627141712,1,149.93437503107998
R4_8,26,0.9090909090909092,1,69.7159627141712,1,149.93437503107998
R4_8,27,0.9090909090909092,1,69.7159627141712,1,149.93437503107998
R4_8,28,1.0,0,0.0,0,149.93437503107998
R4_8,29,1.2266998660924857,1,94.0726183385808,0,149.93437503107998
R4_8,30,0.9736936356432002,1,74.67018811727982,0,149.93437503107998
R4_8,31,0.9090909090909092,1,69.7159627141712,1,149.93437503107998
R4_8,32,1.2240429886938191,1,93.8688688963531,0,149.93437503107998
R4_8,33,0.9090909090909092,1,69.7159627141712,1,149.93437503107998
R4_8,34,1.0,0,0.0,0,149.93437503107998
R4_8,35,1.0,0,0.0,0,149.93437503107998
R4_8,36,1.0,0,0.0,0,149.93437503107998
R4_8,37,1.2240429886938191,1,93.8688688963531,0,149.93437503107998
R4_8,38,1.2266998660924857,1,94.0726183385808,0,149.93437503107998
R4_8,39,0.9736936356432002,1,74.67018811727982,0,149.93437503107998
R4_8,40,0.9736936356432002,1,74.67018811727982,0,149.93437503107998
R4_8,41,1.0,0,0.0,0,149.93437503107998
R4_8,42,1.2266998660924857,1,94.0726183385808,0,149.93437503107998
R4_8,43,1.2240429886938191,1,93.8688688963531,0,149.93437503107998
R4_8,44,1.0,0,0.0,0,149.93437503107998
R4_8,45,0.9736936356432002,1,74.67018811727982,0,149.93437503107998
R4_8,46,1.0,0,0.0,0,149.93437503107998
R4_8,47,0.9736936356432002,1,74.67018811727982,0,149.93437503107998
R4_8,48,1.0,0,0.0,0,149.93437503107998
R4_8,49,1.2240429886938191,1,93.8688688963531,0,149.93437503107998
R4_8,50,1.0,0,0.0,0,149.93437503107998
R4_8,51,0.9090909090909092,1,69.7159627141712,1,149.93437503107998
R4_8,52,1.0,0,0.0,0,149.93437503107998
R4_8,53,1.0,0,0.0,0,149.93437503107998
R4_8,54,1.2240429886938191,1,93.8688688963531,0,149.93437503107998
R4_8,55,1.0,0,0.0,0,149.93437503107998
R4_8,56,0.9090909090909092,1,69.7159627141712,1,149.93437503107998
R4_8,57,1.0,0,0.0,0,149.93437503107998
R4_8,58,0.9736936356432002,1,74.67018811727982,0,149.93437503107998
R4_8,59,1.2266998660924857,1,94.0726183385808,0,149.93437503107998
R4_8,60,1.2077110243852296,1,92.61641042008762,0,149.93437503107998
R4_8,61,0.9736936356432002,1,74.67018811727982,0,149.93437503107998
R4_8,62,0.9736936356432002,1,74.67018811727982,0,149.93437503107998
R4_8,63,1.2240429886938191,1,93.8688688963531,0,149.93437503107998
R4_8,64,1.0,0,0.0,0,149.93437503107998
R4_9,1,0.9675689190720469,1,69.57841982414492,0,149.7328125878994
R4_9,2,1.0,0,0.0,0,149.7328125878994
R4_9,3,0.9090909090909092,1,65.37323355911866,1,149.7328125878994
R4_9,4,0.9090909090909092,1,65.37323355911866,1,149.7328125878994
R4_9,5,0.9090909090909092,1,65.37323355911866,1,149.7328125878994
R4_9,6,0.9675689190720469,1,69.57841982414492,0,149.7328125878994
R4_9,7,1.1641103396360375,1,83.71182283377283,0,149.7328125878994
R4_9,8,0.9675689190720469,1,69.57841982414492,0,149.7328125878994
R4_9,9,0.9675689190720469,1,69.57841982414492,0,149.7328125878994
R4_9,10,1.1787486994689242,1,84.7644754416783,0,149.7328125878994
R4_9,11,0.9090909090909092,1,65.37323355911866,1,149.7328125878994
R4_9,12,1.0,0,0.0,0,149.7328125878994
R4_9,13,0.9090909090909092,1,65.37323355911866,1,149.7328125878994
R4_9,14,1.0,0,0.0,0,149.7328125878994
R4_9,15,0.9090909090909092,1,65.37323355911866,1,149.7328125878994
R4_9,16,1.0,0,0.0,0,149.7328125878994
R4_9,17,0.9090909090909092,1,65.37323355911866,1,149.7328125878994
R4_9,18,0.9090909090909092,1,65.37323355911866,1,149.7328125878994
R4_9,19,1.0,0,0.0,0,149.7328125878994
R4_9,20,0.9090909090909092,1,65.37323355911866,1,149.7328125878994
R4_9,21,1.0,0,0.0,0,149.7328125878994
R4_9,22,1.0,0,0.0,0,149.7328125878994
R4_9,23,0.9675689190720469,1,69.57841982414492,0,149.7328125878994
R4_9,24,1.1939689327763716,1,85.85897089519356,0,149.7328125878994
R4_9,25,1.1787486994689242,1,84.7644754416783,0,149.7328125878994
R4_9,26,1.0,0,0.0,0,149.7328125878994
R4_9,27,0.9090909090909092,1,65.37323355911866,1,149.7328125878994
R4_9,28,0.9675689190720469,1,69.57841982414492,0,149.7328125878994
R4_9,29,0.9090909090909092,1,65.37323355911866,1,149.7328125878994
R4_9,30,1.0,0,0.0,0,149.7328125878994
R4_9,31,0.9090909090909092,1,65.37323355911866,1,149.7328125878994
R4_9,32,0.9090909090909092,1,65.37323355911866,1,149.7328125878994
R4_9,33,0.9675689190720469,1,69.57841982414492,0,149.7328125878994
R4_9,34,1.1787486994689242,1,84.7644754416783,0,149.7328125878994
R4_9,35,1.0,0,0.0,0,149.7328125878994
R4_9,36,0.9090909090909092,1,65.37323355911866,1,149.7328125878994
R4_9,37,1.444997248982666,0,32.0,0,149.7328125878994
R4_9,38,0.9090909090909092,1,65.37323355911866,1,149.7328125878994
R4_9,39,1.1939689327763716,1,85.85897089519356,0,149.7328125878994
R4_9,40,0.9090909090909092,1,65.37323355911866,1,149.7328125878994
R4_9,41,0.9090909090909092,1,65.37323355911866,1,149.7328125878994
R4_9,42,1.0,0,0.0,0,149.7328125878994
R4_9,43,1.1641103396360375,1,83.71182283377283,0,149.7328125878994
R4_9,44,0.9090909090909092,1,65.37323355911866,1,149.7328125878994
R4_9,45,0.9090909090909092,1,65.37323355911866,1,149.7328125878994
R4_9,46,1.0,0,0.0,0,149.7328125878994
R4_9,47,1.1641103396360375,1,83.71182283377283,0,149.7328125878994
R4_9,48,1.1787486994689242,1,84.7644754416783,0,149.7328125878994
R4_9,49,1.0,0,0.0,0,149.7328125878994
R4_9,50,1.1641103396360375,1,83.71182283377283,0,149.7328125878994
R4_9,51,0.9675689190720469,1,69.57841982414492,0,149.7328125878994
R4_9,52,0.9675689190720469,1,69.57841982414492,0,149.7328125878994
R4_9,53,0.9675689190720469,1,69.57841982414492,0,149.7328125878994
R4_9,54,0.9090909090909092,1,65.37323355911866,1,149.7328125878994
R4_9,55,1.0,0,0.0,0,149.7328125878994
R4_9,56,0.9675689190720469,1,69.57841982414492,0,149.7328125878994
R4_9,57,0.9090909090909092,1,65.37323355911866,1,149.7328125878994
R4_9,58,0.9090909090909092,1,65.37323355911866,1,149.7328125878994
R4_9,59,0.9675689190720469,1,69.57841982414492,0,149.7328125878994
R4_9,60,0.9675689190720469,1,69.57841982414492,0,149.7328125878994
R4_9,61,1.1939689327763716,1,85.85897089519356,0,149.7328125878994
R4_9,62,1.0,0,0.0,0,149.7328125878994
R4_9,63,0.9090909090909092,1,65.37323355911866,1,149.7328125878994
R4_9,64,1.0,0,0.0,0,149.7328125878994
R5_0,1,0.9868776658534646,1,102.88678686099014,0,303.6218749912223
R5_0,2,0.9681892403501582,1,100.93842779070636,0,303.6218749912223
R5_0,3,0.9536016124033857,1,99.41759677051188,0,303.6218749912223
R5_0,4,1.0009187922160958,1,104.35064243837914,0,303.6218749912223
R5_0,5,0.9681892403501582,1,100.93842779070636,0,303.6218749912223
R5_0,6,0.8883713212589495,1,92.61702229803771,1,303.6218749912223
R5_0,7,0.9536016124033857,1,99.41759677051188,0,303.6218749912223
R5_0,8,1.014455779108121,1,105.7619390289199,0,303.6218749912223
R5_0,9,1.0661393245012132,1,111.150199502401,0,303.6218749912223
R5_0,10,1.1062836622333077,1,115.33544156717657,0,303.6218749912223
R5_0,11,0.9536016124033857,1,99.41759677051188,0,303.6218749912223
R5_0,12,0.9090909090909083,1,94.77713990012246,0,303.6218749912223
R5_0,13,0.9536016124033857,1,99.41759677051188,0,303.6218749912223
R5_0,14,0.9090909090909083,1,94.77713990012246,0,303.6218749912223
R5_0,15,0.9090909090909083,1,94.77713990012246,0,303.6218749912223
R5_0,16,0.9787480295509452,1,102.03923281609099,0,303.6218749912223
R5_0,17,0.9536016124033857,1,99.41759677051188,0,303.6218749912223
R5_0,18,0.9681892403501582,1,100.93842779070636,0,303.6218749912223
R5_0,19,1.1646456690957283,1,121.41996406535345,0,303.6218749912223
R5_0,20,0.9681892403501582,1,100.93842779070636,0,303.6218749912223
R5_0,21,0.9868776658534646,1,102.88678686099014,0,303.6218749912223
R5_0,22,0.9787480295509452,1,102.03923281609099,0,303.6218749912223
R5_0,23,1.026422580291638,1,107.00953613783985,0,303.6218749912223
R5_0,24,0.9536016124033857,1,99.41759677051188,0,303.6218749912223
R5_0,25,1.0009187922160958,1,104.35064243837914,0,303.6218749912223
R5_0,26,0.8883713212589495,1,92.61702229803771,1,303.6218749912223
R5_0,27,0.9536016124033857,1,99.41759677051188,0,303.6218749912223
R5_0,28,0.9090909090909083,1,94.77713990012246,0,303.6218749912223
R5_0,29,1.014455779108121,1,105.7619390289199,0,303.6218749912223
R5_0,30,1.026422580291638,1,107.00953613783985,0,303.6218749912223
R5_0,31,1.014455779108121,1,105.7619390289199,0,303.6218749912223
R5_0,32,1.1062836622333077,1,115.33544156717657,0,303.6218749912223
R5_0,33,0.9434606578658,1,98.36035303688934,0,303.6218749912223
R5_0,34,0.9681892403501582,1,100.93842779070636,0,303.6218749912223
R5_0,35,1.0661393245012132,1,111.150199502401,0,303.6218749912223
R5_0,36,0.8883713212589495,1,92.61702229803771,1,303.6218749912223
R5_0,37,1.1646456690957283,1,121.41996406535345,0,303.6218749912223
R5_0,38,1.0,0,0.0,0,303.6218749912223
R5_0,39,0.9090909090909083,1,94.77713990012246,0,303.6218749912223
R5_0,40,0.9868776658534646,1,102.88678686099014,0,303.6218749912223
R5_0,41,1.0,0,0.0,0,303.6218749912223
R5_0,42,0.9288730299190275,1,96.83952201669486,0,303.6218749912223
R5_0,43,0.9434606578658,1,98.36035303688934,0,303.6218749912223
R5_0,44,1.026422580291638,1,107.00953613783985,0,303.6218749912223
R5_0,45,1.0,0,0.0,0,303.6218749912223
R5_0,46,1.026422580291638,1,107.00953613783985,0,303.6218749912223
R5_0,47,0.9787480295509452,1,102.03923281609099,0,303.6218749912223
R5_0,48,0.9434606578658,1,98.36035303688934,0,303.6218749912223
R5_0,49,0.9681892403501582,1,100.93842779070636,0,303.6218749912223
R5_0,50,0.9681892403501582,1,100.93842779070636,0,303.6218749912223
R5_0,51,0.9434606578658,1,98.36035303688934,0,303.6218749912223
R5_0,52,0.9868776658534646,1,102.88678686099014,0,303.6218749912223
R5_0,53,0.9090909090909083,1,94.77713990012246,0,303.6218749912223
R5_0,54,0.9434606578658,1,98.36035303688934,0,303.6218749912223
R5_0,55,1.0,0,0.0,0,303.6218749912223
R5_0,56,1.026422580291638,1,107.00953613783985,0,303.6218749912223
R5_0,57,1.0661393245012132,1,111.150199502401,0,303.6218749912223
R5_0,58,0.9090909090909083,1,94.77713990012246,0,303.6218749912223
R5_0,59,0.9434606578658,1,98.36035303688934,0,303.6218749912223
R5_0,60,1.0661393245012132,1,111.150199502401,0,303.6218749912223
R5_0,61,1.1646456690957283,1,121.41996406535345,0,303.6218749912223
R5_0,62,0.8883713212589495,1,92.61702229803771,1,303.6218749912223
R5_0,63,1.0,0,0.0,0,303.6218749912223
R5_0,64,0.9536016124033857,1,99.41759677051188,0,303.6218749912223
R5_1,1,1.0955717039360007,1,114.50110139784535,0,290.3437500663131
R5_1,2,1.0826406686775591,1,113.1496446433612,0,290.3437500663131
R5_1,3,0.9090909090909092,1,95.01149946435478,1,290.3437500663131
R5_1,4,1.0,0,0.0,0,290.3437500663131
R5_1,5,1.0826406686775591,1,113.1496446433612,0,290.3437500663131
R5_1,6,1.2280732947494881,1,128.34919370490732,0,290.3437500663131
R5_1,7,1.0002131871426005,1,104.53493016388364,0,290.3437500663131
R5_1,8,0.9090909090909092,1,95.01149946435478,1,290.3437500663131
R5_1,9,1.0,0,0.0,0,290.3437500663131
R5_1,10,1.1649734658174022,1,121.75446340584743,0,290.3437500663131
R5_1,11,1.0,0,0.0,0,290.3437500663131
R5_1,12,1.2705029562369887,1,132.783630040569,0,290.3437500663131
R5_1,13,1.0002131871426005,1,104.53493016388364,0,290.3437500663131
R5_1,14,1.0,0,0.0,0,290.3437500663131
R5_1,15,1.0002131871426005,1,104.53493016388364,0,290.3437500663131
R5_1,16,1.2672679867384398,1,132.4455348075125,0,290.3437500663131
R5_1,17,1.2705029562369887,1,132.783630040569,0,290.3437500663131
R5_1,18,1.0002131871426005,1,104.53493016388364,0,290.3437500663131
R5_1,19,1.2705029562369887,1,132.783630040569,0,290.3437500663131
R5_1,20,1.0778006032134941,1,112.6437965783902,0,290.3437500663131
R5_1,21,1.0826406686775591,1,113.1496446433612,0,290.3437500663131
R5_1,22,1.0,0,0.0,0,290.3437500663131
R5_1,23,1.0627992148037526,1,111.0759617308478,0,290.3437500663131
R5_1,24,1.153921492855444,1,120.59939243037667,0,290.3437500663131
R5_1,25,1.0002131871426005,1,104.53493016388364,0,290.3437500663131
R5_1,26,1.0826406686775591,1,113.1496446433612,0,290.3437500663131
R5_1,27,1.0826406686775591,1,113.1496446433612,0,290.3437500663131
R5_1,28,1.0,0,0.0,0,290.3437500663131
R5_1,29,1.0826406686775591,1,113.1496446433612,0,290.3437500663131
R5_1,30,1.2705029562369887,1,132.783630040569,0,290.3437500663131
R5_1,31,0.9090909090909092,1,95.01149946435478,1,290.3437500663131
R5_1,32,0.9090909090909092,1,95.01149946435478,1,290.3437500663131
R5_1,33,1.0826406686775591,1,113.1496446433612,0,290.3437500663131
R5_1,34,0.9090909090909092,1,95.01149946435478,1,290.3437500663131
R5_1,35,1.153921492855444,1,120.59939243037667,0,290.3437500663131
R5_1,36,1.0002131871426005,1,104.53493016388364,0,290.3437500663131
R5_1,37,1.0002131871426005,1,104.53493016388364,0,290.3437500663131
R5_1,38,1.2280732947494881,1,128.34919370490732,0,290.3437500663131
R5_1,39,1.0,0,0.0,0,290.3437500663131
R5_1,40,1.2705029562369887,1,132.783630040569,0,290.3437500663131
R5_1,41,1.0778006032134941,1,112.6437965783902,0,290.3437500663131
R5_1,42,1.0002131871426005,1,104.53493016388364,0,290.3437500663131
R5_1,43,0.9090909090909092,1,95.01149946435478,1,290.3437500663131
R5_1,44,0.9090909090909092,1,95.01149946435478,1,290.3437500663131
R5_1,45,1.0,0,0.0,0,290.3437500663131
R5_1,46,1.0627992148037526,1,111.0759617308478,0,290.3437500663131
R5_1,47,1.1649734658174022,1,121.75446340584743,0,290.3437500663131
R5_1,48,1.0,0,0.0,0,290.3437500663131
R5_1,49,1.2672679867384398,1,132.4455348075125,0,290.3437500663131
R5_1,50,1.153921492855444,1,120.59939243037667,0,290.3437500663131
R5_1,51,1.0002131871426005,1,104.53493016388364,0,290.3437500663131
R5_1,52,1.0002131871426005,1,104.53493016388364,0,290.3437500663131
R5_1,53,1.0627992148037526,1,111.0759617308478,0,290.3437500663131
R5_1,54,1.0002131871426005,1,104.53493016388364,0,290.3437500663131
R5_1,55,0.9090909090909092,1,95.01149946435478,1,290.3437500663131
R5_1,56,0.9090909090909092,1,95.01149946435478,1,290.3437500663131
R5_1,57,1.0,0,0.0,0,290.3437500663131
R5_1,58,1.153921492855444,1,120.59939243037667,0,290.3437500663131
R5_1,59,1.3576758188408968,1,141.89429686802623,0,290.3437500663131
R5_1,60,1.0778006032134941,1,112.6437965783902,0,290.3437500663131
R5_1,61,1.0955717039360007,1,114.50110139784535,0,290.3437500663131
R5_1,62,0.9090909090909092,1,95.01149946435478,1,290.3437500663131
R5_1,63,0.9090909090909092,1,95.01149946435478,1,290.3437500663131
R5_1,64,1.1649734658174022,1,121.75446340584743,0,290.3437500663131
R5_2,1,1.1724834170055303,1,178.51154138550493,0,292.62031239341013
R5_2,2,1.0333625644929398,1,157.3302799188696,0,292.62031239341013
R5_2,3,0.9090909090909101,1,138.40982063169125,1,292.62031239341013
R5_2,4,1.1724834170055303,1,178.51154138550493,0,292.62031239341013
R5_2,5,1.0717077537188473,1,163.1683657580002,0,292.62031239341013
R5_2,6,1.0333625644929398,1,157.3302799188696,0,292.62031239341013
R5_2,7,1.0333625644929398,1,157.3302799188696,0,292.62031239341013
R5_2,8,1.0,0,0.0,0,292.62031239341013
R5_2,9,1.343309599834127,1,204.51996484245757,0,292.62031239341013
R5_2,10,0.9090909090909101,1,138.40982063169125,1,292.62031239341013
R5_2,11,1.0,0,0.0,0,292.62031239341013
R5_2,12,1.343309599834127,1,204.51996484245757,0,292.62031239341013
R5_2,13,1.0717077537188473,1,163.1683657580002,0,292.62031239341013
R5_2,14,1.1724834170055303,1,178.51154138550493,0,292.62031239341013
R5_2,15,0.9090909090909101,1,138.40982063169125,1,292.62031239341013
R5_2,16,0.9090909090909101,1,138.40982063169125,1,292.62031239341013
R5_2,17,1.0,0,0.0,0,292.62031239341013
R5_2,18,1.1724834170055303,1,178.51154138550493,0,292.62031239341013
R5_2,19,0.9090909090909101,1,138.40982063169125,1,292.62031239341013
R5_2,20,0.9090909090909101,1,138.40982063169125,1,292.62031239341013
R5_2,21,0.9330498026238256,1,142.05758140375852,0,292.62031239341013
R5_2,22,1.2804984707317528,1,194.95692001845077,0,292.62031239341013
R5_2,23,1.0,0,0.0,0,292.62031239341013
R5_2,24,1.3132934790606265,1,199.9499863609063,0,292.62031239341013
R5_2,25,1.1070484317385727,1,168.54901235428412,0,292.62031239341013
R5_2,26,0.9330498026238256,1,142.05758140375852,0,292.62031239341013
R5_2,27,1.0333625644929398,1,157.3302799188696,0,292.62031239341013
R5_2,28,1.343309599834127,1,204.51996484245757,0,292.62031239341013
R5_2,29,0.9090909090909101,1,138.40982063169125,1,292.62031239341013
R5_2,30,1.139449784321938,1,173.48214429350065,0,292.62031239341013
R5_2,31,1.0,0,0.0,0,292.62031239341013
R5_2,32,0.9330498026238256,1,142.05758140375852,0,292.62031239341013
R5_2,33,0.9090909090909101,1,138.40982063169125,1,292.62031239341013
R5_2,34,1.1070484317385727,1,168.54901235428412,0,292.62031239341013
R5_2,35,0.9090909090909101,1,138.40982063169125,1,292.62031239341013
R5_2,36,0.9330498026238256,1,142.05758140375852,0,292.62031239341013
R5_2,37,1.1070484317385727,1,168.54901235428412,0,292.62031239341013
R5_2,38,1.0,0,0.0,0,292.62031239341013
R5_2,39,1.139449784321938,1,173.48214429350065,0,292.62031239341013
R5_2,40,1.1562268153297222,1,176.03646073127246,0,292.62031239341013
R5_2,41,0.9090909090909101,1,138.40982063169125,1,292.62031239341013
R5_2,42,1.0333625644929398,1,157.3302799188696,0,292.62031239341013
R5_2,43,1.1562268153297222,1,176.03646073127246,0,292.62031239341013
R5_2,44,1.1562268153297222,1,176.03646073127246,0,292.62031239341013
R5_2,45,0.9330498026238256,1,142.05758140375852,0,292.62031239341013
R5_2,46,1.2804984707317528,1,194.95692001845077,0,292.62031239341013
R5_2,47,1.0,0,0.0,0,292.62031239341013
R5_2,48,0.9330498026238256,1,142.05758140375852,0,292.62031239341013
R5_2,49,1.0333625644929398,1,157.3302799188696,0,292.62031239341013
R5_2,50,1.0717077537188473,1,163.1683657580002,0,292.62031239341013
R5_2,51,1.2832698610881437,1,195.37886642479188,0,292.62031239341013
R5_2,52,0.9330498026238256,1,142.05758140375852,0,292.62031239341013
R5_2,53,1.313448413436685,1,199.97357524402622,0,292.62031239341013
R5_2,54,1.0717077537188473,1,163.1683657580002,0,292.62031239341013
R5_2,55,1.0,0,0.0,0,292.62031239341013
R5_2,56,1.0,0,0.0,0,292.62031239341013
R5_2,57,1.1562268153297222,1,176.03646073127246,0,292.62031239341013
R5_2,58,1.2832698610881437,1,195.37886642479188,0,292.62031239341013
R5_2,59,1.0,0,0.0,0,292.62031239341013
R5_2,60,0.9090909090909101,1,138.40982063169125,1,292.62031239341013
R5_2,61,1.139449784321938,1,173.48214429350065,0,292.62031239341013
R5_2,62,1.0,0,0.0,0,292.62031239341013
R5_2,63,1.3218373836636206,0,49.0,0,292.62031239341013
R5_2,64,1.3132934790606265,1,199.9499863609063,0,292.62031239341013
R5_3,1,1.0533251699983754,1,116.39302387500177,0,287.33281260429067
R5_3,2,1.1881764720428825,1,131.29416861691038,0,287.33281260429067
R5_3,3,1.0533251699983754,1,116.39302387500177,0,287.33281260429067
R5_3,4,0.9090909090909083,1,100.45505689997738,1,287.33281260429067
R5_3,5,0.9510508968638103,1,105.09165915515148,0,287.33281260429067
R5_3,6,1.0,0,0.0,0,287.33281260429067
R5_3,7,1.0,0,0.0,0,287.33281260429067
R5_3,8,1.1082513731717718,1,122.46240022659326,0,287.33281260429067
R5_3,9,0.9510508968638103,1,105.09165915515148,0,287.33281260429067
R5_3,10,0.9510508968638103,1,105.09165915515148,0,287.33281260429067
R5_3,11,0.9090909090909083,1,100.45505689997738,1,287.33281260429067
R5_3,12,1.2442240594154557,1,137.48745855339044,0,287.33281260429067
R5_3,13,1.290444776042941,1,142.59487374403943,0,287.33281260429067
R5_3,14,1.1424490133730094,1,126.24125870807961,0,287.33281260429067
R5_3,15,1.367453576047521,1,151.10438946892438,0,287.33281260429067
R5_3,16,1.0,0,0.0,0,287.33281260429067
R5_3,17,1.1082513731717718,1,122.46240022659326,0,287.33281260429067
R5_3,18,1.1881764720428825,1,131.29416861691038,0,287.33281260429067
R5_3,19,1.367453576047521,1,151.10438946892438,0,287.33281260429067
R5_3,20,0.9510508968638103,1,105.09165915515148,0,287.33281260429067
R5_3,21,1.0,0,0.0,0,287.33281260429067
R5_3,22,1.0,0,0.0,0,287.33281260429067
R5_3,23,0.9090909090909083,1,100.45505689997738,1,287.33281260429067
R5_3,24,1.367453576047521,1,151.10438946892438,0,287.33281260429067
R5_3,25,0.9090909090909083,1,100.45505689997738,1,287.33281260429067
R5_3,26,1.1881764720428825,1,131.29416861691038,0,287.33281260429067
R5_3,27,0.9510508968638103,1,105.09165915515148,0,287.33281260429067
R5_3,28,0.9510508968638103,1,105.09165915515148,0,287.33281260429067
R5_3,29,1.379568619417574,1,152.44310857711724,0,287.33281260429067
R5_3,30,1.126272030078706,1,124.45369295305039,0,287.33281260429067
R5_3,31,1.2442240594154557,1,137.48745855339044,0,287.33281260429067
R5_3,32,1.0533251699983754,1,116.39302387500177,0,287.33281260429067
R5_3,33,1.1082513731717718,1,122.46240022659326,0,287.33281260429067
R5_3,34,0.9090909090909083,1,100.45505689997738,1,287.33281260429067
R5_3,35,1.1881764720428825,1,131.29416861691038,0,287.33281260429067
R5_3,36,1.0,0,0.0,0,287.33281260429067
R5_3,37,1.1424490133730094,1,126.24125870807961,0,287.33281260429067
R5_3,38,1.126272030078706,1,124.45369295305039,0,287.33281260429067
R5_3,39,1.3860476311162353,1,153.15904301484633,0,287.33281260429067
R5_3,40,1.1881764720428825,1,131.29416861691038,0,287.33281260429067
R5_3,41,0.9090909090909083,1,100.45505689997738,1,287.33281260429067
R5_3,42,1.0533251699983754,1,116.39302387500177,0,287.33281260429067
R5_3,43,1.0533251699983754,1,116.39302387500177,0,287.33281260429067
R5_3,44,1.0533251699983754,1,116.39302387500177,0,287.33281260429067
R5_3,45,1.084312042305804,1,119.81709069787627,0,287.33281260429067
R5_3,46,1.0,0,0.0,0,287.33281260429067
R5_3,47,1.290444776042941,1,142.59487374403943,0,287.33281260429067
R5_3,48,1.2256300043467405,1,135.4328050074685,0,287.33281260429067
R5_3,49,1.367453576047521,1,151.10438946892438,0,287.33281260429067
R5_3,50,1.0,0,0.0,0,287.33281260429067
R5_3,51,1.1082513731717718,1,122.46240022659326,0,287.33281260429067
R5_3,52,0.9510508968638103,1,105.09165915515148,0,287.33281260429067
R5_3,53,1.1082513731717718,1,122.46240022659326,0,287.33281260429067
R5_3,54,1.084312042305804,1,119.81709069787627,0,287.33281260429067
R5_3,55,1.3860476311162353,1,153.15904301484633,0,287.33281260429067
R5_3,56,1.1082513731717718,1,122.46240022659326,0,287.33281260429067
R5_3,57,1.1881764720428825,1,131.29416861691038,0,287.33281260429067
R5_3,58,1.1881764720428825,1,131.29416861691038,0,287.33281260429067
R5_3,59,1.126272030078706,1,124.45369295305039,0,287.33281260429067
R5_3,60,1.126272030078706,1,124.45369295305039,0,287.33281260429067
R5_3,61,1.126272030078706,1,124.45369295305039,0,287.33281260429067
R5_3,62,1.0,0,0.0,0,287.33281260429067
R5_3,63,1.2442240594154557,1,137.48745855339044,0,287.33281260429067
R5_3,64,1.0533251699983754,1,116.39302387500177,0,287.33281260429067
R5_4,1,1.0,0,0.0,0,291.87187487877964
R5_4,2,0.9856474516188083,1,100.2238322726634,0,291.87187487877964
R5_4,3,1.1226227461317126,1,114.15192483782249,0,291.87187487877964
R5_4,4,1.108600587890809,1,112.72610627224016,0,291.87187487877964
R5_4,5,0.9856474516188083,1,100.2238322726634,0,291.87187487877964
R5_4,6,1.0,0,0.0,0,291.87187487877964
R5_4,7,1.0,0,0.0,0,291.87187487877964
R5_4,8,1.0,0,0.0,0,291.87187487877964
R5_4,9,1.3462481164204894,1,136.89087837229826,0,291.87187487877964
R5_4,10,1.0820664265521316,1,110.02802661796251,0,291.87187487877964
R5_4,11,1.1226227461317126,1,114.15192483782249,0,291.87187487877964
R5_4,12,0.9090909090909083,1,92.43931452740914,1,291.87187487877964
R5_4,13,1.3172873858923069,1,133.94605728623625,0,291.87187487877964
R5_4,14,1.108600587890809,1,112.72610627224016,0,291.87187487877964
R5_4,15,1.0,0,0.0,0,291.87187487877964
R5_4,16,0.9856474516188083,1,100.2238322726634,0,291.87187487877964
R5_4,17,1.0,0,0.0,0,291.87187487877964
R5_4,18,1.3221324249316133,1,134.43871658265354,0,291.87187487877964
R5_4,19,0.9090909090909083,1,92.43931452740914,1,291.87187487877964
R5_4,20,1.0820664265521316,1,110.02802661796251,0,291.87187487877964
R5_4,21,1.108600587890809,1,112.72610627224016,0,291.87187487877964
R5_4,22,0.9090909090909083,1,92.43931452740914,1,291.87187487877964
R5_4,23,1.0,0,0.0,0,291.87187487877964
R5_4,24,1.3172873858923069,1,133.94605728623625,0,291.87187487877964
R5_4,25,1.3172873858923069,1,133.94605728623625,0,291.87187487877964
R5_4,26,1.1226227461317126,1,114.15192483782249,0,291.87187487877964
R5_4,27,0.9090909090909083,1,92.43931452740914,1,291.87187487877964
R5_4,28,1.108600587890809,1,112.72610627224016,0,291.87187487877964
R5_4,29,0.9090909090909083,1,92.43931452740914,1,291.87187487877964
R5_4,30,1.0820664265521316,1,110.02802661796251,0,291.87187487877964
R5_4,31,1.0,0,0.0,0,291.87187487877964
R5_4,32,1.4488422081429393,1,147.32297863702223,0,291.87187487877964
R5_4,33,1.4169485868421798,1,144.07993169709934,0,291.87187487877964
R5_4,34,1.0820664265521316,1,110.02802661796251,0,291.87187487877964
R5_4,35,1.0988506439374355,1,111.73470032293655,0,291.87187487877964
R5_4,36,0.9090909090909083,1,92.43931452740914,1,291.87187487877964
R5_4,37,0.9856474516188083,1,100.2238322726634,0,291.87187487877964
R5_4,38,1.0,0,0.0,0,291.87187487877964
R5_4,39,1.108600587890809,1,112.72610627224016,0,291.87187487877964
R5_4,40,1.3221324249316133,1,134.43871658265354,0,291.87187487877964
R5_4,41,0.9856474516188083,1,100.2238322726634,0,291.87187487877964
R5_4,42,0.9090909090909083,1,92.43931452740914,1,291.87187487877964
R5_4,43,1.1226227461317126,1,114.15192483782249,0,291.87187487877964
R5_4,44,1.0988506439374355,1,111.73470032293655,0,291.87187487877964
R5_4,45,1.1226227461317126,1,114.15192483782249,0,291.87187487877964
R5_4,46,1.1226227461317126,1,114.15192483782249,0,291.87187487877964
R5_4,47,1.2474868842450153,1,126.84851570769686,0,291.87187487877964
R5_4,48,1.0820664265521316,1,110.02802661796251,0,291.87187487877964
R5_4,49,0.9090909090909083,1,92.43931452740914,1,291.87187487877964
R5_4,50,1.2474868842450153,1,126.84851570769686,0,291.87187487877964
R5_4,51,0.9090909090909083,1,92.43931452740914,1,291.87187487877964
R5_4,52,1.3221324249316133,1,134.43871658265354,0,291.87187487877964
R5_4,53,1.1226227461317126,1,114.15192483782249,0,291.87187487877964
R5_4,54,1.0820664265521316,1,110.02802661796251,0,291.87187487877964
R5_4,55,1.3172873858923069,1,133.94605728623625,0,291.87187487877964
R5_4,56,1.4488422081429393,1,147.32297863702223,0,291.87187487877964
R5_4,57,0.9090909090909083,1,92.43931452740914,1,291.87187487877964
R5_4,58,0.9090909090909083,1,92.43931452740914,1,291.87187487877964
R5_4,59,1.0820664265521316,1,110.02802661796251,0,291.87187487877964
R5_4,60,1.0,0,0.0,0,291.87187487877964
R5_4,61,1.2474868842450153,1,126.84851570769686,0,291.87187487877964
R5_4,62,1.3172873858923069,1,133.94605728623625,0,291.87187487877964
R5_4,63,1.3172873858923069,1,133.94605728623625,0,291.87187487877964
R5_4,64,1.108600587890809,1,112.72610627224016,0,291.87187487877964
R5_5,1,0.9062771553598994,1,74.98394884497074,0,290.44531265753903
R5_5,2,1.2828272826124314,1,106.13911513431444,0,290.44531265753903
R5_5,3,0.9090909090909092,1,75.21675441066392,0,290.44531265753903
R5_5,4,1.3112088188079492,1,108.48735887591165,0,290.44531265753903
R5_5,5,0.9062771553598994,1,74.98394884497074,0,290.44531265753903
R5_5,6,0.9090909090909092,1,75.21675441066392,0,290.44531265753903
R5_5,7,1.0,0,0.0,0,290.44531265753903
R5_5,8,0.9090909090909092,1,75.21675441066392,0,290.44531265753903
R5_5,9,1.0,0,0.0,0,290.44531265753903
R5_5,10,0.900987142672208,1,74.54626150129539,1,290.44531265753903
R5_5,11,0.9062771553598994,1,74.98394884497074,0,290.44531265753903
R5_5,12,0.9143809217786005,1,75.65444175433927,0,290.44531265753903
R5_5,13,0.900987142672208,1,74.54626150129539,1,290.44531265753903
R5_5,14,0.9090909090909092,1,75.21675441066392,0,290.44531265753903
R5_5,15,0.900987142672208,1,74.54626150129539,1,290.44531265753903
R5_5,16,0.9062771553598994,1,74.98394884497074,0,290.44531265753903
R5_5,17,1.0,0,0.0,0,290.44531265753903
R5_5,18,0.9062771553598994,1,74.98394884497074,0,290.44531265753903
R5_5,19,0.900987142672208,1,74.54626150129539,1,290.44531265753903
R5_5,20,1.0,0,0.0,0,290.44531265753903
R5_5,21,0.9143809217786005,1,75.65444175433927,0,290.44531265753903
R5_5,22,0.9143809217786005,1,75.65444175433927,0,290.44531265753903
R5_5,23,0.9090909090909092,1,75.21675441066392,0,290.44531265753903
R5_5,24,0.9090909090909092,1,75.21675441066392,0,290.44531265753903
R5_5,25,0.9062771553598994,1,74.98394884497074,0,290.44531265753903
R5_5,26,1.293810415667342,1,107.04784231813045,0,290.44531265753903
R5_5,27,0.9062771553598994,1,74.98394884497074,0,290.44531265753903
R5_5,28,1.268086830373008,1,104.91951326072025,0,290.44531265753903
R5_5,29,1.2406517326103614,1,102.64957634901012,0,290.44531265753903
R5_5,30,1.2828272826124314,1,106.13911513431444,0,290.44531265753903
R5_5,31,0.9062771553598994,1,74.98394884497074,0,290.44531265753903
R5_5,32,1.2565524715482415,1,103.96517852221257,0,290.44531265753903
R5_5,33,0.9143809217786005,1,75.65444175433927,0,290.44531265753903
R5_5,34,0.9062771553598994,1,74.98394884497074,0,290.44531265753903
R5_5,35,0.9062771553598994,1,74.98394884497074,0,290.44531265753903
R5_5,36,1.2406517326103614,1,102.64957634901012,0,290.44531265753903
R5_5,37,1.0,0,0.0,0,290.44531265753903
R5_5,38,0.9143809217786005,1,75.65444175433927,0,290.44531265753903
R5_5,39,0.9062771553598994,1,74.98394884497074,0,290.44531265753903
R5_5,40,0.9090909090909092,1,75.21675441066392,0,290.44531265753903
R5_5,41,0.9143809217786005,1,75.65444175433927,0,290.44531265753903
R5_5,42,1.2406517326103614,1,102.64957634901012,0,290.44531265753903
R5_5,43,0.9090909090909092,1,75.21675441066392,0,290.44531265753903
R5_5,44,1.0,0,0.0,0,290.44531265753903
R5_5,45,0.9062771553598994,1,74.98394884497074,0,290.44531265753903
R5_5,46,0.9090909090909092,1,75.21675441066392,0,290.44531265753903
R5_5,47,0.9062771553598994,1,74.98394884497074,0,290.44531265753903
R5_5,48,0.9090909090909092,1,75.21675441066392,0,290.44531265753903
R5_5,49,0.900987142672208,1,74.54626150129539,1,290.44531265753903
R5_5,50,1.0,0,0.0,0,290.44531265753903
R5_5,51,1.0,0,0.0,0,290.44531265753903
R5_5,52,0.9143809217786005,1,75.65444175433927,0,290.44531265753903
R5_5,53,0.9062771553598994,1,74.98394884497074,0,290.44531265753903
R5_5,54,1.0,0,0.0,0,290.44531265753903
R5_5,55,0.9090909090909092,1,75.21675441066392,0,290.44531265753903
R5_5,56,0.9090909090909092,1,75.21675441066392,0,290.44531265753903
R5_5,57,1.3112088188079492,1,108.48735887591165,0,290.44531265753903
R5_5,58,0.9143809217786005,1,75.65444175433927,0,290.44531265753903
R5_5,59,0.9062771553598994,1,74.98394884497074,0,290.44531265753903
R5_5,60,0.900987142672208,1,74.54626150129539,1,290.44531265753903
R5_5,61,0.9090909090909092,1,75.21675441066392,0,290.44531265753903
R5_5,62,0.9143809217786005,1,75.65444175433927,0,290.44531265753903
R5_5,63,1.0,0,0.0,0,290.44531265753903
R5_5,64,1.2406517326103614,1,102.64957634901012,0,290.44531265753903
R5_6,1,0.9672373299078165,1,84.32584535519406,0,292.7749999344087
R5_6,2,0.8887029365460375,1,77.47904684471834,1,292.7749999344087
R5_6,3,0.9321422970038906,1,81.26618437449774,0,292.7749999344087
R5_6,4,0.9090909090909092,1,79.25651444937397,0,292.7749999344087
R5_6,5,1.0501215169052118,1,91.55186829601607,0,292.7749999344087
R5_6,6,0.9502731446270491,1,82.84687093978435,0,292.7749999344087
R5_6,7,0.9672373299078165,1,84.32584535519406,0,292.7749999344087
R5_6,8,1.0,0,0.0,0,292.7749999344087
R5_6,9,0.9437767131983223,1,82.2804979772441,0,292.7749999344087
R5_6,10,0.9414815780250496,1,82.08040312181795,0,292.7749999344087
R5_6,11,0.9502731446270491,1,82.84687093978435,0,292.7749999344087
R5_6,12,0.9321422970038906,1,81.26618437449774,0,292.7749999344087
R5_6,13,0.9414815780250496,1,82.08040312181795,0,292.7749999344087
R5_6,14,0.9437767131983223,1,82.2804979772441,0,292.7749999344087
R5_6,15,0.9961811534656517,1,86.84923058222893,0,292.7749999344087
R5_6,16,1.0501215169052118,1,91.55186829601607,0,292.7749999344087
R5_6,17,1.0,0,0.0,0,292.7749999344087
R5_6,18,0.8887029365460375,1,77.47904684471834,1,292.7749999344087
R5_6,19,1.0,0,0.0,0,292.7749999344087
R5_6,20,0.8887029365460375,1,77.47904684471834,1,292.7749999344087
R5_6,21,0.9437767131983223,1,82.2804979772441,0,292.7749999344087
R5_6,22,0.9502731446270491,1,82.84687093978435,0,292.7749999344087
R5_6,23,0.8887029365460375,1,77.47904684471834,1,292.7749999344087
R5_6,24,1.0501215169052118,1,91.55186829601607,0,292.7749999344087
R5_6,25,0.9917056050680095,1,86.4590425793576,0,292.7749999344087
R5_6,26,0.9437767131983223,1,82.2804979772441,0,292.7749999344087
R5_6,27,0.9321422970038906,1,81.26618437449774,0,292.7749999344087
R5_6,28,0.9090909090909092,1,79.25651444937397,0,292.7749999344087
R5_6,29,0.9502731446270491,1,82.84687093978435,0,292.7749999344087
R5_6,30,0.9672373299078165,1,84.32584535519406,0,292.7749999344087
R5_6,31,1.0991838219876238,1,95.82922631686817,0,292.7749999344087
R5_6,32,0.9672373299078165,1,84.32584535519406,0,292.7749999344087
R5_6,33,0.9672373299078165,1,84.32584535519406,0,292.7749999344087
R5_6,34,0.9386387284326183,1,81.832557337038,0,292.7749999344087
R5_6,35,0.9437767131983223,1,82.2804979772441,0,292.7749999344087
R5_6,36,0.9961811534656517,1,86.84923058222893,0,292.7749999344087
R5_6,37,0.9791789579333248,1,85.36694235076209,0,292.7749999344087
R5_6,38,0.9672373299078165,1,84.32584535519406,0,292.7749999344087
R5_6,39,0.9090909090909092,1,79.25651444937397,0,292.7749999344087
R5_6,40,0.9919750960883045,1,86.48253739019597,0,292.7749999344087
R5_6,41,1.0991838219876238,1,95.82922631686817,0,292.7749999344087
R5_6,42,1.0501215169052118,1,91.55186829601607,0,292.7749999344087
R5_6,43,0.9791789579333248,1,85.36694235076209,0,292.7749999344087
R5_6,44,0.9502731446270491,1,82.84687093978435,0,292.7749999344087
R5_6,45,0.9791789579333248,1,85.36694235076209,0,292.7749999344087
R5_6,46,0.9386387284326183,1,81.832557337038,0,292.7749999344087
R5_6,47,0.9321422970038906,1,81.26618437449774,0,292.7749999344087
R5_6,48,1.0991838219876238,1,95.82922631686817,0,292.7749999344087
R5_6,49,0.9917056050680095,1,86.4590425793576,0,292.7749999344087
R5_6,50,0.9437767131983223,1,82.2804979772441,0,292.7749999344087
R5_6,51,1.0501215169052118,1,91.55186829601607,0,292.7749999344087
R5_6,52,0.9386387284326183,1,81.832557337038,0,292.7749999344087
R5_6,53,0.9502731446270491,1,82.84687093978435,0,292.7749999344087
R5_6,54,0.8887029365460375,1,77.47904684471834,1,292.7749999344087
R5_6,55,0.9437767131983223,1,82.2804979772441,0,292.7749999344087
R5_6,56,0.8887029365460375,1,77.47904684471834,1,292.7749999344087
R5_6,57,0.9917056050680095,1,86.4590425793576,0,292.7749999344087
R5_6,58,0.9502731446270491,1,82.84687093978435,0,292.7749999344087
R5_6,59,0.8887029365460375,1,77.47904684471834,1,292.7749999344087
R5_6,60,0.9437767131983223,1,82.2804979772441,0,292.7749999344087
R5_6,61,0.9090909090909092,1,79.25651444937397,0,292.7749999344087
R5_6,62,0.9321422970038906,1,81.26618437449774,0,292.7749999344087
R5_6,63,0.8887029365460375,1,77.47904684471834,1,292.7749999344087
R5_6,64,0.9321422970038906,1,81.26618437449774,0,292.7749999344087
R5_7,1,1.1944261711452384,1,146.4482194006291,0,293.9749999768537
R5_7,2,0.9949563328377113,1,121.99128489101466,0,293.9749999768537
R5_7,3,0.8621345658881365,1,105.7060495727361,1,293.9749999768537
R5_7,4,1.0,0,0.0,0,293.9749999768537
R5_7,5,1.1089914083579426,1,135.97308984689693,0,293.9749999768537
R5_7,6,1.0114653178674198,1,124.01544638388805,0,293.9749999768537
R5_7,7,0.9479999896349396,1,116.23398233206504,0,293.9749999768537
R5_7,8,0.9479999896349396,1,116.23398233206504,0,293.9749999768537
R5_7,9,0.9479999896349396,1,116.23398233206504,0,293.9749999768537
R5_7,10,1.268324083881886,1,155.50881937670687,0,293.9749999768537
R5_7,11,0.9949563328377113,1,121.99128489101466,0,293.9749999768537
R5_7,12,0.9949563328377113,1,121.99128489101466,0,293.9749999768537
R5_7,13,0.9090909090909083,1,111.46335213168572,0,293.9749999768537
R5_7,14,0.9479999896349396,1,116.23398233206504,0,293.9749999768537
R5_7,15,1.0114653178674198,1,124.01544638388805,0,293.9749999768537
R5_7,16,1.0,0,0.0,0,293.9749999768537
R5_7,17,0.8621345658881365,1,105.7060495727361,1,293.9749999768537
R5_7,18,1.063033226415243,1,130.3381715279648,0,293.9749999768537
R5_7,19,0.9891353136785952,1,121.27757155188706,0,293.9749999768537
R5_7,20,0.8621345658881365,1,105.7060495727361,1,293.9749999768537
R5_7,21,0.9090909090909083,1,111.46335213168572,0,293.9749999768537
R5_7,22,1.0305977117384266,1,126.36126321457085,0,293.9749999768537
R5_7,23,0.9090909090909083,1,111.46335213168572,0,293.9749999768537
R5_7,24,1.0,0,0.0,0,293.9749999768537
R5_7,25,0.8621345658881365,1,105.7060495727361,1,293.9749999768537
R5_7,26,0.9090909090909083,1,111.46335213168572,0,293.9749999768537
R5_7,27,0.8621345658881365,1,105.7060495727361,1,293.9749999768537
R5_7,28,0.9891353136785952,1,121.27757155188706,0,293.9749999768537
R5_7,29,1.0305977117384266,1,126.36126321457085,0,293.9749999768537
R5_7,30,0.8621345658881365,1,105.7060495727361,1,293.9749999768537
R5_7,31,1.0114653178674198,1,124.01544638388805,0,293.9749999768537
R5_7,32,0.8621345658881365,1,105.7060495727361,1,293.9749999768537
R5_7,33,1.0,0,0.0,0,293.9749999768537
R5_7,34,1.1944261711452384,1,146.4482194006291,0,293.9749999768537
R5_7,35,0.8621345658881365,1,105.7060495727361,1,293.9749999768537
R5_7,36,0.8621345658881365,1,105.7060495727361,1,293.9749999768537
R5_7,37,1.0305977117384266,1,126.36126321457085,0,293.9749999768537
R5_7,38,1.059067619521624,1,129.8519497066054,0,293.9749999768537
R5_7,39,0.9090909090909083,1,111.46335213168572,0,293.9749999768537
R5_7,40,0.8621345658881365,1,105.7060495727361,1,293.9749999768537
R5_7,41,0.9479999896349396,1,116.23398233206504,0,293.9749999768537
R5_7,42,1.268324083881886,1,155.50881937670687,0,293.9749999768537
R5_7,43,1.063033226415243,1,130.3381715279648,0,293.9749999768537
R5_7,44,0.8621345658881365,1,105.7060495727361,1,293.9749999768537
R5_7,45,0.9891353136785952,1,121.27757155188706,0,293.9749999768537
R5_7,46,0.9479999896349396,1,116.23398233206504,0,293.9749999768537
R5_7,47,1.018035882421299,1,124.82106124951835,0,293.9749999768537
R5_7,48,1.0305977117384266,1,126.36126321457085,0,293.9749999768537
R5_7,49,1.0305977117384266,1,126.36126321457085,0,293.9749999768537
R5_7,50,0.8621345658881365,1,105.7060495727361,1,293.9749999768537
R5_7,51,0.8621345658881365,1,105.7060495727361,1,293.9749999768537
R5_7,52,0.9949563328377113,1,121.99128489101466,0,293.9749999768537
R5_7,53,1.063033226415243,1,130.3381715279648,0,293.9749999768537
R5_7,54,1.0305977117384266,1,126.36126321457085,0,293.9749999768537
R5_7,55,0.9479999896349396,1,116.23398233206504,0,293.9749999768537
R5_7,56,1.0305977117384266,1,126.36126321457085,0,293.9749999768537
R5_7,57,1.0114653178674198,1,124.01544638388805,0,293.9749999768537
R5_7,58,1.018035882421299,1,124.82106124951835,0,293.9749999768537
R5_7,59,1.0305977117384266,1,126.36126321457085,0,293.9749999768537
R5_7,60,0.9891353136785952,1,121.27757155188706,0,293.9749999768537
R5_7,61,1.018035882421299,1,124.82106124951835,0,293.9749999768537
R5_7,62,1.0,0,0.0,0,293.9749999768537
R5_7,63,1.0114653178674198,1,124.01544638388805,0,293.9749999768537
R5_7,64,0.8621345658881365,1,105.7060495727361,1,293.9749999768537
R5_8,1,1.0613712319091633,1,142.34184505117844,0,248.22031241455988
R5_8,2,1.0151215129185847,1,136.13923644798908,0,248.22031241455988
R5_8,3,0.9157732471807245,1,122.8155142454148,0,248.22031241455988
R5_8,4,0.9591412800017727,1,128.63165625341335,0,248.22031241455988
R5_8,5,0.9591412800017727,1,128.63165625341335,0,248.22031241455988
R5_8,6,1.2007848365465232,1,161.03878078178232,0,248.22031241455988
R5_8,7,1.1697771696305095,1,156.8803031569285,0,248.22031241455988
R5_8,8,0.9157732471807245,1,122.8155142454148,0,248.22031241455988
R5_8,9,1.1697771696305095,1,156.8803031569285,0,248.22031241455988
R5_8,10,1.0113760586438367,1,135.6369288142468,0,248.22031241455988
R5_8,11,0.912109175758177,1,122.32412096942919,0,248.22031241455988
R5_8,12,1.0800564515963238,1,144.84774361474967,0,248.22031241455988
R5_8,13,1.0613712319091633,1,142.34184505117844,0,248.22031241455988
R5_8,14,0.9524589419119565,1,127.73547939807385,0,248.22031241455988
R5_8,15,1.0151215129185847,1,136.13923644798908,0,248.22031241455988
R5_8,16,0.9090909090909083,1,121.91933739007526,1,248.22031241455988
R5_8,17,0.9524589419119565,1,127.73547939807385,0,248.22031241455988
R5_8,18,0.9591412800017727,1,128.63165625341335,0,248.22031241455988
R5_8,19,1.0613712319091633,1,142.34184505117844,0,248.22031241455988
R5_8,20,0.9157732471807245,1,122.8155142454148,0,248.22031241455988
R5_8,21,0.912109175758177,1,122.32412096942919,0,248.22031241455988
R5_8,22,0.9524589419119565,1,127.73547939807385,0,248.22031241455988
R5_8,23,1.0151215129185847,1,136.13923644798908,0,248.22031241455988
R5_8,24,0.9157732471807245,1,122.8155142454148,0,248.22031241455988
R5_8,25,0.9157732471807245,1,122.8155142454148,0,248.22031241455988
R5_8,26,0.9157732471807245,1,122.8155142454148,0,248.22031241455988
R5_8,27,1.1697771696305095,1,156.8803031569285,0,248.22031241455988
R5_8,28,1.0,0,0.0,0,248.22031241455988
R5_8,29,0.912109175758177,1,122.32412096942919,0,248.22031241455988
R5_8,30,1.0113760586438367,1,135.6369288142468,0,248.22031241455988
R5_8,31,1.421664169465064,1,190.66118888563173,0,248.22031241455988
R5_8,32,0.9157732471807245,1,122.8155142454148,0,248.22031241455988
R5_8,33,1.2007848365465232,1,161.03878078178232,0,248.22031241455988
R5_8,34,1.216026888621089,1,163.08291176011787,0,248.22031241455988
R5_8,35,0.9157732471807245,1,122.8155142454148,0,248.22031241455988
R5_8,36,0.9157732471807245,1,122.8155142454148,0,248.22031241455988
R5_8,37,0.9524589419119565,1,127.73547939807385,0,248.22031241455988
R5_8,38,0.912109175758177,1,122.32412096942919,0,248.22031241455988
R5_8,39,0.9090909090909083,1,121.91933739007526,1,248.22031241455988
R5_8,40,0.9090909090909083,1,121.91933739007526,1,248.22031241455988
R5_8,41,1.0151215129185847,1,136.13923644798908,0,248.22031241455988
R5_8,42,0.9157732471807245,1,122.8155142454148,0,248.22031241455988
R5_8,43,1.0800564515963238,1,144.84774361474967,0,248.22031241455988
R5_8,44,1.2007848365465232,1,161.03878078178232,0,248.22031241455988
R5_8,45,0.9157732471807245,1,122.8155142454148,0,248.22031241455988
R5_8,46,1.0113760586438367,1,135.6369288142468,0,248.22031241455988
R5_8,47,1.0,0,0.0,0,248.22031241455988
R5_8,48,1.2007848365465232,1,161.03878078178232,0,248.22031241455988
R5_8,49,1.0613712319091633,1,142.34184505117844,0,248.22031241455988
R5_8,50,1.0,0,0.0,0,248.22031241455988
R5_8,51,1.0113760586438367,1,135.6369288142468,0,248.22031241455988
R5_8,52,1.0,0,0.0,0,248.22031241455988
R5_8,53,1.0800564515963238,1,144.84774361474967,0,248.22031241455988
R5_8,54,0.9157732471807245,1,122.8155142454148,0,248.22031241455988
R5_8,55,1.216026888621089,1,163.08291176011787,0,248.22031241455988
R5_8,56,1.0151215129185847,1,136.13923644798908,0,248.22031241455988
R5_8,57,1.0,0,0.0,0,248.22031241455988
R5_8,58,0.9524589419119565,1,127.73547939807385,0,248.22031241455988
R5_8,59,1.0613712319091633,1,142.34184505117844,0,248.22031241455988
R5_8,60,0.9524589419119565,1,127.73547939807385,0,248.22031241455988
R5_8,61,1.0151215129185847,1,136.13923644798908,0,248.22031241455988
R5_8,62,0.9524589419119565,1,127.73547939807385,0,248.22031241455988
R5_8,63,1.216026888621089,1,163.08291176011787,0,248.22031241455988
R5_8,64,1.0,0,0.0,0,248.22031241455988
R5_9,1,0.8847457431105852,1,86.03216793963867,0,291.9046874012565
R5_9,2,0.8432024036366617,1,81.99251746804859,0,291.9046874012565
R5_9,3,0.855915027731232,1,83.22868573398726,0,291.9046874012565
R5_9,4,0.9322433492909772,1,90.65080788615674,0,291.9046874012565
R5_9,5,0.9846080585671686,1,95.74272214247267,0,291.9046874012565
R5_9,6,0.8957646342555599,1,87.10363858629043,0,291.9046874012565
R5_9,7,0.8432024036366617,1,81.99251746804859,0,291.9046874012565
R5_9,8,0.9846080585671686,1,95.74272214247267,0,291.9046874012565
R5_9,9,0.9090909090909092,1,88.3994778978352,0,291.9046874012565
R5_9,10,0.8432024036366617,1,81.99251746804859,0,291.9046874012565
R5_9,11,0.9650535390485491,1,93.84125189488482,0,291.9046874012565
R5_9,12,0.855915027731232,1,83.22868573398726,0,291.9046874012565
R5_9,13,0.9322433492909772,1,90.65080788615674,0,291.9046874012565
R5_9,14,1.1285350144605015,1,109.73809667450767,0,291.9046874012565
R5_9,15,0.9322433492909772,1,90.65080788615674,0,291.9046874012565
R5_9,16,0.8957646342555599,1,87.10363858629043,0,291.9046874012565
R5_9,17,1.1285350144605015,1,109.73809667450767,0,291.9046874012565
R5_9,18,0.9090909090909092,1,88.3994778978352,0,291.9046874012565
R5_9,19,1.1285350144605015,1,109.73809667450767,0,291.9046874012565
R5_9,20,0.9322433492909772,1,90.65080788615674,0,291.9046874012565
R5_9,21,1.0,0,0.0,0,291.9046874012565
R5_9,22,0.8154568383175951,1,79.29455463104428,1,291.9046874012565
R5_9,23,1.0,0,0.0,0,291.9046874012565
R5_9,24,0.8847457431105852,1,86.03216793963867,0,291.9046874012565
R5_9,25,0.9846080585671686,1,95.74272214247267,0,291.9046874012565
R5_9,26,0.855915027731232,1,83.22868573398726,0,291.9046874012565
R5_9,27,0.8154568383175951,1,79.29455463104428,1,291.9046874012565
R5_9,28,0.9614556183670997,1,93.49139215415111,0,291.9046874012565
R5_9,29,0.9322433492909772,1,90.65080788615674,0,291.9046874012565
R5_9,30,0.855915027731232,1,83.22868573398726,0,291.9046874012565
R5_9,31,0.8957646342555599,1,87.10363858629043,0,291.9046874012565
R5_9,32,0.8957646342555599,1,87.10363858629043,0,291.9046874012565
R5_9,33,1.1285350144605015,1,109.73809667450767,0,291.9046874012565
R5_9,34,0.9650535390485491,1,93.84125189488482,0,291.9046874012565
R5_9,35,1.0140178489859988,1,98.60251327239297,0,291.9046874012565
R5_9,36,0.8847457431105852,1,86.03216793963867,0,291.9046874012565
R5_9,37,0.9614556183670997,1,93.49139215415111,0,291.9046874012565
R5_9,38,0.8432024036366617,1,81.99251746804859,0,291.9046874012565
R5_9,39,0.855915027731232,1,83.22868573398726,0,291.9046874012565
R5_9,40,0.855915027731232,1,83.22868573398726,0,291.9046874012565
R5_9,41,0.9322433492909772,1,90.65080788615674,0,291.9046874012565
R5_9,42,0.9846080585671686,1,95.74272214247267,0,291.9046874012565
R5_9,43,0.8957646342555599,1,87.10363858629043,0,291.9046874012565
R5_9,44,0.9650535390485491,1,93.84125189488482,0,291.9046874012565
R5_9,45,0.8154568383175951,1,79.29455463104428,1,291.9046874012565
R5_9,46,0.9322433492909772,1,90.65080788615674,0,291.9046874012565
R5_9,47,0.8432024036366617,1,81.99251746804859,0,291.9046874012565
R5_9,48,1.0,0,0.0,0,291.9046874012565
R5_9,49,0.9650535390485491,1,93.84125189488482,0,291.9046874012565
R5_9,50,0.9846080585671686,1,95.74272214247267,0,291.9046874012565
R5_9,51,1.0038560337040865,1,97.61438419043616,0,291.9046874012565
R5_9,52,0.855915027731232,1,83.22868573398726,0,291.9046874012565
R5_9,53,0.8432024036366617,1,81.99251746804859,0,291.9046874012565
R5_9,54,0.8154568383175951,1,79.29455463104428,1,291.9046874012565
R5_9,55,0.9805940084876479,1,95.3523982180588,0,291.9046874012565
R5_9,56,0.8154568383175951,1,79.29455463104428,1,291.9046874012565
R5_9,57,0.8432024036366617,1,81.99251746804859,0,291.9046874012565
R5_9,58,0.9805940084876479,1,95.3523982180588,0,291.9046874012565
R5_9,59,0.9846080585671686,1,95.74272214247267,0,291.9046874012565
R5_9,60,0.855915027731232,1,83.22868573398726,0,291.9046874012565
R5_9,61,0.8154568383175951,1,79.29455463104428,1,291.9046874012565
R5_9,62,0.9090909090909092,1,88.3994778978352,0,291.9046874012565
R5_9,63,0.9322433492909772,1,90.65080788615674,0,291.9046874012565
R5_9,64,0.855915027731232,1,83.22868573398726,0,291.9046874012565
R6_0,1,1.2312022218877416,1,140.921032143971,0,505.4171874689928
R6_0,2,1.005248945464178,1,115.05885583868493,0,505.4171874689928
R6_0,3,1.1203474681845922,1,128.23281080047687,0,505.4171874689928
R6_0,4,1.0214408390058516,1,116.91214875003097,0,505.4171874689928
R6_0,5,0.9508820899954262,1,108.8361303993728,0,505.4171874689928
R6_0,6,1.6211242538676132,1,185.55075602314704,0,505.4171874689928
R6_0,7,1.1927982194594442,1,136.52538408190264,0,505.4171874689928
R6_0,8,1.0,0,0.0,0,505.4171874689928
R6_0,9,0.9508820899954262,1,108.8361303993728,0,505.4171874689928
R6_0,10,1.295927115219257,1,148.3293186232632,0,505.4171874689928
R6_0,11,1.6211242538676132,1,185.55075602314704,0,505.4171874689928
R6_0,12,1.084540609880591,1,124.13442684670507,0,505.4171874689928
R6_0,13,0.9514243814806065,1,108.89820003704567,0,505.4171874689928
R6_0,14,0.9514243814806065,1,108.89820003704567,0,505.4171874689928
R6_0,15,1.448963066392496,1,165.84551848960308,0,505.4171874689928
R6_0,16,1.3722543254231923,1,157.06558391859113,0,505.4171874689928
R6_0,17,0.9514243814806065,1,108.89820003704567,0,505.4171874689928
R6_0,18,0.9090909090909101,1,104.05279242053922,1,505.4171874689928
R6_0,19,1.1009621615621246,1,126.01400598588111,0,505.4171874689928
R6_0,20,1.005248945464178,1,115.05885583868493,0,505.4171874689928
R6_0,21,1.0,0,0.0,0,505.4171874689928
R6_0,22,1.1009621615621246,1,126.01400598588111,0,505.4171874689928
R6_0,23,1.23889807881487,1,141.80188508764147,0,505.4171874689928
R6_0,24,0.9932155623851244,1,113.68153801587924,0,505.4171874689928
R6_0,25,1.2312022218877416,1,140.921032143971,0,505.4171874689928
R6_0,26,0.9514243814806065,1,108.89820003704567,0,505.4171874689928
R6_0,27,0.9514243814806065,1,108.89820003704567,0,505.4171874689928
R6_0,28,1.3855596908220207,1,158.5884903849074,0,505.4171874689928
R6_0,29,1.1009621615621246,1,126.01400598588111,0,505.4171874689928
R6_0,30,1.2501078687294882,1,143.0849360250112,0,505.4171874689928
R6_0,31,1.0,0,0.0,0,505.4171874689928
R6_0,32,1.2312022218877416,1,140.921032143971,0,505.4171874689928
R6_0,33,1.0,0,0.0,0,505.4171874689928
R6_0,34,1.1203474681845922,1,128.23281080047687,0,505.4171874689928
R6_0,35,1.1681024510130023,1,133.6987540472969,0,505.4171874689928
R6_0,36,1.1881235109874737,1,135.99032596461583,0,505.4171874689928
R6_0,37,0.9514243814806065,1,108.89820003704567,0,505.4171874689928
R6_0,38,0.9514243814806065,1,108.89820003704567,0,505.4171874689928
R6_0,39,1.0,0,0.0,0,505.4171874689928
R6_0,40,1.1683393298044464,1,133.72586673698328,0,505.4171874689928
R6_0,41,1.2585046000559128,1,144.0460097009028,0,505.4171874689928
R6_0,42,1.3462659051027543,1,154.0909994431569,0,505.4171874689928
R6_0,43,1.1009621615621246,1,126.01400598588111,0,505.4171874689928
R6_0,44,1.0,0,0.0,0,505.4171874689928
R6_0,45,1.1203474681845922,1,128.23281080047687,0,505.4171874689928
R6_0,46,1.2106728021941429,1,138.57127435348974,0,505.4171874689928
R6_0,47,1.23889807881487,1,141.80188508764147,0,505.4171874689928
R6_0,48,0.9514243814806065,1,108.89820003704567,0,505.4171874689928
R6_0,49,1.5021340874035314,1,171.9313710228574,0,505.4171874689928
R6_0,50,1.2597287840741913,1,144.186127442995,0,505.4171874689928
R6_0,51,0.9508820899954262,1,108.8361303993728,0,505.4171874689928
R6_0,52,1.0214408390058516,1,116.91214875003097,0,505.4171874689928
R6_0,53,1.3855596908220207,1,158.5884903849074,0,505.4171874689928
R6_0,54,1.318419401371143,1,150.9037423234916,0,505.4171874689928
R6_0,55,1.0,0,0.0,0,505.4171874689928
R6_0,56,1.1881235109874737,1,135.99032596461583,0,505.4171874689928
R6_0,57,1.2501078687294882,1,143.0849360250112,0,505.4171874689928
R6_0,58,1.1203474681845922,1,128.23281080047687,0,505.4171874689928
R6_0,59,1.5257220110665042,1,174.6311992798454,0,505.4171874689928
R6_0,60,1.553243055958239,1,177.7812050082931,0,505.4171874689928
R6_0,61,0.9514243814806065,1,108.89820003704567,0,505.4171874689928
R6_0,62,0.9508820899954262,1,108.8361303993728,0,505.4171874689928
R6_0,63,1.3855596908220207,1,158.5884903849074,0,505.4171874689928
R6_0,64,1.1681024510130023,1,133.6987540472969,0,505.4171874689928
R6_1,1,0.9090909090909101,1,100.45504698266508,0,504.6703126936336
R6_1,2,1.269950226724923,1,140.3302006604281,0,504.6703126936336
R6_1,3,1.067613248061706,1,117.97185289268982,0,504.6703126936336
R6_1,4,0.8891763047485668,1,98.25447221632885,1,504.6703126936336
R6_1,5,1.188189881060925,1,131.29563735893274,0,504.6703126936336
R6_1,6,1.3422923993976532,1,148.32405065056219,0,504.6703126936336
R6_1,7,0.9131215563442474,1,100.90043572779024,0,504.6703126936336
R6_1,8,1.2841736375347494,1,141.90189540169857,0,504.6703126936336
R6_1,9,0.995271075388974,1,109.97800290255572,0,504.6703126936336
R6_1,10,1.0307233938090725,1,113.89550364634471,0,504.6703126936336
R6_1,11,1.1374050661104889,1,125.68388728989542,0,504.6703126936336
R6_1,12,0.9131215563442474,1,100.90043572779024,0,504.6703126936336
R6_1,13,1.0,0,0.0,0,504.6703126936336
R6_1,14,1.1057391173303852,1,122.1847824801938,0,504.6703126936336
R6_1,15,0.8932069520019059,1,98.69986096145401,0,504.6703126936336
R6_1,16,0.9131215563442474,1,100.90043572779024,0,504.6703126936336
R6_1,17,0.995271075388974,1,109.97800290255572,0,504.6703126936336
R6_1,18,1.1368181644494797,1,125.61903433257156,0,504.6703126936336
R6_1,19,1.0347540410624116,1,114.34089239146986,0,504.6703126936336
R6_1,20,1.348894801812074,1,149.05361975977513,0,504.6703126936336
R6_1,21,1.1374050661104889,1,125.68388728989542,0,504.6703126936336
R6_1,22,1.3060553224930604,1,144.31983366130012,0,504.6703126936336
R6_1,23,1.269950226724923,1,140.3302006604281,0,504.6703126936336
R6_1,24,1.0148184064774952,1,112.13799377172717,0,504.6703126936336
R6_1,25,1.013783585001125,1,112.02364542769695,0,504.6703126936336
R6_1,26,0.8932069520019059,1,98.69986096145401,0,504.6703126936336
R6_1,27,1.0097529377477859,1,111.57825668257179,0,504.6703126936336
R6_1,28,1.0307233938090725,1,113.89550364634471,0,504.6703126936336
R6_1,29,1.0,0,0.0,0,504.6703126936336
R6_1,30,0.9131215563442474,1,100.90043572779024,0,504.6703126936336
R6_1,31,1.0,0,0.0,0,504.6703126936336
R6_1,32,0.995271075388974,1,109.97800290255572,0,504.6703126936336
R6_1,33,0.8891763047485668,1,98.25447221632885,1,504.6703126936336
R6_1,34,1.2820262244158496,1,141.66460506737306,0,504.6703126936336
R6_1,35,0.9131215563442474,1,100.90043572779024,0,504.6703126936336
R6_1,36,1.188189881060925,1,131.29563735893274,0,504.6703126936336
R6_1,37,1.188189881060925,1,131.29563735893274,0,504.6703126936336
R6_1,38,1.0943839009679053,1,120.93002480768358,0,504.6703126936336
R6_1,39,0.8932069520019059,1,98.69986096145401,0,504.6703126936336
R6_1,40,1.2425415796226833,1,137.30153003480268,0,504.6703126936336
R6_1,41,1.3060553224930604,1,144.31983366130012,0,504.6703126936336
R6_1,42,1.2870014619540413,1,142.21437156008713,0,504.6703126936336
R6_1,43,1.0943839009679053,1,120.93002480768358,0,504.6703126936336
R6_1,44,1.2003698499034776,1,132.64153063549122,0,504.6703126936336
R6_1,45,1.0,0,0.0,0,504.6703126936336
R6_1,46,0.995271075388974,1,109.97800290255572,0,504.6703126936336
R6_1,47,1.2870014619540413,1,142.21437156008713,0,504.6703126936336
R6_1,48,1.0,0,0.0,0,504.6703126936336
R6_1,49,1.412084217446436,1,156.03608504776776,0,504.6703126936336
R6_1,50,1.101708470077046,1,121.73939373506867,0,504.6703126936336
R6_1,51,1.2993330565090186,1,143.57701956151757,0,504.6703126936336
R6_1,52,0.8891763047485668,1,98.25447221632885,1,504.6703126936336
R6_1,53,1.101708470077046,1,121.73939373506867,0,504.6703126936336
R6_1,54,1.3060553224930604,1,144.31983366130012,0,504.6703126936336
R6_1,55,1.067613248061706,1,117.97185289268982,0,504.6703126936336
R6_1,56,0.8932069520019059,1,98.69986096145401,0,504.6703126936336
R6_1,57,0.995271075388974,1,109.97800290255572,0,504.6703126936336
R6_1,58,1.1161333653633871,1,123.33335262214905,0,504.6703126936336
R6_1,59,1.0097529377477859,1,111.57825668257179,0,504.6703126936336
R6_1,60,0.8932069520019059,1,98.69986096145401,0,504.6703126936336
R6_1,61,1.0347540410624116,1,114.34089239146986,0,504.6703126936336
R6_1,62,1.462869032396874,1,161.6478351168051,0,504.6703126936336
R6_1,63,1.067613248061706,1,117.97185289268982,0,504.6703126936336
R6_1,64,0.995271075388974,1,109.97800290255572,0,504.6703126936336
R6_2,1,1.2526410642799384,1,157.3722837543383,0,515.7640625839122
R6_2,2,0.9311717968847706,1,116.98533316694667,0,515.7640625839122
R6_2,3,1.2603488965753886,1,158.34063710448783,0,515.7640625839122
R6_2,4,1.5950453489507463,1,200.38935048038442,0,515.7640625839122
R6_2,5,0.9467041207763476,1,118.93669605335714,0,515.7640625839122
R6_2,6,1.0,0,0.0,0,515.7640625839122
R6_2,7,0.91949446101858,1,115.51828161815757,0,515.7640625839122
R6_2,8,1.1740077315107396,1,147.49339066199266,0,515.7640625839122
R6_2,9,0.9311717968847706,1,116.98533316694667,0,515.7640625839122
R6_2,10,0.91949446101858,1,115.51828161815757,0,515.7640625839122
R6_2,11,1.0,0,0.0,0,515.7640625839122
R6_2,12,0.8801016035888374,1,110.56926300931016,1,515.7640625839122
R6_2,13,0.924623232982487,1,116.16262146923769,0,515.7640625839122
R6_2,14,0.9311717968847706,1,116.98533316694667,0,515.7640625839122
R6_2,15,0.91949446101858,1,115.51828161815757,0,515.7640625839122
R6_2,16,0.9311717968847706,1,116.98533316694667,0,515.7640625839122
R6_2,17,1.3440374356922131,1,168.85462782412776,0,515.7640625839122
R6_2,18,1.6102730346840914,1,202.30244094858455,0,515.7640625839122
R6_2,19,0.9090909090909083,1,114.21125858282723,0,515.7640625839122
R6_2,20,1.5121146097468632,1,189.9705639707367,0,515.7640625839122
R6_2,21,1.385221338264781,1,174.02865970490973,0,515.7640625839122
R6_2,22,1.694852377916245,1,212.92834551330316,0,515.7640625839122
R6_2,23,0.9090909090909083,1,114.21125858282723,0,515.7640625839122
R6_2,24,1.0,0,0.0,0,515.7640625839122
R6_2,25,0.91949446101858,1,115.51828161815757,0,515.7640625839122
R6_2,26,1.1763889461539598,1,147.79254833548654,0,515.7640625839122
R6_2,27,0.8801016035888374,1,110.56926300931016,1,515.7640625839122
R6_2,28,0.924623232982487,1,116.16262146923769,0,515.7640625839122
R6_2,29,1.1652355484588366,1,146.39132038842834,0,515.7640625839122
R6_2,30,1.3735440023985905,1,172.56160815612063,0,515.7640625839122
R6_2,31,0.924623232982487,1,116.16262146923769,0,515.7640625839122
R6_2,32,1.2526410642799384,1,157.3722837543383,0,515.7640625839122
R6_2,33,1.2308226842862293,1,154.63118865108635,0,515.7640625839122
R6_2,34,1.2414040640785196,1,155.96055262506886,0,515.7640625839122
R6_2,35,1.1763889461539598,1,147.79254833548654,0,515.7640625839122
R6_2,36,1.1740077315107396,1,147.49339066199266,0,515.7640625839122
R6_2,37,0.91949446101858,1,115.51828161815757,0,515.7640625839122
R6_2,38,1.0,0,0.0,0,515.7640625839122
R6_2,39,1.1505678880545638,1,144.54858723766674,0,515.7640625839122
R6_2,40,0.9381767857152976,1,117.86538661670906,0,515.7640625839122
R6_2,41,1.2308226842862293,1,154.63118865108635,0,515.7640625839122
R6_2,42,0.924623232982487,1,116.16262146923769,0,515.7640625839122
R6_2,43,0.9467041207763476,1,118.93669605335714,0,515.7640625839122
R6_2,44,0.9381767857152976,1,117.86538661670906,0,515.7640625839122
R6_2,45,1.1740077315107396,1,147.49339066199266,0,515.7640625839122
R6_2,46,1.3735440023985905,1,172.56160815612063,0,515.7640625839122
R6_2,47,1.1652355484588366,1,146.39132038842834,0,515.7640625839122
R6_2,48,1.0,0,0.0,0,515.7640625839122
R6_2,49,1.8477334080018277,0,106.50276941765792,0,515.7640625839122
R6_2,50,0.9311717968847706,1,116.98533316694667,0,515.7640625839122
R6_2,51,0.8801016035888374,1,110.56926300931016,1,515.7640625839122
R6_2,52,1.1763889461539598,1,147.79254833548654,0,515.7640625839122
R6_2,53,1.4961798423708288,1,187.9686411497714,0,515.7640625839122
R6_2,54,1.472739998914653,1,185.0238377254455,0,515.7640625839122
R6_2,55,1.0,0,0.0,0,515.7640625839122
R6_2,56,1.3735440023985905,1,172.56160815612063,0,515.7640625839122
R6_2,57,1.1764725486602554,1,147.8030515176978,0,515.7640625839122
R6_2,58,1.1652355484588366,1,146.39132038842834,0,515.7640625839122
R6_2,59,0.9381767857152976,1,117.86538661670906,0,515.7640625839122
R6_2,60,0.9311717968847706,1,116.98533316694667,0,515.7640625839122
R6_2,61,0.91949446101858,1,115.51828161815757,0,515.7640625839122
R6_2,62,1.630522090040266,1,204.84637805566084,0,515.7640625839122
R6_2,63,0.924623232982487,1,116.16262146923769,0,515.7640625839122
R6_2,64,0.924623232982487,1,116.16262146923769,0,515.7640625839122
R6_3,1,1.0613321024479703,1,113.34219520419128,0,445.1078125384811
R6_3,2,1.1822839473803484,1,126.25893218690643,0,445.1078125384811
R6_3,3,1.0412655583712027,1,111.19924093890829,0,445.1078125384811
R6_3,4,1.121979323383453,1,119.81885706903664,0,445.1078125384811
R6_3,5,1.037667301243724,1,110.81497444890296,0,445.1078125384811
R6_3,6,0.9850462274112797,1,105.19544404139488,0,445.1078125384811
R6_3,7,1.1209178934748998,1,119.70550442888445,0,445.1078125384811
R6_3,8,1.0573118502934804,1,112.91286285533133,0,445.1078125384811
R6_3,9,1.0613321024479703,1,113.34219520419128,0,445.1078125384811
R6_3,10,1.3800629495471406,0,40.587831950145336,0,445.1078125384811
R6_3,11,0.9672954228900146,1,103.29979314528012,0,445.1078125384811
R6_3,12,1.168234407741176,1,124.75854822543087,0,445.1078125384811
R6_3,13,1.0416655940522581,1,111.24196170665502,0,445.1078125384811
R6_3,14,1.0387287311522755,1,110.92832708905514,0,445.1078125384811
R6_3,15,1.2251580425355435,1,130.8375594149672,0,445.1078125384811
R6_3,16,1.1663498575027376,1,124.55729259535565,0,445.1078125384811
R6_3,17,1.2774558771948126,1,136.42257033759495,0,445.1078125384811
R6_3,18,0.944692051594318,1,100.88592503014397,0,445.1078125384811
R6_3,19,1.121979323383453,1,119.81885706903664,0,445.1078125384811
R6_3,20,1.0613321024479703,1,113.34219520419128,0,445.1078125384811
R6_3,21,1.2251580425355435,1,130.8375594149672,0,445.1078125384811
R6_3,22,1.0613321024479703,1,113.34219520419128,0,445.1078125384811
R6_3,23,1.3365218650035704,1,142.73036853262494,0,445.1078125384811
R6_3,24,1.0517168408828947,1,112.31535841037855,0,445.1078125384811
R6_3,25,1.037667301243724,1,110.81497444890296,0,445.1078125384811
R6_3,26,1.0923797220215477,1,116.65784480172746,0,445.1078125384811
R6_3,27,1.121979323383453,1,119.81885706903664,0,445.1078125384811
R6_3,28,1.2625517295223823,1,134.83092073899675,0,445.1078125384811
R6_3,29,1.0,0,0.0,0,445.1078125384811
R6_3,30,0.944692051594318,1,100.88592503014397,0,445.1078125384811
R6_3,31,1.121979323383453,1,119.81885706903664,0,445.1078125384811
R6_3,32,1.121979323383453,1,119.81885706903664,0,445.1078125384811
R6_3,33,1.1349674331140704,1,121.20588839036003,0,445.1078125384811
R6_3,34,1.168234407741176,1,124.75854822543087,0,445.1078125384811
R6_3,35,1.3419172169794678,1,143.30655108230658,0,445.1078125384811
R6_3,36,1.4091876315181544,1,150.49051964268875,0,445.1078125384811
R6_3,37,1.3005971752163727,1,138.89388493515432,0,445.1078125384811
R6_3,38,0.9090909090909083,1,97.08399382142373,1,445.1078125384811
R6_3,39,1.1663498575027376,1,124.55729259535565,0,445.1078125384811
R6_3,40,1.2251580425355435,1,130.8375594149672,0,445.1078125384811
R6_3,41,1.0387287311522755,1,110.92832708905514,0,445.1078125384811
R6_3,42,1.0416655940522581,1,111.24196170665502,0,445.1078125384811
R6_3,43,1.0387287311522755,1,110.92832708905514,0,445.1078125384811
R6_3,44,1.1663498575027376,1,124.55729259535565,0,445.1078125384811
R6_3,45,0.9850462274112797,1,105.19544404139488,0,445.1078125384811
R6_3,46,1.1349674331140704,1,121.20588839036003,0,445.1078125384811
R6_3,47,1.2774558771948126,1,136.42257033759495,0,445.1078125384811
R6_3,48,1.2251580425355435,1,130.8375594149672,0,445.1078125384811
R6_3,49,0.9090909090909083,1,97.08399382142373,1,445.1078125384811
R6_3,50,1.13676096358728,1,121.3974238018775,0,445.1078125384811
R6_3,51,1.0573118502934804,1,112.91286285533133,0,445.1078125384811
R6_3,52,0.9676293443412831,1,103.33545341620311,0,445.1078125384811
R6_3,53,1.211108502896371,1,129.33717545349162,0,445.1078125384811
R6_3,54,1.3419172169794678,1,143.30655108230658,0,445.1078125384811
R6_3,55,1.0517168408828947,1,112.31535841037855,0,445.1078125384811
R6_3,56,1.0416655940522581,1,111.24196170665502,0,445.1078125384811
R6_3,57,1.168234407741176,1,124.75854822543087,0,445.1078125384811
R6_3,58,1.0517168408828947,1,112.31535841037855,0,445.1078125384811
R6_3,59,1.0517168408828947,1,112.31535841037855,0,445.1078125384811
R6_3,60,1.0251093074828628,1,109.47387624134532,0,445.1078125384811
R6_3,61,0.944692051594318,1,100.88592503014397,0,445.1078125384811
R6_3,62,1.0,0,0.0,0,445.1078125384811
R6_3,63,1.1757294495215138,1,125.55896167431392,0,445.1078125384811
R6_3,64,0.9676293443412831,1,103.33545341620311,0,445.1078125384811
R6_4,1,1.0291463679633406,1,86.48041114270066,0,422.3734374591004
R6_4,2,1.3701650024056047,1,115.1366184927321,0,422.3734374591004
R6_4,3,1.0,0,0.0,0,422.3734374591004
R6_4,4,0.9604430414616303,1,80.7071877143391,0,422.3734374591004
R6_4,5,1.0804985003340608,1,90.7955927910243,0,422.3734374591004
R6_4,6,1.0,0,0.0,0,422.3734374591004
R6_4,7,1.1335780690826063,1,95.25593300262663,0,422.3734374591004
R6_4,8,1.160868839977324,1,97.54920941193562,0,422.3734374591004
R6_4,9,1.0051265107470613,1,84.4619935567127,0,422.3734374591004
R6_4,10,1.218399048611932,1,102.38354226362921,0,422.3734374591004
R6_4,11,1.1380484008435836,1,95.63158037472854,0,422.3734374591004
R6_4,12,1.040665604633837,1,87.44838650007,0,422.3734374591004
R6_4,13,1.0866962684728634,1,91.3163987264049,0,422.3734374591004
R6_4,14,0.9604430414616303,1,80.7071877143391,0,422.3734374591004
R6_4,15,1.1380484008435836,1,95.63158037472854,0,422.3734374591004
R6_4,16,1.31261510189608,1,110.30063090902784,0,422.3734374591004
R6_4,17,0.979356529526445,1,82.29651093881371,0,422.3734374591004
R6_4,18,0.979356529526445,1,82.29651093881371,0,422.3734374591004
R6_4,19,1.1932350159323555,1,100.26897823281517,0,422.3734374591004
R6_4,20,1.0,0,0.0,0,422.3734374591004
R6_4,21,1.0,0,0.0,0,422.3734374591004
R6_4,22,1.092017737004559,1,91.76356814839363,0,422.3734374591004
R6_4,23,1.4460915017954505,1,121.51681385488875,0,422.3734374591004
R6_4,24,1.0,0,0.0,0,422.3734374591004
R6_4,25,1.109516707606602,1,93.23402776361198,0,422.3734374591004
R6_4,26,1.092017737004559,1,91.76356814839363,0,422.3734374591004
R6_4,27,1.1335780690826063,1,95.25593300262663,0,422.3734374591004
R6_4,28,1.0051265107470613,1,84.4619935567127,0,422.3734374591004
R6_4,29,1.315161093546667,1,110.51457365960493,0,422.3734374591004
R6_4,30,0.9604430414616303,1,80.7071877143391,0,422.3734374591004
R6_4,31,1.4422842885920986,1,121.19688913535101,0,422.3734374591004
R6_4,32,1.040665604633837,1,87.44838650007,0,422.3734374591004
R6_4,33,1.1367012062899917,1,95.51837399076722,0,422.3734374591004
R6_4,34,1.0866962684728634,1,91.3163987264049,0,422.3734374591004
R6_4,35,1.040665604633837,1,87.44838650007,0,422.3734374591004
R6_4,36,1.3599079021833234,1,114.2747019840919,0,422.3734374591004
R6_4,37,1.31261510189608,1,110.30063090902784,0,422.3734374591004
R6_4,38,1.1380484008435836,1,95.63158037472854,0,422.3734374591004
R6_4,39,1.315161093546667,1,110.51457365960493,0,422.3734374591004
R6_4,40,1.0,0,0.0,0,422.3734374591004
R6_4,41,1.092017737004559,1,91.76356814839363,0,422.3734374591004
R6_4,42,1.31261510189608,1,110.30063090902784,0,422.3734374591004
R6_4,43,1.1109312250693755,1,93.35289137286824,0,422.3734374591004
R6_4,44,1.0291463679633406,1,86.48041114270066,0,422.3734374591004
R6_4,45,1.3808109066512757,0,32.0,0,422.3734374591004
R6_4,46,1.4460915017954505,1,121.51681385488875,0,422.3734374591004
R6_4,47,1.342485004546079,1,112.81063487190075,0,422.3734374591004
R6_4,48,1.2145918354085783,1,102.0636175440915,0,422.3734374591004
R6_4,49,1.0,0,0.0,0,422.3734374591004
R6_4,50,0.9090909090909083,1,76.39200606601544,1,422.3734374591004
R6_4,51,1.1373247900622676,1,95.57077448761308,0,422.3734374591004
R6_4,52,1.1380484008435836,1,95.63158037472854,0,422.3734374591004
R6_4,53,1.212396761577395,1,101.87916284132149,0,422.3734374591004
R6_4,54,1.3113538803433133,1,110.19464894006722,0,422.3734374591004
R6_4,55,1.3113538803433133,1,110.19464894006722,0,422.3734374591004
R6_4,56,1.1335780690826063,1,95.25593300262663,0,422.3734374591004
R6_4,57,1.2145918354085783,1,102.0636175440915,0,422.3734374591004
R6_4,58,1.1335780690826063,1,95.25593300262663,0,422.3734374591004
R6_4,59,1.3407461565382857,1,112.66451737558559,0,422.3734374591004
R6_4,60,1.3322935655882038,1,111.95423595854028,0,422.3734374591004
R6_4,61,0.9090909090909083,1,76.39200606601544,1,422.3734374591004
R6_4,62,1.3407461565382857,1,112.66451737558559,0,422.3734374591004
R6_4,63,1.6249413337496073,1,136.54578104719127,0,422.3734374591004
R6_4,64,0.9604430414616303,1,80.7071877143391,0,422.3734374591004
R6_5,1,0.9490222007193196,1,145.68900763641636,0,422.79218746443803
R6_5,2,0.8467574254919299,1,129.98984526935368,0,422.79218746443803
R6_5,3,2.077507215445433,0,165.41336632624453,0,422.79218746443803
R6_5,4,0.8440213185615573,1,129.56981220461515,0,422.79218746443803
R6_5,5,0.9433369697074205,1,144.8162402093957,0,422.79218746443803
R6_5,6,0.9490222007193196,1,145.68900763641636,0,422.79218746443803
R6_5,7,0.9281995907447733,1,142.49242763934944,0,422.79218746443803
R6_5,8,1.04576338035708,1,160.5402160152286,0,422.79218746443803
R6_5,9,0.9420037808045869,1,144.61157590533784,0,422.79218746443803
R6_5,10,0.887681852687102,1,136.27235286678874,0,422.79218746443803
R6_5,11,0.8654568704310623,1,132.86048788916733,0,422.79218746443803
R6_5,12,1.1376045915408266,1,174.63920643646944,0,422.79218746443803
R6_5,13,0.9314402472729668,1,142.98991656355514,0,422.79218746443803
R6_5,14,0.8946718390310942,1,137.34541962231492,0,422.79218746443803
R6_5,15,0.9420037808045869,1,144.61157590533784,0,422.79218746443803
R6_5,16,0.9650028060886164,1,148.14226798787863,0,422.79218746443803
R6_5,17,0.8237342613043594,1,126.45544750648288,1,422.79218746443803
R6_5,18,0.9528562778099268,1,146.27759543352877,0,422.79218746443803
R6_5,19,0.9314402472729668,1,142.98991656355514,0,422.79218746443803
R6_5,20,0.8965274937849728,1,137.63029019689532,0,422.79218746443803
R6_5,21,1.0092030253725515,1,154.9276583400827,0,422.79218746443803
R6_5,22,0.9663601338949874,1,148.3506379722665,0,422.79218746443803
R6_5,23,0.9420037808045869,1,144.61157590533784,0,422.79218746443803
R6_5,24,0.8946718390310942,1,137.34541962231492,0,422.79218746443803
R6_5,25,0.9068183673097838,1,139.21009217666477,0,422.79218746443803
R6_5,26,0.9090909090909101,1,139.55896110370722,0,422.79218746443803
R6_5,27,0.9090909090909101,1,139.55896110370722,0,422.79218746443803
R6_5,28,0.8440213185615573,1,129.56981220461515,0,422.79218746443803
R6_5,29,1.0799697969347726,1,165.79140917195835,0,422.79218746443803
R6_5,30,1.1376045915408266,1,174.63920643646944,0,422.79218746443803
R6_5,31,0.93687567244063,1,143.8243350820665,0,422.79218746443803
R6_5,32,0.9433369697074205,1,144.8162402093957,0,422.79218746443803
R6_5,33,0.887681852687102,1,136.27235286678874,0,422.79218746443803
R6_5,34,0.93687567244063,1,143.8243350820665,0,422.79218746443803
R6_5,35,0.8533103421523727,1,130.99581533481748,0,422.79218746443803
R6_5,36,0.9490222007193196,1,145.68900763641636,0,422.79218746443803
R6_5,37,0.9490222007193196,1,145.68900763641636,0,422.79218746443803
R6_5,38,0.9960734294425286,1,152.9120702956066,0,422.79218746443803
R6_5,39,0.887681852687102,1,136.27235286678874,0,422.79218746443803
R6_5,40,0.9490222007193196,1,145.68900763641636,0,422.79218746443803
R6_5,41,0.8654568704310623,1,132.86048788916733,0,422.79218746443803
R6_5,42,1.0222525028834806,1,156.9309470168912,0,422.79218746443803
R6_5,43,0.9528562778099268,1,146.27759543352877,0,422.79218746443803
R6_5,44,0.8237342613043594,1,126.45544750648288,1,422.79218746443803
R6_5,45,0.9433369697074205,1,144.8162402093957,0,422.79218746443803
R6_5,46,0.9090909090909101,1,139.55896110370722,0,422.79218746443803
R6_5,47,0.9960734294425286,1,152.9120702956066,0,422.79218746443803
R6_5,48,0.9528562778099268,1,146.27759543352877,0,422.79218746443803
R6_5,49,0.9528562778099268,1,146.27759543352877,0,422.79218746443803
R6_5,50,1.0014298929089325,1,153.73436701982425,0,422.79218746443803
R6_5,51,0.9960734294425286,1,152.9120702956066,0,422.79218746443803
R6_5,52,0.906776614722892,1,139.20368253424977,0,422.79218746443803
R6_5,53,1.4103837318634633,0,62.99999999999999,0,422.79218746443803
R6_5,54,0.9090909090909101,1,139.55896110370722,0,422.79218746443803
R6_5,55,0.9650028060886164,1,148.14226798787863,0,422.79218746443803
R6_5,56,0.9650028060886164,1,148.14226798787863,0,422.79218746443803
R6_5,57,0.8670444827491259,1,133.10420996748593,0,422.79218746443803
R6_5,58,0.9528562778099268,1,146.27759543352877,0,422.79218746443803
R6_5,59,0.8965274937849728,1,137.63029019689532,0,422.79218746443803
R6_5,60,0.8467574254919299,1,129.98984526935368,0,422.79218746443803
R6_5,61,0.9528562778099268,1,146.27759543352877,0,422.79218746443803
R6_5,62,0.8533103421523727,1,130.99581533481748,0,422.79218746443803
R6_5,63,0.93687567244063,1,143.8243350820665,0,422.79218746443803
R6_5,64,1.0918733058532748,1,167.6187746439285,0,422.79218746443803
R6_6,1,1.2170629324293394,1,195.07942859655276,0,406.1015624756692
R6_6,2,1.0,0,0.0,0,406.1015624756692
R6_6,3,1.2887053051387145,1,206.56277326103046,0,406.1015624756692
R6_6,4,1.020786534424289,1,163.61886353490374,0,406.1015624756692
R6_6,5,1.0542804147776028,1,168.9874988508798,0,406.1015624756692
R6_6,6,1.0050449124187963,1,161.0956853621161,0,406.1015624756692
R6_6,7,0.9970543191020447,1,159.81489672182138,0,406.1015624756692
R6_6,8,0.9770277597987338,1,156.60489858487472,0,406.1015624756692
R6_6,9,0.9232237612848238,1,147.98081431886848,0,406.1015624756692
R6_6,10,0.9770277597987338,1,156.60489858487472,0,406.1015624756692
R6_6,11,1.2051860007357984,1,193.17571023777305,0,406.1015624756692
R6_6,12,0.9886203364366946,1,158.46303851029435,0,406.1015624756692
R6_6,13,0.9180273820111076,1,147.14790200802818,0,406.1015624756692
R6_6,14,0.9690259013158489,1,155.32230428431882,0,406.1015624756692
R6_6,15,0.9242345166820574,1,148.14282532100262,0,406.1015624756692
R6_6,16,0.9172002924520939,1,147.01533026151324,0,406.1015624756692
R6_6,17,0.9180273820111076,1,147.14790200802818,0,406.1015624756692
R6_6,18,1.020786534424289,1,163.61886353490374,0,406.1015624756692
R6_6,19,1.0542804147776028,1,168.9874988508798,0,406.1015624756692
R6_6,20,0.9564007146696518,1,153.29865034561195,0,406.1015624756692
R6_6,21,0.9886203364366946,1,158.46303851029435,0,406.1015624756692
R6_6,22,0.9172002924520939,1,147.01533026151324,0,406.1015624756692
R6_6,23,1.208691546025074,1,193.73760375513274,0,406.1015624756692
R6_6,24,0.9742222805895651,1,156.1552165951591,0,406.1015624756692
R6_6,25,1.020786534424289,1,163.61886353490374,0,406.1015624756692
R6_6,26,0.9564007146696518,1,153.29865034561195,0,406.1015624756692
R6_6,27,0.9090909090909083,1,145.71550111528154,0,406.1015624756692
R6_6,28,1.277112728500752,1,204.7046333356108,0,406.1015624756692
R6_6,29,0.9690259013158489,1,155.32230428431882,0,406.1015624756692
R6_6,30,1.020786534424289,1,163.61886353490374,0,406.1015624756692
R6_6,31,1.0201885200099436,1,163.52300956783714,0,406.1015624756692
R6_6,32,0.9770277597987338,1,156.60489858487472,0,406.1015624756692
R6_6,33,0.9232237612848238,1,147.98081431886848,0,406.1015624756692
R6_6,34,0.9878589513693825,1,158.34099834300665,0,406.1015624756692
R6_6,35,1.0091939577863283,1,161.7607236094841,0,406.1015624756692
R6_6,36,0.9770277597987338,1,156.60489858487472,0,406.1015624756692
R6_6,37,0.9058953703036767,1,145.20329762599522,0,406.1015624756692
R6_6,38,1.0050449124187963,1,161.0956853621161,0,406.1015624756692
R6_6,39,1.020786534424289,1,163.61886353490374,0,406.1015624756692
R6_6,40,0.9232237612848238,1,147.98081431886848,0,406.1015624756692
R6_6,41,1.0797294616057656,1,173.06665152349902,0,406.1015624756692
R6_6,42,1.1345362134173236,1,181.8514641586935,0,406.1015624756692
R6_6,43,1.1464131451108646,1,183.7551825174732,0,406.1015624756692
R6_6,44,0.9970543191020447,1,159.81489672182138,0,406.1015624756692
R6_6,45,0.9058953703036767,1,145.20329762599522,0,406.1015624756692
R6_6,46,1.1970989693871115,1,191.8794638297131,0,406.1015624756692
R6_6,47,0.9232237612848238,1,147.98081431886848,0,406.1015624756692
R6_6,48,1.0091939577863283,1,161.7607236094841,0,406.1015624756692
R6_6,49,1.277112728500752,1,204.7046333356108,0,406.1015624756692
R6_6,50,0.9742222805895651,1,156.1552165951591,0,406.1015624756692
R6_6,51,1.0292205170896391,1,164.97072174643077,0,406.1015624756692
R6_6,52,1.0542804147776028,1,168.9874988508798,0,406.1015624756692
R6_6,53,0.9878589513693825,1,158.34099834300665,0,406.1015624756692
R6_6,54,0.9090909090909083,1,145.71550111528154,0,406.1015624756692
R6_6,55,1.2170629324293394,1,195.07942859655276,0,406.1015624756692
R6_6,56,0.9878589513693825,1,158.34099834300665,0,406.1015624756692
R6_6,57,0.9770277597987338,1,156.60489858487472,0,406.1015624756692
R6_6,58,1.2887053051387145,1,206.56277326103046,0,406.1015624756692
R6_6,59,0.9770277597987338,1,156.60489858487472,0,406.1015624756692
R6_6,60,0.9886203364366946,1,158.46303851029435,0,406.1015624756692
R6_6,61,0.9770277597987338,1,156.60489858487472,0,406.1015624756692
R6_6,62,0.9886203364366946,1,158.46303851029435,0,406.1015624756692
R6_6,63,2.883716108394051,0,301.9353003629237,0,406.1015624756692
R6_6,64,1.277112728500752,1,204.7046333356108,0,406.1015624756692
R6_7,1,1.417683942834067,1,131.87164264418837,0,455.1093747977575
R6_7,2,1.0299654635384865,1,95.80643007924682,0,455.1093747977575
R6_7,3,0.9895033597846403,1,92.04268279704753,0,455.1093747977575
R6_7,4,0.9405268703463179,1,87.48693527248568,0,455.1093747977575
R6_7,5,1.0047481312840851,1,93.46073727211507,0,455.1093747977575
R6_7,6,1.5662276268303632,1,145.68903806015905,0,455.1093747977575
R6_7,7,1.2252460562462897,1,113.97124930223133,0,455.1093747977575
R6_7,8,1.0055509431776297,1,93.53541408824958,0,455.1093747977575
R6_7,9,1.2252460562462897,1,113.97124930223133,0,455.1093747977575
R6_7,10,0.9430132646500233,1,87.71821735954624,0,455.1093747977575
R6_7,11,1.2252460562462897,1,113.97124930223133,0,455.1093747977575
R6_7,12,1.0,0,0.0,0,455.1093747977575
R6_7,13,1.0055509431776297,1,93.53541408824958,0,455.1093747977575
R6_7,14,1.05654851263205,1,98.27916059734197,0,455.1093747977575
R6_7,15,1.2894673171840587,1,119.9450513018607,0,455.1093747977575
R6_7,16,1.3654515145027428,1,127.01303071015111,0,455.1093747977575
R6_7,17,1.0444875489479113,1,97.15726096594763,0,455.1093747977575
R6_7,18,1.5332998688188972,1,142.62612861584245,0,455.1093747977575
R6_7,19,1.2651783589839365,1,117.68571498634662,0,455.1093747977575
R6_7,20,1.0444875489479113,1,97.15726096594763,0,455.1093747977575
R6_7,21,1.0444875489479113,1,97.15726096594763,0,455.1093747977575
R6_7,22,1.1087088098856803,1,103.13106296557702,0,455.1093747977575
R6_7,23,0.9405268703463179,1,87.48693527248568,0,455.1093747977575
R6_7,24,1.0,0,0.0,0,455.1093747977575
R6_7,25,1.1702618670830205,1,108.85667113333122,0,455.1093747977575
R6_7,26,0.9716285876185147,1,90.37998810451586,0,455.1093747977575
R6_7,27,0.9895033597846403,1,92.04268279704753,0,455.1093747977575
R6_7,28,1.090470868191165,1,101.43458658107569,0,455.1093747977575
R6_7,29,1.2162018695456123,1,113.12996746178476,0,455.1093747977575
R6_7,30,0.9430132646500233,1,87.71821735954624,0,455.1093747977575
R6_7,31,1.1005859435607839,1,102.37548149013068,0,455.1093747977575
R6_7,32,1.0299654635384865,1,95.80643007924682,0,455.1093747977575
R6_7,33,0.9716285876185147,1,90.37998810451586,0,455.1093747977575
R6_7,34,1.083150275713752,1,100.75363187321942,0,455.1093747977575
R6_7,35,1.0,0,0.0,0,455.1093747977575
R6_7,36,1.083150275713752,1,100.75363187321942,0,455.1093747977575
R6_7,37,1.0,0,0.0,0,455.1093747977575
R6_7,38,0.9090909090909083,1,84.56279137581254,1,455.1093747977575
R6_7,39,1.34584716223603,1,125.18945208428435,0,455.1093747977575
R6_7,40,0.9405268703463179,1,87.48693527248568,0,455.1093747977575
R6_7,41,1.2651783589839365,1,117.68571498634662,0,455.1093747977575
R6_7,42,1.357376077450386,1,126.26186106155136,0,455.1093747977575
R6_7,43,1.0055509431776297,1,93.53541408824958,0,455.1093747977575
R6_7,44,1.0861850968994506,1,101.0359281190876,0,455.1093747977575
R6_7,45,1.0047481312840851,1,93.46073727211507,0,455.1093747977575
R6_7,46,0.9716285876185147,1,90.37998810451586,0,455.1093747977575
R6_7,47,1.2639087830121305,1,117.56762020950309,0,455.1093747977575
R6_7,48,1.0759071317911086,1,100.0798813579405,0,455.1093747977575
R6_7,49,1.6590012858681646,1,154.31875759198186,0,455.1093747977575
R6_7,50,1.0759071317911086,1,100.0798813579405,0,455.1093747977575
R6_7,51,1.0055509431776297,1,93.53541408824958,0,455.1093747977575
R6_7,52,1.0055509431776297,1,93.53541408824958,0,455.1093747977575
R6_7,53,1.0861850968994506,1,101.0359281190876,0,455.1093747977575
R6_7,54,1.078941952976809,1,100.36217760380866,0,455.1093747977575
R6_7,55,1.05654851263205,1,98.27916059734197,0,455.1093747977575
R6_7,56,1.3654515145027428,1,127.01303071015111,0,455.1093747977575
R6_7,57,1.0055509431776297,1,93.53541408824958,0,455.1093747977575
R6_7,58,1.1702618670830205,1,108.85667113333122,0,455.1093747977575
R6_7,59,1.164807204498553,1,108.34928348976007,0,455.1093747977575
R6_7,60,0.9716285876185147,1,90.37998810451586,0,455.1093747977575
R6_7,61,1.0299654635384865,1,95.80643007924682,0,455.1093747977575
R6_7,62,1.05654851263205,1,98.27916059734197,0,455.1093747977575
R6_7,63,1.1005859435607839,1,102.37548149013068,0,455.1093747977575
R6_7,64,0.9090909090909083,1,84.56279137581254,1,455.1093747977575
R6_8,1,1.0964034021478426,1,105.90742603481179,0,509.15625001834997
R6_8,2,0.9171281635559438,1,88.59027886630585,0,509.15625001834997
R6_8,3,1.3067690180987288,1,126.2277578286945,0,509.15625001834997
R6_8,4,1.0,0,0.0,0,509.15625001834997
R6_8,5,0.9594834283025673,1,92.68159877606747,0,509.15625001834997
R6_8,6,1.5827644827136478,1,152.8876251707576,0,509.15625001834997
R6_8,7,0.9514461738375335,1,91.90523769299242,0,509.15625001834997
R6_8,8,0.9594834283025673,1,92.68159877606747,0,509.15625001834997
R6_8,9,1.79230242951051,1,173.1280080064928,0,509.15625001834997
R6_8,10,1.7848542792161277,0,75.81324206159219,0,509.15625001834997
R6_8,11,1.0,0,0.0,0,509.15625001834997
R6_8,12,0.9514461738375335,1,91.90523769299242,0,509.15625001834997
R6_8,13,1.3786281059159275,1,133.16900866120776,0,509.15625001834997
R6_8,14,0.9594834283025673,1,92.68159877606747,0,509.15625001834997
R6_8,15,1.2889461335182908,1,124.50615077536723,0,509.15625001834997
R6_8,16,1.464211679106656,1,141.43598040694997,0,509.15625001834997
R6_8,17,0.9090909090909101,1,87.81391778323079,1,509.15625001834997
R6_8,18,1.8665217567237882,1,180.2972468941095,0,509.15625001834997
R6_8,19,1.0,0,0.0,0,509.15625001834997
R6_8,20,1.0,0,0.0,0,509.15625001834997
R6_8,21,1.2545652035784691,1,121.185114204816,0,509.15625001834997
R6_8,22,1.3067690180987288,1,126.2277578286945,0,509.15625001834997
R6_8,23,1.5622614848725984,1,150.90713174736143,0,509.15625001834997
R6_8,24,1.484070347661826,0,46.75892508196309,0,509.15625001834997
R6_8,25,1.5879820765672399,1,153.39162026421178,0,509.15625001834997
R6_8,26,1.3148062725637644,1,127.00411891176954,0,509.15625001834997
R6_8,27,0.9594834283025673,1,92.68159877606747,0,509.15625001834997
R6_8,28,0.9514461738375335,1,91.90523769299242,0,509.15625001834997
R6_8,29,0.9594834283025673,1,92.68159877606747,0,509.15625001834997
R6_8,30,0.9594834283025673,1,92.68159877606747,0,509.15625001834997
R6_8,31,1.0,0,0.0,0,509.15625001834997
R6_8,32,1.4762586265752233,1,142.5996590269482,0,509.15625001834997
R6_8,33,1.254138640398006,1,121.1439102023517,0,509.15625001834997
R6_8,34,1.0,0,0.0,0,509.15625001834997
R6_8,35,1.5060855563083422,1,145.48080053778938,0,509.15625001834997
R6_8,36,1.0964034021478426,1,105.90742603481179,0,509.15625001834997
R6_8,37,0.9514461738375335,1,91.90523769299242,0,509.15625001834997
R6_8,38,0.9514461738375335,1,91.90523769299242,0,509.15625001834997
R6_8,39,1.2374673314977187,1,119.53353995833221,0,509.15625001834997
R6_8,40,1.519653739627124,1,146.791423405655,0,509.15625001834997
R6_8,41,0.9090909090909101,1,87.81391778323079,1,509.15625001834997
R6_8,42,1.0964034021478426,1,105.90742603481179,0,509.15625001834997
R6_8,43,1.5827644827136478,1,152.8876251707576,0,509.15625001834997
R6_8,44,0.9090909090909101,1,87.81391778323079,1,509.15625001834997
R6_8,45,1.3067690180987288,1,126.2277578286945,0,509.15625001834997
R6_8,46,0.9594834283025673,1,92.68159877606747,0,509.15625001834997
R6_8,47,1.2889461335182908,1,124.50615077536723,0,509.15625001834997
R6_8,48,1.2374673314977187,1,119.53353995833221,0,509.15625001834997
R6_8,49,1.2545652035784691,1,121.185114204816,0,509.15625001834997
R6_8,50,1.3786281059159275,1,133.16900866120776,0,509.15625001834997
R6_8,51,1.2889461335182908,1,124.50615077536723,0,509.15625001834997
R6_8,52,0.9514461738375335,1,91.90523769299242,0,509.15625001834997
R6_8,53,0.9594834283025673,1,92.68159877606747,0,509.15625001834997
R6_8,54,1.0,0,0.0,0,509.15625001834997
R6_8,55,1.5325491067736206,1,148.03705538708073,0,509.15625001834997
R6_8,56,1.5803048835216185,1,152.65003942540605,0,509.15625001834997
R6_8,57,1.0843564546792734,1,104.74374741481353,0,509.15625001834997
R6_8,58,1.229430077032685,1,118.75717887525717,0,509.15625001834997
R6_8,59,1.464211679106656,1,141.43598040694997,0,509.15625001834997
R6_8,60,0.9514461738375335,1,91.90523769299242,0,509.15625001834997
R6_8,61,1.0,0,0.0,0,509.15625001834997
R6_8,62,0.9090909090909101,1,87.81391778323079,1,509.15625001834997
R6_8,63,0.9514461738375335,1,91.90523769299242,0,509.15625001834997
R6_8,64,1.3148062725637644,1,127.00411891176954,0,509.15625001834997
R6_9,1,0.9217327305530851,1,127.96128924056876,0,509.15937504214526
R6_9,2,1.0150164331882543,1,140.9115756507817,0,509.15937504214526
R6_9,3,0.9090909090909083,1,126.20626447142719,1,509.15937504214526
R6_9,4,1.222422989627681,1,169.70518303739428,0,509.15937504214526
R6_9,5,1.2864899531266971,1,178.599400390556,0,509.15937504214526
R6_9,6,1.257323156659115,0,35.723373800337015,0,509.15937504214526
R6_9,7,1.2732241284002086,1,176.75774718830695,0,509.15937504214526
R6_9,8,1.4068139442087055,1,195.30360597538507,0,509.15937504214526
R6_9,9,0.9696960420913623,1,134.61988665958643,0,509.15937504214526
R6_9,10,1.180578900654428,1,163.8960982619175,0,509.15937504214526
R6_9,11,1.3150682173734616,1,182.56683196378373,0,509.15937504214526
R6_9,12,1.222422989627681,1,169.70518303739428,0,509.15937504214526
R6_9,13,1.232170406081556,1,171.0583865581742,0,509.15937504214526
R6_9,14,0.9696960420913623,1,134.61988665958643,0,509.15937504214526
R6_9,15,1.2128013558094821,1,168.3694415288565,0,509.15937504214526
R6_9,16,1.126291455671911,1,156.35954105908166,0,509.15937504214526
R6_9,17,1.0,0,0.0,0,509.15937504214526
R6_9,18,1.0,0,0.0,0,509.15937504214526
R6_9,19,0.9696960420913623,1,134.61988665958643,0,509.15937504214526
R6_9,20,1.2732241284002086,1,176.75774718830695,0,509.15937504214526
R6_9,21,1.0,0,0.0,0,509.15937504214526
R6_9,22,0.9217327305530851,1,127.96128924056876,0,509.15937504214526
R6_9,23,1.0629797447265315,1,147.57017306979938,0,509.15937504214526
R6_9,24,1.4068139442087055,1,195.30360597538507,0,509.15937504214526
R6_9,25,1.0,0,0.0,0,509.15937504214526
R6_9,26,1.0,0,0.0,0,509.15937504214526
R6_9,27,0.9696960420913623,1,134.61988665958643,0,509.15937504214526
R6_9,28,1.0,0,0.0,0,509.15937504214526
R6_9,29,1.0,0,0.0,0,509.15937504214526
R6_9,30,0.9696960420913623,1,134.61988665958643,0,509.15937504214526
R6_9,31,1.4068139442087055,1,195.30360597538507,0,509.15937504214526
R6_9,32,1.0115401310646135,1,140.4289714350632,0,509.15937504214526
R6_9,33,1.039838338530469,1,144.35752359611664,0,509.15937504214526
R6_9,34,1.126291455671911,1,156.35954105908166,0,509.15937504214526
R6_9,35,2.6722086076185363,0,232.14752196295234,0,509.15937504214526
R6_9,36,1.222422989627681,1,169.70518303739428,0,509.15937504214526
R6_9,37,1.5872943789100713,1,220.3591435966076,0,509.15937504214526
R6_9,38,1.257323156659115,0,35.723373800337015,0,509.15937504214526
R6_9,39,1.0023746117260792,1,139.1565508816402,0,509.15937504214526
R6_9,40,0.9217327305530851,1,127.96128924056876,0,509.15937504214526
R6_9,41,1.495670710987314,1,207.63931464433574,0,509.15937504214526
R6_9,42,1.232170406081556,1,171.0583865581742,0,509.15937504214526
R6_9,43,1.2128013558094821,1,168.3694415288565,0,509.15937504214526
R6_9,44,1.0,0,0.0,0,509.15937504214526
R6_9,45,0.9090909090909083,1,126.20626447142719,1,509.15937504214526
R6_9,46,0.9696960420913623,1,134.61988665958643,0,509.15937504214526
R6_9,47,1.5872943789100713,1,220.3591435966076,0,509.15937504214526
R6_9,48,1.126291455671911,1,156.35954105908166,0,509.15937504214526
R6_9,49,1.232170406081556,1,171.0583865581742,0,509.15937504214526
R6_9,50,0.9090909090909083,1,126.20626447142719,1,509.15937504214526
R6_9,51,1.1048238336997844,1,153.37925784527616,0,509.15937504214526
R6_9,52,0.9090909090909083,1,126.20626447142719,1,509.15937504214526
R6_9,53,1.039838338530469,1,144.35752359611664,0,509.15937504214526
R6_9,54,1.4068139442087055,1,195.30360597538507,0,509.15937504214526
R6_9,55,0.9090909090909083,1,126.20626447142719,1,509.15937504214526
R6_9,56,1.0629797447265315,1,147.57017306979938,0,509.15937504214526
R6_9,57,0.9696960420913623,1,134.61988665958643,0,509.15937504214526
R6_9,58,1.3121476480006518,1,182.1613783980445,0,509.15937504214526
R6_9,59,0.9217327305530851,1,127.96128924056876,0,509.15937504214526
R6_9,60,1.180578900654428,1,163.8960982619175,0,509.15937504214526
R6_9,61,1.4068139442087055,1,195.30360597538507,0,509.15937504214526
R6_9,62,0.9696960420913623,1,134.61988665958643,0,509.15937504214526
R6_9,63,1.299131774588874,1,180.35442515969757,0,509.15937504214526
R6_9,64,1.0,0,0.0,0,509.15937504214526
R7_0,1,1.077602205881794,1,118.3608497917426,0,861.0484374003136
R7_0,2,2.6446694221911144,0,180.6459465046674,0,861.0484374003136
R7_0,3,1.077602205881794,1,118.3608497917426,0,861.0484374003136
R7_0,4,1.060956979559231,1,116.5325841091363,0,861.0484374003136
R7_0,5,1.2808811082039746,1,140.68844293535292,0,861.0484374003136
R7_0,6,1.1815519638307617,1,129.77840407970723,0,861.0484374003136
R7_0,7,1.0661857918237043,1,117.10690240548588,0,861.0484374003136
R7_0,8,1.1584907850870838,1,127.24542790500865,0,861.0484374003136
R7_0,9,1.1464453060821018,1,125.92238576255924,0,861.0484374003136
R7_0,10,1.0445825484618165,1,114.73406182608255,0,861.0484374003136
R7_0,11,1.009879180251943,1,110.92233971792726,0,861.0484374003136
R7_0,12,1.1412639594745944,1,125.35328096286324,0,861.0484374003136
R7_0,13,1.1806402756292247,1,129.6782667658725,0,861.0484374003136
R7_0,14,1.1192170670232855,1,122.9317111929047,0,861.0484374003136
R7_0,15,1.0494115519627005,1,115.26446623217252,0,861.0484374003136
R7_0,16,1.060956979559231,1,116.5325841091363,0,861.0484374003136
R7_0,17,1.1454142961638123,1,125.80914248094153,0,861.0484374003136
R7_0,18,1.1307098402014883,1,124.19404565399908,0,861.0484374003136
R7_0,19,1.0731400860277542,1,117.87074287203312,0,861.0484374003136
R7_0,20,0.9071950610799,1,99.64379969733218,1,861.0484374003136
R7_0,21,1.33404285616969,1,146.52758249101808,0,861.0484374003136
R7_0,22,1.1665424633006403,1,128.1298020000176,0,861.0484374003136
R7_0,23,0.9624635858237749,1,105.7143417950703,0,861.0484374003136
R7_0,24,1.2235833534448908,1,134.39501581778813,0,861.0484374003136
R7_0,25,1.1015788677072873,1,120.99438009944292,0,861.0484374003136
R7_0,26,1.1015788677072873,1,120.99438009944292,0,861.0484374003136
R7_0,27,1.2672123990010231,1,139.18710967156886,0,861.0484374003136
R7_0,28,1.2660217058602274,1,139.0563272258607,0,861.0484374003136
R7_0,29,0.9624635858237749,1,105.7143417950703,0,861.0484374003136
R7_0,30,1.1454142961638123,1,125.80914248094153,0,861.0484374003136
R7_0,31,1.2586900111935506,1,138.2510341349361,0,861.0484374003136
R7_0,32,1.1412639594745944,1,125.35328096286324,0,861.0484374003136
R7_0,33,1.0165334072868593,1,111.65322163544856,0,861.0484374003136
R7_0,34,1.160386633098092,1,127.45366261391527,0,861.0484374003136
R7_0,35,1.1340815282844776,1,124.56438255991564,0,861.0484374003136
R7_0,36,0.9624635858237749,1,105.7143417950703,0,861.0484374003136
R7_0,37,0.9825659331166197,1,107.92232809595475,0,861.0484374003136
R7_0,38,1.1209971479157321,1,123.12723036127504,0,861.0484374003136
R7_0,39,1.0661857918237043,1,117.10690240548588,0,861.0484374003136
R7_0,40,0.9156638780702,1,100.57399116337722,0,861.0484374003136
R7_0,41,1.0899143258887563,1,119.71317904534644,0,861.0484374003136
R7_0,42,0.9643594338347832,1,105.92257650397688,0,861.0484374003136
R7_0,43,1.0,0,0.0,0,861.0484374003136
R7_0,44,1.0237354991914245,1,112.44427951696531,0,861.0484374003136
R7_0,45,1.2215198800947373,1,134.1683696046369,0,861.0484374003136
R7_0,46,1.0732428091651354,1,117.8820256977059,0,861.0484374003136
R7_0,47,1.1027551882095512,1,121.12358389423417,0,861.0484374003136
R7_0,48,1.0445825484618165,1,114.73406182608255,0,861.0484374003136
R7_0,49,1.0206362255715078,1,112.10386386322192,0,861.0484374003136
R7_0,50,1.0732428091651354,1,117.8820256977059,0,861.0484374003136
R7_0,51,1.0110582104103116,1,111.05184113386066,0,861.0484374003136
R7_0,52,1.1477093443169757,1,126.06122423081062,0,861.0484374003136
R7_0,53,1.0731400860277542,1,117.87074287203312,0,861.0484374003136
R7_0,54,1.0,0,0.0,0,861.0484374003136
R7_0,55,1.1720332885267997,1,128.73289907635873,0,861.0484374003136
R7_0,56,1.0817330939954672,1,118.8145751320029,0,861.0484374003136
R7_0,57,0.9208926903346732,1,101.14830945972678,0,861.0484374003136
R7_0,58,1.1805209539124721,1,129.66516079808954,0,861.0484374003136
R7_0,59,1.017712437445228,1,111.78272305138198,0,861.0484374003136
R7_0,60,0.9795926993245185,1,107.59575630875739,0,861.0484374003136
R7_0,61,1.270139255451884,1,139.5085874997056,0,861.0484374003136
R7_0,62,1.135977376295486,1,124.77261726882226,0,861.0484374003136
R7_0,63,1.1477093443169757,1,126.06122423081062,0,861.0484374003136
R7_0,64,1.0225320735825143,1,112.31209857212853,0,861.0484374003136
R7_1,1,1.0407269192720108,1,99.53278110041859,0,723.8718749249529
R7_1,2,2.68844848256402,0,161.47941415019218,0,723.8718749249529
R7_1,3,0.9412866131480833,1,90.02253394652092,0,723.8718749249529
R7_1,4,1.3171192863680279,1,125.96632525361271,0,723.8718749249529
R7_1,5,1.0128635364120946,1,96.86798985157398,0,723.8718749249529
R7_1,6,1.1097058271138973,1,106.1297686555931,0,723.8718749249529
R7_1,7,1.0520947066427073,1,100.61997070896196,0,723.8718749249529
R7_1,8,1.0,0,0.0,0,723.8718749249529
R7_1,9,2.4509209316050544,0,138.76281357311242,0,723.8718749249529
R7_1,10,1.3802070043660066,1,131.99989266629217,0,723.8718749249529
R7_1,11,1.052859212905382,1,100.69308636791492,0,723.8718749249529
R7_1,12,1.1896941065977842,1,113.77966774539252,0,723.8718749249529
R7_1,13,1.0982851339853923,1,105.0375192594022,0,723.8718749249529
R7_1,14,1.0346736443492919,1,98.95385950565003,0,723.8718749249529
R7_1,15,1.220241235500568,1,116.7011264278046,0,723.8718749249529
R7_1,16,0.999775191149519,1,95.61624995721449,0,723.8718749249529
R7_1,17,0.9406410497558859,1,89.96079371609909,0,723.8718749249529
R7_1,18,1.0,0,0.0,0,723.8718749249529
R7_1,19,0.9344341776589165,1,89.36718243315268,0,723.8718749249529
R7_1,20,2.432593188673632,0,137.00998947345886,0,723.8718749249529
R7_1,21,1.3752660419544238,1,131.52735013757453,0,723.8718749249529
R7_1,22,0.9406410497558859,1,89.96079371609909,0,723.8718749249529
R7_1,23,0.9285402489397008,1,88.80350035078527,0,723.8718749249529
R7_1,24,1.0270760323284822,1,98.22724098531607,0,723.8718749249529
R7_1,25,0.9218372732992908,1,88.16244284109273,0,723.8718749249529
R7_1,26,0.9216878134505357,1,88.148148837417,0,723.8718749249529
R7_1,27,1.13155169521675,1,108.21905833145816,0,723.8718749249529
R7_1,28,1.0710479429480575,1,102.43261558764404,0,723.8718749249529
R7_1,29,1.1395315954663978,1,108.98223803791493,0,723.8718749249529
R7_1,30,1.0,0,0.0,0,723.8718749249529
R7_1,31,0.955871133187344,1,91.41736463038353,0,723.8718749249529
R7_1,32,1.235058299116309,1,118.11819705613833,0,723.8718749249529
R7_1,33,0.9490186976981789,1,90.76201311701527,0,723.8718749249529
R7_1,34,1.0,0,0.0,0,723.8718749249529
R7_1,35,1.1811759287550032,1,112.96500838096215,0,723.8718749249529
R7_1,36,1.2373910820907916,1,118.34129917145226,0,723.8718749249529
R7_1,37,1.235058299116309,1,118.11819705613833,0,723.8718749249529
R7_1,38,1.0149752315122988,1,97.06994762000228,0,723.8718749249529
R7_1,39,1.1584848317717498,1,110.794882916597,0,723.8718749249529
R7_1,40,1.078877639015296,1,103.1814301040287,0,723.8718749249529
R7_1,41,1.0,0,0.0,0,723.8718749249529
R7_1,42,1.301606900229455,1,124.48275554355322,0,723.8718749249529
R7_1,43,1.0,0,0.0,0,723.8718749249529
R7_1,44,1.0394978022830834,1,99.415231116902,0,723.8718749249529
R7_1,45,1.1601431378566307,1,110.95347957964793,0,723.8718749249529
R7_1,46,0.999775191149519,1,95.61624995721449,0,723.8718749249529
R7_1,47,1.3240321528722312,1,126.62745625329978,0,723.8718749249529
R7_1,48,1.3003429737626337,1,124.3618764598861,0,723.8718749249529
R7_1,49,1.1705435204498649,1,111.94814877177097,0,723.8718749249529
R7_1,50,0.9933672789043406,1,95.00341164679952,0,723.8718749249529
R7_1,51,1.2402448761186964,1,118.61422961172947,0,723.8718749249529
R7_1,52,0.9933672789043406,1,95.00341164679952,0,723.8718749249529
R7_1,53,1.197617920037759,1,114.53748343555792,0,723.8718749249529
R7_1,54,1.0799573910539682,1,103.28469515974864,0,723.8718749249529
R7_1,55,0.9218372732992908,1,88.16244284109273,0,723.8718749249529
R7_1,56,1.277386758584079,1,122.16639568779321,0,723.8718749249529
R7_1,57,1.0909784398314812,1,104.33872346934254,0,723.8718749249529
R7_1,58,1.182387836606301,1,113.08091252127349,0,723.8718749249529
R7_1,59,0.9364217933385497,1,89.55727352495532,0,723.8718749249529
R7_1,60,1.18158948800086,1,113.00456025679773,0,723.8718749249529
R7_1,61,2.867649373651549,0,178.61778420224323,0,723.8718749249529
R7_1,62,1.1110278078881333,1,106.25619992260883,0,723.8718749249529
R7_1,63,0.9679719340035291,1,92.57465799569736,0,723.8718749249529
R7_1,64,1.2078534368604217,1,115.51638523630332,0,723.8718749249529
R7_2,1,1.0004875498508117,1,138.34105851042324,0,725.5796874687803
R7_2,2,1.0579535951628802,1,146.28709795695596,0,725.5796874687803
R7_2,3,1.2151504973459595,1,168.02328632412738,0,725.5796874687803
R7_2,4,0.9447636660693206,1,130.63591408579472,0,725.5796874687803
R7_2,5,1.2300456631297791,1,170.08289516336689,0,725.5796874687803
R7_2,6,1.0657163935944105,1,147.3604883776375,0,725.5796874687803
R7_2,7,1.1775102469463974,1,162.81863176980593,0,725.5796874687803
R7_2,8,0.9910555104871719,1,137.0368560646534,0,725.5796874687803
R7_2,9,0.9403992525564355,1,130.03243072886548,0,725.5796874687803
R7_2,10,1.1725258417819369,1,162.12941990844973,0,725.5796874687803
R7_2,11,1.2181864414941508,1,168.44307738209864,0,725.5796874687803
R7_2,12,1.2151504973459595,1,168.02328632412738,0,725.5796874687803
R7_2,13,1.2774921221971383,1,176.6434899163235,0,725.5796874687803
R7_2,14,1.207948999227737,1,167.02750894270514,0,725.5796874687803
R7_2,15,1.0259232802657294,1,141.8581496227616,0,725.5796874687803
R7_2,16,1.6095363713224558,1,222.55645795190276,0,725.5796874687803
R7_2,17,0.9403992525564355,1,130.03243072886548,0,725.5796874687803
R7_2,18,1.1154734165107243,1,154.24057321187317,0,725.5796874687803
R7_2,19,1.1154734165107243,1,154.24057321187317,0,725.5796874687803
R7_2,20,0.9801923658851166,1,135.53476948374137,0,725.5796874687803
R7_2,21,1.610205446772035,1,222.64897345190258,0,725.5796874687803
R7_2,22,1.3392559114490474,1,185.18379407502894,0,725.5796874687803
R7_2,23,1.6207631122295183,1,224.10882031856767,0,725.5796874687803
R7_2,24,0.9488840224195911,1,131.20565076969592,0,725.5796874687803
R7_2,25,0.9606944365221306,1,132.83871975554737,0,725.5796874687803
R7_2,26,1.2548246006941266,1,173.50916913541843,0,725.5796874687803
R7_2,27,1.179477740367549,1,163.0906842531527,0,725.5796874687803
R7_2,28,1.0004875498508117,1,138.34105851042324,0,725.5796874687803
R7_2,29,1.1661091501628995,1,161.2421605808899,0,725.5796874687803
R7_2,30,1.179477740367549,1,163.0906842531527,0,725.5796874687803
R7_2,31,1.0259232802657294,1,141.8581496227616,0,725.5796874687803
R7_2,32,1.0,0,0.0,0,725.5796874687803
R7_2,33,1.0657163935944105,1,147.3604883776375,0,725.5796874687803
R7_2,34,1.2255335406789332,1,169.45898755345002,0,725.5796874687803
R7_2,35,0.9488840224195911,1,131.20565076969592,0,725.5796874687803
R7_2,36,1.4175919881563175,1,196.01560879661483,0,725.5796874687803
R7_2,37,1.381919231177907,1,191.08300672564016,0,725.5796874687803
R7_2,38,1.025074496467198,1,141.7407851946358,0,725.5796874687803
R7_2,39,1.0677219387722676,1,147.63780241601484,0,725.5796874687803
R7_2,40,0.9090909090909101,1,125.70331201482003,1,725.5796874687803
R7_2,41,1.123937662095317,1,155.41095528593243,0,725.5796874687803
R7_2,42,0.9652065589729784,1,133.46262736546424,0,725.5796874687803
R7_2,43,0.9090909090909101,1,125.70331201482003,1,725.5796874687803
R7_2,44,0.9910555104871719,1,137.0368560646534,0,725.5796874687803
R7_2,45,0.9606944365221306,1,132.83871975554737,0,725.5796874687803
R7_2,46,1.025074496467198,1,141.7407851946358,0,725.5796874687803
R7_2,47,0.9311875729929522,1,128.7586982354818,0,725.5796874687803
R7_2,48,1.3277771044841433,1,183.59657761621483,0,725.5796874687803
R7_2,49,1.21927085369623,1,168.59302300802855,0,725.5796874687803
R7_2,50,1.288607129575274,1,178.18040248087448,0,725.5796874687803
R7_2,51,1.6203611921870635,1,224.05324537001593,0,725.5796874687803
R7_2,52,1.2774921221971383,1,176.6434899163235,0,725.5796874687803
R7_2,53,1.3226261155552983,1,182.88433161085692,0,725.5796874687803
R7_2,54,0.9403992525564355,1,130.03243072886548,0,725.5796874687803
R7_2,55,0.9744182385364581,1,134.73635985884792,0,725.5796874687803
R7_2,56,0.9090909090909101,1,125.70331201482003,1,725.5796874687803
R7_2,57,1.3584590028770247,1,187.83907548779095,0,725.5796874687803
R7_2,58,1.0,0,0.0,0,725.5796874687803
R7_2,59,1.5678195841422067,1,216.78812580521034,0,725.5796874687803
R7_2,60,0.9403992525564355,1,130.03243072886548,0,725.5796874687803
R7_2,61,1.631587933094126,1,225.60560773668084,0,725.5796874687803
R7_2,62,0.9652065589729784,1,133.46262736546424,0,725.5796874687803
R7_2,63,1.4074035633626742,0,56.33317496546051,0,725.5796874687803
R7_2,64,1.0,0,0.0,0,725.5796874687803
R7_3,1,0.9727697288271138,1,129.84764607062576,0,713.4468748972722
R7_3,2,1.1853471854076751,1,158.22299691336582,0,713.4468748972722
R7_3,3,0.9687921463237856,1,129.31670877909258,0,713.4468748972722
R7_3,4,1.1022928920268171,1,147.1367098178922,0,713.4468748972722
R7_3,5,1.262202212067887,1,168.48179095762126,0,713.4468748972722
R7_3,6,1.1232970106155271,1,149.940390150154,0,713.4468748972722
R7_3,7,1.0897249372726776,1,145.45910895060914,0,713.4468748972722
R7_3,8,1.006186307404386,1,134.30817145439204,0,713.4468748972722
R7_3,9,1.1363282322808086,1,151.6798290003963,0,713.4468748972722
R7_3,10,1.028712293473669,1,137.31499432298895,0,713.4468748972722
R7_3,11,1.1363282322808086,1,151.6798290003963,0,713.4468748972722
R7_3,12,1.1443059393331296,1,152.74471255000438,0,713.4468748972722
R7_3,13,1.177624107905011,1,157.19210192925607,0,713.4468748972722
R7_3,14,1.2173280253182686,1,162.49187644229505,0,713.4468748972722
R7_3,15,1.073041190772619,1,143.23212228925013,0,713.4468748972722
R7_3,16,1.067186547510591,1,142.45063040722573,0,713.4468748972722
R7_3,17,2.477159113885424,0,197.17475588087774,0,713.4468748972722
R7_3,18,1.0063671139729635,1,134.33230595059237,0,713.4468748972722
R7_3,19,0.9379876594751693,1,125.20485168982142,0,713.4468748972722
R7_3,20,0.9406178372600369,1,125.55593415465486,0,713.4468748972722
R7_3,21,1.0030638920900952,1,133.8913839387029,0,713.4468748972722
R7_3,22,1.133819820195944,1,151.3450001144402,0,713.4468748972722
R7_3,23,1.133819820195944,1,151.3450001144402,0,713.4468748972722
R7_3,24,1.1663956348520585,1,155.69329830524592,0,713.4468748972722
R7_3,25,1.0422367039240061,1,139.12026519997895,0,713.4468748972722
R7_3,26,1.2726396516460383,1,169.87500552841377,0,713.4468748972722
R7_3,27,1.0336202453785148,1,137.97011956279331,0,713.4468748972722
R7_3,28,1.2748866582767384,1,170.17494138481965,0,713.4468748972722
R7_3,29,0.9541422477103723,1,127.3612050316449,0,713.4468748972722
R7_3,30,0.9687921463237856,1,129.31670877909258,0,713.4468748972722
R7_3,31,0.991979888795715,1,132.41186448598523,0,713.4468748972722
R7_3,32,1.067186547510591,1,142.45063040722573,0,713.4468748972722
R7_3,33,0.989184337016292,1,132.0387075020976,0,713.4468748972722
R7_3,34,0.9379876594751693,1,125.20485168982142,0,713.4468748972722
R7_3,35,1.0030638920900952,1,133.8913839387029,0,713.4468748972722
R7_3,36,1.0338683789387098,1,138.00324102797404,0,713.4468748972722
R7_3,37,1.067186547510591,1,142.45063040722573,0,713.4468748972722
R7_3,38,1.0727930572124258,1,143.19900082406937,0,713.4468748972722
R7_3,39,1.1049879287324291,1,147.4964498076629,0,713.4468748972722
R7_3,40,1.1634029460353084,1,155.29382699486138,0,713.4468748972722
R7_3,41,1.1012328644295746,1,146.99521478140713,0,713.4468748972722
R7_3,42,1.2470288386716035,1,166.45641253550136,0,713.4468748972722
R7_3,43,1.0,0,0.0,0,713.4468748972722
R7_3,44,0.9509386427211695,1,126.93358012262381,0,713.4468748972722
R7_3,45,1.213558896207953,1,161.988764011668,0,713.4468748972722
R7_3,46,0.9620382166740136,1,128.4151779843312,0,713.4468748972722
R7_3,47,1.1049879287324291,1,147.4964498076629,0,713.4468748972722
R7_3,48,1.2143551950883982,1,162.09505590391177,0,713.4468748972722
R7_3,49,1.3357914799474617,1,178.30466365509386,0,713.4468748972722
R7_3,50,1.006186307404386,1,134.30817145439204,0,713.4468748972722
R7_3,51,1.1811602981084945,1,157.66412111362555,0,713.4468748972722
R7_3,52,1.3024530121353592,1,173.85456468437212,0,713.4468748972722
R7_3,53,1.0338683789387098,1,138.00324102797404,0,713.4468748972722
R7_3,54,1.0366253300026518,1,138.3712454953999,0,713.4468748972722
R7_3,55,1.1022928920268171,1,147.1367098178922,0,713.4468748972722
R7_3,56,1.2049340252915854,1,160.83749547095843,0,713.4468748972722
R7_3,57,0.9727697288271138,1,129.84764607062576,0,713.4468748972722
R7_3,58,1.1510356186856097,1,153.6430063566829,0,713.4468748972722
R7_3,59,1.0749096250132553,1,143.48152539133548,0,713.4468748972722
R7_3,60,1.2333555790204613,1,164.6312729087226,0,713.4468748972722
R7_3,61,1.1811602981084945,1,157.66412111362555,0,713.4468748972722
R7_3,62,1.1510356186856097,1,153.6430063566829,0,713.4468748972722
R7_3,63,0.9755626271243489,1,130.22044886132122,0,713.4468748972722
R7_3,64,1.1732472615795118,1,156.60786994121463,0,713.4468748972722
R7_4,1,0.919349888305165,1,125.6064920422888,0,716.1500000165688
R7_4,2,1.1144301327465307,1,152.2593969729723,0,716.1500000165688
R7_4,3,1.3687470039431258,1,187.0055262372764,0,716.1500000165688
R7_4,4,1.271171227214463,1,173.6742024626218,0,716.1500000165688
R7_4,5,1.6438461595847311,1,224.59104220186637,0,716.1500000165688
R7_4,6,1.1234856648972027,1,153.49661214152914,0,716.1500000165688
R7_4,7,1.191477208340416,1,162.78597995358876,0,716.1500000165688
R7_4,8,1.191477208340416,1,162.78597995358876,0,716.1500000165688
R7_4,9,1.0,0,0.0,0,716.1500000165688
R7_4,10,1.1856594352825454,1,161.99112472535336,0,716.1500000165688
R7_4,11,1.0607720586005698,1,144.92834429220903,0,716.1500000165688
R7_4,12,2.4512265897402905,0,198.2743277772232,0,716.1500000165688
R7_4,13,1.195918414496802,1,163.3927612594187,0,716.1500000165688
R7_4,14,1.0586841798254252,1,144.64308714246465,0,716.1500000165688
R7_4,15,1.0790261105171304,1,147.42231036101867,0,716.1500000165688
R7_4,16,1.6438461595847311,1,224.59104220186637,0,716.1500000165688
R7_4,17,1.6438461595847311,1,224.59104220186637,0,716.1500000165688
R7_4,18,1.3863904481750051,1,189.41606782291342,0,716.1500000165688
R7_4,19,1.4234790736529312,1,194.48331392824622,0,716.1500000165688
R7_4,20,1.584843587522311,1,216.5297956704775,0,716.1500000165688
R7_4,21,1.0436272205807722,1,142.58592495035197,0,716.1500000165688
R7_4,22,1.3285142326188915,1,181.50871013335248,0,716.1500000165688
R7_4,23,1.0333682413665155,1,141.18428841628662,0,716.1500000165688
R7_4,24,1.1528942621755043,1,157.5145717747453,0,716.1500000165688
R7_4,25,0.9740819580149722,1,133.08427973325865,0,716.1500000165688
R7_4,26,1.8671347065329407,1,255.0979160832446,0,716.1500000165688
R7_4,27,1.1856594352825454,1,161.99112472535336,0,716.1500000165688
R7_4,28,1.3687470039431258,1,187.0055262372764,0,716.1500000165688
R7_4,29,0.9740819580149722,1,133.08427973325865,0,716.1500000165688
R7_4,30,1.0436272205807722,1,142.58592495035197,0,716.1500000165688
R7_4,31,1.4988452520060545,1,204.7802437500585,0,716.1500000165688
R7_4,32,1.5909084326567164,1,217.35840720543592,0,716.1500000165688
R7_4,33,1.1144301327465307,1,152.2593969729723,0,716.1500000165688
R7_4,34,1.5909084326567164,1,217.35840720543592,0,716.1500000165688
R7_4,35,1.2705684417378755,1,173.5918466912974,0,716.1500000165688
R7_4,36,1.400827731823778,1,191.38856662539328,0,716.1500000165688
R7_4,37,1.473157940037142,1,201.27070599141578,0,716.1500000165688
R7_4,38,1.3337512839856807,1,182.22422406248384,0,716.1500000165688
R7_4,39,1.5909084326567164,1,217.35840720543592,0,716.1500000165688
R7_4,40,1.0333682413665155,1,141.18428841628662,0,716.1500000165688
R7_4,41,1.1234856648972027,1,153.49661214152914,0,716.1500000165688
R7_4,42,1.0221891124356617,1,139.65693611336553,0,716.1500000165688
R7_4,43,1.195918414496802,1,163.3927612594187,0,716.1500000165688
R7_4,44,1.1528942621755043,1,157.5145717747453,0,716.1500000165688
R7_4,45,2.4608186474414993,0,199.5848459321087,0,716.1500000165688
R7_4,46,1.4234790736529312,1,194.48331392824622,0,716.1500000165688
R7_4,47,1.1337581802269376,1,154.90009805198858,0,716.1500000165688
R7_4,48,1.4486524218727048,1,197.9226312143708,0,716.1500000165688
R7_4,49,1.3614124097666362,1,186.003434806384,0,716.1500000165688
R7_4,50,1.0484252006111685,1,143.2414506083993,0,716.1500000165688
R7_4,51,1.0586841798254252,1,144.64308714246465,0,716.1500000165688
R7_4,52,0.9638229788007155,1,131.6826431991933,0,716.1500000165688
R7_4,53,1.0221891124356617,1,139.65693611336553,0,716.1500000165688
R7_4,54,1.1312341502176153,1,154.55525159112153,0,716.1500000165688
R7_4,55,1.0484252006111685,1,143.2414506083993,0,716.1500000165688
R7_4,56,1.65623233189576,1,226.28330721827692,0,716.1500000165688
R7_4,57,1.5555230788358383,1,212.52387117116322,0,716.1500000165688
R7_4,58,1.0436272205807722,1,142.58592495035197,0,716.1500000165688
R7_4,59,1.4234790736529312,1,194.48331392824622,0,716.1500000165688
R7_4,60,1.0221891124356617,1,139.65693611336553,0,716.1500000165688
R7_4,61,1.2183604020373906,1,166.45890546119458,0,716.1500000165688
R7_4,62,1.3259032969242703,1,181.15199015359164,0,716.1500000165688
R7_4,63,2.918500913101333,0,262.11584157456014,0,716.1500000165688
R7_4,64,1.1989091015130704,1,163.80136489301714,0,716.1500000165688
R7_5,1,1.1782320735785135,1,163.63108241475848,0,873.0218751225038
R7_5,2,1.8130698079442595,1,251.79638359901435,0,873.0218751225038
R7_5,3,3.1491325992005805,0,298.46827407436086,0,873.0218751225038
R7_5,4,1.0787323604901395,1,149.81271325157698,0,873.0218751225038
R7_5,5,1.1782320735785135,1,163.63108241475848,0,873.0218751225038
R7_5,6,1.2702463548212677,1,176.40988616234176,0,873.0218751225038
R7_5,7,1.422076828253541,1,197.49587191030383,0,873.0218751225038
R7_5,8,1.4427925996614555,1,200.37284680731048,0,873.0218751225038
R7_5,9,1.238474874515667,1,171.99751119063114,0,873.0218751225038
R7_5,10,1.0,0,0.0,0,873.0218751225038
R7_5,11,1.239517098056691,1,172.1422536144374,0,873.0218751225038
R7_5,12,1.4025243274324524,1,194.7804502671354,0,873.0218751225038
R7_5,13,1.0736905607357947,1,149.11251575261045,0,873.0218751225038
R7_5,14,1.6038246986236686,1,222.7367403454298,0,873.0218751225038
R7_5,15,0.9643610492447507,1,133.92899910395755,0,873.0218751225038
R7_5,16,1.0532193391192948,1,146.26950355953153,0,873.0218751225038
R7_5,17,1.2148377287650405,1,168.7148202580856,0,873.0218751225038
R7_5,18,1.0246038501819044,1,142.29542787983019,0,873.0218751225038
R7_5,19,1.6072853087876346,1,223.21734463353522,0,873.0218751225038
R7_5,20,1.799786086825911,1,249.9515605681074,0,873.0218751225038
R7_5,21,1.337935041011324,1,185.81038818302784,0,873.0218751225038
R7_5,22,0.9493018689041257,1,131.837602990515,0,873.0218751225038
R7_5,23,3.1114998060585,0,293.24188887044585,0,873.0218751225038
R7_5,24,1.77706896611177,1,246.79664131649366,0,873.0218751225038
R7_5,25,1.1427016716213867,1,158.696674108237,0,873.0218751225038
R7_5,26,1.166338817372015,1,161.97936504078254,0,873.0218751225038
R7_5,27,1.409519882427702,1,195.7519823291408,0,873.0218751225038
R7_5,28,1.6386179705640966,1,227.56877715382532,0,873.0218751225038
R7_5,29,1.1240640166775613,1,156.1083048722269,0,873.0218751225038
R7_5,30,1.6012529366144008,1,222.37957794022444,0,873.0218751225038
R7_5,31,1.254576278397316,1,174.23364972787994,0,873.0218751225038
R7_5,32,1.1782320735785135,1,163.63108241475848,0,873.0218751225038
R7_5,33,1.1240640166775613,1,156.1083048722269,0,873.0218751225038
R7_5,34,1.6127972072992875,1,223.98282873454318,0,873.0218751225038
R7_5,35,1.4959194170790688,1,207.75101859047433,0,873.0218751225038
R7_5,36,1.276265751636327,1,177.2458508575995,0,873.0218751225038
R7_5,37,1.0,0,0.0,0,873.0218751225038
R7_5,38,1.0009667044312778,1,139.01273694728465,0,873.0218751225038
R7_5,39,1.5906437180322577,1,220.90618576299508,0,873.0218751225038
R7_5,40,1.483003559474671,1,205.95728388615268,0,873.0218751225038
R7_5,41,1.0009667044312778,1,139.01273694728465,0,873.0218751225038
R7_5,42,0.9288306472876258,1,128.99459079743605,0,873.0218751225038
R7_5,43,1.360345066144724,1,188.9226584664049,0,873.0218751225038
R7_5,44,1.2159398120179326,1,168.86787590783874,0,873.0218751225038
R7_5,45,1.1782320735785135,1,163.63108241475848,0,873.0218751225038
R7_5,46,1.0768564848699214,1,149.55219449207706,0,873.0218751225038
R7_5,47,1.1919399378755244,1,165.5348098066822,0,873.0218751225038
R7_5,48,1.352994221351949,1,187.9017842964704,0,873.0218751225038
R7_5,49,1.4025243274324524,1,194.7804502671354,0,873.0218751225038
R7_5,50,1.3145262199609355,1,182.55940663836927,0,873.0218751225038
R7_5,51,1.4025243274324524,1,194.7804502671354,0,873.0218751225038
R7_5,52,1.4025243274324524,1,194.7804502671354,0,873.0218751225038
R7_5,53,1.290765633445499,1,179.2595724397277,0,873.0218751225038
R7_5,54,1.0334796009225755,1,143.52807867376825,0,873.0218751225038
R7_5,55,0.9524677930382524,1,132.27728172998158,0,873.0218751225038
R7_5,56,1.2710467601612159,1,176.5210452413407,0,873.0218751225038
R7_5,57,1.3145262199609355,1,182.55940663836927,0,873.0218751225038
R7_5,58,1.0,0,0.0,0,873.0218751225038
R7_5,59,1.483003559474671,1,205.95728388615268,0,873.0218751225038
R7_5,60,1.1782320735785135,1,163.63108241475848,0,873.0218751225038
R7_5,61,1.5305918352230705,1,212.56627140701687,0,873.0218751225038
R7_5,62,0.9524677930382524,1,132.27728172998158,0,873.0218751225038
R7_5,63,1.0,0,0.0,0,873.0218751225038
R7_5,64,1.0246038501819044,1,142.29542787983019,0,873.0218751225038
R7_6,1,1.0850184130913263,1,134.74728958386126,0,707.5265625644533
R7_6,2,0.8823247617751271,1,109.57497932518258,0,707.5265625644533
R7_6,3,0.9482095832204074,1,117.75714564360894,0,707.5265625644533
R7_6,4,1.3114860258210541,1,162.8720629754165,0,707.5265625644533
R7_6,5,0.9028731161764547,1,112.1268577334936,0,707.5265625644533
R7_6,6,0.9223822366336023,1,114.54967477700856,0,707.5265625644533
R7_6,7,0.9090909090909101,1,112.8990388617652,0,707.5265625644533
R7_6,8,0.9482095832204074,1,117.75714564360894,0,707.5265625644533
R7_6,9,1.2759548170043455,1,158.45947971791307,0,707.5265625644533
R7_6,10,1.2549574099627208,1,155.85183393696562,0,707.5265625644533
R7_6,11,0.9669179987136722,1,120.08052398420664,0,707.5265625644533
R7_6,12,1.3541944312724006,1,168.17597469486967,0,707.5265625644533
R7_6,13,0.9594665513325378,1,119.15513661200174,0,707.5265625644533
R7_6,14,1.273861682663778,1,158.19953557712878,0,707.5265625644533
R7_6,15,0.8914116684224336,1,110.70347265456088,0,707.5265625644533
R7_6,16,0.9223822366336023,1,114.54967477700856,0,707.5265625644533
R7_6,17,1.0737128037034687,1,133.34325790686216,0,707.5265625644533
R7_6,18,1.214984113790738,1,150.88759254721654,0,707.5265625644533
R7_6,19,1.0,0,0.0,0,707.5265625644533
R7_6,20,0.9028731161764547,1,112.1268577334936,0,707.5265625644533
R7_6,21,1.0674890297986952,1,132.5703340057262,0,707.5265625644533
R7_6,22,1.0964829611711266,1,136.1710596889746,0,707.5265625644533
R7_6,23,0.9090909090909101,1,112.8990388617652,0,707.5265625644533
R7_6,24,1.0,0,0.0,0,707.5265625644533
R7_6,25,1.4301933586249351,1,177.61420113275855,0,707.5265625644533
R7_6,26,0.8522929942929345,1,105.84536587271712,1,707.5265625644533
R7_6,27,2.516956617204233,0,188.38923848508787,0,707.5265625644533
R7_6,28,0.953458628775655,1,118.4090190615508,0,707.5265625644533
R7_6,29,1.08619744529196,1,134.89371234632392,0,707.5265625644533
R7_6,30,0.9881952883971721,1,122.72292809454221,0,707.5265625644533
R7_6,31,1.0,0,0.0,0,707.5265625644533
R7_6,32,1.0765964331093159,1,133.7013727940512,0,707.5265625644533
R7_6,33,0.9117956130371798,1,113.23493318529893,0,707.5265625644533
R7_6,34,0.9960855493843006,1,123.70281126453881,0,707.5265625644533
R7_6,35,1.2790527535844856,1,158.8442091865009,0,707.5265625644533
R7_6,36,1.1898429361081995,1,147.76533627138411,0,707.5265625644533
R7_6,37,1.453068530460559,1,180.4550445382021,0,707.5265625644533
R7_6,38,1.1936652440959143,1,148.2400246592355,0,707.5265625644533
R7_6,39,1.2790527535844856,1,158.8442091865009,0,707.5265625644533
R7_6,40,1.1451419931857139,1,142.21397343000461,0,707.5265625644533
R7_6,41,1.0335221245080781,1,128.35201994926484,0,707.5265625644533
R7_6,42,0.9960855493843006,1,123.70281126453881,0,707.5265625644533
R7_6,43,1.0765964331093159,1,133.7013727940512,0,707.5265625644533
R7_6,44,0.9443516091136175,1,117.27802791813781,0,707.5265625644533
R7_6,45,0.8914116684224336,1,110.70347265456088,0,707.5265625644533
R7_6,46,1.1067763850553476,1,137.44938911841245,0,707.5265625644533
R7_6,47,2.47068592930221,0,182.64293067431575,0,707.5265625644533
R7_6,48,1.0850184130913263,1,134.74728958386126,0,707.5265625644533
R7_6,49,1.0498065285370028,1,130.37436286889726,0,707.5265625644533
R7_6,50,1.1284401598203075,1,140.1397904024025,0,707.5265625644533
R7_6,51,0.913845088420981,1,113.48945536640088,0,707.5265625644533
R7_6,52,0.9296392634922377,1,115.45091727007622,0,707.5265625644533
R7_6,53,1.2759548170043455,1,158.45947971791307,0,707.5265625644533
R7_6,54,0.9491483839493817,1,117.87373431359119,0,707.5265625644533
R7_6,55,0.8728413486942639,1,108.39724428102815,0,707.5265625644533
R7_6,56,0.9594665513325378,1,119.15513661200174,0,707.5265625644533
R7_6,57,1.0121183063644068,1,125.69390240323322,0,707.5265625644533
R7_6,58,1.0368543204117593,1,128.76584183557225,0,707.5265625644533
R7_6,59,1.3078698753942728,1,162.4229770770969,0,707.5265625644533
R7_6,60,1.2376758780332544,1,153.7056587575804,0,707.5265625644533
R7_6,61,1.02285169670008,1,127.02687080112143,0,707.5265625644533
R7_6,62,1.014242500207807,1,125.95770379083665,0,707.5265625644533
R7_6,63,1.0870852637584374,1,135.0039695830277,0,707.5265625644533
R7_6,64,1.0737128037034687,1,133.34325790686216,0,707.5265625644533
R7_7,1,1.2724153179816806,1,145.86861718974507,0,706.5796874030639
R7_7,2,0.998463301187531,1,114.46298940345656,0,706.5796874030639
R7_7,3,1.0215685501885758,1,117.11175563094378,0,706.5796874030639
R7_7,4,1.0764827254402363,1,123.40707029344004,0,706.5796874030639
R7_7,5,1.0740083923502475,1,123.12341483817873,0,706.5796874030639
R7_7,6,1.0365025943449186,1,118.82378183760073,0,706.5796874030639
R7_7,7,0.9766139409385062,1,111.95819720159801,0,706.5796874030639
R7_7,8,0.9062557314694111,1,103.8923915026516,1,706.5796874030639
R7_7,9,1.4454772692436748,1,165.7082930895832,0,706.5796874030639
R7_7,10,1.0650743504584508,1,122.09922382267078,0,706.5796874030639
R7_7,11,1.3951393556200724,1,159.93759719436324,0,706.5796874030639
R7_7,12,0.9062557314694111,1,103.8923915026516,1,706.5796874030639
R7_7,13,1.078236960684535,1,123.60817433996878,0,706.5796874030639
R7_7,14,0.9881488232264726,1,113.28054636308185,0,706.5796874030639
R7_7,15,1.0621977677222834,1,121.76945480776904,0,706.5796874030639
R7_7,16,1.1490183299318684,1,131.72249071843135,0,706.5796874030639
R7_7,17,0.9803046759652219,1,112.3812999473388,0,706.5796874030639
R7_7,18,0.960756576332777,1,110.14032231859176,0,706.5796874030639
R7_7,19,0.9090909090909101,1,104.21741387018432,0,706.5796874030639
R7_7,20,0.9194413879634329,1,105.40398402463796,0,706.5796874030639
R7_7,21,1.1554590504496254,1,132.4608494778346,0,706.5796874030639
R7_7,22,1.1722744846955013,1,134.38855665506475,0,706.5796874030639
R7_7,23,1.041431887804487,1,119.38887187582039,0,706.5796874030639
R7_7,24,0.940481304804873,1,107.8159823180224,0,706.5796874030639
R7_7,25,2.4044038155282337,0,160.99966705214914,0,706.5796874030639
R7_7,26,1.067517754159871,1,122.37933355895386,0,706.5796874030639
R7_7,27,1.3986261992973201,1,160.33732600803683,0,706.5796874030639
R7_7,28,0.9972655506066879,1,114.32568028865985,0,706.5796874030639
R7_7,29,0.9881488232264726,1,113.28054636308185,0,706.5796874030639
R7_7,30,0.998463301187531,1,114.46298940345656,0,706.5796874030639
R7_7,31,1.1512304821153378,1,131.97608997604456,0,706.5796874030639
R7_7,32,1.0,0,0.0,0,706.5796874030639
R7_7,33,1.0454472509744512,1,119.84918971767596,0,706.5796874030639
R7_7,34,1.0422571521047743,1,119.48347947806924,0,706.5796874030639
R7_7,35,1.402864576686337,1,160.82321001157501,0,706.5796874030639
R7_7,36,2.2297817177739674,0,140.98113727635925,0,706.5796874030639
R7_7,37,1.0422571521047743,1,119.48347947806924,0,706.5796874030639
R7_7,38,1.3321053460697136,1,152.71143158703578,0,706.5796874030639
R7_7,39,1.0280972828682344,1,117.8602040302398,0,706.5796874030639
R7_7,40,1.0454472509744512,1,119.84918971767596,0,706.5796874030639
R7_7,41,0.9766139409385062,1,111.95819720159801,0,706.5796874030639
R7_7,42,0.9803046759652219,1,112.3812999473388,0,706.5796874030639
R7_7,43,1.1722744846955013,1,134.38855665506475,0,706.5796874030639
R7_7,44,0.998463301187531,1,114.46298940345656,0,706.5796874030639
R7_7,45,1.0650743504584508,1,122.09922382267078,0,706.5796874030639
R7_7,46,0.9251488916854651,1,106.05828742995897,0,706.5796874030639
R7_7,47,1.0783474020185988,1,123.62083524121128,0,706.5796874030639
R7_7,48,0.9777041064267351,1,112.08317285225918,0,706.5796874030639
R7_7,49,0.991976992455065,1,113.71940444962927,0,706.5796874030639
R7_7,50,1.0705117396182686,1,122.72256152275699,0,706.5796874030639
R7_7,51,1.0557617289355097,1,121.03163275805068,0,706.5796874030639
R7_7,52,0.9490329456969437,1,108.79633520595249,0,706.5796874030639
R7_7,53,1.0,0,0.0,0,706.5796874030639
R7_7,54,1.3696111440750407,1,157.0110645876138,0,706.5796874030639
R7_7,55,1.262100840020624,1,144.68617414937032,0,706.5796874030639
R7_7,56,0.9194413879634329,1,105.40398402463796,0,706.5796874030639
R7_7,57,1.1501001284297523,1,131.8465071843873,0,706.5796874030639
R7_7,58,1.2700946210561437,1,145.6025744545933,0,706.5796874030639
R7_7,59,1.0145302493006838,1,116.30489076270959,0,706.5796874030639
R7_7,60,1.0454472509744512,1,119.84918971767596,0,706.5796874030639
R7_7,61,1.362493563163687,1,156.19511112446122,0,706.5796874030639
R7_7,62,1.0693029187927383,1,122.58398332446083,0,706.5796874030639
R7_7,63,2.839698985195067,0,210.90153759029593,0,706.5796874030639
R7_7,64,0.9423883676030442,1,108.03460638622721,0,706.5796874030639
R7_8,1,1.084715620361754,1,186.38540429816962,0,678.8015625716071
R7_8,2,1.0306962152425712,1,177.10331369848967,0,678.8015625716071
R7_8,3,1.0651877853068594,1,183.02995945764906,0,678.8015625716071
R7_8,4,0.988060854055961,1,169.77732992634247,0,678.8015625716071
R7_8,5,1.213646644384216,1,208.5394699241342,0,678.8015625716071
R7_8,6,0.9925580457372476,1,170.55007706300057,0,678.8015625716071
R7_8,7,1.2232614178503454,1,210.191565096436,0,678.8015625716071
R7_8,8,1.0655139744518642,1,183.08600815329632,0,678.8015625716071
R7_8,9,1.2986810095471455,1,223.15082448805677,0,678.8015625716071
R7_8,10,0.9719853890697081,1,167.01510175842458,0,678.8015625716071
R7_8,11,1.1303096252625622,1,194.21976832638867,0,678.8015625716071
R7_8,12,0.9683809808930075,1,166.39576055722955,0,678.8015625716071
R7_8,13,1.1315871824169434,1,194.4392894637852,0,678.8015625716071
R7_8,14,1.0699073439951867,1,183.84091565457334,0,678.8015625716071
R7_8,15,1.2385822631003158,1,212.8241278460651,0,678.8015625716071
R7_8,16,1.2395182640669962,1,212.98495978701214,0,678.8015625716071
R7_8,17,1.0306962152425712,1,177.10331369848967,0,678.8015625716071
R7_8,18,0.9719853890697081,1,167.01510175842458,0,678.8015625716071
R7_8,19,1.0703193232608577,1,183.91170556535985,0,678.8015625716071
R7_8,20,1.2393245947567983,1,212.95168181811064,0,678.8015625716071
R7_8,21,1.0305585468752128,1,177.07965830547477,0,678.8015625716071
R7_8,22,1.0967694232076504,1,188.45659500897858,0,678.8015625716071
R7_8,23,1.156912995204511,1,198.79099397230547,0,678.8015625716071
R7_8,24,0.9268061135414527,1,159.25200018861048,0,678.8015625716071
R7_8,25,1.3483746493546747,1,231.68962394176535,0,678.8015625716071
R7_8,26,0.9602438556856416,1,164.99756794053792,0,678.8015625716071
R7_8,27,1.0335858588317244,1,177.59983774454534,0,678.8015625716071
R7_8,28,0.9469487588282863,1,162.71308714536417,0,678.8015625716071
R7_8,29,1.0703193232608577,1,183.91170556535985,0,678.8015625716071
R7_8,30,1.3121298824853103,1,225.4617284456292,0,678.8015625716071
R7_8,31,0.999826922853547,1,171.79907963536442,0,678.8015625716071
R7_8,32,1.0335858588317244,1,177.59983774454534,0,678.8015625716071
R7_8,33,1.0937501820379882,1,187.93780236368255,0,678.8015625716071
R7_8,34,1.0880345277114003,1,186.95568822934902,0,678.8015625716071
R7_8,35,0.999826922853547,1,171.79907963536442,0,678.8015625716071
R7_8,36,1.0323418881646091,1,177.38608773359977,0,678.8015625716071
R7_8,37,1.1081548949846685,1,190.41294718133628,0,678.8015625716071
R7_8,38,1.0405783557357644,1,178.8013502313654,0,678.8015625716071
R7_8,39,1.0603625915277455,1,182.20085210780084,0,678.8015625716071
R7_8,40,0.988060854055961,1,169.77732992634247,0,678.8015625716071
R7_8,41,1.123077901927246,1,192.9771498443429,0,678.8015625716071
R7_8,42,1.0175421273040914,1,174.84306229935368,0,678.8015625716071
R7_8,43,1.0978559031525847,1,188.6432835750848,0,678.8015625716071
R7_8,44,0.9867095352139295,1,169.54513440524923,0,678.8015625716071
R7_8,45,1.0719758006640472,1,184.1963361217094,0,678.8015625716071
R7_8,46,1.2831633298382172,1,220.48443990575169,0,678.8015625716071
R7_8,47,1.0581658106111185,1,181.8233818366867,0,678.8015625716071
R7_8,48,1.1066515637008454,1,190.1546315418543,0,678.8015625716071
R7_8,49,1.0175421273040914,1,174.84306229935368,0,678.8015625716071
R7_8,50,1.0044247396644739,1,172.58911706923845,0,678.8015625716071
R7_8,51,1.2350029512344136,1,212.20909891432265,0,678.8015625716071
R7_8,52,1.2436861873846734,1,213.70112912952607,0,678.8015625716071
R7_8,53,1.2831633298382172,1,220.48443990575169,0,678.8015625716071
R7_8,54,1.2548465427000792,1,215.61879980608478,0,678.8015625716071
R7_8,55,1.2385822631003158,1,212.8241278460651,0,678.8015625716071
R7_8,56,0.9602438556856416,1,164.99756794053792,0,678.8015625716071
R7_8,57,1.084715620361754,1,186.38540429816962,0,678.8015625716071
R7_8,58,1.2986810095471455,1,223.15082448805677,0,678.8015625716071
R7_8,59,1.1647494796966278,1,200.13752784986912,0,678.8015625716071
R7_8,60,1.0405783557357644,1,178.8013502313654,0,678.8015625716071
R7_8,61,1.2085634407912131,1,207.66602905260334,0,678.8015625716071
R7_8,62,1.0699073439951867,1,183.84091565457334,0,678.8015625716071
R7_8,63,1.0829029897574038,1,186.07394212163828,0,678.8015625716071
R7_8,64,1.1791475399561762,1,202.61152954414726,0,678.8015625716071
R7_9,1,1.0052234134090767,1,141.92524569254456,0,837.7562501209468
R7_9,2,1.0128295069366509,1,142.99913302769977,0,837.7562501209468
R7_9,3,0.991891156099447,1,140.04289409879462,0,837.7562501209468
R7_9,4,0.9229850603618246,1,130.31419654079593,0,837.7562501209468
R7_9,5,1.0432774639249658,1,147.29801198212778,0,837.7562501209468
R7_9,6,1.505923678494641,0,71.43023273653833,0,837.7562501209468
R7_9,7,1.1861741163981598,1,167.47327077571407,0,837.7562501209468
R7_9,8,1.0101206510684992,1,142.61667572566637,0,837.7562501209468
R7_9,9,1.0101206510684992,1,142.61667572566637,0,837.7562501209468
R7_9,10,1.1013326994254733,1,155.49470084973487,0,837.7562501209468
R7_9,11,1.001805205523313,1,141.44263656551502,0,837.7562501209468
R7_9,12,1.1045716430286454,1,155.95200005360584,0,837.7562501209468
R7_9,13,1.0315141795065728,1,145.6371801620948,0,837.7562501209468
R7_9,14,1.0928083586102506,1,154.29116823357282,0,837.7562501209468
R7_9,15,1.2101566834243744,1,170.85931578036653,0,837.7562501209468
R7_9,16,1.0851281224903868,1,153.20681287162222,0,837.7562501209468
R7_9,17,0.9792431853481478,1,138.25715539390086,0,837.7562501209468
R7_9,18,1.001805205523313,1,141.44263656551502,0,837.7562501209468
R7_9,19,1.0081902782642427,1,142.34413070645238,0,837.7562501209468
R7_9,20,0.9688357847744413,1,136.78775778164757,0,837.7562501209468
R7_9,21,1.091288921574428,1,154.07664231650142,0,837.7562501209468
R7_9,22,1.2560733667899324,1,177.34218961827574,0,837.7562501209468
R7_9,23,1.091288921574428,1,154.07664231650142,0,837.7562501209468
R7_9,24,1.0873426795854186,1,153.51948123531136,0,837.7562501209468
R7_9,25,0.9229850603618246,1,130.31419654079593,0,837.7562501209468
R7_9,26,1.0957776787560665,1,154.71039990447636,0,837.7562501209468
R7_9,27,1.2101566834243744,1,170.85931578036653,0,837.7562501209468
R7_9,28,1.1519868220131748,1,162.6464431367743,0,837.7562501209468
R7_9,29,1.235647658930862,1,174.4583296049961,0,837.7562501209468
R7_9,30,1.0052234134090767,1,141.92524569254456,0,837.7562501209468
R7_9,31,1.0681366195560393,1,150.8078205715279,0,837.7562501209468
R7_9,32,0.9415326455250259,1,132.9328886108137,0,837.7562501209468
R7_9,33,1.1771473776636867,1,166.19880572087828,0,837.7562501209468
R7_9,34,0.9855060833585156,1,139.1413999578572,0,837.7562501209468
R7_9,35,1.054668023627027,1,148.90621963301018,0,837.7562501209468
R7_9,36,1.1484042027468302,1,162.14062113460415,0,837.7562501209468
R7_9,37,0.9555226653650806,1,134.9081082252372,0,837.7562501209468
R7_9,38,1.3737961913662815,1,193.96321194897965,0,837.7562501209468
R7_9,39,1.209506010455014,1,170.7674487189649,0,837.7562501209468
R7_9,40,1.0817876589160118,1,152.73518029005282,0,837.7562501209468
R7_9,41,1.001805205523313,1,141.44263656551502,0,837.7562501209468
R7_9,42,1.0957776787560665,1,154.71039990447636,0,837.7562501209468
R7_9,43,0.9848137025889656,1,139.04364426542068,0,837.7562501209468
R7_9,44,0.9688357847744413,1,136.78775778164757,0,837.7562501209468
R7_9,45,1.0937937906585127,1,154.4302991806809,0,837.7562501209468
R7_9,46,0.9068920407448609,1,128.04205909094628,1,837.7562501209468
R7_9,47,1.1519868220131748,1,162.6464431367743,0,837.7562501209468
R7_9,48,0.970823682748911,1,137.06842465099717,0,837.7562501209468
R7_9,49,0.9652531655080931,1,136.28193577947735,0,837.7562501209468
R7_9,50,1.2101566834243744,1,170.85931578036653,0,837.7562501209468
R7_9,51,1.3924085765464973,1,196.59105298848337,0,837.7562501209468
R7_9,52,0.9848137025889656,1,139.04364426542068,0,837.7562501209468
R7_9,53,0.9707654104195704,1,137.06019731113574,0,837.7562501209468
R7_9,54,1.1519868220131748,1,162.6464431367743,0,837.7562501209468
R7_9,55,0.9792431853481478,1,138.25715539390086,0,837.7562501209468
R7_9,56,1.101272983451004,1,155.48626968484618,0,837.7562501209468
R7_9,57,1.0873426795854186,1,153.51948123531136,0,837.7562501209468
R7_9,58,0.9090909090909083,1,128.35251239525195,0,837.7562501209468
R7_9,59,1.0531733413701367,1,148.6951887878153,0,837.7562501209468
R7_9,60,0.9555226653650806,1,134.9081082252372,0,837.7562501209468
R7_9,61,1.0,0,0.0,0,837.7562501209468
R7_9,62,1.0681366195560393,1,150.8078205715279,0,837.7562501209468
R7_9,63,1.2495119240733032,1,176.4157941948971,0,837.7562501209468
R7_9,64,1.132210113387444,1,159.8542138738507,0,837.7562501209468
R8_0,1,1.6667956883224253,1,204.53330439881876,0,1529.915625042122
R8_0,2,1.4287035269366797,1,175.31690021631437,0,1529.915625042122
R8_0,3,0.8155493630949628,1,100.07645646242979,0,1529.915625042122
R8_0,4,0.9256628650992269,1,113.58853750610325,0,1529.915625042122
R8_0,5,0.8138630551607609,1,99.86952880090985,0,1529.915625042122
R8_0,6,2.6631526760554216,0,204.08626860303602,0,1529.915625042122
R8_0,7,2.3161377334115656,0,161.5038972950393,0,1529.915625042122
R8_0,8,2.4169663788403106,0,173.87662910139167,0,1529.915625042122
R8_0,9,0.9318339646952598,1,114.34579611973764,0,1529.915625042122
R8_0,10,2.2767515519022403,0,156.67079992852152,0,1529.915625042122
R8_0,11,0.9454909984618709,1,116.02165733304733,0,1529.915625042122
R8_0,12,2.3662867199411473,0,167.65770366675525,0,1529.915625042122
R8_0,13,1.0624094926663332,1,130.36878225814297,0,1529.915625042122
R8_0,14,0.8913648435796908,1,109.3798107108035,0,1529.915625042122
R8_0,15,1.1161265360861208,1,136.96042661513187,0,1529.915625042122
R8_0,16,1.4374785643577273,1,176.39368929881837,0,1529.915625042122
R8_0,17,0.9725267894061407,1,119.33923230495797,0,1529.915625042122
R8_0,18,0.9514026227165502,1,116.74707560215191,0,1529.915625042122
R8_0,19,0.9945737766120075,1,122.04462875927264,0,1529.915625042122
R8_0,20,0.9912230560757553,1,121.6334602230218,0,1529.915625042122
R8_0,21,1.9915700014013993,0,121.6760340515942,0,1529.915625042122
R8_0,22,0.9018419020139401,1,110.665455614345,0,1529.915625042122
R8_0,23,0.9841201697163537,1,120.76186160536523,0,1529.915625042122
R8_0,24,0.902727687025024,1,110.77415072111363,0,1529.915625042122
R8_0,25,1.1166964021287988,1,137.03035515261888,0,1529.915625042122
R8_0,26,0.9876500375565183,1,121.19501339385279,0,1529.915625042122
R8_0,27,0.9632789369544437,1,118.20442386155337,0,1529.915625042122
R8_0,28,0.9098802521889837,1,111.6518454488852,0,1529.915625042122
R8_0,29,1.0470850789275268,1,128.48831604267824,0,1529.915625042122
R8_0,30,2.645172134222939,0,201.87986762561368,0,1529.915625042122
R8_0,31,1.2250489853804538,1,150.32635300518936,0,1529.915625042122
R8_0,32,1.1037392811130289,1,135.44038057120008,0,1529.915625042122
R8_0,33,0.8872754082298222,1,108.87799412278729,0,1529.915625042122
R8_0,34,1.2097194204069286,1,148.44525467922296,0,1529.915625042122
R8_0,35,1.0716889068325184,1,131.50746365478452,0,1529.915625042122
R8_0,36,0.8548870947871343,1,104.90360852847083,0,1529.915625042122
R8_0,37,2.4844817696113317,0,182.16147532994918,0,1529.915625042122
R8_0,38,0.9497456394143491,1,116.54374638039559,0,1529.915625042122
R8_0,39,0.9198143215021943,1,112.87085989498243,0,1529.915625042122
R8_0,40,0.8193121903915959,1,100.53819481839882,0,1529.915625042122
R8_0,41,0.8193121903915959,1,100.53819481839882,0,1529.915625042122
R8_0,42,1.0716889068325184,1,131.50746365478452,0,1529.915625042122
R8_0,43,0.9452854023854709,1,115.99642853915704,0,1529.915625042122
R8_0,44,1.1437961260460412,1,140.35577537053877,0,1529.915625042122
R8_0,45,1.0373135884108429,1,127.28925171926942,0,1529.915625042122
R8_0,46,1.1321735487320712,1,138.929563291691,0,1529.915625042122
R8_0,47,0.8305022877679775,1,101.91133707510765,0,1529.915625042122
R8_0,48,0.9231872971425865,1,113.28475936581705,0,1529.915625042122
R8_0,49,2.657502728645685,0,203.39296082603096,0,1529.915625042122
R8_0,50,2.5307608175512186,0,187.84039966716284,0,1529.915625042122
R8_0,51,1.0624094926663332,1,130.36878225814297,0,1529.915625042122
R8_0,52,1.0277175864946635,1,126.11172168683389,0,1529.915625042122
R8_0,53,1.1325448104883424,1,138.97512100121625,0,1529.915625042122
R8_0,54,0.9481006633278071,1,116.34189056987573,0,1529.915625042122
R8_0,55,0.9450027980036761,1,115.96175001889736,0,1529.915625042122
R8_0,56,1.096746932545484,1,134.5823460994,0,1529.915625042122
R8_0,57,0.8829045123193549,1,108.34163937336349,0,1529.915625042122
R8_0,58,0.9269199118665785,1,113.7427903223971,0,1529.915625042122
R8_0,59,0.9760618284408853,1,119.77301865323126,0,1529.915625042122
R8_0,60,1.0967590436532575,1,134.58383225928753,0,1529.915625042122
R8_0,61,0.9480759268859558,1,116.3388551491425,0,1529.915625042122
R8_0,62,1.2014142918213029,1,147.42612833699846,0,1529.915625042122
R8_0,63,1.1277313287857407,1,138.38445633535818,0,1529.915625042122
R8_0,64,1.1180923276741304,1,137.20164985087206,0,1529.915625042122
R8_1,1,0.9946493929855169,1,126.92112347706743,0,1328.2921875088505
R8_1,2,1.2504744583432341,1,159.5653948532711,0,1328.2921875088505
R8_1,3,1.0,0,0.0,0,1328.2921875088505
R8_1,4,1.0034626500666572,1,128.04572929105487,0,1328.2921875088505
R8_1,5,1.2253349436451408,1,156.3574951937009,0,1328.2921875088505
R8_1,6,1.4486824165189258,1,184.8574997006331,0,1328.2921875088505
R8_1,7,0.9959867641122315,1,127.09177722411167,0,1328.2921875088505
R8_1,8,1.1541565674846783,1,147.2748581024108,0,1328.2921875088505
R8_1,9,1.2574130652012823,1,160.4507880219594,0,1328.2921875088505
R8_1,10,1.2809329166222838,1,163.45201236032335,0,1328.2921875088505
R8_1,11,1.158801759121058,1,147.8676025864605,0,1328.2921875088505
R8_1,12,1.2389870652309085,1,158.09955890150638,0,1328.2921875088505
R8_1,13,1.167619694910389,1,148.9928054217745,0,1328.2921875088505
R8_1,14,1.2574130652012823,1,160.4507880219594,0,1328.2921875088505
R8_1,15,1.4259382872524569,1,181.95526052030905,0,1328.2921875088505
R8_1,16,1.6419587823092936,1,209.5203142166574,0,1328.2921875088505
R8_1,17,1.4261067826431066,1,181.9767611862051,0,1328.2921875088505
R8_1,18,2.219513842977584,0,155.61470015274483,0,1328.2921875088505
R8_1,19,1.053932705093798,1,134.48590422221005,0,1328.2921875088505
R8_1,20,1.400680952024592,1,178.73232650379555,0,1328.2921875088505
R8_1,21,2.8697368051034005,0,238.58567409149532,0,1328.2921875088505
R8_1,22,1.763140344164647,1,224.9835519000601,0,1328.2921875088505
R8_1,23,1.053932705093798,1,134.48590422221005,0,1328.2921875088505
R8_1,24,0.9959867641122315,1,127.09177722411167,0,1328.2921875088505
R8_1,25,1.5844578435485541,1,202.18297122930224,0,1328.2921875088505
R8_1,26,1.1009374333617004,1,140.48389000752206,0,1328.2921875088505
R8_1,27,1.4870730984326652,1,189.75629973399631,0,1328.2921875088505
R8_1,28,1.0,0,0.0,0,1328.2921875088505
R8_1,29,1.0903585050879787,1,139.1339776955528,0,1328.2921875088505
R8_1,30,1.1700820019551497,1,149.30700535862684,0,1328.2921875088505
R8_1,31,1.1685626768808035,1,149.113133581574,0,1328.2921875088505
R8_1,32,1.1130151302301208,1,142.02505100994745,0,1328.2921875088505
R8_1,33,1.109837228629388,1,141.61953843002846,0,1328.2921875088505
R8_1,34,0.9670368500724766,1,123.39765581771212,0,1328.2921875088505
R8_1,35,1.017306018127659,1,129.8121967914621,0,1328.2921875088505
R8_1,36,1.2794154645073679,1,163.25837958016376,0,1328.2921875088505
R8_1,37,1.1009374333617004,1,140.48389000752206,0,1328.2921875088505
R8_1,38,1.1881455478700023,1,151.61198393465676,0,1328.2921875088505
R8_1,39,1.5095907993884143,1,192.6296457829455,0,1328.2921875088505
R8_1,40,1.1009374333617004,1,140.48389000752206,0,1328.2921875088505
R8_1,41,1.2783114404486042,1,163.11750182477397,0,1328.2921875088505
R8_1,42,1.4167631986457856,1,180.78448359914185,0,1328.2921875088505
R8_1,43,1.2783114404486042,1,163.11750182477397,0,1328.2921875088505
R8_1,44,1.0309428921671877,1,131.55231485318143,0,1328.2921875088505
R8_1,45,1.12985554575895,1,144.1739534008935,0,1328.2921875088505
R8_1,46,1.0132844550109468,1,129.2990297272618,0,1328.2921875088505
R8_1,47,1.2203654994670394,1,155.72337482667555,0,1328.2921875088505
R8_1,48,1.6874759354709106,1,215.3284796440848,0,1328.2921875088505
R8_1,49,1.324600077297637,1,169.02411156538477,0,1328.2921875088505
R8_1,50,1.2888170510498504,1,164.4580585171379,0,1328.2921875088505
R8_1,51,1.0924364357675405,1,139.39912971617142,0,1328.2921875088505
R8_1,52,1.056653409519754,1,134.83307666792453,0,1328.2921875088505
R8_1,53,1.1907369104096084,1,151.9426518536065,0,1328.2921875088505
R8_1,54,2.6100891104852835,0,205.45362038335844,0,1328.2921875088505
R8_1,55,1.2585707838372162,1,160.5985174138228,0,1328.2921875088505
R8_1,56,1.1167252570913515,1,142.49847759904569,0,1328.2921875088505
R8_1,57,1.2486997160453885,1,159.33893084704624,0,1328.2921875088505
R8_1,58,0.938205275861776,1,119.71863503285965,0,1328.2921875088505
R8_1,59,0.992220629892774,1,126.61120387869961,0,1328.2921875088505
R8_1,60,1.1196967528884016,1,142.87765199720926,0,1328.2921875088505
R8_1,61,1.0298972758404936,1,131.4188901511248,0,1328.2921875088505
R8_1,62,0.9032491478068181,1,115.25809740378988,0,1328.2921875088505
R8_1,63,2.781888283843209,0,227.37586177695192,0,1328.2921875088505
R8_1,64,1.093996343415112,1,139.59817998709764,0,1328.2921875088505
R8_2,1,1.432396975739966,1,224.07560394081665,0,1301.560937463364
R8_2,2,1.0583765325731669,1,165.56608590339033,0,1301.560937463364
R8_2,3,1.0551221273409332,1,165.05698624021625,0,1301.560937463364
R8_2,4,1.008450637202447,1,157.75597784888222,0,1301.560937463364
R8_2,5,1.020507566848682,1,159.64209171110676,0,1301.560937463364
R8_2,6,1.093340104163019,1,171.03557763830352,0,1301.560937463364
R8_2,7,1.0806152534557327,1,169.04497820561565,0,1301.560937463364
R8_2,8,1.1362036992022837,1,177.74090172664586,0,1301.560937463364
R8_2,9,1.2214871144864432,1,191.0821284323652,0,1301.560937463364
R8_2,10,1.2108077391635277,1,189.41151091800108,0,1301.560937463364
R8_2,11,1.1947999324005956,1,186.907345502322,0,1301.560937463364
R8_2,12,1.0488744686943914,1,164.0796399401678,0,1301.560937463364
R8_2,13,1.1436338939144939,1,178.9032368863356,0,1301.560937463364
R8_2,14,1.0160570765869412,1,158.94588366953573,0,1301.560937463364
R8_2,15,1.3583532212063023,1,212.4926424460779,0,1301.560937463364
R8_2,16,1.223085838969629,1,191.33222331539793,0,1301.560937463364
R8_2,17,1.0381212668205482,1,162.39747344234056,0,1301.560937463364
R8_2,18,1.308523588662439,1,204.69759317166344,0,1301.560937463364
R8_2,19,1.0476884390043395,1,163.8941045588516,0,1301.560937463364
R8_2,20,1.3057851489374919,1,204.26920806221688,0,1301.560937463364
R8_2,21,1.0201438647749832,1,159.58519633699024,0,1301.560937463364
R8_2,22,1.08231153681683,1,169.3103346152072,0,1301.560937463364
R8_2,23,1.215023614181515,1,190.0710171560025,0,1301.560937463364
R8_2,24,1.2437504189400084,1,194.56486644120085,0,1301.560937463364
R8_2,25,0.8821489740905761,1,137.99810212040126,1,1301.560937463364
R8_2,26,2.816471017863581,0,284.15784678580775,0,1301.560937463364
R8_2,27,1.2101600071376453,1,189.31018359928302,0,1301.560937463364
R8_2,28,1.0806152534557327,1,169.04497820561565,0,1301.560937463364
R8_2,29,0.9827824222587811,1,153.74059603574105,0,1301.560937463364
R8_2,30,1.08231153681683,1,169.3103346152072,0,1301.560937463364
R8_2,31,1.105063992433866,1,172.86959250242157,0,1301.560937463364
R8_2,32,0.8922193455766916,1,139.57345072199533,0,1301.560937463364
R8_2,33,1.0898428070810553,1,170.48848142889105,0,1301.560937463364
R8_2,34,1.0201438647749832,1,159.58519633699024,0,1301.560937463364
R8_2,35,1.0940620140568615,1,171.14850889841736,0,1301.560937463364
R8_2,36,2.444918427803639,0,226.03438490789725,0,1301.560937463364
R8_2,37,1.1649265846550172,1,182.23413789912453,0,1301.560937463364
R8_2,38,1.1435682497216,1,178.8929679019571,0,1301.560937463364
R8_2,39,0.9839746199305122,1,153.92709629916968,0,1301.560937463364
R8_2,40,1.2578880924598241,1,196.7764794129709,0,1301.560937463364
R8_2,41,0.9529554665666122,1,149.07464572752693,0,1301.560937463364
R8_2,42,1.1489285499095683,1,179.7315011593337,0,1301.560937463364
R8_2,43,1.3016268959563586,1,203.61871587055032,0,1301.560937463364
R8_2,44,1.479887767106086,0,75.07076813154842,0,1301.560937463364
R8_2,45,0.9167720719030665,1,143.41433217675686,0,1301.560937463364
R8_2,46,1.072157276011957,1,167.72186287101837,0,1301.560937463364
R8_2,47,2.4329415829932906,0,224.16079903775295,0,1301.560937463364
R8_2,48,2.454769133783085,0,227.57537035325382,0,1301.560937463364
R8_2,49,1.0536947536631214,1,164.8336964509177,0,1301.560937463364
R8_2,50,2.6710243619675893,0,261.4050430497971,0,1301.560937463364
R8_2,51,0.972192519111239,1,152.08397501262357,0,1301.560937463364
R8_2,52,1.0686881723990318,1,167.1791770790454,0,1301.560937463364
R8_2,53,0.999311291924343,1,156.3262734111461,0,1301.560937463364
R8_2,54,0.9090909090909101,1,142.2127370706148,0,1301.560937463364
R8_2,55,1.047342690247289,1,163.84001769406478,0,1301.560937463364
R8_2,56,1.1373862352679502,1,177.92589058628715,0,1301.560937463364
R8_2,57,1.0538153070676373,1,164.85255510349927,0,1301.560937463364
R8_2,58,0.972192519111239,1,152.08397501262357,0,1301.560937463364
R8_2,59,1.134946259959733,1,177.54419546262432,0,1301.560937463364
R8_2,60,0.994256709344846,1,155.53556478542842,0,1301.560937463364
R8_2,61,0.9827824222587811,1,153.74059603574105,0,1301.560937463364
R8_2,62,1.0682276292264898,1,167.10713246342866,0,1301.560937463364
R8_2,63,0.9133101160667145,1,142.87276454014113,0,1301.560937463364
R8_2,64,1.07422132058708,1,168.04474964232918,0,1301.560937463364
R8_3,1,1.098658364404022,1,149.9255828354621,0,1292.1281249873573
R8_3,2,1.1724167148013986,1,159.99082607266067,0,1292.1281249873573
R8_3,3,1.0740767023318405,1,146.5711096592303,0,1292.1281249873573
R8_3,4,0.9270259188846506,1,126.50420339516093,0,1292.1281249873573
R8_3,5,1.0438527071212054,1,142.44667002960196,0,1292.1281249873573
R8_3,6,1.0110390642082816,1,137.96884079890802,0,1292.1281249873573
R8_3,7,1.003054058419817,1,136.8791875585857,0,1292.1281249873573
R8_3,8,1.1485421951603687,1,156.73285126623406,0,1292.1281249873573
R8_3,9,2.1735942678313904,0,160.15151781275142,0,1292.1281249873573
R8_3,10,1.2149562232134556,1,165.79587047849944,0,1292.1281249873573
R8_3,11,1.486924583416105,1,202.9093319850763,0,1292.1281249873573
R8_3,12,2.4210773588675885,0,193.92366015260532,0,1292.1281249873573
R8_3,13,1.2608170015337379,1,172.05414342459963,0,1292.1281249873573
R8_3,14,1.3868496979205407,1,189.2528705943203,0,1292.1281249873573
R8_3,15,1.241414379350788,1,169.40641458225574,0,1292.1281249873573
R8_3,16,0.9945185159175711,1,135.71440674415973,0,1292.1281249873573
R8_3,17,1.1794335741612958,1,160.94836370518732,0,1292.1281249873573
R8_3,18,1.3851400557067262,1,189.01956867476915,0,1292.1281249873573
R8_3,19,1.054062243235446,1,143.8398880689855,0,1292.1281249873573
R8_3,20,2.188322982988627,0,162.16143397587425,0,1292.1281249873573
R8_3,21,2.4115935830682744,0,192.62948112456434,0,1292.1281249873573
R8_3,22,2.6773551570660175,0,228.8959495444319,0,1292.1281249873573
R8_3,23,1.0057220144642613,1,137.24326330579,0,1292.1281249873573
R8_3,24,1.116652103648569,1,152.38105209782145,0,1292.1281249873573
R8_3,25,1.2132465809996376,1,165.56256855894827,0,1292.1281249873573
R8_3,26,1.2137383556048604,1,165.62967731331645,0,1292.1281249873573
R8_3,27,1.0579751221813432,1,144.37384901220037,0,1292.1281249873573
R8_3,28,1.0886115076537592,1,148.55456441631574,0,1292.1281249873573
R8_3,29,1.3027258597323819,1,177.77312777403282,0,1292.1281249873573
R8_3,30,1.163438827592124,1,158.76568182755992,0,1292.1281249873573
R8_3,31,1.068713178007787,1,145.8391901322973,0,1292.1281249873573
R8_3,32,2.4557713205832172,0,198.65808224377847,0,1292.1281249873573
R8_3,33,1.2325906023353976,1,168.20230058767456,0,1292.1281249873573
R8_3,34,2.452085959651402,0,198.15516896012005,0,1292.1281249873573
R8_3,35,2.8363920627061887,0,250.59851108947174,0,1292.1281249873573
R8_3,36,1.6641497454380474,1,227.09390707240323,0,1292.1281249873573
R8_3,37,1.1338947745677643,1,154.7340287564052,0,1292.1281249873573
R8_3,38,1.0472793696888125,1,142.91428070756513,0,1292.1281249873573
R8_3,39,0.9536870302594842,1,130.14244326245694,0,1292.1281249873573
R8_3,40,1.060248884972495,1,144.684132192794,0,1292.1281249873573
R8_3,41,2.515769715225428,0,206.8456085734989,0,1292.1281249873573
R8_3,42,1.3930494539189837,1,190.0989043220191,0,1292.1281249873573
R8_3,43,3.4753734900215854,0,337.7954651337472,0,1292.1281249873573
R8_3,44,0.9593442480267846,1,130.91444090837635,0,1292.1281249873573
R8_3,45,1.1108261212877863,1,151.58602442650056,0,1292.1281249873573
R8_3,46,0.9669082488750576,1,131.94664279431987,0,1292.1281249873573
R8_3,47,0.9593442480267846,1,130.91444090837635,0,1292.1281249873573
R8_3,48,1.2494786990887423,1,170.50689119633068,0,1292.1281249873573
R8_3,49,1.3027258597323819,1,177.77312777403282,0,1292.1281249873573
R8_3,50,0.9849019881196046,1,134.4021120566792,0,1292.1281249873573
R8_3,51,2.3651259798364883,0,186.2883993804942,0,1292.1281249873573
R8_3,52,2.669222546438423,0,227.7861537900644,0,1292.1281249873573
R8_3,53,1.3304165700075128,1,181.55186920233766,0,1292.1281249873573
R8_3,54,1.198393104488778,1,163.5356271591698,0,1292.1281249873573
R8_3,55,1.4540819440896833,1,198.4275458335279,0,1292.1281249873573
R8_3,56,1.2141484965775415,1,165.68564614436193,0,1292.1281249873573
R8_3,57,1.0110390642082816,1,137.96884079890802,0,1292.1281249873573
R8_3,58,0.9889234404232266,1,134.95088918340005,0,1292.1281249873573
R8_3,59,1.030148512497714,1,140.57656242128095,0,1292.1281249873573
R8_3,60,1.1650393369299987,1,158.98409121039353,0,1292.1281249873573
R8_3,61,2.5445028528816103,0,210.7666021683838,0,1292.1281249873573
R8_3,62,1.241090481971371,1,169.36221476094516,0,1292.1281249873573
R8_3,63,1.1990816988562862,1,163.62959441526155,0,1292.1281249873573
R8_3,64,2.562404402451797,0,213.2094910043721,0,1292.1281249873573
R8_4,1,0.9299541420550899,1,121.56757917394967,0,1181.8921875601518
R8_4,2,1.0829137003638163,1,141.5631062372691,0,1181.8921875601518
R8_4,3,1.468597342194073,1,191.98131993615405,0,1181.8921875601518
R8_4,4,1.094141381112662,1,143.03083664100595,0,1181.8921875601518
R8_4,5,1.0291748113469659,1,134.53812903695334,0,1181.8921875601518
R8_4,6,1.3991991101527734,1,182.90928650279716,0,1181.8921875601518
R8_4,7,1.0231700432468696,1,133.75316009233796,0,1181.8921875601518
R8_4,8,3.612913541851075,0,210.84695022316527,0,1181.8921875601518
R8_4,9,1.0987235953261543,1,143.6298432629445,0,1181.8921875601518
R8_4,10,1.0298767132632722,1,134.62988465470295,0,1181.8921875601518
R8_4,11,1.1435415595880958,1,149.48863905989492,0,1181.8921875601518
R8_4,12,0.9543596123896183,1,124.75796654145338,0,1181.8921875601518
R8_4,13,1.2335693547028992,1,161.25745712901914,0,1181.8921875601518
R8_4,14,1.2870008210827564,1,168.2422467286002,0,1181.8921875601518
R8_4,15,1.1258472073163386,1,147.1755577223844,0,1181.8921875601518
R8_4,16,1.1083564655187086,1,144.88909321608523,0,1181.8921875601518
R8_4,17,1.1658351227330943,1,152.40294889533467,0,1181.8921875601518
R8_4,18,0.9751863941481709,1,127.48053244645196,0,1181.8921875601518
R8_4,19,1.4501700963001376,1,189.5724316126738,0,1181.8921875601518
R8_4,20,1.0087285369384826,1,131.86530467867613,0,1181.8921875601518
R8_4,21,1.043874060230241,1,136.45967766134714,0,1181.8921875601518
R8_4,22,1.0431987889084624,1,136.3714033087077,0,1181.8921875601518
R8_4,23,1.3830120914398183,1,180.7932502489785,0,1181.8921875601518
R8_4,24,1.3073288841717066,1,170.89961799806719,0,1181.8921875601518
R8_4,25,1.3753979970024481,1,179.79790328885036,0,1181.8921875601518
R8_4,26,1.0662457321518506,1,139.38419820982688,0,1181.8921875601518
R8_4,27,1.361844515784112,1,178.0261343095204,0,1181.8921875601518
R8_4,28,2.9061614034154886,0,249.18156374458275,0,1181.8921875601518
R8_4,29,0.9649937773914452,1,126.14811003062741,0,1181.8921875601518
R8_4,30,1.1604032360312324,1,151.6928694550378,0,1181.8921875601518
R8_4,31,0.9406237384104355,1,122.96235440105528,0,1181.8921875601518
R8_4,32,1.3753979970024481,1,179.79790328885036,0,1181.8921875601518
R8_4,33,1.322120841287676,1,172.83328583878395,0,1181.8921875601518
R8_4,34,0.9102274729762119,1,118.98882469925556,0,1181.8921875601518
R8_4,35,1.061486383933996,1,138.76203587393806,0,1181.8921875601518
R8_4,36,0.9779377911537885,1,127.84020681983566,0,1181.8921875601518
R8_4,37,1.2724950601878238,1,166.3459916808232,0,1181.8921875601518
R8_4,38,0.9426213432328172,1,123.22348983926777,0,1181.8921875601518
R8_4,39,0.9457299133322099,1,123.62985540568216,0,1181.8921875601518
R8_4,40,1.010695035273523,1,132.12237374394454,0,1181.8921875601518
R8_4,41,1.1639845930808264,1,152.16103975181656,0,1181.8921875601518
R8_4,42,1.1799474485012738,1,154.24777242218158,0,1181.8921875601518
R8_4,43,1.2276791274193535,1,160.4874614493801,0,1181.8921875601518
R8_4,44,0.9349128469470305,1,122.21580226613246,0,1181.8921875601518
R8_4,45,1.165171667344076,1,152.3162191719159,0,1181.8921875601518
R8_4,46,1.2401344281057582,1,162.11567157701495,0,1181.8921875601518
R8_4,47,1.3709650545739773,1,179.21841011249234,0,1181.8921875601518
R8_4,48,2.4785092305515093,0,193.27704433606178,0,1181.8921875601518
R8_4,49,0.9909621654252909,1,129.54280867818449,0,1181.8921875601518
R8_4,50,1.2047994933691566,1,157.49653792091257,0,1181.8921875601518
R8_4,51,1.0310930537669343,1,134.78888988280443,0,1181.8921875601518
R8_4,52,0.9000801709470299,1,117.6623260182471,0,1181.8921875601518
R8_4,53,1.0162541318409168,1,132.84908260143578,0,1181.8921875601518
R8_4,54,1.3622290369725754,1,178.07640056234797,0,1181.8921875601518
R8_4,55,1.3117796367810506,1,171.48143939737224,0,1181.8921875601518
R8_4,56,1.21624033566599,1,158.9921337130486,0,1181.8921875601518
R8_4,57,1.1641826967361606,1,152.1869367081454,0,1181.8921875601518
R8_4,58,0.91223593039593,1,119.25137883536549,0,1181.8921875601518
R8_4,59,1.401885433901871,1,183.2604542220284,0,1181.8921875601518
R8_4,60,1.0087285369384826,1,131.86530467867613,0,1181.8921875601518
R8_4,61,0.9091273602965373,1,118.84501326895109,0,1181.8921875601518
R8_4,62,2.5446523931529725,0,201.92356118322533,0,1181.8921875601518
R8_4,63,1.058881189645163,1,138.42147374442132,0,1181.8921875601518
R8_4,64,1.0827971311968376,1,141.54786781765765,0,1181.8921875601518
R8_5,1,1.0747202116992973,1,190.675170042,0,1174.796874920503
R8_5,2,1.0543603982464376,1,187.0629639534872,0,1174.796874920503
R8_5,3,2.9114340922587694,0,339.12363106044575,0,1174.796874920503
R8_5,4,1.23692435158131,1,219.45317348590706,0,1174.796874920503
R8_5,5,0.9346555338915152,1,165.82511514664338,0,1174.796874920503
R8_5,6,0.9545320479533572,1,169.35157501715327,0,1174.796874920503
R8_5,7,2.6951906417879137,0,300.7580581046671,0,1174.796874920503
R8_5,8,1.3563196933999109,1,240.63610729105844,0,1174.796874920503
R8_5,9,1.1717569299884634,1,207.8912720178332,0,1174.796874920503
R8_5,10,0.9336724158081822,1,165.65069188217802,0,1174.796874920503
R8_5,11,0.9924821222775169,1,176.0846175300734,0,1174.796874920503
R8_5,12,1.215754977892038,1,215.697336493224,0,1174.796874920503
R8_5,13,1.0647505888685007,1,188.90637523585116,0,1174.796874920503
R8_5,14,1.066245631989183,1,189.1716234354787,0,1174.796874920503
R8_5,15,1.1000107053578994,1,195.16216965948624,0,1174.796874920503
R8_5,16,0.9744109557495602,1,172.87845958025062,0,1174.796874920503
R8_5,17,1.2299643404575864,1,218.2183392564361,0,1174.796874920503
R8_5,18,1.0316143085212595,1,183.02738848098247,0,1174.796874920503
R8_5,19,1.0602548308280966,1,188.1087449135683,0,1174.796874920503
R8_5,20,0.9153786097045273,1,162.4050335689192,0,1174.796874920503
R8_5,21,0.9346555338915152,1,165.82511514664338,0,1174.796874920503
R8_5,22,0.9535360123489891,1,169.17485994641856,0,1174.796874920503
R8_5,23,0.9191204937975233,1,163.0689127608636,0,1174.796874920503
R8_5,24,0.9959211933271348,1,176.69477210801307,0,1174.796874920503
R8_5,25,1.1176248074591957,1,198.2872359574316,0,1174.796874920503
R8_5,26,0.9673139432064222,1,171.6193187743719,0,1174.796874920503
R8_5,27,1.0,0,0.0,0,1174.796874920503
R8_5,28,1.454338517540375,1,258.0264529427409,0,1174.796874920503
R8_5,29,2.355216268030638,0,240.44033929709667,0,1174.796874920503
R8_5,30,1.1848442122487235,1,210.2131970576697,0,1174.796874920503
R8_5,31,1.2434407688005216,1,220.60930598235745,0,1174.796874920503
R8_5,32,1.0747202116992973,1,190.675170042,0,1174.796874920503
R8_5,33,0.9158611730709829,1,162.49064920260065,0,1174.796874920503
R8_5,34,1.2299643404575864,1,218.2183392564361,0,1174.796874920503
R8_5,35,1.0387113210643975,1,184.2865292868612,0,1174.796874920503
R8_5,36,1.2708852710085505,1,225.47846640966534,0,1174.796874920503
R8_5,37,1.1382322694397047,1,201.94337945831055,0,1174.796874920503
R8_5,38,2.678006396525049,0,297.70925633107856,0,1174.796874920503
R8_5,39,1.4867940167266553,1,263.78465657450926,0,1174.796874920503
R8_5,40,1.0,0,0.0,0,1174.796874920503
R8_5,41,0.9268549547590776,1,164.44114866279702,0,1174.796874920503
R8_5,42,1.0,0,0.0,0,1174.796874920503
R8_5,43,1.127763709014431,1,200.08606392869254,0,1174.796874920503
R8_5,44,1.1439538415196484,1,202.95849177998699,0,1174.796874920503
R8_5,45,1.0453305722404433,1,185.46090642223484,0,1174.796874920503
R8_5,46,1.2243703889706445,1,217.22586917969622,0,1174.796874920503
R8_5,47,1.0501526546226998,1,186.31643269612857,0,1174.796874920503
R8_5,48,1.0805277906194526,1,191.70554156202718,0,1174.796874920503
R8_5,49,0.9869270918948558,1,175.09905277445412,0,1174.796874920503
R8_5,50,0.9608665347586083,1,170.47542970563137,0,1174.796874920503
R8_5,51,1.2247444494457635,1,217.2922344010096,0,1174.796874920503
R8_5,52,1.0142847790392544,1,179.95281060968313,0,1174.796874920503
R8_5,53,1.0316143085212595,1,183.02738848098247,0,1174.796874920503
R8_5,54,1.089993761088909,1,193.38497915818283,0,1174.796874920503
R8_5,55,0.8466493132628123,1,150.21118986594263,0,1174.796874920503
R8_5,56,1.2172733764275048,1,215.9667283738175,0,1174.796874920503
R8_5,57,0.9996003238818751,1,177.3475176658756,0,1174.796874920503
R8_5,58,1.2026688193890287,1,213.37561082863226,0,1174.796874920503
R8_5,59,0.9608665347586083,1,170.47542970563137,0,1174.796874920503
R8_5,60,0.9209991838211593,1,163.40222699075656,0,1174.796874920503
R8_5,61,0.9608229262645303,1,170.46769275518332,0,1174.796874920503
R8_5,62,0.9064472618105022,1,160.82044786944215,0,1174.796874920503
R8_5,63,1.0543603982464376,1,187.0629639534872,0,1174.796874920503
R8_5,64,1.207390292830933,1,214.21328722252875,0,1174.796874920503
R8_6,1,1.2973945255527966,1,165.38488081673123,0,1083.5640625828091
R8_6,2,1.2834625301594969,1,163.6089049263762,0,1083.5640625828091
R8_6,3,2.4884650837446998,0,189.74152859947824,0,1083.5640625828091
R8_6,4,1.1422306453047604,1,145.60542334526616,0,1083.5640625828091
R8_6,5,0.961195899208148,1,122.5280869474437,0,1083.5640625828091
R8_6,6,1.0911874246050193,1,139.0987079201089,0,1083.5640625828091
R8_6,7,1.3819767375889072,1,176.1669665904066,0,1083.5640625828091
R8_6,8,1.1056317292432993,1,140.93999023942894,0,1083.5640625828091
R8_6,9,1.4142189162209515,1,180.27702622555182,0,1083.5640625828091
R8_6,10,1.461140349950087,1,186.25831840168195,0,1083.5640625828091
R8_6,11,1.1664093526111898,1,148.687594995769,0,1083.5640625828091
R8_6,12,1.233132446070325,1,157.1930963233323,0,1083.5640625828091
R8_6,13,1.39514900912463,1,177.8460969667996,0,1083.5640625828091
R8_6,14,1.23292678651233,1,157.16687994826833,0,1083.5640625828091
R8_6,15,2.403909271861167,0,178.96280817535597,0,1083.5640625828091
R8_6,16,1.132691487968554,1,144.3894228395847,0,1083.5640625828091
R8_6,17,1.2487924078512656,1,159.18934408122382,0,1083.5640625828091
R8_6,18,1.5358857049325003,1,195.7864545097819,0,1083.5640625828091
R8_6,19,1.1457822003916807,1,146.05815649867162,0,1083.5640625828091
R8_6,20,1.2805210393667998,1,163.2339394901946,0,1083.5640625828091
R8_6,21,1.1217509327627724,1,142.994779665793,0,1083.5640625828091
R8_6,22,0.9772062304863223,1,124.56899792565885,0,1083.5640625828091
R8_6,23,2.6244839904988417,0,207.08048775129927,0,1083.5640625828091
R8_6,24,0.9772062304863223,1,124.56899792565885,0,1083.5640625828091
R8_6,25,1.5442449413253474,1,196.8520450355018,0,1083.5640625828091
R8_6,26,1.491257952230006,1,190.09754846273665,0,1083.5640625828091
R8_6,27,1.4405006942556717,1,183.6272860288077,0,1083.5640625828091
R8_6,28,1.5614585928629392,1,199.04634881272202,0,1083.5640625828091
R8_6,29,2.4910114044909903,0,190.06611988212416,0,1083.5640625828091
R8_6,30,1.0,0,0.0,0,1083.5640625828091
R8_6,31,1.1457155087463917,1,146.04965500618778,0,1083.5640625828091
R8_6,32,2.763852623134113,0,224.84645195417286,0,1083.5640625828091
R8_6,33,1.3810621103728469,1,176.05037482888767,0,1083.5640625828091
R8_6,34,1.5464970107340026,1,197.1391267391823,0,1083.5640625828091
R8_6,35,1.2314879164024681,1,156.98346052037394,0,1083.5640625828091
R8_6,36,1.181051007575828,1,150.55403447396458,0,1083.5640625828091
R8_6,37,1.4110419498602784,1,179.8720436296102,0,1083.5640625828091
R8_6,38,0.9250485439687814,1,117.92021638813509,0,1083.5640625828091
R8_6,39,1.170706516126451,1,149.235374304086,0,1083.5640625828091
R8_6,40,1.1830695220334349,1,150.81134384780827,0,1083.5640625828091
R8_6,41,1.1055020848579495,1,140.92346387000336,0,1083.5640625828091
R8_6,42,1.0911874246050193,1,139.0987079201089,0,1083.5640625828091
R8_6,43,1.2865193034006523,1,163.99856594946166,0,1083.5640625828091
R8_6,44,1.0180575441755835,1,129.77650382508946,0,1083.5640625828091
R8_6,45,1.1166177072793904,1,142.34042367148746,0,1083.5640625828091
R8_6,46,0.9250485439687814,1,117.92021638813509,0,1083.5640625828091
R8_6,47,0.9925185024668455,1,126.52092405657362,0,1083.5640625828091
R8_6,48,1.2462391878669195,1,158.8638733207934,0,1083.5640625828091
R8_6,49,1.0187343163589428,1,129.86277510547535,0,1083.5640625828091
R8_6,50,1.4797804097664304,1,188.63445303954722,0,1083.5640625828091
R8_6,51,0.9250485439687814,1,117.92021638813509,0,1083.5640625828091
R8_6,52,1.0692291139829138,1,136.29958050462523,0,1083.5640625828091
R8_6,53,1.06619641722496,1,135.9129886222107,0,1083.5640625828091
R8_6,54,1.223217292084401,1,155.92916578567048,0,1083.5640625828091
R8_6,55,1.421886011753589,1,181.25438635456507,0,1083.5640625828091
R8_6,56,2.347944412414204,0,171.8287086957731,0,1083.5640625828091
R8_6,57,1.1664093526111898,1,148.687594995769,0,1083.5640625828091
R8_6,58,1.3473128045393583,1,171.7481947186849,0,1083.5640625828091
R8_6,59,1.1980991201710616,1,152.7272362365597,0,1083.5640625828091
R8_6,60,1.0180575441755835,1,129.77650382508946,0,1083.5640625828091
R8_6,61,1.207934667312493,1,153.98101892156092,0,1083.5640625828091
R8_6,62,1.2931494203685112,1,164.84373762464122,0,1083.5640625828091
R8_6,63,1.026750423755887,1,130.88462539106456,0,1083.5640625828091
R8_6,64,1.012542802059432,1,129.07351414103337,0,1083.5640625828091
R8_7,1,1.3535897742997811,1,195.0093181704086,0,1062.4328124322346
R8_7,2,1.1720085380534293,1,168.84922613568662,0,1062.4328124322346
R8_7,3,1.5949233534182028,0,85.70957000155546,0,1062.4328124322346
R8_7,4,1.0046054147509231,1,144.73175010665412,0,1062.4328124322346
R8_7,5,0.9027055650875937,1,130.05121647541174,0,1062.4328124322346
R8_7,6,1.062863236291392,1,153.12485285639724,0,1062.4328124322346
R8_7,7,1.0408452986083265,1,149.95276697290683,0,1062.4328124322346
R8_7,8,1.4440737063275613,1,208.04518045685592,0,1062.4328124322346
R8_7,9,1.2310349284573512,1,177.3530552612304,0,1062.4328124322346
R8_7,10,1.2337542389801754,1,177.74482158587188,0,1062.4328124322346
R8_7,11,1.0481938460773499,1,151.01145939116088,0,1062.4328124322346
R8_7,12,1.1853090342303272,1,170.7654054242945,0,1062.4328124322346
R8_7,13,0.9868312231074867,1,142.17105331414902,0,1062.4328124322346
R8_7,14,2.5187199359939534,0,218.79933258449327,0,1062.4328124322346
R8_7,15,2.764355940614603,0,254.18768338963756,0,1062.4328124322346
R8_7,16,1.2003438369435333,1,172.931443231019,0,1062.4328124322346
R8_7,17,1.0944238662749015,1,157.6717377774928,0,1062.4328124322346
R8_7,18,1.0093129877869398,1,145.40996194411093,0,1062.4328124322346
R8_7,19,2.9912944069133083,0,286.8823124565882,0,1062.4328124322346
R8_7,20,1.11606343025678,1,160.78931202172376,0,1062.4328124322346
R8_7,21,0.9863377577607437,1,142.09996062223018,0,1062.4328124322346
R8_7,22,2.66863720070727,0,240.3976514613042,0,1062.4328124322346
R8_7,23,1.1304629057997495,1,162.86381935102068,0,1062.4328124322346
R8_7,24,1.0447554111651591,1,150.51609006987098,0,1062.4328124322346
R8_7,25,2.6628836322007423,0,239.56874488058972,0,1062.4328124322346
R8_7,26,1.2603653186700168,1,181.5786334280001,0,1062.4328124322346
R8_7,27,0.9975974210471144,1,143.72212067544044,0,1062.4328124322346
R8_7,28,1.0638990736345768,1,153.27408413596606,0,1062.4328124322346
R8_7,29,1.0457869960679016,1,150.6647087077617,0,1062.4328124322346
R8_7,30,1.3792138545247852,1,198.70093472093004,0,1062.4328124322346
R8_7,31,0.9249779887754279,1,133.25996571379457,0,1062.4328124322346
R8_7,32,1.0,0,0.0,0,1062.4328124322346
R8_7,33,1.1447135310658343,1,164.91688208051573,0,1062.4328124322346
R8_7,34,0.9192859968936595,1,132.43993037002204,0,1062.4328124322346
R8_7,35,1.1585504877360222,1,166.91034829682403,0,1062.4328124322346
R8_7,36,1.0710827605248578,1,154.30902537815163,0,1062.4328124322346
R8_7,37,1.1529227149693853,1,166.09956488897217,0,1062.4328124322346
R8_7,38,1.1535790055018413,1,166.19411552143578,0,1062.4328124322346
R8_7,39,1.0458747015529237,1,150.6773442840333,0,1062.4328124322346
R8_7,40,1.0638990736345768,1,153.27408413596606,0,1062.4328124322346
R8_7,41,0.9470683364255432,1,136.44248357495727,0,1062.4328124322346
R8_7,42,2.6630757516943397,0,239.59642320098257,0,1062.4328124322346
R8_7,43,3.2627495722196116,0,325.9903847140054,0,1062.4328124322346
R8_7,44,0.9753088195816737,1,140.51104073285177,0,1062.4328124322346
R8_7,45,1.09311557492466,1,157.4832545242775,0,1062.4328124322346
R8_7,46,0.9524652857569631,1,137.2200126530451,0,1062.4328124322346
R8_7,47,1.1304629057997495,1,162.86381935102068,0,1062.4328124322346
R8_7,48,1.2114082967242386,1,174.52548065559628,0,1062.4328124322346
R8_7,49,1.0989377939697622,1,158.3220514683603,0,1062.4328124322346
R8_7,50,2.720172457196469,0,247.82224598802847,0,1062.4328124322346
R8_7,51,1.2413744726458695,1,178.84265536066883,0,1062.4328124322346
R8_7,52,1.2310349284573512,1,177.3530552612304,0,1062.4328124322346
R8_7,53,1.158197195313063,1,166.8594500735779,0,1062.4328124322346
R8_7,54,0.9795690855771397,1,141.12480982506432,0,1062.4328124322346
R8_7,55,0.9546403479456629,1,137.53337006933927,0,1062.4328124322346
R8_7,56,1.0705966818636306,1,154.23899687313283,0,1062.4328124322346
R8_7,57,2.102867227921596,0,158.88815816500616,0,1062.4328124322346
R8_7,58,1.1144142937825379,1,160.5517238059158,0,1062.4328124322346
R8_7,59,1.2764556314450175,1,183.89673672855508,0,1062.4328124322346
R8_7,60,1.1217776734855,1,161.61255307824592,0,1062.4328124322346
R8_7,61,1.0461249350182964,1,150.71339498299125,0,1062.4328124322346
R8_7,62,0.9342194543583062,1,134.59136754352923,0,1062.4328124322346
R8_7,63,1.2637443005080655,1,182.06543744858223,0,1062.4328124322346
R8_7,64,1.062638067785116,1,153.092413222384,0,1062.4328124322346
R8_8,1,0.9426059194280185,1,148.58902027307056,0,1041.8874999231775
R8_8,2,1.185742166002127,1,186.916147152606,0,1041.8874999231775
R8_8,3,1.3811344145253308,1,217.71708122124906,0,1041.8874999231775
R8_8,4,0.9450190727042127,1,148.9694211104598,0,1041.8874999231775
R8_8,5,1.154534041261691,1,181.99661017096363,0,1041.8874999231775
R8_8,6,1.0,0,0.0,0,1041.8874999231775
R8_8,7,1.4361669796702774,1,226.39221763770996,0,1041.8874999231775
R8_8,8,1.179526308462993,1,185.9363016383138,0,1041.8874999231775
R8_8,9,0.9770841428646566,1,154.02404389812384,0,1041.8874999231775
R8_8,10,1.0516509326063535,1,165.7784854990741,0,1041.8874999231775
R8_8,11,0.9744001247150802,1,153.60094489246254,0,1041.8874999231775
R8_8,12,1.0814928960874433,1,170.48266571403673,0,1041.8874999231775
R8_8,13,1.4602142244255454,1,230.18293915218996,0,1041.8874999231775
R8_8,14,1.2056281573048757,1,190.0509035804323,0,1041.8874999231775
R8_8,15,2.571867485367175,0,247.78355921160718,0,1041.8874999231775
R8_8,16,1.0057067636720731,1,158.53601130227747,0,1041.8874999231775
R8_8,17,1.1113622840366197,1,175.19116902390084,0,1041.8874999231775
R8_8,18,1.4925966398316657,1,235.28758710749986,0,1041.8874999231775
R8_8,19,1.082909374513175,1,170.70595429856533,0,1041.8874999231775
R8_8,20,1.1668793731132077,1,183.942684057149,0,1041.8874999231775
R8_8,21,2.549671786965522,0,244.28470883118578,0,1041.8874999231775
R8_8,22,3.1709759158090236,0,342.22486589331174,0,1041.8874999231775
R8_8,23,1.451833624424017,1,228.86185139126934,0,1041.8874999231775
R8_8,24,1.2432148809414905,1,195.97594004087446,0,1041.8874999231775
R8_8,25,1.3021487550534196,1,205.26606482653415,0,1041.8874999231775
R8_8,26,1.0207943471111154,1,160.91436390466328,0,1041.8874999231775
R8_8,27,1.1755972892591604,1,185.31694512664885,0,1041.8874999231775
R8_8,28,1.1108238370152321,1,175.10629016442422,0,1041.8874999231775
R8_8,29,1.1443388473523406,1,180.38947632715764,0,1041.8874999231775
R8_8,30,0.9528011133373688,1,150.19615411687658,0,1041.8874999231775
R8_8,31,1.0166166277506825,1,160.25580319127465,0,1041.8874999231775
R8_8,32,1.1885011819655489,1,187.35106854496422,0,1041.8874999231775
R8_8,33,1.4418469359035875,1,227.28758559000715,0,1041.8874999231775
R8_8,34,1.3021487550534196,1,205.26606482653415,0,1041.8874999231775
R8_8,35,2.9679195783292087,0,310.21579229798385,0,1041.8874999231775
R8_8,36,1.0080263703454069,1,158.9016657883206,0,1041.8874999231775
R8_8,37,1.0308975829361025,1,162.50700180548765,0,1041.8874999231775
R8_8,38,1.073114085971703,1,169.16186010429976,0,1041.8874999231775
R8_8,39,2.960853381867665,0,309.1019024022831,0,1041.8874999231775
R8_8,40,0.98410775229436,1,155.13122052669152,0,1041.8874999231775
R8_8,41,1.1892387911534588,1,187.46734261487694,0,1041.8874999231775
R8_8,42,1.2214994414382758,1,192.55279595268564,0,1041.8874999231775
R8_8,43,1.0938192385917844,1,172.4257461875625,0,1041.8874999231775
R8_8,44,1.0938192385917844,1,172.4257461875625,0,1041.8874999231775
R8_8,45,1.026861718532551,1,161.87080259930949,0,1041.8874999231775
R8_8,46,1.0057067636720731,1,158.53601130227747,0,1041.8874999231775
R8_8,47,1.012091188528263,1,159.54242916454143,0,1041.8874999231775
R8_8,48,1.4252975006568853,1,224.67879190571506,0,1041.8874999231775
R8_8,49,1.0080263703454069,1,158.9016657883206,0,1041.8874999231775
R8_8,50,1.557487904518176,1,245.51681360111223,0,1041.8874999231775
R8_8,51,1.5817290292290078,1,249.3380976572166,0,1041.8874999231775
R8_8,52,1.1282729708774681,1,177.85690911531827,0,1041.8874999231775
R8_8,53,1.2226440823609224,1,192.73323304707986,0,1041.8874999231775
R8_8,54,1.0639335067214652,1,167.71466648052117,0,1041.8874999231775
R8_8,55,1.3152971638029207,1,207.33873287791243,0,1041.8874999231775
R8_8,56,1.1876925833562595,1,187.22360395698286,0,1041.8874999231775
R8_8,57,1.3008317725198317,1,205.0584604180011,0,1041.8874999231775
R8_8,58,1.235315271757928,1,194.7306739493588,0,1041.8874999231775
R8_8,59,0.9528011133373688,1,150.19615411687658,0,1041.8874999231775
R8_8,60,1.3463633550039127,1,212.2358959648701,0,1041.8874999231775
R8_8,61,0.9559289367828221,1,150.68921299945697,0,1041.8874999231775
R8_8,62,0.9710114399775591,1,153.06676477033002,0,1041.8874999231775
R8_8,63,1.4015003410669369,1,220.92749292077136,0,1041.8874999231775
R8_8,64,2.790732185995811,0,282.2846065405928,0,1041.8874999231775
R8_9,1,1.4951978968283033,1,196.41917986659283,0,1096.7640623675834
R8_9,2,1.6000724009154421,1,210.1961950198431,0,1096.7640623675834
R8_9,3,1.0458366144450633,1,137.3880812162099,0,1096.7640623675834
R8_9,4,1.1082348594692544,1,145.5851313450021,0,1096.7640623675834
R8_9,5,1.1119449098385896,1,146.07250833526845,0,1096.7640623675834
R8_9,6,1.1219397781210088,1,147.385500973281,0,1096.7640623675834
R8_9,7,1.0790787573175002,1,141.75499107734785,0,1096.7640623675834
R8_9,8,1.431448093128557,1,188.04457996518704,0,1096.7640623675834
R8_9,9,1.381827013334485,1,181.52602358016173,0,1096.7640623675834
R8_9,10,2.7494904708856645,0,229.82475042582334,0,1096.7640623675834
R8_9,11,1.3168956482339897,1,172.99620588331277,0,1096.7640623675834
R8_9,12,1.1908516775342353,1,156.43822823734908,0,1096.7640623675834
R8_9,13,1.112604161459826,1,146.1591120303668,0,1096.7640623675834
R8_9,14,1.214019705053186,1,159.48173503604914,0,1096.7640623675834
R8_9,15,1.224018813238871,1,160.79528465606677,0,1096.7640623675834
R8_9,16,1.0458366144450633,1,137.3880812162099,0,1096.7640623675834
R8_9,17,2.7502595149189517,0,229.9257771853052,0,1096.7640623675834
R8_9,18,1.4591941424879646,1,191.68948628245334,0,1096.7640623675834
R8_9,19,1.2093830789092053,1,158.87263686484357,0,1096.7640623675834
R8_9,20,2.872773238960214,0,246.01999805709218,0,1096.7640623675834
R8_9,21,1.1500741135254842,1,151.08141513819592,0,1096.7640623675834
R8_9,22,1.5955286911329543,0,78.23262549224442,0,1096.7640623675834
R8_9,23,1.1082348594692544,1,145.5851313450021,0,1096.7640623675834
R8_9,24,1.2103696596205626,1,159.00224069495056,0,1096.7640623675834
R8_9,25,1.693047288689634,1,222.40999711489275,0,1096.7640623675834
R8_9,26,1.212384646453943,1,159.26694282039782,0,1096.7640623675834
R8_9,27,1.1209263668008251,1,147.25237249523786,0,1096.7640623675834
R8_9,28,1.0,0,0.0,0,1096.7640623675834
R8_9,29,1.2424347422444253,1,163.21452406205142,0,1096.7640623675834
R8_9,30,1.6648168894529576,1,218.70146336351647,0,1096.7640623675834
R8_9,31,1.1365344329981255,1,149.30275229331045,0,1096.7640623675834
R8_9,32,1.3812203709259254,1,181.44633098253698,0,1096.7640623675834
R8_9,33,1.416183160521193,1,186.03927648675278,0,1096.7640623675834
R8_9,34,1.4096886425568034,1,185.1861132400012,0,1096.7640623675834
R8_9,35,1.1248678800321539,1,147.770155992642,0,1096.7640623675834
R8_9,36,1.5332557516573804,1,201.41871380712732,0,1096.7640623675834
R8_9,37,1.0142381530235518,1,133.23709632609936,0,1096.7640623675834
R8_9,38,1.2572609561113097,1,165.16219451720468,0,1096.7640623675834
R8_9,39,1.3271816044686329,1,174.3474377784606,0,1096.7640623675834
R8_9,40,2.760933261506935,0,231.3279518107257,0,1096.7640623675834
R8_9,41,1.289930125643398,1,169.45383477434228,0,1096.7640623675834
R8_9,42,1.4221179024345592,1,186.8189038135542,0,1096.7640623675834
R8_9,43,1.0312534220810488,1,135.4723356884423,0,1096.7640623675834
R8_9,44,1.0655463050995753,1,139.9772777914562,0,1096.7640623675834
R8_9,45,1.1604172564954052,1,152.44015946475236,0,1096.7640623675834
R8_9,46,0.9661619907509991,1,126.92149062284135,0,1096.7640623675834
R8_9,47,1.0106960700087662,1,132.7717846491239,0,1096.7640623675834
R8_9,48,1.167851493049863,1,153.4167704204382,0,1096.7640623675834
R8_9,49,1.466445918967997,1,192.64212806439107,0,1096.7640623675834
R8_9,50,1.7470899027939684,1,229.50939577157672,0,1096.7640623675834
R8_9,51,1.307351599888392,1,171.74243596253768,0,1096.7640623675834
R8_9,52,1.1209263668008251,1,147.25237249523786,0,1096.7640623675834
R8_9,53,1.400019994742559,1,183.91597510101553,0,1096.7640623675834
R8_9,54,1.6000724009154421,1,210.1961950198431,0,1096.7640623675834
R8_9,55,1.400295313820033,1,183.95214285346742,0,1096.7640623675834
R8_9,56,1.0655463050995753,1,139.9772777914562,0,1096.7640623675834
R8_9,57,1.5217963682710334,1,199.9133326858071,0,1096.7640623675834
R8_9,58,1.0889729543260458,1,143.054758864595,0,1096.7640623675834
R8_9,59,1.214019705053186,1,159.48173503604914,0,1096.7640623675834
R8_9,60,1.0299132377740587,1,135.29628012883555,0,1096.7640623675834
R8_9,61,1.2265450207187154,1,161.12714413929368,0,1096.7640623675834
R8_9,62,1.1896650482780373,1,156.28234469457362,0,1096.7640623675834
R8_9,63,1.5503657402050735,1,203.66639615418902,0,1096.7640623675834
R8_9,64,1.1248678800321539,1,147.770155992642,0,1096.7640623675834
R9_0,1,2.8988187803238787,0,278.81823817098234,0,1664.6093749841384
R9_0,2,1.2249787841973774,1,179.873103187071,0,1664.6093749841384
R9_0,3,0.939746192394475,1,137.9901970669496,0,1664.6093749841384
R9_0,4,0.9338249632115385,1,137.1207372187004,0,1664.6093749841384
R9_0,5,1.0731435459713161,1,157.5779615689536,0,1664.6093749841384
R9_0,6,2.577059524383799,0,231.5718396278223,0,1664.6093749841384
R9_0,7,2.6579591985887596,0,243.45096409413173,0,1664.6093749841384
R9_0,8,1.4791139599075152,1,217.18973533913297,0,1664.6093749841384
R9_0,9,1.2864363959275131,1,188.89739934548018,0,1664.6093749841384
R9_0,10,1.0434493083209073,1,153.21772713725844,0,1664.6093749841384
R9_0,11,1.0377154620025628,1,152.37578216336715,0,1664.6093749841384
R9_0,12,1.165684919433975,1,171.16652672016792,0,1664.6093749841384
R9_0,13,2.8416121930412714,0,270.41815278990697,0,1664.6093749841384
R9_0,14,1.2847366276621734,1,188.6478092329582,0,1664.6093749841384
R9_0,15,1.2614819087302998,1,185.23313910807082,0,1664.6093749841384
R9_0,16,1.0164774945025226,1,149.25724723941627,0,1664.6093749841384
R9_0,17,0.9933180350729529,1,145.85656480354726,0,1664.6093749841384
R9_0,18,1.0688345719286687,1,156.9452416046549,0,1664.6093749841384
R9_0,19,2.672553660700288,0,245.59398177183465,0,1664.6093749841384
R9_0,20,2.3833798259354815,0,203.13235248432773,0,1664.6093749841384
R9_0,21,1.0347364030397568,1,151.9383439096357,0,1664.6093749841384
R9_0,22,2.636797131351525,0,240.3435741924297,0,1664.6093749841384
R9_0,23,1.1300724075423716,1,165.93726633715988,0,1664.6093749841384
R9_0,24,0.9676198232170705,1,142.0830977259891,0,1664.6093749841384
R9_0,25,1.0744161158835137,1,157.76482284531366,0,1664.6093749841384
R9_0,26,0.9526825785538051,1,139.88974663672417,0,1664.6093749841384
R9_0,27,2.3366503998343795,0,196.27070966129446,0,1664.6093749841384
R9_0,28,1.063723057069442,1,156.19467836913083,0,1664.6093749841384
R9_0,29,1.2395988213389906,1,182.01987624412027,0,1664.6093749841384
R9_0,30,1.0646574807024578,1,156.33188701366387,0,1664.6093749841384
R9_0,31,2.3937312238909385,0,204.65232825581992,0,1664.6093749841384
R9_0,32,2.3871430626673593,0,203.68493762108477,0,1664.6093749841384
R9_0,33,1.0791116348234926,1,158.4543021846322,0,1664.6093749841384
R9_0,34,2.7574070461882165,0,258.0536602254853,0,1664.6093749841384
R9_0,35,2.372527966142023,0,201.53889003291093,0,1664.6093749841384
R9_0,36,1.1861644031238257,1,174.17368760367384,0,1664.6093749841384
R9_0,37,2.33131659057241,0,195.48750522042155,0,1664.6093749841384
R9_0,38,1.271872264976384,1,186.75883542649876,0,1664.6093749841384
R9_0,39,2.478125795692897,0,217.0446355496227,0,1664.6093749841384
R9_0,40,2.310662543698303,0,192.45471187530939,0,1664.6093749841384
R9_0,41,1.045891593276714,1,153.57634671462174,0,1664.6093749841384
R9_0,42,2.57090778892816,0,230.6685327618863,0,1664.6093749841384
R9_0,43,2.8784285737071826,0,275.8241865301832,0,1664.6093749841384
R9_0,44,1.094119493017356,1,160.65802200439256,0,1664.6093749841384
R9_0,45,2.2599112841756366,0,185.00251216478532,0,1664.6093749841384
R9_0,46,1.1763236492925735,1,172.72869365589085,0,1664.6093749841384
R9_0,47,1.0855803439407374,1,159.40415274330599,0,1664.6093749841384
R9_0,48,1.021784700132521,1,150.03654526337772,0,1664.6093749841384
R9_0,49,1.0465341396602188,1,153.67069676658483,0,1664.6093749841384
R9_0,50,2.7896628040123588,0,262.79002246320437,0,1664.6093749841384
R9_0,51,2.729232309931536,0,253.91654592820615,0,1664.6093749841384
R9_0,52,2.5339881251231517,0,225.24733315998247,0,1664.6093749841384
R9_0,53,1.082192958346445,1,158.90675673416953,0,1664.6093749841384
R9_0,54,2.7710398499753772,0,260.05547017841775,0,1664.6093749841384
R9_0,55,2.663812276835415,0,244.31041681364368,0,1664.6093749841384
R9_0,56,1.1215199844383221,1,164.68144794802583,0,1664.6093749841384
R9_0,57,1.0409358868654248,1,152.84866203780751,0,1664.6093749841384
R9_0,58,1.0541751836165645,1,154.79269031108274,0,1664.6093749841384
R9_0,59,1.1642004769860517,1,170.94855456174813,0,1664.6093749841384
R9_0,60,1.2847366276621734,1,188.6478092329582,0,1664.6093749841384
R9_0,61,2.0945280698619335,0,160.71801650051987,0,1664.6093749841384
R9_0,62,1.05792242677013,1,155.34292698711633,0,1664.6093749841384
R9_0,63,2.552394963437031,0,227.95015150271,0,1664.6093749841384
R9_0,64,1.1647344271778266,1,171.02695859550025,0,1664.6093749841384
R9_1,1,1.1259506317351153,1,173.11987022742466,0,1806.5078124891443
R9_1,2,1.5761794206910054,1,242.34453010134956,0,1806.5078124891443
R9_1,3,1.1583288500908093,1,178.09816394825597,0,1806.5078124891443
R9_1,4,1.238324840719466,1,190.3978999455669,0,1806.5078124891443
R9_1,5,3.0977566364650713,0,322.539324938171,0,1806.5078124891443
R9_1,6,1.2871338499635847,1,197.9025001545921,0,1806.5078124891443
R9_1,7,1.2757551415104658,1,196.1529735987743,0,1806.5078124891443
R9_1,8,1.3521875118463278,1,207.90478727583448,0,1806.5078124891443
R9_1,9,3.3101346111902856,0,355.19337422533556,0,1806.5078124891443
R9_1,10,1.002345691583951,1,154.11506611317773,0,1806.5078124891443
R9_1,11,1.1108834526810742,1,170.8032250664289,0,1806.5078124891443
R9_1,12,0.9786658119799938,1,150.47418029767735,0,1806.5078124891443
R9_1,13,2.44977405552131,0,222.90914830267707,0,1806.5078124891443
R9_1,14,0.9540176158708533,1,146.68441155339565,0,1806.5078124891443
R9_1,15,0.9773225429712618,1,150.26764676954747,0,1806.5078124891443
R9_1,16,3.18532284430189,0,336.00301518332594,0,1806.5078124891443
R9_1,17,1.009506955439555,1,155.21614198134085,0,1806.5078124891443
R9_1,18,1.3717072298163107,1,210.90602991169627,0,1806.5078124891443
R9_1,19,1.2109737666140372,1,186.1925518012918,0,1806.5078124891443
R9_1,20,0.9472182393098016,1,145.63897745113576,0,1806.5078124891443
R9_1,21,1.276951814350042,1,196.33696732003824,0,1806.5078124891443
R9_1,22,1.1660314500794033,1,179.28247263182962,0,1806.5078124891443
R9_1,23,2.6617165138472068,0,255.49623502469368,0,1806.5078124891443
R9_1,24,1.2331862964979514,1,189.60782613263598,0,1806.5078124891443
R9_1,25,1.1691439169394826,1,179.7610281241551,0,1806.5078124891443
R9_1,26,3.372576362560313,0,364.7940685979606,0,1806.5078124891443
R9_1,27,1.2518429271621212,1,192.47636529272785,0,1806.5078124891443
R9_1,28,1.2979540734124928,1,199.56615718049528,0,1806.5078124891443
R9_1,29,1.1281621380944085,1,173.45989907339435,0,1806.5078124891443
R9_1,30,0.9024634571946102,1,138.75773252488256,0,1806.5078124891443
R9_1,31,1.0757205281388167,1,165.39677050084012,0,1806.5078124891443
R9_1,32,1.0,0,0.0,0,1806.5078124891443
R9_1,33,1.269751874713343,1,195.22994488013782,0,1806.5078124891443
R9_1,34,1.300360381817196,1,199.9361376991859,0,1806.5078124891443
R9_1,35,1.089209486227011,1,167.47075723517221,0,1806.5078124891443
R9_1,36,1.3954021210186145,1,214.54922382657955,0,1806.5078124891443
R9_1,37,2.762274696593913,0,270.95749865095763,0,1806.5078124891443
R9_1,38,1.0850371415722684,1,166.82924086241573,0,1806.5078124891443
R9_1,39,1.2385965367639553,1,190.43967440941748,0,1806.5078124891443
R9_1,40,1.0227695030840227,1,157.255317112454,0,1806.5078124891443
R9_1,41,0.9938607883619035,1,152.8104748608693,0,1806.5078124891443
R9_1,42,1.3100439990172976,1,201.4250365067917,0,1806.5078124891443
R9_1,43,1.2846786688251015,1,197.52500523776376,0,1806.5078124891443
R9_1,44,0.9811153892372317,1,150.85081359307483,0,1806.5078124891443
R9_1,45,1.2774119547782927,1,196.40771593812113,0,1806.5078124891443
R9_1,46,1.3723848619635195,1,211.01021883977228,0,1806.5078124891443
R9_1,47,2.8081076798717604,0,278.0045217561976,0,1806.5078124891443
R9_1,48,0.9100666236939396,1,139.92675287140818,0,1806.5078124891443
R9_1,49,1.0914231816688869,1,167.81112266223323,0,1806.5078124891443
R9_1,50,1.09464790874463,1,168.3069386573016,0,1806.5078124891443
R9_1,51,2.651530006891516,0,253.93001470158526,0,1806.5078124891443
R9_1,52,1.340587590233529,1,206.12124822211825,0,1806.5078124891443
R9_1,53,1.3695762169689232,1,210.5783772978121,0,1806.5078124891443
R9_1,54,2.4466642949386,0,222.43100891242048,0,1806.5078124891443
R9_1,55,1.0853219826152696,1,166.87303642770092,0,1806.5078124891443
R9_1,56,1.10175905977915,1,169.4003094584412,0,1806.5078124891443
R9_1,57,3.2427963558453037,0,344.839820794045,0,1806.5078124891443
R9_1,58,1.2346409436559753,1,189.83148454191797,0,1806.5078124891443
R9_1,59,1.1214391343738068,1,172.4262076318298,0,1806.5078124891443
R9_1,60,2.4400876676909,0,221.41982349845512,0,1806.5078124891443
R9_1,61,1.5732353377432133,1,241.89186437738712,0,1806.5078124891443
R9_1,62,1.0853219826152696,1,166.87303642770092,0,1806.5078124891443
R9_1,63,1.0670006501685219,1,164.05605084576052,0,1806.5078124891443
R9_1,64,1.133611967029898,1,174.29783428252514,0,1806.5078124891443
R9_2,1,1.4750540507735899,1,199.72738551542488,0,1657.4640624185122
R9_2,2,2.829427000383891,0,247.71070021900127,0,1657.4640624185122
R9_2,3,1.112116796300846,1,150.58443451375013,0,1657.4640624185122
R9_2,4,3.21430210597185,0,299.8241116216151,0,1657.4640624185122
R9_2,5,2.787734197845854,0,242.0653515340728,0,1657.4640624185122
R9_2,6,1.0469277822988072,1,141.75761808344606,0,1657.4640624185122
R9_2,7,1.0316267457305628,1,139.68580517065914,0,1657.4640624185122
R9_2,8,2.860679328523961,0,251.9423728057869,0,1657.4640624185122
R9_2,9,2.281788723384164,0,173.55859629035922,0,1657.4640624185122
R9_2,10,1.2155895765207507,1,164.5950044006607,0,1657.4640624185122
R9_2,11,1.4212367252990497,1,192.44033477526668,0,1657.4640624185122
R9_2,12,1.467255630701171,1,198.67145264883015,0,1657.4640624185122
R9_2,13,1.062437732101806,1,143.85771856586803,0,1657.4640624185122
R9_2,14,2.331360338458655,0,180.27076325767382,0,1657.4640624185122
R9_2,15,1.0581783289194764,1,143.2809807432667,0,1657.4640624185122
R9_2,16,1.52213272879602,1,206.10200024226208,0,1657.4640624185122
R9_2,17,1.2220965804199189,1,165.4760750811815,0,1657.4640624185122
R9_2,18,2.6193582701790383,0,219.26667253041845,0,1657.4640624185122
R9_2,19,2.310240236570632,0,177.41102891119152,0,1657.4640624185122
R9_2,20,1.2345709259646185,1,167.16514431925594,0,1657.4640624185122
R9_2,21,1.0190591062374423,1,137.9841036114891,0,1657.4640624185122
R9_2,22,1.05868112277685,1,143.34906075873027,0,1657.4640624185122
R9_2,23,1.0825966950985517,1,146.5873114048089,0,1657.4640624185122
R9_2,24,0.8602210181637311,1,116.47688085270677,1,1657.4640624185122
R9_2,25,1.215384941597076,1,164.5672961290424,0,1657.4640624185122
R9_2,26,1.1417656500944506,1,154.59899116584074,0,1657.4640624185122
R9_2,27,1.0688084393381523,1,144.72033421004215,0,1657.4640624185122
R9_2,28,1.095295065780208,1,148.3067144159886,0,1657.4640624185122
R9_2,29,1.3073922760304768,1,177.0254052708662,0,1657.4640624185122
R9_2,30,1.1206033908498902,1,151.73354856846709,0,1657.4640624185122
R9_2,31,2.542217269489246,0,208.82151604565416,0,1657.4640624185122
R9_2,32,2.4263467797828753,0,193.13225370621078,0,1657.4640624185122
R9_2,33,0.9160372828108834,1,124.03459482350429,0,1657.4640624185122
R9_2,34,0.9049088314592577,1,122.5277642825286,0,1657.4640624185122
R9_2,35,1.0529142101062785,1,142.5682009728904,0,1657.4640624185122
R9_2,36,1.0736365828093586,1,145.37408142146924,0,1657.4640624185122
R9_2,37,0.9933779805328555,1,134.50679097241675,0,1657.4640624185122
R9_2,38,2.8275132346453375,0,247.45156976391746,0,1657.4640624185122
R9_2,39,0.9791696197324349,1,132.58293011210452,0,1657.4640624185122
R9_2,40,1.390519275924099,1,188.2810866106699,0,1657.4640624185122
R9_2,41,1.3559764409102755,1,183.60386808977327,0,1657.4640624185122
R9_2,42,2.3392312682937266,0,181.33651419521337,0,1657.4640624185122
R9_2,43,1.4546686121469286,1,196.96712709821418,0,1657.4640624185122
R9_2,44,0.9810813252460484,1,132.84178160565432,0,1657.4640624185122
R9_2,45,1.0434979777967754,1,141.29321077195786,0,1657.4640624185122
R9_2,46,1.0076957043609802,1,136.4454599623586,0,1657.4640624185122
R9_2,47,1.2548391753676675,1,169.9095349130261,0,1657.4640624185122
R9_2,48,1.1622230778506655,1,157.36899715848662,0,1657.4640624185122
R9_2,49,2.2835165891928746,0,173.7925552563472,0,1657.4640624185122
R9_2,50,2.635249462486108,0,221.41839455751932,0,1657.4640624185122
R9_2,51,1.0598197432461909,1,143.50323388161783,0,1657.4640624185122
R9_2,52,1.0774893291736785,1,145.8957565139827,0,1657.4640624185122
R9_2,53,1.1194076697755406,1,151.5716438275116,0,1657.4640624185122
R9_2,54,1.0316267457305628,1,139.68580517065914,0,1657.4640624185122
R9_2,55,1.1382291860746463,1,154.1201417892537,0,1657.4640624185122
R9_2,56,1.0893691084055668,1,147.50431943087455,0,1657.4640624185122
R9_2,57,2.578802838775136,0,213.77532780409936,0,1657.4640624185122
R9_2,58,2.1347484831667884,0,153.64884265877257,0,1657.4640624185122
R9_2,59,2.8763422476800713,0,254.06318586409435,0,1657.4640624185122
R9_2,60,1.0488441146876415,1,142.01709607179455,0,1657.4640624185122
R9_2,61,1.4142588334706723,1,191.49550425155792,0,1657.4640624185122
R9_2,62,0.8857786951891544,1,119.93747811655533,0,1657.4640624185122
R9_2,63,2.4215127489413533,0,192.47770932461862,0,1657.4640624185122
R9_2,64,2.1182324184124646,0,151.412510755779,0,1657.4640624185122
R9_3,1,1.3672644547773825,1,220.65858960400965,0,1904.1656248646177
R9_3,2,1.4624631200949079,1,236.02240832082794,0,1904.1656248646177
R9_3,3,3.057621521070459,0,332.07318539717977,0,1904.1656248646177
R9_3,4,2.5018044657226284,0,242.3715866447462,0,1904.1656248646177
R9_3,5,1.3015264111296627,1,210.0493296733881,0,1904.1656248646177
R9_3,6,1.3485551595411032,1,217.63915420151844,0,1904.1656248646177
R9_3,7,2.978369275155835,0,319.28291008111603,0,1904.1656248646177
R9_3,8,2.946168115889808,0,314.08606439231846,0,1904.1656248646177
R9_3,9,1.1113184327993686,1,179.352251223684,0,1904.1656248646177
R9_3,10,1.2899193150101365,1,208.17609626182383,0,1904.1656248646177
R9_3,11,1.2396927720470394,1,200.07018954261022,0,1904.1656248646177
R9_3,12,3.058104333743742,0,332.1511050440758,0,1904.1656248646177
R9_3,13,1.3881488791464225,1,224.0290623826017,0,1904.1656248646177
R9_3,14,1.2098626516612896,1,195.25599849929148,0,1904.1656248646177
R9_3,15,1.1576148298260556,1,186.82388382260186,0,1904.1656248646177
R9_3,16,1.3877167089343985,1,223.95931576619486,0,1904.1656248646177
R9_3,17,1.440789979547052,1,232.52464707290753,0,1904.1656248646177
R9_3,18,1.0626670679370758,1,171.50055763557617,0,1904.1656248646177
R9_3,19,1.1690621065967264,1,188.6713244828174,0,1904.1656248646177
R9_3,20,1.163734585888566,1,187.81153236181154,0,1904.1656248646177
R9_3,21,1.139045883383238,1,183.82709887863038,0,1904.1656248646177
R9_3,22,1.2218141262884625,1,197.18481009510666,0,1904.1656248646177
R9_3,23,1.2554898567912467,1,202.6196322837946,0,1904.1656248646177
R9_3,24,1.026589424816672,1,165.6780981842472,0,1904.1656248646177
R9_3,25,2.5872757019206425,0,256.1655256045911,0,1904.1656248646177
R9_3,26,1.1559923822409601,1,186.56204201534737,0,1904.1656248646177
R9_3,27,1.150288013838825,1,185.6414316083423,0,1904.1656248646177
R9_3,28,3.0437820261012583,0,329.839672026694,0,1904.1656248646177
R9_3,29,1.4712723459919843,1,237.44410209423083,0,1904.1656248646177
R9_3,30,1.0968011526247103,1,177.00935219121618,0,1904.1656248646177
R9_3,31,2.7627492310042356,0,284.48465677569095,0,1904.1656248646177
R9_3,32,1.2589721943899086,1,203.181635998848,0,1904.1656248646177
R9_3,33,1.160535489215027,1,187.29524002529735,0,1904.1656248646177
R9_3,34,1.265732561930605,1,204.27267084695123,0,1904.1656248646177
R9_3,35,2.8264933583659193,0,294.7721247121392,0,1904.1656248646177
R9_3,36,1.2164357446255636,1,196.3168096816234,0,1904.1656248646177
R9_3,37,1.345301115001181,1,217.11399399847318,0,1904.1656248646177
R9_3,38,1.2882586498811772,1,207.9080866431433,0,1904.1656248646177
R9_3,39,1.1479407123228427,1,185.26260786280955,0,1904.1656248646177
R9_3,40,1.2955432555877735,1,209.08372667051506,0,1904.1656248646177
R9_3,41,1.3612112552809705,1,219.68168242354164,0,1904.1656248646177
R9_3,42,1.1834802125846426,1,190.9982180994384,0,1904.1656248646177
R9_3,43,1.3419389244088205,1,216.57138043787174,0,1904.1656248646177
R9_3,44,2.692381481829038,0,273.12822296191507,0,1904.1656248646177
R9_3,45,1.356899631715038,1,218.98584280624073,0,1904.1656248646177
R9_3,46,1.2849615480029648,1,207.37597754918949,0,1904.1656248646177
R9_3,47,1.1095919116852624,1,179.0736133108586,0,1904.1656248646177
R9_3,48,1.089684810563071,1,175.8608677140731,0,1904.1656248646177
R9_3,49,1.3401706807060645,1,216.2860090452615,0,1904.1656248646177
R9_3,50,1.385616661731273,1,223.6203956309391,0,1904.1656248646177
R9_3,51,1.1723053599162778,1,189.1947431241197,0,1904.1656248646177
R9_3,52,1.1875853225376165,1,191.660729122253,0,1904.1656248646177
R9_3,53,1.1940356229311817,1,192.7017231906597,0,1904.1656248646177
R9_3,54,2.777594217250069,0,286.88044327935654,0,1904.1656248646177
R9_3,55,1.3113968089101995,1,211.64228270121941,0,1904.1656248646177
R9_3,56,2.7329052664288263,0,279.66823146134044,0,1904.1656248646177
R9_3,57,2.909852645726417,0,308.2252227686953,0,1904.1656248646177
R9_3,58,1.5422526758002224,1,248.89939840533364,0,1904.1656248646177
R9_3,59,1.1909669728519106,1,192.20648322730472,0,1904.1656248646177
R9_3,60,1.2161633121922186,1,196.2728426522064,0,1904.1656248646177
R9_3,61,1.3377792479868482,1,215.9000631010725,0,1904.1656248646177
R9_3,62,1.4973694435450131,1,241.6558321064373,0,1904.1656248646177
R9_3,63,1.0986260732657414,1,177.30387049993237,0,1904.1656248646177
R9_3,64,2.7927925750317897,0,289.3332593243387,0,1904.1656248646177
R9_4,1,2.549436516745857,0,201.78866554207383,0,1647.9937501117092
R9_4,2,1.5508850642294885,1,201.97731506758626,0,1647.9937501117092
R9_4,3,1.5427074323178793,1,200.91231278262416,0,1647.9937501117092
R9_4,4,2.7491881895279455,0,227.80304112626936,0,1647.9937501117092
R9_4,5,1.44087577831813,1,187.6504118602762,0,1647.9937501117092
R9_4,6,1.1337416079427651,1,147.65122911700394,0,1647.9937501117092
R9_4,7,1.2459323521328116,1,162.26223144695265,0,1647.9937501117092
R9_4,8,1.2681897466849357,1,165.16089163507684,0,1647.9937501117092
R9_4,9,1.4961951372639142,1,194.85485005420546,0,1647.9937501117092
R9_4,10,1.4020338739772313,1,182.5918915792882,0,1647.9937501117092
R9_4,11,1.3159453505190797,1,171.38027491777254,0,1647.9937501117092
R9_4,12,1.0483004427189897,1,136.52392023630503,0,1647.9937501117092
R9_4,13,2.373184272939195,0,178.8347047362198,0,1647.9937501117092
R9_4,14,1.2921927882252788,1,168.28689368100072,0,1647.9937501117092
R9_4,15,1.6356565123795406,1,213.01740429576182,0,1647.9937501117092
R9_4,16,1.391198560658058,1,181.18076992843203,0,1647.9937501117092
R9_4,17,1.654445920767575,1,215.46441622814456,0,1647.9937501117092
R9_4,18,1.3215688885731218,1,172.11264841438643,0,1647.9937501117092
R9_4,19,2.718902544592112,0,223.85883314444237,0,1647.9937501117092
R9_4,20,2.7757830083936703,0,231.26657961348567,0,1647.9937501117092
R9_4,21,1.1680755683512167,1,152.12266371836907,0,1647.9937501117092
R9_4,22,2.897360440792845,0,247.1000439592109,0,1647.9937501117092
R9_4,23,2.9033031832937937,0,247.87398859390012,0,1647.9937501117092
R9_4,24,1.135427602790319,1,147.87080226293273,0,1647.9937501117092
R9_4,25,1.3717483636805277,1,178.64770113199683,0,1647.9937501117092
R9_4,26,3.018033237896436,0,262.8156944112242,0,1647.9937501117092
R9_4,27,1.109571080853053,1,144.503414828281,0,1647.9937501117092
R9_4,28,1.1282604055842267,1,146.93739250766745,0,1647.9937501117092
R9_4,29,2.3922076804096015,0,181.31219120696468,0,1647.9937501117092
R9_4,30,2.530179695564513,0,199.28078076798386,0,1647.9937501117092
R9_4,31,2.5983347108995076,0,208.15685245327725,0,1647.9937501117092
R9_4,32,1.2941817576305361,1,168.5459242884202,0,1647.9937501117092
R9_4,33,1.2564628168553984,1,163.63365157352345,0,1647.9937501117092
R9_4,34,4.515032614373226,0,327.5417027830431,0,1647.9937501117092
R9_4,35,1.2243962253693503,1,159.45750454554334,0,1647.9937501117092
R9_4,36,2.586704331316149,0,206.64218647599486,0,1647.9937501117092
R9_4,37,1.2046831434055285,1,156.8901992960479,0,1647.9937501117092
R9_4,38,1.204939835454221,1,156.9236292206699,0,1647.9937501117092
R9_4,39,1.156092504798412,1,150.56206644491326,0,1647.9937501117092
R9_4,40,1.091313042744531,1,142.12560515004222,0,1647.9937501117092
R9_4,41,1.21424548377008,1,158.13553712097172,0,1647.9937501117092
R9_4,42,2.9464433946864013,0,253.49229279290057,0,1647.9937501117092
R9_4,43,1.1139938699326013,1,145.07941048650287,0,1647.9937501117092
R9_4,44,1.0188303208816798,1,132.68592074768935,0,1647.9937501117092
R9_4,45,1.1013328725820521,1,143.43052346713367,0,1647.9937501117092
R9_4,46,1.2937771430517913,1,168.49322988305354,0,1647.9937501117092
R9_4,47,1.334300406541125,1,173.77071958627553,0,1647.9937501117092
R9_4,48,1.0617494721741103,1,138.27543549830793,0,1647.9937501117092
R9_4,49,2.9675308495619603,0,256.2385875478187,0,1647.9937501117092
R9_4,50,2.7452084839946487,0,227.28474982479574,0,1647.9937501117092
R9_4,51,1.0553311815446271,1,137.43955852807568,0,1647.9937501117092
R9_4,52,1.0053151420633881,1,130.92579061726417,0,1647.9937501117092
R9_4,53,0.9970969139930759,1,129.85550134919384,0,1647.9937501117092
R9_4,54,1.0188303208816798,1,132.68592074768935,0,1647.9937501117092
R9_4,55,1.4587457982316643,1,189.97768853963058,0,1647.9937501117092
R9_4,56,2.5889967866649677,0,206.94074114451686,0,1647.9937501117092
R9_4,57,1.0012025183966493,1,130.39018891134126,0,1647.9937501117092
R9_4,58,2.4113420587206384,0,183.80412980763214,0,1647.9937501117092
R9_4,59,1.21424548377008,1,158.13553712097172,0,1647.9937501117092
R9_4,60,2.8263623680714254,0,237.85371073053338,0,1647.9937501117092
R9_4,61,1.0944162020618275,1,142.529740699214,0,1647.9937501117092
R9_4,62,2.7839315877857302,0,232.3277982848001,0,1647.9937501117092
R9_4,63,2.6864446377143203,0,219.63172371183836,0,1647.9937501117092
R9_4,64,2.8133123393175055,0,236.15415875852358,0,1647.9937501117092
R9_5,1,1.2726221813906893,1,175.00205939794301,0,1921.687500043845
R9_5,2,1.2928265670283334,1,177.7804245303142,0,1921.687500043845
R9_5,3,1.0438504880650097,1,143.54298375917116,0,1921.687500043845
R9_5,4,1.953547015578641,1,268.6380575917479,0,1921.687500043845
R9_5,5,1.0438504880650097,1,143.54298375917116,0,1921.687500043845
R9_5,6,1.1075829061685383,1,152.30701803550298,0,1921.687500043845
R9_5,7,1.5000561789545035,1,206.27718451581617,0,1921.687500043845
R9_5,8,2.6141976075295297,0,221.97311167734347,0,1921.687500043845
R9_5,9,2.7824820552177343,0,245.11440635279823,0,1921.687500043845
R9_5,10,1.541401594816902,1,211.96271556217692,0,1921.687500043845
R9_5,11,1.3147182926443453,0,43.27784801203049,0,1921.687500043845
R9_5,12,1.0152303020901225,1,139.6073369040424,0,1921.687500043845
R9_5,13,1.6767360367622093,1,230.57295699457046,0,1921.687500043845
R9_5,14,1.2905415417657942,1,177.46620391356868,0,1921.687500043845
R9_5,15,0.9727063084976262,1,133.75973613035532,0,1921.687500043845
R9_5,16,1.5708933693932465,1,216.01821715693941,0,1921.687500043845
R9_5,17,1.6414158174460542,0,88.20299584972787,0,1921.687500043845
R9_5,18,1.2119536703675902,1,166.65935209258447,0,1921.687500043845
R9_5,19,1.0785868349646428,1,148.3196820851067,0,1921.687500043845
R9_5,20,1.0737213135909993,1,147.65060977685718,0,1921.687500043845
R9_5,21,1.052843549446953,1,144.77964636426026,0,1921.687500043845
R9_5,22,1.1021515690733654,1,151.5601387253369,0,1921.687500043845
R9_5,23,1.0992999297511066,1,151.16800132481586,0,1921.687500043845
R9_5,24,1.953295053758609,1,268.60340957284643,0,1921.687500043845
R9_5,25,1.5236483129518703,1,209.52140899618766,0,1921.687500043845
R9_5,26,2.485295551801798,0,204.24740679584403,0,1921.687500043845
R9_5,27,0.9413305598335011,1,129.44516365812763,0,1921.687500043845
R9_5,28,1.2730715523205927,1,175.06385373039862,0,1921.687500043845
R9_5,29,1.9059521824319035,1,262.0931505964298,0,1921.687500043845
R9_5,30,0.9830350858398962,1,135.18007700794783,0,1921.687500043845
R9_5,31,2.441657165490394,0,198.24656256652764,0,1921.687500043845
R9_5,32,1.3209227585956835,1,181.64401535673886,0,1921.687500043845
R9_5,33,1.0582885711369858,1,145.5284074837472,0,1921.687500043845
R9_5,34,1.0792087579755165,1,148.40520456717653,0,1921.687500043845
R9_5,35,1.4277262648106746,1,196.33088300045645,0,1921.687500043845
R9_5,36,1.324202443296695,1,182.09501454977956,0,1921.687500043845
R9_5,37,1.4395085158169039,1,197.95109536244814,0,1921.687500043845
R9_5,38,1.655615310619492,1,227.66858315526164,0,1921.687500043845
R9_5,39,1.4082986198626823,1,193.659329789404,0,1921.687500043845
R9_5,40,1.5843531604870034,1,217.86911304333648,0,1921.687500043845
R9_5,41,1.2689032209017999,1,174.49065408543802,0,1921.687500043845
R9_5,42,1.5035680854616391,1,206.76011721976306,0,1921.687500043845
R9_5,43,1.2753470118991093,1,175.37675894149683,0,1921.687500043845
R9_5,44,3.510774414905036,0,345.2640537915915,0,1921.687500043845
R9_5,45,1.1107820512148674,1,152.74694198120127,0,1921.687500043845
R9_5,46,1.6414194464096816,1,225.71646766648703,0,1921.687500043845
R9_5,47,1.250740198904877,1,171.99300293584236,0,1921.687500043845
R9_5,48,1.2645766988599085,1,173.89570117762787,0,1921.687500043845
R9_5,49,1.415045404791389,1,194.58710024170617,0,1921.687500043845
R9_5,50,1.0737213135909993,1,147.65060977685718,0,1921.687500043845
R9_5,51,1.0295505924576087,1,141.57656260365093,0,1921.687500043845
R9_5,52,1.1251023415823536,1,154.7161676808098,0,1921.687500043845
R9_5,53,1.3890921334628388,1,191.0181887477652,0,1921.687500043845
R9_5,54,1.5273051928016788,1,210.0242774154602,0,1921.687500043845
R9_5,55,1.2764684310319563,1,175.5309686201956,0,1921.687500043845
R9_5,56,1.38282081823556,1,190.1558015475766,0,1921.687500043845
R9_5,57,1.6414194464096816,1,225.71646766648703,0,1921.687500043845
R9_5,58,1.5054207465060188,1,207.0148821475426,0,1921.687500043845
R9_5,59,2.726986181987577,0,237.483003847499,0,1921.687500043845
R9_5,60,1.0966883131047407,1,150.80887015599393,0,1921.687500043845
R9_5,61,3.424663698459554,0,333.42271318433905,0,1921.687500043845
R9_5,62,1.2202337272808617,1,167.79796733357585,0,1921.687500043845
R9_5,63,1.605436619667321,1,220.7683621918593,0,1921.687500043845
R9_5,64,1.6036719972821096,1,220.52570372182177,0,1921.687500043845
R9_6,1,2.866623777629556,0,278.74943313076375,0,1769.2828125746018
R9_6,2,1.409920010318963,1,210.54826813318775,0,1769.2828125746018
R9_6,3,1.175646913793365,1,175.56345028348218,0,1769.2828125746018
R9_6,4,2.496844265386173,0,223.52897003770818,0,1769.2828125746018
R9_6,5,1.175646913793365,1,175.56345028348218,0,1769.2828125746018
R9_6,6,2.681770521469268,0,251.14465225066027,0,1769.2828125746018
R9_6,7,0.967929201997551,1,144.54424057008637,0,1769.2828125746018
R9_6,8,1.0860300524754631,1,162.180652104919,0,1769.2828125746018
R9_6,9,0.967929201997551,1,144.54424057008637,0,1769.2828125746018
R9_6,10,1.1931307272067713,1,178.17436906441642,0,1769.2828125746018
R9_6,11,1.2270317465751184,1,183.23692641782267,0,1769.2828125746018
R9_6,12,1.816124661129134,1,271.208224095072,0,1769.2828125746018
R9_6,13,1.5922127826147143,1,237.7706830355657,0,1769.2828125746018
R9_6,14,1.2224172056947218,1,182.54782094837287,0,1769.2828125746018
R9_6,15,1.2989789812714037,1,193.9810576815871,0,1769.2828125746018
R9_6,16,0.9989013551409869,1,149.16942012423058,0,1769.2828125746018
R9_6,17,1.4465795463108027,1,216.02276438627786,0,1769.2828125746018
R9_6,18,1.1863458758437595,1,177.16116356795683,0,1769.2828125746018
R9_6,19,1.077472057153571,1,160.90265684240146,0,1769.2828125746018
R9_6,20,1.1881909926110374,1,177.4367012842887,0,1769.2828125746018
R9_6,21,1.1008870974278295,1,164.39930639835674,0,1769.2828125746018
R9_6,22,2.8464263736781454,0,275.7332844190408,0,1769.2828125746018
R9_6,23,2.79191942115974,0,267.5935712651209,0,1769.2828125746018
R9_6,24,2.903538366580193,0,284.2620173309452,0,1769.2828125746018
R9_6,25,0.9513393944391666,1,142.06682679872597,0,1769.2828125746018
R9_6,26,1.3870385483258403,1,207.1312996812557,0,1769.2828125746018
R9_6,27,1.1279664737941761,1,168.4431640316496,0,1769.2828125746018
R9_6,28,1.0979294520483265,1,163.9576309076556,0,1769.2828125746018
R9_6,29,1.0420235215353966,1,155.60900349494986,0,1769.2828125746018
R9_6,30,1.1817317824093951,1,176.47212491718238,0,1769.2828125746018
R9_6,31,1.2351932685509937,1,184.45571493403267,0,1769.2828125746018
R9_6,32,1.157056077635092,1,172.78721593853743,0,1769.2828125746018
R9_6,33,2.5336899460236992,0,229.0312639193759,0,1769.2828125746018
R9_6,34,3.151420101756571,0,321.2790606108894,0,1769.2828125746018
R9_6,35,1.2871705273938314,1,192.21766011643643,0,1769.2828125746018
R9_6,36,2.5073096276774933,0,225.0917990561609,0,1769.2828125746018
R9_6,37,1.0915339651818918,1,163.00257056824583,0,1769.2828125746018
R9_6,38,1.3194498236720875,1,197.0380399097606,0,1769.2828125746018
R9_6,39,1.1218527211130347,1,167.53017603985734,0,1769.2828125746018
R9_6,40,1.0725343847203188,1,160.16529701218334,0,1769.2828125746018
R9_6,41,1.456005222011484,1,217.43033338326987,0,1769.2828125746018
R9_6,42,1.3888051718484675,1,207.39511572784738,0,1769.2828125746018
R9_6,43,1.6122446148230622,1,240.76210634194763,0,1769.2828125746018
R9_6,44,0.9726031173054857,1,145.2422126296953,0,1769.2828125746018
R9_6,45,1.3653439151356626,1,203.89156451007878,0,1769.2828125746018
R9_6,46,1.5574271444468515,1,232.57602247429463,0,1769.2828125746018
R9_6,47,1.423204161519827,1,212.53203672182468,0,1769.2828125746018
R9_6,48,1.1560258023387213,1,172.63336133844416,0,1769.2828125746018
R9_6,49,2.808853083055851,0,270.1223340029251,0,1769.2828125746018
R9_6,50,3.1652336528524216,0,323.34188633058574,0,1769.2828125746018
R9_6,51,1.1778109670199104,1,175.88661589263907,0,1769.2828125746018
R9_6,52,2.7596392096823408,0,262.77305480191967,0,1769.2828125746018
R9_6,53,1.1160425491229198,1,166.66252281051032,0,1769.2828125746018
R9_6,54,1.1470331381834225,1,171.29045546439175,0,1769.2828125746018
R9_6,55,1.3345845286268592,1,199.29815813888823,0,1769.2828125746018
R9_6,56,1.1761992914350738,1,175.64593876152745,0,1769.2828125746018
R9_6,57,1.792340053132767,1,267.65638570338297,0,1769.2828125746018
R9_6,58,3.0275498884208254,0,302.78109001663626,0,1769.2828125746018
R9_6,59,1.0309742936559783,1,153.95898379369467,0,1769.2828125746018
R9_6,60,1.5525118954190127,1,231.8420112093428,0,1769.2828125746018
R9_6,61,1.2960767472216919,1,193.54765695784974,0,1769.2828125746018
R9_6,62,0.950153571618463,1,141.88974374480483,0,1769.2828125746018
R9_6,63,3.0072731223829905,0,299.75308988800253,0,1769.2828125746018
R9_6,64,1.1861945616858964,1,177.13856729749557,0,1769.2828125746018
R9_7,1,1.1323985461504034,1,166.2006909759266,0,2004.673437340898
R9_7,2,2.3390960926277344,0,196.5374263632566,0,2004.673437340898
R9_7,3,1.2379384679030938,1,181.69065074360094,0,2004.673437340898
R9_7,4,0.9734649926869494,1,142.87421595113727,0,2004.673437340898
R9_7,5,2.6713600845089545,0,245.30338886365658,0,2004.673437340898
R9_7,6,2.6537490342939734,0,242.7186374751173,0,2004.673437340898
R9_7,7,3.4002080672800723,0,352.2754781203671,0,2004.673437340898
R9_7,8,1.2922534045239171,1,189.66238474783674,0,2004.673437340898
R9_7,9,1.3309965641411559,1,195.34866889299528,0,2004.673437340898
R9_7,10,2.5593127589712594,0,228.8583457384455,0,2004.673437340898
R9_7,11,1.3018421445105517,1,191.0697118914339,0,2004.673437340898
R9_7,12,2.5397415350849606,0,225.9859021591019,0,2004.673437340898
R9_7,13,2.758003125814195,0,258.0198775788174,0,2004.673437340898
R9_7,14,1.2549941150009083,1,184.193886324691,0,2004.673437340898
R9_7,15,2.8509370347891156,0,271.6596689219212,0,2004.673437340898
R9_7,16,2.403026970165307,0,205.9204797569247,0,2004.673437340898
R9_7,17,1.0486908297354418,1,153.9150161528016,0,2004.673437340898
R9_7,18,0.9090909090909083,1,133.4261137692901,1,2004.673437340898
R9_7,19,2.8751481345382004,0,275.2131011664828,0,2004.673437340898
R9_7,20,1.3431622478308824,1,197.13421077866866,0,2004.673437340898
R9_7,21,1.1512204342678878,1,168.96315549977476,0,2004.673437340898
R9_7,22,1.1834161335206979,1,173.6884772343008,0,2004.673437340898
R9_7,23,1.1448781020118766,1,168.03229948010616,0,2004.673437340898
R9_7,24,1.1842789603592685,1,173.8151132294196,0,2004.673437340898
R9_7,25,1.053463892969086,1,154.61555255864607,0,2004.673437340898
R9_7,26,1.3677724000787812,1,200.746211449747,0,2004.673437340898
R9_7,27,1.136298461221429,1,166.7730765390798,0,2004.673437340898
R9_7,28,2.695797329213068,0,248.8900121149654,0,2004.673437340898
R9_7,29,1.3033824308954909,1,191.29577776051116,0,2004.673437340898
R9_7,30,3.6023890263125438,0,235.1805945801831,0,2004.673437340898
R9_7,31,1.0773507039767871,1,158.12138935805493,0,2004.673437340898
R9_7,32,1.0028855172040885,1,147.19222882765067,0,2004.673437340898
R9_7,33,1.1470315841436545,1,168.34836330721268,0,2004.673437340898
R9_7,34,1.3033898523821872,1,191.29686700265248,0,2004.673437340898
R9_7,35,2.638712133426406,0,240.51169070463544,0,2004.673437340898
R9_7,36,1.0621787200988777,1,155.89461662635472,0,2004.673437340898
R9_7,37,0.9991147183752425,1,146.63879349075796,0,2004.673437340898
R9_7,38,0.9589285996233947,1,140.74072807297497,0,2004.673437340898
R9_7,39,2.4366001459770104,0,210.84797196991838,0,2004.673437340898
R9_7,40,0.9856268280118083,1,144.65919301720484,0,2004.673437340898
R9_7,41,1.2718575319246046,1,186.66890852819094,0,2004.673437340898
R9_7,42,1.3083408103561105,1,192.02351279273773,0,2004.673437340898
R9_7,43,2.294611484074469,0,190.00847707726462,0,2004.673437340898
R9_7,44,3.8919744581080735,0,277.68267922573057,0,2004.673437340898
R9_7,45,1.0329800046220683,1,151.60915837991655,0,2004.673437340898
R9_7,46,1.1352132695988342,1,166.61380434809212,0,2004.673437340898
R9_7,47,3.1936818728671916,0,321.9638918570879,0,2004.673437340898
R9_7,48,1.3004465635834705,1,190.86488425792757,0,2004.673437340898
R9_7,49,1.0004879658135781,1,146.84034326659295,0,2004.673437340898
R9_7,50,0.9770044676357692,1,143.39370017706247,0,2004.673437340898
R9_7,51,1.0478710403285785,1,153.79469670666782,0,2004.673437340898
R9_7,52,1.106759118109764,1,162.43762480892383,0,2004.673437340898
R9_7,53,1.2446261582163345,1,182.67219452504793,0,2004.673437340898
R9_7,54,1.1328127282392515,1,166.26147995308534,0,2004.673437340898
R9_7,55,2.6929812583591115,0,248.4767009858092,0,2004.673437340898
R9_7,56,1.0317453168596664,1,151.42794483107545,0,2004.673437340898
R9_7,57,1.052976112105176,1,154.54396158309916,0,2004.673437340898
R9_7,58,1.2393726774819456,1,181.90114785508166,0,2004.673437340898
R9_7,59,1.2772347222730467,1,187.45811190050028,0,2004.673437340898
R9_7,60,1.2641785610467693,1,185.5418757620163,0,2004.673437340898
R9_7,61,2.2848580727055605,0,188.57698132482292,0,2004.673437340898
R9_7,62,1.136298461221429,1,166.7730765390798,0,2004.673437340898
R9_7,63,1.2921613187010994,1,189.64886942901782,0,2004.673437340898
R9_7,64,1.071553131494774,1,157.2704870359267,0,2004.673437340898
R9_8,1,1.786277796577398,1,214.59140325984842,0,1640.5937499257561
R9_8,2,2.733505949925167,0,208.25174844948597,0,1640.5937499257561
R9_8,3,3.1317870272944432,0,256.0985589782168,0,1640.5937499257561
R9_8,4,2.9583394732244948,0,235.26173612167415,0,1640.5937499257561
R9_8,5,2.4754412486783366,0,177.24959051050325,0,1640.5937499257561
R9_8,6,1.3687187291082346,1,164.42866462884223,0,1640.5937499257561
R9_8,7,1.3184807580168219,1,158.39341259016734,0,1640.5937499257561
R9_8,8,1.1689219998234446,1,140.4264290381066,0,1640.5937499257561
R9_8,9,1.0319015696266813,1,123.9657159018127,0,1640.5937499257561
R9_8,10,1.3455040962386207,1,161.6398147348349,0,1640.5937499257561
R9_8,11,2.959722399605827,0,235.42787159810658,0,1640.5937499257561
R9_8,12,1.999324117661363,1,240.18535571693795,0,1640.5937499257561
R9_8,13,1.6153318435115231,1,194.05510592676518,0,1640.5937499257561
R9_8,14,1.7312818681498445,1,207.9845622200845,0,1640.5937499257561
R9_8,15,2.19552637703746,1,263.7557758626405,0,1640.5937499257561
R9_8,16,1.4017783190002948,1,168.40022146044254,0,1640.5937499257561
R9_8,17,1.2819000142914145,1,153.9988480138374,0,1640.5937499257561
R9_8,18,1.5249899065953159,1,183.2020330994552,0,1640.5937499257561
R9_8,19,1.6349484963719831,1,196.41171869587257,0,1640.5937499257561
R9_8,20,1.4467720859382105,1,173.8054700749937,0,1640.5937499257561
R9_8,21,0.9702744836772172,1,116.5622521863425,0,1640.5937499257561
R9_8,22,1.402105754306703,1,168.43955733642608,0,1640.5937499257561
R9_8,23,1.6171740633821976,1,194.2764178346438,0,1640.5937499257561
R9_8,24,1.7037064198551235,1,204.67183328373315,0,1640.5937499257561
R9_8,25,1.3391004471438297,1,160.8705233917593,0,1640.5937499257561
R9_8,26,1.7836252159382067,1,214.27274005823725,0,1640.5937499257561
R9_8,27,1.3877444233901244,1,166.7142836080217,0,1640.5937499257561
R9_8,28,1.102568546084587,1,132.45517127728021,0,1640.5937499257561
R9_8,29,1.2495660288728132,1,150.11446042459664,0,1640.5937499257561
R9_8,30,1.7862058934629914,1,214.5827653031719,0,1640.5937499257561
R9_8,31,1.1998338832376785,1,144.13997485498658,0,1640.5937499257561
R9_8,32,1.164377382724922,1,139.88046929863094,0,1640.5937499257561
R9_8,33,1.1708952746849874,1,140.66348501135278,0,1640.5937499257561
R9_8,34,1.277916872557519,1,153.5203401492166,0,1640.5937499257561
R9_8,35,1.6543613834279967,1,198.74385241138836,0,1640.5937499257561
R9_8,36,1.1867611836188772,1,142.56950862573115,0,1640.5937499257561
R9_8,37,1.7134053171143009,1,205.83699358349622,0,1640.5937499257561
R9_8,38,1.3673434928090877,1,164.26345298717433,0,1640.5937499257561
R9_8,39,1.6640345924352538,1,199.90592669729756,0,1640.5937499257561
R9_8,40,1.3131964675968426,1,157.75859347153462,0,1640.5937499257561
R9_8,41,1.094869550932497,1,131.5302657689976,0,1640.5937499257561
R9_8,42,1.7484435620547423,1,210.04625272781192,0,1640.5937499257561
R9_8,43,3.0022608506093107,0,240.53815506623695,0,1640.5937499257561
R9_8,44,1.5894894815572655,1,190.95057832980427,0,1640.5937499257561
R9_8,45,1.4322677056635307,1,172.06301135859383,0,1640.5937499257561
R9_8,46,1.3715838298186647,1,164.77285856279278,0,1640.5937499257561
R9_8,47,1.3616335229960885,1,163.5774956086018,0,1640.5937499257561
R9_8,48,1.6615939267442386,1,199.61272153261004,0,1640.5937499257561
R9_8,49,1.2907795225828345,1,155.0655724327177,0,1640.5937499257561
R9_8,50,2.4906541045069766,1,299.2104365542311,0,1640.5937499257561
R9_8,51,1.434388724279751,1,172.31781627307404,0,1640.5937499257561
R9_8,52,2.7770998639390427,0,213.4888281465807,0,1640.5937499257561
R9_8,53,1.7115686488078694,1,205.6163486032164,0,1640.5937499257561
R9_8,54,2.9650373490721478,0,236.0663738884098,0,1640.5937499257561
R9_8,55,1.0205947504265627,1,122.60739067199249,0,1640.5937499257561
R9_8,56,3.7123021141787618,0,325.837738039115,0,1640.5937499257561
R9_8,57,1.4375235914403373,1,172.694418134393,0,1640.5937499257561
R9_8,58,2.7910062313020205,0,215.15944561290434,0,1640.5937499257561
R9_8,59,1.2192709367216388,1,146.47501176265635,0,1640.5937499257561
R9_8,60,1.4112165403667163,1,169.5340659112764,0,1640.5937499257561
R9_8,61,1.1866199382704714,1,142.55254035933046,0,1640.5937499257561
R9_8,62,1.1963353696778682,1,143.71968696048208,0,1640.5937499257561
R9_8,63,1.2161819885886072,1,146.10392630454146,0,1640.5937499257561
R9_8,64,2.633902253203601,0,196.2860300767312,0,1640.5937499257561
R9_9,1,2.501622120094453,0,180.2888019503832,0,1885.439062562
R9_9,2,2.880406100434776,0,225.7666282954418,0,1885.439062562
R9_9,3,1.1308244489377088,1,135.7698334267728,0,1885.439062562
R9_9,4,0.9419590703849678,1,113.09414666542101,0,1885.439062562
R9_9,5,0.9746943660556564,1,117.02443455808273,0,1885.439062562
R9_9,6,2.579995921059318,0,189.69857188595464,0,1885.439062562
R9_9,7,1.0653167327235824,1,127.90480032909376,0,1885.439062562
R9_9,8,1.2916638482412175,1,155.08064552710698,0,1885.439062562
R9_9,9,2.9935021237610364,0,239.345241901348,0,1885.439062562
R9_9,10,2.1570126539280565,0,138.91405995338027,0,1885.439062562
R9_9,11,1.0095004857322234,1,121.20335116636713,0,1885.439062562
R9_9,12,1.1120917677650901,1,133.52073719894364,0,1885.439062562
R9_9,13,1.0044102161309247,1,120.59219966843565,0,1885.439062562
R9_9,14,2.5067492179782214,0,180.9043751512421,0,1885.439062562
R9_9,15,0.9931347466892646,1,119.23843639479867,0,1885.439062562
R9_9,16,2.754437017649817,0,210.6424404493937,0,1885.439062562
R9_9,17,1.0916334574835744,1,131.06445728589097,0,1885.439062562
R9_9,18,1.3687619212261914,1,164.3372481204878,0,1885.439062562
R9_9,19,1.2679748594795583,1,152.23648164186346,0,1885.439062562
R9_9,20,3.203140742663617,0,264.5150199291934,0,1885.439062562
R9_9,21,1.0235929209189525,1,122.89532694534599,0,1885.439062562
R9_9,22,1.0922208208885547,1,131.13497772054376,0,1885.439062562
R9_9,23,1.114802283197763,1,133.84616899265873,0,1885.439062562
R9_9,24,1.3210737828659394,1,158.61168160334486,0,1885.439062562
R9_9,25,1.1448689791047588,1,137.45605759987885,0,1885.439062562
R9_9,26,2.5179590952907382,0,182.25026325693761,0,1885.439062562
R9_9,27,2.7265613136272506,0,207.2956082374153,0,1885.439062562
R9_9,28,2.2697302527481398,0,152.44723889237875,0,1885.439062562
R9_9,29,1.1179130526728223,1,134.21965636627786,0,1885.439062562
R9_9,30,2.675177791724657,0,201.1263640049007,0,1885.439062562
R9_9,31,2.4139885924523625,0,169.76728425438336,0,1885.439062562
R9_9,32,2.7599610479962386,0,211.30567043233566,0,1885.439062562
R9_9,33,1.2685505787206388,1,152.3056040467914,0,1885.439062562
R9_9,34,1.0191872279791152,1,122.36636756784632,0,1885.439062562
R9_9,35,2.67917134683497,0,201.60584100295878,0,1885.439062562
R9_9,36,2.638101129360116,0,196.6748399173347,0,1885.439062562
R9_9,37,1.12726829342175,1,135.34287180377768,0,1885.439062562
R9_9,38,1.150762335266915,1,138.16362983641164,0,1885.439062562
R9_9,39,2.334667824484299,0,160.24381890622573,0,1885.439062562
R9_9,40,1.3564251758604833,1,162.85606519690978,0,1885.439062562
R9_9,41,1.457360240890754,1,174.97460134896605,0,1885.439062562
R9_9,42,2.8097983191201124,0,217.28926762577206,0,1885.439062562
R9_9,43,2.825344551963603,0,219.15579027264013,0,1885.439062562
R9_9,44,2.842544432203468,0,221.22085428617527,0,1885.439062562
R9_9,45,1.1752279250959035,1,141.10103454046606,0,1885.439062562
R9_9,46,2.950434009298867,0,234.17436791465005,0,1885.439062562
R9_9,47,3.0904435975874094,0,250.98429672185162,0,1885.439062562
R9_9,48,1.243875295610355,1,149.34302300179456,0,1885.439062562
R9_9,49,2.5854375379376897,0,190.35190708563368,0,1885.439062562
R9_9,50,2.393630104689038,0,167.32298930210857,0,1885.439062562
R9_9,51,2.977111186788715,0,237.377301798416,0,1885.439062562
R9_9,52,1.3064306582230643,1,156.8535885629277,0,1885.439062562
R9_9,53,1.3840984081489403,1,166.17858810637975,0,1885.439062562
R9_9,54,3.0183895710168223,0,242.3332959459079,0,1885.439062562
R9_9,55,1.3306995514467062,1,159.76737734200975,0,1885.439062562
R9_9,56,2.902517848381855,0,228.42142439431493,0,1885.439062562
R9_9,57,2.9240089340156388,0,231.00170210178786,0,1885.439062562
R9_9,58,2.5124688638099215,0,181.59109125696446,0,1885.439062562
R9_9,59,2.3080591961254697,0,157.04911521602253,0,1885.439062562
R9_9,60,1.1253432373501298,1,135.11174437951075,0,1885.439062562
R9_9,61,1.2334355515650017,1,148.0895991733772,0,1885.439062562
R9_9,62,1.2145544667809638,1,145.82268520768292,0,1885.439062562
R9_9,63,1.3353770674580296,1,160.32897253063953,0,1885.439062562
R9_9,64,1.19866259599522,1,143.9146643372043,0,1885.439062562
