instance,budget,anneal_sweeps,hold_sweeps,seed,cut,energy_tracked,energy_scratch,consistent,success,wall_s,assignment_sha256
G1,B1,400,20,1,11574,-11574,-11574,1,0,0.014592,323d65523ada395c042d94b47c94dd2dee4caa95d3280618cf37becd7274edd8
G1,B1,400,20,2,11589,-11589,-11589,1,0,0.024379,04bd8143dc45dda6051939677abff8b09d0a39783181ad3874ca5e9f324b66bb
G1,B1,400,20,3,11594,-11594,-11594,1,0,0.017376,2dc6dbbc394da99404c54ec4b389b476e583acc4ee96fd1f5b554773ef6e85bf
G1,B1,400,20,4,11566,-11566,-11566,1,0,0.017083,cfa2215e40053c1a7e95c1aa387aa07b095794b921a2fcbba3ef369db8cc0651
G1,B1,400,20,5,11575,-11575,-11575,1,0,0.017806,3f41f35dadcbaa5aa7f5fcf7f5bf7612c309dd6987697bb7dcd1725af0343cda
G1,B1,400,20,6,11613,-11613,-11613,1,0,0.021009,6fa9d0c7e36c590d3d8622e6f548489db688194981ca1f1c8f759b0dd1500a98
G1,B1,400,20,7,11574,-11574,-11574,1,0,0.015249,e3fc902c4297bbf1b6c4d748959f278bbbb8973604786f6a3af4c0e2d17d3d00
G1,B1,400,20,8,11584,-11584,-11584,1,0,0.017759,08d994e1e5ca95b06c9f4519e34c30737ccb54af7a0ee72b93edee1ed107141b
G1,B1,400,20,9,11595,-11595,-11595,1,0,0.011479,ed0769b1e5a190d9dd5ab993cd12c88eb4560837b77361b320b9005581266b9c
G1,B1,400,20,10,11578,-11578,-11578,1,0,0.020510,c33b4900bfe6c532f6cba68bf32eca31e2a3454cdb548ec5946f0c663e0a712c
G1,B1,400,20,11,11581,-11581,-11581,1,0,0.017477,f801f06d8d6b18645cffe666f012e63444786b31d9611d93a1035ecc347e6048
G1,B1,400,20,12,11581,-11581,-11581,1,0,0.018107,9c941b99e007444e9523bae7aac005434a876f938fe658987c2eb64804302764
G1,B1,400,20,13,11620,-11620,-11620,1,0,0.011496,d2cd9efc03d59140c9b05d416bca03ab899f0e6972f0bf6b4370044b5961d453
G1,B1,400,20,14,11573,-11573,-11573,1,0,0.019314,b7d57239df6000b3e7855a92dd93cbd9a8b451915b449f809edacb5676415c51
G1,B1,400,20,15,11572,-11572,-11572,1,0,0.019852,d517ee11f143bd8e29760edcdf8dc095134a1cdfcd8febbe0ca7252abfad0c0a
G1,B1,400,20,16,11575,-11575,-11575,1,0,0.023754,c0184d447fd9cff11cae12e3f8e63c004eecfdfe980efa73c7abeb0a567b4518
G1,B1,400,20,17,11581,-11581,-11581,1,0,0.017122,300535b285fed9033c3b21d77be12b1375771bc6c523d5ffcf4b36d6bb0fe358
G1,B1,400,20,18,11572,-11572,-11572,1,0,0.017526,c52c294e0a1286c59af8a3ab9e8ebd2ec1d0e629c73ef2fa999e6b6059e517c2
G1,B1,400,20,19,11614,-11614,-11614,1,0,0.015483,0546fd1066265e9ad24ba0a8de9856599b3d8269796246df47c697d2eade9330
G1,B1,400,20,20,11580,-11580,-11580,1,0,0.014821,fc8479f6ae00bb726557b3fa6d19383eb6d5f23a2047063cc83981749aef011f
G1,B1,400,20,21,11554,-11554,-11554,1,0,0.011372,a5425c594391b3423621324379ce0e4be01e2613da85cdfa663d1d14ebb44e3f
G1,B1,400,20,22,11624,-11624,-11624,1,1,0.011289,0a2118672a1be439145c4e8f10585d2dc50da642bd1e6d1042352647190c8327
G1,B1,400,20,23,11584,-11584,-11584,1,0,0.011468,56257fdc2bf279aa0a5d087c565cc56246d7bc31a226e4e6cfa2a350a819f01d
G1,B1,400,20,24,11588,-11588,-11588,1,0,0.012703,9428ef9ee1f764b77f05f0f068993d1e61348df503d7d4740546f7c194b04127
G1,B1,400,20,25,11582,-11582,-11582,1,0,0.015955,deb9187154b033dc11f59110b36a8d5b6ebcc80c6a33f7c53a19d946c71159b8
G1,B1,400,20,26,11554,-11554,-11554,1,0,0.018695,fda17885725b4f3d93b8473dd9ae25696f1a5118237088140e0c34d24a1d3855
G1,B1,400,20,27,11547,-11547,-11547,1,0,0.015939,2bb640603a6d923560fe6fd7f253f604984c71e18f3f734da08021241e89057e
G1,B1,400,20,28,11600,-11600,-11600,1,0,0.020076,762a1c57ee7e62d4c6ff2d98cdc392f0710186f07959b602766e5e79cf5010f4
G1,B1,400,20,29,11578,-11578,-11578,1,0,0.014978,ab87c54e30ec32eae6ba0ee27d69e19f122e2e9816a2e1f42160407b8de229e2
G1,B1,400,20,30,11603,-11603,-11603,1,0,0.019858,454c6caced060071f45e58b8f5cb2409e638429d539577b0c5e063d1f4a3cd03
G1,B1,400,20,31,11608,-11608,-11608,1,0,0.014184,721a7b0fd3651ad05ad3a2d21d6941e3e6ce20f339d80bca1316bd26fd9e22d7
G1,B1,400,20,32,11593,-11593,-11593,1,0,0.013253,067c3aeee7e3f7f99f1040e979b6813728190253617b310579ad5338fd775be2
G1,B1,400,20,33,11566,-11566,-11566,1,0,0.011448,5ef00d1c8775a58f47e2df1255e143b20b6f2d8778ed427755fcc0847b5ce2d4
G1,B1,400,20,34,11580,-11580,-11580,1,0,0.017593,b473a13470cfad875b1370903b9c5ced06de028ff9d910f24062dc9af0c186f0
G1,B1,400,20,35,11589,-11589,-11589,1,0,0.011541,ce01234b04ae8a661299428254f14590743a259e8611f8300f84713f5393cd5a
G1,B1,400,20,36,11584,-11584,-11584,1,0,0.011854,64f4c10336c49fbd3366c8f35968270bc364b37ca8cf9c72a3edae3d4d28cb68
G1,B1,400,20,37,11577,-11577,-11577,1,0,0.017379,1610d2912805c789252412d4d127200b4cb44b34d433ee451a55e16684622bee
G1,B1,400,20,38,11581,-11581,-11581,1,0,0.009239,6a63b8343ce464271557ef4aaa248151a9b4efd3c38947e2bf2503024db3db91
G1,B1,400,20,39,11582,-11582,-11582,1,0,0.018908,d52ca89fe56cd3b2372f9399a91a14c3fe04f53ad58a3964739965b70c56b20d
G1,B1,400,20,40,11577,-11577,-11577,1,0,0.011512,2b3bf8b6f48378e757e2aa0d84d3dcd38f31e0e40ed5541b35f572fe95f29768
G1,B1,400,20,41,11591,-11591,-11591,1,0,0.011704,e851dcf8a278b1d6582411f0cb028a5086ea0d6d679e600541ac138c3f6cf68d
G1,B1,400,20,42,11573,-11573,-11573,1,0,0.012043,497e90deb7ac92112e8a24a294a21ea31340b57d1ad8ac4fc76d9a9113d70885
G1,B1,400,20,43,11577,-11577,-11577,1,0,0.015737,2e23629bc46fa9805993bd87549176294da8ba7921b31d164bf2ce40b751154f
G1,B1,400,20,44,11565,-11565,-11565,1,0,0.018843,c5ce5b935b03c670082922fa3e53636352f79efeaeea0366da170558fc9ff865
G1,B1,400,20,45,11581,-11581,-11581,1,0,0.015642,99814d005376f41652ed543a925450299dcdd81390af804346151457f6f0ceb3
G1,B1,400,20,46,11572,-11572,-11572,1,0,0.010053,cb06bd7114bf0b95c74d3783e4868da43bafe9b5371fd193150b690560385d7b
G1,B1,400,20,47,11598,-11598,-11598,1,0,0.013681,7d42976dbbabc192f03b13f2fe83953c1d746fd5fc435bb88dc3a6fd7a7eabd5
G1,B1,400,20,48,11597,-11597,-11597,1,0,0.016114,fe1f004b8bf350dcd31c216a83e061619e59d7c48b6160933d9efd94ec30f243
G1,B1,400,20,49,11565,-11565,-11565,1,0,0.017376,644ec04cb9577244276306ddc28ea4a537e33f6c16f592801f60b422bf4dfaf1
G1,B1,400,20,50,11582,-11582,-11582,1,0,0.016231,24d07b9d15ed086465c8e28468851751a82f1abd2a2132f26a215fedcf1f20b7
G1,B1,400,20,51,11578,-11578,-11578,1,0,0.011382,c30cce1ee3a192d4b284a38a2bb83955d28740abe055a8c08766ec80ab7d3ce9
G1,B1,400,20,52,11576,-11576,-11576,1,0,0.011627,868662cdd69f9deb914ea0daaa5b218be011fdb826d2dc9337a4eaba1f61ab07
G1,B1,400,20,53,11571,-11571,-11571,1,0,0.018391,c0a7b75b9b1db35abddd91a9d6fb3f8c67d177f7e30fdd0694310e4492dbaeda
G1,B1,400,20,54,11608,-11608,-11608,1,0,0.009192,84c8bb2eb996f9f13e94799b25177012955a34fe20d6d05541d8b1ea79c11302
G1,B1,400,20,55,11570,-11570,-11570,1,0,0.018281,6691c175d1df4cb4728e5fb62a9d5df8a053de6a6c105171fc011cd28c7b81bf
G1,B1,400,20,56,11558,-11558,-11558,1,0,0.011269,be50597d0fe9327eb0b3b2ecab31e368ec97654f9880a9690fa6fb16d400a3a7
G1,B1,400,20,57,11590,-11590,-11590,1,0,0.011381,27302ba866259fc9c17d68b3c90b5e74b073c85f2fd8f4d9cae1a8859e908764
G1,B1,400,20,58,11567,-11567,-11567,1,0,0.009199,6f2afa32fffce99c79223617b4a6352408e096ff0fc57725ffe3d69a39f8aa14
G1,B1,400,20,59,11585,-11585,-11585,1,0,0.013965,84d71b94f8c653b7ce7317e383fa5f04d3b1f49a89845004faa56a6bb3269761
G1,B1,400,20,60,11597,-11597,-11597,1,0,0.015876,f410cfec7c17dd7b844fbfa65459d5f059c8dbfe69e12015b867a06de53f8d3e
G1,B1,400,20,61,11583,-11583,-11583,1,0,0.011381,5fd4b8a8e4db5bb3da9202eb3c0f0a6908d6d85a88814f2ab2cdf7e6dd942b58
G1,B1,400,20,62,11561,-11561,-11561,1,0,0.011444,d5ed74d5ac3f46a05fcb0ef45f86b30a28661fc52c0d56ccb87f167ce923fef8
G1,B1,400,20,63,11560,-11560,-11560,1,0,0.013848,ada2bb4322a15c6e6449169ec4b5a8d23880d720186465dce096ae5d35fe85d8
G1,B1,400,20,64,11590,-11590,-11590,1,0,0.014901,efbaba3ff2fa9539f7465ba0228f01a181c601d1b81409b87f1d85e7de7039ea
G1,B10,4000,200,1,11623,-11623,-11623,1,0,0.130690,b4176d9126929dd613d5613703606a6b7f8966537464e5d6e242119970711bce
G1,B10,4000,200,2,11593,-11593,-11593,1,0,0.145751,52907ca46eaa54df412bf28168c2d5a1a2fac913623629c203080b0fa1bf71f9
G1,B10,4000,200,3,11624,-11624,-11624,1,1,0.096455,460eea900e27e0ef9091999ef3fb27f680864af271eefe57ac043237ab6de9eb
G1,B10,4000,200,4,11624,-11624,-11624,1,1,0.118368,ca7776812f1969269ab48063473b288f5b5dd66d3ea9842414200d64340ea4ac
G1,B10,4000,200,5,11624,-11624,-11624,1,1,0.125538,c9e082fd6f5137324c586f1236cbfe6f85ac12e12f53c06104e2179a04feff8c
G1,B10,4000,200,6,11610,-11610,-11610,1,0,0.133001,6622eef41b5bfd166d14f780b8e06e1541ffbf71497241842a42063305fb7fe8
G1,B10,4000,200,7,11620,-11620,-11620,1,0,0.121699,a873efa7e5815632c9e8cf765e204f5bff06c0b2675ed7bfeb2b996d305a82cd
G1,B10,4000,200,8,11624,-11624,-11624,1,1,0.121728,3a782d201a1bf09a36f4362f4eee654f3ec5f5539c6db0281000f904c759a29d
G1,B10,4000,200,9,11594,-11594,-11594,1,0,0.147729,1789cf0e177cd35f3b9aedfcd212a5735bc3e33638304197706f10d3c04019e1
G1,B10,4000,200,10,11615,-11615,-11615,1,0,0.131887,b0084c42cd8652e2bfb6c7cc489c1ce567f75842c6a206b944ad80f9bce8fbff
G1,B10,4000,200,11,11594,-11594,-11594,1,0,0.137067,87f278ca08049b8590681791e7b1929dc6bb5c37094383ceae0d5edbdaa71a09
G1,B10,4000,200,12,11588,-11588,-11588,1,0,0.139334,49fd0b92f0b49c64c95300170aa286b9964d055aea71d0dff8cd0e1cdb3f73b4
G1,B10,4000,200,13,11623,-11623,-11623,1,0,0.124504,b9f88deafadc23111e0c1da846c0109ef3012aedf625f98deb238ff863c3384f
G1,B10,4000,200,14,11624,-11624,-11624,1,1,0.144906,0cef4e149547812ddcaf26836a3ecc36a557b269d131442390bbfd709dcad14f
G1,B10,4000,200,15,11594,-11594,-11594,1,0,0.146577,7f68b7427778b8b8c06f73ce82c02e89eb08c29d9228b6af57e34e4526597fd2
G1,B10,4000,200,16,11624,-11624,-11624,1,1,0.145219,4d83d7f904d5cdcb083f899290d31eb3b030fb490ab8ac01bf450d5b4efd7d80
G1,B10,4000,200,17,11624,-11624,-11624,1,1,0.181674,483ae4cf406adccb8b9c3b3c619814c7e6de4dac96ab043453fbd31e6c181c80
G1,B10,4000,200,18,11624,-11624,-11624,1,1,0.125522,d4eb71cf09be05e3838d15d53176b3f92e983d6afee32f99bc41df0556f9ecce
G1,B10,4000,200,19,11591,-11591,-11591,1,0,0.166643,5e446ac1fff1b51141e3d3dde656dab278a3fe645957808cb9b0b86b064316e3
G1,B10,4000,200,20,11624,-11624,-11624,1,1,0.130998,2873937f8b8e8639b4e167bb6539fa3c88c0915440b9e7db11523d72d155de9b
G1,B10,4000,200,21,11624,-11624,-11624,1,1,0.109947,6e749ad9a147337a4b3b40fcbedf95a7f048ea7d2597b9928179d45947854fa9
G1,B10,4000,200,22,11624,-11624,-11624,1,1,0.129409,3f725dc96cfb91149e7aaba9a04c88dcb1e503c95904d168a13846f00a622b3d
G1,B10,4000,200,23,11589,-11589,-11589,1,0,0.144196,59f1440d6fe64ad1198f1388bc3ea23c6d50a3aa7b7c72dae4b7929fa7143348
G1,B10,4000,200,24,11623,-11623,-11623,1,0,0.131907,2d5c990c300b72f83ae81aec07a201b3e6544cb697a5776a2f26d10e13722e43
G1,B10,4000,200,25,11624,-11624,-11624,1,1,0.128263,7b34d0160c577c5350fc93558431341a0860d9ed5db4a4b4f90af3a827b42b22
G1,B10,4000,200,26,11602,-11602,-11602,1,0,0.108362,a4e297ef52197f16aae090ecea755373f5d25abe506b70fe89f7a818f96d4390
G1,B10,4000,200,27,11624,-11624,-11624,1,1,0.125284,abd8aeb7a591725aa39c9a7d8fb8065fadce46c5c4c9bdeb1b1e732325d1a780
G1,B10,4000,200,28,11587,-11587,-11587,1,0,0.129099,511a7a17f78bce26f8992065a840af93a5e749100eab61812ccc4524ab830619
G1,B10,4000,200,29,11624,-11624,-11624,1,1,0.113241,c08fb603c7ff99e18722315a6c2a9ca4159f54cfbf613eece25408eb394b1b23
G1,B10,4000,200,30,11624,-11624,-11624,1,1,0.121660,b74177780f8e46220c6f98ff669c3aabc9a6bda1771214f7ac85f6f23c8c8c3f
G1,B10,4000,200,31,11624,-11624,-11624,1,1,0.126060,4a1b553209ae10f49e9d18b35780c930c6b17cb729d317f14129c6684bb12bf9
G1,B10,4000,200,32,11618,-11618,-11618,1,0,0.116843,999e7959f823b15bfbb84a56db5ce9e67f94db15f189e5cb5053bd2c42070b32
G1,B10,4000,200,33,11587,-11587,-11587,1,0,0.122979,3e824fa79b542210f0b8fa6bf5bbb63b6188b3fbf9743bcff8de2ca758f9b932
G1,B10,4000,200,34,11620,-11620,-11620,1,0,0.118399,e3660db7fbaab9a69ac5ea5c7ef62a533cbfc0d28851061640d60f67d5b1a2dd
G1,B10,4000,200,35,11581,-11581,-11581,1,0,0.116716,c29396140a08fbf194b3730ca8fb8053c234b30d716de8c2d34fae8f3cba6107
G1,B10,4000,200,36,11624,-11624,-11624,1,1,0.113973,7452ff87502f55fa77ac8e9c555863c821e713f9516c7c171489ee435bba0819
G1,B10,4000,200,37,11624,-11624,-11624,1,1,0.116562,f701e0620d8485511f9ea1e09e8156e8bbe2f58f2558c60127d3e83e9060985b
G1,B10,4000,200,38,11620,-11620,-11620,1,0,0.113530,ccb93bbf05d2df3e99986da9a991c1ad0b564a6d624465173daf7b98c02770ea
G1,B10,4000,200,39,11624,-11624,-11624,1,1,0.122079,85088040071b613f1b0dfdb0064018de2f7f1856191bb903b515744aada86ae0
G1,B10,4000,200,40,11624,-11624,-11624,1,1,0.132715,e14edbea2d8ab92d74501dfacc0a824355233a81329f4334edaaef7a6fae1108
G1,B10,4000,200,41,11620,-11620,-11620,1,0,0.107919,428d57341817575c258b0e170b0801a3d63144058b211e9322fa1c9eefebf1ee
G1,B10,4000,200,42,11624,-11624,-11624,1,1,0.118014,c0b7ad8d84ab6502947ef001ec273db48cd693a272a6f7e621cf6dd2b9eaf15a
G1,B10,4000,200,43,11588,-11588,-11588,1,0,0.114554,365981b1fe4f96403c006e851acdf600ff3321a24fee48853ccfde6349f370d6
G1,B10,4000,200,44,11624,-11624,-11624,1,1,0.124684,7bd6a0c99a8d3a34fcc6c63164b20a7b7487be7696abd7d60a903cc8dbb46575
G1,B10,4000,200,45,11592,-11592,-11592,1,0,0.118930,a1a7a567500e4eaeb45e6a1246573af0397bb704ac94845aa8fd4c45f6bd7e22
G1,B10,4000,200,46,11595,-11595,-11595,1,0,0.150877,01ffdca3d57e4596c45d8f8ee2efda19f3400b590eb4cd9254ca88d0dfd64d24
G1,B10,4000,200,47,11624,-11624,-11624,1,1,0.125869,ee94c9a91965c1d3debc6c469824f7a781472fa42e066d82873bf9141cb5726c
G1,B10,4000,200,48,11615,-11615,-11615,1,0,0.093411,e74c4b07370ad43cb9e95285d292119ba936eef2dd34987a91beedc360c2e1c0
G1,B10,4000,200,49,11624,-11624,-11624,1,1,0.115723,ee2484a7a37e7f296ee08fa9326abd9af436994460024fc2107f3f0b13bdce8d
G1,B10,4000,200,50,11620,-11620,-11620,1,0,0.107003,a56af29f3cc6860f7a72772565fcebe185740221650e6798f424f383185a7064
G1,B10,4000,200,51,11624,-11624,-11624,1,1,0.118391,c0b2f99d174c194a1155d2bcc1484122173cab2446aa894b336e3c56d057055c
G1,B10,4000,200,52,11624,-11624,-11624,1,1,0.106330,2e8d761c8d15e01266ebac67d2fc0f6464b65f859d52ce18466ef61bb44b34e7
G1,B10,4000,200,53,11624,-11624,-11624,1,1,0.117449,dfbd66f231db559b8a95ed697279565686360b56faa1acd7016b384f81b1f641
G1,B10,4000,200,54,11602,-11602,-11602,1,0,0.122508,99dbeb4cfa1ae0733c926523548676a14a0f3b76c3af283b7fbde2ea254c0bb1
G1,B10,4000,200,55,11620,-11620,-11620,1,0,0.115337,769d7e7178b2a37a69dbd0dcb53a09da77c3e6fc57c9cada8c9d55d164da4e17
G1,B10,4000,200,56,11588,-11588,-11588,1,0,0.115008,a1da9aa91be1a2fc625c1c3b7df94a47e0b7c801b1b68959dba9f93840e66c82
G1,B10,4000,200,57,11612,-11612,-11612,1,0,0.113460,b14892460d396618c177347e8307db2d6f6eb0f82075dc9121c115da60a633ea
G1,B10,4000,200,58,11578,-11578,-11578,1,0,0.104096,dd9672d9c896f9a7a72b1c10824dce7e2fffd231fb034162c1fc565213cbaf55
G1,B10,4000,200,59,11588,-11588,-11588,1,0,0.115107,7eb00d26e5f1ac6a916c8391ae48531200e35177f17cabe20bc2dba98599c542
G1,B10,4000,200,60,11591,-11591,-11591,1,0,0.101772,83ce72c6db0166d78934735744b588e1c53a1c11962515f725a1cc30c00aca75
G1,B10,4000,200,61,11596,-11596,-11596,1,0,0.100387,918898b3926cf89df33ea88ad44cee3e3db1810a1cee27e062ef1375838474ed
G1,B10,4000,200,62,11624,-11624,-11624,1,1,0.119374,df9c0c800a7905a45d785bc3d12e8b91f1ea376cb4f5e751cc6654efcebca875
G1,B10,4000,200,63,11624,-11624,-11624,1,1,0.107214,138197f7169123b31ecf9e7b431130300f1b16b8bc71547ffffe265d0b5d0e00
G1,B10,4000,200,64,11620,-11620,-11620,1,0,0.107926,6d00165b8738362201e3733f26040893a0bd668fe6e3eb4e27657f5e9f396966
G1,B100,40000,2000,1,11624,-11624,-11624,1,1,1.077130,7c88f30ad3c8b611dfbc848c70aa7899b16c0f1a5e3837554d74850f841fc9d0
G1,B100,40000,2000,2,11624,-11624,-11624,1,1,1.114978,e06f071b4caf72f661c6724ae793b1e009aae6de37baef273a14b56843aea11b
G1,B100,40000,2000,3,11624,-11624,-11624,1,1,1.185217,cbb744592dd2732363c57f3e1189bac903598f7607b0aec925341ebba4fca6f6
G1,B100,40000,2000,4,11624,-11624,-11624,1,1,1.188976,de39dc1b8f8576748275da2f51915cbb2798333ff09ac63b75b83b9f8079a0da
G1,B100,40000,2000,5,11624,-11624,-11624,1,1,1.177867,2dfbd0749b9b12e97f18a8ecf830e42ec6f1bf4cf1e2e3585174cebb014522e2
G1,B100,40000,2000,6,11624,-11624,-11624,1,1,1.120393,751a8e92a4eee38b38e39aa1451350e6cbecf9e0ee9016004b9436b8c26a2eee
G1,B100,40000,2000,7,11624,-11624,-11624,1,1,1.150796,871b1f957346e8730538ddec3926fa98b157c7c430428798fbd306a330c62692
G1,B100,40000,2000,8,11624,-11624,-11624,1,1,1.136019,d1c8b219c8241c039c7612f10f15d780bdb815417253f5091d2754383ba955a5
G1,B100,40000,2000,9,11624,-11624,-11624,1,1,1.112568,f5d5a7e55ededc28999cdb6e5252b1cfe121241aaedc349d5724a55f2b9c469d
G1,B100,40000,2000,10,11624,-11624,-11624,1,1,1.136788,32d5c5eb5a54968b088624b08e107b376b711eaef3e2bc6e148f096ba3b73089
G1,B100,40000,2000,11,11624,-11624,-11624,1,1,1.122212,e4fa542d25d81bef4bc5b4abb0c25fa7cdc9a6e1f88ec0b91e16949a912ecd54
G1,B100,40000,2000,12,11624,-11624,-11624,1,1,1.163314,284a5b67169d2dd2d20bac4ba1d37d38d14d38d923462f261ae37e93295207c6
G1,B100,40000,2000,13,11596,-11596,-11596,1,0,1.141768,cf145224ab5fd65f676a9c91c0f8d7e3798035b2bb1752fe1ea6b9be0b610988
G1,B100,40000,2000,14,11624,-11624,-11624,1,1,1.114056,c2153670e8ce09a3e4021010deff75e997c0842465a567cc0279cb6b76b478c8
G1,B100,40000,2000,15,11624,-11624,-11624,1,1,1.105494,baf179a5d0718371deab59a2871302646e0073fc87551208169d8e78a43bf19e
G1,B100,40000,2000,16,11624,-11624,-11624,1,1,1.042793,5f2d018f99691d19f3e30b80960b6f24486c85e82cf8a4d2f1420fa8061cc39d
G2,B1,400,20,1,11596,-11596,-11596,1,0,0.020196,57daa3fba24c9b78f1256131e1954733dd5e1128a4edebc25b11ae7c5d32ba41
G2,B1,400,20,2,11617,-11617,-11617,1,0,0.012679,f59384c0a7495284c74e70c5569c57071db06024322df7f1d456962f9730beab
G2,B1,400,20,3,11588,-11588,-11588,1,0,0.009225,999a9210f89990667a3d18bdb0eefe996eb861923a8c89a511bd8b47c9d2fb9b
G2,B1,400,20,4,11584,-11584,-11584,1,0,0.020073,ab0bcaef4876cf95ee13fa662da0b93b5961ed161e321194b9559095f027b8a6
G2,B1,400,20,5,11615,-11615,-11615,1,0,0.028258,58ee0b7eb6dcd8da66906f9487b69e000bca6ceee5a84b3b379684d870c0839d
G2,B1,400,20,6,11615,-11615,-11615,1,0,0.027403,47e20741fb7b768b00f21e715bb843e0ba95905aa6fb1073b38d03ea6f892334
G2,B1,400,20,7,11586,-11586,-11586,1,0,0.027149,090604431ec57e01c168865bb46e382a077666935243204620a6b278b6030748
G2,B1,400,20,8,11586,-11586,-11586,1,0,0.020392,052b1dd08ab50c9b972e7d5898d5c67be5546f26aa28b1b021d2d7789c935148
G2,B1,400,20,9,11580,-11580,-11580,1,0,0.009783,4f298c846bd72dc964af78c7d1c4fa454ba921f31809a77b7cf691803badf45b
G2,B1,400,20,10,11591,-11591,-11591,1,0,0.021983,fd0066943f0c500787f836fd0c086fedbb75b10134930a9db89b63bd43d13d56
G2,B1,400,20,11,11598,-11598,-11598,1,0,0.016361,ead485f6a0b7162d901a28d4edc242c62ab30281321514802913f3e46d23b1a1
G2,B1,400,20,12,11577,-11577,-11577,1,0,0.020350,062f2ca15d6d2b2f33208bb1d2bec0c875297b7cb5bc36963d9f9e35d4a8b8c5
G2,B1,400,20,13,11587,-11587,-11587,1,0,0.009540,b47542e90d2d6d30e19c9243c51905fe4dee01ce2936c97f7656ca5f063a697f
G2,B1,400,20,14,11562,-11562,-11562,1,0,0.009310,d1bb49967c0036f9369d2b54514458e14fe3efa02ca7a2b61183d25334662af4
G2,B1,400,20,15,11588,-11588,-11588,1,0,0.023162,0d1cf8709c59149b6eec6e857ae1a16f4d135656cfe044b28b89daaafb355bae
G2,B1,400,20,16,11602,-11602,-11602,1,0,0.020691,29cd7bdaf66e591c927df603775bb87d4b75c87bb6d3cb0b4782ff3a27eca221
G2,B1,400,20,17,11579,-11579,-11579,1,0,0.014743,817dda625fe2807782638f8727130d81e651c60d03f872f4ab5fb8c71b2159a8
G2,B1,400,20,18,11569,-11569,-11569,1,0,0.009479,34bd6d7d819e101e4f28e5ebc99fd5d423da3e36276ecfed7651d6ce414f224e
G2,B1,400,20,19,11597,-11597,-11597,1,0,0.009278,6f3bac9ba0efb700d7b853c3a2a7709835bf6e8e62e8f0cb438612f95b3c9663
G2,B1,400,20,20,11579,-11579,-11579,1,0,0.009588,190c84234573d17a3013c674cd704eedffe1a08ff2191843ad40ec0d6f96a976
G2,B1,400,20,21,11576,-11576,-11576,1,0,0.009395,d2cd052c1724b7d37d587d2b00ec5584640c7807d9c310cd2d946ddc99023db1
G2,B1,400,20,22,11577,-11577,-11577,1,0,0.012412,19bbd8916225ef87df5511d74925d5595a458f92a2673cf26b2ecdf5a43b5f15
G2,B1,400,20,23,11582,-11582,-11582,1,0,0.011588,11d97212c860ba578e6aa1270e8dd1b6979828996ebf16ed18789e5a0522413b
G2,B1,400,20,24,11579,-11579,-11579,1,0,0.009230,ad7b64dc2a187bab22302a0895caaf6c82b40b2fb713ed45b874a973ee632c52
G2,B1,400,20,25,11575,-11575,-11575,1,0,0.015163,627d8f75b2f8e8fd6be93adee09042cfcf033b2ae5fead56a1cc7030ee104caf
G2,B1,400,20,26,11564,-11564,-11564,1,0,0.009170,52eec9a5118893628e15b5d0f8fa42cc128b7abf8a3d6a5e2be353d826e23cbe
G2,B1,400,20,27,11591,-11591,-11591,1,0,0.015103,3931ed4dec226352849875d8cfc2bc9412fcad4a66c17a9ce422f6a5a0a2a9fc
G2,B1,400,20,28,11592,-11592,-11592,1,0,0.014774,0b2d309d839286883729e49024a05e65864a77639f2116e9e0eb54f0d66a5741
G2,B1,400,20,29,11594,-11594,-11594,1,0,0.014294,2d34940afed8cdb4821d19f5ba46cfd10627ef3ea2cb92a9dc1cd3152b431a0a
G2,B1,400,20,30,11600,-11600,-11600,1,0,0.013665,0d76b76ffed0605ea65d6a6aebf88e4c844204ddebf7b4719f5f544345d71b25
G2,B1,400,20,31,11592,-11592,-11592,1,0,0.009341,f910b506759de73032585cc92826e17c2df013ec85a7f0f1b26a8b12f9393d8d
G2,B1,400,20,32,11557,-11557,-11557,1,0,0.021915,1ff74daa850882e1dec5575c164045e6380a45b4eaf163799ef1a074504e9f8d
G2,B1,400,20,33,11576,-11576,-11576,1,0,0.012341,5443f642a49af22325f49d8f3eb2c7ea6dc5ea65ae514445643d011baa72cecb
G2,B1,400,20,34,11583,-11583,-11583,1,0,0.013755,3386dedc92a2869b9353fbe83cd8aeeba95a63d3e3b6283c7175d98c24d7529b
G2,B1,400,20,35,11596,-11596,-11596,1,0,0.014573,fa08a14bfa189c9f6146c2474add6800e6491b307035b04d12503da3b29fb592
G2,B1,400,20,36,11587,-11587,-11587,1,0,0.011487,8f51d65d96bddd2f1af7d4befc3d2904c792aaca8f2a4f632d3a59bc8905c924
G2,B1,400,20,37,11580,-11580,-11580,1,0,0.019593,6300a045f64ab83f2fa7d4953577239947869e5696c8bf1225ef8eff19e185d5
G2,B1,400,20,38,11579,-11579,-11579,1,0,0.010875,8f4093119c31972366e160c1a0b19d2065690e4238a17890345fcf074eeac0b5
G2,B1,400,20,39,11577,-11577,-11577,1,0,0.010899,2bae9f101e2cbf7f008045e6d1fdd4a2a48494e83fb5700f4fd1ac7a6cee03a6
G2,B1,400,20,40,11582,-11582,-11582,1,0,0.010689,63b1ee358f19db25b3f79e856be72e59dfd70c0b8359f59f076cd05b4cc1d676
G2,B1,400,20,41,11559,-11559,-11559,1,0,0.015310,0b59fa050026b610cf9f703cf5ec138da0f2283134a79acc23942cd66cfe6248
G2,B1,400,20,42,11602,-11602,-11602,1,0,0.009364,b4764f70c21402d093be05c5726db5e8428a306f2fed3ee51d60f48ae30efdb2
G2,B1,400,20,43,11588,-11588,-11588,1,0,0.009559,8fd93b56ab104fa321b7d5fa7b0dbd6324a6f6410102068d636c002ed28bc825
G2,B1,400,20,44,11574,-11574,-11574,1,0,0.012480,fb9b2e4b21de494c5751dc34e560b3960e8259e9770a35fbccefb13526140c0c
G2,B1,400,20,45,11591,-11591,-11591,1,0,0.009612,79bfb9afa8522a969bb8803f49854d231cd14958420ebe5677e3a97ce274a91d
G2,B1,400,20,46,11570,-11570,-11570,1,0,0.012296,15ed9754cbe724761d05a6e7b001c228c08054276b6a813b384036c24762c9bb
G2,B1,400,20,47,11591,-11591,-11591,1,0,0.012505,36928a912bbae60b5c4cbdf835421851f0f23b84b4a60be86ba096876d70e1cd
G2,B1,400,20,48,11587,-11587,-11587,1,0,0.009409,447524c2500088958e4f17876e09611f9fc4bf7d0cef7470fcb5b19697809440
G2,B1,400,20,49,11581,-11581,-11581,1,0,0.014248,01b939415b0b775c401c3f1da6b1568821b9e1bd15b712289aa17930673729ef
G2,B1,400,20,50,11578,-11578,-11578,1,0,0.014235,49d164be2868adbdd0524d89110aae2f27a8bee8a8d759c8a69089fb525efe20
G2,B1,400,20,51,11593,-11593,-11593,1,0,0.009315,af93ef10939f782576df6c40bb8a6ae230c415eaf7988e58e2e0cdedb4dfecaa
G2,B1,400,20,52,11574,-11574,-11574,1,0,0.009760,aeaed26d08a90008f725fb9268f0133729b45a98a1326d6d296963474bc1d943
G2,B1,400,20,53,11578,-11578,-11578,1,0,0.009324,b339f448655e278d6837dbc62a71d64a35889f3d9e502f620b7387534a41cf27
G2,B1,400,20,54,11584,-11584,-11584,1,0,0.009596,3cd76fcb5fbc94f782e2d9f79cbd73aece464d0aaea5a49864b46a61cc80736d
G2,B1,400,20,55,11551,-11551,-11551,1,0,0.009626,7484863e2a0df823e0cd591988a17478e84c326fe269e038c774ba2df32a0311
G2,B1,400,20,56,11592,-11592,-11592,1,0,0.015569,56819af8292e956f5cda25dedc4956760697bcf716ddf641ce4dcc17d516104d
G2,B1,400,20,57,11570,-11570,-11570,1,0,0.009347,7fed4d243341e483028ab8d8e5221d0f43d9156a600e2563981460c56543146d
G2,B1,400,20,58,11582,-11582,-11582,1,0,0.009330,4362b1e825912705a91e10750d013d526fb7b59a2b59d2a1cb5f37dd37e4474f
G2,B1,400,20,59,11592,-11592,-11592,1,0,0.009233,2a64ca3d60dcc2c704748e535834506cd7b12eb0630067203205506f6aac6fab
G2,B1,400,20,60,11588,-11588,-11588,1,0,0.011610,7d3299eb6a36224d3f26153a359fb7e897ab38238c761d4e502d8f4a2fc787df
G2,B1,400,20,61,11588,-11588,-11588,1,0,0.010692,f7be6bbc32d087c2362ee8c8c74cd1ea38066f1384c3bbfe63b654f1f19b1b30
G2,B1,400,20,62,11589,-11589,-11589,1,0,0.015712,cd18b36e782f5e23a06840d5af5e2089fd0f4722a3f401f93f7bdeb24988d9f5
G2,B1,400,20,63,11576,-11576,-11576,1,0,0.013820,2b641d5e8d4b2613f3677323b17f30f852018309d5b5fe72e569060a67d05c6c
G2,B1,400,20,64,11578,-11578,-11578,1,0,0.015529,526548baae4dd21d1dd7cf9ea0135320c0e7d7a2730a054486c812bac3ca07a3
G2,B10,4000,200,1,11596,-11596,-11596,1,0,0.130521,a46c4486495236bd3113af09a29ee8b0b2390e7d906d2d9e27bf9e5ed751bdff
G2,B10,4000,200,2,11613,-11613,-11613,1,0,0.105991,2fd829d1c420f16589fd7b847e61c15d00131ef4495070c554739ec9fac0a268
G2,B10,4000,200,3,11615,-11615,-11615,1,0,0.097566,c64496eea577e8c1d7512cc0e3b2078d00fbd2fbd6bb24d20252df724e9b0895
G2,B10,4000,200,4,11604,-11604,-11604,1,0,0.147444,48dd9983c5a4a2a709c619841cd375dc6a4c3f4f60a6dc2e80f71cbe919bd145
G2,B10,4000,200,5,11590,-11590,-11590,1,0,0.143977,39e00a5f1a69d5f5ff91553a2066be40662f44d77a10c752b4caa439fd474151
G2,B10,4000,200,6,11614,-11614,-11614,1,0,0.093724,de821a16a201ed9e133bbb445ed79b248ed9affd7e31c018de9cb21420a659a5
G2,B10,4000,200,7,11603,-11603,-11603,1,0,0.133079,5e7ec84d50b342c644492b90361ec713099c21f2ad3054d9d353618cad087485
G2,B10,4000,200,8,11607,-11607,-11607,1,0,0.120725,d2ab922b5e415d47856c48ca955ac29aa02baae9c400f297d43d6c0de0a89e41
G2,B10,4000,200,9,11592,-11592,-11592,1,0,0.125392,b5f1110d2a0cee3332d4c350e483e925f575222ab1a75ec65e7e9b900b5192d1
G2,B10,4000,200,10,11604,-11604,-11604,1,0,0.103546,96a88a77ed83197e828a618d2e9d8e0002a42a952403698e6faaebfe1bbd3741
G2,B10,4000,200,11,11615,-11615,-11615,1,0,0.134977,5e04e4ccee201b255adf911ec373071e1d859845378d4e84330839798fca49c2
G2,B10,4000,200,12,11598,-11598,-11598,1,0,0.115715,ff9eb9d549c2cbb6c292e1e27d16bfc1f179b57db082223ca0508a2a8771ae74
G2,B10,4000,200,13,11609,-11609,-11609,1,0,0.090838,db7c664540467bcd52ce0529c1af75d562fb87ee0f804ec1347ca6f0936e9658
G2,B10,4000,200,14,11603,-11603,-11603,1,0,0.102336,4da5e585bb8fbcd4817cbabd556dbfe911edb1e35952b20ebfac99df50125455
G2,B10,4000,200,15,11598,-11598,-11598,1,0,0.132131,8c85160f4ede75deaf278220e97a8d7b8e3f6261b350c6e5b44f6f79c2b19d16
G2,B10,4000,200,16,11607,-11607,-11607,1,0,0.102763,b0c272f87947c74a144691dc33b95cb0aa0b62acb08dd8483bc6a41a503164c6
G2,B10,4000,200,17,11615,-11615,-11615,1,0,0.128116,d614116f336a297e0795b9c99b351eebbd46a964d84ab9a99e7c401fcc887240
G2,B10,4000,200,18,11607,-11607,-11607,1,0,0.106339,fd2d55e0689d1f67f84e71f16c5684f749c1cc3da45bb60d2b5136b7d1201d52
G2,B10,4000,200,19,11595,-11595,-11595,1,0,0.116471,958fc3bd921f1356b32e4afe9fd0793a7a81aff378b87d20d854b7337839d637
G2,B10,4000,200,20,11600,-11600,-11600,1,0,0.141403,f344866d48f3cd138859bbd81567f198dfe13b2cf00af8b6e7d2f0b13475a44a
G2,B10,4000,200,21,11620,-11620,-11620,1,1,0.146486,82d7015b6f56d5df9732d3109a84b95592b2eabf309079645c9c78042916ddff
G2,B10,4000,200,22,11598,-11598,-11598,1,0,0.139085,7ad7df934ff8d754b3083ad8a9c0b1089d2b9cac33cce179a652f2330b1c58dc
G2,B10,4000,200,23,11607,-11607,-11607,1,0,0.136451,050f5e2a7500e65e7392b67c4c810558a42825b49745058aa537b50d8528d462
G2,B10,4000,200,24,11593,-11593,-11593,1,0,0.112756,ebd5cdb1352617a2575256bd5943f335f533361e32a946d10a26f62c78b9d048
G2,B10,4000,200,25,11588,-11588,-11588,1,0,0.135964,8a17a769c7ea48c6aa8fd60f688931b38d622165c7ffaec2d34c23cc824dbb1d
G2,B10,4000,200,26,11601,-11601,-11601,1,0,0.136457,edd14ecd5dbf8ccb0f84a06d6cac47a7d1b082c6a58e9836f0faae2014a769d9
G2,B10,4000,200,27,11592,-11592,-11592,1,0,0.151002,e3c9786e3300b89c1552850c442d50d4f8b62791db90b00c435cb399bce1864f
G2,B10,4000,200,28,11615,-11615,-11615,1,0,0.129129,ec9fd5e46b3fe425bda9b94918cda31f79c8c843b5e1c6b4b90525a3a9d2f031
G2,B10,4000,200,29,11609,-11609,-11609,1,0,0.122466,8b530644371260c0a95cc9ff088dc1b5bf8c7e353d7986596545a2f05a7fce6c
G2,B10,4000,200,30,11594,-11594,-11594,1,0,0.120381,8b7b19ae5a474190163fb9f1c0fe3d8910718c1561dfd6c0e43f51c2f48dd3c3
G2,B10,4000,200,31,11608,-11608,-11608,1,0,0.102955,47184b0839ba21d81cfefa20b43506de7c9b73b05283238c3187db2166632bb6
G2,B10,4000,200,32,11587,-11587,-11587,1,0,0.140790,7292618b8929f07f9d4438166ed3932cdad1c864abc320cd16eacc4e4eaa88b3
G2,B10,4000,200,33,11589,-11589,-11589,1,0,0.106192,10a9dc31e11c265041444220df19976f0a929d368a41f4287d3c27af307c7f17
G2,B10,4000,200,34,11611,-11611,-11611,1,0,0.111963,58abb780c58252dedbbc217e15182c32ec22e8e6c86cacc3fa96fac8ad6bb4ab
G2,B10,4000,200,35,11609,-11609,-11609,1,0,0.128528,d813b2441783734abd6a45b5c8a19f4884713dc0912a9ae1c8e79ef7e0f03443
G2,B10,4000,200,36,11607,-11607,-11607,1,0,0.116285,d84ed3515186b162ab858bd4e770497eb826e5a2d657570aa22faf416499c7d8
G2,B10,4000,200,37,11587,-11587,-11587,1,0,0.106546,d939599525e7fea21eb344b9fbbfdc15b0b7302a9f96d779b8ad329655c80e54
G2,B10,4000,200,38,11607,-11607,-11607,1,0,0.130911,03550c57d3a9f873f6d2a3d0f874df0013450dec9b1d09165f01b773739763bc
G2,B10,4000,200,39,11604,-11604,-11604,1,0,0.114035,e53acfc44571567cda5011065c246ad6f890ab239f604b19ed94eb530b618031
G2,B10,4000,200,40,11615,-11615,-11615,1,0,0.111993,f8732fdf3361df9028ec8d6b8856527522e6c2f47fa9ceadd876d0f7a0379c36
G2,B10,4000,200,41,11617,-11617,-11617,1,0,0.148133,d722b385fc7538fb99a859776c020c31b66df7cc4746d942511e7b5ae872ce64
G2,B10,4000,200,42,11601,-11601,-11601,1,0,0.148058,980c50c160bf6aa4a4ebfb3acb1de54368eca428e331d96900cf53ef0e439e28
G2,B10,4000,200,43,11610,-11610,-11610,1,0,0.123809,fb080957a1078bfefbc379a4b0cfb9b64aca90b04eab6fe2a1aa776e8860dabb
G2,B10,4000,200,44,11615,-11615,-11615,1,0,0.124615,c47532030e8c6cd1e572cef89fe77582d54e0565ecc2331076c465e74c2dae49
G2,B10,4000,200,45,11607,-11607,-11607,1,0,0.096422,924410446929171667c1721a78d64addb8e801839afc8596f9a046ff44c02077
G2,B10,4000,200,46,11616,-11616,-11616,1,0,0.113937,1732b0f59e8829dcd717f6a9f28669af0ba3953d50c1a293a666df48281eb996
G2,B10,4000,200,47,11611,-11611,-11611,1,0,0.142075,deb3c023ce3360628682786f72a2ec87f7fc4496bcb692edb719e17535a0d35f
G2,B10,4000,200,48,11598,-11598,-11598,1,0,0.101554,47e47014058c2180ccbbf810eae8d64a241455b97b755c832f047430e076b050
G2,B10,4000,200,49,11596,-11596,-11596,1,0,0.099061,2793b0e07f1e915cd63f98fd10cd50bf05d03e7a41c454000b4364fd0c7b1341
G2,B10,4000,200,50,11596,-11596,-11596,1,0,0.146332,0419f64accde11c21629ba47098685f466e6ba48564fe2e4015b3d09a486227e
G2,B10,4000,200,51,11595,-11595,-11595,1,0,0.123274,e98c9053d4de45e447e228fe7d9a1d1a4debf0f2754f672b410f02641b423557
G2,B10,4000,200,52,11599,-11599,-11599,1,0,0.142242,46aa53e657a34e9dbbeef406006255e4e4b4d66236b04768acf6688614adc22d
G2,B10,4000,200,53,11613,-11613,-11613,1,0,0.105847,5ece9dae560211316e4e2ee821d5763bb7a1978c165acb91159eccca2f7325b9
G2,B10,4000,200,54,11597,-11597,-11597,1,0,0.129353,c612bd81e477a8e62da3125aae9bcfe851c2736803858ca7e9af2428489476cf
G2,B10,4000,200,55,11607,-11607,-11607,1,0,0.115286,6bb40d4e0f906a9919e86b732c315a09a28de7181320290b63d0e05bc98fa345
G2,B10,4000,200,56,11615,-11615,-11615,1,0,0.122728,1d2ea1cd8a8c21e58e157894ff45142b5e2540e77e559cd19d648b08f115ab12
G2,B10,4000,200,57,11597,-11597,-11597,1,0,0.113317,7666605309689d2c10efd296f09cf2e45638bc67eb81602de30a76d607abec7c
G2,B10,4000,200,58,11599,-11599,-11599,1,0,0.112286,9c96870c5f3dde546718dac10b02f350f329f0cc48c3bc58797e4fd8f02b379b
G2,B10,4000,200,59,11609,-11609,-11609,1,0,0.122291,9829443930b9209865f9205c2bdee4bd1c7a1f219f485b97556b490e4d1b297b
G2,B10,4000,200,60,11608,-11608,-11608,1,0,0.118380,6dfde467234d87e2fe6adeeaa1f7be645971c0c249a21ab8111aa1d626892308
G2,B10,4000,200,61,11617,-11617,-11617,1,0,0.115571,590d9890fbd487bc22af9438d38b9a9cbe067cc7a659d024dbc8b38c3e9a2561
G2,B10,4000,200,62,11597,-11597,-11597,1,0,0.118213,968c2cfd2c92209d62b4bb9d675c7d00d577adf55d3a4edaa7e180b034cacce4
G2,B10,4000,200,63,11598,-11598,-11598,1,0,0.112909,832a2e10a441a29182c1be3b8e2889a6b8d72d7526b1cd86aebbfed8dc3788fc
G2,B10,4000,200,64,11595,-11595,-11595,1,0,0.119877,e069624d41c6eca5d3a99d9ad23bee993ecaac37b8f15fb656a10a45e98dc6af
G2,B100,40000,2000,1,11620,-11620,-11620,1,1,1.228317,38ed31e062c9971c747b83e874c9cef409399676e4dcce5fc37a66442a0761fb
G2,B100,40000,2000,2,11617,-11617,-11617,1,0,1.237400,182625160b9f97626ee8acca9051465f93a9d0fa4acdc0e781ead764380fd494
G2,B100,40000,2000,3,11617,-11617,-11617,1,0,1.112602,892fddc80622c036e70d31f908bda820c51af6e1d9c933027a768539b0368848
G2,B100,40000,2000,4,11604,-11604,-11604,1,0,1.141382,2721b6b70f7569dcb93571d878eafaa9d2d3837406ea352e7e548c44900b5c2e
G2,B100,40000,2000,5,11617,-11617,-11617,1,0,1.173653,08646d06aac7c52c1964257b7d2b77f7d48f0e0e4459918dc9522c9a45da3874
G2,B100,40000,2000,6,11617,-11617,-11617,1,0,1.235530,50030b759e5693d86c53c70589c1702a54de56909fbf57fdd39aabf0c66e91d7
G2,B100,40000,2000,7,11620,-11620,-11620,1,1,1.194797,fd3435d58f664f75c6a9e9e46f4e11d984822e7e935de53f6cc1b631c54c55d7
G2,B100,40000,2000,8,11604,-11604,-11604,1,0,1.173474,6258a02f49679db3d3251c577828a60cead0b29c756ae850df68ba50db7156da
G2,B100,40000,2000,9,11609,-11609,-11609,1,0,1.191726,c5cebc6c3a61be64ab440193a5f4987b239c574bc2950f4a18a641429f417bf5
G2,B100,40000,2000,10,11616,-11616,-11616,1,0,1.135055,53c6be45c44aedc936fdb7a9b15050a802a3991bca788a9300344124ff5c0331
G2,B100,40000,2000,11,11617,-11617,-11617,1,0,1.182098,6cd809fa0db76ded3b2964be6149108b44ea5e4fc9b87314e7e2261cdfccad82
G2,B100,40000,2000,12,11617,-11617,-11617,1,0,1.119070,778a4beba088bce1ed239a8511a3acc5af06a4013710d011081088bb51762359
G2,B100,40000,2000,13,11601,-11601,-11601,1,0,1.137881,96375e25d10524228b6f854af6926ec331c89ab1507ab9f929330fabac19b3c4
G2,B100,40000,2000,14,11620,-11620,-11620,1,1,1.192954,effa0a34403e4664e045aac77421cec6d4090beb12b97c2dd5813f7a4ec6f1c6
G2,B100,40000,2000,15,11611,-11611,-11611,1,0,1.139558,70f7cd28290f4ef860662a06ff22bb8f73226181f421fc1e89cffaaa9b8e088f
G2,B100,40000,2000,16,11616,-11616,-11616,1,0,1.219697,9c78ce885768fa32e6697f1c7c3858156b99df0b433bac306109976de33cb971
G3,B1,400,20,1,11621,-11621,-11621,1,0,0.012345,20616526f28f11564a20e13cf7a71d6039c3b5ecd64213a520b3dd107a01b567
G3,B1,400,20,2,11554,-11554,-11554,1,0,0.012158,eb8e99c9edfa45e88eec63cb41e1fd0351b94642e8a8ef0f4214448b2fdc5025
G3,B1,400,20,3,11592,-11592,-11592,1,0,0.009852,e3effad7028cab85f9579087c698a45c725d4ba62655fcd55567b836f2e94927
G3,B1,400,20,4,11599,-11599,-11599,1,0,0.010862,c60740547a67d25138b942c1a64cfcf35fc167c144d1a33129a802283c080677
G3,B1,400,20,5,11620,-11620,-11620,1,0,0.009892,d528995441fd486b24e7faa7cc0d4f5198744c84b9635981f64fe7ecfaa641fa
G3,B1,400,20,6,11568,-11568,-11568,1,0,0.010828,0318aa355e7817a8d221207afd3a6c7fbc4ca58f279ff3d230003301c69eafd4
G3,B1,400,20,7,11591,-11591,-11591,1,0,0.015511,90226b0f2abaf252be25c62445ced875ed399974f2c4e8df24fce0fd9ad4399e
G3,B1,400,20,8,11621,-11621,-11621,1,0,0.012437,e7fd9aa414672ced579ed348d86ba266083e8c4eedc0999669d41ea869d47ce7
G3,B1,400,20,9,11586,-11586,-11586,1,0,0.009942,e4d944b38865ab0eb29741559eaffe6c60b644d03b6871387278a5d1e9741fea
G3,B1,400,20,10,11583,-11583,-11583,1,0,0.009862,3cb2ac373800680aafbe38241a386b7155a7e2ab559495a5aac9786126fdaee3
G3,B1,400,20,11,11595,-11595,-11595,1,0,0.009910,e8287e9f02f6cee1fc293ca3a72d1b0fd2c842a8a0411157e6c4912cca03c745
G3,B1,400,20,12,11596,-11596,-11596,1,0,0.015752,ec92db73f73385e1f2533e297d1a1f4b33acdaf77796008831251826385ac3c6
G3,B1,400,20,13,11583,-11583,-11583,1,0,0.010227,010e9cbd17d1b1d771ed04bf48f5fd782530636a4ba43154183bd50a2e848a2b
G3,B1,400,20,14,11583,-11583,-11583,1,0,0.009241,bcb73c4d94b58b6af90da3f7aedc8370c087ade5515890ad727ae5501a7117c7
G3,B1,400,20,15,11546,-11546,-11546,1,0,0.015909,08582cf978b7d447fa1127abc91480b948bf1f4d576f901af17f7334976e1f58
G3,B1,400,20,16,11577,-11577,-11577,1,0,0.012105,2d9bcd1f3beec983ea9d565bfeaa3f49ed3a5f4d9bffecc0e27b5d0f69bb4430
G3,B1,400,20,17,11550,-11550,-11550,1,0,0.009221,fd971d22cb80cf45573e7e3436ae9f53ac91b43ade11e877ab2ef811bdec9a0b
G3,B1,400,20,18,11605,-11605,-11605,1,0,0.009159,7ba6e88ffca49665e578d374713a830589baef002e583f1676b5a22ffc88ea57
G3,B1,400,20,19,11613,-11613,-11613,1,0,0.009213,3319a0ab528191af1199bff971c366264c59d8b72ce1b0d3d7d5168d881e1e18
G3,B1,400,20,20,11581,-11581,-11581,1,0,0.009278,993dd522a9788c889310375c7ef3077b9502247f54195c6cebb99f910ca9b965
G3,B1,400,20,21,11595,-11595,-11595,1,0,0.009186,1a675307803c9e3dd74b81ec0b31d4b5c7038fa5cc0f5cef354f2ffeb4291f5b
G3,B1,400,20,22,11574,-11574,-11574,1,0,0.009262,adf136fdb9cea0af36236a50da8f7135ee2e0ee86c9a4ca553c6e4538ce8ee7d
G3,B1,400,20,23,11588,-11588,-11588,1,0,0.009227,69bc825b068c7617f5ce59f05f7e9031c73b5a6d310c9d949cbce7ba099fceea
G3,B1,400,20,24,11572,-11572,-11572,1,0,0.009284,d4c2d3749817accc9d06f53bd40e688b03531bf21c72a3301d91b78e7ac2cbe6
G3,B1,400,20,25,11584,-11584,-11584,1,0,0.009058,2483884f00e4926321617cd3f4b3ec2cd29a43140d1fe2c004159e3f466a64d0
G3,B1,400,20,26,11569,-11569,-11569,1,0,0.015675,50bc177658d703cee60d871b65c4ff9b8c6194d6482e54ed4347ebb51c75d38d
G3,B1,400,20,27,11608,-11608,-11608,1,0,0.015998,dfd66daca2bfbb2f88a46c7fada013f449c2a5a1b9411c8e3869073cea1d49cd
G3,B1,400,20,28,11602,-11602,-11602,1,0,0.015326,dc366cdf45eb3d547dd746e8f1154d98762dd6e58b0bcab21ad8b968d1c80d24
G3,B1,400,20,29,11599,-11599,-11599,1,0,0.009173,b6b07b4b33d5d413045a05578d7132cf7a1987b68bd6f912a0481f4e65f434ce
G3,B1,400,20,30,11571,-11571,-11571,1,0,0.015703,d173f6ec13da215adadd5d70cc85aee62b12371124b99806fcabd1341839151a
G3,B1,400,20,31,11608,-11608,-11608,1,0,0.011386,0acf656cb9ecd165511e1d3a6e2e5ee9f38b773ffdadca822bde6f3e143bbe54
G3,B1,400,20,32,11606,-11606,-11606,1,0,0.015271,89738ca0918fc5cc4161671b45708ae0d6ab0cd9ad3d43d27145d54a47bdfceb
G3,B1,400,20,33,11602,-11602,-11602,1,0,0.009591,2b8336ebffd27a809e2826fd8b8e9034b03ef3fc45d29431cc324d72f1ab9e9c
G3,B1,400,20,34,11605,-11605,-11605,1,0,0.009430,27b227522e338ef4654f31b3760da1a0aad53dfb89ec1abdd6de7c897ab41a05
G3,B1,400,20,35,11602,-11602,-11602,1,0,0.012238,9557b4b9ab7ec4167f2bce02c191a01aa2fb5f506a8a669052e1f99521d8356e
G3,B1,400,20,36,11588,-11588,-11588,1,0,0.009329,603b2d1c5c2230df2cf15c81d81f664cc20a376409b45be954e85d89ea228ccb
G3,B1,400,20,37,11584,-11584,-11584,1,0,0.012930,905677de100c528575ad7225e38f76531a881638f360e50717e39084e074fec9
G3,B1,400,20,38,11608,-11608,-11608,1,0,0.009178,65ad8b2a610c636e2a052a8d03ea928db5c62d6687fa879b15c9174e0e22d24e
G3,B1,400,20,39,11599,-11599,-11599,1,0,0.009589,3865970643700603bf873e8ac195ce7e8923b17c26c3762713e5d1c033f18f9c
G3,B1,400,20,40,11605,-11605,-11605,1,0,0.012642,675a29424e148ca333f42029d55ad2de3443e3f845b02fa4c8e69ad539511fda
G3,B1,400,20,41,11600,-11600,-11600,1,0,0.009311,794bc85e9d71e58813ff0579a72ac206ac7b5ffb3c5f46603c577228a318897e
G3,B1,400,20,42,11569,-11569,-11569,1,0,0.009091,d4ff15ed82fcd422624fc876350259083adf6096dbdac1e399294dba9afffaa5
G3,B1,400,20,43,11582,-11582,-11582,1,0,0.009604,8f0bb5b80f282207df74c3c339130717611a72694301361e666d947b315ba516
G3,B1,400,20,44,11602,-11602,-11602,1,0,0.010588,4e05c7211fa59d827df83b516af6e1987709f0f6646027f2c120adfb20991fc3
G3,B1,400,20,45,11618,-11618,-11618,1,0,0.015241,46dafcacb9ea659a34838a58694217e620eebe6d67d7fc725971dd75ccd04d87
G3,B1,400,20,46,11597,-11597,-11597,1,0,0.010572,05c399ad2c4c4431a4dbea8dcc4762f39c3216e45c08f0cc3c04aabdfee3c9a7
G3,B1,400,20,47,11606,-11606,-11606,1,0,0.009356,2c62d3ec6cfc6090b0167499ef07f46ac1bc6cb3efa848bc14384da572082910
G3,B1,400,20,48,11617,-11617,-11617,1,0,0.009257,1470a91c95d11a6a2df0bb5a2e0ddd3c77dd004813bdee6feed3e212ecf24009
G3,B1,400,20,49,11584,-11584,-11584,1,0,0.009225,a8718bf4b52c23aea73d4902ac95c056368efefc004805a20891b95b0a45276f
G3,B1,400,20,50,11579,-11579,-11579,1,0,0.009429,d722e3d7fbe77c97dc3946ebf8743b18b16ce054fea7dfeb66bc31fd53c8a57f
G3,B1,400,20,51,11579,-11579,-11579,1,0,0.009394,7293dc7f285c1128e1eac1f52bcc47685fa77bc8699e262a82f621483f13f46a
G3,B1,400,20,52,11609,-11609,-11609,1,0,0.009806,67bebc385be0be69f07243c926bfa16067c22275621c6390bedb7baa7227d1b2
G3,B1,400,20,53,11598,-11598,-11598,1,0,0.009645,f07573fb113aa02f50621512875454816883dfca40147a6d8e3f57bc7b1f162e
G3,B1,400,20,54,11596,-11596,-11596,1,0,0.009128,1736b31f7bcd44ce92048a36f335dd9362bc33d5923130721f34888420e7e011
G3,B1,400,20,55,11596,-11596,-11596,1,0,0.011306,089267012b990686e0c5d6c29802d69d0b47b197d6aada057bbed7481a215c49
G3,B1,400,20,56,11588,-11588,-11588,1,0,0.013508,c4361033fab1758b0877272dc480ad2cdf970f013449f9c1c646311efdd5e4ed
G3,B1,400,20,57,11590,-11590,-11590,1,0,0.012881,4349f7420f58ca3db72daec7d44ef98b073a06d1fc047583bc0af5a5a9add161
G3,B1,400,20,58,11609,-11609,-11609,1,0,0.014311,24423880b352761b367c627911bbff79f4cc92d16f64c9364cf5b833fc335ded
G3,B1,400,20,59,11583,-11583,-11583,1,0,0.009269,d3252feacc3e7f2bd6b7536d8a543e6daeac31ef1c02726f3e20dd21f5eea839
G3,B1,400,20,60,11602,-11602,-11602,1,0,0.009855,4aaa7abea9d8becea0bdd0153ec6bdcf1c0a56387e446f9ecec6a5b73aeacebc
G3,B1,400,20,61,11600,-11600,-11600,1,0,0.009504,22cb52103b489bb0265dfd5db685e003fa937a5019db2b3fd1d823f4ea6247e9
G3,B1,400,20,62,11605,-11605,-11605,1,0,0.009299,222449f29d86aaa403394bd142aae5e3cb9e9d941de9a5454d0e7210a14a2e36
G3,B1,400,20,63,11573,-11573,-11573,1,0,0.013761,bc5de1c6f68d87c50098616ee4e6be74322429c8ae06bf5bf88fdbf1fd6a9e44
G3,B1,400,20,64,11618,-11618,-11618,1,0,0.009141,e5671d078aae038fafdb1bc23ea63451a33784f9a3ba041e3efd6617bcd8c7d5
G3,B10,4000,200,1,11616,-11616,-11616,1,0,0.095044,0cf141fc96d7eeee5691c999cd3a46ecfd0b0370d831b4cc75eff9aa83774503
G3,B10,4000,200,2,11621,-11621,-11621,1,0,0.094039,0904bbf616c87c7892a7a37ec3a8e78705b488c9a34c836204768cc3fe3d75e6
G3,B10,4000,200,3,11617,-11617,-11617,1,0,0.093480,0f19d31e97ee60a47384da411fb2b4afd67d6edd607ec8033e534fe37fc26f2b
G3,B10,4000,200,4,11617,-11617,-11617,1,0,0.091260,d9da8290e29721a01a3086c3748dcb20f3697c959ea9b3db1ec06f4145e601df
G3,B10,4000,200,5,11617,-11617,-11617,1,0,0.110146,411e50c4250cbcbc412bafd98944629648d7b8e6574514e1bac3230287aad1c7
G3,B10,4000,200,6,11612,-11612,-11612,1,0,0.091590,6c671a8a2ed3a9e792b97effc58db08e86c422f4489a0dc739dcfedd0205ed84
G3,B10,4000,200,7,11617,-11617,-11617,1,0,0.095542,89ce6f916fda66aaefb24cee22bb1d187c20dd3ed5867b9d4357820469f94272
G3,B10,4000,200,8,11622,-11622,-11622,1,1,0.113170,57112f591ee7a8dcbd8b104ed8e368576e1870740ab5d3831b28363f484d6809
G3,B10,4000,200,9,11601,-11601,-11601,1,0,0.102891,75b4b291dec4fc1fe4e84dc029fa9b746ccc1a0bee34c18a724516ac8bc52403
G3,B10,4000,200,10,11621,-11621,-11621,1,0,0.127348,434c15eb51db83571247ed7725564daf2cdd7ef268113f860ac4a89837529f2c
G3,B10,4000,200,11,11616,-11616,-11616,1,0,0.100422,0071d4a0dec9e00c6eefba9c04c5812ae5075ec98dafe35664c0a52109f3def6
G3,B10,4000,200,12,11614,-11614,-11614,1,0,0.099838,b27ec2b6506d858bf7a4d020f30109e91c3333574d9fcbdccdea25f336fd4eb5
G3,B10,4000,200,13,11621,-11621,-11621,1,0,0.128249,b31471f3f138755359c671456f780967cc5b2fa31fe7119129e57c0c48ea6f49
G3,B10,4000,200,14,11611,-11611,-11611,1,0,0.115963,d41cc86006d8cd3f36431df5675c1bd8c72d5f009af843c13eb58f8e419d33bf
G3,B10,4000,200,15,11621,-11621,-11621,1,0,0.104695,710b2ee71d4ffcc50094e8efd05a77710ad28bff3f4f5f81159586697c28ce6d
G3,B10,4000,200,16,11620,-11620,-11620,1,0,0.142154,2a0ad32603276eced239174ea9f42ac4210e120b01d2f299d1ee6cb4f88a3fc3
G3,B10,4000,200,17,11613,-11613,-11613,1,0,0.105948,305d691fd5e251b698db0d403f8eeecd1cb98bf008ac008502a8153ec2881ca7
G3,B10,4000,200,18,11622,-11622,-11622,1,1,0.137950,174d77782df3b06c1a1a6f00bc5a22549cddb75f892b92bcd4fd4dc4fa609aab
G3,B10,4000,200,19,11622,-11622,-11622,1,1,0.091454,2e66ed5e27f64172a87144331c4ce59da25f4edbe548404c965fdeb11d51b444
G3,B10,4000,200,20,11620,-11620,-11620,1,0,0.118901,735e5f1d04c52d833e83c613f9be4578aa9af8299f61dfed123f9a38e0059101
G3,B10,4000,200,21,11596,-11596,-11596,1,0,0.100239,80307e0b04f5e6cb93edbabab34ca26c8da28f6a40cf6f09b9c1796f99019c79
G3,B10,4000,200,22,11621,-11621,-11621,1,0,0.119292,7408961cc75c82f1a259b56833d8a70fc60284e7aaf9014ff4c295805378e87f
G3,B10,4000,200,23,11616,-11616,-11616,1,0,0.111948,c8d74a1a45b25232e0434168bb1b1c161b460ea1625fd08e0b85489821042762
G3,B10,4000,200,24,11617,-11617,-11617,1,0,0.099353,b1d77993a4225dbe85e493aca1dbf346956a29cc34ad4160cd0642e195dc3e11
G3,B10,4000,200,25,11622,-11622,-11622,1,1,0.113700,0d201114891010b58e8062f4dc5d58744abb74eba7191786cfe2c3e80acd9dd9
G3,B10,4000,200,26,11605,-11605,-11605,1,0,0.119790,1ac6a61ae3da29eaefbace3b24ae6b2401de1a04597e0d1b68084e051fd8916c
G3,B10,4000,200,27,11621,-11621,-11621,1,0,0.091123,0266a403305e75aeaa74507c42fc66658ed05f6fa1bab3a0f0a7ffaa6259c893
G3,B10,4000,200,28,11616,-11616,-11616,1,0,0.113272,053fbf892fef21c38be61ff6b3d263b79caddfeae8d9c87a92bfc9c5e844a185
G3,B10,4000,200,29,11594,-11594,-11594,1,0,0.120739,b1cfd20b04a1f59dc13442260c3f799732acd44d21a10d7ea29a82bc73c4c1a9
G3,B10,4000,200,30,11622,-11622,-11622,1,1,0.117427,b0c7251020227f74774b86f0688714a11435c27c8d839079bd135ecb3c5bfb23
G3,B10,4000,200,31,11622,-11622,-11622,1,1,0.113779,70bb688486a3ee4d2c928d88c437c4e35ef073c45f1f20d830cac36ed35edf65
G3,B10,4000,200,32,11621,-11621,-11621,1,0,0.115725,e7de486f928e4d5be9921f932a1d322c5e100513cdb4249a2fdea4349be26076
G3,B10,4000,200,33,11614,-11614,-11614,1,0,0.091055,5df39cf6967b527593054d9ddcf9104f1e0efdebf7a18c55b43d1f53391be61d
G3,B10,4000,200,34,11621,-11621,-11621,1,0,0.099307,ce4df12a4b3b6c69765c1e7c74585353e04d7b2d83e6abe2d62f96ca898bce6d
G3,B10,4000,200,35,11622,-11622,-11622,1,1,0.126788,b0c7251020227f74774b86f0688714a11435c27c8d839079bd135ecb3c5bfb23
G3,B10,4000,200,36,11616,-11616,-11616,1,0,0.125030,c975fc3d6754aa2af93ac352ef0b166060543f60f3d77f57fddfb11fcdfad454
G3,B10,4000,200,37,11613,-11613,-11613,1,0,0.119969,aba12784696f63403064780beafc2ec103e98cc9f72c70a45ee06b79a15d8be5
G3,B10,4000,200,38,11612,-11612,-11612,1,0,0.128931,9d4b5244e6ff78a400cbbdd0fe63dee6b44daa4bb109bf9db4c01d448d88c0d8
G3,B10,4000,200,39,11612,-11612,-11612,1,0,0.129611,29b2049939e6993e9c806f544fcc351689be39bbd26c6986cb0ffb33a31696cf
G3,B10,4000,200,40,11621,-11621,-11621,1,0,0.113942,1afdaf0a52ed9a1876f1a60f20d117a3cfda30f2ddaa3448c39f9f0b8e5a6c48
G3,B10,4000,200,41,11617,-11617,-11617,1,0,0.128108,d1894b03a3b000280899aa7feb98a2f2fc161671f48d18116754a1d898e4b478
G3,B10,4000,200,42,11621,-11621,-11621,1,0,0.124248,5b8cd37dd0607cd8dd4222ada3ee2a7e0a9597f672284eceae416658e9d7b772
G3,B10,4000,200,43,11621,-11621,-11621,1,0,0.131245,afecb4a43bdde6b76a6063ab04ea5419ff37cd36b91202a94a5e46bf30eb0a15
G3,B10,4000,200,44,11622,-11622,-11622,1,1,0.144144,506d7275d65fb5a4873dc4413172a25260c443bc4c1a5d01dea0945c198725d1
G3,B10,4000,200,45,11618,-11618,-11618,1,0,0.122249,5966003442024ac89f672b8190f44b26ed084a2dc3b372f995377b2e41585517
G3,B10,4000,200,46,11612,-11612,-11612,1,0,0.129049,17c710b0dfbaf65359fa1d9d1c57828e225d29ee8c0348031c91bc477cf5ab8d
G3,B10,4000,200,47,11620,-11620,-11620,1,0,0.118260,82675f628fdebdb3533005e2352d91a60a5b864315985ae22806a29f53a9bb06
G3,B10,4000,200,48,11622,-11622,-11622,1,1,0.131588,174d77782df3b06c1a1a6f00bc5a22549cddb75f892b92bcd4fd4dc4fa609aab
G3,B10,4000,200,49,11609,-11609,-11609,1,0,0.143391,79ffe40ed4c05064e9b25227bdb1fe5f2d0c3d98bf1d7088772229b28e014351
G3,B10,4000,200,50,11620,-11620,-11620,1,0,0.127571,31ba35ec018b38c0f2228467ac96b82ffa1385fd511812dc8e332b7ded4776f2
G3,B10,4000,200,51,11622,-11622,-11622,1,1,0.138704,e9d4985a76cb9da59ed8c00632ef3cdde5ed2640ec15eccc659e9deac948600d
G3,B10,4000,200,52,11604,-11604,-11604,1,0,0.125965,e9afefa3fab0149992f4053f256d9339c68ef11bf46ea83ff4f61477390b974d
G3,B10,4000,200,53,11607,-11607,-11607,1,0,0.118483,5508b4c0ee25c2df8142e961d397218f98076c5facfe80b5e7c367f6517bdcfd
G3,B10,4000,200,54,11613,-11613,-11613,1,0,0.112883,de1367e4acbbf1361346f16a5a8e630e7be95e209ca1f3e296e7775c4988ce8f
G3,B10,4000,200,55,11612,-11612,-11612,1,0,0.121232,bf4a7755510f8e455b4c59875c323cbb81521713eabb45b35855ff180db2aa8e
G3,B10,4000,200,56,11622,-11622,-11622,1,1,0.139849,506d7275d65fb5a4873dc4413172a25260c443bc4c1a5d01dea0945c198725d1
G3,B10,4000,200,57,11614,-11614,-11614,1,0,0.130985,7f728ecc650488e88c94186d0d23a584b03b6778f7b315347776cd66dd0dc528
G3,B10,4000,200,58,11616,-11616,-11616,1,0,0.115608,f83c96edb890111ebb0db433a4839228705dc7a952be06baa4a33089f337a6dd
G3,B10,4000,200,59,11615,-11615,-11615,1,0,0.114285,e4415963a2e2cedabb9c53ef2945795ad9331733bc68814d2b891088be190eb8
G3,B10,4000,200,60,11609,-11609,-11609,1,0,0.120989,ef22dbbfec0a99cfcd96e2594d0daf18e79c61743a32fbdbcf33f9248f5fed95
G3,B10,4000,200,61,11616,-11616,-11616,1,0,0.127582,a6c5603f55edf16d31663fb9bc36fce1e20056c43d0bdfd08a3d62a00e981239
G3,B10,4000,200,62,11601,-11601,-11601,1,0,0.107887,9e12811930e1037fb4ae984d579878d4dce14f54d124020252067a8fab5090c4
G3,B10,4000,200,63,11622,-11622,-11622,1,1,0.095803,a68166cd16ab72aa27c54873ad8254e202fe16d0db5eefb49aa8057a6ec6cf22
G3,B10,4000,200,64,11617,-11617,-11617,1,0,0.108461,1d9e36c7fd7163ab768d15bf07489c17122216da6a1013780442dd3a3bfb54d6
G3,B100,40000,2000,1,11622,-11622,-11622,1,1,1.153818,b5ef5ef280ee7c85ccaae1ffad707ff2d2a8f11fb123ed214571e4d9586f4d00
G3,B100,40000,2000,2,11622,-11622,-11622,1,1,1.152779,e9d4985a76cb9da59ed8c00632ef3cdde5ed2640ec15eccc659e9deac948600d
G3,B100,40000,2000,3,11613,-11613,-11613,1,0,1.111865,51b4ac78d2ebec166531e70d12acd518bbd57070f4c60b7323498901c566861a
G3,B100,40000,2000,4,11617,-11617,-11617,1,0,1.120323,582c85f92a0539dbe3c619c264cd733ddd0cfdcef9813912e989d3d3db3cdddd
G3,B100,40000,2000,5,11617,-11617,-11617,1,0,1.129576,84b1d10a2dd50a28dca8597c1f43a0173e24b07688e182836feafd785f150473
G3,B100,40000,2000,6,11617,-11617,-11617,1,0,1.135352,2a7ee6c52bd9a5483fadb325384e478edae87dabc30b89dfe86e8061cbbb798a
G3,B100,40000,2000,7,11622,-11622,-11622,1,1,1.165457,b5ef5ef280ee7c85ccaae1ffad707ff2d2a8f11fb123ed214571e4d9586f4d00
G3,B100,40000,2000,8,11612,-11612,-11612,1,0,1.157246,9d4b5244e6ff78a400cbbdd0fe63dee6b44daa4bb109bf9db4c01d448d88c0d8
G3,B100,40000,2000,9,11622,-11622,-11622,1,1,1.123198,694d8c75b54197e3b575e6e39f8930f3a7ac4370fbba07b3f3f0824c8e250971
G3,B100,40000,2000,10,11622,-11622,-11622,1,1,1.217606,2c752e2e8e8db84ad3aae29395fa0a537c87fc2112eb54ba13adc82f3d9797cb
G3,B100,40000,2000,11,11621,-11621,-11621,1,0,1.161364,c24c3ce352e09fff2c3dce8a3d2a8ad49acbf0fad047dc4c87595c8c57c3bdde
G3,B100,40000,2000,12,11622,-11622,-11622,1,1,1.139406,ebfe7fbe3abd2286b3afa29fe0d0d1ab5b507b9287c1ec41a6724516a8ca06f6
G3,B100,40000,2000,13,11622,-11622,-11622,1,1,1.115279,ebfe7fbe3abd2286b3afa29fe0d0d1ab5b507b9287c1ec41a6724516a8ca06f6
G3,B100,40000,2000,14,11622,-11622,-11622,1,1,1.178729,57112f591ee7a8dcbd8b104ed8e368576e1870740ab5d3831b28363f484d6809
G3,B100,40000,2000,15,11622,-11622,-11622,1,1,1.142729,121cd39ae2c566f09580a7fb4d878dd8cbc2749ae8294b1630fcbd3ef7d112b9
G3,B100,40000,2000,16,11615,-11615,-11615,1,0,1.121833,6cf3a3b0d79412ac93e523cfff968584818c5e65db2da81e840818d8a1d86933
G4,B1,400,20,1,11646,-11646,-11646,1,1,0.013519,55156760958f81d0f2f1b5a1d601363f03e38cb38c5e36ca362d7800f5fe5649
G4,B1,400,20,2,11623,-11623,-11623,1,0,0.010812,62b3ec698ea380e1f347cd3a598d13ea2aa883a5602ae4af370e110172205c4b
G4,B1,400,20,3,11623,-11623,-11623,1,0,0.020997,17de3fe64e18fcdf7d5668d1c0034e50f8fab754972e895a32a5fa9683ce9545
G4,B1,400,20,4,11617,-11617,-11617,1,0,0.020477,ce2e8fe0da3c6a9c918bada1dfcbae6b41d722692af2d3ae90793f68c4c5b4f5
G4,B1,400,20,5,11597,-11597,-11597,1,0,0.020245,e0444e32cd69851426b68dbb1b845c93c7ad64405494b4821bc04f2c09d4f678
G4,B1,400,20,6,11615,-11615,-11615,1,0,0.020106,8b0c0a8b70a36605766f91232dc734458ced28bff4177194ae4460c27c374ab9
G4,B1,400,20,7,11625,-11625,-11625,1,0,0.015528,b6e2fc3e386bade288bae1226b2667483b3ca1dc06d0cd8d9542de69b66e3672
G4,B1,400,20,8,11634,-11634,-11634,1,0,0.020442,a780a2e69baf8db1d59093a8acefab99210d71f2305a9bfe109625e8f297b0e3
G4,B1,400,20,9,11596,-11596,-11596,1,0,0.009485,b45bcb2f44ce6318feb0f4b2da958bccf114de5fcad53c5835e82d25aaedd20a
G4,B1,400,20,10,11640,-11640,-11640,1,0,0.020639,8274ee694ad5c35785f143efab0ba0a537b48b63281df10de1045be4e7f022bd
G4,B1,400,20,11,11619,-11619,-11619,1,0,0.013376,da2b669f8651a472187be55590166ea85cf39ee7064127442f5d9998472b6ae7
G4,B1,400,20,12,11603,-11603,-11603,1,0,0.009853,8b4bececda921ed43f1e3d2266ddfb2a268021dc3db41aa5b4edc52d63c1788e
G4,B1,400,20,13,11621,-11621,-11621,1,0,0.020119,90af37607efdc51a724a3286d5ebfe2850290a08e81a26ec7a8e3004661e5aa6
G4,B1,400,20,14,11617,-11617,-11617,1,0,0.015147,a88ee280db80fda5323fd1a9827b2e6ee3478a00719bb9f2049b72ddca898d6f
G4,B1,400,20,15,11626,-11626,-11626,1,0,0.026994,937f217fe6047739174c6a6ab28786d3b8622b63558e7faa9be7da0bd1e72978
G4,B1,400,20,16,11619,-11619,-11619,1,0,0.016075,fee0273bfd18b8e630ecef282d26b1ae4646e42bb5d2a99309af9f5ab23d4c3d
G4,B1,400,20,17,11624,-11624,-11624,1,0,0.009277,b558e083595f538a48f00e35e5c72b33bc3c4d32da4d8c37ae4763bcfc2ed92c
G4,B1,400,20,18,11639,-11639,-11639,1,0,0.009388,36075fe1fe14395e55ba2ceab6ec3ac8f384573b3be5d789c5eeaecb977fe38a
G4,B1,400,20,19,11627,-11627,-11627,1,0,0.009824,3f316dde61be9e31564f7e423547809b4fe6f23b9b7c2e0e620a0cf9724bec2e
G4,B1,400,20,20,11602,-11602,-11602,1,0,0.009654,e23c73202cfe3e8ca79dd4d146582047a52bbea891e713810a7cd08a127bd1be
G4,B1,400,20,21,11633,-11633,-11633,1,0,0.020309,1a2468af4717c168618a6841b9518a5a6b876357166895e0a808fefb3b6c5b62
G4,B1,400,20,22,11618,-11618,-11618,1,0,0.020928,e2044e7b81ee0a27b70b47344df3f848cc675f4c2dfdd4ce111792dffa10fe7c
G4,B1,400,20,23,11641,-11641,-11641,1,0,0.024442,43acf5051d1ded8dc5cf9cd72f878feb4c455480e39859ffe3d85365dcac2069
G4,B1,400,20,24,11631,-11631,-11631,1,0,0.009571,ce015fb012c7723a3ccb2f602ce80dba83073bfaf143fef7fb69228308b47a85
G4,B1,400,20,25,11646,-11646,-11646,1,1,0.009489,450387832a02b00338b7101936c19fe4df0df637175b47946b9f3b60bdf20b62
G4,B1,400,20,26,11596,-11596,-11596,1,0,0.009305,0dc2a38ba253f445efbf6251c1bf205c0bb920028b62b8a556739d2643257186
G4,B1,400,20,27,11608,-11608,-11608,1,0,0.020212,eb82d3fd5346c7699cf18f8b8acfd52bb0494c3468921aa4c9ca4fd4b70e90e9
G4,B1,400,20,28,11592,-11592,-11592,1,0,0.020326,d7d9c084aced648657a38ee85f0dd8050cb07df53828e3566babb0aa30d430f7
G4,B1,400,20,29,11602,-11602,-11602,1,0,0.017672,06ddbb6b492540c57a44d270413cffb49773747747d768597d31dd0d539d353e
G4,B1,400,20,30,11612,-11612,-11612,1,0,0.009685,55b906984525e0b1f008f4afa90b39c3e897df5ff78fb441e690880b3f23ddf4
G4,B1,400,20,31,11638,-11638,-11638,1,0,0.018110,2885f3c21fd1979bbbc99076ae6db55cf4bec38d11b1ba63340764b8f0394cd7
G4,B1,400,20,32,11625,-11625,-11625,1,0,0.017684,954a6cb566149eb50386bedb0310c94c6a9e9208fb44698b68ef27c24dd25630
G4,B1,400,20,33,11636,-11636,-11636,1,0,0.017272,18d73f54cf6c0003c3340e2565c13db34c9e262f2a1f96be03c8c66ac95424b7
G4,B1,400,20,34,11633,-11633,-11633,1,0,0.017890,ee5e8b419bb440eb6cca7128a6b948faea8eb465a1b3a5c977fe0ba61f8f7057
G4,B1,400,20,35,11641,-11641,-11641,1,0,0.015132,cdec03c8b5f37cf328829f29bec5f4c2f5971360d5492325b126a12f3806e88d
G4,B1,400,20,36,11623,-11623,-11623,1,0,0.010768,99b795aac0062991abf55717b581012cc2972575caa0e091db4996206748e99f
G4,B1,400,20,37,11603,-11603,-11603,1,0,0.019457,945f27a9974377e0249fe9eefbeafb49c91344f84f5ce89d00ce91c50b857d8f
G4,B1,400,20,38,11626,-11626,-11626,1,0,0.012384,4f8caaa63d3a66e132a1a7c55168943d740f1d3388bb2d196772768fa8f5df40
G4,B1,400,20,39,11581,-11581,-11581,1,0,0.010923,e2fbabd59e219da1cfc9311d13da59ee6e932f8ea3a21ea4d7eb11a2e578d58e
G4,B1,400,20,40,11621,-11621,-11621,1,0,0.009706,ac3e5260f2e704e814e89780c2052d557347c84d0a8d177eb2f103f52cf55a33
G4,B1,400,20,41,11611,-11611,-11611,1,0,0.010128,1b7771b5e49aca55ae6ac906b982d7eb649fcbef47f5dc0f8596a85615d0cfd7
G4,B1,400,20,42,11616,-11616,-11616,1,0,0.009593,c896aac14c4c4156f761b7f816b3bdee608f61ba82d5acf9b7623d99905cb1e5
G4,B1,400,20,43,11625,-11625,-11625,1,0,0.017844,894235c815354220f24707cac4f73080e7fbee5ceac0a519af68a9a599d5ee39
G4,B1,400,20,44,11608,-11608,-11608,1,0,0.009041,c20733880f0d1e492a788b3e0874843a890b8e6feeeab6665d8527e82993f29b
G4,B1,400,20,45,11615,-11615,-11615,1,0,0.015452,f4a69656704cac7c9731dfbb6ded63bb8fac2781ff30361dc74426fdea4de200
G4,B1,400,20,46,11608,-11608,-11608,1,0,0.009127,7df92b4d1a777ab3e4fa71f83ef3252cfc9e3e88e78d73aab1a5ca044019e58f
G4,B1,400,20,47,11630,-11630,-11630,1,0,0.009281,21ffe212b1b4d66a59f77d13d770178b2551248e7aea0d3e9c7dc6b42d8bbaff
G4,B1,400,20,48,11605,-11605,-11605,1,0,0.009183,8d0877feb00b2d8d6ba50413207a0e641a225bcbf37fca83ed59770ce31120a2
G4,B1,400,20,49,11638,-11638,-11638,1,0,0.009596,daffd0d479b84046f615adeff3f8c46610966ac2bba2182cc8de7effda623881
G4,B1,400,20,50,11638,-11638,-11638,1,0,0.009259,3debb9a4870b4536cc4a7b2d95b893338e8d490fd4df5b4c8322fdc925ca4344
G4,B1,400,20,51,11629,-11629,-11629,1,0,0.010554,55abcad9088b928492c747dac10e6e434d7fc0011c400202f78ecd28d392ccbd
G4,B1,400,20,52,11624,-11624,-11624,1,0,0.012716,112207f1f04985fa2bdbc6927dbc15b76a648e58a9c7520dd1c1d4f901d9fd74
G4,B1,400,20,53,11627,-11627,-11627,1,0,0.012320,e4a58311953843bc55827a63e43fb89a7e45e69c0200723e1e95beeba66377d5
G4,B1,400,20,54,11633,-11633,-11633,1,0,0.015578,695989f5053535c840a17dd23b729b943da3c28d616d69d5f21120c1ca7664da
G4,B1,400,20,55,11616,-11616,-11616,1,0,0.013895,bb5f3eab62ef14cc0632400c6e1d410949226b842553a20385b150211a7436c8
G4,B1,400,20,56,11627,-11627,-11627,1,0,0.009223,acdd96cc957d321524deb9f5273bd4cab780f217493de0ca9fe857c9e93585f3
G4,B1,400,20,57,11638,-11638,-11638,1,0,0.011340,c1698e1640b8bffddd6848d9fb4843baae18b443526cdef35d0d556f8d4b39f7
G4,B1,400,20,58,11607,-11607,-11607,1,0,0.014340,03afcdc59c0fd63b73582ee59ef43ff2c8b5005ff4639efc3df58cbc3035a0cc
G4,B1,400,20,59,11631,-11631,-11631,1,0,0.014440,3ccf64ae98e7c4637b7af604153727fc79bd5b08d8f3613ef12973e603a719ac
G4,B1,400,20,60,11646,-11646,-11646,1,1,0.012420,17319847fbf3f5d0000fb583e918e4f874051584b86964d9959112f4bc45f454
G4,B1,400,20,61,11614,-11614,-11614,1,0,0.009467,5a2cf03d90815baced4c704eb203c67943a30fde925997fb6aabd9876fa997e5
G4,B1,400,20,62,11638,-11638,-11638,1,0,0.014571,3cce7be7117e5ee0e74b8fb2c5a6e4a36eee1e0dc2a64754a5ae57f0ce48cff3
G4,B1,400,20,63,11619,-11619,-11619,1,0,0.009314,f83d9985cebab369c8a986e214dbfc185a23e09536be31074f6f1baecc0f41bd
G4,B1,400,20,64,11638,-11638,-11638,1,0,0.014150,905f1b6955769faea1e84d69855551bc78db776722ee021e1f0a3417bc508a4e
G4,B10,4000,200,1,11638,-11638,-11638,1,0,0.133088,4069ebc048acd1e03b66ce44e41913b2205a2735b47824b28ef1ce8db8f7824e
G4,B10,4000,200,2,11641,-11641,-11641,1,0,0.114456,317b1b9d8380cb40c949a5d0ed64673ac8cd9eb62bd1bdbe5afd2ed367604625
G4,B10,4000,200,3,11638,-11638,-11638,1,0,0.115509,5adc07f17a74a5a32716b7c0e0d51a67c8a1fdfda5cedb53acf9291264b0e268
G4,B10,4000,200,4,11638,-11638,-11638,1,0,0.119582,e539b8ed8b8b35d06ee05eefc9d504cbd3d0ae16ddfbb0d9101bb4c6fff75693
G4,B10,4000,200,5,11640,-11640,-11640,1,0,0.135082,ee00cd0d9d3f6fd68ecd2ce73dd67435a864ec3076ef2a8866884ec9a5bf259f
G4,B10,4000,200,6,11638,-11638,-11638,1,0,0.121060,e185e606d1f6ce01485447d85eb4de0717b8a7107e2b22ccbe6e663363fa213e
G4,B10,4000,200,7,11641,-11641,-11641,1,0,0.097885,4c1251b0eb97d98b8bed27b3db44de04a9905e2a1d37ab56e4dcad5433702868
G4,B10,4000,200,8,11639,-11639,-11639,1,0,0.095649,3fa1e251cd6d35eb6ce702316a7b16c12e6db81fdfdcc9b3210e60280ac059eb
G4,B10,4000,200,9,11638,-11638,-11638,1,0,0.115803,5486927c5ba0871937e657e4ce7a23071f9eb15e25c82f8aa5101c07b05a237a
G4,B10,4000,200,10,11638,-11638,-11638,1,0,0.102532,3e9054c9e22152e8fa5524d147a4ce208eec995880767437b10e3422fd9672ef
G4,B10,4000,200,11,11634,-11634,-11634,1,0,0.091305,b8b4e21031a754daf06b4906e8e13efc45e551516f655b6672b179bbaf77daa4
G4,B10,4000,200,12,11641,-11641,-11641,1,0,0.105540,a28e4355be89ae72e512a9107036ae0e13969f8a9b49275352dfb91c0ff5f0c5
G4,B10,4000,200,13,11638,-11638,-11638,1,0,0.093169,9794c86488021d780e85d92a70f2aea021840a3306ad999adefbf60b5b170e2b
G4,B10,4000,200,14,11641,-11641,-11641,1,0,0.098968,3d254dba7cfb25f1a63e8912771703ee8ef5e9e58b87a66d10f8b3f698d69807
G4,B10,4000,200,15,11641,-11641,-11641,1,0,0.100278,0cb5773478964558f165b386a4cca3e107008d9e4d97a92aa520b0830b9e922f
G4,B10,4000,200,16,11638,-11638,-11638,1,0,0.118562,fa97f3eedc50fe28c350051896e42a7a2dc25869ca781e271c76d055b5de157f
G4,B10,4000,200,17,11641,-11641,-11641,1,0,0.112984,4c1251b0eb97d98b8bed27b3db44de04a9905e2a1d37ab56e4dcad5433702868
G4,B10,4000,200,18,11638,-11638,-11638,1,0,0.093245,8a1023ffb57e2b53dfa1c2215446d329b6465f72123adc091216d9d2c9dd4b88
G4,B10,4000,200,19,11641,-11641,-11641,1,0,0.109833,63e20f75bd3f204c92ff3bb8e87acff3a0ef4e1baea010d582262ce68d4966e8
G4,B10,4000,200,20,11636,-11636,-11636,1,0,0.105816,6b4c712b48f8d8c93ec64c0a55d0fe15b616075c23c28858ed44cdd91eb2cd9b
G4,B10,4000,200,21,11627,-11627,-11627,1,0,0.098782,79d0ac62fb1fa8944ad487ed679ab2f3044b8016168cc81b60de9991c9ac5ed8
G4,B10,4000,200,22,11641,-11641,-11641,1,0,0.102778,317b1b9d8380cb40c949a5d0ed64673ac8cd9eb62bd1bdbe5afd2ed367604625
G4,B10,4000,200,23,11640,-11640,-11640,1,0,0.117156,fdb0bcf681f671fb4dc880426f22442ea6ae31c5d3897c84e7ff72291ed943f5
G4,B10,4000,200,24,11626,-11626,-11626,1,0,0.099043,83a84aa2da94195f8cf35b5d1482abb2dac4d7859b73b2bbee5bb8c60cc8a3f9
G4,B10,4000,200,25,11646,-11646,-11646,1,1,0.112200,8aa2ac9756bb97024abf0a625d21a8cad0c57a2ee6b593b30503a5a8a4bda405
G4,B10,4000,200,26,11639,-11639,-11639,1,0,0.135050,87acfad68c0b75b1025308566b7acc317afbfc70f28839d82c36fa7ed1858ba7
G4,B10,4000,200,27,11638,-11638,-11638,1,0,0.136382,2f3a94ac76d371614ad7c1ea56ca0785a1080e065eaed85c11c5e760852a21fd
G4,B10,4000,200,28,11640,-11640,-11640,1,0,0.104296,8274ee694ad5c35785f143efab0ba0a537b48b63281df10de1045be4e7f022bd
G4,B10,4000,200,29,11639,-11639,-11639,1,0,0.099378,43c70c7b59760e00ea6ee289294d3f93c2693acdc3ae33cfa451b93be6f17269
G4,B10,4000,200,30,11630,-11630,-11630,1,0,0.096715,9964ec0466dbb33791a4e912c0c5f2865a134e3d33016c559393103763cc89eb
G4,B10,4000,200,31,11646,-11646,-11646,1,1,0.103784,86d092ecde8e88c81bd7d7af6d909d5d04442c5cb9baa6fb8700740217ef1fd4
G4,B10,4000,200,32,11630,-11630,-11630,1,0,0.106921,5a02af3041ea92efd2334a8af03060434209694fc7f596dadd4b0c503cae4f52
G4,B10,4000,200,33,11618,-11618,-11618,1,0,0.096626,100bd33f7e65e6939592e018267005db4022d894a1f89653eb9243c5707fd2dc
G4,B10,4000,200,34,11629,-11629,-11629,1,0,0.118320,1a3076f370462250ed5e9575a706b0dca6b35588afd96a2fefee6670663eb8b2
G4,B10,4000,200,35,11640,-11640,-11640,1,0,0.091820,a5e91ce128d6724dd877a517ec20f34d5af75abf5a25e22dc78cd13b6be569cf
G4,B10,4000,200,36,11638,-11638,-11638,1,0,0.131201,670f5594fc3aabfc1b45392f38434765fd4f4eebe902577e6144ef8d5c5995c6
G4,B10,4000,200,37,11629,-11629,-11629,1,0,0.090686,4d94250d5ed4374b78b9be660e14a95858feec62a9787822fb49e1fe8c1e1fc2
G4,B10,4000,200,38,11641,-11641,-11641,1,0,0.128222,9e3ae1dbc1ca70b49054f82597309f9c9b9708a6a342b95bdd4710c09622831e
G4,B10,4000,200,39,11644,-11644,-11644,1,0,0.117119,13786e0f5ab0f6c0218718ac20b8ebd2b6478cb1c6519b325f347c62f215a07c
G4,B10,4000,200,40,11639,-11639,-11639,1,0,0.124623,4bed6b10c05391c961f79317afe1d2e2f2d07f11bf2ef080fc342172bd2494c0
G4,B10,4000,200,41,11638,-11638,-11638,1,0,0.113964,b3a8a6c525c44186ef1cd3b995161dc6a1271726cf998abf6a8441ae53d1019e
G4,B10,4000,200,42,11641,-11641,-11641,1,0,0.122534,3d254dba7cfb25f1a63e8912771703ee8ef5e9e58b87a66d10f8b3f698d69807
G4,B10,4000,200,43,11641,-11641,-11641,1,0,0.101777,34b7d45125d852298c53a09394c49329e49b9b4288cd2ed4a89259a52b3d2569
G4,B10,4000,200,44,11644,-11644,-11644,1,0,0.099601,1aa810804b757d5e1c895218a406b7e972945851e3ae110222f95fb4f6dbe88f
G4,B10,4000,200,45,11641,-11641,-11641,1,0,0.123818,06f7317f54927f4c8ebd7aec154e728758d6312d826fe215e259b09441147dc2
G4,B10,4000,200,46,11638,-11638,-11638,1,0,0.110981,3e93e34fec9abe4e35e0625028bcb612037bb4e5f1bc462a34aa2aec68020439
G4,B10,4000,200,47,11638,-11638,-11638,1,0,0.117126,30d550a3a31bcf937d98e85f0dc75e4ae95638aa93855f3266bb6894f63e840f
G4,B10,4000,200,48,11640,-11640,-11640,1,0,0.120699,2032bec9622e05492a9783fb705b008cff26b8025d4fb9894a69832178c30fb3
G4,B10,4000,200,49,11639,-11639,-11639,1,0,0.123810,93b6e674d1d33b495aa59f2c3020bcca44e125d62baf020f7c6d518c5cfe8e16
G4,B10,4000,200,50,11641,-11641,-11641,1,0,0.122545,9e3ae1dbc1ca70b49054f82597309f9c9b9708a6a342b95bdd4710c09622831e
G4,B10,4000,200,51,11641,-11641,-11641,1,0,0.142960,cdec03c8b5f37cf328829f29bec5f4c2f5971360d5492325b126a12f3806e88d
G4,B10,4000,200,52,11633,-11633,-11633,1,0,0.131338,ceee46cf72e67957d32f7b7f600ceabe6dfc7df088796e61a67b6cac8bdbc17b
G4,B10,4000,200,53,11626,-11626,-11626,1,0,0.098178,9ebd7f32fe5b478b7076c91b011c1747425c7584c4a1c88876b6ad8ccf1ec78c
G4,B10,4000,200,54,11622,-11622,-11622,1,0,0.106635,2538059d70a814b0d10432704b8b3688c94e4d4f5bc3ca35ae0c32f0421e1dcc
G4,B10,4000,200,55,11640,-11640,-11640,1,0,0.095645,5d3e886bdaaca3c0a87341be10935ffd521bda27d6a0d835fa96f7c55af55e57
G4,B10,4000,200,56,11631,-11631,-11631,1,0,0.098735,9ed58b5b81260e9197750f4b03d7ba100e4aa8b7fc151258eb99ab3e4aed0809
G4,B10,4000,200,57,11641,-11641,-11641,1,0,0.090208,06f7317f54927f4c8ebd7aec154e728758d6312d826fe215e259b09441147dc2
G4,B10,4000,200,58,11638,-11638,-11638,1,0,0.118389,ac3191c06a4745a5cb51680704870464dd6cc3fc40f00ae3959fc8e941424b9c
G4,B10,4000,200,59,11646,-11646,-11646,1,1,0.098443,9b47ec6d6280c9347aac357d11396efad6bd390f2a177f23d3168f295ad0b703
G4,B10,4000,200,60,11641,-11641,-11641,1,0,0.107202,4b2db580d77ea2c42eff14533cf8e479e4d9b613d0d06b6e85b1611252aa2683
G4,B10,4000,200,61,11641,-11641,-11641,1,0,0.102087,317b1b9d8380cb40c949a5d0ed64673ac8cd9eb62bd1bdbe5afd2ed367604625
G4,B10,4000,200,62,11638,-11638,-11638,1,0,0.090249,b92a8068eeca1b653ed77e22983677445bb4fe56f8ec84a20c1ec693f6f4cfbb
G4,B10,4000,200,63,11638,-11638,-11638,1,0,0.106115,9c99fcbb343fecd57a71a535400b248beaef27e7069864e08e6c6855d2f30222
G4,B10,4000,200,64,11638,-11638,-11638,1,0,0.112656,e840be58f0a9664ad7c53a6fbca49589cfb8cff6b0d01e5107282c80f80dc95e
G4,B100,40000,2000,1,11641,-11641,-11641,1,0,1.246732,0cb5773478964558f165b386a4cca3e107008d9e4d97a92aa520b0830b9e922f
G4,B100,40000,2000,2,11641,-11641,-11641,1,0,1.198993,34b7d45125d852298c53a09394c49329e49b9b4288cd2ed4a89259a52b3d2569
G4,B100,40000,2000,3,11646,-11646,-11646,1,1,1.139008,86d092ecde8e88c81bd7d7af6d909d5d04442c5cb9baa6fb8700740217ef1fd4
G4,B100,40000,2000,4,11638,-11638,-11638,1,0,1.187042,e80da94d2b383630b6dff76995aa18d7facf759f0d3ea1b28763aa2674a56534
G4,B100,40000,2000,5,11638,-11638,-11638,1,0,1.218867,9c99fcbb343fecd57a71a535400b248beaef27e7069864e08e6c6855d2f30222
G4,B100,40000,2000,6,11644,-11644,-11644,1,0,1.163227,13786e0f5ab0f6c0218718ac20b8ebd2b6478cb1c6519b325f347c62f215a07c
G4,B100,40000,2000,7,11638,-11638,-11638,1,0,1.094514,4b59cf41fe722544282c69d3a05a6a1047381ce6d73c25a0859db8103f6eb73a
G4,B100,40000,2000,8,11638,-11638,-11638,1,0,1.149603,b84931a3deece59dc8db82a82d93c2a9f624e71f797e42fc79338861865269a6
G4,B100,40000,2000,9,11638,-11638,-11638,1,0,1.168647,53cc2d7bf0f674fcc6a887c3cde351bec2452cc4cac7e880109f12ff6fc472ae
G4,B100,40000,2000,10,11638,-11638,-11638,1,0,1.190316,81dc377037c58215f11576df98a14e1fb86cb79db49fbf46e30a7cd9b806a1c4
G4,B100,40000,2000,11,11641,-11641,-11641,1,0,1.199134,43acf5051d1ded8dc5cf9cd72f878feb4c455480e39859ffe3d85365dcac2069
G4,B100,40000,2000,12,11634,-11634,-11634,1,0,1.156475,781c146ec03dcf6806533beef18a93b6671a59b0b42c57ae3cfa08033f385174
G4,B100,40000,2000,13,11641,-11641,-11641,1,0,1.089879,3d254dba7cfb25f1a63e8912771703ee8ef5e9e58b87a66d10f8b3f698d69807
G4,B100,40000,2000,14,11634,-11634,-11634,1,0,1.134280,246dceaff9e033d07dd3f21f37b982b0a8ccc63984d1041af3fae3275da6c33e
G4,B100,40000,2000,15,11638,-11638,-11638,1,0,1.188571,e37a2232a10057ce0a6dad59cfada9087c567730702eececa8e70d8fc76cdbf1
G4,B100,40000,2000,16,11638,-11638,-11638,1,0,1.183263,5de4443cf266eeab2e634c3fe05036ee266d76a5447b12d0adcbba3df79f6f3d
G5,B1,400,20,1,11590,-11590,-11590,1,0,0.009378,5fdc6dde8c3212bcaf732133bfd2852ef23c5763907ded38b1ef799d368919ab
G5,B1,400,20,2,11603,-11603,-11603,1,0,0.018756,10667f1a26f74e1e34c4c90d16f33f152bb558885ca7d9434fcfd510bab3e5d8
G5,B1,400,20,3,11616,-11616,-11616,1,0,0.018539,936ddbc2c0167d4bf22d02147aef02c236072bddb60018aeaf24c2f4149ca5a7
G5,B1,400,20,4,11597,-11597,-11597,1,0,0.018466,aba134962e0aa601347308228fde78caa8d2f6b54e27caebd55fbb01e1bff734
G5,B1,400,20,5,11583,-11583,-11583,1,0,0.017342,dbc714eb45fc1855b933fc05ad09b7f839e0cc09f32428dd3f08a5c7c75624c0
G5,B1,400,20,6,11608,-11608,-11608,1,0,0.020837,6bb41803a525851765ba692dfb1516fdccacaf5c046a09373f016dab339ffea3
G5,B1,400,20,7,11590,-11590,-11590,1,0,0.023641,8f041b1fa5f3d74b9ad050b02dfa7a943d354bb7244ad93a1fdee68605b22926
G5,B1,400,20,8,11609,-11609,-11609,1,0,0.012832,35544b7f76bf06d26c2f0dabdecbdc4888d3a7d94813e830d79c8acca2eab21b
G5,B1,400,20,9,11571,-11571,-11571,1,0,0.023203,7f3071273b63edfaed41ed59b5e827d7284ea64d93c15c19cd676ce36014dfa7
G5,B1,400,20,10,11580,-11580,-11580,1,0,0.018189,abe26ebe889600e84049db9f93dafeea891eb0fc173a0811aa58753d99456c91
G5,B1,400,20,11,11594,-11594,-11594,1,0,0.009191,05bddd14b94c61da939160525aeb8f597d5bdecf6b17cfa284c233e1e92b0ee1
G5,B1,400,20,12,11550,-11550,-11550,1,0,0.018059,d816c6c4ae45d5f7a90eab059faa7f402306dbf672123238b6f0cad9924e5d6f
G5,B1,400,20,13,11617,-11617,-11617,1,0,0.017969,cf0c086376e91771b02df9258c5d13fdbe805fdca0f78803ae8386c748c90e01
G5,B1,400,20,14,11576,-11576,-11576,1,0,0.020066,ef797a6797830fb33ae888cbaddb0c08735808717737aa5eab1a10414e6d6680
G5,B1,400,20,15,11621,-11621,-11621,1,0,0.023512,394bf0d1cc1f8bce1c66c7a4085af6c7c5c27c2a84c0ad0ae0b9a4fcf6605b36
G5,B1,400,20,16,11587,-11587,-11587,1,0,0.017835,f6182401f4a09f99d1638a5df0109b83cf492c335d41694bc5abf2dc0cc6e023
G5,B1,400,20,17,11621,-11621,-11621,1,0,0.009216,331e84d1ad7d92e71144963952b4eb9f79bb3499f23c661d18789af400cdb31c
G5,B1,400,20,18,11600,-11600,-11600,1,0,0.009286,dd3bcc3ccf0826b0e48b6a00ffc684be03072a6ae2a35dc3e8dbc7b5846e40a3
G5,B1,400,20,19,11612,-11612,-11612,1,0,0.015153,f27f67516be320e0c835ab05968fa628a46b454cbaceed4d23fb23c8290159f7
G5,B1,400,20,20,11583,-11583,-11583,1,0,0.014646,ca3cd9073c3322c3d878bcb4acbe135e40abc10b7904484a8b0aa8c5f5d0dd6c
G5,B1,400,20,21,11621,-11621,-11621,1,0,0.009272,919db3c9dc9fa655fda0dd40cab6fd725dddd47481d267c8af13af2ee15d7e65
G5,B1,400,20,22,11612,-11612,-11612,1,0,0.009243,3b645d389cc0bd87c4bface630918583bb6d12cf0683177f19db3cf53dd6b6aa
G5,B1,400,20,23,11573,-11573,-11573,1,0,0.013465,66bd04e8eadd614083e50c8cb413038ac45a84f51231fc9edefa4714a164a3f5
G5,B1,400,20,24,11630,-11630,-11630,1,0,0.010059,b6aa6ca58a9c5e66c90c0350c6ab1a89e2f21aab5db7bdb4de12c5d4edf77069
G5,B1,400,20,25,11521,-11521,-11521,1,0,0.009366,759dd56b9b59260d0a842f1c5270953b27f631b377c8a8ae7c01979cb69bf4e2
G5,B1,400,20,26,11597,-11597,-11597,1,0,0.009487,54ea583162f3efa9d90e57a6be27bc98faf6a55fe6dc325ff925fcd2f0062688
G5,B1,400,20,27,11623,-11623,-11623,1,0,0.015023,723882566b6bf81ace6143b1d46959fe98930f5911c8a290bafe87f86cd32237
G5,B1,400,20,28,11589,-11589,-11589,1,0,0.014078,c004b5952e38c504c07d05d44a88c537b7d842a4729e86514fdb9152c128f836
G5,B1,400,20,29,11620,-11620,-11620,1,0,0.009623,b1438fc03c5c12dbbe4f2af2c3a60d443c0256e11d821a533743b5a24e886ccd
G5,B1,400,20,30,11600,-11600,-11600,1,0,0.013237,4ff0510cfc8a0497c9b96d7f50ea508811a8cb832139ce9c8fe236fdc06fcacb
G5,B1,400,20,31,11575,-11575,-11575,1,0,0.012590,42aefc95e46347272436a402c27eaf383397af91395e7e83b8f9c05cec011488
G5,B1,400,20,32,11620,-11620,-11620,1,0,0.012149,ab602d40aa778705454222500d93eb28812ee0328a944487cd70a1159414a289
G5,B1,400,20,33,11584,-11584,-11584,1,0,0.018803,ac01f93076866e4acaf39560a7d8aa4fd77d2397cc2a44dd83e784ab3fb854dc
G5,B1,400,20,34,11614,-11614,-11614,1,0,0.015198,2f8fcf9c96a74ba53e3064f94caf08edd4d5d82e3d76d81c3d6087ce18fff7cf
G5,B1,400,20,35,11624,-11624,-11624,1,0,0.009810,0201ce49cb9b18adfb4586cf83d7040b47775a4beaf262a64e8b7d51e56f9642
G5,B1,400,20,36,11585,-11585,-11585,1,0,0.009365,fab0b5d1f82b7edfe9cabcb05aa7f189d2755a28fcf15fd701d350e60a5c454f
G5,B1,400,20,37,11610,-11610,-11610,1,0,0.010377,0b8976ee54c467cc067a4232c3bf369ff523fb0f9cc17a0434d512f1f253ba1c
G5,B1,400,20,38,11588,-11588,-11588,1,0,0.009263,c49e3aee7e8c9c9538d53399d5d62a7fbc3808277249adab23e5c7ddc5710b54
G5,B1,400,20,39,11589,-11589,-11589,1,0,0.009348,4de287c9d3526de0217bf468b2b910bf68407cf00469641107831d67961d3d7d
G5,B1,400,20,40,11614,-11614,-11614,1,0,0.010196,7cda32875879aec9dcb7979fe6776c2af2d83ddc1d99fa9b2aed8af53fc31af3
G5,B1,400,20,41,11591,-11591,-11591,1,0,0.009456,93ab59f7c8a8ad7b0e4b0516a7ea6e290187f377fed5c4fe443d36e9c6eee037
G5,B1,400,20,42,11596,-11596,-11596,1,0,0.013691,bca8f3088fadbbd129f47c3f28a3ed1d4d8548868c452fb9b64e4f162d4fd95f
G5,B1,400,20,43,11630,-11630,-11630,1,0,0.009500,c50a51a951906b13265df4804082816e3bdf6506404a2ebefb86f54184f84c5c
G5,B1,400,20,44,11617,-11617,-11617,1,0,0.014915,35d8a9d34795799289fb19878d219d6b90263a550dccbfc4dc7ca57788223b60
G5,B1,400,20,45,11599,-11599,-11599,1,0,0.014376,17c5fe2069357510d240c263b18da46d632c64a8b44d9bf1da446be2aa1830f7
G5,B1,400,20,46,11589,-11589,-11589,1,0,0.009377,de9154d2ff59e414383df65addd72a849049f499b68ca2caa0c68b2bbcfb2287
G5,B1,400,20,47,11599,-11599,-11599,1,0,0.014662,29dddbed0e5d46a82635d5bf0a58b88c1a27995fcef95d8d512a4b4ff5d0f823
G5,B1,400,20,48,11583,-11583,-11583,1,0,0.009112,75a0531d036e3aa15bc111b0f87a0f7a59b5fff5a346bc9eca29e7ddbd4152aa
G5,B1,400,20,49,11598,-11598,-11598,1,0,0.009055,77460a2e90acb228bb9fd30df28ee702c9c52b70598e6024d20f69c369b9fed0
G5,B1,400,20,50,11620,-11620,-11620,1,0,0.013646,8aeced3c62114e0e1fc66a53bf0bc3f1fa3f57bfed8c65833fcacb6e7cc5126c
G5,B1,400,20,51,11619,-11619,-11619,1,0,0.009245,3304247c6ea9f1c9e4c2fcc237c82434f7f8085d3cd56cc345127d5a4b509fb4
G5,B1,400,20,52,11591,-11591,-11591,1,0,0.009110,c8c598bd18f0eca4c61370314f3de5918f189e89b7e97bb1e1eec1c3c8638acf
G5,B1,400,20,53,11585,-11585,-11585,1,0,0.009129,5586d4d967642e3b1a01b0085c8e131c7cf64af3aab355cf250699fe4141c742
G5,B1,400,20,54,11574,-11574,-11574,1,0,0.015180,2a6cd6d85c4aa9277d5530b7d2b4d0412f43e5e632ff80debf60bf4982dd1d57
G5,B1,400,20,55,11607,-11607,-11607,1,0,0.009535,23f4aa0ab4500a79310e9a7e9e3a17613f6a8979fbe6d6fa3a14f5fcba8937ce
G5,B1,400,20,56,11573,-11573,-11573,1,0,0.012223,095c2385d1a816d29baf1bda2c3de419e4b4a7a36ccdc103a25489a097d5c0cc
G5,B1,400,20,57,11615,-11615,-11615,1,0,0.009393,1c41e8a7e16b88ea33d6635f276fbe5275f663e220d79dd9cae4c06a51f4abe9
G5,B1,400,20,58,11595,-11595,-11595,1,0,0.011110,9d0ffa0b47e7d6e1a61d9e573c42edc0746e2815884fb7044ef19ac3a055cffb
G5,B1,400,20,59,11602,-11602,-11602,1,0,0.009280,89a66568d038f4b0e0d321545ee744197c6bd246d4ac185e779345a06d34ed0e
G5,B1,400,20,60,11630,-11630,-11630,1,0,0.009276,7a06b1bdbb078f6787858b92ea0587fa3e5474599668fc3ac4019d599b894c5b
G5,B1,400,20,61,11614,-11614,-11614,1,0,0.012304,f1e8360b5db071a6499542d6cf1826ce7d8d566f1b8a9558c74d8d8062c1ff0b
G5,B1,400,20,62,11616,-11616,-11616,1,0,0.009168,854c0556b1755af085badbb7e7d0e2c1e50e3ce026a9dcdfa64f8a2d080bb6be
G5,B1,400,20,63,11588,-11588,-11588,1,0,0.009288,e6aaaead97efa8f8851fd7b0aa36b98c3e5a0bb4dc2f8943d2f8021d44acf9eb
G5,B1,400,20,64,11606,-11606,-11606,1,0,0.009147,d0604c8f573f0052f712f7b2b518762b459c7caab0c872e7fe37bbc04d566749
G5,B10,4000,200,1,11602,-11602,-11602,1,0,0.108569,07558d7df270a97ab9a87c0672ee387cff41a9967f01adcb91698818250a6462
G5,B10,4000,200,2,11624,-11624,-11624,1,0,0.097571,32700cd530badf3d633643c705785689142c6f26f08eb8348ae4cddaf9ef2010
G5,B10,4000,200,3,11624,-11624,-11624,1,0,0.125860,77107d12093824f17f24258e34b02e5bcd5111eebd08e43efcb8ec7244cf404e
G5,B10,4000,200,4,11615,-11615,-11615,1,0,0.102701,42ae459ddb4ce12d9831f57167498e96b775399560a9037ce511fb342ff0ee6c
G5,B10,4000,200,5,11619,-11619,-11619,1,0,0.094791,05ec459020694441d567e1d836553ffac3531ec706354cc941b4f59d494c709b
G5,B10,4000,200,6,11626,-11626,-11626,1,0,0.093158,46742562608b1cfcedd6aa94d2a0467de505e2dc5fdc2014caf853ffcd96def5
G5,B10,4000,200,7,11624,-11624,-11624,1,0,0.127365,730e24696afc5a0895da7afab06d1267b080e82f1bc7b3c8cba866ed699185d6
G5,B10,4000,200,8,11630,-11630,-11630,1,0,0.095903,d3207fc11e57460f9398750bbc8a16b1d2aead765589302efd4a65275c15c74f
G5,B10,4000,200,9,11578,-11578,-11578,1,0,0.094193,db3deb776c1056bd7a7c8d7459923dbcb41b75f54dc0042861713a0c826f328d
G5,B10,4000,200,10,11623,-11623,-11623,1,0,0.124484,daa1c676861db0f0c70ec76dca3815f5fa2fb6c3d3a0b3d58f2eab5b116e57db
G5,B10,4000,200,11,11625,-11625,-11625,1,0,0.105386,85619853b6f8a3f36b1ba7b6334d25475645206710ff3ba06bdac79719de1324
G5,B10,4000,200,12,11627,-11627,-11627,1,0,0.108085,36c089466efa85895bb26a19bd0789f7b24c20868c6eb421d0d2982fd91d0181
G5,B10,4000,200,13,11625,-11625,-11625,1,0,0.108792,367646afd2aef3a1bebf9e156d9fb3a9ec6798fad9febe24436f1c013b8f6e2b
G5,B10,4000,200,14,11624,-11624,-11624,1,0,0.144209,03b335a5cd272fa86bf19af86ba37107f2ea1cfb6311122fda62da56e9ec018b
G5,B10,4000,200,15,11626,-11626,-11626,1,0,0.112704,12571c485d5636e063c03051e99c347c4176b60880d090d941e637021a0a777a
G5,B10,4000,200,16,11631,-11631,-11631,1,1,0.112751,5734f2cc325f889b6f7152446f7d2714ea7c6a043fd37f5bdd6fdaab9b8cd519
G5,B10,4000,200,17,11626,-11626,-11626,1,0,0.103036,40ebfd8f0e9cff48d9d04cb36c2ca8f723262b98cec6342a5757fca360577ae2
G5,B10,4000,200,18,11619,-11619,-11619,1,0,0.104132,d5fa116a9bb5e455d1ab71f58e9612966f1d5fd544a28afee3448136c3ce7f78
G5,B10,4000,200,19,11617,-11617,-11617,1,0,0.104807,227544f5429b2c323933738894685173ccc77604ddfb8cc6a053536a654c2ed0
G5,B10,4000,200,20,11623,-11623,-11623,1,0,0.097770,2a6c6fa461da8b5bf9a1ed531906666e7758445a79f2d3829352983577b11291
G5,B10,4000,200,21,11625,-11625,-11625,1,0,0.112403,5414300bc3099d4f46411b10af8b68b10879a06e028984b8b6f3c3081c3cac86
G5,B10,4000,200,22,11627,-11627,-11627,1,0,0.112549,0189239e53249096f819ed472cc9f215076422f8c56a5045ec29ebb5bf82b7b7
G5,B10,4000,200,23,11620,-11620,-11620,1,0,0.122008,a85dd9ae05bec4e210452ea24cf41d65911976ad73131ded2e60a2257b9f45fc
G5,B10,4000,200,24,11614,-11614,-11614,1,0,0.099568,94319097f4449c8e00b5e12571d64ee7abe9d392c5e445e6ea41587106d63988
G5,B10,4000,200,25,11630,-11630,-11630,1,0,0.108882,5629755152cf89905e7b64ede2a8a4fc648f4412d4caee456d1a3e2657673f27
G5,B10,4000,200,26,11611,-11611,-11611,1,0,0.120331,50c0e021f7a13bf6fe80ee13461b3ae8fb43276f674ec3078a7a3c4ceb73011e
G5,B10,4000,200,27,11627,-11627,-11627,1,0,0.125386,78b62989fcf5ba207659f2525cee7616b1c06d2442fb784697939e7ea23d5339
G5,B10,4000,200,28,11631,-11631,-11631,1,1,0.124211,83c3bfdf967316ad5587f26fec3f757acab6c81a73d2f9b81da889334e024bfc
G5,B10,4000,200,29,11631,-11631,-11631,1,1,0.138477,612622d31b093fdb3e004ec84f145781b3c11b365f16bec99dd61d16f4b04930
G5,B10,4000,200,30,11625,-11625,-11625,1,0,0.118937,b780aaa9a1858f8775b67184de5cd5ed58103909ca43df326b2b602bb845abfa
G5,B10,4000,200,31,11631,-11631,-11631,1,1,0.155108,acee8ea109459d4f822617f88488c9b35ebf551e4dc58c208e3aa142d14ae9f4
G5,B10,4000,200,32,11630,-11630,-11630,1,0,0.109248,7e9fd38a941a7a40c59f1b343e0f9cefec6c119c0cf56494c5f6c8fa99453c34
G5,B10,4000,200,33,11631,-11631,-11631,1,1,0.111755,5e3fdf9ba5b5366f87163941a02e4f827d2f827fab4fddb0819a1d90d9fa6661
G5,B10,4000,200,34,11627,-11627,-11627,1,0,0.122859,af3cf9762319125095737b515db252c94a1de296f091855afd75c39054a3178e
G5,B10,4000,200,35,11630,-11630,-11630,1,0,0.107881,256450ba6a648335f1601532d63b92a32035be4cabc3c6a5e3bab227b7de775f
G5,B10,4000,200,36,11627,-11627,-11627,1,0,0.099856,931a0863bb0cc9843c4c56d41dff1a27b0bbb77e90da188dd311b90648698107
G5,B10,4000,200,37,11621,-11621,-11621,1,0,0.150730,08a6560b763c1156799c5aa60d03646f20ad704affddf6e81a2f3a589bd7d1a8
G5,B10,4000,200,38,11626,-11626,-11626,1,0,0.096045,3d9e2ac410fa5215f41feb7c1205ee0e033685f3f51c74d917d08732861acd68
G5,B10,4000,200,39,11625,-11625,-11625,1,0,0.102681,c938158cbb70eef84fcc7c7664fe1b71a26dad7f6e4a547e4c310fedce8b325a
G5,B10,4000,200,40,11609,-11609,-11609,1,0,0.115487,38fbc96e519c92db2d66c2f65537c205261daad65e419909b7c45c921ddf30f2
G5,B10,4000,200,41,11626,-11626,-11626,1,0,0.124667,0d17fe248c40a01e77b1b38568761b9cf131bb328e61231eecca0b1e669dc7fd
G5,B10,4000,200,42,11627,-11627,-11627,1,0,0.129583,b68dd1f0dba16295d3453306e8847ea11d9849fb87e8817c66a6d32df90a4ff6
G5,B10,4000,200,43,11629,-11629,-11629,1,0,0.102297,3ec53ac825ae76b7d852d65c8ae0732748d25538b4a21f88fc320c285e0cef94
G5,B10,4000,200,44,11631,-11631,-11631,1,1,0.115291,0a41edeaa85f1ca64504d498c54d38ba549f5428f3b1972312ec1cbcefb717ed
G5,B10,4000,200,45,11620,-11620,-11620,1,0,0.116452,63283703ad0c51148cccd27397505f87ac712e5916a57d41d151d9fa017ac886
G5,B10,4000,200,46,11626,-11626,-11626,1,0,0.115281,ad5b002d01594acb616b1e54c4ffde2cd49fec7ed1011608b2df9aaff0e2ff6f
G5,B10,4000,200,47,11618,-11618,-11618,1,0,0.109266,1381d3e9fb1976251b850aae96a172e846fcf43565e9bc85b9a790d11275c69b
G5,B10,4000,200,48,11627,-11627,-11627,1,0,0.117932,117a9825e21b6d40f6b565d283d736a0b1c147539818f7f98d58f05b7b97449b
G5,B10,4000,200,49,11625,-11625,-11625,1,0,0.113777,aa99bd393cdec9802c1519690464a005e851077ff9793e86ee897f9e955807a8
G5,B10,4000,200,50,11631,-11631,-11631,1,1,0.106550,cc64698075171feb7b405cd584de72c496f3449556b01ca421b5763636f68250
G5,B10,4000,200,51,11625,-11625,-11625,1,0,0.098198,ee4393e6763cdc0ee256d0dd2a8d04dcdc8dd45ffc9389b222d05d3560a660ee
G5,B10,4000,200,52,11622,-11622,-11622,1,0,0.105055,4d5d39c3b4b26fa54f6eb68279f6b55dbffc4917af602a567f3941df44cec6e5
G5,B10,4000,200,53,11623,-11623,-11623,1,0,0.114751,efc3ee55af1158b4cb8836ddeeb785433268d7a94be98cc343d9a987f7f579cc
G5,B10,4000,200,54,11624,-11624,-11624,1,0,0.091341,179d3f27b931650c8c817ff9ffc3c9b92a7978e6459a87c0311d323cf683d1e6
G5,B10,4000,200,55,11625,-11625,-11625,1,0,0.120175,66f5b2f8c411383ba2f6798bab1c8058634c0432b1783b51d309058ffac59daa
G5,B10,4000,200,56,11619,-11619,-11619,1,0,0.091417,7c3e56c493ba05b476e3ee99bf96205e9e8d2fa48c869471d73822d575740bc8
G5,B10,4000,200,57,11610,-11610,-11610,1,0,0.092433,0c45eda04d6f9e10be786ae82f3f5be20c94198d055267e4ad13c36d7bc7f15a
G5,B10,4000,200,58,11631,-11631,-11631,1,1,0.093729,a64f29a36af538c1ffd624ce32eb1a94b3efe79ca754cdaa8357d064e846beb9
G5,B10,4000,200,59,11626,-11626,-11626,1,0,0.110307,ad5b002d01594acb616b1e54c4ffde2cd49fec7ed1011608b2df9aaff0e2ff6f
G5,B10,4000,200,60,11621,-11621,-11621,1,0,0.101195,8405aaf185d1c85f95a3de3a116233962af2907111eacc87b33370e61dcdac28
G5,B10,4000,200,61,11623,-11623,-11623,1,0,0.102935,fc97c21c88c36451fadaec4e478623d69a84b15467d2de6001676ea7c70d72cf
G5,B10,4000,200,62,11631,-11631,-11631,1,1,0.105290,fff4da2b3cc3ae8d8df2f8aef29173629d86bb13400bc5f863c21b080aa97bd8
G5,B10,4000,200,63,11621,-11621,-11621,1,0,0.101648,f868336d7c28fa819a762bc20821bb8e364d3fc8ff40a60cf81fd1e85fd5775b
G5,B10,4000,200,64,11625,-11625,-11625,1,0,0.089860,88a4d8c5d7d867cc798beb3e42fea6065fbcf5ed2f44d0d320b952934d0b4a06
G5,B100,40000,2000,1,11619,-11619,-11619,1,0,1.240517,ce1ba4b406213e296aed9b6e75f2bfba1561bbd9e19a14397e8956e0fcbda7a8
G5,B100,40000,2000,2,11631,-11631,-11631,1,1,1.198052,68c372b6ffadae3d51cd39b04a1b73f5a89862a6a740ba1cf4aa5dd6e33f5591
G5,B100,40000,2000,3,11627,-11627,-11627,1,0,1.176126,98e82abc8fd9941229f0328156a763c6ec9a5543cb5e6b59b1651f3196162806
G5,B100,40000,2000,4,11631,-11631,-11631,1,1,1.148555,2d455d1ebb5c686aed5760ed76c74b94fbedf0eebfda61a2e782ed6aad823dc3
G5,B100,40000,2000,5,11631,-11631,-11631,1,1,1.198547,badeb930d73f616222dc12b068d41a657cfb82b7d6298e993e991c587e8eafc8
G5,B100,40000,2000,6,11631,-11631,-11631,1,1,1.135221,4fcc16c03eaaadba0fe4be962ad876c8de0fc679c1d24256d3ce914dc1a865ef
G5,B100,40000,2000,7,11627,-11627,-11627,1,0,1.212808,795a0c04d9e6fc9e8cc86c6867687b5940706aa05c1accd24580be7c215292ae
G5,B100,40000,2000,8,11619,-11619,-11619,1,0,1.188878,77d9df13552084cd0d6a9a0a1a1820e32182a91c7ce8416944205b04b0d2f73f
G5,B100,40000,2000,9,11627,-11627,-11627,1,0,1.181879,5bd494fa8af5c37b6e899d2a420dbf61f10de5df85041fc3b981c485f1594387
G5,B100,40000,2000,10,11631,-11631,-11631,1,1,1.172948,c93281fb47a7565fe92bb1b335a4315ea08bb7745404593c0ee02b1850128aaa
G5,B100,40000,2000,11,11627,-11627,-11627,1,0,1.157888,93e2cbf77c82479498dd9216d7b1413750d40b3c7c167c9a291021e01cd92e06
G5,B100,40000,2000,12,11631,-11631,-11631,1,1,1.207258,8cd42d1a28b8f32ff2205df827362f1dbd6b6e17778b7b6503a1043065d52b9f
G5,B100,40000,2000,13,11630,-11630,-11630,1,0,1.165340,0813a9f664abec49c8fdafecddce7187fd04c4097a2830c29a5af43469856b81
G5,B100,40000,2000,14,11627,-11627,-11627,1,0,1.191245,0415822b703405d2f5a470a1c600f6c851cebe3b5528ec5a90ca1647cc0a3756
G5,B100,40000,2000,15,11627,-11627,-11627,1,0,1.170951,69a3296fd7619e67543674c4592404fc6d2013a4ad953e0d13049ce6c6538b5e
G5,B100,40000,2000,16,11627,-11627,-11627,1,0,1.146643,ed88a456d04eeed726ca62b1cdff56b7233653763bf1daaabf352b38287557aa
G22,B1,400,20,1,13290,-13290,-13290,1,0,0.025655,9694ceccac30a810b57378b7239ff548b30f1cb440b9c65c6d47031f3057a70c
G22,B1,400,20,2,13249,-13249,-13249,1,0,0.041246,13d5a6bc7e585b826ba6bfe22e033d9892ec08ca47adbc9044a2d9cd1787cd3e
G22,B1,400,20,3,13286,-13286,-13286,1,0,0.042746,c3bcb8064aad167bce31f3c72b4138ded77b6e7a6932e189a2bd51986e6b39a5
G22,B1,400,20,4,13293,-13293,-13293,1,0,0.043177,405041b07fa5812fd86e8271646af8bc476b93b9177c51b96296d592575c8b7e
G22,B1,400,20,5,13273,-13273,-13273,1,0,0.041036,769c8b93a9baca26075952ec229e4bde00d05b4e6d019d312ef42c6879ec9948
G22,B1,400,20,6,13289,-13289,-13289,1,0,0.042788,fef9131a100f773f7abd994ae049118843dd2e4c3855c9df80c501612e6ce9d4
G22,B1,400,20,7,13282,-13282,-13282,1,0,0.043625,52a3cbc5d484374a8590bbb2d9e4929e626ee40112fdf489b5978d4b9324c62e
G22,B1,400,20,8,13277,-13277,-13277,1,0,0.037289,0955d6715012656d620248edba5998331c2d9b8a32c3243445935b21894e6978
G22,B1,400,20,9,13293,-13293,-13293,1,0,0.035252,343d7a446c5eb528b991e14ea1073667b4e12d1eb015816d129f1c6807dedead
G22,B1,400,20,10,13283,-13283,-13283,1,0,0.022559,c1ddcb497af86f47ff949b4b891d0a7dda48df5287e672ac0479ed6c5a2a5201
G22,B1,400,20,11,13296,-13296,-13296,1,0,0.021826,f39b73e654c9184cb3750bfbf8d118e1d8af07ec99a42f72a31d8540577c6c63
G22,B1,400,20,12,13311,-13311,-13311,1,0,0.022087,40e387cece89b7b00929a5db7032d739f3971d14c393a4e9337d5fb47aeb11a9
G22,B1,400,20,13,13300,-13300,-13300,1,0,0.048213,d2242d0085d605994ad57b62b234a93dbd121cadd0cc186a9cf965ad22fbd63b
G22,B1,400,20,14,13261,-13261,-13261,1,0,0.040593,ca4c2e39e4471917bf50242cba2d515fc584ae519994f2f3b711a8e865a5dbdb
G22,B1,400,20,15,13297,-13297,-13297,1,0,0.026443,52e55709bdc7690e555da4de777b9e4802a078160382edbcc0e0424e1106187d
G22,B1,400,20,16,13290,-13290,-13290,1,0,0.044658,0cda5ba4f38d775f9436d57efc3f8af8897ff028e3cf33644383041bfd7481b4
G22,B1,400,20,17,13300,-13300,-13300,1,0,0.022067,a248344d8e4fd98691cb3e93dd96267995ec5a13d72a72c9c9f1d748400527e4
G22,B1,400,20,18,13270,-13270,-13270,1,0,0.021920,9d959071c9b491a71c18883ce633dc1ccda027b50b8be09e0c26cdbc731d2111
G22,B1,400,20,19,13235,-13235,-13235,1,0,0.022311,a30c2184e4614a399d743170ba482db34aa5001372c50e2222db21ed70ed6ab9
G22,B1,400,20,20,13292,-13292,-13292,1,0,0.022692,461c18abb363cc3522bce60024ea92d091105bf7e6b72e50f3230c9b331953b4
G22,B1,400,20,21,13273,-13273,-13273,1,0,0.034062,3008f3e574097f273fa36bc791382938af286256abf4ee93ba691422219b4ac6
G22,B1,400,20,22,13300,-13300,-13300,1,0,0.023849,bb377e3a191356691d4dfa9b28cc55f3daef07ba419a09c32465a240569b607c
G22,B1,400,20,23,13301,-13301,-13301,1,0,0.022197,91c5fd2059c74a8a3e470a5b3ab85d3b27192704f4af7a2d99ac17e558b9bfde
G22,B1,400,20,24,13292,-13292,-13292,1,0,0.022160,9a5253bd7d44b8054acb9993a0e175cade5a1685bfac7e21c9598b798093239e
G22,B1,400,20,25,13305,-13305,-13305,1,0,0.023949,a892ef9f752b396db6ba5f9b6c47677652c7cdb049122c547108c1d2f82ba2ae
G22,B1,400,20,26,13301,-13301,-13301,1,0,0.029168,d885db3567ec4a9b6b0eead59e75ffeb2df4fc9cf36c406352b0d827a55ce8f6
G22,B1,400,20,27,13294,-13294,-13294,1,0,0.029360,4186391e00ade7e43a0e27bf74bf48a5ce404b8cfa9122722f3e04740d1e36ed
G22,B1,400,20,28,13305,-13305,-13305,1,0,0.022578,58d33bc235de666df4dcb215246158777d7da14bcc29bcb9f46df9b1be58ca8a
G22,B1,400,20,29,13242,-13242,-13242,1,0,0.023130,96eb2a438bdf16b6b41159db012288f8f155ba07ebade8c1666250defead5cc2
G22,B1,400,20,30,13313,-13313,-13313,1,0,0.022863,7fba24507b53e0696c9fbde5ec67fcc522d8d279e13764ed08e7de5cd23e444a
G22,B1,400,20,31,13237,-13237,-13237,1,0,0.022333,aaa8f0347a5e12a58c810536fb594f83f0a4bba4b9d9473de579f3049aec1fd4
G22,B1,400,20,32,13272,-13272,-13272,1,0,0.028713,14fd9e57cb8338631dc0b7989fb2bfd38bbbf493426787096421d7961284a4d6
G22,B1,400,20,33,13273,-13273,-13273,1,0,0.022557,7e543e9a9d4b649a0528effb47d0351e3b938b3ae83ad4cb4ea264ae6d3e797e
G22,B1,400,20,34,13302,-13302,-13302,1,0,0.027852,8dbd7305c0ebdc53e3d696ad75cafbb7cf055e1883ec404114d5ab5914b0856b
G22,B1,400,20,35,13307,-13307,-13307,1,0,0.022164,6df6c13cfd18db7ec528fb6bbb3ff2f82ca3a3ce87c221aa3cac4f6c6aa68073
G22,B1,400,20,36,13305,-13305,-13305,1,0,0.025306,06520b3675c47f3b080d0adc274d5bc21ab1b4b3e19d463f5404c6123e9141bc
G22,B1,400,20,37,13289,-13289,-13289,1,0,0.027278,3591a59adbda9ab245b1676fd1564527614a507fb633564af37555d7537a80b5
G22,B1,400,20,38,13312,-13312,-13312,1,0,0.026832,784cd84f3d28a2c14de49ebfa9a9abf70a54ecb1c658af116efaff4b354bb0e3
G22,B1,400,20,39,13302,-13302,-13302,1,0,0.036306,e9097765ce8e505e3a09bf80607454bdeeccc0208d10e4034399249a7c586000
G22,B1,400,20,40,13304,-13304,-13304,1,0,0.021753,1c89b5a99985036ff61b1e9214bf69e621a33586f048008c58bb2743ccc78188
G22,B1,400,20,41,13303,-13303,-13303,1,0,0.029975,40240b5d7aaa24492695d66ccc28e157ca9d12d2847f871e0526c61f6f121f89
G22,B1,400,20,42,13323,-13323,-13323,1,0,0.029809,8af4e284edabb628ea8c22a8ffb7d0402b9ae535c46ce57484c3a041c3275b88
G22,B1,400,20,43,13285,-13285,-13285,1,0,0.021991,bc177e92227afa66c073ee178895bcd110635e44f2a050a8a9879a03a5a36aa2
G22,B1,400,20,44,13303,-13303,-13303,1,0,0.022675,44e54ca63d7c48af60dcc47433236e8f81c96c6d742368a0a47202d54b4cc078
G22,B1,400,20,45,13291,-13291,-13291,1,0,0.031478,38589b82ea7622a257cfff211ced089711d545549982de892c77f2bfab32ee79
G22,B1,400,20,46,13274,-13274,-13274,1,0,0.022042,2a0435fdfa4a08a7c151530c5279f62f5020833753ca85a11ba3fa3ea5b23282
G22,B1,400,20,47,13265,-13265,-13265,1,0,0.022437,16cdea6bc56425819398e3e8bf1b4d611324edce230a4cef7c381658a8d62890
G22,B1,400,20,48,13299,-13299,-13299,1,0,0.028079,99aab76ff0d519bcd727bcef97458c4c72140e40ca6dad78decf5633b79f4c1c
G22,B1,400,20,49,13269,-13269,-13269,1,0,0.034107,f67dfa48a99e35465fa7e6f5d3228948555e64306032ed22e358a7bf8f7f0ac6
G22,B1,400,20,50,13286,-13286,-13286,1,0,0.025087,526780d41bfe2e33407d050bc94659a2ca0329b923a25857bbb493d4f9f88c6b
G22,B1,400,20,51,13296,-13296,-13296,1,0,0.029071,171f28661887c49c8ace1c2fd31ca4272300f99dec240e025ac0e1d30b1c59df
G22,B1,400,20,52,13309,-13309,-13309,1,0,0.024158,280538e48c878cc8d91334953eda05ee7303713b1ac69cf265feb93c334afc74
G22,B1,400,20,53,13263,-13263,-13263,1,0,0.021765,325e1f1058fec2a4f15147734c5f247533b05ca954f1f40269bd97e78c0697d1
G22,B1,400,20,54,13315,-13315,-13315,1,0,0.022145,e49713b2943c0bc1cb0ca632d635d0f86fa3c9fa1e618a173626cafa9f5fb461
G22,B1,400,20,55,13278,-13278,-13278,1,0,0.035688,6b8f135d30c015ea3cd351ec6638dc8cefb090537583d9630af9883785b4ec69
G22,B1,400,20,56,13281,-13281,-13281,1,0,0.022067,95db243e504492289eb8230b615b1cd4edfd70b9c34d0b5c5c738db1df24e0f9
G22,B1,400,20,57,13288,-13288,-13288,1,0,0.028881,3a1355b35c47596079403db412b8b42c2de25918aa0e3212614fb207ce0fc945
G22,B1,400,20,58,13321,-13321,-13321,1,0,0.021930,0ebc610f45bab4eb67ba9face48bd31fe36325469987e7b080fc3da3d5309f5f
G22,B1,400,20,59,13310,-13310,-13310,1,0,0.022757,27309daafef5c40e480fb65c4c7dfb5c029b9591eaed2c0960b1c372304f382f
G22,B1,400,20,60,13290,-13290,-13290,1,0,0.031884,e4be699a5ee6c43031e1174c4bd3dfabb6100bd11a6574b485d1267614bb8c67
G22,B1,400,20,61,13278,-13278,-13278,1,0,0.030288,696c374c81f968ee40578baaad67cec678ef81edb150679290dad6685adfad35
G22,B1,400,20,62,13295,-13295,-13295,1,0,0.022156,d9e76f8b7475e9b0c65cd84fefe11c87d1ec545e92a39123d90393939b7fad2c
G22,B1,400,20,63,13275,-13275,-13275,1,0,0.026737,ab82137acf512dff6e9452bb210d00240e5646bcc6ff77220f7643db44f2c8bf
G22,B1,400,20,64,13280,-13280,-13280,1,0,0.031514,d0061a0bac52919ef382740948cec1c186acaf226cc5558dadf6e5ec5204cf3e
G22,B10,4000,200,1,13347,-13347,-13347,1,0,0.321484,fe73aa172a93cd5367603a3d16c21b4f477f14b6dcb41ba1ac55af2e09f28ee5
G22,B10,4000,200,2,13341,-13341,-13341,1,0,0.266291,ba763ddcf2d5cde6d13f6e0859ea096cd2bf0d38a70a2c294b9a0e9d0c74f991
G22,B10,4000,200,3,13338,-13338,-13338,1,0,0.307324,12b700f205cc024d2c81c0e8bb7be5ac758bfc34017fcd9df9a72c7a0dfec420
G22,B10,4000,200,4,13320,-13320,-13320,1,0,0.276463,2ecc44a569536faf4c85fde387005666c663a71aa1234a6d54986dbe89393711
G22,B10,4000,200,5,13356,-13356,-13356,1,0,0.246270,594e1e18f85d53249987765c98ef5d246401d8efb5bed676901e7173a7ea7281
G22,B10,4000,200,6,13357,-13357,-13357,1,0,0.264815,ae982076166960e937af995c315e82789a1d75a49e44c369f8042a39c4f24d6d
G22,B10,4000,200,7,13311,-13311,-13311,1,0,0.272726,7fbd58ae123a122508547e7f7a789104724366433daae4d1c345b9a24eeb01f1
G22,B10,4000,200,8,13325,-13325,-13325,1,0,0.259183,7b45c3f6a964f8fcc1c9baf0e932dee62c414cf168c01cf8c6efd8e965a50dcc
G22,B10,4000,200,9,13357,-13357,-13357,1,0,0.242681,1c9bf5993ad8df73d8f6223bc8819b557768510f882b46a53e48c4c8aa50c6ad
G22,B10,4000,200,10,13320,-13320,-13320,1,0,0.250422,9448b9704e9319f5d021090e04298c94715ef6822d65ff28ae686bf1cec28d43
G22,B10,4000,200,11,13354,-13354,-13354,1,0,0.276351,c93f3c2b774bdf9d7c4d11907e139af5820d6804797d8c36c91bc58884561df5
G22,B10,4000,200,12,13336,-13336,-13336,1,0,0.271596,6277a55f0b6deeee452b764c3ffb0f656ec733c27b47c91cdbda15095cd76b6e
G22,B10,4000,200,13,13346,-13346,-13346,1,0,0.247349,f5be3239f5d4e7a18263d65860a072eebecc51dbf35d0e4dc63991bfdd63fb3d
G22,B10,4000,200,14,13354,-13354,-13354,1,0,0.255748,4bce40ed44edd366a74c8d61eeca45a32494f94a7f755260278df03a310acc97
G22,B10,4000,200,15,13327,-13327,-13327,1,0,0.257026,604291fa3d2dd26bb15ab5c379d3768df69195fd7a91ee82ca38eba146fe6fc6
G22,B10,4000,200,16,13358,-13358,-13358,1,0,0.232541,145f0080da329bde773812b25c5af38eb8b81db223d49209bd2fc312dea7a0c2
G22,B10,4000,200,17,13358,-13358,-13358,1,0,0.305083,ac774cb2330f0b0e2c8673ae0f1d13c7944834133878a969900ce4423894e894
G22,B10,4000,200,18,13357,-13357,-13357,1,0,0.250628,baae208fc7c1bc581608da2bd8104f29ae0d4351e2f1de84c03c2880917c8bf1
G22,B10,4000,200,19,13353,-13353,-13353,1,0,0.266290,058850dd9d92c1f83ce07ec83aaea1d0429a30d548c44c86f53cdc3cf03de566
G22,B10,4000,200,20,13338,-13338,-13338,1,0,0.247297,d9a77a17364e392861f1ee129a3dd885888f677f1381faed25c253c48228cf0f
G22,B10,4000,200,21,13353,-13353,-13353,1,0,0.259916,9445503b3f92c2b16fcc6011143c51ffde167d94a712f7f2899a6fab73042a5c
G22,B10,4000,200,22,13348,-13348,-13348,1,0,0.299916,bf44d99696dc3b019f506f39c60bb0d0f309ddc847be1ad019322f53f4ec4b71
G22,B10,4000,200,23,13356,-13356,-13356,1,0,0.248850,e90feecb834ba512ed1d23663dbe302ca906136bc9a7ec6a85aed4ee508157a0
G22,B10,4000,200,24,13356,-13356,-13356,1,0,0.269920,c2dfcd071712791b56af1eda54ba88e4b1b227902090bfae9edc7725f98341dc
G22,B10,4000,200,25,13354,-13354,-13354,1,0,0.251942,d778a6f2f0c63aee76a1ddd4e0d180c59b1e7ab9437925bd5a744a1c803ae02a
G22,B10,4000,200,26,13352,-13352,-13352,1,0,0.260434,f0b77746b922790ff7d43106af79fb874ec9c4815c3b19bb3aefab9c957ca8ff
G22,B10,4000,200,27,13346,-13346,-13346,1,0,0.297236,0d32143ebf4890e3ad0812b441f2959f81dd4522925113f6ab8d15052435b5a0
G22,B10,4000,200,28,13349,-13349,-13349,1,0,0.221825,38265d5c45a8401ca76d7a4439c3ca54312353df4e16f94721ad79ad5d21b52d
G22,B10,4000,200,29,13357,-13357,-13357,1,0,0.252774,c2c336c55360effb1bac5c76520c11eaa6f3cc1f9ce2140a5d2580f99e45be78
G22,B10,4000,200,30,13334,-13334,-13334,1,0,0.268169,b12e1f47803956b656fb5e1a536da7bbda230c73cc9e5bc743e7af22364d2bc0
G22,B10,4000,200,31,13357,-13357,-13357,1,0,0.277412,540b0a99fb3a2f275c17beca0f179074d3332e9e95b0f3bbfaecd084ddecce2c
G22,B10,4000,200,32,13320,-13320,-13320,1,0,0.258438,0d8da2d337dde3507ea0fd1c25a06f6ad586806685f39046cc337f590c98cd4f
G22,B10,4000,200,33,13357,-13357,-13357,1,0,0.272881,8916fb8b5519555079f0077e3cec835ac6c1158d8abf5ba3b59e37cd076ed5a2
G22,B10,4000,200,34,13356,-13356,-13356,1,0,0.246741,021525c4cc643d04fbfdfa2011a414d52431fba82ebb7a5cc0526281df9a50cb
G22,B10,4000,200,35,13353,-13353,-13353,1,0,0.259136,fbf33910b93dac200fe90b88f06dfad9d1c16728741977c6931a18de1133bd13
G22,B10,4000,200,36,13315,-13315,-13315,1,0,0.304073,4def3dd5b3d3742b97ed94559fcc209cdce2537006fa996f174e61c4ae5272bd
G22,B10,4000,200,37,13354,-13354,-13354,1,0,0.304223,3b4dd9a5beb650d7705b77f9d5a1e8dcef3147aba30ee457edfb9821910a3bda
G22,B10,4000,200,38,13323,-13323,-13323,1,0,0.254287,b3cb2add0f7d2dde1dfc61c2d6d2f629e373a9807d5ad39812263dbf29de4375
G22,B10,4000,200,39,13353,-13353,-13353,1,0,0.275429,a78f6490144303fdcc6dffb591fcf6b45055c609a83f8af9f8fe8977fec3abfc
G22,B10,4000,200,40,13358,-13358,-13358,1,0,0.254937,419bdc1e91d34e34d2d4cd6a9fe84b71053c88502af4df81c830e14372115cc3
G22,B10,4000,200,41,13354,-13354,-13354,1,0,0.244857,c65bb2dcab0c8020400ba3204f879959fd8d8af72f398c16047ad426bf83d0c4
G22,B10,4000,200,42,13352,-13352,-13352,1,0,0.268486,c12b9ed53edce49e96280577c5986507f9c898be2176a423961415f657cd9109
G22,B10,4000,200,43,13358,-13358,-13358,1,0,0.280394,7060400d99a4dd3e506d72c83f83f45926677204ada10206d324ba4b0d7fc2d0
G22,B10,4000,200,44,13356,-13356,-13356,1,0,0.281562,c624084b69c8c20d0871174eed957291dadc851062133bf68628bd6bfa4af13c
G22,B10,4000,200,45,13357,-13357,-13357,1,0,0.282595,d5b7c9c4e18e4578276f1d56863b50f3c09d8ef9b53b07fb861714642a3c63af
G22,B10,4000,200,46,13319,-13319,-13319,1,0,0.283147,591f3782cd45f1834e6e6d330c1e386eebdccea07def513c25eb5f0dda3b7a1e
G22,B10,4000,200,47,13340,-13340,-13340,1,0,0.243454,1d017a77e4e0c516fe8c90b956a7fe37ecc7e3f25c020a594e624e9cb6a9bad7
G22,B10,4000,200,48,13319,-13319,-13319,1,0,0.259376,530d2f4b887534ca767e27f08427682d73c33346abedcf332fdb38b241c0c029
G22,B10,4000,200,49,13333,-13333,-13333,1,0,0.305370,4ca5cc1f84c2fb694472927634a81edcac7d2d970ab5defe1877f9ed16a77a5e
G22,B10,4000,200,50,13357,-13357,-13357,1,0,0.290894,24ca57a51d5e94a6d47c0fb3463dc796d4aaa25a2042306bca30034a060ad962
G22,B10,4000,200,51,13323,-13323,-13323,1,0,0.290361,d8277fb2ea664a5cb59e67d824426dc9ca458e22e9f1d539546a56ae39ed676e
G22,B10,4000,200,52,13319,-13319,-13319,1,0,0.276776,56c21ab0e918512b691f5755cdbdf91af08716f2a16a4a4a7129318713b64886
G22,B10,4000,200,53,13317,-13317,-13317,1,0,0.280118,b25636aeb088c9520e17aad02e3589f3d6953b6c80d32dc93c1ca18034c6c7aa
G22,B10,4000,200,54,13332,-13332,-13332,1,0,0.265558,9b8bd1675708e63cd1802671565a200a372b502c883f70389f9744a3c95d9de7
G22,B10,4000,200,55,13329,-13329,-13329,1,0,0.280113,1ed05f060986ce208b428bfac84481a0cf2f0708b1ee7dfc1a59dbce521917d7
G22,B10,4000,200,56,13322,-13322,-13322,1,0,0.270808,24885b9331c44164d2919c4fee1b74105cd0ab969e15bdf48e8795e5b222815f
G22,B10,4000,200,57,13353,-13353,-13353,1,0,0.255503,5622e86c4335d93d2cedbc9a3a83741aebfafb2c460af420a91fbdc15a9ea485
G22,B10,4000,200,58,13339,-13339,-13339,1,0,0.290118,d88a2b66e839e80418232e8c0671d6bdeb43ae507724c13d7a5ae435fed8fd59
G22,B10,4000,200,59,13354,-13354,-13354,1,0,0.271178,a950ce94cf270d49ad791f444aa6c701d3841bd4ab61ee94cf60c4fb9da06a30
G22,B10,4000,200,60,13355,-13355,-13355,1,0,0.266828,f6fd12f89df8354ee2c4b8f6b6ece6457c2d5bb6b7b907719d49037466c706e4
G22,B10,4000,200,61,13344,-13344,-13344,1,0,0.258960,f5d8f801a59a135646a66f082392a12d26762af0409956b0949f546ba037a2bc
G22,B10,4000,200,62,13355,-13355,-13355,1,0,0.329980,986ae9e7a886a53946906a2a61e3210883033f460387a49272e7d7d40edcb5d1
G22,B10,4000,200,63,13355,-13355,-13355,1,0,0.322925,a2bbc27b8fc1b95e7dba7f151c824b815a6d2f0d4091a3e92cce5faecdf171b2
G22,B10,4000,200,64,13350,-13350,-13350,1,0,0.264564,c756b9dcb33645d08b46fc30ce8be8be7df99af5fe169a6741b644a232db6bd2
G22,B100,40000,2000,1,13358,-13358,-13358,1,0,2.723716,82b36b33cf27991fc9de14b443b8220d0258235cf9fde24d4599e807fd7732a3
G22,B100,40000,2000,2,13358,-13358,-13358,1,0,2.680674,de7a88dc16b37f6a980c1cde393b4abb93507113e396bae64deb7b0680815e95
G22,B100,40000,2000,3,13358,-13358,-13358,1,0,2.665796,2755253afc862f02cf44be48e1b818ef08b754ec4c90230f01354b1e62f2d6c3
G22,B100,40000,2000,4,13358,-13358,-13358,1,0,2.772712,6fa09e4cd09edd262a29f798fcce1de039fde069f291f089f43c59f22ef30764
G22,B100,40000,2000,5,13355,-13355,-13355,1,0,2.660693,d8fc8c108a3aa66febc4f83278019be821fd7b504c9ea89b73b41b803e78c3bd
G22,B100,40000,2000,6,13357,-13357,-13357,1,0,2.592408,bcdac90f7ef9eb2ea51e9aded9d84edf92fa1ffa04faa39fa22a37d6598017e4
G22,B100,40000,2000,7,13358,-13358,-13358,1,0,2.669857,cd4574f195932e2235d04720b4000b51b0c76a1f01ee889c22ebf013f8ea13bf
G22,B100,40000,2000,8,13358,-13358,-13358,1,0,2.684511,660925b1ac73c768e070bee15c23d912d81659b18cb304753aff37034d032ad6
G22,B100,40000,2000,9,13358,-13358,-13358,1,0,2.682600,31d316bb3ce0c1a577af449be7831e1210a65efc95705edcd0abb94d192a1bd0
G22,B100,40000,2000,10,13354,-13354,-13354,1,0,2.686537,96207f02874c3b64f6f5d629e4290f89e349e4e111a70043b5f15ac00ad18934
G22,B100,40000,2000,11,13357,-13357,-13357,1,0,2.723939,abc9561561f04a08c2a23e6d844ecde05b017603b5a04e9af74af64bb0ea750f
G22,B100,40000,2000,12,13358,-13358,-13358,1,0,2.769846,6cb0a896ea42e06d9549bb9b2486d176f9a3f65d4f072bbe1b5e43d8d39f2ea1
G22,B100,40000,2000,13,13358,-13358,-13358,1,0,2.691663,65d2d85b6f290e59ebbba370e83d1178997634560c1cbf890435f08e9fd9c8de
G22,B100,40000,2000,14,13357,-13357,-13357,1,0,2.718480,d2f1c9f52b70b284dca5192fdcae0996305ef4b80b30cd6902220b3367897678
G22,B100,40000,2000,15,13357,-13357,-13357,1,0,2.556163,2aff2c0f1e1eb31105a3995f6cfb92dd466d21142822277d627492dfd5a0a1a1
G22,B100,40000,2000,16,13357,-13357,-13357,1,0,2.713693,bf89a4a30df377c63c9cbe5d6717b310de4ce794f6b7abe9e2d2598a94f51db2
G55,B1,400,20,1,10196,-10196,-10196,1,0,0.064489,60b811ddc02c7e757396395689941fab8bc6a3217833ce786692801d793b3481
G55,B1,400,20,2,10198,-10198,-10198,1,0,0.092750,a657ec99ede7e39ef32a280597efd1fcdea90197c9daf7b2d30ff1fdfa2d3d9b
G55,B1,400,20,3,10173,-10173,-10173,1,0,0.055705,025e040f4092e9ae78659de923286e22b8912d8225bbc373d44c903472dab6c0
G55,B1,400,20,4,10174,-10174,-10174,1,0,0.072287,7a55952549eae6530e4b36055e89248ee126d896adec7c6c82e300bfda6c6138
G55,B1,400,20,5,10165,-10165,-10165,1,0,0.074644,e2be1be70a088dd729f4dcf738eded5b7ac5c7f7db489cfb3314456e6c3e5437
G55,B1,400,20,6,10179,-10179,-10179,1,0,0.079822,38cb1c760d40b8efc31c594f241ce45c67d914ce18e50b675ec9dc8b24fbac5d
G55,B1,400,20,7,10196,-10196,-10196,1,0,0.071275,5321c9103e2aebd181440a00964cf3be19c43f298220680480226e40f5d706c1
G55,B1,400,20,8,10197,-10197,-10197,1,0,0.063295,3336a2d8c969e52ecb095b35721486102e06cd8e23cdbcb08cecbaa17c88d0bf
G55,B1,400,20,9,10192,-10192,-10192,1,0,0.083780,db32edf6038057363b16d4f6b513ff6a1f82401ec20f2afdd5df720349a5ee06
G55,B1,400,20,10,10178,-10178,-10178,1,0,0.071843,42cb9bee8b48fe9a5d0c99d0087fce4499b0c44ca24f5f56732e52a6735bfd73
G55,B1,400,20,11,10182,-10182,-10182,1,0,0.077115,b1b7d527c3a15e489a35fafbfdeaf9462548c1931d49d6f0cad82f2a335c45a2
G55,B1,400,20,12,10163,-10163,-10163,1,0,0.057261,3f8c38ebf0d3d4b2bc4fb6d12aef8d22f79e50df55b81f546b9e51e592d609e4
G55,B1,400,20,13,10173,-10173,-10173,1,0,0.088263,f9f143659f3ea482d65ec0ec9fa465a9de47011dbdb478004d5d82f169f263fe
G55,B1,400,20,14,10190,-10190,-10190,1,0,0.071420,98739f34821a92207655b35581f80544e6be00bd67cf70d2e6a70f992d4c5b3f
G55,B1,400,20,15,10203,-10203,-10203,1,0,0.070387,836216f69c3910c6e7f05b003808929b7ecc8404281ea498ac67774773c383a2
G55,B1,400,20,16,10173,-10173,-10173,1,0,0.056072,5550b0310032a52ee0e4d7efe314b47e6274badf705fc971f1c6d58bcf7439b0
G55,B1,400,20,17,10181,-10181,-10181,1,0,0.060605,81cece560594294e4996abfafa588cc39e0b74e3cd56d7cbb67e4bc693b452ce
G55,B1,400,20,18,10159,-10159,-10159,1,0,0.055754,477293660c1e5686619d5b88345be72cbca16ff64d3d99f197c41df6bf8ed0a2
G55,B1,400,20,19,10198,-10198,-10198,1,0,0.058697,973478aea33b19d4bf324bed817979ac330493d6dfc2fe49eb3bd3699fe81dd5
G55,B1,400,20,20,10172,-10172,-10172,1,0,0.070150,d9292ab83fecc2e63e350ca25642415ae9c561021307fd621e25f952cba66651
G55,B1,400,20,21,10183,-10183,-10183,1,0,0.072243,b4b14fcd878bb087ad2b8444da344a0530bcf25407efe38c5796bcf449250b95
G55,B1,400,20,22,10172,-10172,-10172,1,0,0.051716,a519d2260a650e613a6f08639f0dcf4d92fc08049503c574e168d99865d2a1c2
G55,B1,400,20,23,10216,-10216,-10216,1,0,0.070721,185cfebaf5460e029f7cc958a504fb39b910a6cc49066d11ed180d4355e05385
G55,B1,400,20,24,10189,-10189,-10189,1,0,0.063260,3f9de85d85866d15012f8ee30b6ee910824bf5ccf6cfb652c407a7bd1dc9c63b
G55,B1,400,20,25,10172,-10172,-10172,1,0,0.053185,402437e2e3d3fa911beb8a985fb77d6026abd6e4963501d16839d6941fefb0d6
G55,B1,400,20,26,10185,-10185,-10185,1,0,0.053838,8c766dade5d4d8c5c21a138d9dc04843cd74e80370192d818e7db8f4d22d623d
G55,B1,400,20,27,10208,-10208,-10208,1,0,0.073153,efe7ddd11eed85abb056f2cd848782258d6666414f9281382b2eb5e9d560325d
G55,B1,400,20,28,10196,-10196,-10196,1,0,0.052834,c0015ef3d033d366a6228171dfa056a836e54398dae6e6c666671a614f6dcb4d
G55,B1,400,20,29,10183,-10183,-10183,1,0,0.055636,8cc6eb890428a48985e6455115ae7916c718ccdb6a00f2b59ecdfe18abb85bba
G55,B1,400,20,30,10185,-10185,-10185,1,0,0.075789,40f360b3422f2aac80a8f30bf517499663d8471676cd4601cbf50c5da494870e
G55,B1,400,20,31,10203,-10203,-10203,1,0,0.067438,7f173a378535ffb49627eb447cc32a96797d63623c7af3f67a243e3dbec74263
G55,B1,400,20,32,10182,-10182,-10182,1,0,0.067652,90158b2d34f44933d4e5d47236897fc02e8047c5cb28fd4a9815eaaedf7790f9
G55,B1,400,20,33,10157,-10157,-10157,1,0,0.058003,acefb736c4019766ab37705859474a5558986292e7a5e1eae8769dfe08077424
G55,B1,400,20,34,10226,-10226,-10226,1,0,0.063502,5175622358cc668fbf287da3e67c8f3e22cf6e2ca135963bcae1f18a393c52ed
G55,B1,400,20,35,10185,-10185,-10185,1,0,0.053425,891ae189a74208dd70e693e38426189e54641907492889aac5007adee7777612
G55,B1,400,20,36,10171,-10171,-10171,1,0,0.051890,f87905406002396f07e56c711807810d3574e4ebdba02bb39c1cf1f6da051af3
G55,B1,400,20,37,10190,-10190,-10190,1,0,0.060345,1d9b4fcb5b2892d28850dd5d39a5d5542189cf4a4b82bb9a530d04da94fa5663
G55,B1,400,20,38,10193,-10193,-10193,1,0,0.053466,133888614a71c0578004a7a576375de21e19b194d07c1bcb334b518161d6d783
G55,B1,400,20,39,10212,-10212,-10212,1,0,0.054950,be1fb7722f1b42f950687538710bfeaee24ab1ef3cdd910ec43a51f0428c8111
G55,B1,400,20,40,10160,-10160,-10160,1,0,0.066651,f9001b338c8f48f5eea4cfa66fc5c0dc351dfdcf5fb50bc4bb1f2c66251fb7e9
G55,B1,400,20,41,10180,-10180,-10180,1,0,0.053888,728429414cc4c7186593252717e39cfb6c3bc7177dbb1e788fe606515ea42513
G55,B1,400,20,42,10202,-10202,-10202,1,0,0.062315,125bb2b2075c60f975d386815da7f93e6a40d155bcd249cc307a202844817d81
G55,B1,400,20,43,10192,-10192,-10192,1,0,0.061046,0f81db642ea07629485137ac2f0f4cbf56bda611e76262c1cfd43331e71a2477
G55,B1,400,20,44,10193,-10193,-10193,1,0,0.060003,65362313de1951b1701d28ba52c540ba810abb1677a9e181d2852bf095c0142b
G55,B1,400,20,45,10176,-10176,-10176,1,0,0.060454,03f79eb122e5d7cd2532396fb34b695eb733fe440978f9c38c5a3faf7eb91fe5
G55,B1,400,20,46,10166,-10166,-10166,1,0,0.053107,0a400d3d5c424f01bfbc628c54845bb9f7f2a7a355db995f9bd02c3660621687
G55,B1,400,20,47,10220,-10220,-10220,1,0,0.054608,7457c5d857c347904187f5e04ab94146d724b9363d8b1373235831c1884da3bf
G55,B1,400,20,48,10156,-10156,-10156,1,0,0.067126,41dbff51eb76e634a2883efb74039f6a782747794746adc39acff81eea538928
G55,B1,400,20,49,10213,-10213,-10213,1,0,0.057007,ad66a9b52f4c667eba964b5bee3c7a51eb51347551066ebd712355677d2c6be4
G55,B1,400,20,50,10164,-10164,-10164,1,0,0.063607,8af1624b57b6d4dd942b4e9eade507a5f732b5df44d941c1fb6da6c50f244b2c
G55,B1,400,20,51,10191,-10191,-10191,1,0,0.051989,6b642707c56b950d08fa6e904093458ff24aa6e1bc3665d2465bbc0ed7ba5a92
G55,B1,400,20,52,10181,-10181,-10181,1,0,0.053205,437a644aaa2d87bbe85706a4275d86766d0fc9299e36501923840cff39f97564
G55,B1,400,20,53,10196,-10196,-10196,1,0,0.062397,83913cd2c4aefd39160a279256744153214e522d92a4d8adc9379ec21ba3ce30
G55,B1,400,20,54,10200,-10200,-10200,1,0,0.071420,5adf88b1d8ab2fce67b1935d409e60ebd791b56051d0e6629e3959287482cc04
G55,B1,400,20,55,10202,-10202,-10202,1,0,0.066964,473ffd98c61d95d6fd588943f885f7ba70e426104f5313b372c71734954667f0
G55,B1,400,20,56,10190,-10190,-10190,1,0,0.052116,da089fb1975ee7af52c6d6ffc718e943f1ac08facc0a5b78cd7be013450d5a90
G55,B1,400,20,57,10179,-10179,-10179,1,0,0.058560,40faeee0e05970b229e80644aa2b87e586cf3285415ef0aea3b49bf7d2e33418
G55,B1,400,20,58,10180,-10180,-10180,1,0,0.052598,8c83e0c6bffb6f1402da16ceabd7392b077c502a6801c918074a03733c7a9470
G55,B1,400,20,59,10191,-10191,-10191,1,0,0.065686,3b5dc9295093af06234fb7745a61aa0a4d59823ef2a9632bcd28405cfb7f6a6d
G55,B1,400,20,60,10193,-10193,-10193,1,0,0.054669,114ac6c6967941333b63360fa1bc1531e6b7a684975fb13c0e206de4f22875b0
G55,B1,400,20,61,10182,-10182,-10182,1,0,0.055463,05577c5699ccea812dbb3dc105f911d2d84ba6db4598423a35165ad9a0b986a7
G55,B1,400,20,62,10201,-10201,-10201,1,0,0.051593,295954c5b54eb095a1563c8969cb112d4d04848a42f8540c9cc69c705a3f42e1
G55,B1,400,20,63,10182,-10182,-10182,1,0,0.051621,45d40be803ac9d7c8f5b2bb6a38da0da094617fa06e2e085270528e40cac1c0d
G55,B1,400,20,64,10207,-10207,-10207,1,0,0.058374,a4029cd0ff0609063ce52e67430c1e2ec20936f51038a09078fc3533930ee861
G55,B10,4000,200,1,10260,-10260,-10260,1,0,0.589844,1defcc815f5541db0d1fdb6cf2c17214c8c1084e54650399ff5bd17c0c42e29d
G55,B10,4000,200,2,10254,-10254,-10254,1,0,0.646158,c9443ca51540183f5570753821c431c5d068db85998ae8ca048331d026560440
G55,B10,4000,200,3,10266,-10266,-10266,1,0,0.600638,3c9d122bfa074291bd38b9131217dcc53e5110a74831a36ffabcab37c0a21d90
G55,B10,4000,200,4,10244,-10244,-10244,1,0,0.588316,8ad8d81280c01e11ac60e5d1e3cde41b92201ec3360e25f9c6da4c38fcf22ac8
G55,B10,4000,200,5,10242,-10242,-10242,1,0,0.715367,e4136b229b492b171c4de1fd55ad2b3b692e1e472386326280eb6dd382fc886d
G55,B10,4000,200,6,10276,-10276,-10276,1,0,0.646604,8f7833358dd372ed06f8ab31c72ca5e628d860ab2ee2bce7a40b5c3c0db6208f
G55,B10,4000,200,7,10257,-10257,-10257,1,0,0.611383,6a0b46feaa7f96fd29713da4e7e657c3f5aa377ae68ffc7630ed405c0f1cb1f0
G55,B10,4000,200,8,10256,-10256,-10256,1,0,0.594556,9b84e4c25f606febfc8fb7071b8f8db76b36e3e746818da8d3b7dcb6a4c81795
G55,B10,4000,200,9,10259,-10259,-10259,1,0,0.596113,af239c12963393c99a27dc267bc32a52eafe3bf164a391760eda527de5f845d0
G55,B10,4000,200,10,10277,-10277,-10277,1,0,0.621594,b6cfaf7974014088c2e9059b5d159c05e15cd29fd89fc2f37a1e1f8b7acf60fc
G55,B10,4000,200,11,10254,-10254,-10254,1,0,0.644598,ed65289c6f797db87d4e3cfd771d411db2bbcbec9f520d48929f8e27a3a12af0
G55,B10,4000,200,12,10266,-10266,-10266,1,0,0.679169,06bc79386533dd0806ccbbb906c55f1f2a2da1240a29542ab703888be8e873f5
G55,B10,4000,200,13,10257,-10257,-10257,1,0,0.628666,bf129d2d0a5cebda07933ec3495942b4c43a64ec62b0a7659899732f976e3b1b
G55,B10,4000,200,14,10255,-10255,-10255,1,0,0.644808,35f87676dd9523772c553b3c06f02456f1fca3ac6e220a572d16c4065e018006
G55,B10,4000,200,15,10248,-10248,-10248,1,0,0.593474,1b17d535a44ff6379d1e97b85632da8f810a1e912429c852cc139d88c6ec23ca
G55,B10,4000,200,16,10251,-10251,-10251,1,0,0.602206,4015c9f845e9dcc3421e5586f3f848e861d8dfa722fc8903e68ab6121a868e27
G55,B10,4000,200,17,10254,-10254,-10254,1,0,0.665723,7334719373371544b336a39089e402124db7e5343f11f2dbe1989878814f4a34
G55,B10,4000,200,18,10252,-10252,-10252,1,0,0.656852,23810bba74b05a7380306ca95de49778d9fb603b42565281231829ccb49026ed
G55,B10,4000,200,19,10256,-10256,-10256,1,0,0.676909,88383c8e4b708b2e3f40ec9a4a7de747824f233c3c46d81bc8cf53fe5fbbac28
G55,B10,4000,200,20,10248,-10248,-10248,1,0,0.625059,076b74aaf8d5330910965be22152a70a6328916e4d9072bdac28f712a08ddc3a
G55,B10,4000,200,21,10257,-10257,-10257,1,0,0.608636,dd517fb87db76658494f359a2445fab21e8894d73675938d4d60fdbb74683a27
G55,B10,4000,200,22,10258,-10258,-10258,1,0,0.628353,0b837ea5f1d4c848a60505de71fdbac1653c07ee712a574f3bf0ed9d061b9891
G55,B10,4000,200,23,10257,-10257,-10257,1,0,0.608124,02196b3b7a22b13adbb795a65555065a35bdbb3005a2300de9326e0fe0f8997e
G55,B10,4000,200,24,10274,-10274,-10274,1,0,0.601171,4ad0d9942ae23f0b962eadcfbee1d741247a4f2eba7999356094540c011107cd
G55,B10,4000,200,25,10253,-10253,-10253,1,0,0.612368,566fb9a7ccad7b9100ae359428e8f488b2882429708a5e9725e8b0717f0c74a0
G55,B10,4000,200,26,10264,-10264,-10264,1,0,0.676501,6e49f22f4ab25c53e5241a0946a16dc0b4b7ed1ced4cbd46b01de729c4ba916b
G55,B10,4000,200,27,10258,-10258,-10258,1,0,0.605916,0074d092d5eca0396d05ae60c7ef6e6d4d3457abd16600f1ada86be26d580c4f
G55,B10,4000,200,28,10269,-10269,-10269,1,0,0.591729,3fc377b662971d79e45b2de45d865681012b285d13567125ac6baadd2507e638
G55,B10,4000,200,29,10248,-10248,-10248,1,0,0.644336,5c2a1dc23e171c409b53a05950094be86ae9278a496928e39a0645d16af042e2
G55,B10,4000,200,30,10265,-10265,-10265,1,0,0.604349,6f7be34802eabfd22e90353dc39a9e86c8e4442772d7c6f12257b357bf3f02bf
G55,B10,4000,200,31,10264,-10264,-10264,1,0,0.613245,d8519ecebc72cec74699b00f197ac7f00e60fcf2581e0a8dced2dc40fc9f1ed1
G55,B10,4000,200,32,10246,-10246,-10246,1,0,0.643510,099997d53fadd0532592fc372f6342668a33c50d00ece566e2759b3f17b1ebde
G55,B10,4000,200,33,10256,-10256,-10256,1,0,0.618834,d8f21721eb3ae5901cf9bd13d976a2d69da5fd7ce1515147442075249301eeff
G55,B10,4000,200,34,10274,-10274,-10274,1,0,0.649004,449e9dae9026ec10da44962c03353ea4f159b768163656ba3b0dcf43533c62ab
G55,B10,4000,200,35,10254,-10254,-10254,1,0,0.585816,c5ed425dd6409d0c30b67f9389056f5ef33fc3cc2ab438aca8d3f84795d79c53
G55,B10,4000,200,36,10260,-10260,-10260,1,0,0.613483,5c884a841fe3e8d05845cb752c1b9c2435b490a66af72d8182c50856832a7d7c
G55,B10,4000,200,37,10262,-10262,-10262,1,0,0.641274,a856a6eb94fc50f25f8a0de287a6595763f72cce9e70cc9776350f8f8fc0ba83
G55,B10,4000,200,38,10260,-10260,-10260,1,0,0.617889,4013cd955550122656cb1df70d62890b7ac60c3d2baf2f47e8ec1bdb1e3ea2c4
G55,B10,4000,200,39,10250,-10250,-10250,1,0,0.593687,738f3d844cc2dff480553db8a996dc3ff77d3a88b172888a327976ad6b09d5b0
G55,B10,4000,200,40,10270,-10270,-10270,1,0,0.643290,66f7439a72358090e7c67eea8d222efea6114e4c9557f7e5670e6e62c9bcd05e
G55,B10,4000,200,41,10252,-10252,-10252,1,0,0.585229,8eb7a253b8287f5350361075d6cf83af1ecb86d58dd8bacc0f7593aa4c6cd582
G55,B10,4000,200,42,10264,-10264,-10264,1,0,0.607828,6d5f6da06187277cad5a6bca03c3537176a91c728f5dcefdbcc7d48c39274f1d
G55,B10,4000,200,43,10262,-10262,-10262,1,0,0.592112,fe12f2dfbf1d5ca0bda3997f0dd25ef3e3bd9e2e673c0d135d27e66d72418d6a
G55,B10,4000,200,44,10260,-10260,-10260,1,0,0.599298,d2ead5876f6cf5626c4ea843ed59a2408a3c529830e478108714f0cdb1a45d11
G55,B10,4000,200,45,10254,-10254,-10254,1,0,0.635324,8460e95e7edf0d0a186ce88e2a5da03edb01209b42c3fe4aaec85aef475036ed
G55,B10,4000,200,46,10272,-10272,-10272,1,0,0.586688,9978b84eefa0f4408a4dd3b68ac1b332b89d3cd1a917122c34367a59780b3a78
G55,B10,4000,200,47,10267,-10267,-10267,1,0,0.629473,61bc1444645bbb7f403b749eb910c288ee714fd207bc307d2772b5c9861f3fc7
G55,B10,4000,200,48,10249,-10249,-10249,1,0,0.672103,cf3e630d207d76c499acdf423064283ee99427ab2b0ec95a9b24a45cc330fdc1
G55,B10,4000,200,49,10258,-10258,-10258,1,0,0.613195,86122d725e26c6b5d9e6be579e42112cc3809202b2997ec447ff8eef4709326b
G55,B10,4000,200,50,10249,-10249,-10249,1,0,0.557453,d0a540c95f249483a164e200af85b7080ff144a26c7a179891101e7cb63d1a5d
G55,B10,4000,200,51,10261,-10261,-10261,1,0,0.549429,4b347c39b50b6fc5cfa509f0f4e1ca49693f9765771f44b069bb6834cea40e07
G55,B10,4000,200,52,10264,-10264,-10264,1,0,0.610070,783992b85d1dc2cdde91d483cbc64cd281dcf12c7b8d6ee38fc2676a8e8f110e
G55,B10,4000,200,53,10252,-10252,-10252,1,0,0.586026,a1184d1bac65c9cb560155f1330d780fabd5eb12022b3be9d4cafb4a0ca177b1
G55,B10,4000,200,54,10261,-10261,-10261,1,0,0.594299,ed5ba7e269ff986704e3b2ea88666bf3706fbd98555bf4b066cfa8f82e6e0c83
G55,B10,4000,200,55,10247,-10247,-10247,1,0,0.594754,cb189ac2c5b47fa380343483b64572260842ae5d1eae6e1b2adffbd7814d14c5
G55,B10,4000,200,56,10250,-10250,-10250,1,0,0.558512,b387ead723fe1379a17b72b5c5bceed0ea2b91832a7fe5d68585b08f393311fc
G55,B10,4000,200,57,10264,-10264,-10264,1,0,0.623160,3455ce715ff50ebb9e61a11eb5e9f6940d8388750c1719f611f9e38da11ee46a
G55,B10,4000,200,58,10249,-10249,-10249,1,0,0.614110,e6a7a335cacb49177751da406126c949c47d8317a067eb4e3cf88432c249dbae
G55,B10,4000,200,59,10279,-10279,-10279,1,0,0.607533,200052531073a0444edfbd8a8e06dbb24254a88ead91102dcf5c345bd879ee06
G55,B10,4000,200,60,10267,-10267,-10267,1,0,0.576212,bf6d3c726a78737354f26cc58074ec879974af755468ebe713065c1134bc6389
G55,B10,4000,200,61,10249,-10249,-10249,1,0,0.592813,e425e737c2d00281f98769d9df2661db18b196d4d683211ec50c1dbedd302763
G55,B10,4000,200,62,10260,-10260,-10260,1,0,0.603735,b67147bdfc123dcb40e5ed210d9d04168656057609aa66ceb8650585ac1a88b5
G55,B10,4000,200,63,10267,-10267,-10267,1,0,0.583595,3a49aba79aa0e64304fe2c167ee009050c416af8208f084be398aaeef01375d2
G55,B10,4000,200,64,10261,-10261,-10261,1,0,0.576212,0d38e77d3f610cc62869c5626ba466736cf6a3e11e3b1dbf3637d2a27be8fff8
G55,B100,40000,2000,1,10265,-10265,-10265,1,0,5.959560,4e9d761726b3a10819480bb660d133fc4e747600a9af3df184496238b54bf5fe
G55,B100,40000,2000,2,10273,-10273,-10273,1,0,6.027017,f50fa94fe43fd68e36dbed7fb6e4551ee47fbee9723cea022c5abfa58561b950
G55,B100,40000,2000,3,10278,-10278,-10278,1,0,6.041420,fcd0b545c4582d866239edb589dea37f5161227804c0f46ea2ab1e9c66bca860
G55,B100,40000,2000,4,10279,-10279,-10279,1,0,5.968277,880ea5bd13d67a2d179d23d7cc07e34e2edf1edac7edc9f02984c3f7e432296b
G55,B100,40000,2000,5,10279,-10279,-10279,1,0,5.982096,4041180ef049695d826e908abdc5dc91293fed25df60b1e36ce77d053572bfa8
G55,B100,40000,2000,6,10285,-10285,-10285,1,0,6.047354,65a83dddaba5c3780f59c41241040bcf696812544118d815081671c0d7e39d96
G55,B100,40000,2000,7,10295,-10295,-10295,1,0,5.863775,b43f376835b3b06116f4c261f06835e898142eb887ebee521b0f849bcf54fcdc
G55,B100,40000,2000,8,10276,-10276,-10276,1,0,5.928880,cff3452fcd0fba8827ad5673b9128f90a8b72020ac1d3543b0241e6aac5b65b1
G55,B100,40000,2000,9,10284,-10284,-10284,1,0,5.978679,2d0f377fb00154e769748695362f6bbcaa21aad927ebaad8b9d4afc909de7e37
G55,B100,40000,2000,10,10289,-10289,-10289,1,0,6.239268,43ecc948dc0f693d85e31eaa486522895a614fd7b8f63ae3f459b2d39ac0573e
G55,B100,40000,2000,11,10284,-10284,-10284,1,0,6.039215,efee5fbd6f5224ea00dd8737ac806b9fc3c0da28eba1ab6b528a4e732fee196c
G55,B100,40000,2000,12,10274,-10274,-10274,1,0,5.899144,2c941c80a29dd81e48c29553ca58c663e2832b64afe6318b12ed7c02e177c2f2
G55,B100,40000,2000,13,10281,-10281,-10281,1,0,6.005208,32db2087715fe675a7d70602c6653bfdaeb5486cb9bd5e05256a470a6a1653fd
G55,B100,40000,2000,14,10277,-10277,-10277,1,0,5.979667,7172af1a0608ef715079824c0abc16f852b3dc276ff619ec57df7eeb9381fb66
G55,B100,40000,2000,15,10288,-10288,-10288,1,0,6.152920,01f20bd658ae5180d8ed57eac6ff4b4506413f993219a68bd05c06b7cf43fbc5
G55,B100,40000,2000,16,10280,-10280,-10280,1,0,5.958488,1280841643f7a8dc9ee0dc1c22c2297bb39199b18727e532d6e4e5cffe2e94de
G60,B1,400,20,1,14011,-14011,-14011,1,0,0.093880,d52e121d09cd21f9bd37adf538a504bd7317565530b50726f43c3fc1df0b1e97
G60,B1,400,20,2,13994,-13994,-13994,1,0,0.106192,35cc792a7c02caf62a0d1c15fb0b656c2934a8fa62885132969ea6debfcbc3fd
G60,B1,400,20,3,14009,-14009,-14009,1,0,0.103681,27cb795bc9a45fe8f48001e8f5f9f4e777419f644b6daee196937b710adc64cf
G60,B1,400,20,4,14040,-14040,-14040,1,0,0.095435,2e500ccb6743480a95051017e344a4fd606c65f8951df0f695a5efe5d7b42a8b
G60,B1,400,20,5,14032,-14032,-14032,1,0,0.094057,9813337c6d2ab2f4030f869b57f15f148ea83dc22775d7d1293fc62f1bf4a920
G60,B1,400,20,6,14033,-14033,-14033,1,0,0.079877,153a26c71fb82dc66876d1f442d208cd95bfe088b0ab8817bee91b1c778ec7d2
G60,B1,400,20,7,14023,-14023,-14023,1,0,0.129783,e3aaad173733ad42cba7a0168e6616a64b67a01e60c87a3665b5acdc31409ca5
G60,B1,400,20,8,14023,-14023,-14023,1,0,0.078366,68852834a3ab7a85a56d042769dade7cc0be7175683c5c3f45249ad96c989f5f
G60,B1,400,20,9,14034,-14034,-14034,1,0,0.093907,4b5efb2fe0123da0dd458276ab46bdf222034963f9cd07a9d365d68b46f8b85d
G60,B1,400,20,10,14035,-14035,-14035,1,0,0.129513,e0f0d2fff6834de1053e206fb2fda1b8911a08ac2351e2efd5596850e5b45ec9
G60,B1,400,20,11,14047,-14047,-14047,1,0,0.118174,9e50f287134405b3806f6228cb98e99a5f27de6d27a57ff82c549037e8d3d2c2
G60,B1,400,20,12,14022,-14022,-14022,1,0,0.094038,4d32cc3b0a1dc14e0bd854835bbb66fb40607ebfed4ae3dd6164a1f6b4177a01
G60,B1,400,20,13,14024,-14024,-14024,1,0,0.093683,0bb3aba38086f1233988c9e7420a29d4921817d84f9f311d29f8df9ad76de02f
G60,B1,400,20,14,14033,-14033,-14033,1,0,0.117987,6919f7436e03d42e04fb4802533c3dac3c33f2443090e9fab2083401cd37ebaa
G60,B1,400,20,15,14001,-14001,-14001,1,0,0.093691,476781c77e026a841eb3f1d9c3513ed0c20a77105ddcaebac0e98d80e980262d
G60,B1,400,20,16,14080,-14080,-14080,1,0,0.100260,49182b4de801a210679c1d021543e506e13dca961c2c776f2f7c51d7a5e0c0fd
G60,B1,400,20,17,14041,-14041,-14041,1,0,0.083471,396c13f41e08452339f6b4415c8abc1c2e4d26e8973ff8c302e9524a80ac8cea
G60,B1,400,20,18,14047,-14047,-14047,1,0,0.084010,0da08ed482261d72a341932da57b2207969ac92f65192d718a9da9c2c9e1284a
G60,B1,400,20,19,14039,-14039,-14039,1,0,0.072559,0110d912e73feb17c6648435223fdb4cfb25d7bbf239a238b8053030680e8c8d
G60,B1,400,20,20,14036,-14036,-14036,1,0,0.074669,1d352bbaf6ca3424da4473e936cf58ae2f6cfd2f7c951ff3b72a25ad9faf9fcc
G60,B1,400,20,21,14024,-14024,-14024,1,0,0.081546,06399b7685c4fb8336adcec26218fd70e9e547252ce8c7267423c07b7cf0f8a4
G60,B1,400,20,22,14044,-14044,-14044,1,0,0.104379,0fb67b17858a77301cc68451b30d746534de76e3539cb238d5c09ba94da61f17
G60,B1,400,20,23,14029,-14029,-14029,1,0,0.104818,4d611b694a0158b14b997a7bc7915fb84765a34c161465aedd9d52f9e6555ade
G60,B1,400,20,24,14020,-14020,-14020,1,0,0.080574,2a8a41736bb82229584a8658c1cae63de7eb562072840bdceeda5fe8b7b51750
G60,B1,400,20,25,14021,-14021,-14021,1,0,0.098510,5e5cfccc8998eee2b3555278b6a32c9493b5e36027774f9566a92b2d0cdbea5d
G60,B1,400,20,26,14048,-14048,-14048,1,0,0.082742,8863788afc1529af5dd8da9afd49a03e2171a0f4dfc02a08ece3a7d212474516
G60,B1,400,20,27,14034,-14034,-14034,1,0,0.081646,88c5fbbafe1fcc74435f3a8276ab972e3c02dad0d9df033cb7c1a3c92b8ce95c
G60,B1,400,20,28,14007,-14007,-14007,1,0,0.086753,4eb5e30c6e4342b13652bdfa16407bfb0f2bf922d5ad10e271b05a17b1d2ea1d
G60,B1,400,20,29,14050,-14050,-14050,1,0,0.072891,be8e714f95da7b3d80b19e1cf05e349bf30fd65e37106372645c45524070bc66
G60,B1,400,20,30,14026,-14026,-14026,1,0,0.087033,b69033b9b5105eb9a7d03ceb22f3a8cffb106d7c263ad56b738600bd40d3ea8e
G60,B1,400,20,31,14054,-14054,-14054,1,0,0.080190,24427e47919b8a3c9fd56f83c83bebfa070e7d4d8b2c25caef0b03d45a34d28d
G60,B1,400,20,32,14057,-14057,-14057,1,0,0.085004,3feac40c24fe63f26ff33893a4742ab85918a0affec416f198d62e621369be78
G60,B1,400,20,33,14036,-14036,-14036,1,0,0.103641,21bd63315d63befdf8f7d5a125ea9aee464ca408c8f03602d4a89d31c8f10b9b
G60,B1,400,20,34,14045,-14045,-14045,1,0,0.074171,97a8eb735e48a6321942a5163b7ebebc056456b164dcb29f21ae69a4f8f26be9
G60,B1,400,20,35,14002,-14002,-14002,1,0,0.073136,29ffe90d4843f80be4ff40990fac53061d57797930bcaeab6ef023df047a4660
G60,B1,400,20,36,14035,-14035,-14035,1,0,0.072630,89687fd9fd06a2a251efc83617c6d5ab92f57f5630907e17eba78bb073079d01
G60,B1,400,20,37,14036,-14036,-14036,1,0,0.075400,2c466c863f7f7d6eb72076225f0c4c697585a1aa6dc873a65054df3bf56df337
G60,B1,400,20,38,14011,-14011,-14011,1,0,0.072900,be2568549af9d048136a0aabb0fffd15b53cd15032a4397cd2aa3aaabda3bac6
G60,B1,400,20,39,14072,-14072,-14072,1,0,0.073202,ea022e5bfbb18c1c659c0cf78676d3b1e5b7b8375907d9c9f3bce810669dc766
G60,B1,400,20,40,14050,-14050,-14050,1,0,0.093119,4288ca99df56100ce9fdc33c0cb1459d427893851dd8ef6c492bcdcb0a2fb839
G60,B1,400,20,41,14043,-14043,-14043,1,0,0.073299,02d903af83fbbec397652bb6f230e27b5b43644f8ea7db1a76a98355bd691891
G60,B1,400,20,42,13988,-13988,-13988,1,0,0.073069,dbb3f5035ca4bf8d45d0df3964f1a720432624045c8b228f6792f4f4d4db99ec
G60,B1,400,20,43,14037,-14037,-14037,1,0,0.093651,6bfce6461c0b5ceaaa66d34945d184e4f7fb1be40b5d4e9d61bbc2ce2ecb1639
G60,B1,400,20,44,14025,-14025,-14025,1,0,0.082110,11fc32d66d76c6402d14dcd81bacd6caf12bb8c0e3cd4845c24203499b5c9b7c
G60,B1,400,20,45,14005,-14005,-14005,1,0,0.090422,8778b8df6456e6cc4ef19b79960aa77408d84e6c75f4cdf6aabaa3feff6b54b4
G60,B1,400,20,46,14044,-14044,-14044,1,0,0.077474,8f68292c0f0eedfd07a16c9868f0fb335501f158a88205e662377a8f56c96b40
G60,B1,400,20,47,14022,-14022,-14022,1,0,0.096358,08e9bb8f184ab9df48840cfcad1b61702ceb424dfb44231bad60415902ee7433
G60,B1,400,20,48,14035,-14035,-14035,1,0,0.080439,0f8e5f09067caa42714eae99d25d553130328a9ae3e6a796440d1efd37fb3613
G60,B1,400,20,49,14046,-14046,-14046,1,0,0.086983,e4111858f99ce80bbc23f98c530c482054276e7fbc2b5e3734f0d30447422988
G60,B1,400,20,50,14048,-14048,-14048,1,0,0.090257,f2abe21c353caffa8e81853c25d3de8482d18b14386f8a8217a978669a2a57fc
G60,B1,400,20,51,14016,-14016,-14016,1,0,0.072416,cb4ffe5358a3b640377ebeb24f209b46ef32adead9f8288ba017bf5cb67c0ad2
G60,B1,400,20,52,14039,-14039,-14039,1,0,0.087815,da3801affb357b57574ae6e3b58c9ac993c167b2e4d8dbae23854dcbf306b49a
G60,B1,400,20,53,14025,-14025,-14025,1,0,0.098125,106d5443fef1203fee2bc2a5a10990e15afb722a08574e17165432109d33fc34
G60,B1,400,20,54,14017,-14017,-14017,1,0,0.099254,8e273770219d4b926f9da202429312232c055da6307449559f2b773e8e5574f6
G60,B1,400,20,55,14052,-14052,-14052,1,0,0.073121,6fcacabe7031db6c85792fe575a44b199b147d5bdb0548dd72a74941d7b79022
G60,B1,400,20,56,14017,-14017,-14017,1,0,0.087509,e14992b5f91b2448324a6a50f1b313477a256841580ffc13959b1971d7f77592
G60,B1,400,20,57,13999,-13999,-13999,1,0,0.086308,46b424f9cd13d4c6919cd12dafb6c494e4c1930028932320cdd1d4561ffe0231
G60,B1,400,20,58,14047,-14047,-14047,1,0,0.089231,37a5bf9575a49675f58ca21fe76f8b8390d126131562c31d7a7e63777442bc1c
G60,B1,400,20,59,14003,-14003,-14003,1,0,0.079912,356a5187dd2063672a4c595daff4ab7df01cd8075730fc770652a33bd15ef949
G60,B1,400,20,60,14028,-14028,-14028,1,0,0.086712,5910a2bee1135758e663807ac96f59902f46b7f2e4caaed9818d0b3c263d570c
G60,B1,400,20,61,14051,-14051,-14051,1,0,0.087792,74d0fd691b5b48072ca82f5d9718b8827066b1b5f621d67ac3149350bcdd87c5
G60,B1,400,20,62,14049,-14049,-14049,1,0,0.078898,62e153fd79db93dbd0b8af423a18ad5bdbb60b688eb97a45ecf381dec7962572
G60,B1,400,20,63,14042,-14042,-14042,1,0,0.076775,c34742cb4a33cdf50c64e4caa1258e5b796daf9712fdf51c2ee30302b84d91d5
G60,B1,400,20,64,14041,-14041,-14041,1,0,0.082396,f0452282eda7a4325fa863b6bf64f2bbcf891a57cbbf0c44a38a8a6c993b19ca
G60,B10,4000,200,1,14137,-14137,-14137,1,0,0.890594,e253cb4830852fb63b91a36b160bd241beb385cd41c4b2a5c4d7dcc20e8ebd9d
G60,B10,4000,200,2,14136,-14136,-14136,1,0,0.858368,04fde913e9e480b4174e8657f80d83f03c1c7d3792fdc49ccc8551d53121b8b4
G60,B10,4000,200,3,14127,-14127,-14127,1,0,0.890732,04a84c051aa43603cfdbd9a3dfd0e4472cc6173c7f5a3a09d6a01ac063bf205c
G60,B10,4000,200,4,14137,-14137,-14137,1,0,0.862143,c454c482842fb2c280456b548d4c12096cef736e2c2cfc70e80b9568ce4d838c
G60,B10,4000,200,5,14139,-14139,-14139,1,0,0.863387,2c62ab6aeea2393a658c15bfe6e8e736550460838af07f817c8cfb26a36ff024
G60,B10,4000,200,6,14141,-14141,-14141,1,0,0.875812,57d47b0ffc17e130c1143a74529145c3444b5379166737ca4a06272f684b3069
G60,B10,4000,200,7,14099,-14099,-14099,1,0,0.844225,2eba652bca330a00923d5ee8b6e21c8840be7ed354ae806fe4eea9af539319bf
G60,B10,4000,200,8,14141,-14141,-14141,1,0,0.900254,46eb6a61830f6b827b71aa8f0156a0df3280cf668e1e25b585eb8f61ca213158
G60,B10,4000,200,9,14128,-14128,-14128,1,0,0.881706,d79f63f13668e812dc1d23029c31d62771080b72c9b40dd5e04f0236d821d1ff
G60,B10,4000,200,10,14137,-14137,-14137,1,0,0.865945,67662b25fede656576b72f87ed414dd1f9e0e77218248131a410952d4c7699f0
G60,B10,4000,200,11,14145,-14145,-14145,1,0,0.879763,166473039b3faa7227998436761cd03593f263a38630b3e17c728477868d9372
G60,B10,4000,200,12,14143,-14143,-14143,1,0,0.894063,8d5346a393980b84dd07a95d392180f9eff089168e7ebd1af784182765919331
G60,B10,4000,200,13,14135,-14135,-14135,1,0,0.834411,406e7ba8bad0c94bd401effc6256c2ae983db274751a8c04350e193bf6195431
G60,B10,4000,200,14,14139,-14139,-14139,1,0,0.888751,bd6796609d95e18011b9953789fc05a71386e9b460aa6170d3e77e9ba2e5b896
G60,B10,4000,200,15,14144,-14144,-14144,1,0,0.891523,29be7b497dfb0daf8dcb774e285a270e72a8538a44ad978e5cc642bf64c70347
G60,B10,4000,200,16,14118,-14118,-14118,1,0,0.869212,17f7ec2c0d62b2aa62bf4923f73990c745c7346dfbdc2f6f6d063541d2f00343
G60,B10,4000,200,17,14140,-14140,-14140,1,0,0.858262,43d0a1827ed14f02d36e3b781251bb46f366dca0d940ea0d584fb90323f2824c
G60,B10,4000,200,18,14119,-14119,-14119,1,0,0.796340,0c01a22ef7697640a9ae4761e9b54ba57d54ff6890289274f47cfc94d0a1f02c
G60,B10,4000,200,19,14154,-14154,-14154,1,0,0.801094,2726917c4abfd76460bb6441606e2de8e2e0d907dd9e9a2a32c89e03074009a7
G60,B10,4000,200,20,14133,-14133,-14133,1,0,0.840233,9ef83cd48e8846d4d49ef6bf7c621a500faf9a082e097f1711e8c2418f4ed51e
G60,B10,4000,200,21,14113,-14113,-14113,1,0,0.861560,7dc2f8cea40c37d0661f2271ae71dbd99523f27b4e324821c58e76c51f5ffd78
G60,B10,4000,200,22,14134,-14134,-14134,1,0,0.872358,ee0533f2a333fc1554f729ab3b22eac5d6e746ee774032981ff6c6914e98017f
G60,B10,4000,200,23,14146,-14146,-14146,1,0,0.910634,737fdff1415d31d3c05e55ca14944fbc1b27f10754be17fc17829b3e4e419952
G60,B10,4000,200,24,14132,-14132,-14132,1,0,0.883202,ce9f78039446393f325185c3039fe04733dc098fe39129c3bd410ee051a2be57
G60,B10,4000,200,25,14134,-14134,-14134,1,0,0.887214,fc9bd1d0b5ff1c37f6607a62c90fbf3a41e43ed92f5bcc89485991780c353d01
G60,B10,4000,200,26,14138,-14138,-14138,1,0,0.873749,0c2ad5463fd982af99eb3876794103982ceaac3d1a88db0239b61d75185d6215
G60,B10,4000,200,27,14128,-14128,-14128,1,0,0.854017,27fbde5000448b97f1ebebaa950a10338ded2de2406830f23fd96db781f63192
G60,B10,4000,200,28,14149,-14149,-14149,1,0,0.852309,325f7bad3c2654da5de3e65d6ece4d5164da0b07137350675f22f369177d8e21
G60,B10,4000,200,29,14133,-14133,-14133,1,0,0.950465,251e524187978ceb0b634c311c1536e778a2aa00c3d8d08239b7a5106bedc9b1
G60,B10,4000,200,30,14151,-14151,-14151,1,0,0.819842,46c32f03129507b962d5ad5cd092644ad2c6f500dde6c27a57b22143d366f3e0
G60,B10,4000,200,31,14134,-14134,-14134,1,0,0.838324,79452687c62256419450398feef0c1379c94f62279fdc929ca2e5164cf75372d
G60,B10,4000,200,32,14116,-14116,-14116,1,0,0.916584,ab6940a8b91f17d37a74d0cd83d8b325e53bd7dd97e5f61084810d15b0dc9c56
G60,B10,4000,200,33,14126,-14126,-14126,1,0,0.878684,9b4f0621b159d13ea81f709296cc99db55aebe93b8c81bd3c5a59e94a6fe4f55
G60,B10,4000,200,34,14125,-14125,-14125,1,0,0.860642,454f3f0332f70dcbf0e470b521cb297271220b402398740cc0c9ea260577230b
G60,B10,4000,200,35,14116,-14116,-14116,1,0,0.880093,882eb2fe17b46e38711f62739d8860925ec68e7c6eb2080e7a07933b2a927874
G60,B10,4000,200,36,14137,-14137,-14137,1,0,0.880985,b701234820377adf3a99d3c20aafa355d3a69907b9b9ce4dcb3a650c6f64ff9d
G60,B10,4000,200,37,14132,-14132,-14132,1,0,0.850338,456f9f4e7bbfebe68c64db2aa6aba9964ac0f25f00b9eb8240adadf8553b8ed2
G60,B10,4000,200,38,14138,-14138,-14138,1,0,0.882677,91041b2fd37f07c610a671dc8462492a9653bbb9c3174e98e7ebea155a7e5f54
G60,B10,4000,200,39,14152,-14152,-14152,1,0,0.855408,b9d7a194daa39f9d90a8dfe52b2dbc460e542e73429df5ddc02113ae1c118b65
G60,B10,4000,200,40,14114,-14114,-14114,1,0,0.841382,c141762a43451af5a6c5b23b26e9b2d267e4d0a778008a24ac7769f4f610c785
G60,B10,4000,200,41,14131,-14131,-14131,1,0,0.882173,33255220cf350a1ef5b29919b006ce2280d5312a903f038124c10f1e0e11187d
G60,B10,4000,200,42,14120,-14120,-14120,1,0,0.829846,a79c9c72e858908b193554678c446e0f0618cd4c3e925607d9bd7e616d6f0a06
G60,B10,4000,200,43,14145,-14145,-14145,1,0,0.841205,bfb709ce710cefe0d618c83147663eee927acaf873d7309b9419e30132c3b0da
G60,B10,4000,200,44,14147,-14147,-14147,1,0,0.860177,92f92911f9299e35232d71f9a07cdb6d654d4f13d27a160944ffa05854be011b
G60,B10,4000,200,45,14134,-14134,-14134,1,0,0.851023,6d72227a67301a7bbd32356c6b7072aef9490c6e714d199b604a0cde9976f6b4
G60,B10,4000,200,46,14136,-14136,-14136,1,0,0.869302,adc2a2b8b93903a238ad70275ddd879c7adc49642e63bdaa28c36f59d606d183
G60,B10,4000,200,47,14139,-14139,-14139,1,0,0.836843,90624b030e3539993a95a3e45599a32d387f97c19e2b967cca4358295ef4198b
G60,B10,4000,200,48,14125,-14125,-14125,1,0,0.848171,2d46f1ea2032210feca2f3a30bafd43528a78d0ed9853b4f3644aa74b8ec3499
G60,B10,4000,200,49,14116,-14116,-14116,1,0,0.832567,b1f4ca4ed7bdf9be1c26fbabeb8a0c3223bdc360fd77c793398e2270bd4415a5
G60,B10,4000,200,50,14147,-14147,-14147,1,0,0.881301,534366e771d18f22b3fc2a2765314c1d0e8be4491fc38987f80b8fee27ba4bd2
G60,B10,4000,200,51,14134,-14134,-14134,1,0,0.872959,5367c5905ddf3d828e7749e509b5f4b2a98ae77a3551f21428b9e17ccb95cd72
G60,B10,4000,200,52,14128,-14128,-14128,1,0,0.823492,2bac364fe56ba7713649460a68ff341492727a4e3e9ee1e400f734eda2cc06af
G60,B10,4000,200,53,14156,-14156,-14156,1,0,0.898442,95453243e48fa6c1d2b4bec91d2913c63dcc9aabd01066fae6baa8251485c881
G60,B10,4000,200,54,14132,-14132,-14132,1,0,0.809815,bdeb0cf03262e04ffe4f0d6b57da0235009a1e6c7c90d24379b68417de5d9668
G60,B10,4000,200,55,14145,-14145,-14145,1,0,0.858408,ba5c34b328b93fcb757874ec685926978bec468fa5a2576eb718680e84faccf0
G60,B10,4000,200,56,14133,-14133,-14133,1,0,0.893639,0673595baa351d15d323c3bba541e329efb858f0448acf213125960fa4dee9fc
G60,B10,4000,200,57,14139,-14139,-14139,1,0,0.837748,e960489ff40160f74050df81dc154a974e862b54eace4fd23ae506e8058fb63b
G60,B10,4000,200,58,14137,-14137,-14137,1,0,0.842985,d56ad3e7369942a44a1d7e943ae673dcf605f0b7986a6b1c3f32965353d34953
G60,B10,4000,200,59,14128,-14128,-14128,1,0,0.792927,04d99eac9388e56ce1786fc14beb11ab9f006b459abc409b28c6cbcf073acedd
G60,B10,4000,200,60,14136,-14136,-14136,1,0,0.788491,1878fe43be123ef9abc9d9ac5e844183cedebf4433cf894546183aac9690656d
G60,B10,4000,200,61,14133,-14133,-14133,1,0,0.803665,59d02791a2115f42bc15402023dcc7de0167c60148edc201aa24de362b7a9b08
G60,B10,4000,200,62,14113,-14113,-14113,1,0,0.852593,ec3b8ebc7c9ea6a0fdf74c20d6f1a1668e9f2897970b010adee943604ab63d92
G60,B10,4000,200,63,14140,-14140,-14140,1,0,0.849684,7a461dccfde56d6febf788a8c3d274dfa5ecbb9b56af5bc3c56e80862aa21ab0
G60,B10,4000,200,64,14146,-14146,-14146,1,0,0.794727,c108895bff9f9b7634db764e602eff76bf039ca418910aa8523463cb89ed2bf0
G60,B100,40000,2000,1,14178,-14178,-14178,1,0,8.348803,01e77e47d21be64fa4f3f4fed0173312ece3cd0e9b57806b3afc62f8af39b6b5
G60,B100,40000,2000,2,14165,-14165,-14165,1,0,8.491817,985ed0f5f1970f88e6c8781b2a23e9ad3dc6d8356c9cc4fe79c39f34b549be8a
G60,B100,40000,2000,3,14178,-14178,-14178,1,0,8.499567,c604ce08739a32ea01dbe04bd53e058b458f66d1c8adcf1dd3f9da894bd90f61
G60,B100,40000,2000,4,14175,-14175,-14175,1,0,8.557464,4d01f4962ca7e87b1a5790a312a7d43c1e40b7053f0adb3fb35aae9f1a48e3fc
G60,B100,40000,2000,5,14168,-14168,-14168,1,0,8.375303,6279ee241133e860869fbbf5b74d4ad296255693a0bb889afbbad797a37ab24a
G60,B100,40000,2000,6,14173,-14173,-14173,1,0,8.443019,7860e6eef9a8ac0b58297d2b70b59b6786e8c70a02e6086d57a49f9b9f3358d6
G60,B100,40000,2000,7,14171,-14171,-14171,1,0,8.477780,0ec6c2b1aad9a7314452cf7cd9fa412b5b5624d4594f27f7c5a76f221d716f47
G60,B100,40000,2000,8,14172,-14172,-14172,1,0,8.361970,88123180574628c3bde0ce9772641ec3364a1c32365e92a6bfdc674f5aaf29ea
G60,B100,40000,2000,9,14169,-14169,-14169,1,0,8.406709,03fee33bf4ae2ab193c085ac1570db3cb696e5a41aa35edab90d3bb8b60c9890
G60,B100,40000,2000,10,14161,-14161,-14161,1,0,8.378601,8489198c6529b8c32ccd00c20f9c51f6c612338191f5fef4bc7866d63cb8a77b
G60,B100,40000,2000,11,14152,-14152,-14152,1,0,8.611987,f4e7c865cebc501eb7c9255debc029f303f7242bf2824eaaf45a12e8343850ae
G60,B100,40000,2000,12,14155,-14155,-14155,1,0,8.614272,1f3c0fdb25b191782bd4967839c16caaf74ef776a4da1c6ae4225cdf5438538e
G60,B100,40000,2000,13,14156,-14156,-14156,1,0,8.744620,9f1ef843c9ebdd7038b209cdd20f1c5d22a146973271fd5781bc87e1f731c6a3
G60,B100,40000,2000,14,14163,-14163,-14163,1,0,8.590713,10a1a5abb81e643dd9d6515415fb8ac5ca539e66fcc8075fe5a70beae4c37f86
G60,B100,40000,2000,15,14164,-14164,-14164,1,0,8.569864,0cd11c76135b7c0f380cae56d881bd94379439312b29e122c81c7dbfa73d41f8
G60,B100,40000,2000,16,14163,-14163,-14163,1,0,8.576313,3b0edd93e5ec6ef0ac77f186db25c4514b1d595b6eedea5109aa21bbd969a8e1
G70,B1,400,20,1,9430,-9430,-9430,1,0,0.128776,33f82ac102ac25800e97f9d0b6e1ccd2273ed8d6bb4c7f3020a9110cd182df69
G70,B1,400,20,2,9406,-9406,-9406,1,0,0.119692,16f534cf9372ecc6115fb7402e101e6877f1fab7d3f58f4190b11f1c33c6b7b2
G70,B1,400,20,3,9414,-9414,-9414,1,0,0.124721,8e33580b6ff2d0896f88969e41b316c502a3c399726d2b2afce969e16377b928
G70,B1,400,20,4,9410,-9410,-9410,1,0,0.104865,2d5067ff51a556d6812cd352db74d7109bc5fefce9107a0d837cad2d3e8df7d2
G70,B1,400,20,5,9406,-9406,-9406,1,0,0.116948,92223d4bf1faf5ffec56ede3d73e6ac4b815bdf76b254aef64a74d3ec14fabbe
G70,B1,400,20,6,9420,-9420,-9420,1,0,0.149335,af4d83596d97f6b8a042f85361a730cb1a2d409efd0134f0923412fe6a598524
G70,B1,400,20,7,9410,-9410,-9410,1,0,0.140562,9881dbe2aca75a6122fd0bfe77b7f2dc7a5bda7a931b08315a4dbec113a8e648
G70,B1,400,20,8,9418,-9418,-9418,1,0,0.107360,66225402d88eb185a2b25d9687e9dfe2bfcf428d9b71375894852dd7e3e417fa
G70,B1,400,20,9,9400,-9400,-9400,1,0,0.138469,cd0b0fd9f2956fc06067f7a6f89f4eb1190a252b678d8f180d82a50d9733ced4
G70,B1,400,20,10,9416,-9416,-9416,1,0,0.132700,62d7bdb28808606ab611e6cdab790e938457f7cc143cab44912b3bf3d37d946d
G70,B1,400,20,11,9407,-9407,-9407,1,0,0.157550,fc620c9af72eec00c9c86f7e49f1cc7ce89d21de95711bde0be37cc5f48fbbd6
G70,B1,400,20,12,9401,-9401,-9401,1,0,0.143327,c6f03a10324c7a69f9615f824c5e56d4415171d2b26d77fca63d9c69a62ab3de
G70,B1,400,20,13,9408,-9408,-9408,1,0,0.144099,d4873a5bc4992f2de80b6648c1a1175985bc04f23d291e2a2a7f75f9d8221f66
G70,B1,400,20,14,9420,-9420,-9420,1,0,0.137533,87b069de8b3fdaf56975711c8c2a3faf5cbd8f7f1cc7383c10dadfc616b8eee9
G70,B1,400,20,15,9384,-9384,-9384,1,0,0.131840,5d24eae5680163d7125fa09b24d1ddf0ffb6cf565a5da56926920e843d334553
G70,B1,400,20,16,9437,-9437,-9437,1,0,0.129380,14a966949a9c439e75f5935a130d076e1543c084b45aaaed956a9bc3221bc177
G70,B1,400,20,17,9430,-9430,-9430,1,0,0.120999,6ee8f4ec9039caaefc5b507b452ca08d2a0ae6f7ee11535fb95f3faf94cff0a9
G70,B1,400,20,18,9417,-9417,-9417,1,0,0.109288,e4ff55cb7c7dd5b9a9b1a86e3c8a0c69cab57bb9ca3f7b6be741477f8a537bc4
G70,B1,400,20,19,9400,-9400,-9400,1,0,0.099205,3ae97afd309d079a47de1acaee1aab1bebd2fd161b03b5a0b8f8efe590796837
G70,B1,400,20,20,9430,-9430,-9430,1,0,0.118071,2bca7575606c64d3dfced734905a028f75dbc6942ab30b28c57085dafeaf1ecf
G70,B1,400,20,21,9440,-9440,-9440,1,0,0.103855,d8f9f7cb17b4c7ecb4e66e122ebf61573b0fbca943740ac9bd43d990dbc5d810
G70,B1,400,20,22,9415,-9415,-9415,1,0,0.110395,5d76086b1e79b9ca5c72de36eb21e1112d7a1a099ace32ff5e74a51182ef8824
G70,B1,400,20,23,9435,-9435,-9435,1,0,0.117721,12ca4b0eeedb913e7d29de8695caac3c9f76f9645b537ed9de239125882a777f
G70,B1,400,20,24,9410,-9410,-9410,1,0,0.114598,fdd349335986454ffd88b53d0086ec8584abb995382ed248d8e8f39bd9bf36ba
G70,B1,400,20,25,9438,-9438,-9438,1,0,0.108175,b957f9f542c24636f0f5e7b4df16ea367e1c159948a5bd894a438c3455e2d95b
G70,B1,400,20,26,9418,-9418,-9418,1,0,0.119214,bff422fe0d07dcff2aa4d1325f118c94185cdb5d4f6103710e53559da9f6a327
G70,B1,400,20,27,9423,-9423,-9423,1,0,0.109921,dc8f8f10776f0b4db879470f0f212b2fdc56918ae9f4b78b7ab8fed36a1a6322
G70,B1,400,20,28,9414,-9414,-9414,1,0,0.119783,cf9644d44f4be516c08001647938726d70d974936f89cf4425843e3cdf7083fa
G70,B1,400,20,29,9394,-9394,-9394,1,0,0.113290,1ba05c43f722ea26da4e804416c11d99ee6cb5001f790c539f26244539accdb6
G70,B1,400,20,30,9423,-9423,-9423,1,0,0.117148,bee71da8fdf4793be5af638b30b507db74641b7491652ccefd6abe720d80e6c5
G70,B1,400,20,31,9415,-9415,-9415,1,0,0.103957,19e8a0907add25bd3debd2d7a074d4b3a92e8ef4dd6c1c4a2ebda6113cdfd1bd
G70,B1,400,20,32,9434,-9434,-9434,1,0,0.105477,c5268a69e3b8426e8ad4e91f4da124caf05f0a2e020ffbb8086061be89f631f5
G70,B1,400,20,33,9398,-9398,-9398,1,0,0.120718,f0752e80f0880b132a1810393b600e0702f493b75f476023ec2c65971fcb0da2
G70,B1,400,20,34,9422,-9422,-9422,1,0,0.096704,1211c6ff0be21cf23f1c54f98c78cdbdcad81febc4b7b3d49d3660fbee3afaed
G70,B1,400,20,35,9423,-9423,-9423,1,0,0.109564,1264840fdcf2d3cdb1c971d7ae70f8e58e190c150840eb44513ce4665781fd52
G70,B1,400,20,36,9425,-9425,-9425,1,0,0.124340,da896a0ee62441e21e1277fb74fa36a23f16fe8b625ff62925b59360f424a849
G70,B1,400,20,37,9448,-9448,-9448,1,0,0.126529,8060d2e957afc449364e6534edf56c00836ca98b043daec6b43fa6cf09c040c4
G70,B1,400,20,38,9432,-9432,-9432,1,0,0.103045,35e222df5c4134b87a4d5563f9cfef25baf1105827a3e70ae34195d0d57c44fe
G70,B1,400,20,39,9427,-9427,-9427,1,0,0.131724,9e64f4098a6976aa49b3c7537251ee89647be333d3f48a8f96ed3d689fff55c7
G70,B1,400,20,40,9426,-9426,-9426,1,0,0.115596,6a66007391092b9b68d1b5f974bede75d9eb1c2675714019cc8afbcf5c057e3d
G70,B1,400,20,41,9409,-9409,-9409,1,0,0.137529,2350224b3e636d20c0f437b900579753ecb6ec34e999fb4ee7638b7b290ecd9d
G70,B1,400,20,42,9418,-9418,-9418,1,0,0.111253,a954ac4c1a6d9bc4b17116c273bb2ea1236c9a29074073a74ddbef92cc45c1b5
G70,B1,400,20,43,9419,-9419,-9419,1,0,0.106211,a7f490dbb74bdbe34e28398176f6b47a9a38c3700ce9cec047004abd7b773782
G70,B1,400,20,44,9432,-9432,-9432,1,0,0.116476,5378d86a34690b206345e5b5dabf8c4c923f631fc009ccf29eab2afc47b550e5
G70,B1,400,20,45,9390,-9390,-9390,1,0,0.123688,70509a83b16de99b8afb3c53ffcd5473b631d253b37035eabb5932e02c403f68
G70,B1,400,20,46,9410,-9410,-9410,1,0,0.098273,683f325f4c5b4aabb37bf0ee8ee67fa25e26fe4aaf0bb04ad842a3dbcd943825
G70,B1,400,20,47,9415,-9415,-9415,1,0,0.113379,408226ec5ff7e81e9c8ee3e498613d574d63a18a9e4d3d28b3bb9690266bd4ff
G70,B1,400,20,48,9432,-9432,-9432,1,0,0.124979,34ed12fc71390d8273ecad30f1a5aa80e27ce8843cc6fd89dc82719ce6114542
G70,B1,400,20,49,9413,-9413,-9413,1,0,0.114502,ea04a26a84fca0d234a6eaeef396d3ddd5978c44afe8b3094ba189c12353ea31
G70,B1,400,20,50,9411,-9411,-9411,1,0,0.116603,75b667e1f041b7aa09053370a1a89f998154df9fb65bb2f229c035db253d9c70
G70,B1,400,20,51,9430,-9430,-9430,1,0,0.118167,42381ff62685ea24c30408868636dcb47c397f2f2da859f2b40af48f635dc319
G70,B1,400,20,52,9393,-9393,-9393,1,0,0.109680,7d2311e088145475e85183c4adc84768bb143ea64280bbc92bb7b7f548785d04
G70,B1,400,20,53,9391,-9391,-9391,1,0,0.137926,3dc2c1bf7b9092f8e671c1ebf387696bf86695cb9b92d763c2370bf168d53d6e
G70,B1,400,20,54,9414,-9414,-9414,1,0,0.142360,45857cdf0513318eb099d0840e399e904ef17d773655943a64d4d95bf8b037fb
G70,B1,400,20,55,9428,-9428,-9428,1,0,0.143652,3e445838716a1723fbf983af373cb70138d84fc739af44652ae4a5806176da7d
G70,B1,400,20,56,9437,-9437,-9437,1,0,0.107096,83ddbba602f0d6e4719307edf32cef848f6bcaedc07ee6053ba89ba53cc815f7
G70,B1,400,20,57,9432,-9432,-9432,1,0,0.118653,32158c0d90984ab2a3af5df21b9def4edd9c1d86977381da7484d600e05249e0
G70,B1,400,20,58,9422,-9422,-9422,1,0,0.108695,a15aa7f076a59d02a04c573da88da9f7a632bbd7d0dad59cfc6adda9a1414f45
G70,B1,400,20,59,9422,-9422,-9422,1,0,0.131899,f2c42b64e38d5d6ccecd362acc95cdc44d1fdc45681520a14546ba3d586f816c
G70,B1,400,20,60,9440,-9440,-9440,1,0,0.101288,eb1e69283aa900dae9a4e3ce149691b2f67b2055de2992d792a97495a70ecff9
G70,B1,400,20,61,9434,-9434,-9434,1,0,0.110706,7b6c42894461fe776fbce936a79922af543bd6a798b076f2df497c7ba70ac794
G70,B1,400,20,62,9403,-9403,-9403,1,0,0.116001,0a9098c8cf49529f072f73d83e9bf04766b589a758a89604b546ad4b1f489138
G70,B1,400,20,63,9419,-9419,-9419,1,0,0.103760,b133f059ab495af09c597e9fd901be9d7109a2140c68c9d35c54e78d722f41e3
G70,B1,400,20,64,9394,-9394,-9394,1,0,0.100717,3ad7bd92acbc38257018f27a5ccec44b4043fd94fb087c15de5cf10f4e072fe4
G70,B10,4000,200,1,9533,-9533,-9533,1,0,1.117530,f26d0c5f5161d9a6be05d409948e1b982cbaeaa784690fae15f877c7507b548c
G70,B10,4000,200,2,9520,-9520,-9520,1,0,1.099040,57bda250e05ccba17960d304188ccc223b4139e0fb09bf758e7e6d0fa35e0def
G70,B10,4000,200,3,9527,-9527,-9527,1,0,1.180514,b9315c9466f4852382520fd54a774c0f0908b772cc3bdbd80bcf9b5c7d36d8cb
G70,B10,4000,200,4,9515,-9515,-9515,1,0,1.083750,859b3ecdc645537c42e239b0ed8fd5cbe3ca24aa212fecf322af258ea4b9e4f8
G70,B10,4000,200,5,9524,-9524,-9524,1,0,1.146634,26b28ea8885394db998ecce983cc3dcda49cb5b30a778d6fd4bc5d7eed5a931a
G70,B10,4000,200,6,9536,-9536,-9536,1,0,1.107838,f9da1107200393061bca51c01c8acc7b22209a03acf0a60f9b0ff7380a495813
G70,B10,4000,200,7,9517,-9517,-9517,1,0,1.230251,6568d3ccb75b0abf569fecb85ad99c5b2c7cb7b945dbb8ce330d986a85406527
G70,B10,4000,200,8,9527,-9527,-9527,1,0,1.161290,bad6768c3708fea28af1f2f3be1bc33d5a6b390c8730c6a9da2c72d599922024
G70,B10,4000,200,9,9537,-9537,-9537,1,0,1.178032,652cabfd4ba8f4012b85205e645c003ca32a3f02ac556788425b533d4cba76f8
G70,B10,4000,200,10,9516,-9516,-9516,1,0,1.189796,5b7eb117f32eb5787c86f25ba7d14ef29ef88c55735b0b907f15de97f3419769
G70,B10,4000,200,11,9526,-9526,-9526,1,0,1.120416,8d55da042b7cd71d55544b5a7770aa9455deee94f613cd84e70fb1e4b3f14bb0
G70,B10,4000,200,12,9503,-9503,-9503,1,0,1.099663,e2590cce74bcf93f9ce86409606cae62b1f1e698e076d7359522ae4ddd7eff95
G70,B10,4000,200,13,9522,-9522,-9522,1,0,1.066309,02d44dd530afb6d0aa8d7b389f596ae5a78566f55e0c9571df97d4b66b89bcb3
G70,B10,4000,200,14,9512,-9512,-9512,1,0,1.092139,770f14740dd3c532e03a1232f69a48a9863514a2f7b941129b04c598ab93bd7a
G70,B10,4000,200,15,9517,-9517,-9517,1,0,1.082155,96ef710ec015a79f8787febd9184b47d20e5297d9c6be348994469460e93b37b
G70,B10,4000,200,16,9538,-9538,-9538,1,0,1.119510,d2f93983b0c0c5c4749910c7f6f2efbe53ee2bb37de34826ae7981b3988594a0
G70,B10,4000,200,17,9521,-9521,-9521,1,0,1.110032,fbcf018537c7216f2864b15166aeca1f31a75d28b8f1d4cbe15190adb7d79cf6
G70,B10,4000,200,18,9538,-9538,-9538,1,0,1.158564,a9b0e79c842333a636862272edb19c00fd550c12addfb4bdd10d51cd7c49045f
G70,B10,4000,200,19,9512,-9512,-9512,1,0,1.090489,49f8e8babae59b7c3c276b7f7a5457916006990db16c4c6531c793818b45923e
G70,B10,4000,200,20,9531,-9531,-9531,1,0,1.155620,11dbd77ee364b054c199fd74390cf51a76ce3c1c8c0793c2aa464a22cd986177
G70,B10,4000,200,21,9535,-9535,-9535,1,0,1.152142,089f05be56cc775f5c5228bd5232a14f0115d4f9fca07272db6daf4b1f4d4c7f
G70,B10,4000,200,22,9536,-9536,-9536,1,0,1.109564,78ba9f6a5a07661d667506a03df23098fd40baebbd2c50d3a37a42bc86980cd4
G70,B10,4000,200,23,9536,-9536,-9536,1,0,1.144843,3b9d61657241037801ab7c7bd107e80a77a423d5e68c0b283a75868096410680
G70,B10,4000,200,24,9519,-9519,-9519,1,0,1.091608,d343616eccf9a3588fca58f421f84121d96df409908436b0db8b5f01036aa7ee
G70,B10,4000,200,25,9528,-9528,-9528,1,0,1.085293,cad515993efdb54616cabc4e1976321fa381b933adefddd5c43399d83ec2da85
G70,B10,4000,200,26,9539,-9539,-9539,1,0,1.088045,843dc9bef270e9c404ab65efba629fc44388bed6e065744647321819198c8b2a
G70,B10,4000,200,27,9539,-9539,-9539,1,0,1.081966,3b6fb2c97ae30580a2ca2c0792744bcc9fa036bb2b89b3af1850af501d134d8f
G70,B10,4000,200,28,9525,-9525,-9525,1,0,1.084033,9bf1138288e553bc9ee43f4d89718b1a1ca667ee7a181399117ad05992893464
G70,B10,4000,200,29,9509,-9509,-9509,1,0,1.104598,51f858c579244df99926626c69485fed45b7802285e112f85c28ab9b88bf0b8c
G70,B10,4000,200,30,9513,-9513,-9513,1,0,1.113555,5b33e3354b5de0e0c9c73e5f42220c6a48ae00f5e54642a4a0ff3732c24a7d36
G70,B10,4000,200,31,9528,-9528,-9528,1,0,1.111835,09ea2c50aa3a1ba17d52a8fb36d86256b6500f0ac6cc5aec07c27f9b3d2d9964
G70,B10,4000,200,32,9546,-9546,-9546,1,0,1.134716,afb790f54974494854d785a3ab8bc53cc0aeed82b040f83c552646b9b6a9a205
G70,B10,4000,200,33,9533,-9533,-9533,1,0,1.179246,a20e888af44c95e8dcbd541a115db626a4f40b8a614da437f5cd3adda3c584e2
G70,B10,4000,200,34,9525,-9525,-9525,1,0,1.222230,dfc0464ae1770bf1214cad7c077391600d6df9712dbbd7e571a0c83a796309e6
G70,B10,4000,200,35,9532,-9532,-9532,1,0,1.124695,f8b1e1454b8cf2655b35891ee4ccfa9fdd518def0a4d5a0ec87d5d123fee0690
G70,B10,4000,200,36,9530,-9530,-9530,1,0,1.109509,4ee56de0791618dbf1a0b4fc07df7bd9ce1d416932cc4d19e1e0ad23280ffc80
G70,B10,4000,200,37,9509,-9509,-9509,1,0,1.143028,545da88aa4dffa9f3f328eeba17c768b88e27044fbec609fdb8ae1005bdfa8ab
G70,B10,4000,200,38,9520,-9520,-9520,1,0,1.094126,4800f3db78cc12ebb5758201e4fbf0a29e1986a32730e99b7284f3b3d859eece
G70,B10,4000,200,39,9528,-9528,-9528,1,0,1.152780,f86e6e797c6d74cc6e858d8f968eb8126fbec363292284b854f84206b373c65d
G70,B10,4000,200,40,9511,-9511,-9511,1,0,1.154755,50b375335b17ba150fba680477af765d62cdc8824d47f86911d1e82241c4be00
G70,B10,4000,200,41,9511,-9511,-9511,1,0,1.200951,4200d8bb0a4dfb80bdcad6d8d805ebf8c2c9192b196795107f47925bab5bf348
G70,B10,4000,200,42,9535,-9535,-9535,1,0,1.152384,b3d4a8f9007c4a2c13f6cf96b4436ce650a82642e4fe960598d636c325c74ddd
G70,B10,4000,200,43,9537,-9537,-9537,1,0,1.117784,fe5981cbfd3c4d45c32a5691d17e864d059e3383469eb7a817b0fa357ba9633d
G70,B10,4000,200,44,9514,-9514,-9514,1,0,1.146831,aa6a668f59a589e9ff8caf69864b379ba9edfeafca526f734381b14ef018ff50
G70,B10,4000,200,45,9518,-9518,-9518,1,0,1.177562,faec3a372be460c99a1393b6f6ff36597a6f6082d3ed8dce888e3e369c1d33dd
G70,B10,4000,200,46,9526,-9526,-9526,1,0,1.186658,d9cc686dc3f89966bd2ae9b988d4031dd3ed30e13bcca461f10f333561e1ec2d
G70,B10,4000,200,47,9525,-9525,-9525,1,0,1.124367,2496b855de2060da2765013ac35468ad91bd51b839af421ae191cdb38fafb992
G70,B10,4000,200,48,9511,-9511,-9511,1,0,1.146997,1ec66e94449ddad087a73ec3a815fdacc3ed51111b9d2f456c3e5ce2833f0842
G70,B10,4000,200,49,9520,-9520,-9520,1,0,1.188851,da496351c9653f74df16b2861eaab3472af3d86f850d7ba5136f17e5c5594766
G70,B10,4000,200,50,9523,-9523,-9523,1,0,1.273996,92079ee47d12aab0a4aad00977976b4386554f66c144bf0717007effa1c24ebc
G70,B10,4000,200,51,9520,-9520,-9520,1,0,1.208813,e25a034c2b5f32a599558518b1ff8d918b4bb73ff58d9d64d3f752bbd090ed09
G70,B10,4000,200,52,9513,-9513,-9513,1,0,1.243968,4a1f20768e14ef6b5a89ec0a352523f1d2200c0584009b80cd58f0508acbb3de
G70,B10,4000,200,53,9536,-9536,-9536,1,0,1.213793,6025b6621e87a076b2d6aeaed31154deed31ae65da9a69f71a44a488a234b7ab
G70,B10,4000,200,54,9526,-9526,-9526,1,0,1.183969,0da040a3d5b93ac885f45ea700f07d5d7e0fb948fbc72226bfe9fefbc5c16c82
G70,B10,4000,200,55,9509,-9509,-9509,1,0,1.270890,f90b0d9830d1d78a929ced6330f6b7e9b777c7bf0f9de4156d134a331388c4b6
G70,B10,4000,200,56,9511,-9511,-9511,1,0,1.272279,103d807c77ba0a3e6a2935dd448bb752a99b18a4f66475f38864d9846c957e83
G70,B10,4000,200,57,9514,-9514,-9514,1,0,1.260951,3d5d439e69c4e5c0d15266145b9d46d6c0753fcd357c1fc18954b375358eff75
G70,B10,4000,200,58,9520,-9520,-9520,1,0,1.183442,059611104065847d6be7b3d46934aebf1e0c5ad40d19ec05020a7885ba27f36d
G70,B10,4000,200,59,9522,-9522,-9522,1,0,1.221752,95a495ce941156eff9e5a156f18c2435571669cc01ea7653b9723f48eda5598c
G70,B10,4000,200,60,9507,-9507,-9507,1,0,1.235397,a06fae25cb32ad5f9a8fa0da994884079fb5d2f6b40714c059a5f252621e4333
G70,B10,4000,200,61,9525,-9525,-9525,1,0,1.161337,8fbb15e91b50dfb24a40743e7e2d07243acf4cc6243324aa4cffe3d1e86b8a7a
G70,B10,4000,200,62,9516,-9516,-9516,1,0,1.220251,f7a9ec6e574e1d5b82bafa0c54d2eef335b46e0a60fb26b6c64f328169811bc8
G70,B10,4000,200,63,9526,-9526,-9526,1,0,1.174355,632b440946c5d372d87a00c8208c593dde5ed94a11e9807f5499425d1ab316f2
G70,B10,4000,200,64,9536,-9536,-9536,1,0,1.269791,e360208b285646992319cbe382ded8abd498740ac200c9275e9349b3e2606cca
G70,B100,40000,2000,1,9564,-9564,-9564,1,0,11.267090,d8c90eb41f9c3b24bf8621061cc7c2ae7b9b7360e1fde16f1864955bc36c73f5
G70,B100,40000,2000,2,9568,-9568,-9568,1,0,11.131418,260ac77ab9b41f98766e0b5f239afb37827dd3f52d1a69468e7843bc6a055ce7
G70,B100,40000,2000,3,9570,-9570,-9570,1,0,11.246621,e7ec086f335d415e570ded378b4a5e1c5d492ef3be116030a6b973f7dc0ce630
G70,B100,40000,2000,4,9571,-9571,-9571,1,0,11.376508,409b3027e9e16b02b2e93c79b68fe1b7a3aef08068d898340b38e51a03c67078
G70,B100,40000,2000,5,9564,-9564,-9564,1,0,11.145917,c42dfe939c8a397f2da0d654aac60eac43fcfd4d1e59a026a0a7a8c8c2be7239
G70,B100,40000,2000,6,9563,-9563,-9563,1,0,11.275398,d43273231a1a33d2b61fdc128786c1965f47dbbb232ab3c2596649fd1db58b45
G70,B100,40000,2000,7,9553,-9553,-9553,1,0,11.269187,22e311ace227d582f964ee21f223bd42adf858856c4d61452d9e9a7f3ef14bcf
G70,B100,40000,2000,8,9562,-9562,-9562,1,0,11.267988,30bfd680c8e07b6be10a724d3579537ad10aea8fa56b99ef1a5f36a2b7eec1b6
G70,B100,40000,2000,9,9568,-9568,-9568,1,0,11.242302,d0d7a162a31e6d6762c0f43926a1908c1ab41c65b5d7916a9bc79536ca52614f
G70,B100,40000,2000,10,9564,-9564,-9564,1,0,11.240786,144c1ceafd4ae1bbc77d688c06f2eb409dc4aa85552dc52d414e4a04d81cd67d
G70,B100,40000,2000,11,9571,-9571,-9571,1,0,11.361562,6469008f6020cff29dd4b02b4f16d54729164f04fb371120ad210e18176c7d67
G70,B100,40000,2000,12,9565,-9565,-9565,1,0,11.224488,9cb9b1779c6d805b0920b78f0cad470f90d969845f41914519383cab27fd08f2
G70,B100,40000,2000,13,9570,-9570,-9570,1,0,11.200733,695ed3dc50533bf6365038856f7a61de4b9b403484482f96a91f9d2c03800bf1
G70,B100,40000,2000,14,9563,-9563,-9563,1,0,11.292709,9cef82c0d0d143148e65c5492cf40323b0199d0eae5f0031f61c76f126fd22e5
G70,B100,40000,2000,15,9567,-9567,-9567,1,0,11.126779,8e4603b787686e953da82bd3dd052f14c1a6dcbd2e45d45857a43eff7a848c62
G70,B100,40000,2000,16,9558,-9558,-9558,1,0,11.120240,5de8610c9fd14692c708cdf0e50fdb96c4519e5bfcde439220cb0a5866f2a4ea
G81,B1,400,20,1,13780,-13780,-13780,1,0,0.243630,c617120ac61df4fa1bc5f53834390163322e87cb15de4d6fdde4ba83d7dc5ef7
G81,B1,400,20,2,13780,-13780,-13780,1,0,0.251268,fe9b4a3f422a03c7e3fcd23c7cc7916c6b573ffd924f8268e23aeca85ea2e794
G81,B1,400,20,3,13770,-13770,-13770,1,0,0.230032,6313ff5125e76db47410f4f230222ab402b738a384d200e869c52b04e24f0527
G81,B1,400,20,4,13798,-13798,-13798,1,0,0.216959,52d3fa5ce848ca7e1be238e0cf545df26a36f46531763cba9394f0ffaed0b309
G81,B1,400,20,5,13762,-13762,-13762,1,0,0.235746,bbd5910808c5cda2044ad3b3729a384c0a10b15d59baef7ee5158d0426be86fe
G81,B1,400,20,6,13790,-13790,-13790,1,0,0.231822,9715ce4b4d109748e4e4a9a8aa4c217e6f2c2bd3f2bb415064756cfa30828938
G81,B1,400,20,7,13762,-13762,-13762,1,0,0.248173,77fb0dbe3291e156c91866e2fc070092cbe3c65b402673121c47e76b064d4ebe
G81,B1,400,20,8,13748,-13748,-13748,1,0,0.213310,82670580228bb642b5d04ded303d5398648e9a4b00cd3133745a2a9379bcb9e5
G81,B1,400,20,9,13782,-13782,-13782,1,0,0.223111,9474f38bd726ff86463b9bcedf6b50895eb8e2308d89e1376a3babcfab11c366
G81,B1,400,20,10,13780,-13780,-13780,1,0,0.250540,32a2ebbc4a17e27ea7079bddb12c9e497e99fe4e4b444871478bedd172107206
G81,B1,400,20,11,13784,-13784,-13784,1,0,0.212036,7817b0adfcbe0f01b95a0d7b9aa12ee132c251ebb6c60c9bd0206a96d45e7c6a
G81,B1,400,20,12,13788,-13788,-13788,1,0,0.233660,33ee288c90c26a7446ce642d9c8bf6d421a3d8715402da79139bf540fe6b0ae2
G81,B1,400,20,13,13770,-13770,-13770,1,0,0.238488,33ac45d85bf4bc52748eab5c66ce104b45fb4812f31ab991047fdb474e674888
G81,B1,400,20,14,13774,-13774,-13774,1,0,0.224988,c3d3e3cfc522bf41235cadd8a0ea89c161254d87fd1b598b77e86f9d4c289aa4
G81,B1,400,20,15,13780,-13780,-13780,1,0,0.240176,854b2b503c358034315bec6aab6ba100bde21010ce6a7dbff841eef999a011e2
G81,B1,400,20,16,13776,-13776,-13776,1,0,0.222989,adb25a90cbb5e1fbcc2bbd4fdd5a86208fe7c92f646200de08c02382992ac79c
G81,B1,400,20,17,13804,-13804,-13804,1,0,0.204675,8fed7c9d0bac44c7f0fd8ecc140dc18226b880fdca9bdba9c9aef92177f6ef15
G81,B1,400,20,18,13794,-13794,-13794,1,0,0.211540,803f964623f78d9b45e5550f5fb833512896e82816d1b456350d5158c26f4fc7
G81,B1,400,20,19,13784,-13784,-13784,1,0,0.215645,3b59e77e0b09f81f9ebfa107cc7d6becb991ce91f59d01b2ca16b652f31bfda4
G81,B1,400,20,20,13776,-13776,-13776,1,0,0.221970,fec320c8168e431736d008af61f6b6f113bfe499b3a05fe7b13a833e6a5d4d04
G81,B1,400,20,21,13784,-13784,-13784,1,0,0.209724,18ad8bd445cc67ad85d40e2d1b1dbee9289867a4bcf2147a5889dc5261a5b5b7
G81,B1,400,20,22,13744,-13744,-13744,1,0,0.237821,bbd1727c87194b2a3ef88e8b7935eb42b144068e35803f3b78240c63d622a3c4
G81,B1,400,20,23,13798,-13798,-13798,1,0,0.222326,01b0e29f0ef54ba935abc9663529c2f6e2760661cf90296ac8ed6194b641aa27
G81,B1,400,20,24,13774,-13774,-13774,1,0,0.229916,563c9287488af613b5b02a6fd95be0abbe137fa8d768eb198e689fec3f9aa79d
G81,B1,400,20,25,13784,-13784,-13784,1,0,0.222466,609d8634ac38dea5bbeabfebcc46fe82b02ac2cdb3129480d6ec0bb457a59021
G81,B1,400,20,26,13764,-13764,-13764,1,0,0.226904,14f6888fee7f587b08223b0b3f249e0a8dd031191f75c2e436078e722afaf8e9
G81,B1,400,20,27,13758,-13758,-13758,1,0,0.230729,399efc7dc34d5e4b642fa6157c0d2af1b4d0e903143bf1165719e9ce11a9b0f5
G81,B1,400,20,28,13748,-13748,-13748,1,0,0.218324,a83bd75f7cf9a8273d73171b189e7354c6da55080ae23423b07699426185b9ae
G81,B1,400,20,29,13770,-13770,-13770,1,0,0.242112,2623d0bf07c8bfb93b9cdf253127a8af8e3999935f47d40c9eff46a69ddb676e
G81,B1,400,20,30,13772,-13772,-13772,1,0,0.226050,80d283a3dfc46a14357f8a3db998e53dee69b73eacc039bdf816baa8d771c7b6
G81,B1,400,20,31,13778,-13778,-13778,1,0,0.247169,129c9d904fc112decad0287e5c8ea43696a611753fe79cdadd71d0f0cccd94fc
G81,B1,400,20,32,13760,-13760,-13760,1,0,0.225394,736a30105132356976d8bcd0c95ca49586756707f22d63aa5fbb2e81cdf18535
G81,B1,400,20,33,13776,-13776,-13776,1,0,0.250429,db45c3781f0723d6c0363a02820de6bea2ca85ff877487e8616e14f90d961c14
G81,B1,400,20,34,13780,-13780,-13780,1,0,0.245372,6090801c500e421b0f1b399124cb03d5c59df1cb47e2ae305de9689a7ebdcea7
G81,B1,400,20,35,13768,-13768,-13768,1,0,0.240982,50b4e93909706cc8d4d62355d6954678f8e6f30eb62e512b2727e287c0f87a0d
G81,B1,400,20,36,13792,-13792,-13792,1,0,0.233517,bafc69f2c21fabbee54a31598fe5eccb9beebc2eb8b4c3b2b7dd825132583f5b
G81,B1,400,20,37,13776,-13776,-13776,1,0,0.236582,a6d9afdacd5a038eaa9e5febfe100b91ef58560acc61650e22658b654f7af34c
G81,B1,400,20,38,13754,-13754,-13754,1,0,0.263714,8097517c19a8f809451690d0683b125d7380d91004f1a36497953aa49c89a862
G81,B1,400,20,39,13770,-13770,-13770,1,0,0.202370,bdfca91d72d3b2ad0cfc6570336f842fca21cd80c75c09b066644b62e996f6b7
G81,B1,400,20,40,13788,-13788,-13788,1,0,0.208029,7fd5fa023e7eabfb04d9b52ea53a5956f8aa94d4e200cc2a7004b8500bea1a51
G81,B1,400,20,41,13728,-13728,-13728,1,0,0.224315,d7098d8522b68670950b2805e1bb1e830a49585f5f056b88c5ac6ff0ed960455
G81,B1,400,20,42,13774,-13774,-13774,1,0,0.245918,0fbacb159ea5e2646cd5619a273620b9ada615099b37fccfdf2ad1f0e937dc8c
G81,B1,400,20,43,13784,-13784,-13784,1,0,0.234532,1a9c7e6efbfe3a093bb0d0c4ff9736f2bf5f460ed029e97570f4052ccffd7e06
G81,B1,400,20,44,13790,-13790,-13790,1,0,0.240018,2882b738290b6ced687814fec3150d4d2578495cf4654d50bc99cea5ff7007a1
G81,B1,400,20,45,13796,-13796,-13796,1,0,0.224607,88f5c111552b6b0e9b00ce6d976c66c05fb1c13078d1d2a4ee283d41c5d41552
G81,B1,400,20,46,13762,-13762,-13762,1,0,0.215208,57c1c927ca767fc12ff92cb8aaf4ff283b3513ac58a79730ac0e6595e8853d6e
G81,B1,400,20,47,13774,-13774,-13774,1,0,0.218718,2bd31ad28a469e5c702c74097bb3eb2039f18815e6d11f12bfbfba2bdd8299f4
G81,B1,400,20,48,13790,-13790,-13790,1,0,0.238926,798c852eb61f37f8155542c7437611589922bf3758d91fdc72a339ad435484fc
G81,B1,400,20,49,13776,-13776,-13776,1,0,0.194875,d9416efe7d4df83508d90012bceea8b9572d4053673e1192d907969ce05726a3
G81,B1,400,20,50,13772,-13772,-13772,1,0,0.253992,900ee69ea510fbbc803507d570c74bbd07f736cd44a1ad161bf9dc34cc44b168
G81,B1,400,20,51,13766,-13766,-13766,1,0,0.225600,df5b988123c022beacecf4a995fbd65876b460a74d76a548b77749f75ec9573e
G81,B1,400,20,52,13760,-13760,-13760,1,0,0.218899,000d5ac4d345d635b9f19773360c83ed71906c757e928891238e3b614d252a98
G81,B1,400,20,53,13752,-13752,-13752,1,0,0.207829,920fbaf550cc789749549a41e9c4147336f18e9f09a8425ef46301818232360c
G81,B1,400,20,54,13788,-13788,-13788,1,0,0.209970,f351bd6b7ac5a2ea5ef4dcb494c6d2661449a81d61db7a7771ed9ca25378b8ef
G81,B1,400,20,55,13780,-13780,-13780,1,0,0.214619,e6c5bf9d0377da80c0154548cfd43dc58c4a8b12bd4cb292867712ebf183a849
G81,B1,400,20,56,13730,-13730,-13730,1,0,0.233835,468697b3ed40059eb1754544da02ac2a5b0f4c34b4421a0c8b9d51bf29174e55
G81,B1,400,20,57,13774,-13774,-13774,1,0,0.237084,f0b93562eb15f42956f71255fcea3fd7d2c84f80ee006cc4806d5b91bf9e475e
G81,B1,400,20,58,13822,-13822,-13822,1,0,0.216307,a10755b3a7cb497fd3d682acb2af74415a12378a7b55bfccd8e40f7d3ba484b8
G81,B1,400,20,59,13770,-13770,-13770,1,0,0.230833,930aeb3624da2e2b3694a8714f8216d097077fa05424b48fcaf7e6a49ffc5002
G81,B1,400,20,60,13776,-13776,-13776,1,0,0.206221,1ee365f484bb9875038f42a5cbc6ec9bd4535f97144c51b893502f3559aaebfe
G81,B1,400,20,61,13796,-13796,-13796,1,0,0.244444,a89ad04014562f6198e2690e305e9bac897a63df0ba93e83db00dac2b03813be
G81,B1,400,20,62,13788,-13788,-13788,1,0,0.207319,03ae9140445abea58c11846d5ec771fb83835be4d8e3341e411fa0a706702c47
G81,B1,400,20,63,13766,-13766,-13766,1,0,0.232021,df909fc95b24267d4b5759fc0b5a86822c62538074957a0716e29adb250baa89
G81,B1,400,20,64,13818,-13818,-13818,1,0,0.201422,dc0ca390488d652439588d932a9b0975551923e3b1b20059cbe4814c73d10944
G81,B10,4000,200,1,13872,-13872,-13872,1,0,2.187334,909793fcf69f1a5c6206d96e7c1d099f47b50eb593c4bc4b14c9cfe868da2020
G81,B10,4000,200,2,13874,-13874,-13874,1,0,2.375396,450821569e3fde9f460dc91344c1251df0dd40f1388894f421df830fe26d0aee
G81,B10,4000,200,3,13888,-13888,-13888,1,0,2.209768,df12e08d3969c78859029aabfaa48bbdeeff77e80696c85a4c965fe7ac39e447
G81,B10,4000,200,4,13884,-13884,-13884,1,0,2.249200,345f30477a9cee3371424b37900ec1156f1afb6e991f5c89cf5e195724224d53
G81,B10,4000,200,5,13878,-13878,-13878,1,0,2.176707,bc709135e16161ce7141c40fbdd1f9f1ac2527d80aed0e43d8ebf1177d39aa54
G81,B10,4000,200,6,13886,-13886,-13886,1,0,2.232928,69c7afa28a509903dde57bd62e5d85d1110a66750355bbfcc3f2599790736b8a
G81,B10,4000,200,7,13886,-13886,-13886,1,0,2.258657,38b231eac94a2d44a8c0e2267c4f6c44c1e8fc06ce1332cd0a5485c4666cde87
G81,B10,4000,200,8,13892,-13892,-13892,1,0,2.162619,d9bb515844e6618dffd10b24b07aa68784a1d9d4a60ff4f05311a351f638bc05
G81,B10,4000,200,9,13886,-13886,-13886,1,0,2.218381,91985a7648a4a728459dbf0f7675fa71946715ed5c03b42527e289183d6f92bb
G81,B10,4000,200,10,13890,-13890,-13890,1,0,2.283089,15085a9669f67972790ffc2eefb349ca54aef43fc3ee8d0d3334e6b2eb2ad181
G81,B10,4000,200,11,13890,-13890,-13890,1,0,2.244209,3cd619c84190d6772062c2b9db518944de86c9fafbe539359ad4ce428f516524
G81,B10,4000,200,12,13876,-13876,-13876,1,0,2.242274,66e9d7250199b9415ce3be99f8ce9d709f6d76d153a9e9f33020a0c706457f90
G81,B10,4000,200,13,13866,-13866,-13866,1,0,2.202335,de655c0e0c24d698d08fc4514a6ddf178ed3967b71bbbf2450124b9e79e0e220
G81,B10,4000,200,14,13878,-13878,-13878,1,0,2.139440,9a318cdd993c9e2bb984f9879eaac7ade8d4abbac94bab4f269d122294e3d518
G81,B10,4000,200,15,13868,-13868,-13868,1,0,2.313807,c5c30a4e1dbce7528bdbcac712a41c3876698cb99c1262c62b79b8785aa3f3df
G81,B10,4000,200,16,13874,-13874,-13874,1,0,2.152628,bd2c026433ab91228a61fe0a05cb81f13fa2ad35c2dcc2dc24517d064273b8cb
G81,B10,4000,200,17,13874,-13874,-13874,1,0,2.222585,38bd1f41f7494310c350bc36f69fdc1ad46ae5fe1ca9ba2f1cf63b8b51941aea
G81,B10,4000,200,18,13874,-13874,-13874,1,0,2.087635,d30ae29dfb53cfa9a1585a0a85d6dfb6662cc3c88d41d1aea6520ed570aa51fd
G81,B10,4000,200,19,13866,-13866,-13866,1,0,2.223558,e0a60de01adc707c172a05232dbef31bc61f0113c71c233bf4cf4a65e6af42ae
G81,B10,4000,200,20,13896,-13896,-13896,1,0,2.317004,17f3bdc9d95c027cea2a473f0a8b150733537e6162d56c818d2b71adc60fd794
G81,B10,4000,200,21,13878,-13878,-13878,1,0,2.230711,69122d91baeee36aceea53d17fbd2159db9e06fc62e2c9a6236617cdd7b9c00d
G81,B10,4000,200,22,13876,-13876,-13876,1,0,2.137227,f1124e92eb8be5b0fd2147f18ce36f5ea8049094367d182e14fc68490bfc1c03
G81,B10,4000,200,23,13882,-13882,-13882,1,0,2.258861,bf8ccc1d39fcccb31114d1a0c31d198dccf67e7f4dd1f76666173d23e78fe31e
G81,B10,4000,200,24,13892,-13892,-13892,1,0,2.227540,5e9fba98af9f59ca570cd79de8adb8dfb0ba44feba73d10dcddcf29c9ad835f3
G81,B10,4000,200,25,13856,-13856,-13856,1,0,2.240998,096711545fadd14d78a59ee87712bf22c36a1cf32aa966d2b835ee1de8c774b3
G81,B10,4000,200,26,13882,-13882,-13882,1,0,2.281755,c1b0e0b0bfa62e29ae34973f3bcbabef0fe1869426d83d136a3dd21075f11578
G81,B10,4000,200,27,13870,-13870,-13870,1,0,2.243633,9948f6c4b679cbb081438ba81583b17eae875a40d02082152ba5520e1bc7dd21
G81,B10,4000,200,28,13866,-13866,-13866,1,0,2.240621,964a183f389a5778a8ec7fd23439d87532fd2de3e383866ad27850b2c122299e
G81,B10,4000,200,29,13880,-13880,-13880,1,0,2.261731,e8c0d6ff4bb9fb1f333d8986a66f158800e02108f94cbfcba89d8004d417cba2
G81,B10,4000,200,30,13864,-13864,-13864,1,0,2.202443,8abfb944e31728040c18c60660ff82fbe908dcd95b8487240523151e8abea83d
G81,B10,4000,200,31,13866,-13866,-13866,1,0,2.220324,c4e1569513192c74e3c45011d9de7ed9bbfb1352670b3d719c27463024808d89
G81,B10,4000,200,32,13880,-13880,-13880,1,0,2.190243,0cb8bc710ce8c925631002b524a6c17aab9d5b114fa35b1786e2c99ba78b226b
G81,B10,4000,200,33,13884,-13884,-13884,1,0,2.146443,370de62422b72c15ae6493e0de7a7b0aea525e0a56513f488b743381fff207ee
G81,B10,4000,200,34,13884,-13884,-13884,1,0,2.173818,ec7eb760fc8a79b80d87ceb8f1696dcc6367acef9341ef66d2e373e431ee475b
G81,B10,4000,200,35,13876,-13876,-13876,1,0,2.285451,ce054cf0320146990b7756cb2162afa7a174bd8a9bdbdea72c477a4d3591a69f
G81,B10,4000,200,36,13890,-13890,-13890,1,0,2.209332,9e56aa10b325a43d0a863d134a0751bfe62adb76a967243de3d9181e49e0a178
G81,B10,4000,200,37,13886,-13886,-13886,1,0,2.205655,6e60ab914e57ed5290c5b09c7f117e83cf8678739e66a0e0f38ad7b1a9bc1fea
G81,B10,4000,200,38,13860,-13860,-13860,1,0,2.244057,58733daaef19026e69df494d00f38814ebf815fcd56a72145566e429e13870f1
G81,B10,4000,200,39,13894,-13894,-13894,1,0,2.214110,2362ed4d5c0d67de5fb76af7c51e41ca755f49e5ef0974a2ea2299865bfcfc51
G81,B10,4000,200,40,13874,-13874,-13874,1,0,2.225088,e9afda75d7e9113eed2d53d3915466a99405297b0e2afdceb4525c1eee89c133
G81,B10,4000,200,41,13862,-13862,-13862,1,0,2.249704,38cf58d28c99c7b53de1a3e037be8fb1423943d15b456fb97d692b68a545b9dc
G81,B10,4000,200,42,13844,-13844,-13844,1,0,2.168358,8b07a8a02b32784ee6020c1af2149bfaf4d9add3c4f8dd22157469328e5375c6
G81,B10,4000,200,43,13856,-13856,-13856,1,0,2.199334,15ddd731525c771ed3d2f87bb8feae004d13b6e11d671f1d6d91846a4e1976e0
G81,B10,4000,200,44,13870,-13870,-13870,1,0,2.200041,f2c5b890138d39d55ffb8399507ae07a636301f46e95a5574f3c2455ef6f01d6
G81,B10,4000,200,45,13878,-13878,-13878,1,0,2.229922,adad936d3532185e394affb2b8b6f2a921a840e02fd3bc76ae18356ace8b503a
G81,B10,4000,200,46,13874,-13874,-13874,1,0,2.220491,75e53dd00ea372b7f7782fd70348b13e557db57f3cbc7afe48e35823da1b7289
G81,B10,4000,200,47,13872,-13872,-13872,1,0,2.161992,88c1a313514f877e8c47f20b87484b63f298926a36b77d44621f115512c263b3
G81,B10,4000,200,48,13870,-13870,-13870,1,0,2.191623,63b4b8094a538d038d18e2e8d70928ff369bc343c774e5d4e40774a2aa54e729
G81,B10,4000,200,49,13876,-13876,-13876,1,0,2.241520,29657bdbb16c6c13e4589a7bb0587398275146642b55c7ab4f4a6957454081e2
G81,B10,4000,200,50,13870,-13870,-13870,1,0,2.188425,ea9ae3c069d163d6c9214310cf3f338c37902d0f4e40856e5e372b830f99bd54
G81,B10,4000,200,51,13868,-13868,-13868,1,0,2.263206,395c22815d3711d175339eebadbe1a3e39ed63723e6f44b5ce00ba7979c4e4c3
G81,B10,4000,200,52,13884,-13884,-13884,1,0,2.235799,fed52b81ea1f5fb4bfbe5b951eaa12a1b2465a70798c63ba2ad9a888349112cd
G81,B10,4000,200,53,13862,-13862,-13862,1,0,2.235061,79f71685ed579f50f98375f5f6ef58470a48cf947029886d6c03ccf5db201937
G81,B10,4000,200,54,13892,-13892,-13892,1,0,2.218010,ba231a80ef7edd8c9a67703392e390b22bb6271dbb1b4f0c7936ead9f077087b
G81,B10,4000,200,55,13866,-13866,-13866,1,0,2.187955,f67263ed16a88907ab87b454a487b7bce65d68042d6e2ebe06a7b322dd4de3f3
G81,B10,4000,200,56,13872,-13872,-13872,1,0,2.313122,7226620686f3276cbe2c8ef34efecea61bdbf854dbac1ddbe9a49ba2084ae653
G81,B10,4000,200,57,13866,-13866,-13866,1,0,2.198738,607fd5917c4e6cabf4dae7c42739d1025e1c40141620c10489795da615e73754
G81,B10,4000,200,58,13874,-13874,-13874,1,0,2.388466,b715b2bd975d087bdc0d41df1502cc9ddbdddec490773b765440e94289f843b8
G81,B10,4000,200,59,13882,-13882,-13882,1,0,2.217603,c73ca90981d0287d2f03d069390ffeb86b3c721faf62611d469674bc0f1dafa4
G81,B10,4000,200,60,13888,-13888,-13888,1,0,2.217034,f93b65314c7db1f5e4d3042581d1a776be23d76edbdd422eb0d0bdeb456f8c99
G81,B10,4000,200,61,13868,-13868,-13868,1,0,2.254754,1b42478bfbd5178a696e3452dcf68fdbc433cb9ad4ee74a67424f44f7270b307
G81,B10,4000,200,62,13880,-13880,-13880,1,0,2.241050,d4933d9a9a9f2d2a2ef68457ab8d24dc07040406f5ffb3702b6c9965b670973e
G81,B10,4000,200,63,13900,-13900,-13900,1,0,2.210363,0e1bcc89b618e908a3a56630ab5ad1715588fdff819f1a05c4c209dff782a42d
G81,B10,4000,200,64,13884,-13884,-13884,1,0,2.266776,88634023a34c9480d87638e11d65c5d86a9800f408b2cd9632d12c3118f07eb4
G81,B100,40000,2000,1,13940,-13940,-13940,1,0,21.983551,939f7fddfd56d63d8336365e554bce7c36f8255e7a6282f4cef7a2ca414f4fe9
G81,B100,40000,2000,2,13948,-13948,-13948,1,0,22.375728,d14046626f6c9a6176a84bf7ca934bd01aac88d8d72caca32200bbc35d2a6eaf
G81,B100,40000,2000,3,13942,-13942,-13942,1,0,22.213204,022951b071700f2fcfb1092e5e334b91529deeb05e0c465cb48839051f4ad301
G81,B100,40000,2000,4,13932,-13932,-13932,1,0,21.960159,d55375ee79f3d1ead215a97030cc2e4402a67e0ea366255aee0659282966a0e0
G81,B100,40000,2000,5,13942,-13942,-13942,1,0,22.375015,ae11097f02eee6e339e30b5b8c137183077f2bf14c3436fb182012c7829a8a06
G81,B100,40000,2000,6,13948,-13948,-13948,1,0,21.940773,6c7b88a35615ccc8d1a63abaa32da853cf3278c2ae3678c6d559aaefd1c6cae4
G81,B100,40000,2000,7,13948,-13948,-13948,1,0,22.163765,d3f073c035682982338435a15d68c0240140c014e21b017f2f25b1ffb5590516
G81,B100,40000,2000,8,13954,-13954,-13954,1,0,22.149474,8fffe1f8defa2ef4c2cd0c0f1bca1a9d860949fabf593c24e119f7c683d0d1ea
G81,B100,40000,2000,9,13946,-13946,-13946,1,0,22.048336,dc2304a7821ed26bcc3c922048971abf7cdf7a1693f2f2672dca7bf82eac2fcb
G81,B100,40000,2000,10,13968,-13968,-13968,1,0,21.856154,8182a4a533014f57ab8ec7c1cceae1e6e2cf49b2b036b915354258a18925508b
G81,B100,40000,2000,11,13928,-13928,-13928,1,0,22.353953,f88e8d69f6fb4f963c9453249324f1a22ec30c669ef055aaa205f33eb9bf90cb
G81,B100,40000,2000,12,13942,-13942,-13942,1,0,22.296359,80adfec6b5054da2efcea6ee4d508037951c5eda8ad2cf1ca9bdb8318e711601
G81,B100,40000,2000,13,13944,-13944,-13944,1,0,22.517109,af9d06539db4729dc5176e911d22dfa605944269afdc4c824a9299ff6cb32bf2
G81,B100,40000,2000,14,13950,-13950,-13950,1,0,22.326052,c5126103ef24e43a5a0bd9eb0c61f2b0d587a5a0390a75d9ce9a9fdf7ae77cbd
G81,B100,40000,2000,15,13946,-13946,-13946,1,0,22.444371,e9597397e998ab1d7b85702a7738a08cc1a80c02b16b49b02759b82f07a98eb1
G81,B100,40000,2000,16,13946,-13946,-13946,1,0,22.466891,668e55015036e1f32689f2e0e5f4d176075b3a43ed558608eb51e0eec96cd9ff
K2000,B1,400,20,1,32025,-32025,-32025,1,0,0.048834,efaa61d2897d497b4fa8b98803a7386ffd2abe79ee118d8221ef9dc9583daf9a
K2000,B1,400,20,2,31549,-31549,-31549,1,0,0.049533,9119723babf0cb928cdfb48aba027a9a1e05223f1bc0ef3be562cee136baf464
K2000,B1,400,20,3,32219,-32219,-32219,1,0,0.068942,ddab0af09e8cebb4e13601842ae826a8e1f986bd0776b7c80b787c4048cbd2c2
K2000,B1,400,20,4,31564,-31564,-31564,1,0,0.061056,db59422f40da45131ab6ef390da25322a4d32e66ca02864da2dbced3531b5d7e
K2000,B1,400,20,5,31736,-31736,-31736,1,0,0.064463,1feba70b62d2b0741c83118be91522069ce20357e24ceff6bfbee49578b6bd43
K2000,B1,400,20,6,32143,-32143,-32143,1,0,0.037844,b7b4f9a99e5b7f30734618f58783b929f408793c42c583d5c58fb91ac4ad4c88
K2000,B1,400,20,7,31447,-31447,-31447,1,0,0.063379,fe3de30b8e33ac1d9c568218db929695cb0d3edc3881739bb85b43550b4bcd56
K2000,B1,400,20,8,31759,-31759,-31759,1,0,0.071401,6c9d5a46633b9479ef96f46b46bddda07647397b281112779166b9e29e73edc7
K2000,B1,400,20,9,31998,-31998,-31998,1,0,0.050842,241add2f5b88724ccd2e4178dfecfe5f3aa21a7dcbc2c4c5acbb7346d3c69c40
K2000,B1,400,20,10,31936,-31936,-31936,1,0,0.058549,5b4a009b8e64cd73f3ad1b4e76e309c8a8a973f02f854ac42b4953f5d6a4795b
K2000,B1,400,20,11,31701,-31701,-31701,1,0,0.067176,edd192a43fca56df3e2188f26a41ba01b32f4ec421333398398506bdf5cc500a
K2000,B1,400,20,12,31604,-31604,-31604,1,0,0.052682,ae8890f443c5bce04abd12bf38ae0f4c400778e97002dfa9f5ca2704c506774d
K2000,B1,400,20,13,31486,-31486,-31486,1,0,0.066182,9fbd2d7e8a5fce10268d484e4d5edf5de460f9c764a7c885e00811affeb5363a
K2000,B1,400,20,14,31766,-31766,-31766,1,0,0.064318,df853a4e439c1ac033695181f6ab3c95230593b75a8135e0a80eed964bbdd5fa
K2000,B1,400,20,15,31220,-31220,-31220,1,0,0.061396,aa48d2b488a72d0dada06e5055e6bbc072fcfd9c80c862f2c7c1367ad51f1a03
K2000,B1,400,20,16,31328,-31328,-31328,1,0,0.055101,379774843c32723f63db9b8a6a881192f26be7625ec273efc326c226521951be
K2000,B1,400,20,17,31507,-31507,-31507,1,0,0.037033,3240eff7f60250640cb875abe0d8e4fe99c4d7a2316c1dc9660496fc797751f2
K2000,B1,400,20,18,31825,-31825,-31825,1,0,0.044299,d3931f5b9bb42f0ceaa0eb10a0c93a21ebd33c43547a0e20641886e6dbfb3ff8
K2000,B1,400,20,19,31520,-31520,-31520,1,0,0.045694,35691aaabd4fe36a8d5d0f9108b2538873b098a26b6c747ea5480b198c7f669d
K2000,B1,400,20,20,31723,-31723,-31723,1,0,0.038376,e56fc5b68fa228f62abb0012b8fa8b3fad725080aeca0ffdf81c91cb2b726363
K2000,B1,400,20,21,31987,-31987,-31987,1,0,0.037458,b6e52dec3f2685ac4619894d5fdc7950c00f8a99388a65f3fb4609bf3889c088
K2000,B1,400,20,22,31592,-31592,-31592,1,0,0.065855,9fb88b8e6935bb7204c4e79f7f2e7742ce4bf5d8e72d54afc888ffecdf5d1cdb
K2000,B1,400,20,23,31459,-31459,-31459,1,0,0.035459,bb0c060bca68e58781f4881998f73e84b4192fc6b54920bc28349237bbbed1f4
K2000,B1,400,20,24,31448,-31448,-31448,1,0,0.049823,0aa59700723f622a090d4cdf202d08e30f2c371103c2815a55cb7a0c9b9e83fb
K2000,B1,400,20,25,31309,-31309,-31309,1,0,0.039508,41f4e74f1eec10d5b5b043d31252c63c2623c70abb0a5ba45e0ca700311a6cbe
K2000,B1,400,20,26,31584,-31584,-31584,1,0,0.036467,85b8046b626c6b336d971e84280cc9eb57158660fc77f6caf2951f081a96ef45
K2000,B1,400,20,27,31600,-31600,-31600,1,0,0.056463,cd44f473f895b19eebc012a62ff6dd7ae6de0b73d385f30fe9fe0a018e0be338
K2000,B1,400,20,28,31507,-31507,-31507,1,0,0.046240,4134f1aaba0c2cd4fcc74ea44a7c558c33dc514eb0fee478b5bb4a127a4976ce
K2000,B1,400,20,29,31620,-31620,-31620,1,0,0.064029,743d5f6bc4008bc84c2b2f86e047a2302fe7aa6660e1c20f8ba1a2612dd880f3
K2000,B1,400,20,30,31418,-31418,-31418,1,0,0.045703,d2ec501e09a51cedc99bc332c42426a42646ce77a486f918c76c2a0a266bea9d
K2000,B1,400,20,31,31429,-31429,-31429,1,0,0.049583,c4c99ba74998596ac27b8e9319d88a0ab592601d5fe14629cab566a5de0458b9
K2000,B1,400,20,32,31145,-31145,-31145,1,0,0.054666,914c4368813d4b97b6da5d676a8e9d39b5357982cbe31613530557c310cba263
K2000,B1,400,20,33,31547,-31547,-31547,1,0,0.036338,63bf5e5e9392384525aaa11dbfd3c5fea7e5c57b1db8eb20a9f52ed0580881e6
K2000,B1,400,20,34,31929,-31929,-31929,1,0,0.044009,1dc687bae1295fef20407b094ee22f914bc11134c245cc7526275c2674c70b3a
K2000,B1,400,20,35,31672,-31672,-31672,1,0,0.037980,3f55590b12e98b5ccfd437f3048a65a7ea187b503708d07c21d281d6fee1c30e
K2000,B1,400,20,36,31839,-31839,-31839,1,0,0.047971,8aecf2dd5e53e27876d8253cc7276a1e1356275fdad588413390136e493915d5
K2000,B1,400,20,37,31263,-31263,-31263,1,0,0.060552,c6f44ab0ea66da34ce31b8c1ad792d32769d34e297fddc1ad113037d25fd5523
K2000,B1,400,20,38,31346,-31346,-31346,1,0,0.047144,5378f02a0343461715c4db8b8afbdae60fe9af1f168e790abc0fb537ef3b9e10
K2000,B1,400,20,39,31725,-31725,-31725,1,0,0.037110,f7084b8ef9fdb8069dd7384cbbea77f95cb42dbcedbfca8a7c8f30c2a49f9183
K2000,B1,400,20,40,31507,-31507,-31507,1,0,0.040732,121a3f7d960361b61b04630c2546af87620cebba1d565d464fe7be837c35c5e5
K2000,B1,400,20,41,31407,-31407,-31407,1,0,0.047653,f938e154f69d10f852ff939834134a7e0a0f5f2fd01fec776e18dc0cc0fd69b6
K2000,B1,400,20,42,31478,-31478,-31478,1,0,0.052922,b9c8fe2f67af24b65a8ee525cbeb2adad7f631835e44ceb64f0e9dbc6bd20f10
K2000,B1,400,20,43,32113,-32113,-32113,1,0,0.050196,1106725ae375765bc1505beae0e0806b40e13b012425ab0d5e414930d7fe5bd3
K2000,B1,400,20,44,31400,-31400,-31400,1,0,0.048802,bec2e172c456efae0a51c1873ff19e646a8bb1572546213ffeecbe671f0446cb
K2000,B1,400,20,45,31698,-31698,-31698,1,0,0.046284,7b65851f8fa4cbe50d3e0762f36fa686286de227193073d54b5aba30fbbbe642
K2000,B1,400,20,46,31288,-31288,-31288,1,0,0.036687,3dba62d82c99c9c7f6f9af84f0144379d9ea321a5d02c777d85916b7d02b2320
K2000,B1,400,20,47,31417,-31417,-31417,1,0,0.054766,5f82cdff79ddd5e64d2b2093aeca359c933e7b69488d4caafe965806031ad915
K2000,B1,400,20,48,31553,-31553,-31553,1,0,0.047008,321a0d43094542b38af230b681d75b0e70482e3f8f682ba97ed6c0ce6e95bde6
K2000,B1,400,20,49,31278,-31278,-31278,1,0,0.043417,b7642375bc1559d9418f5cd51985e0967bd1e653badb020bf3e566c6c6498b5c
K2000,B1,400,20,50,31559,-31559,-31559,1,0,0.042083,163f01bc8b60c8281cfd7567e879ac78c533c96ba8e059c7fbe2e102785993d8
K2000,B1,400,20,51,31064,-31064,-31064,1,0,0.036572,27f88ef0269b6fefb5174868534b5753ee79da73603de55159f686c4ca3e0a82
K2000,B1,400,20,52,31374,-31374,-31374,1,0,0.045400,b06d8ced791eaf105c61ec11b8d7d3eb6f3b3ccb6d70ce3c102fb3f0b354b8d7
K2000,B1,400,20,53,31108,-31108,-31108,1,0,0.046503,23615bb7493f076995e0ec2af3dfd508d36967978a7752a440c3972f3f5fb86d
K2000,B1,400,20,54,31579,-31579,-31579,1,0,0.062791,24fc603ab8e45689388c5277d47d7bf77cf03b362f64a2fb427e5c194e85be0e
K2000,B1,400,20,55,31541,-31541,-31541,1,0,0.061429,366b9fd36e3c32bd6e911da3df65557a9cee4b4f5d477131c2a5e93e90b99c59
K2000,B1,400,20,56,31783,-31783,-31783,1,0,0.037503,7481727b995260b5fca861b77145ef04577ea27aed5b3c91ce9aed28d35063d6
K2000,B1,400,20,57,31379,-31379,-31379,1,0,0.035254,dd3f096cb17f1930604cf63b9c90daab50cac1ba1c3184dd8a1caf223a9e7cc6
K2000,B1,400,20,58,31171,-31171,-31171,1,0,0.045185,a5961fcc0fbc339a9d0d47dcdfbd8d258282127491f0785820798d8980bc9d6f
K2000,B1,400,20,59,31940,-31940,-31940,1,0,0.038466,60ea779eb3b224f906c2a03f452c36eea9f13aa9906b6530b406ebd23d89ebf9
K2000,B1,400,20,60,31207,-31207,-31207,1,0,0.037321,9269f07e1842d700b20a2d9dd30a0d543132b15e3293af15f266e2322547554c
K2000,B1,400,20,61,31338,-31338,-31338,1,0,0.053904,34ad1d62de2509486cd2b6b0a73ebb1b127c8e82bf9f2c1a02f6c4498a5f328f
K2000,B1,400,20,62,31574,-31574,-31574,1,0,0.054465,6e9baa45b666fc87e8372c88f0ef6cd35407428d5e926cfc9bb9159002d97080
K2000,B1,400,20,63,31351,-31351,-31351,1,0,0.036252,cdb0e1556425cc47cff4996e53504b927a147e2fb7d245b2920b1a0b5d9f80a3
K2000,B1,400,20,64,31325,-31325,-31325,1,0,0.043363,9e4317544262abe6fde1a9b639f63db9215be4a06b2902b722aab1db8391b38c
K2000,B10,4000,200,1,31852,-31852,-31852,1,0,0.295917,6b677597b286c79ebf16154316c46e27a721f3904b675e91097dfe79988a3a3b
K2000,B10,4000,200,2,32163,-32163,-32163,1,0,0.296676,af6e4ff6746dd236bdefec16966bc177e582792a8affc6f43381fba694d51b4a
K2000,B10,4000,200,3,32206,-32206,-32206,1,0,0.337556,3255392df00027ca24d4add2c206f0a83cf7622529b547d0f8a2cdf68a91a375
K2000,B10,4000,200,4,32034,-32034,-32034,1,0,0.308364,b3377684a4e37e74054a1a14ad147c88605155cb8906c9df04e173b86e237a45
K2000,B10,4000,200,5,32214,-32214,-32214,1,0,0.359542,e41ff0aef4221825b1a236321a56aa34a5c0fbff4a93664ac8cddf8d51da9245
K2000,B10,4000,200,6,32243,-32243,-32243,1,0,0.353577,35b2493e510f7b7b63ab5003ce453c5a8e85885a7d281cdc79865bf8874a6f20
K2000,B10,4000,200,7,32165,-32165,-32165,1,0,0.324957,fc5025824cf4d9ec9894e17165fb0779fc96aeaaeb53a7d7ab28cbb09173840d
K2000,B10,4000,200,8,32480,-32480,-32480,1,0,0.293694,da178e45fdbd5981f9002109751d834baf2a36a905a9af4863dcb239c359b6d5
K2000,B10,4000,200,9,32320,-32320,-32320,1,0,0.299642,a673e2ec5755fde395ab6e78291e7d2b01a39b321ce22769a513d17334175831
K2000,B10,4000,200,10,32211,-32211,-32211,1,0,0.320859,945d1352d1f9ea08e97c3b3c714181c7b6cf8d34621558f5796caffe6c95a73b
K2000,B10,4000,200,11,32057,-32057,-32057,1,0,0.320370,57f8f0150820551be31cc01f4e2acdd7f7b5fe3a7e7455f15f83eef79ab66a49
K2000,B10,4000,200,12,32361,-32361,-32361,1,0,0.306260,0fb8f9f0042bd2fdf6d7a37801bb200aa90388ef88c980ce785e1ee1b1446f50
K2000,B10,4000,200,13,31950,-31950,-31950,1,0,0.360035,81b5229794d0b7d3807484a5ce9c8446ea10e4898c315b145920657771edfa0f
K2000,B10,4000,200,14,32516,-32516,-32516,1,0,0.302846,5b6f52ac2caef9df9850eedb1a5fde0638839410c31f610caab14a2787c99328
K2000,B10,4000,200,15,32180,-32180,-32180,1,0,0.273360,48e97dfe57d7d2eb63b012d650ef5164664115480281117075839f18b30236d2
K2000,B10,4000,200,16,32212,-32212,-32212,1,0,0.345201,c1e048fd7c01b8930e45f2bdf45f716f48fbdf79a2edc588fa3601880a8f7bb4
K2000,B10,4000,200,17,32047,-32047,-32047,1,0,0.355714,573d35491a73b4b697f0e1ebcb9d16164f83a9e6ac7274b01f79060fb06861f9
K2000,B10,4000,200,18,32264,-32264,-32264,1,0,0.336756,c779f3650ae8747c97d51468b20a0c4c258da33ddc906c833c57ed797ee19738
K2000,B10,4000,200,19,31556,-31556,-31556,1,0,0.288935,d12f6982934f9e3fd873ad970137b17371d66711063a04701f80e1fd90706f04
K2000,B10,4000,200,20,32184,-32184,-32184,1,0,0.340783,ec2469b0edcc577448a9b68d6c8464edefc942919ba4c0d66c19ee8231869a62
K2000,B10,4000,200,21,32382,-32382,-32382,1,0,0.315916,d9cf68b442dc828f892327960e85b2f939bc599f9d49e2d0b4791f598dd3d009
K2000,B10,4000,200,22,31796,-31796,-31796,1,0,0.316515,f8c67d693a717df814ee6d369cc31f6f2c7a1dbd60bc3eae195d73543e2996b0
K2000,B10,4000,200,23,32311,-32311,-32311,1,0,0.320004,76b9f400dd7bebe4eee76a013874fcaeec3f0b658f1558ddee8d588ddff7e454
K2000,B10,4000,200,24,32575,-32575,-32575,1,0,0.298116,58a1536aa2f280feb02d99197e2a96d2f6b9285283425ce7b0fdcbec19316b0e
K2000,B10,4000,200,25,32170,-32170,-32170,1,0,0.321741,46ce8f821c4e287881f29a2f3c29ad82ab257a44bb051ca1009739a29c334585
K2000,B10,4000,200,26,32499,-32499,-32499,1,0,0.318824,14a3adb1dd323449a58a8c546dcb75130f035431cdb18ec2fef41bcb5baebfe8
K2000,B10,4000,200,27,31877,-31877,-31877,1,0,0.315118,02380a8569ca01b74dd14545c24c75775ab4d7878a4da703503f360e1f34f854
K2000,B10,4000,200,28,32135,-32135,-32135,1,0,0.351985,60e8ed46791c4153309ccfc3d24e4b28c277675a8a8518279b1c5e6809683ecb
K2000,B10,4000,200,29,32378,-32378,-32378,1,0,0.343917,6cc87de492a7a96f1a62f9b233228508afd64ccbb882131efe54ee3fbbc983ce
K2000,B10,4000,200,30,32134,-32134,-32134,1,0,0.338707,5b2c632b0bc87f412c085d164d4c1f79a00d5ea7359e77b767741ff9f36f8af9
K2000,B10,4000,200,31,32390,-32390,-32390,1,0,0.291525,993a2f8ab4bc153f30c10327436e670977c67d9df42e0328ee618ded7ee08ee2
K2000,B10,4000,200,32,31868,-31868,-31868,1,0,0.302788,20c146d7d33fa785b91e4462d03d0b1579dd6a4d942a369f1e069509b7324f0b
K2000,B10,4000,200,33,32216,-32216,-32216,1,0,0.279450,1b37f4a8602fd4d239bb97607531bf571f2ad9f2bcfac23f433ffa175fb526f7
K2000,B10,4000,200,34,32285,-32285,-32285,1,0,0.295965,b96b917aba8fb62f339774dac555c28cc72e29691aaa6ff0dea307e758a16df7
K2000,B10,4000,200,35,32523,-32523,-32523,1,0,0.361139,e8dbed90969c1e69e862112cd94516080c5cbf35052f77f3aed37e38b844d299
K2000,B10,4000,200,36,32210,-32210,-32210,1,0,0.287482,e423367fa428bebd93bdd0bcc47b7b68b0c65d4c3315b2b963c28d264ddf12ae
K2000,B10,4000,200,37,32366,-32366,-32366,1,0,0.286461,21d9f9099bdae4d70a3d09f96440d5594ff1e2d059e9a9fede0d60834dc81485
K2000,B10,4000,200,38,32240,-32240,-32240,1,0,0.333271,caa880a537f63c60c7076e54622040303a0dcbb02559817688ae38f0496c678e
K2000,B10,4000,200,39,32130,-32130,-32130,1,0,0.357903,1b09ba6ca029d4c6da9391e0d27feb0a5a72cd40a71a691c07037f8807ff18a7
K2000,B10,4000,200,40,32114,-32114,-32114,1,0,0.255464,ca113e4f7a478da3549d0e5b91a4f02a66bd77776a1260e7bc41140533a6f133
K2000,B10,4000,200,41,32630,-32630,-32630,1,0,0.307863,4368e64ff955da47ad99c440f986cae51eee0937d6a55a54c9fa2b06780549c9
K2000,B10,4000,200,42,32021,-32021,-32021,1,0,0.341753,ed6ab2d9f614f4422249b69743c1df6b875db33f608ae3a4c33aa2a51eaa76c4
K2000,B10,4000,200,43,32430,-32430,-32430,1,0,0.291689,222b59c365758a29162c410e074f2ddfdb71930822f20c35c10459c0907a32fc
K2000,B10,4000,200,44,32563,-32563,-32563,1,0,0.332000,fbf09bb7d979c4c35834b5fe632ba7c3b57884df7d74b21d9419f4cc7c99caf4
K2000,B10,4000,200,45,32431,-32431,-32431,1,0,0.310725,da9170a8161aeaaff2727f4a3ff0231d4fbc8008e632c7c70d28a782d16fffbd
K2000,B10,4000,200,46,32473,-32473,-32473,1,0,0.301122,e87b9e1c795ea7bf6e07e0a07df10f2ef7a2e47e43a2901e046369cf7a09a106
K2000,B10,4000,200,47,32043,-32043,-32043,1,0,0.350326,d8387947f0168a6d6ff647297d4670c7f55128cf16da85280bed9fd287fc592d
K2000,B10,4000,200,48,32624,-32624,-32624,1,0,0.286380,43db5caedd662bb51a8aa4684d0dd07bd1055483b67f09577c9778cf3ec81a97
K2000,B10,4000,200,49,32444,-32444,-32444,1,0,0.350334,42271a4c2aa70c0e606374468a472dc6c74e5b741022d8c4b2a219a5bb2baf42
K2000,B10,4000,200,50,32220,-32220,-32220,1,0,0.315457,9c8bf1be8a2bb2114764eacf8a3ff16635ad5b0c87ee34defc428086426728c2
K2000,B10,4000,200,51,31942,-31942,-31942,1,0,0.312351,894a656bd050ce0e55aa28e14a74fc146e39845acc4e5e1f876b1de91531c91c
K2000,B10,4000,200,52,32021,-32021,-32021,1,0,0.311192,c3f9d311a3f5faa22f58bd049b7c00d0b4705234ac73062a710b7533aabdfb21
K2000,B10,4000,200,53,31977,-31977,-31977,1,0,0.305428,fabd894bba03568efc2cd7794957ab45bcd00c735756fba890563ce3e3328e0d
K2000,B10,4000,200,54,32203,-32203,-32203,1,0,0.308180,ccb93b228b7f4da13dd3cb4bc33990983e828e5b01c66f57efc95ea6b3a53bf2
K2000,B10,4000,200,55,31886,-31886,-31886,1,0,0.312906,93a96747e33181bf16227e601273a6ea033deb4605c7ecb20bbf10d1c22202e8
K2000,B10,4000,200,56,32194,-32194,-32194,1,0,0.323971,fe295e41ae69db3a61beed73b455f54a37a352cbc1127c950d194ccd80d018b2
K2000,B10,4000,200,57,32208,-32208,-32208,1,0,0.300164,90436e181dc0f6a0e704f6babe63365bcc70ed876f49a367f9b1b1495d93831c
K2000,B10,4000,200,58,32106,-32106,-32106,1,0,0.326967,e1714978a1370e9311da01fd627ca9c26b56ab11955caeedcbf34c746ff4ac16
K2000,B10,4000,200,59,32337,-32337,-32337,1,0,0.299838,ce40773ba25f6de60d34849e3f685f17887ac9075be06147b0fe77d04b4e1b29
K2000,B10,4000,200,60,32302,-32302,-32302,1,0,0.270632,3a72b39d17aa2f50941928bcabcc71436f0991f62dc47e6af12d1d56590b089a
K2000,B10,4000,200,61,32287,-32287,-32287,1,0,0.313672,16ea5d76183bbabb36872f861990bba80897f65fb938ab9eaeaf70a2f1d82cdc
K2000,B10,4000,200,62,31942,-31942,-31942,1,0,0.269536,fc33d452d31c355fcdda1c8fce3375ac5865a668c3944e426ee43d3fc00ffd44
K2000,B10,4000,200,63,32181,-32181,-32181,1,0,0.289025,36566243acd8fb80ad19dcd3126cfd1c32fd979c4c9ddd8c829815df1c00b238
K2000,B10,4000,200,64,31829,-31829,-31829,1,0,0.304103,beb237fde8f0fe1d32326a4dbcca24dc2a39ce083dd325cbc748fe34d975e201
K2000,B100,40000,2000,1,32539,-32539,-32539,1,0,2.834866,b080007abcd245190972605d577efe22b028a654ed4d799f484df4c4e6d6b52e
K2000,B100,40000,2000,2,32442,-32442,-32442,1,0,2.985464,685f8e8af693b1ea16a8ead6a2513dfea77e1793ebb3afa3dcb3babfeeb6b8a7
K2000,B100,40000,2000,3,32723,-32723,-32723,1,0,3.138901,37b484886ede8e12729cd247436a7f4f12925fc627a6fb69a15adc2d564054dc
K2000,B100,40000,2000,4,32906,-32906,-32906,1,0,3.058002,50860acd8758d4f2cbaba346f76bebe09617df7f0de0c4fa58524a2a0ebd1800
K2000,B100,40000,2000,5,32617,-32617,-32617,1,0,2.945917,10d404ffde7f38746abcea5e83838c3744abebba8f3c71f638b0a5d6ee2d3ae9
K2000,B100,40000,2000,6,32638,-32638,-32638,1,0,2.927958,cbaea98ee3b44c0484c7d237eecd5279ef68edad700f0f3b19de3698b0beeac5
K2000,B100,40000,2000,7,32732,-32732,-32732,1,0,3.002496,eff1b637898e32aa1afc3ebf14cec9a56001ee15a742b288080640d283d07c34
K2000,B100,40000,2000,8,32613,-32613,-32613,1,0,3.007254,b4447ff81a61cb6fb08cf3008a2c8c12530f9fd9759236c317162fae5da02164
K2000,B100,40000,2000,9,32627,-32627,-32627,1,0,2.941041,28837abb474f7a303229ebf4b88ac01db59655bdcf818ac20fa4a36086d3c040
K2000,B100,40000,2000,10,32426,-32426,-32426,1,0,2.995656,ceabaaba5d3076201de42ec47d73c2fa853a0c857b55f918cd6a3dbe3132f903
K2000,B100,40000,2000,11,32615,-32615,-32615,1,0,2.944178,2ba3938cce4c361e4a0b90dbec6230163a28a4aafa96881851e80a80fe38c6e4
K2000,B100,40000,2000,12,32210,-32210,-32210,1,0,3.025469,f78aeabb410001d57657d19391d7ee2152217f071d0c5a3f18e8f84b52242cb8
K2000,B100,40000,2000,13,32738,-32738,-32738,1,0,2.944270,493b5fe18974d06399d47c81d8831b49a82a787518b9155a272fd3dbb1431c3a
K2000,B100,40000,2000,14,32880,-32880,-32880,1,0,2.997045,0d59316c22f48fc85082e62197851733805ab1da170bc6292303d0375b14fa56
K2000,B100,40000,2000,15,32634,-32634,-32634,1,0,2.967315,99e7703f7c8d307f20190463115eda4e18ded4386cfe9679b893e46575ae0b53
K2000,B100,40000,2000,16,32400,-32400,-32400,1,0,2.970833,d7cde94cd474bd15415495607457b6d81736a7184a2a468528b6a34c185810b8
